row_index,oof_pred
0,17.12662726680789
1,7.745702404183918
2,5.021705156676368
3,0.11859519583841309
4,5.398465031127623
5,2.1280126988502293
6,2.5720178537809035
7,1.6678427621916714
8,20.2870501240055
9,8.845033757883648
10,5.9338942692626375
11,0.12579967018401755
12,6.633525480178832
13,2.480101668230699
14,3.0502234097882264
15,1.9679327362267762
16,18.274867444246436
17,8.410294774792225
18,5.345914108710128
19,0.11388073739004656
20,5.849222602502515
21,2.158342495134622
22,2.7384883251804717
23,1.7852817502183098
24,17.23381562332238
25,7.537341943182346
26,5.07440590765977
27,0.10312503782065019
28,5.138507906186032
29,2.0016748796846024
30,2.447604653398862
31,1.6321802268334913
32,14.9614270780524
33,6.582377765900965
34,4.416173353396587
35,0.09367490303415979
36,4.784715492785657
37,1.8031735641453104
38,2.230724236147166
39,1.44624475838808
40,17.128959332050982
41,7.473711266345446
42,5.021677695647804
43,0.09225421965232176
44,5.365646662926255
45,1.930170230500039
46,2.5048129304633524
47,1.5382387141236944
48,16.773536534206457
49,7.803497592647005
50,4.922788744620863
51,0.10991889538357175
52,5.442586877229841
53,2.0151889496789663
54,2.4964090632391005
55,1.644831873075667
56,24.143013449775726
57,10.897095402426881
58,7.032819647278834
59,0.15655943815691103
60,7.603971746207456
61,2.7844727867806194
62,3.384711557134213
63,2.3144058382502677
64,28.54287494573072
65,12.4682870675383
66,7.569999169990757
67,0.19311725165247098
68,8.518236871905255
69,3.251659717805024
70,4.128774229070115
71,2.6712378696675483
72,14.622081234418697
73,6.833259970112869
74,4.206222288847396
75,0.09366553810142765
76,4.6507967401317405
77,1.7637942942815752
78,2.059756473538765
79,1.3873775566476143
80,20.29499816392999
81,9.276038832835322
82,5.923974938652921
83,0.12670669437280105
84,6.454764259200357
85,2.431696728616936
86,2.9400017163597396
87,1.9637091355270193
88,12.87214344776985
89,5.556853099217234
90,3.555994066835006
91,0.09825288217149497
92,3.5335383422549826
93,1.411363055295106
94,1.6643607912075786
95,1.1470530669025745
96,14.469670963887024
97,6.570970171537825
98,4.422703496540343
99,0.10486713033711811
100,4.958180514790647
101,1.8161226656966818
102,2.235730875628747
103,1.5133046139309092
104,16.714902092547533
105,7.722957917225188
106,4.911098194045675
107,0.11954146283207519
108,5.027192028284501
109,1.9910835823103108
110,2.4692595677024785
111,1.6609753594379832
112,19.256944226978334
113,8.382985904581718
114,5.3758658255957785
115,0.10939468177453536
116,5.901396900672447
117,2.153684275732839
118,2.719762259126275
119,1.8132569492294832
120,25.455059216323537
121,11.770715180899746
122,7.337138242392609
123,0.1600596809887242
124,7.897886844685294
125,3.062557484708165
126,3.940757814126881
127,2.5013807322392125
128,14.77139239034909
129,6.689647445097887
130,4.3751148915317986
131,0.09740903995451201
132,4.732419197312656
133,1.8430479012345795
134,2.223192578542867
135,1.5435399853514087
136,38.99526789823537
137,17.430683202131586
138,10.62871990495079
139,0.23898372220973974
140,11.920718487883146
141,4.611107254043153
142,6.016673252694564
143,3.6123626437218577
144,19.252981684297882
145,8.48243645275611
146,5.327386515131646
147,0.11527541562810643
148,5.791678475767219
149,2.1578027374051074
150,2.7085418798118868
151,1.7853995728375247
152,24.03987637115444
153,10.871656788872368
154,6.677887801907987
155,0.13797259074087623
156,7.33131070964026
157,2.7905503627444492
158,3.5816861562564477
159,2.2354820872699723
160,37.02036108878791
161,16.61685719790053
162,10.138616777632263
163,0.22870260350614688
164,11.006552483852921
165,4.361359732913091
166,5.142393586764144
167,3.4206863983663274
168,31.530121324653344
169,13.609156650936667
170,8.966270640806432
171,0.18527204283556306
172,9.318228544106942
173,3.560269896504353
174,4.462105419524681
175,2.8373562424822594
176,20.34961875552735
177,8.963931101171177
178,5.674392375769732
179,0.13067232435634352
180,6.266237929147017
181,2.285025134147598
182,2.945653474411688
183,1.914798142022306
184,14.5832244321062
185,6.304604795192845
186,4.087691639789744
187,0.10403138077454963
188,4.6104268013747145
189,1.7708148648641178
190,2.1863688615926895
191,1.3700357284957456
192,26.9212257108135
193,11.456983058412924
194,7.045933966204061
195,0.17453653036313432
196,7.967296102833616
197,3.0926309419272604
198,3.887354283992695
199,2.425853248761721
200,20.934484293446587
201,9.143193710939766
202,6.112112748865378
203,0.12247251223034421
204,6.313628884274387
205,2.470916970147286
206,2.903765848845931
207,2.0084134419051036
208,14.786119854081363
209,6.693373507408597
210,4.409270845297618
211,0.09361162418505804
212,4.797613058435345
213,1.8311455479880934
214,2.2250125601137696
215,1.4444174421794564
216,20.491957782862368
217,9.384364945804153
218,5.917444885997724
219,0.12763081316588168
220,6.097407671977143
221,2.285893027008978
222,2.968428834203742
223,1.9786841987955126
224,13.855871728452186
225,5.835733089765258
226,3.9003354829264127
227,0.08526320768492941
228,4.257438520985682
229,1.6675348968946109
230,1.834665054188693
231,1.2636035661069527
232,14.522480285227486
233,6.2860548272720544
234,4.128313970860799
235,0.10807977482039179
236,4.621524710567207
237,1.6401914769138102
238,2.1286296962793787
239,1.3586661138192135
240,29.184039598966784
241,12.645156198014142
242,8.278989272825992
243,0.17783100370449456
244,9.100586390651571
245,3.290868772370258
246,4.28017233302284
247,2.6902536682874363
248,14.883117271644135
249,6.82539816117672
250,4.439005215977155
251,0.09061296606446315
252,4.747211304816229
253,1.7893515726590508
254,2.2809007345337062
255,1.4508340147276872
256,33.35668189191855
257,13.981168836243386
258,9.004344432653927
259,0.18588736856211824
260,9.773368982775459
261,3.494051562225285
262,4.653247529340645
263,3.058982407688627
264,22.223578046489646
265,10.064768613081013
266,6.390506043426594
267,0.13508506165009226
268,6.859877067427661
269,2.6732025348630755
270,3.311215452371843
271,2.0832194135313733
272,16.31848998838122
273,7.379212184278041
274,4.7164562991264445
275,0.09736588725152755
276,5.069360171637486
277,1.9343477473512227
278,2.3044288015053036
279,1.5547075737334173
280,44.21169584858978
281,19.60679574494966
282,11.870052868475451
283,0.25833421152201813
284,13.038604175336323
285,5.03235429786253
286,6.068042434371789
287,4.035852256862157
288,18.502201687706247
289,8.56569919326764
290,5.414923480317311
291,0.11348143863731526
292,5.91350327664083
293,2.2341902397123206
294,2.693645706320399
295,1.7656557160145774
296,23.851508837355635
297,10.535538017955204
298,6.703700921398078
299,0.1525302365114729
300,7.329010167063978
301,2.7808164575576657
302,3.320462362127247
303,2.2438098002688824
304,27.848958836631375
305,12.206268402895018
306,7.694897835491441
307,0.1805241145680481
308,8.18046613268643
309,3.1896594169785315
310,4.123612352792073
311,2.5884202059658414
312,21.103677184611186
313,9.194143706074248
314,5.780500141986237
315,0.12236106874859333
316,6.389020471013342
317,2.3950023299527787
318,2.8984400889466926
319,2.0286026818610385
320,22.21796462659488
321,9.986765697232421
322,6.352771041231444
323,0.1286913560413769
324,6.990460831319216
325,2.526879606928169
326,3.3014605648085773
327,2.1417214461321756
328,14.336091733632202
329,6.428119113631226
330,4.18928850108916
331,0.1005983603312578
332,4.705752271117071
333,1.646072032569699
334,2.157703109885569
335,1.3742299717113184
336,34.53022362094667
337,15.529528815699557
338,9.736232434045018
339,0.20482341191997225
340,10.008772236094845
341,3.982957792466586
342,4.994423164363522
343,3.174201373165002
344,13.524354010533704
345,5.9984362630144465
346,3.864480289203533
347,0.08862089302137045
348,4.163281581350164
349,1.5885581993878293
350,1.966062063514683
351,1.329598845529319
352,14.875464490485175
353,6.5456759519835455
354,4.420633811591359
355,0.09797189587891111
356,4.583210985084742
357,1.7860229756414971
358,2.244059910874323
359,1.4631999626152958
360,22.468462317688708
361,9.861127765754526
362,6.084318622861574
363,0.1267146074842812
364,6.9090191449358676
365,2.620343377606043
366,3.3021313899313824
367,2.195569433618012
368,25.936239291292235
369,11.614008766589926
370,6.989841621225965
371,0.14246244671799768
372,7.803046067802117
373,3.023380497476886
374,3.7316412286037033
375,2.6118688393442135
376,17.05473753872674
377,7.884462796668837
378,4.79665900812258
379,0.10015058866392054
380,5.362317602772569
381,2.0241063173096725
382,2.527916823610421
383,1.6927079119402078
384,18.437864971349768
385,8.366031487053066
386,5.403092584827852
387,0.11076920028637074
388,5.597971371206303
389,2.1617071366576956
390,2.6526756921645678
391,1.8002793538181594
392,52.16273155471026
393,25.1201423129877
394,15.239412023963515
395,0.38705784847392377
396,16.598295580602638
397,6.335868767225477
398,7.8191391088502336
399,5.169119249272307
400,15.138183278220772
401,6.632268816012705
402,4.479834909025343
403,0.09310544237341442
404,4.787240395729186
405,1.8064677347527602
406,2.347597693782427
407,1.4137571619204685
408,19.89315527323093
409,9.281055301176487
410,4.3656581618657375
411,0.31506997862518255
412,4.6696827890056625
413,1.9178345104190826
414,2.1773397308554365
415,1.59572543569965
416,23.839205610926342
417,10.495921126998354
418,5.404636830313148
419,0.348953509629468
420,6.05622630596604
421,2.290316974895028
422,2.4814999257883876
423,1.8612674131560016
424,21.4986966252109
425,10.224118921102933
426,4.893272663866863
427,0.30548050999269016
428,5.360569727208555
429,2.068803067898434
430,2.433731046394452
431,1.6779244840483025
432,20.080429841979598
433,8.906434413566764
434,4.565660404431999
435,0.27876668167525864
436,4.750475093701
437,1.843949600646527
438,2.147786047230258
439,1.5427376160457875
440,17.356002727309104
441,7.870938200269799
442,3.9968420322963096
443,0.24949638547445344
444,4.385316679731369
445,1.6879879616880085
446,1.989078483779523
447,1.3904514738111282
448,20.58808113725251
449,9.088922795600086
450,4.550784376072831
451,0.27017704395262115
452,4.803073351595598
453,1.7510394034580232
454,2.1935648260304133
455,1.5056884174932055
456,19.611632661826356
457,9.41537807049116
458,4.41498994360069
459,0.2906541599251665
460,4.951671089210473
461,1.9005686160807556
462,2.146018196948185
463,1.6085017532781951
464,28.22687617850156
465,12.896533139893467
466,6.121524179327341
467,0.4104990181002112
468,6.837613278835939
469,2.605201920916012
470,2.8930676397132884
471,2.1853509294118045
472,32.29608455796616
473,14.608735729972366
474,7.003610468852082
475,0.49180742989457477
476,7.956417848512161
477,2.9927241463600986
478,3.5794337527794227
479,2.5392476622392817
480,16.700605539124577
481,7.943062084591066
482,3.70514040194901
483,0.2299091952754576
484,4.247653771698521
485,1.6293906267035003
486,1.8406018947455585
487,1.325652110840497
488,24.05987238822537
489,10.693246467223759
490,5.159008357219547
491,0.3494644173300249
492,5.761372849166937
493,2.2252112898488003
494,2.493182075830069
495,1.892980045607473
496,14.463544024504706
497,6.405661128132588
498,3.156725371736661
499,0.2373252051374555
500,3.246778556322532
501,1.2626614443135082
502,1.441223141591844
503,1.0946760842787995
504,17.55612323224972
505,7.924809105489547
506,3.989620229047686
507,0.2734969430703422
508,4.1925782216590575
509,1.6637698291099008
510,1.9308600005437289
511,1.3967256000323636
512,19.60473714637224
513,9.01411914030458
514,4.381631042572346
515,0.28446391028988816
516,4.596649204981644
517,1.8941417108758927
518,2.1368525786461765
519,1.5876400831656297
520,22.218053898095544
521,9.967477266303272
522,4.9897458152721486
523,0.3127485095353901
524,5.353179925801609
525,2.0445639677755283
526,2.3426520594692533
527,1.7916220402484955
528,29.354705951489844
529,13.673992271936935
530,6.398006781905806
531,0.4632302054081024
532,7.311480889562521
533,2.906042998545651
534,3.251182480581143
535,2.3774995459894512
536,17.320316489500577
537,8.083645195261392
538,3.9993679188584097
539,0.26613978997995485
540,4.304155165028834
541,1.688065598243295
542,1.8975081522221735
543,1.4675637363467875
544,46.023172799890865
545,20.939826326690742
546,10.067348794077004
547,0.6794704400402062
548,11.178884755522025
549,4.4343584263011175
550,5.166940453303569
551,3.6321753180976493
552,21.976489832797494
553,9.949845753928708
554,4.753952887319178
555,0.285022673949422
556,5.331271633530567
557,1.986764212376722
558,2.2548920366068095
559,1.6641605200911997
560,27.184990646558088
561,13.327158550954454
562,6.195943686587196
563,0.40146623216003763
564,6.782437869682037
565,2.581063386884105
566,2.987268042309592
567,2.195440017172287
568,42.54096242883098
569,19.040282112190337
570,9.21194634888704
571,0.6706871670292966
572,9.939756552804099
573,4.053686563256009
574,4.479465856257867
575,3.3452905004031273
576,38.12210683663829
577,16.034481268904567
578,8.237468992297437
579,0.5438924505765406
580,8.881525730660645
581,3.3366564713707327
582,3.8296321352373788
583,2.743632582748278
584,23.852687286049132
585,10.459242795740296
586,5.4994017054259325
587,0.35549700215961527
588,5.635849874126358
589,2.1402444068760715
590,2.530290101391975
591,1.8359712751660253
592,17.131619666970124
593,7.735189045287396
594,3.6803346148809504
595,0.2740862377088244
596,4.0205944184330935
597,1.6592539615725173
598,1.848573973981904
599,1.2919328320151757
600,31.011537589922
601,13.811483761227715
602,6.579362778610189
603,0.44878140868414274
604,7.547002837933821
605,2.799885724128779
606,3.438870717723795
607,2.3282300656725927
608,24.74793357138465
609,11.188205148528029
610,5.456312652535342
611,0.3516024974165107
612,5.808861424416268
613,2.285736739009153
614,2.57033984321118
615,1.8990195035203532
616,17.916317316975903
617,7.963847646766622
618,3.9469493376792117
619,0.26644896431473847
620,4.21578356684219
621,1.717980202822013
622,1.8908825951031403
623,1.3095142460227012
624,24.062493407621474
625,10.926808961498804
626,5.309082226811539
627,0.3448849374512699
628,5.558613760170516
629,2.1584995946963046
630,2.4939839905980934
631,1.8814619580245306
632,16.41109730330924
633,7.3598858971782715
634,3.4733900322908418
635,0.25560580437084235
636,3.9940279380684798
637,1.4868684507479693
638,1.718875544229851
639,1.2474232339924478
640,16.959422619363604
641,7.661458305374201
642,3.6907405844242662
643,0.267067387236824
644,4.16158623863718
645,1.518511255660015
646,1.8006428865643282
647,1.2611062566912747
648,34.99738801515147
649,15.248967576747413
650,7.6229919893142375
651,0.525198447661594
652,8.439430126030853
653,3.192854874000394
654,3.70194348256522
655,2.6736979686736824
656,18.043846084520894
657,8.21942574373919
658,4.19217235727517
659,0.26514782992816405
660,4.3737561937781235
661,1.6638663734293053
662,1.9808535497747866
663,1.4088987909266066
664,38.37429793718789
665,16.38194574406425
666,8.389592969299649
667,0.5634052637286764
668,8.902361593353348
669,3.3958661929139784
670,4.053414141489281
671,2.9028875402237277
672,26.242727820842827
673,11.708757259012481
674,5.84094723078284
675,0.3827409554050398
676,6.39447781414806
677,2.4797013723046635
678,2.8053678468760475
679,2.0427967390858295
680,19.237027102684287
681,8.444944832050558
682,4.293848258106106
683,0.27217794574711207
684,4.60443890146954
685,1.8591928880672621
686,2.017753129066315
687,1.4459889992994763
688,49.738937162043506
689,22.54057862245397
690,11.026330475226102
691,0.7127091888854461
692,11.800843871849178
693,4.6899926680594275
694,5.548762765973055
695,3.8193143066578887
696,21.43726746352818
697,10.411846604111496
698,5.034355341314056
699,0.3235529532485235
700,5.490816553468668
701,2.095273561326197
702,2.3842512255117447
703,1.6787916225939001
704,27.90448400474558
705,11.966940009598314
706,6.005526689185166
707,0.39677812052864253
708,6.724245514956407
709,2.6142067905388684
710,2.927086100072501
711,2.1123264915267237
712,32.722192091749584
713,14.050218497758719
714,7.295118141825668
715,0.4944852752770486
716,7.97238546218707
717,2.9834876548515648
718,3.5620265931419337
719,2.448288568244146
720,24.39097899712974
721,10.687824190230767
722,5.466736214034636
723,0.3501774715967438
724,5.807299586804822
725,2.260535444337256
726,2.553414065855566
727,1.8941587554669181
728,26.27109227995493
729,11.75860780375204
730,5.74194604110411
731,0.378902223421926
732,6.3782873245827005
733,2.3365445064601826
734,2.8043703860066045
735,2.1558813913350465
736,16.888369690646925
737,7.713531978339051
738,3.8142641854009667
739,0.2756212262991235
740,4.061635468371152
741,1.510124650895619
742,1.8377083980712132
743,1.2754478322333076
744,39.35044871995997
745,18.268234736299604
746,8.881673596104367
747,0.6346446387759397
748,9.296822602648673
749,3.6663232704906665
750,4.1446928221117645
751,3.232244323343802
752,16.397283702313192
753,7.510492484601376
754,3.515129156293758
755,0.2718237831811131
756,3.785462590672963
757,1.419636683207618
758,1.6852356051151045
759,1.2736879507801544
760,17.696635203967084
761,7.921598325348183
762,4.13845935755304
763,0.29198867692263425
764,4.206872325290723
765,1.7103935402114738
766,1.9740277965304633
767,1.36219882460724
768,26.70863867741915
769,11.920825045463864
770,5.568295446388562
771,0.3639286358116057
772,6.327026731943871
773,2.40107563916675
774,2.7652677061746544
775,2.037963166068346
776,29.64287255198967
777,13.814130498950533
778,6.410087275621156
779,0.4203366399873941
780,7.042857744664088
781,2.877032136437208
782,3.1967198672238473
783,2.4183542612733437
784,20.435013673066408
785,9.079707275497784
786,4.317828476579781
787,0.2513253729100193
788,4.9090091476442055
789,1.8069654345656414
790,2.1719341251635167
791,1.552887684446426
792,22.10796083855998
793,10.091896706161432
794,4.874543913575633
795,0.312003756191529
796,5.294726668932221
797,1.9951946639929585
798,2.2364825681083285
799,1.679957162700088
800,62.4487149761922
801,29.520767373571303
802,14.218240133641583
803,0.9463249356469975
804,14.908380458075028
805,6.0236216847519435
806,6.7874317722204385
807,5.273265119393775
808,17.48435407161364
809,7.971213623833963
810,4.042062450595326
811,0.2834689547407383
812,4.155969968289569
813,1.6908049295083658
814,1.9681923718253211
815,1.428125548799995
816,16.798849505512422
817,7.554187234558458
818,4.914796557197624
819,0.09442336878038535
820,5.422206038022007
821,1.9943644600557184
822,2.456374872949665
823,1.608611443161791
824,19.810979905774513
825,8.992802842207093
826,5.707324819397275
827,0.10504850802693862
828,6.567555970255147
829,2.4325297234898913
830,2.9095013117802497
831,1.8580028150712526
832,18.59993985556863
833,8.24925107015787
834,5.187259176071064
835,0.08473609547106767
836,5.731045149259639
837,2.2033055812622835
838,2.680408730861812
839,1.712060997990828
840,16.701348885041025
841,7.323494024029214
842,4.944620782311134
843,0.09209144887272157
844,5.12875911345449
845,1.8764465001826702
846,2.44766470809706
847,1.4768925423331107
848,14.420163458374187
849,6.511465116553617
850,4.578279793682951
851,0.07912372194595726
852,4.814804255016235
853,1.7397338041938293
854,2.180069267378668
855,1.43736451851553
856,16.765670256931195
857,7.308034902300149
858,5.009739599625649
859,0.07892853172641084
860,5.189777466971924
861,1.7758338219675252
862,2.375675185679595
863,1.4635451901953433
864,16.56482082652264
865,7.5988893676088844
866,4.860461132226994
867,0.07865733864018273
868,5.336314041746678
869,1.9281236794669439
870,2.439557641556988
871,1.577116286841738
872,24.132830161191386
873,10.548122327342654
874,6.913827437080237
875,0.14417853803932984
876,7.496023132823269
877,2.6799542793368056
878,3.377649868676345
879,2.1707399279158177
880,27.55865877013445
881,12.224495545280448
882,7.410867716159957
883,0.1372336235888468
884,8.2137374025739
885,3.038691102820996
886,4.053232005882145
887,2.4704130659714147
888,14.276397995976806
889,6.508510272331542
890,4.162279704975492
891,0.06891215418779914
892,4.494773883372582
893,1.7011555953679787
894,2.010920646491365
895,1.3353306946672714
896,20.065099765085165
897,8.914417801487373
898,5.732173124837378
899,0.11010235940852563
900,6.263061687393909
901,2.260303501709269
902,2.84754590281415
903,1.913039514572202
904,12.485688662167114
905,5.211112246122319
906,3.533106520381488
907,0.04737464652391006
908,3.512369684709925
909,1.3569718129459158
910,1.6718052078120798
911,1.1529260977688833
912,14.405524994632454
913,6.281519237680815
914,4.434989602746201
915,0.060669260351565224
916,4.777747568944534
917,1.7559274968789873
918,2.100474216610694
919,1.3847562189585134
920,16.725716943135954
921,7.5549419978251295
922,4.9018964132405225
923,0.08737481185316559
924,4.980259149801555
925,1.8954798577171506
926,2.387207175303885
927,1.6348825008836578
928,18.796149099895388
929,8.109265083333366
930,5.541716801416621
931,0.08568741087314241
932,5.620623413237771
933,2.082223085332123
934,2.691017210263185
935,1.7440237604989788
936,25.885693537263908
937,11.595320122339821
938,7.455170075398008
939,0.1493705422963229
940,7.911096403509425
941,2.9989239711494498
942,3.821133140287453
943,2.374758810551647
944,13.926199594372807
945,6.587247777653015
946,4.438981266011033
947,0.07280856274574132
948,4.712672469294683
949,1.7416787346911096
950,2.1799286776345754
951,1.466238674789237
952,37.983476812673246
953,17.548753792022445
954,10.725363046411369
955,0.2281040386955947
956,12.147336301324716
957,4.567315146767636
958,5.64984463120949
959,3.5234293292670267
960,19.198363735419324
961,8.209436690060429
962,5.2052728175398375
963,0.08262736291037501
964,5.6791721799077735
965,2.081421554783252
966,2.5941883345685537
967,1.7457750748868885
968,23.45465132133074
969,11.144064493695726
970,6.693954021868737
971,0.12146440130495474
972,7.396176424224795
973,2.6003667003767466
974,3.4688824999163206
975,2.169918774760748
976,35.67851808547454
977,16.159219713583735
978,9.931330986262852
979,0.2197712670957662
980,10.883624961559468
981,4.2576579816439795
982,5.028750489081302
983,3.239830754253911
984,32.52798416007162
985,13.767353833546801
986,9.28393922285559
987,0.16266429939116397
988,9.32347227942624
989,3.540285256389699
990,4.3469006763601445
991,2.6463033538457648
992,20.20029424375046
993,8.689056215117859
994,5.692740871066876
995,0.11722508345169214
996,5.986700222919342
997,2.226059913979
998,2.8386343296359833
999,1.838417734791684
1000,13.9563125927317
1001,6.222287840196965
1002,4.00723698161044
1003,0.07665023922014877
1004,4.401901600033505
1005,1.7210565652447884
1006,2.052183730820272
1007,1.2888061486173383
1008,25.804107577666716
1009,11.285423575103959
1010,6.949848921342575
1011,0.1374610295673274
1012,7.698312298948348
1013,2.906196944268495
1014,3.7960494112336156
1015,2.3711809235940042
1016,20.862564543585513
1017,9.153596836410287
1018,5.905450810512786
1019,0.10450224195803647
1020,6.1684497334455894
1021,2.362927785984501
1022,2.847831028011186
1023,1.9010584888050381
1024,14.689470934619358
1025,6.491726849782346
1026,4.363653336387948
1027,0.059661031723456846
1028,4.555212427017154
1029,1.7270127581194372
1030,2.0940068578133824
1031,1.3264096289429588
1032,20.520035303265004
1033,9.596786887906603
1034,5.847272212602133
1035,0.10394729868769229
1036,6.190331357991449
1037,2.2373780781188093
1038,2.8147234297350385
1039,1.8602040058862495
1040,13.323817276730527
1041,5.938874697441406
1042,3.7608947820206184
1043,0.048655453406856945
1044,4.22090107811187
1045,1.5536489078505782
1046,1.8663574514310386
1047,1.2398782520363836
1048,13.761866766067621
1049,6.241560772604847
1050,4.0727490066231
1051,0.07373075322160899
1052,4.4364181479132405
1053,1.6739954394158438
1054,1.9807992231738365
1055,1.281854583263318
1056,29.893827545633137
1057,13.126123746305074
1058,8.399789693703077
1059,0.1655937779007217
1060,8.800624430352002
1061,3.3546785468321145
1062,4.20722004640103
1063,2.6053141800824995
1064,15.308972421382334
1065,6.621740662460496
1066,4.396512001292932
1067,0.07548598630647499
1068,4.861850334634323
1069,1.77404258974955
1070,2.185094785906716
1071,1.3476867620365927
1072,32.71711420614519
1073,13.442277919388488
1074,8.881047815068145
1075,0.1575842266174515
1076,9.434447049904477
1077,3.3864969901752793
1078,4.527747093625051
1079,2.8196991995679497
1080,21.978408299879405
1081,9.786494366098987
1082,6.391742470868792
1083,0.11409631651640612
1084,6.908752479214801
1085,2.5268489792673683
1086,3.0843609098891434
1087,1.987960756742018
1088,15.795723741147695
1089,7.1365495162094135
1090,4.800981209142649
1091,0.07890838786204063
1092,5.087401360625662
1093,1.8293472672797557
1094,2.254286557806951
1095,1.464170180186019
1096,42.3814771074635
1097,18.99256961519989
1098,11.68757509280579
1099,0.2159666308369164
1100,12.869061643796579
1101,4.871257235018107
1102,6.090090924226034
1103,3.853546799456477
1104,18.235805112448126
1105,8.285879498940279
1106,5.489616996443675
1107,0.07994995365421924
1108,5.702079710938514
1109,2.077108036885197
1110,2.520456802885601
1111,1.6823392351864566
1112,23.617289874346238
1113,10.588482669311103
1114,6.552480225233257
1115,0.14205102606288952
1116,7.036218305979895
1117,2.6695007667766064
1118,3.410955598308925
1119,2.1614694631206017
1120,26.979152894419236
1121,11.839283592852665
1122,7.846094884240531
1123,0.13765908373813943
1124,8.235198993678617
1125,3.096254993393888
1126,3.872607746144975
1127,2.4614470186427333
1128,20.89677519641458
1129,8.867141096326565
1130,5.771538410203636
1131,0.11339909888203716
1132,6.454753007666901
1133,2.3268912229259398
1134,2.884278317985378
1135,1.8982540821945022
1136,22.29143053086859
1137,10.104620255030131
1138,6.29703085021739
1139,0.11085324533477058
1140,6.573016492968273
1141,2.465127759256255
1142,3.1563684962222314
1143,2.086458106889856
1144,13.8505368197057
1145,6.271602517460689
1146,4.128150995138815
1147,0.062247869741260876
1148,4.448065016578875
1149,1.5392249086213219
1150,2.026875218148393
1151,1.281153178083988
1152,34.49980889619077
1153,15.635598513287313
1154,9.296833893669698
1155,0.18286299230541606
1156,10.331160009919595
1157,3.8524777310077725
1158,4.64740941816681
1159,3.210299800200508
1160,13.198330466185295
1161,5.73665424633035
1162,3.8101499115004867
1163,0.06843007725768747
1164,4.13353486238853
1165,1.4777260783424555
1166,1.8960373451703787
1167,1.2375152140632109
1168,14.411328776148256
1169,6.387851354037135
1170,4.399774062632994
1171,0.07127437863972136
1172,4.716571771468031
1173,1.7649807022514459
1174,2.121819589915997
1175,1.4058260433379923
1176,22.25580194543186
1177,10.139106781266232
1178,5.980563425060052
1179,0.10927625722301244
1180,6.743896454236599
1181,2.52660064456376
1182,3.1058771007041086
1183,2.096289880702057
1184,25.114975438712673
1185,11.171939043310424
1186,6.920967380163883
1187,0.12889272287654727
1188,7.5204609842346
1189,2.920168945953816
1190,3.626784690052905
1191,2.424368667185178
1192,16.617350453850328
1193,7.467038217007406
1194,4.672379359956864
1195,0.08211710326552668
1196,5.127726806907938
1197,1.893998831028032
1198,2.4382896446222495
1199,1.5747823252456685
1200,18.581247778468356
1201,8.082626527413279
1202,5.313998551429634
1203,0.08543094988388544
1204,5.4949004047307595
1205,2.127839552459182
1206,2.5332482324431442
1207,1.6698188144591948
1208,52.952994226235546
1209,24.889730635897333
1210,15.283803580202832
1211,0.35547880192551135
1212,16.45525179954276
1213,6.447411404177778
1214,7.756354093225667
1215,5.143852218832206
1216,14.787386798362613
1217,6.421949880959443
1218,4.458198153483083
1219,0.06476368282385889
1220,4.6118827804112
1221,1.765761938216619
1222,2.2159559182218795
1223,1.3360928233575269
1224,18.593422165374786
1225,8.907808275600669
1226,3.7516770914671014
1227,1.2594145128721799
1228,2.934380806070808
1229,1.6801856970912792
1230,1.6989955816534523
1231,1.4721550448071083
1232,21.997806593644235
1233,10.141709652478939
1234,4.630308320379714
1235,1.527210739013094
1236,3.791313866533399
1237,1.9896992778352283
1238,1.9867085041490538
1239,1.7532554894350985
1240,20.230207516505853
1241,9.072223947400264
1242,4.166946828190547
1243,1.4082994353483151
1244,3.1326382890761337
1245,1.8350939928329835
1246,1.8805147843670336
1247,1.5974420658295352
1248,19.05099420935192
1249,8.694061610144926
1250,3.84185718354363
1251,1.3803266770027032
1252,2.8809327706505683
1253,1.6211961599423983
1254,1.7754430931489102
1255,1.4804071968870027
1256,16.968171538977447
1257,7.68234579990345
1258,3.392194357850763
1259,1.2355435997002095
1260,2.6866599518700407
1261,1.47168131975522
1262,1.5421882335504329
1263,1.3490138480256229
1264,19.025121053014526
1265,8.693993785276799
1266,3.54061082251355
1267,1.3012976802487974
1268,3.014573264618736
1269,1.5525209306978556
1270,1.7805027027844211
1271,1.4758408001686292
1272,18.43446384017933
1273,8.921115298014826
1274,3.8720248253924945
1275,1.3761058836690163
1276,2.966673720736403
1277,1.6536490553198357
1278,1.7581216223741651
1279,1.5063956686966151
1280,26.309023831952857
1281,12.276384448106445
1282,5.025321370970244
1283,1.930086857314775
1284,4.136913341205018
1285,2.279659177419579
1286,2.292722446628293
1287,2.00893702978199
1288,30.493977960145692
1289,13.887997830031198
1290,5.923769751436943
1291,2.131796909245771
1292,4.717604464381264
1293,2.67142963108657
1294,2.74800840801524
1295,2.482510802868027
1296,15.94156831123556
1297,7.6665374511212585
1298,2.9946769058279283
1299,1.1724656874435102
1300,2.6086375278422094
1301,1.4777974195203458
1302,1.5052576035290692
1303,1.3488022633888663
1304,22.3374566982587
1305,10.158518137831777
1306,4.662857446366791
1307,1.6551147532594865
1308,3.536206320586895
1309,1.986214171779468
1310,2.0089162423012716
1311,1.7740404071094322
1312,13.496989044878518
1313,5.973633791972872
1314,2.631946146211039
1315,1.0532978334627217
1316,2.1399013476375877
1317,1.2086033282228836
1318,1.246874120982294
1319,1.1248258921060958
1320,16.191081813618283
1321,7.280688392711264
1322,3.218898916410224
1323,1.1622950797694191
1324,2.6418480381297598
1325,1.4288353957485762
1326,1.497051376840851
1327,1.318477603629994
1328,18.142352861713725
1329,8.780244318909913
1330,3.6415327565666566
1331,1.2890210650971619
1332,2.690182821774064
1333,1.5780826545030515
1334,1.6341039813215401
1335,1.4695149980266686
1336,20.46572944354546
1337,9.420291123878892
1338,4.33718159945844
1339,1.4878774482260277
1340,3.16744054809431
1341,1.7821552629592805
1342,1.8959777623071397
1343,1.6614661591466147
1344,28.12356000765957
1345,13.287254913928468
1346,5.6067191132174
1347,2.019774699090248
1348,4.381973534684136
1349,2.4549788657588003
1350,2.5424811017624775
1351,2.1911572727650195
1352,16.263794035831346
1353,7.429060035027876
1354,3.2762065512967005
1355,1.1648209501383937
1356,2.60374619383667
1357,1.4501078107643248
1358,1.5260524375125943
1359,1.360782223905727
1360,42.98876271755133
1361,19.411614039583874
1362,8.472348200704841
1363,2.7933230530307402
1364,6.824572007868095
1365,3.718048636574631
1366,3.866851270740442
1367,3.2632265689047895
1368,20.824302906878106
1369,9.670157318992985
1370,4.0171483255681375
1371,1.4999009766233453
1372,3.092494083662533
1373,1.7933248447945909
1374,1.843731461851464
1375,1.6435265950981022
1376,27.23842317876385
1377,12.479265166469203
1378,5.246274262387689
1379,1.8799927816857762
1380,4.368163628929066
1381,2.3071712332702288
1382,2.4031595963246306
1383,2.1114811590599656
1384,38.86800991326666
1385,18.794684537031706
1386,7.33049995205971
1387,2.7415956711565976
1388,6.37201382990541
1389,3.470336002603505
1390,3.3495758374412863
1391,3.0878020688595145
1392,33.979426075858306
1393,15.15665356362744
1394,6.548728539704193
1395,2.2473254607670765
1396,5.022508755438434
1397,2.785852339268034
1398,2.8864128816076797
1399,2.47443560114674
1400,23.014808345685662
1401,10.32363667241482
1402,4.6674925796883135
1403,1.5983396239842425
1404,3.632163166927669
1405,1.8892317909905942
1406,1.9722543959138776
1407,1.7262102684025376
1408,15.716839368715123
1409,7.100904507901117
1410,3.024920763939213
1411,1.1504695344546554
1412,2.436903986337691
1413,1.430116011220718
1414,1.460272701507545
1415,1.2545311452984351
1416,28.461641229809487
1417,13.228702674425302
1418,5.789325745115026
1419,1.9610086684964814
1420,4.2230110402298955
1421,2.3432163691762957
1422,2.48096708741168
1423,2.2017720970502865
1424,23.497761076209432
1425,10.450120189229182
1426,4.553838348074757
1427,1.61241948516892
1428,3.608420435380881
1429,2.0065046066889125
1430,2.0268602110227856
1431,1.8325383052905042
1432,16.771015182078834
1433,7.633855672855299
1434,3.202267673263093
1435,1.1836300610894188
1436,2.649958621330191
1437,1.4598746516268066
1438,1.5012543644378824
1439,1.3155435112947098
1440,22.759923269446706
1441,10.57141115327336
1442,4.690013631208627
1443,1.5819104278819098
1444,3.5479729203398755
1445,1.891494963097667
1446,1.9942219129557748
1447,1.797686968557794
1448,15.021199545631221
1449,6.693817346018421
1450,2.8585092886507204
1451,1.0707334811490903
1452,2.3464801354797236
1453,1.342263049917012
1454,1.3502890161207555
1455,1.2150715490040171
1456,15.585268468843651
1457,7.170142906634499
1458,2.962590588081046
1459,1.0820789810515283
1460,2.466982674585535
1461,1.3302081668981014
1462,1.433531595626333
1463,1.2300983187457084
1464,33.30830194297961
1465,14.558344094343859
1466,6.204656911295566
1467,2.2314394387918135
1468,5.152945210629724
1469,2.6662548025166606
1470,2.882799249835987
1471,2.5485224111615667
1472,16.988444083130457
1473,7.775450244374188
1474,3.3646876458903856
1475,1.2109999806106513
1476,2.59061230782584
1477,1.4820328003886556
1478,1.5808128256188239
1479,1.3664585894249843
1480,35.2121089401871
1481,15.547480871745462
1482,7.3658906401961834
1483,2.494764695565453
1484,5.511330883421886
1485,2.878610720651585
1486,3.1421496384353906
1487,2.759053002347794
1488,25.28359726037509
1489,11.075127449716446
1490,4.982513778352106
1491,1.721740793102555
1492,4.035110871464534
1493,2.147694155585843
1494,2.243635734180238
1495,1.8627835198056
1496,17.878991006150464
1497,8.623595523602225
1498,3.631641265612502
1499,1.257354022439177
1500,2.782759936326928
1501,1.5726667192289376
1502,1.6034861576981219
1503,1.4058670160451514
1504,46.44504980266855
1505,20.518212622418332
1506,8.802949715288497
1507,3.105515711043082
1508,7.245768621483046
1509,4.088385627212448
1510,4.04267198427388
1511,3.6332512408575255
1512,20.01548209769595
1513,9.556903751316616
1514,4.095782929010379
1515,1.3560922937570494
1516,3.1925970576772236
1517,1.8002771234999675
1518,1.7913216648772545
1519,1.547474636577717
1520,25.77132695879597
1521,11.768671392431902
1522,5.307016122053843
1523,1.8622504895962113
1524,4.0770086967261845
1525,2.286773296103081
1526,2.3666451080323276
1527,2.012962979376305
1528,30.301418313824907
1529,14.223772306493055
1530,6.341118207481173
1531,2.0988035191131873
1532,4.614248054255962
1533,2.6049939915039504
1534,2.7107902374526964
1535,2.3443339020583567
1536,23.383717211981516
1537,10.061648683393717
1538,4.523488383924923
1539,1.5987557625311761
1540,3.6271279464635726
1541,1.9632209676920125
1542,2.0951199732428365
1543,1.8201781256732972
1544,24.20092422622775
1545,11.073323298378671
1546,4.8465722456296
1547,1.695509502204913
1548,3.8083576891829356
1549,2.0022025197186775
1550,2.1177073676488924
1551,1.9359001185683928
1552,15.934383095595008
1553,7.001015647072286
1554,3.027779259811942
1555,1.1017659202149717
1556,2.391961086014027
1557,1.316911953007949
1558,1.453896924733715
1559,1.2427659764107077
1560,37.819419427580705
1561,17.517043328302613
1562,7.558792771246931
1563,2.710095580610119
1564,6.005642277290695
1565,3.1678319436160374
1566,3.1842606169466525
1567,3.012465167343166
1568,15.2800905413013
1569,6.887564757915056
1570,2.9496958890065037
1571,1.1642466517359056
1572,2.4171714274766143
1573,1.3652747717279503
1574,1.398773148168824
1575,1.2682073760115429
1576,16.463192405159884
1577,7.497810191179368
1578,3.2171606504778523
1579,1.1697271492444523
1580,2.6328598811831587
1581,1.4617084181349094
1582,1.5310462107993836
1583,1.3282337263817996
1584,24.93081927626869
1585,10.732530445098249
1586,4.585881222125293
1587,1.7709273186198615
1588,3.8668554216287565
1589,2.080088214741501
1590,2.1514076095820385
1591,1.8796928165679343
1592,27.223571202621326
1593,12.309477804477408
1594,5.300334050075549
1595,1.8292701922138195
1596,4.2270765724644646
1597,2.3429669305550536
1598,2.523556645405548
1599,2.225939569436245
1600,18.866018418032432
1601,8.904532064346048
1602,3.7238057692215834
1603,1.3613134421906068
1604,3.034501767541299
1605,1.6367151722691256
1606,1.7562889259914274
1607,1.5049183170707947
1608,21.04586518255365
1609,9.46792475169904
1610,4.149535157079394
1611,1.3885131635107815
1612,3.167186033079399
1613,1.8345441209117659
1614,1.7797980698134892
1615,1.5961342971256114
1616,57.17134607382486
1617,27.68759475402055
1618,12.396429375080537
1619,4.0432868242625295
1620,9.211990315981186
1621,5.355428747386223
1622,5.3129088781288285
1623,4.940994015093132
1624,16.58447972253933
1625,7.531755621036313
1626,3.2482484985712117
1627,1.18924544564847
1628,2.627951719447826
1629,1.452798896525502
1630,1.541446635158055
1631,1.3266742015702313
1632,20.22498518885086
1633,9.31785965115514
1634,4.084975838019204
1635,0.7795939583790987
1636,3.7908795630205896
1637,1.728720689199317
1638,1.8871712872431174
1639,1.4353364431956912
1640,23.48964922772103
1641,10.54181379217495
1642,4.8375019864979265
1643,0.8740424280643707
1644,4.812271345022669
1645,2.048486193498544
1646,2.1198409237085722
1647,1.7471494250292652
1648,21.700206384861044
1649,9.70603749241862
1650,4.45959332468049
1651,0.7892519458859624
1652,4.0541012266387275
1653,1.9081421986223686
1654,2.058425469111464
1655,1.563146576652544
1656,20.17694968411285
1657,9.051389714947058
1658,4.198599317626292
1659,0.7657604603480868
1660,3.796157107329181
1661,1.6702347466452714
1662,1.886168326203073
1663,1.4553984639433415
1664,17.859341263809622
1665,8.035318203957473
1666,3.5930550850829106
1667,0.7314595884732702
1668,3.4277379695425085
1669,1.5335157950747513
1670,1.6872682085839126
1671,1.3398827215896638
1672,20.27313727281922
1673,9.087596838654552
1674,3.9957453231102047
1675,0.7498908721403367
1676,3.738362863592841
1677,1.625113622877619
1678,1.831721213903481
1679,1.3962884537062479
1680,19.426479654477973
1681,9.443972559790273
1682,4.098265939161051
1683,0.7650055268799727
1684,3.9103036461773244
1685,1.7090800378257165
1686,1.9208185479794047
1687,1.490120055551296
1688,27.696714626738224
1689,12.679124994657522
1690,5.690781911678418
1691,1.0222921990594644
1692,5.547817816939615
1693,2.410716126016732
1694,2.547841507935083
1695,2.046294587130988
1696,33.37716903272386
1697,14.508265254109835
1698,6.702939681136139
1699,1.2275346004230518
1700,6.148570810155743
1701,2.6712534906107646
1702,3.1043296840667014
1703,2.3849991873454552
1704,16.769208411453036
1705,7.908016559455662
1706,3.3411012603015537
1707,0.6653975065497422
1708,3.355033583821705
1709,1.4728190122942828
1710,1.5321680778751487
1711,1.2532416372880113
1712,24.16977326146142
1713,10.87784070798782
1714,4.879421758963724
1715,0.8686125130540532
1716,4.489664775862191
1717,1.981011242272984
1718,2.2052895280821803
1719,1.7607851443825342
1720,14.782715206992115
1721,6.063911390931895
1722,2.7504410261509995
1723,0.6548906281238273
1724,2.65084120730483
1725,1.221251482722171
1726,1.331496459855173
1727,1.0872180778152407
1728,17.451197236314215
1729,7.713255402548421
1730,3.710123860911523
1731,0.6842010131333868
1732,3.5143275076048477
1733,1.4880904754781634
1734,1.6433204958301708
1735,1.3390543083659658
1736,19.709793009022622
1737,9.069076482680163
1738,3.9816987906930636
1739,0.755333300084807
1740,3.658144624199648
1741,1.6459933483962321
1742,1.8189679252559545
1743,1.449408282708315
1744,22.34268890346251
1745,9.927807222790472
1746,4.774223060013454
1747,0.8166902995840152
1748,4.1107688231093595
1749,1.9026716217690602
1750,2.082035776766041
1751,1.6320465237343298
1752,29.40823726162007
1753,13.457325499997971
1754,6.231551506443417
1755,1.1443163043117828
1756,5.667137671159611
1757,2.573208582454249
1758,2.856289148459892
1759,2.2076633731911115
1760,17.11808528052968
1761,7.958775071109688
1762,3.6851560900673355
1763,0.6565868020563639
1764,3.4593209006081644
1765,1.4825409344660174
1766,1.6523542994749618
1767,1.3560382647430713
1768,46.717616471185735
1769,20.89492422135683
1770,9.517506446799931
1771,1.6211233138672756
1772,8.720434018528616
1773,4.1544001774669965
1774,4.488089438643919
1775,3.3376919740966318
1776,22.161423202564105
1777,10.063620569039863
1778,4.4184639218344595
1779,0.8260317934331829
1780,4.086959206766704
1781,1.8435614973123695
1782,2.041024777166859
1783,1.6587118467015995
1784,28.21015775347774
1785,13.32171076052115
1786,5.826022094247064
1787,0.9955590549664939
1788,5.51279120573168
1789,2.3595456731686677
1790,2.5772008616361357
1791,2.021844517560446
1792,43.04404257918421
1793,19.620788145803555
1794,8.49992396701034
1795,1.5593555633358984
1796,8.2596992787091
1797,3.613129240577658
1798,3.8900911646612792
1799,3.163932895561549
1800,36.78502997446655
1801,16.61981436509216
1802,7.560573236590496
1803,1.320904172295882
1804,6.9751168200887275
1805,3.0724080361429484
1806,3.306319988247243
1807,2.5129667919257974
1808,23.779734132080517
1809,10.582021390263101
1810,4.911282110398117
1811,0.9025308285144197
1812,4.414891313396354
1813,1.9580266321220976
1814,2.1240220436921833
1815,1.680004285265112
1816,17.22560167761161
1817,7.549321978207626
1818,3.2963266326718745
1819,0.6487978353156459
1820,3.2671866072084903
1821,1.4685666158534791
1822,1.5837218842955414
1823,1.2236638634506152
1824,30.734598209821378
1825,13.858111320817878
1826,6.230267550658199
1827,1.063741435333059
1828,5.739989307046279
1829,2.4718429099987254
1830,2.9874149777329997
1831,2.219569401864733
1832,24.480536338452286
1833,11.19849223743667
1834,4.948460166909124
1835,0.8792050515429578
1836,4.540926359240977
1837,2.055518593727002
1838,2.1703095543550734
1839,1.742268841938219
1840,17.639651868405196
1841,7.97292354257194
1842,3.6279683376128475
1843,0.6612575359965334
1844,3.402711623909376
1845,1.4983073384158367
1846,1.5994373000681819
1847,1.297034169794885
1848,24.640698499612057
1849,10.785423636789305
1850,4.898206709365922
1851,0.8995272870906752
1852,4.351944809347405
1853,1.929156826455894
1854,2.1675718964299437
1855,1.8066133463756504
1856,16.60390616232192
1857,7.11044299716755
1858,3.1723195590207767
1859,0.6613048696598931
1860,3.0932614761167536
1861,1.3622609495583922
1862,1.4207404524546654
1863,1.2020611917376511
1864,17.33325799168249
1865,7.342332058443271
1866,3.3408098726700897
1867,0.6682343949519413
1868,3.3103852129060654
1869,1.4150439286257073
1870,1.569310140107865
1871,1.2288054693773718
1872,35.66856864916327
1873,15.67576302268263
1874,6.918839462647488
1875,1.187068131686425
1876,6.607030322233711
1877,2.83106955690344
1878,3.242468659754918
1879,2.5237672634731934
1880,18.706657834703563
1881,8.166188921273202
1882,3.7211651856617043
1883,0.711196407086131
1884,3.427755172916181
1885,1.4954697885215211
1886,1.7139247692720307
1887,1.3477189114923505
1888,40.23017584832746
1889,16.707589220281353
1890,8.189036180846845
1891,1.3836600357881754
1892,6.994853970368611
1893,3.088848177759367
1894,3.668837549134798
1895,2.690631625958897
1896,26.16910322478573
1897,11.596102939291717
1898,5.4675125177684825
1899,0.9306306308728458
1900,4.926608990041908
1901,2.2412319117262864
1902,2.4542824372983643
1903,1.8743557753416344
1904,18.81015115943525
1905,8.546814969853076
1906,3.890979380588547
1907,0.7736584219537822
1908,3.6980983790805424
1909,1.6048717170998679
1910,1.747099961279237
1911,1.3970024654324638
1912,50.36729043144385
1913,21.994900581251606
1914,9.961180128360915
1915,1.6840815086772252
1916,9.48735748825114
1917,4.351394915153179
1918,4.5871427886954015
1919,3.6620889241332972
1920,21.65232780618948
1921,10.24466418197397
1922,4.7064383219632155
1923,0.8191295729237174
1924,4.173013222095856
1925,1.9015450846811461
1926,1.9844429300972921
1927,1.5527465294245677
1928,28.748063148353914
1929,12.427683653097025
1930,5.470225650627107
1931,1.0406590180137496
1932,5.1173942462880655
1933,2.3894577646737445
1934,2.5275158220368446
1935,2.0255328847821388
1936,31.896792278269302
1937,14.08450688960143
1938,6.709564242770641
1939,1.1066410343791484
1940,6.047104756689353
1941,2.7236524829907465
1942,3.1301681003774866
1943,2.3518903525858788
1944,24.736721779900012
1945,10.939454954256787
1946,5.138229389199615
1947,0.9228278503875395
1948,4.639625759777644
1949,2.1167156204145567
1950,2.2765606335373727
1951,1.7734953325700245
1952,25.64399498858751
1953,12.116367383488285
1954,5.438686316353275
1955,0.941844460676025
1956,5.002690145113492
1957,2.20272249038318
1958,2.4215061108347076
1959,1.971391488852824
1960,17.075354785918083
1961,7.360441101613422
1962,3.405933175970787
1963,0.6728250647707945
1964,3.220038551935047
1965,1.3802550843416406
1966,1.546304817890319
1967,1.2492489529755681
1968,41.5499868450541
1969,17.864826979178655
1970,8.13610513039505
1971,1.5018905345501972
1972,7.501048956879548
1973,3.3710880354963706
1974,3.5890241445140703
1975,2.891518487759063
1976,15.665817558368424
1977,7.1798978501395485
1978,3.1964278728257813
1979,0.6457041745246797
1980,2.9924766491763153
1981,1.364010718173649
1982,1.4283310244387841
1983,1.1985415884090311
1984,17.70147946965351
1985,7.806295337734533
1986,3.658397093395819
1987,0.6896344476858245
1988,3.4328764281664106
1989,1.540334258915095
1990,1.615262861725566
1991,1.3484692469106396
1992,26.67028028387357
1993,11.516209122184629
1994,4.928764141661308
1995,0.9619534570577555
1996,4.996690557960445
1997,2.266919895958262
1998,2.3832974988364284
1999,1.9632868400103847
2000,29.353833569484852
2001,13.357851196698359
2002,5.9794643883476635
2003,1.0737867091478324
2004,5.416025360323002
2005,2.4942744165247372
2006,2.9083581764537745
2007,2.2811771566347208
2008,19.925938044222676
2009,9.237856731792174
2010,4.055374272482812
2011,0.7314710330701499
2012,3.793846145015755
2013,1.6853990165110833
2014,1.8676681933439554
2015,1.4588247691409326
2016,22.455928494928806
2017,9.801436772678567
2018,4.6112117171931635
2019,0.8289554837365578
2020,4.162404718494349
2021,1.916908530457067
2022,1.9324883285792722
2023,1.6163128315418227
2024,62.023484182763475
2025,30.29905633185768
2026,12.990268604499263
2027,2.2020055569961
2028,12.134365015632712
2029,5.61141029732342
2030,5.950862844174665
2031,4.787702314056714
2032,17.705809275406637
2033,7.647158430652539
2034,3.6480641993309635
2035,0.7049197748436979
2036,3.39926261234977
2037,1.463852356002305
2038,1.7199053864785203
2039,1.3022135194145503
2040,18.07831610180678
2041,8.273791635829868
2042,5.054135644843112
2043,0.1240989226565489
2044,5.534042503133636
2045,2.114996234734868
2046,2.5516977871016797
2047,1.6301226243038383
2048,21.491488844211563
2049,9.465755766323158
2050,5.968906760137709
2051,0.1431522524202181
2052,6.977677265134486
2053,2.4982601300089855
2054,2.908994066371418
2055,2.017356727651729
2056,19.467282317938935
2057,8.763527176608529
2058,5.477101511090852
2059,0.10923867449011776
2060,5.865145056648716
2061,2.3257152536528922
2062,2.7723431662808924
2063,1.8080292138575855
2064,17.984920746194593
2065,8.07046983056118
2066,5.154905350704806
2067,0.11783352939021795
2068,5.417316392033464
2069,2.038060812636641
2070,2.553624149425687
2071,1.6837803282583628
2072,15.724609704492558
2073,7.135926006901567
2074,4.541207005515841
2075,0.10157306981750394
2076,4.795582858269083
2077,1.8182440879236812
2078,2.2718954722023668
2079,1.4110425583003985
2080,18.138146411610148
2081,8.043688059101985
2082,5.078858482155433
2083,0.11519776321180825
2084,5.373208641949976
2085,1.9911784063941818
2086,2.490629560706699
2087,1.5828360907748202
2088,17.543315341646377
2089,8.395779832734506
2090,5.0879138878062085
2091,0.11019360369439493
2092,5.6720900905431
2093,2.0693689224172487
2094,2.5942213814115007
2095,1.700772600878518
2096,24.87295482468319
2097,11.205978996412677
2098,7.149877570154264
2099,0.1700419122732777
2100,7.712711127110986
2101,2.906293661397151
2102,3.482986365533411
2103,2.2929783331291973
2104,30.05605284699438
2105,12.997864514780451
2106,7.8444168550900235
2107,0.2127528270861669
2108,8.673576067456484
2109,3.1833963750419216
2110,4.260451322493896
2111,2.682061286909015
2112,15.237674247611318
2113,7.153713000819775
2114,4.323432605746002
2115,0.10581167584924728
2116,4.840889129791877
2117,1.8188550139788138
2118,2.1006337021592696
2119,1.3868638506856639
2120,21.812278340700086
2121,9.734324423778784
2122,5.880904740701696
2123,0.14290805463833123
2124,6.441279156530171
2125,2.387637195909111
2126,2.9696720371623493
2127,2.0078124169981857
2128,13.524200449987518
2129,5.784078276706186
2130,3.557372505339538
2131,0.10085355680944302
2132,3.7028315817830393
2133,1.3898263401720297
2134,1.7282560965286453
2135,1.1744590553777836
2136,15.782045228928398
2137,7.028261471223398
2138,4.627790634714732
2139,0.10289346767882833
2140,5.069017021659181
2141,1.8351493696579275
2142,2.272990419667143
2143,1.539218879829612
2144,17.794323460874963
2145,8.067974922691311
2146,4.996194142692142
2147,0.1246056439354172
2148,5.279593864590072
2149,2.0481062582134184
2150,2.483513042222093
2151,1.6702314253814337
2152,20.081709004938798
2153,8.787356954663343
2154,5.737659090320381
2155,0.12679125590035292
2156,5.838424506795936
2157,2.2984883546603863
2158,2.7960978581652065
2159,1.8586067369816257
2160,26.792010503790536
2161,12.20245875307125
2162,7.502541574644318
2163,0.1825654332133665
2164,8.040663441241573
2165,3.1110798406969007
2166,3.9472948811883914
2167,2.497106658825017
2168,15.433648649987749
2169,7.268525154858926
2170,4.5887896916295485
2171,0.09651916591990399
2172,5.007926337735406
2173,1.799926152600736
2174,2.3017657416595005
2175,1.5608354797446928
2176,41.97537734167982
2177,18.97058914048861
2178,11.074035355543911
2179,0.2692743016507038
2180,12.317678935346498
2181,4.878030465577611
2182,5.990834678475403
2183,3.7260452411234986
2184,19.987417978591523
2185,9.011421535666969
2186,5.531731835780249
2187,0.12582203561678362
2188,5.812898046805007
2189,2.235230874200769
2190,2.7509739279445182
2191,1.8920360909347091
2192,25.629256982565586
2193,12.07169276817405
2194,6.970520102237135
2195,0.1738756561294354
2196,7.819451157889089
2197,2.8470652848251947
2198,3.501898936722788
2199,2.279275140602571
2200,38.064119761712966
2201,17.71710434668399
2202,10.471807180300136
2203,0.279894836369506
2204,11.636593982077972
2205,4.3323036709050635
2206,5.243636947386668
2207,3.5337180264443164
2208,33.632717739372914
2209,15.147135642402443
2210,9.588799055092975
2211,0.20846411116461075
2212,9.714506866500914
2213,3.7345166492248687
2214,4.5113293725246875
2215,2.8046450406705916
2216,21.480660824922083
2217,9.448888412590197
2218,6.003899013182638
2219,0.15174325233694855
2220,6.307497958782808
2221,2.3727016449934064
2222,2.908122018802723
2223,1.9237193440223752
2224,15.481077789290419
2225,6.866532658500649
2226,4.238102693383741
2227,0.08874599426187368
2228,4.674858205580354
2229,1.8127074718687588
2230,2.2066794930476044
2231,1.3360297581629836
2232,28.21624647458083
2233,12.56204300343297
2234,7.47104545632225
2235,0.18443215974657146
2236,8.11685326553194
2237,3.0187416575932615
2238,4.1364140046320825
2239,2.5122415825350846
2240,22.213022237877627
2241,9.98506457977215
2242,6.237151433476947
2243,0.13769614106861341
2244,6.47612669286183
2245,2.4897499233226568
2246,2.9125150353532154
2247,1.9871743355725238
2248,15.659289673525041
2249,7.139935009141926
2250,4.529239951219994
2251,0.0884279181931047
2252,4.904250049622196
2253,1.8113653493631692
2254,2.2111791743983975
2255,1.4231119066390765
2256,22.165271256652588
2257,9.657622075110488
2258,5.897833833973223
2259,0.14340441657209096
2260,6.254264464950025
2261,2.3224590899949944
2262,2.93631832828159
2263,2.051074371952726
2264,14.960197058705345
2265,6.490458598356609
2266,4.07709344821813
2267,0.09876890496020506
2268,4.3612429798012275
2269,1.6891540873818465
2270,1.9380087161108353
2271,1.2859511848524685
2272,15.581741163938366
2273,6.7330684718493945
2274,4.2592254453217455
2275,0.10883131322927976
2276,4.896911648102424
2277,1.737232435513991
2278,2.1962857665584647
2279,1.34835404930894
2280,32.34543098953849
2281,14.207817970569323
2282,8.680330810666653
2283,0.1925568370344191
2284,9.105129766586527
2285,3.4335786074797743
2286,4.409349133816116
2287,2.7811088195340354
2288,16.64700410893895
2289,7.360038595967967
2290,4.642847640973196
2291,0.09671231113988442
2292,4.8891085577461295
2293,1.806321405719998
2294,2.300352823272995
2295,1.4837552169301635
2296,36.140023768908364
2297,14.86882058302266
2298,9.374500565005283
2299,0.2119031303499956
2300,9.766656122218519
2301,3.652545776275407
2302,4.9244992233954745
2303,2.9040051373981077
2304,23.39755298101221
2305,10.354447252296547
2306,6.598402946004723
2307,0.15577255801795764
2308,7.01470150612776
2309,2.6962994783942014
2310,3.3655718630261737
2311,2.1210851587985298
2312,16.969909981237393
2313,7.64081644647422
2314,4.835564720727804
2315,0.1266833239469793
2316,5.3219219471279855
2317,1.9615411928839726
2318,2.3609237118786295
2319,1.5725554932179675
2320,44.7664895771313
2321,19.50701896066106
2322,11.981605057184483
2323,0.2567587943034691
2324,13.110985004572402
2325,5.066519112177176
2326,6.062993957505319
2327,4.054639150763329
2328,19.528560984190783
2329,9.178607062058674
2330,5.803014638671912
2331,0.12416564914229078
2332,6.050596811961519
2333,2.318070848291927
2334,2.7156265069604664
2335,1.79021940460405
2336,26.03437728169114
2337,11.114269907794302
2338,6.742154076255755
2339,0.1862883353614377
2340,7.3102643995973695
2341,2.896461858751598
2342,3.4379910327906047
2343,2.2782204094623237
2344,29.109843365643005
2345,12.842006558324192
2346,8.030367155427191
2347,0.180717529702091
2348,8.518649223596947
2349,3.305033576174262
2350,4.258974044052244
2351,2.6432413653996925
2352,22.327576137677987
2353,9.73328364155611
2354,6.1728656945401505
2355,0.1551005508265763
2356,6.604436084893686
2357,2.5372821263159397
2358,3.0225010255327254
2359,2.018692696166173
2360,23.20620199857109
2361,10.864479727937725
2362,6.634683489510794
2363,0.1627065237827539
2364,7.1231930751408425
2365,2.6743872017644774
2366,3.3514898143272998
2367,2.242871412301565
2368,15.245263783423269
2369,6.732553358949453
2370,4.329823045989177
2371,0.10669091846419872
2372,4.690878800080427
2373,1.71168237769584
2374,2.1829361401036302
2375,1.3682879435865725
2376,37.358290278355234
2377,16.292946152458917
2378,9.615397972611381
2379,0.25743212859667547
2380,10.311952901795001
2381,4.0202186993655395
2382,4.896154436608055
2383,3.2275935094477717
2384,14.325353812258347
2385,6.521318534873062
2386,4.075325233429942
2387,0.09231192052701845
2388,4.06565019873697
2389,1.6275531620680792
2390,1.9749910587764536
2391,1.3170258407483373
2392,15.931550095190024
2393,7.016009624665871
2394,4.626897819509215
2395,0.10148733118133783
2396,4.796528837917264
2397,1.8896037884146415
2398,2.223916848498647
2399,1.5301147789989584
2400,23.85758476719144
2401,10.210823948520144
2402,6.034996361077142
2403,0.14037746734286163
2404,7.096759695664105
2405,2.678295652718029
2406,3.1677798184106436
2407,2.175342790089049
2408,26.200153435705758
2409,11.776790911424515
2410,7.054695185350186
2411,0.16795548852250197
2412,7.683472941841919
2413,2.9534190128751976
2414,3.879816815860796
2415,2.5193311460340864
2416,17.71185052517411
2417,8.232857689863927
2418,5.000759443725926
2419,0.09747512331451273
2420,5.4354861828127214
2421,2.047477430445475
2422,2.5543305410918316
2423,1.6723057465409472
2424,20.20777204789899
2425,8.726092480509656
2426,5.565451879199041
2427,0.12286784253852405
2428,5.950204304546283
2429,2.3251789342408906
2430,2.642541929090095
2431,1.8498957019612807
2432,54.248928930428406
2433,26.948159645198658
2434,15.040011983571148
2435,0.475319598247189
2436,17.071820803260685
2437,6.377324504320962
2438,7.873002438250875
2439,5.137356738299701
2440,15.784789365394579
2441,6.953981427812793
2442,4.62500019252824
2443,0.10795095691360303
2444,4.853570851305456
2445,1.8011066424729003
2446,2.3660943536701016
2447,1.4404686973279106
2448,15.14528984723151
2449,7.076183153295323
2450,2.9130581592567193
2451,1.4517663111582315
2452,1.7890848280639267
2453,1.3689954524328343
2454,1.2711804098655795
2455,1.2748851014196205
2456,17.679893130779924
2457,7.96376971963165
2458,3.419684711890751
2459,1.8009871359760863
2460,2.246613269500119
2461,1.620294658010851
2462,1.4511577261837487
2463,1.478429456776357
2464,16.68623140020907
2465,7.578083101165873
2466,3.113575064661607
2467,1.6017503857211801
2468,1.953537638251801
2469,1.4751355178293497
2470,1.4152649902440027
2471,1.348872015160706
2472,15.499363533991566
2473,6.704263338282668
2474,2.9426107692053964
2475,1.460071406998592
2476,1.859092611083991
2477,1.3151127460434926
2478,1.2970695837539483
2479,1.2246247006966482
2480,13.112057478567586
2481,6.068679240966347
2482,2.7160985177461594
2483,1.326025923281263
2484,1.6948348127170398
2485,1.1764966000207937
2486,1.1684682492727805
2487,1.136135407914771
2488,15.46036408264566
2489,6.862885463205261
2490,2.808387680517662
2491,1.418220595865578
2492,1.8768606756507076
2493,1.2566618082518972
2494,1.2978253876212595
2495,1.24096703624164
2496,14.749309043603317
2497,7.0560521101119
2498,2.7868117692209884
2499,1.4741144838930675
2500,1.7680961103458712
2501,1.3207588474635819
2502,1.2479617241588388
2503,1.2308782467568902
2504,21.7509512539534
2505,9.580239802866206
2506,3.8895272722639604
2507,2.1240882959101524
2508,2.611583210902827
2509,1.8732665654857823
2510,1.7375362011899238
2511,1.7752300570396014
2512,24.83050420954186
2513,11.162526754404327
2514,4.657552538012513
2515,2.3334933456361284
2516,2.959083825235339
2517,2.071169386011934
2518,2.0005433774023906
2519,1.9966268801505287
2520,12.980339231532263
2521,6.066550887150892
2522,2.340675816417068
2523,1.2422181555146403
2524,1.6140543070346858
2525,1.1567985868399915
2526,1.103363397184528
2527,1.0880638023764404
2528,18.061433911952385
2529,8.11164179706711
2530,3.4867653092853472
2531,1.7867276382079
2532,2.084223170531389
2533,1.533596479238953
2534,1.5036302932933927
2535,1.500112325569841
2536,10.713383800865858
2537,4.4005089168776355
2538,1.9764062932272908
2539,1.0931300916709374
2540,1.3317086064940633
2541,0.964908597165755
2542,0.9048740660409531
2543,0.920045450932595
2544,13.123558650323195
2545,5.969237661950938
2546,2.7097253575125566
2547,1.2899096248746154
2548,1.6665384866293236
2549,1.1932604138390572
2550,1.1487082127866899
2551,1.143718453438309
2552,14.819753819464964
2553,7.062518723985302
2554,2.855815343996587
2555,1.430133057104472
2556,1.7404706122173368
2557,1.3064152315500481
2558,1.2536683486320128
2559,1.2650525274812665
2560,16.654118385921706
2561,7.470082740435256
2562,3.3586257247419593
2563,1.6423779170443809
2564,1.9865616754977886
2565,1.4137163430300395
2566,1.3780274642481678
2567,1.3817700201417773
2568,22.639488058225492
2569,10.339281669745246
2570,4.489980100127889
2571,2.259132018957891
2572,2.711687275228522
2573,2.008654288734931
2574,1.8900596596815928
2575,1.8551177876695528
2576,12.524434606093834
2577,6.212851081493884
2578,2.604414640238758
2579,1.2720340226433149
2580,1.6306668757206133
2581,1.2101371704699924
2582,1.154295584762433
2583,1.1620266424137098
2584,35.215239036329145
2585,16.246372478721778
2586,6.685187305920016
2587,3.4907683001114886
2588,4.358655200132749
2589,3.050829969928283
2590,2.799246011262602
2591,2.784052323075288
2592,16.986574541253454
2593,7.661611432417547
2594,2.9447156136340107
2595,1.656465813444632
2596,1.9472563311055957
2597,1.4303877168957682
2598,1.3311923224023092
2599,1.3797390696163239
2600,21.175563338304627
2601,9.989002744936009
2602,4.139738451984667
2603,2.0424944443636117
2604,2.5873488336881585
2605,1.8163423229989248
2606,1.7963471893441714
2607,1.7675910714054661
2608,31.812500305374986
2609,14.867492838186337
2610,5.772918344011795
2611,3.025843254141681
2612,3.9329436260964705
2613,2.8318387934257614
2614,2.550081193455854
2615,2.599148252783754
2616,28.66162293595261
2617,12.404448496829772
2618,5.26574725767857
2619,2.823289038626048
2620,3.227632748674485
2621,2.366664635226856
2622,2.2075225924445254
2623,2.1562840146820212
2624,18.309795909527843
2625,7.986383278163042
2626,3.3164167774082585
2627,1.762975132826954
2628,2.1218028130198863
2629,1.5089673241593082
2630,1.4261335133961202
2631,1.4399723680327254
2632,12.85721876661867
2633,5.8617273141148285
2634,2.3065171226829224
2635,1.257044197252086
2636,1.551866460973365
2637,1.1646388330129342
2638,1.1219064899312035
2639,1.0708970381944791
2640,23.12056818583704
2641,10.258983807292276
2642,4.39579588781421
2643,2.2650354127967423
2644,2.699678337966641
2645,1.9829349418039304
2646,1.9632997876703213
2647,1.9337693948683767
2648,18.227013691891543
2649,8.24923888307728
2650,3.4687763070830355
2651,1.8476155068370863
2652,2.1326499644779853
2653,1.5983298832476003
2654,1.5112285898169528
2655,1.5272785757703573
2656,13.375862987264666
2657,6.181965421082355
2658,2.5683208352453164
2659,1.2836778648747178
2660,1.635572334084895
2661,1.1758628289074293
2662,1.1424100633242833
2663,1.1109144436208758
2664,18.332243620910308
2665,9.009625264931739
2666,3.4186985887119707
2667,1.7996202453783643
2668,2.0894467596301367
2669,1.5284226985843468
2670,1.4978345283793888
2671,1.4945587126486592
2672,12.289921031255647
2673,5.547888295972707
2674,2.2028528122021824
2675,1.2226438333621614
2676,1.465304180014041
2677,1.0817779530998894
2678,1.0213840693607141
2679,1.0326426207704327
2680,12.301725189694135
2681,5.849686894187948
2682,2.381069640393916
2683,1.1953679808081634
2684,1.5702510228148259
2685,1.1313982705371364
2686,1.0728995720232344
2687,1.073887495162751
2688,25.35731636745925
2689,11.523243631522067
2690,4.72140761410842
2691,2.5514929499889516
2692,3.1456096763832324
2693,2.275540568319462
2694,2.0366117336255227
2695,2.1255375754563923
2696,13.957851219315994
2697,6.170904876331917
2698,2.5622321735780766
2699,1.3347052741020244
2700,1.6876793068152272
2701,1.191415275855625
2702,1.1560067816535546
2703,1.1252811977787955
2704,29.710842713843398
2705,12.489171209313007
2706,5.7440384335533015
2707,2.7606056890571
2708,3.326475276154997
2709,2.3993117895549987
2710,2.2785731386388544
2711,2.320584673973629
2712,20.130636030387745
2713,9.29072393253386
2714,4.068387692679389
2715,1.8972901471180785
2716,2.492899485215118
2717,1.7491224073884424
2718,1.585347819565858
2719,1.604907973837369
2720,14.350646009479929
2721,6.711765997272816
2722,2.899911137653874
2723,1.3620882271257764
2724,1.793994381458231
2725,1.238936589743454
2726,1.201848918728836
2727,1.1815007379939568
2728,37.50338566002747
2729,17.015110411696234
2730,7.273266495484033
2731,3.4453039371853316
2732,4.537916114106228
2733,3.310414525807292
2734,3.0371003801393766
2735,3.020698903045059
2736,16.69589658052127
2737,7.708075701369114
2738,3.2568732005567598
2739,1.5682546471951446
2740,2.0278407592902843
2741,1.4438350833814708
2742,1.3478819387258716
2743,1.3599729236386056
2744,21.033583665301126
2745,9.61307987193411
2746,3.713583936832077
2747,2.056268074661165
2748,2.586521119809161
2749,1.802586703341723
2750,1.7232606610500767
2751,1.7138145980802053
2752,24.38749877466058
2753,10.618000135212219
2754,5.019468180963836
2755,2.307466490120464
2756,3.0370794029627
2757,2.148564067571582
2758,2.068724585581474
2759,1.9913788439003803
2760,18.83671934226436
2761,8.050296009786987
2762,3.4211298782412283
2763,1.7863308219637242
2764,2.207535993789267
2765,1.5702066468785825
2766,1.5207389489259928
2767,1.499690942495803
2768,19.75525164695898
2769,9.308172019948602
2770,3.8283431365764575
2771,1.9018306586912879
2772,2.4274717407839423
2773,1.6570394027030189
2774,1.5899292074762417
2775,1.645208835100331
2776,12.615849229184949
2777,5.867379438123378
2778,2.4419437268653037
2779,1.2370177431519023
2780,1.5281001226098498
2781,1.1132920225077034
2782,1.0923693779048085
2783,1.062318616325495
2784,30.703587471990517
2785,14.157504217908143
2786,5.97632882967317
2787,2.9822891031272825
2788,3.593092192565806
2789,2.576531524713735
2790,2.2978664345469544
2791,2.5379735302555764
2792,11.850535983196131
2793,5.399723325709034
2794,2.227103744030013
2795,1.1732513958080952
2796,1.454547230325455
2797,1.0942049601068569
2798,1.0189352215996095
2799,1.0188541069975476
2800,13.183671808388945
2801,5.964140168117509
2802,2.5478202153490837
2803,1.3004131007698487
2804,1.6493780350231773
2805,1.1805865479989621
2806,1.139118832584243
2807,1.1437557633950415
2808,19.98990804105997
2809,9.395911989635854
2810,3.674326064738778
2811,1.884916173177348
2812,2.3406172528041527
2813,1.7232514024428631
2814,1.6126700612221487
2815,1.676016282263096
2816,22.227819215410424
2817,10.089361693780463
2818,4.380794456394867
2819,2.1425078791816774
2820,2.579912690459768
2821,2.0156308951682713
2822,1.9910570591498058
2823,1.9455881396661467
2824,15.45683486539018
2825,7.072024194178931
2826,2.7930244871392222
2827,1.4457774570128086
2828,1.8414352175305653
2829,1.337108267579295
2830,1.3094142789758705
2831,1.2691631414415494
2832,16.76440158216864
2833,7.6077375355109425
2834,3.3049143365858162
2835,1.6589189178334707
2836,1.9877504845257865
2837,1.4510004821605371
2838,1.3666622676497127
2839,1.3477097297200518
2840,48.23239675288009
2841,21.963303845147763
2842,9.793011232597761
2843,4.2119647944397745
2844,6.066530922285101
2845,4.31691002617429
2846,3.870173628837462
2847,3.949370825382048
2848,13.631874436084331
2849,6.103969952643898
2850,2.628061333529441
2851,1.3068466638599756
2852,1.6138703149265927
2853,1.2051417672822569
2854,1.1887589412753672
2855,1.1058452009754904
2856,18.396666148248507
2857,8.686737299010773
2858,4.882158783205316
2859,0.1272627967410272
2860,5.365465045476916
2861,2.0650055674016077
2862,2.415219172081437
2863,1.6023357290013602
2864,22.722956853800532
2865,10.377666282207242
2866,5.854438185676752
2867,0.14322401818972896
2868,6.930085039823858
2869,2.4792565093850305
2870,2.8012568083575315
2871,1.9355557028268977
2872,20.557454594092963
2873,9.410975183492686
2874,5.401081578098001
2875,0.13279999649193464
2876,5.7964122511201905
2877,2.273480396990697
2878,2.6805282210040535
2879,1.7842298551867033
2880,18.887222313632204
2881,8.443394346778216
2882,4.92348074099521
2883,0.10222947754236812
2884,5.237237808120634
2885,1.957340736863651
2886,2.464319043987947
2887,1.6272125738083723
2888,16.813455424590305
2889,7.576254303347102
2890,4.423676908073948
2891,0.10168238236600675
2892,4.808037136351585
2893,1.7835620130057568
2894,2.112639646270042
2895,1.4624709344896032
2896,19.01400168646434
2897,8.611463155481907
2898,4.753715311771296
2899,0.10771993011867453
2900,5.424424225223465
2901,1.8723479420760325
2902,2.4268885016280195
2903,1.5967732736596227
2904,18.407992663435966
2905,8.80763294026549
2906,4.953319598976625
2907,0.1102074373821254
2908,5.449691798894361
2909,1.9939814273654655
2910,2.465022457872156
2911,1.595401632176116
2912,26.454954486680585
2913,12.306881914297536
2914,6.634015212555287
2915,0.15604761459417868
2916,7.416941164148878
2917,2.7799019948301718
2918,3.243707186245705
2919,2.1544023828557357
2920,30.341741694724725
2921,13.592003722398108
2922,7.177756230607209
2923,0.192460285043221
2924,8.460304268421902
2925,3.241886748875786
2926,3.9826495698249818
2927,2.6850421730901433
2928,15.570015323615921
2929,7.329703765177805
2930,3.9159993832372857
2931,0.08396449510063933
2932,4.636888017458996
2933,1.757707954922226
2934,1.97059034851229
2935,1.3859244899940484
2936,22.18099943325714
2937,10.05702844989746
2938,5.64933678865275
2939,0.14798250535108523
2940,6.371999959746054
2941,2.3978392915035354
2942,2.7525221451139323
2943,1.9341637340493991
2944,13.610277890131915
2945,6.214927015561609
2946,3.405600261709906
2947,0.10131680357405355
2948,3.6322798677854697
2949,1.3624191889731962
2950,1.6100232230671732
2951,1.1199402229477813
2952,16.618035021278082
2953,7.464410503676204
2954,4.333907796306719
2955,0.09359245179094282
2956,4.956566964796539
2957,1.8214971165917968
2958,2.0881862174085803
2959,1.4661373072473558
2960,18.385849033815447
2961,8.714084451363682
2962,4.8772465478267435
2963,0.112202372459456
2964,5.108692205799278
2965,1.9877535905708164
2966,2.323028915131221
2967,1.675377810706399
2968,20.597931969760634
2969,9.395478496670039
2970,5.350830980588539
2971,0.12424631266289446
2972,5.706879383742028
2973,2.1454800805051333
2974,2.6203429498605924
2975,1.8266028104539427
2976,28.656604463192284
2977,13.291441524219662
2978,7.149800172278796
2979,0.16795389615263853
2980,8.05571352781815
2981,3.035558713818305
2982,3.6839294358158923
2983,2.4249930279635628
2984,16.635129569225438
2985,7.633816968256693
2986,4.437506832401297
2987,0.10083667145127179
2988,4.880481639571904
2989,1.7847420759670056
2990,2.123898379294572
2991,1.5037663876056573
2992,42.80883644524311
2993,18.935701406153367
2994,10.61103321567794
2995,0.27424462334087024
2996,12.382955029917147
2997,4.6751280576318255
2998,5.653685839348503
2999,3.612532923740204
3000,21.288466165400287
3001,9.779472149098314
3002,5.177567399913213
3003,0.13662739402937993
3004,5.775776941708218
3005,2.166672623746284
3006,2.613749290221742
3007,1.7856888903874633
3008,26.658669170064197
3009,12.056305612889625
3010,6.521905997536856
3011,0.16725073832998394
3012,7.538807356429779
3013,2.765174076457928
3014,3.3377086507041662
3015,2.2296221414433948
3016,38.9902605760817
3017,18.294741012890363
3018,9.43806424061982
3019,0.2596391696487203
3020,11.08592751055666
3021,4.319068875088303
3022,4.819998219899199
3023,3.390854461500441
3024,35.03130307212884
3025,15.462402736024218
3026,9.098814968455901
3027,0.20570496565406882
3028,9.306035482046855
3029,3.559755825328714
3030,4.338183856928425
3031,2.7317232321895553
3032,23.271172788568524
3033,10.406088337144713
3034,5.776760769386924
3035,0.1514433742214943
3036,6.520863430618025
3037,2.271429909716788
3038,2.7844630283388128
3039,1.882527704186015
3040,15.92071250013454
3041,7.207790495595725
3042,4.1697066665978975
3043,0.0972052801073323
3044,4.521075915875472
3045,1.7698871777422094
3046,2.0597863873363695
3047,1.3366570132739188
3048,29.14762802061256
3049,13.316091552915248
3050,7.166392030754738
3051,0.20604158300667602
3052,7.933223822683547
3053,2.9658140210890163
3054,3.741497109250439
3055,2.476147603084739
3056,23.768893279785086
3057,10.59697876983115
3058,5.9552987406165485
3059,0.1444535288660978
3060,6.507978359583394
3061,2.4034023813310794
3062,2.775008103583342
3063,1.981136250929303
3064,16.989554207103556
3065,7.6669771198814605
3066,4.326321787909741
3067,0.0917227021148535
3068,4.891172392549241
3069,1.779427574400017
3070,2.076178769571826
3071,1.4482014557028509
3072,22.759267507980216
3073,10.53942935503107
3074,5.76235704482085
3075,0.13298349835368178
3076,6.294410846804049
3077,2.274928348220423
3078,2.715100569044956
3079,1.953046510606237
3080,15.492017474669339
3081,6.867008524600118
3082,3.811876446169274
3083,0.10517272473934228
3084,4.325798877132899
3085,1.5864649777086917
3086,1.8239953619626736
3087,1.298933184980724
3088,16.225075246774747
3089,7.381809591599269
3090,4.0880407341142835
3091,0.09041462529332113
3092,4.6665717564230285
3093,1.6445847760245933
3094,1.995370911053541
3095,1.3196064056685854
3096,33.50507044831695
3097,14.780432182167797
3098,8.522340448420056
3099,0.21955723295291568
3100,9.093569705664347
3101,3.3523924154901255
3102,4.190166624740751
3103,2.7336549269993995
3104,16.851289957624104
3105,7.779421365607783
3106,4.42427960643887
3107,0.10149372413332254
3108,4.737270506110592
3109,1.8307127918900665
3110,2.236467058796825
3111,1.495086333007534
3112,36.899047015793855
3113,15.684379020953735
3114,9.045190799261796
3115,0.23963418987300722
3116,10.080030819143875
3117,3.549979917816634
3118,4.66762078820469
3119,3.017917437557127
3120,24.764857704738386
3121,11.05418919854468
3122,6.057771733891894
3123,0.17112684492105032
3124,6.973623462289745
3125,2.593708824708453
3126,3.1138796545501037
3127,2.0288737823579774
3128,17.92229248235113
3129,8.402444524710543
3130,4.719691110988461
3131,0.1038434113539818
3132,5.191927219014262
3133,1.910803823405414
3134,2.2172652854628034
3135,1.4773537156470973
3136,45.939113070688265
3137,20.105794946083375
3138,11.474577703916932
3139,0.2780237558810194
3140,13.12966312587113
3141,5.017158013554229
3142,5.809618977032071
3143,3.9690062172978657
3144,20.48625046541337
3145,9.777983891631553
3146,5.4234046339776345
3147,0.12667761474378134
3148,5.880461783364037
3149,2.233486735570913
3150,2.570627730835366
3151,1.737791019438458
3152,25.4619393747141
3153,11.577521980540496
3154,6.626262672566884
3155,0.17350319350779148
3156,7.200993150831338
3157,2.7420459511462028
3158,3.241330728480301
3159,2.152759318439037
3160,30.493549793654573
3161,14.011262198792833
3162,7.6414421722957835
3163,0.2049902146140819
3164,8.258377053712877
3165,3.1341314168682217
3166,3.8283983949895335
3167,2.507921252614836
3168,23.561633330029228
3169,10.308239708381599
3170,5.774338314842536
3171,0.14807450423387375
3172,6.463895387843004
3173,2.354093691935775
3174,2.8931716856478187
3175,1.9983216853101051
3176,25.215154930379914
3177,11.328439974266423
3178,6.2019292410825155
3179,0.176596741623565
3180,7.055518754997978
3181,2.5145514382014627
3182,3.0974947736933416
3183,2.1997549418154976
3184,16.38777298564647
3185,7.280468814234068
3186,4.1078942427274985
3187,0.11106555619867928
3188,4.439909233498747
3189,1.6067625254392257
3190,2.0773336714263104
3191,1.3499956450329436
3192,37.394730133878554
3193,17.054833276460776
3194,9.44312492964697
3195,0.2628564455945271
3196,10.389717763331358
3197,3.8651657500278778
3198,4.593996546438563
3199,3.24527934833469
3200,15.13069746015822
3201,6.958735553197301
3202,3.8142803888192285
3203,0.08717407180173424
3204,4.149585354818974
3205,1.5489965125305423
3206,1.8389839701540827
3207,1.308204022637087
3208,16.841819395332692
3209,7.566328865829215
3210,4.367533498431478
3211,0.10707216643671406
3212,4.99517313668867
3213,1.8343433703399257
3214,2.1565342444879514
3215,1.4599539918482682
3216,25.431230722842248
3217,10.932601174956591
3218,6.0215140285988396
3219,0.1531515153528479
3220,6.997799830985411
3221,2.5411877525204125
3222,3.0440695604107493
3223,2.045025761371478
3224,27.366832743127382
3225,12.324983217988855
3226,6.714921315471145
3227,0.16546635941095125
3228,7.768851739202214
3229,2.9327513897828754
3230,3.6500246665793714
3231,2.5339688389948924
3232,18.597219962945733
3233,8.571857519422277
3234,4.822036884785533
3235,0.10557632455577856
3236,5.419565655258167
3237,1.9376453475260416
3238,2.3936944091161183
3239,1.564747704988889
3240,21.93285550307518
3241,9.51981691548546
3242,5.342923088873588
3243,0.11561988603896721
3244,5.78048655856831
3245,2.265788521818441
3246,2.496950440137772
3247,1.7728000023550843
3248,56.83857962452543
3249,27.29617055201539
3250,15.48175548697784
3251,0.4180190523019928
3252,16.412712474180402
3253,6.388795384416623
3254,7.807012166184638
3255,5.369866964383693
3256,16.864094099497166
3257,7.599630164768832
3258,4.429275541043748
3259,0.0976339677538396
3260,4.906233628842994
3261,1.8168694182015586
3262,2.2197289693612956
3263,1.4865674581092279
3264,18.245031761854094
3265,8.326813872896023
3266,4.883397006618412
3267,0.10705468270103305
3268,5.365255643699362
3269,2.054048232424709
3270,2.4458331013447383
3271,1.6182461471692913
3272,21.976704225094828
3273,9.589119974344733
3274,5.770731536515201
3275,0.12297068240953184
3276,6.621614455129712
3277,2.390834902303388
3278,2.907466529063273
3279,1.9102984399910885
3280,19.97058658533064
3281,9.217211453320575
3282,5.233071312483016
3283,0.10427986894696692
3284,5.824036175743126
3285,2.0938531873357196
3286,2.623845461383939
3287,1.7415885337622785
3288,18.73704075283617
3289,8.334739752097509
3290,4.97066768701904
3291,0.0962111689042551
3292,5.178289730761164
3293,1.9548602423760062
3294,2.366722954515941
3295,1.6018296287200962
3296,16.455966582602375
3297,7.348041444269712
3298,4.3991492196044035
3299,0.08742769367186849
3300,4.82013139384727
3301,1.7594575938346209
3302,2.1604446267108632
3303,1.418257629572535
3304,18.6806732065514
3305,8.203671887300882
3306,4.8905864343470995
3307,0.08431831188260623
3308,5.4124398502167175
3309,1.8681088912203918
3310,2.4026716539455877
3311,1.4976497409819691
3312,18.267536177623416
3313,8.563860557343457
3314,4.874531336646063
3315,0.10523788092580362
3316,5.471347089070706
3317,1.9698336592922983
3318,2.4065945302493374
3319,1.613135860939642
3320,26.09807379776126
3321,11.867569271237658
3322,6.971451117871522
3323,0.14365244576475833
3324,7.698867255604599
3325,2.7170198578163762
3326,3.283510056803437
3327,2.26037828036966
3328,30.774793717551727
3329,13.45231889869299
3330,7.443418777901753
3331,0.18651497610080447
3332,8.601470248131548
3333,3.17160748662928
3334,3.993357198858419
3335,2.5997977909101153
3336,15.869480766117816
3337,7.467860456172912
3338,4.028720852066728
3339,0.0739178780216095
3340,4.574938590259372
3341,1.6870905176315178
3342,1.938950865706383
3343,1.3412713604687063
3344,22.139109632475595
3345,10.006655196333805
3346,5.775724097729029
3347,0.1199453063055268
3348,6.430382645618246
3349,2.3499010162885896
3350,2.805970580425752
3351,1.911793001613123
3352,13.61057760981536
3353,6.043771445068414
3354,3.454320692509696
3355,0.07322755955681015
3356,3.49496236522672
3357,1.3492722381363567
3358,1.5689278203107724
3359,1.0877765410992979
3360,15.660611619306765
3361,7.324748063313688
3362,4.392145793606794
3363,0.08940416857793636
3364,4.986139044369977
3365,1.7563386717863534
3366,2.141233409106929
3367,1.4636405531213512
3368,18.03301628914768
3369,8.436073195364097
3370,4.788080636116003
3371,0.10251029406327183
3372,5.007290088304508
3373,1.9177555300185183
3374,2.3497258780582713
3375,1.610198460117145
3376,20.74084318662082
3377,9.10419450234555
3378,5.26283444684863
3379,0.10316846129762143
3380,5.883035062725917
3381,2.0841002602820815
3382,2.605838075121259
3383,1.7648860146935657
3384,27.28442887429596
3385,12.601591201717417
3386,7.178741380373564
3387,0.1544756182182764
3388,7.887514890844894
3389,2.978631935434674
3390,3.780875925319947
3391,2.4318982832123295
3392,15.944328329642456
3393,7.469687772455411
3394,4.343202111522241
3395,0.0828415193849114
3396,4.742985043078237
3397,1.7854648604530345
3398,2.1271907756601736
3399,1.4987424070973085
3400,42.83366644472824
3401,19.036504841753658
3402,10.612080361501512
3403,0.2425419025257869
3404,12.130991518889068
3405,4.538007664642804
3406,5.852025130317046
3407,3.5773548001770883
3408,20.99079294564917
3409,9.234115082180734
3410,5.181091299984481
3411,0.09967333753548598
3412,5.7937737143500705
3413,2.081220034164524
3414,2.5654354905402834
3415,1.7355573361563459
3416,25.916541812464327
3417,11.723030806272867
3418,6.590144274684375
3419,0.13528979062729854
3420,7.37123115836613
3421,2.7098938044592042
3422,3.4608680730026675
3423,2.1731644607070715
3424,39.47553388920523
3425,18.050461842453558
3426,10.020746792958219
3427,0.23902868285452447
3428,11.044302905200695
3429,4.288806876201125
3430,5.008008006657746
3431,3.3827553054047166
3432,33.829079369578395
3433,14.743963064242797
3434,8.828761616435237
3435,0.18229781336439912
3436,9.368230708378238
3437,3.507195862784431
3438,4.338975443450775
3439,2.7984307277264526
3440,22.200509688386088
3441,9.781397302605203
3442,5.581868417246274
3443,0.12503439672256147
3444,6.2769951133710835
3445,2.216823861363998
3446,2.832097304163274
3447,1.8614306013854804
3448,15.735398572226993
3449,7.06435946814437
3450,4.035989923666659
3451,0.0890278214427712
3452,4.6657238561339955
3453,1.720203483483266
3454,2.0991066187780527
3455,1.324798948779946
3456,28.82712525108851
3457,12.333738421651777
3458,6.933728904891651
3459,0.17186218283866436
3460,8.009394880224015
3461,3.0217507586287833
3462,3.75479279643641
3463,2.3714986255995694
3464,22.600965703090505
3465,9.911566024754997
3466,5.964296312414024
3467,0.11800589091751534
3468,6.301902853522477
3469,2.384601185925007
3470,2.766395224976427
3471,1.9501683887063705
3472,15.783090395432339
3473,7.37835880250299
3474,4.361765196847004
3475,0.08111505512704438
3476,4.801195565968092
3477,1.7778651195854958
3478,2.1322899194878007
3479,1.4059171812397826
3480,22.21489752952268
3481,10.189972995505299
3482,5.793074631483876
3483,0.12718347738599434
3484,6.110184928372493
3485,2.212446172216481
3486,2.8379131410470326
3487,1.9292500288442702
3488,14.860926791899521
3489,6.510699359737562
3490,3.829183717576886
3491,0.08077418258700021
3492,4.287384403170913
3493,1.6231641926013292
3494,1.7501564886506844
3495,1.2372190770390923
3496,15.731917983603886
3497,6.959558828899987
3498,4.083578785818682
3499,0.0920934172007066
3500,4.649781677178605
3501,1.5861554899104289
3502,2.0354012805847117
3503,1.3173634251805244
3504,32.21931528273184
3505,13.916012898124805
3506,8.348421669980832
3507,0.18202156588929816
3508,9.400988085715884
3509,3.2502941758818853
3510,4.19506351645116
3511,2.662330293283016
3512,16.19619685582002
3513,7.611143183742619
3514,4.389524929742123
3515,0.07695336619418242
3516,4.7289276462799945
3517,1.7426675343792688
3518,2.1821208471258435
3519,1.4155655497458242
3520,36.22974821460372
3521,15.205563619359127
3522,9.014103875990328
3523,0.19331607708423873
3524,9.81794072491223
3525,3.473112124300568
3526,4.5831856659605
3527,3.0545461209268963
3528,24.467794122650137
3529,11.004090621718488
3530,6.261512260093412
3531,0.12768972818177435
3532,6.93155809387346
3533,2.592241114645941
3534,3.1766427924973266
3535,2.0267050254348145
3536,17.74502613267642
3537,8.146265189117395
3538,4.642422250609737
3539,0.08366718165293954
3540,5.048956777538638
3541,1.8714017777754763
3542,2.19954778204886
3543,1.511961237834627
3544,45.85368455074926
3545,20.918184767844846
3546,11.627114322484015
3547,0.25880564169369935
3548,13.033568061009287
3549,4.955689240327555
3550,5.936829320220148
3551,4.005173011907089
3552,20.44522488415958
3553,9.252395971933822
3554,5.309482959164354
3555,0.10418143677611809
3556,5.8776003400439905
3557,2.1629978000716825
3558,2.580557623837622
3559,1.7195573246814255
3560,25.63148023565544
3561,11.365176421631023
3562,6.548678899619134
3563,0.14122843983743627
3564,7.257679667069849
3565,2.6986607325748446
3566,3.1940539099976504
3567,2.176402726086545
3568,30.172899903844947
3569,13.210843451023338
3570,7.583790246643448
3571,0.17822131755451456
3572,8.260316326048146
3573,3.121791075726067
3574,3.9986028239197795
3575,2.5357714305400583
3576,22.530554790386994
3577,9.975598592242585
3578,5.70626693766236
3579,0.11948353367427997
3580,6.372459697624716
3581,2.344786214437702
3582,2.8037595472805927
3583,1.9963258738415115
3584,24.079659328911518
3585,10.833768407543086
3586,6.233476090034936
3587,0.12838539547391797
3588,7.012888282385754
3589,2.4434570496883974
3590,3.1594459232050434
3591,2.084732525952829
3592,15.299405000483993
3593,7.015396239585194
3594,4.116367250403074
3595,0.08448546452864557
3596,4.717538625814613
3597,1.5762574696464566
3598,2.0550619018065035
3599,1.3213520839668083
3600,35.474622965333964
3601,16.683062997445273
3602,9.457615345162786
3603,0.21102091022730468
3604,10.05093625042772
3605,3.8670209226087957
3606,4.814438559995923
3607,3.104325908703177
3608,14.62229700315804
3609,6.707651100957409
3610,3.8609447724855492
3611,0.0674095037192879
3612,4.1809027983388
3613,1.5431076617205053
3614,1.8913155429252002
3615,1.2898493098440809
3616,16.033439997799576
3617,7.229274973569063
3618,4.394267633763831
3619,0.07978178409491606
3620,4.597475401942349
3621,1.7339202743921451
3622,2.1611438531046554
3623,1.4324708033966804
3624,24.751893642029074
3625,10.78556710908395
3626,6.013223079651125
3627,0.13599690458174613
3628,6.938758895110776
3629,2.5856611744475475
3630,3.213497447563361
3631,2.1772878169462855
3632,27.679603792721583
3633,12.572435843366774
3634,6.920497345904345
3635,0.14514528931415624
3636,7.919721083382057
3637,2.961252958272525
3638,3.6117495192568008
3639,2.5579381008812145
3640,18.595766405453922
3641,8.657773905171448
3642,4.700575521746417
3643,0.09085076067133832
3644,5.337602703702385
3645,1.9665111314660078
3646,2.4239771755900135
3647,1.654478150337151
3648,20.287065086024846
3649,9.211414694103242
3650,5.337720945438942
3651,0.11038134555444677
3652,5.635201960031177
3653,2.1165702841726657
3654,2.555271868567364
3655,1.7729684455709864
3656,57.21713538694461
3657,27.407758268196716
3658,14.994503035579966
3659,0.41361881364063807
3660,16.723873438082098
3661,6.294673824071783
3662,7.680478085479567
3663,5.163198448880539
3664,16.35089472965848
3665,7.325776948264111
3666,4.445271426562367
3667,0.08324053424420766
3668,4.811430448904262
3669,1.7614052549096033
3670,2.25697613695372
3671,1.3810313071667473
3672,17.650893154578295
3673,7.912953605159387
3674,5.047912071376342
3675,0.12332889542248485
3676,5.525233454234324
3677,2.0703118582143607
3678,2.543080798430041
3679,1.6689408311941119
3680,21.056006318249693
3681,9.318597185320296
3682,5.909443186435705
3683,0.13019442687206537
3684,6.719810242978768
3685,2.5295785499944388
3686,3.017824997604717
3687,1.9427598734552514
3688,19.388648858342396
3689,8.695415600801951
3690,5.371513847940713
3691,0.10467629124463049
3692,5.87154707549917
3693,2.284271064493436
3694,2.771889156260849
3695,1.7802630768427514
3696,18.00919207222973
3697,7.683585049381951
3698,5.1654543913284705
3699,0.12507022536220108
3700,5.259303840154505
3701,2.010487686249085
3702,2.554928387002628
3703,1.5913551410748836
3704,15.080365956559518
3705,6.785695620392692
3706,4.686135102266048
3707,0.08909128383955174
3708,4.896152580724567
3709,1.7820498399472002
3710,2.233790195415217
3711,1.4631945515495526
3712,17.92734734168365
3713,7.785932321885811
3714,5.236062618286301
3715,0.1068463892752237
3716,5.3696355212981945
3717,1.8695102402959958
3718,2.493442052014027
3719,1.5589494115030147
3720,17.584350114382808
3721,8.078497457543108
3722,5.054632422299505
3723,0.10107259312423836
3724,5.516993403226582
3725,2.031254666582255
3726,2.5509115867160905
3727,1.6580618515466892
3728,25.41481553730795
3729,11.063476329606226
3730,7.07248959299788
3731,0.16649105399266062
3732,7.604121227773133
3733,2.7982270841713492
3734,3.474950506878815
3735,2.2682431170066484
3736,29.201122288746355
3737,12.876824618074059
3738,7.653371103564552
3739,0.17062495901408276
3740,8.476252469913815
3741,3.172708689685807
3742,4.198191838670677
3743,2.6024987622308617
3744,15.229174984186045
3745,7.067662226160581
3746,4.359620470016474
3747,0.10068287326108326
3748,4.668154652168751
3749,1.8054919191478185
3750,2.1379920783315223
3751,1.418301960972074
3752,21.393120513759094
3753,9.325623533278208
3754,5.944088944846932
3755,0.13472701682046748
3756,6.42416882183649
3757,2.3631983647316543
3758,2.968893960199696
3759,2.0009015465629747
3760,13.033834654064098
3761,5.467240595067999
3762,3.593652189071613
3763,0.09823020141883448
3764,3.462335933276177
3765,1.383950223297911
3766,1.7172818420124913
3767,1.1655515772251228
3768,15.474328401500495
3769,6.7813890736935925
3770,4.66016910521635
3771,0.0855453633022449
3772,4.933288597431624
3773,1.8591669884865738
3774,2.222626294205673
3775,1.4663543277089224
3776,17.657526677778616
3777,7.904879413483462
3778,5.097575315369066
3779,0.10801794327115856
3780,5.146453436691061
3781,1.976008214608593
3782,2.4916818332917963
3783,1.70131920674894
3784,19.68162746934802
3785,8.518256704761756
3786,5.7397881793515575
3787,0.10986202902830325
3788,5.773804660822971
3789,2.1820119794158632
3790,2.7983350115551704
3791,1.8240879197439237
3792,27.783779022394828
3793,12.187892196884121
3794,7.648975380647031
3795,0.17657570269901152
3796,8.096773339001496
3797,3.1296505226043285
3798,3.9377046491855077
3799,2.490705372473372
3800,15.037934581255765
3801,7.035476901926796
3802,4.639961611256115
3803,0.09589763893784414
3804,4.86572740068603
3805,1.8365866424690442
3806,2.292898891847279
3807,1.509368281377872
3808,41.05326501105171
3809,18.413841375732485
3810,11.108992798708226
3811,0.268350885144288
3812,12.45310142541882
3813,4.780517684742272
3814,5.8823245211563
3815,3.676809281689028
3816,21.116303823787383
3817,8.668810715726353
3818,5.433869694841982
3819,0.11195941322747595
3820,5.845355699435647
3821,2.189175210883702
3822,2.705780073864394
3823,1.8354449192420699
3824,25.074891965549938
3825,11.699404925357724
3826,6.960825427362042
3827,0.1432419248613865
3828,7.665984464933842
3829,2.743022789301244
3830,3.627611048002925
3831,2.2738870992530917
3832,38.541696114129344
3833,17.166963933869926
3834,10.446588107894806
3835,0.2702429871259163
3836,11.352195510051075
3837,4.489316089975564
3838,5.2589698205322595
3839,3.4256450707081876
3840,34.37765146277322
3841,14.505972875727878
3842,9.60665898848717
3843,0.19459705372965855
3844,9.525995932616283
3845,3.724893950420681
3846,4.542239417751162
3847,2.782598594799844
3848,21.469190249780077
3849,9.216672895528124
3850,5.937942249003349
3851,0.1412350923090578
3852,6.193251835316634
3853,2.344479451332151
3854,2.969899128420508
3855,1.943661038993527
3856,15.297214763631827
3857,6.76710979184582
3858,4.143723420441518
3859,0.09561105873118339
3860,4.5175132245025535
3861,1.7908868750914626
3862,2.1299332328672858
3863,1.3269083705563178
3864,27.58005359927373
3865,11.989229018447594
3866,7.253477224487378
3867,0.17145137164369018
3868,7.951679302541964
3869,3.0614679662464845
3870,3.959947102643446
3871,2.52230080236094
3872,21.885835614715187
3873,9.564691498650248
3874,6.101778233384841
3875,0.13438177270416493
3876,6.315202605353386
3877,2.4765401921578944
3878,2.9659612198331167
3879,2.001520042472609
3880,15.67910459296693
3881,6.958166880959892
3882,4.557299712946124
3883,0.08436976357752733
3884,4.688686378014489
3885,1.8218519771974866
3886,2.2067470219476006
3887,1.4033802528190618
3888,21.665354122630692
3889,10.165298913519914
3890,6.120789354484122
3891,0.13408539279777118
3892,6.434736832080768
3893,2.3638547358733972
3894,2.9474386445358998
3895,1.9695654898899493
3896,14.630793547234129
3897,6.391731357180479
3898,3.9160651408876843
3899,0.07406332263592438
3900,4.42032528548762
3901,1.6383236301642332
3902,1.9794472592118406
3903,1.289208296378838
3904,14.902298791719144
3905,6.7173451830138
3906,4.273349736893911
3907,0.10001209473972701
3908,4.58968652923617
3909,1.7672301280161906
3910,2.091303256362131
3911,1.3491451740922238
3912,31.812654398515882
3913,13.898067061255217
3914,8.783963885113815
3915,0.2005810085173534
3916,9.142062342885225
3917,3.5155417186210944
3918,4.393644547778975
3919,2.7331645128108377
3920,16.127407221704136
3921,7.147983367816856
3922,4.55597492341573
3923,0.09981733944331712
3924,5.028519420313655
3925,1.8612357775275343
3926,2.2826591646747056
3927,1.4203113118906057
3928,35.07094687240824
3929,14.398494294976787
3930,9.31556062178874
3931,0.2070633014499039
3932,9.72079645810077
3933,3.632344415659233
3934,4.733169262465242
3935,3.0432614498317543
3936,23.530966405236338
3937,10.54907726272819
3938,6.6545714616612734
3939,0.1463260962974955
3940,7.140361036480498
3941,2.6566020952792484
3942,3.22228318025428
3943,2.0927722604967647
3944,16.957777188045398
3945,7.606095191714986
3946,4.99868584091739
3947,0.10154147251225834
3948,5.2338693420097995
3949,1.908519562269994
3950,2.3540027759714515
3951,1.532253149271077
3952,42.43993254547197
3953,19.64730675194235
3954,12.078742776939691
3955,0.25519936378342883
3956,13.161628794184942
3957,5.085711953477983
3958,6.3270468875663095
3959,3.9792130288174214
3960,20.40205317035015
3961,8.966442157437502
3962,5.792191762355686
3963,0.11687987779637746
3964,5.959154635455381
3965,2.2229349888887593
3966,2.6741151809162025
3967,1.8011293180516794
3968,24.750945652950875
3969,11.085807645641157
3970,6.757793609384586
3971,0.16633987282317347
3972,7.18575988296614
3973,2.7746220781731683
3974,3.516552521807881
3975,2.2488277434368245
3976,29.243220190667124
3977,12.646462707617971
3978,8.17798492265288
3979,0.1669601676869622
3980,8.520912872822406
3981,3.269175450202477
3982,4.0542611070742325
3983,2.6040502826789247
3984,22.331127107086427
3985,9.374100073681678
3986,5.940602645798908
3987,0.13759285784718547
3988,6.603832296689717
3989,2.4314404247390478
3990,3.0020564891086705
3991,1.9945678144194277
3992,23.727907623808363
3993,10.729751099896724
3994,6.582365426605801
3995,0.14919483248561474
3996,6.872985194233885
3997,2.5997619170709365
3998,3.31433671341795
3999,2.2065875334062994
4000,14.807922974608141
4001,6.816446603465756
4002,4.288509898497957
4003,0.08939120667000754
4004,4.637724098506637
4005,1.623258538871723
4006,2.1303507202921463
4007,1.352127596965839
4008,35.80871142787532
4009,16.165705759862202
4010,9.48445914536079
4011,0.2064178915921118
4012,10.540085292575244
4013,3.9930454860397404
4014,4.787678481769293
4015,3.3199528755330596
4016,13.84010009349691
4017,6.164977686303903
4018,3.9703849638729083
4019,0.09811797812124087
4020,4.269181588104757
4021,1.5627941022492917
4022,2.0066540679205405
4023,1.3063411342606162
4024,15.59453646506751
4025,6.844931846995415
4026,4.6017500785688235
4027,0.09771500371915563
4028,4.8656871519072515
4029,1.85451743752879
4030,2.227428122161212
4031,1.4756142317605734
4032,23.696024341215757
4033,10.747442426007932
4034,6.22742585371278
4035,0.14296532484484292
4036,6.952001620685705
4037,2.6574590274334624
4038,3.244457927173646
4039,2.212217187554506
4040,27.116604650998443
4041,11.91416895704163
4042,7.287285576527313
4043,0.16699180609794886
4044,7.896299209010103
4045,3.093471083720694
4046,3.8338704040786067
4047,2.5821558370035005
4048,17.82763039695341
4049,7.93198976866063
4050,4.913506190839938
4051,0.10585106677706178
4052,5.296742753029902
4053,1.9947610415355337
4054,2.5610817435435163
4055,1.6606409356921368
4056,19.840908084311312
4057,8.727197045274412
4058,5.612125220082769
4059,0.12122937918784416
4060,5.7298859815740215
4061,2.2710101442143587
4062,2.6907829155614045
4063,1.7824781590246686
4064,54.072530474368776
4065,26.29603632979629
4066,15.973852377268727
4067,0.4090973248819284
4068,16.748637340360634
4069,6.72581821083942
4070,8.035076016812019
4071,5.356566078544776
4072,15.919049485510625
4073,6.892875167512474
4074,4.643600417776154
4075,0.08829772632635742
4076,4.727059233265195
4077,1.8574896385519013
4078,2.3212134787772256
4079,1.4023886542645765
4080,19.142169537458283
4081,8.8481546189456
4082,4.536932549577406
4083,0.211827500756268
4084,5.089682700961916
4085,1.8864505708462487
4086,2.1802909850398664
4087,1.5615494957413318
4088,23.12409311419056
4089,10.354190662709431
4090,5.27651540550416
4091,0.22859169923238984
4092,6.234823996040254
4093,2.320950170912638
4094,2.600077619009975
4095,1.8277496385734944
4096,21.382946679702705
4097,9.676100784923435
4098,4.84787012809162
4099,0.20826437152282026
4100,5.437084037981293
4101,2.1200946694957894
4102,2.4246148757801285
4103,1.7089274187720371
4104,19.697409068760862
4105,8.558146974820627
4106,4.605287330899739
4107,0.20319032065669937
4108,4.895824232547014
4109,1.8520647206361212
4110,2.2051955577108346
4111,1.5035312052220993
4112,16.905538338508716
4113,7.786380708264579
4114,4.246931009645434
4115,0.17729181672890929
4116,4.515611021681213
4117,1.6513326962857797
4118,1.9418975675276018
4119,1.3781437705730828
4120,19.59296673807783
4121,8.65767088587969
4122,4.700989993088684
4123,0.1858593728467043
4124,4.993446627923339
4125,1.7302306686846844
4126,2.1695515156842404
4127,1.4700968967509938
4128,18.891457901798866
4129,8.9307355624888
4130,4.515087219702782
4131,0.18288063855278366
4132,5.095746010809271
4133,1.8602280116389989
4134,2.187804830842707
4135,1.5692707878126484
4136,27.570554337732784
4137,12.072823430443057
4138,6.243715286472471
4139,0.2898382575081978
4140,6.98536363109538
4141,2.5695511415622834
4142,2.980666249381696
4143,2.139606880781098
4144,31.563707890318568
4145,14.221350129180642
4146,6.934292492291893
4147,0.31099665777515006
4148,7.909372905989863
4149,2.926957365247949
4150,3.6449340737666396
4151,2.481278071730116
4152,16.250598705987287
4153,7.7526392514433295
4154,3.858998372604509
4155,0.1794549448603672
4156,4.317569627641118
4157,1.6578563715652554
4158,1.8428808191277453
4159,1.3251843218878727
4160,23.182181833303613
4161,10.252679408045198
4162,5.30669404219055
4163,0.2295841616410233
4164,5.906556981599855
4165,2.1582053466286566
4166,2.5528621928641035
4167,1.870013581862624
4168,14.193992512932638
4169,6.205443544711055
4170,3.2338326510517628
4171,0.16384314037380107
4172,3.2215989737511173
4173,1.2610061454432036
4174,1.4691491685775329
4175,1.0898505839538042
4176,16.984742941417633
4177,7.656132084545557
4178,4.241718164037068
4179,0.16517058561442313
4180,4.525642132244011
4181,1.7028354608624177
4182,1.9228614824295511
4183,1.3716382356897312
4184,19.239849834029712
4185,8.997014928391787
4186,4.607252627683373
4187,0.217698516454082
4188,4.719023494737817
4189,1.831430253994254
4190,2.16602714158809
4191,1.622602500985966
4192,21.378337279522206
4193,9.456584755339229
4194,5.153592567331201
4195,0.19916407432477837
4196,5.368805026714607
4197,2.010830715406245
4198,2.426247757168116
4199,1.7289321240152955
4200,28.88382291995779
4201,13.006416501467534
4202,6.879819604757448
4203,0.31583028980153377
4204,7.3942294666031225
4205,2.8733866109428794
4206,3.4164391072624647
4207,2.354914407299532
4208,16.41953350382455
4209,7.886653316663448
4210,4.144155820127858
4211,0.17327396582602145
4212,4.450102169183452
4213,1.6663191300304507
4214,1.9559655239175966
4215,1.4108610206798418
4216,45.383607939869854
4217,20.145242813888498
4218,10.054413706315554
4219,0.445998880722926
4220,11.456364134281865
4221,4.376203320308826
4222,5.103929588433632
4223,3.4631352334453145
4224,22.07550456197392
4225,9.539109954912504
4226,4.8006534492215795
4227,0.21752637970099878
4228,5.335993765513039
4229,1.9877862189363655
4230,2.3023629782280555
4231,1.7132881714455097
4232,27.057973498395445
4233,12.748296276718124
4234,6.301267072578623
4235,0.29015654661004087
4236,7.102979538079744
4237,2.554107340696376
4238,3.1631748946984364
4239,2.186387772745745
4240,41.609266461894656
4241,18.781987551662812
4242,9.384563391098338
4243,0.4470848793386304
4244,10.439573264169024
4245,4.12894468636127
4246,4.5711775483748065
4247,3.262969818759108
4248,36.91186047656813
4249,15.739770054368844
4250,8.47983328151997
4251,0.3726501582647757
4252,8.761984892268819
4253,3.416779531476707
4254,3.938268498164928
4255,2.6318849260348007
4256,23.356989311247006
4257,10.166797897057911
4258,5.3269125567919495
4259,0.2385232951438445
4260,5.751133050523873
4261,2.146545183611254
4262,2.559934168097656
4263,1.8242783284220603
4264,16.534822508391702
4265,7.554082151145566
4266,3.7275887200794036
4267,0.17993345666172694
4268,4.2156426667942055
4269,1.6585162078407245
4270,1.8653100564528498
4271,1.259562223760987
4272,29.73112413507557
4273,13.073544149837877
4274,6.562874881800052
4275,0.30592516083362226
4276,7.370272541542971
4277,2.8194633949677277
4278,3.448364870892537
4279,2.388485051580048
4280,24.00956161180269
4281,10.61084945161127
4282,5.531680970533313
4283,0.23471724827449192
4284,5.875743900373105
4285,2.279224168792257
4286,2.5650188396753526
4287,1.8829814535844938
4288,17.257010848669534
4289,7.939301566151049
4290,4.091757226541012
4291,0.16651444129724544
4292,4.380211196777505
4293,1.6727890272457724
4294,1.9120988589665393
4295,1.3179256604741834
4296,23.918282907895968
4297,11.19321966632624
4298,5.4635044542956495
4299,0.24192843352891472
4300,5.924948654709103
4301,2.1769974543810076
4302,2.5712042640221733
4303,1.866454376626123
4304,15.784491341166733
4305,7.244057355845811
4306,3.5435206894046574
4307,0.15975204510645427
4308,4.059745042443704
4309,1.4921612424458386
4310,1.7131346278960846
4311,1.199729175721711
4312,16.35128334427398
4313,7.569022541942789
4314,3.8425046288360774
4315,0.17181847060581149
4316,4.241929216245184
4317,1.618527190095145
4318,1.807302451260761
4319,1.2612075856028218
4320,34.72691302158153
4321,15.169360014025596
4322,7.842642515558242
4323,0.36706572670991544
4324,8.457602431304965
4325,3.2541834355488697
4326,3.794831458882739
4327,2.6090412700525123
4328,17.805825289817232
4329,7.919628238773631
4330,4.05123210222732
4331,0.1767861884134468
4332,4.548159023116872
4333,1.6830101202595575
4334,1.957996965089897
4335,1.3125889583438155
4336,38.49514725958331
4337,15.91644483503038
4338,8.547313589085938
4339,0.3835911341419351
4340,9.031150913303133
4341,3.3816046609401123
4342,4.137503711643652
4343,2.9050100543881334
4344,25.67907898592832
4345,11.764323649663021
4346,6.04783552269018
4347,0.2594933958449794
4348,6.646875107031224
4349,2.471160020329312
4350,2.8120816929516974
4351,1.9877594464258619
4352,18.323737530807417
4353,8.437849629455847
4354,4.485009068324863
4355,0.18885666181231492
4356,4.77119986296143
4357,1.7410653682380053
4358,2.0353514128978425
4359,1.4277313119362312
4360,48.92730951338081
4361,22.0370814548439
4362,11.115623277735457
4363,0.4548205195539066
4364,12.227442929316318
4365,4.773277783946813
4366,5.58209418271928
4367,3.840696378577342
4368,21.318393431102592
4369,9.845299511625857
4370,5.183280408044874
4371,0.20053551226132377
4372,5.490697024033633
4373,2.028909921563356
4374,2.294730184651974
4375,1.700624570674778
4376,27.204116121731467
4377,12.28742009487507
4378,6.072238757551832
4379,0.29266630681010547
4380,6.658056489529452
4381,2.5727346829849886
4382,3.0678212778864222
4383,2.134839261031208
4384,31.37326003201844
4385,13.82737285866159
4386,7.406200801654722
4387,0.3159449340234998
4388,7.951706768678456
4389,3.020031012942438
4390,3.531422886799621
4391,2.4868137520971274
4392,24.428042869673092
4393,10.235713143475618
4394,5.315118828701132
4395,0.23152957784735406
4396,6.075938429436713
4397,2.2168878243074457
4398,2.5861752677766434
4399,1.8624067381119824
4400,25.717932297985936
4401,11.802112929433067
4402,5.944062022666631
4403,0.2545484272602817
4404,6.392232445970033
4405,2.3889752597377805
4406,2.871601347608279
4407,2.076743815852202
4408,16.460816244285414
4409,7.568422583730036
4410,3.924698142512786
4411,0.18054818672009498
4412,4.303084778697771
4413,1.4983537964010967
4414,1.8598971813142182
4415,1.2755636022278507
4416,40.13020395635925
4417,18.036860088071556
4418,8.7429214020002
4419,0.38963523591466265
4420,9.747187758787263
4421,3.699056293164452
4422,4.147382329528047
4423,3.168962550756191
4424,15.242576633939487
4425,6.979075602052246
4426,3.5532864949239937
4427,0.16784061401121247
4428,3.9446287478459556
4429,1.423094245416009
4430,1.7203400679311875
4431,1.2084413318747835
4432,17.123224497457425
4433,7.819262004236846
4434,4.136697727700875
4435,0.18178089492844904
4436,4.466274730664008
4437,1.7062316890425309
4438,1.9366915548675872
4439,1.3813688458132831
4440,26.04344934857259
4441,11.755877563634225
4442,5.576818384745176
4443,0.25128144141707615
4444,6.421020861792003
4445,2.440247301289236
4446,2.8102758526304816
4447,2.0768017992259633
4448,28.58463112681048
4449,12.76546250672861
4450,6.4739224744102195
4451,0.28541513959189363
4452,7.0943960490315305
4453,2.8186548296122007
4454,3.2944558534916637
4455,2.420781726307435
4456,19.868706245470758
4457,8.816205933413793
4458,4.36155366564612
4459,0.17626806063912592
4460,4.849422990931842
4461,1.8180619960450812
4462,2.183830656316776
4463,1.5554897157622078
4464,21.562469847877367
4465,9.621443310043668
4466,5.044490173081946
4467,0.2151695840276157
4468,5.308126090329687
4469,2.075703159891666
4470,2.3147026786001343
4471,1.6835132246405713
4472,61.58621739812369
4473,29.149125083054294
4474,14.518339876239459
4475,0.6352665020373386
4476,15.639160297550724
4477,6.296669741099226
4478,7.096912430940194
4479,5.149531243789452
4480,17.558977036957216
4481,7.796475299457305
4482,4.197084907687968
4483,0.1719108039641347
4484,4.373979164803714
4485,1.7096863139588558
4486,2.0112628202509404
4487,1.3083688228000134
4488,19.44633380048381
4489,8.848928399568297
4490,4.007524009202101
4491,0.7203752599423654
4492,3.7707708141938334
4493,1.7287666904693397
4494,1.8411194559466617
4495,1.4440320116716525
4496,22.775847761549482
4497,10.021219663554422
4498,4.751661802400398
4499,0.7670212290784015
4500,4.898618251119659
4501,2.0145468034570047
4502,2.214602071974971
4503,1.692718583529632
4504,20.712761075659127
4505,9.473452451079662
4506,4.352279365928088
4507,0.6907584049271854
4508,4.268477054882252
4509,1.7488309105488573
4510,1.99825650780768
4511,1.5199367248111768
4512,19.519235645169147
4513,8.542171050336032
4514,4.076450951090848
4515,0.6530118093813404
4516,3.718820519618656
4517,1.6402330954688331
4518,1.833782518719379
4519,1.4051253905860102
4520,17.3851576399732
4521,7.634192763385903
4522,3.5296577910465947
4523,0.625936990712831
4524,3.4802388128941772
4525,1.4889701085053821
4526,1.6791626688426635
4527,1.2902072438101977
4528,19.52290273647061
4529,8.442898595837208
4530,3.9702728520106363
4531,0.6053259785012565
4532,3.952938947706075
4533,1.579993253207083
4534,1.8575824428942156
4535,1.3710777728723682
4536,19.33023002838893
4537,8.738870920653088
4538,4.00180660214582
4539,0.6658130323768358
4540,3.900015059902451
4541,1.6494300572077907
4542,1.821917767540289
4543,1.4256607609980732
4544,27.603916921604
4545,12.57257357606033
4546,5.733173171192916
4547,0.9190854624618964
4548,5.697590071075275
4549,2.3073510604946863
4550,2.530765590717876
4551,2.0108235067114424
4552,31.58277924654446
4553,14.137724026768828
4554,6.156966406104547
4555,1.0216688141880057
4556,6.332771140567575
4557,2.6736596281138487
4558,2.9790716108781266
4559,2.2839996966526077
4560,16.542748176726228
4561,7.67603721116428
4562,3.248496543733758
4563,0.575775220836618
4564,3.2911161617864124
4565,1.4158156329049152
4566,1.5012542252082537
4567,1.2148190552478704
4568,22.688072737644376
4569,10.460314435881159
4570,4.692614639802439
4571,0.7634956048649633
4572,4.630197197125568
4573,1.9485303243179313
4574,2.1291664282625513
4575,1.663880869558989
4576,14.100186387186788
4577,6.063186676878462
4578,2.7945359357044124
4579,0.564371059231528
4580,2.6113021023996406
4581,1.1582653095656437
4582,1.2168236442618965
4583,1.0066193249802158
4584,16.31173457305337
4585,7.512427097050132
4586,3.5447315799044468
4587,0.6168506631445252
4588,3.52619998681938
4589,1.4592480898605138
4590,1.6280231534426224
4591,1.2843776349758151
4592,18.72836208893149
4593,8.757843775595532
4594,3.8303557337743377
4595,0.6571662013823834
4596,3.5785656442172877
4597,1.6030075850393475
4598,1.7853500265829108
4599,1.3983510961530172
4600,21.585243366583736
4601,9.541125585002385
4602,4.395756855920156
4603,0.7340163325940077
4604,4.2563308985904085
4605,1.760346406093321
4606,1.981542503222663
4607,1.5649136941373771
4608,28.082315800078995
4609,13.306746776558157
4610,5.863480257208623
4611,0.9662737977934137
4612,5.916293039517587
4613,2.4896872184668037
4614,2.7981879900416007
4615,2.110876016059392
4616,16.60114283977387
4617,7.604546097223903
4618,3.5111498895205906
4619,0.616770773974384
4620,3.3576954073284973
4621,1.4874996494981934
4622,1.6197947778003308
4623,1.3233044351222107
4624,45.27190372450836
4625,20.291020890165264
4626,9.334082817123676
4627,1.4685342232894258
4628,8.966444310908166
4629,3.8289693178772857
4630,4.420956967316626
4631,3.1656431467237067
4632,21.76082952842454
4633,9.706835711218899
4634,4.231763892103052
4635,0.7311655740644051
4636,4.163974604102677
4637,1.7664277398663923
4638,1.9518601185707607
4639,1.5376027152215903
4640,26.887805316316587
4641,12.348145303008804
4642,5.563708382419822
4643,0.8627024142345827
4644,5.4542380123961145
4645,2.2714348015613983
4646,2.597186785606051
4647,1.9207314049953634
4648,41.004649056432434
4649,18.807141399478795
4650,8.159971170339807
4651,1.3172298953656616
4652,8.005974226107488
4653,3.5706170351648647
4654,3.778500557214041
4655,3.0040664164153736
4656,35.478315133914954
4657,15.539677973707528
4658,7.334813292559668
4659,1.1370210215626793
4660,6.989046956052676
4661,2.951561187210901
4662,3.2472125287766427
4663,2.4773248815077595
4664,23.135456810691736
4665,10.341718281617998
4666,4.691558278567803
4667,0.7783450261825132
4668,4.621134839725101
4669,1.8970073114366766
4670,2.174475174558191
4671,1.6665412396228745
4672,16.56711638606732
4673,7.119905039969655
4674,3.2120158837018074
4675,0.5930775739242959
4676,3.2828314695105405
4677,1.434218359534196
4678,1.5925736805280146
4679,1.1811063203713499
4680,29.787539204039938
4681,12.904468246131584
4682,5.826266547003414
4683,0.9451631806964605
4684,5.960778927034722
4685,2.538194973717967
4686,2.8372608830308237
4687,2.078519805847412
4688,23.350736889167116
4689,10.284232091083869
4690,4.67428828272046
4691,0.7522750914724237
4692,4.508942473204979
4693,1.9881685260662931
4694,2.1147391113533547
4695,1.6983486481180514
4696,16.85993721875785
4697,7.654373583618735
4698,3.587362172446533
4699,0.6071485145892243
4700,3.411885089517964
4701,1.491859554477523
4702,1.6338461371393345
4703,1.270396833679247
4704,23.07175541472806
4705,10.72550228521008
4706,4.772447153139488
4707,0.7751043361849146
4708,4.470284329447675
4709,1.8776824103181977
4710,2.1522783299198793
4711,1.7019127373686456
4712,15.55619369479515
4713,6.625826947669704
4714,3.1096153921531764
4715,0.5759535930785327
4716,3.1188607105795
4717,1.3715710778349404
4718,1.3796438929385515
4719,1.1269838264667356
4720,16.142140156657685
4721,7.086110208803839
4722,3.2899679924305003
4723,0.5905082749753441
4724,3.286803955413657
4725,1.3630956287845133
4726,1.5639212187236873
4727,1.1879073119990053
4728,33.49918416591179
4729,14.410413097018937
4730,6.780520229009175
4731,1.1089108425203007
4732,6.911247197223417
4733,2.747068059669531
4734,3.1441241564286093
4735,2.3605987478248602
4736,17.05435112305002
4737,7.824885251076694
4738,3.5438576448582233
4739,0.6134103582782572
4740,3.338460076237698
4741,1.468247783978847
4742,1.6657940491020853
4743,1.2765880468306021
4744,37.323192820049925
4745,15.782128715272417
4746,7.57624927573882
4747,1.2674713557251576
4748,7.1643758000584645
4749,2.923170562833628
4750,3.392758569011255
4751,2.665728154080607
4752,25.35167283534058
4753,11.487980347507582
4754,5.285481072382978
4755,0.8040132536041151
4756,5.112350459714944
4757,2.2011181298181453
4758,2.3963907984915505
4759,1.8089485172073725
4760,18.69694433825524
4761,8.464028826746475
4762,3.7874438510070894
4763,0.6487258773667716
4764,3.620474399832471
4765,1.5714493578416497
4766,1.7137071150462981
4767,1.3667346439417805
4768,48.24402607494924
4769,21.731993058484345
4770,9.834244230070356
4771,1.4600323154151558
4772,9.388985233604394
4773,4.209734996744225
4774,4.490432008529927
4775,3.5045068532854575
4776,20.906632285637997
4777,9.659982090633722
4778,4.362797176480932
4779,0.6994131617335888
4780,4.265914393344351
4781,1.8319301068795637
4782,1.9569902254321228
4783,1.525544081980492
4784,27.026496946882546
4785,12.204476209262337
4786,5.308284696156258
4787,0.8353760187207773
4788,5.3901609389405
4789,2.2615552812766504
4790,2.4088663050445858
4791,1.930495400675207
4792,31.09984447640313
4793,13.801107304422818
4794,6.299475348959052
4795,0.9987878147886239
4796,6.123467198345851
4797,2.631092845743801
4798,3.0139251453429514
4799,2.2239185903981586
4800,23.621579428448523
4801,10.424980680079242
4802,4.666536232361149
4803,0.7620249697741834
4804,4.688904757410595
4805,1.9772308262381764
4806,2.157605026232422
4807,1.756666557990036
4808,24.717369916557775
4809,11.317805607058624
4810,5.17700185567265
4811,0.8300170429810974
4812,5.127369829656225
4813,2.0446477731470627
4814,2.3640861209253994
4815,1.832066450102831
4816,16.239891553343494
4817,7.275277097323758
4818,3.3845771477532494
4819,0.5950454514996888
4820,3.3612984378281365
4821,1.3560119525503989
4822,1.5904347051407681
4823,1.1905843047140343
4824,38.24704751238768
4825,17.569168421962072
4826,8.100487813798994
4827,1.2967482115335687
4828,7.413164640167155
4829,3.274673518643706
4830,3.623434389954
4831,2.7586868934281004
4832,15.233775935792908
4833,6.686115297802354
4834,3.075537379731028
4835,0.5705602963299811
4836,3.015131959302995
4837,1.3192186196589981
4838,1.4500444127751744
4839,1.1620250209831797
4840,16.99921498425893
4841,7.436532230980201
4842,3.563141791722748
4843,0.6076872174158059
4844,3.368179351283523
4845,1.4543351501627353
4846,1.6488985928015414
4847,1.2847398668695547
4848,25.047375212863237
4849,11.21091119876261
4850,4.875198620620239
4851,0.8005737347598811
4852,5.106166604265779
4853,2.1504048540304943
4854,2.387340122957173
4855,1.8880726091353899
4856,28.74049182239594
4857,13.254466405895359
4858,5.780308411443615
4859,0.858875063194818
4860,5.812562872403353
4861,2.4712902994490507
4862,2.723274283259389
4863,2.2206498038645144
4864,19.281771772452878
4865,9.034707473253444
4866,3.8157432195276755
4867,0.6337367270290638
4868,3.896112524851674
4869,1.6641878646218968
4870,1.8449736996656994
4871,1.4687150230619517
4872,21.049572181399384
4873,9.647433540739202
4874,4.433928490543813
4875,0.7155276480454192
4876,4.115419701291717
4877,1.7860070639922188
4878,1.9549888593146538
4879,1.5637607869804875
4880,59.88831106316659
4881,28.235817803694758
4882,13.338856944175873
4883,1.873214848133027
4884,12.764728726793148
4885,5.352753731789209
4886,5.8812072343987545
4887,4.593174817531973
4888,17.309573096393148
4889,7.533253588972359
4890,3.609437824902689
4891,0.6199470845732464
4892,3.4182253216943765
4893,1.4814542840138303
4894,1.7232116011857876
4895,1.2574291918498894
4896,19.807711338895782
4897,9.259476649015586
4898,4.525309459615806
4899,0.28784844344963256
4900,4.867750077887958
4901,1.9095187353348193
4902,2.1943390691704123
4903,1.5141715504672733
4904,23.148614609308744
4905,10.433047934300776
4906,5.228463719354421
4907,0.3225223402121676
4908,6.061956386670146
4909,2.225453163948288
4910,2.4498398731374307
4911,1.8412287442216244
4912,21.298930528351338
4913,9.682832261866876
4914,4.880433835180282
4915,0.2711275842235837
4916,5.146909108303438
4917,2.1016726072352743
4918,2.3912437056486313
4919,1.6772097624924445
4920,19.66225514754416
4921,8.957852402405175
4922,4.56776463180091
4923,0.2796125969436113
4924,4.756406725830751
4925,1.8289062708049413
4926,2.1775534685841493
4927,1.550148394464751
4928,17.34703072655154
4929,8.004736362176102
4930,3.9789051626100718
4931,0.24789450633338972
4932,4.260179439675421
4933,1.6399658160674626
4934,1.9298972357161766
4935,1.3247315322835747
4936,19.822310150517907
4937,8.95579118149888
4938,4.445060332998033
4939,0.2547250096151522
4940,4.700514446869824
4941,1.7779414021700428
4942,2.1204151436507357
4943,1.445846376426565
4944,19.043364456841097
4945,9.319373356281716
4946,4.480867396067224
4947,0.2691511029679573
4948,4.925988538037105
4949,1.858146048637011
4950,2.2123734701539988
4951,1.562649965074827
4952,27.160460137812453
4953,12.419592893826788
4954,6.379823069636553
4955,0.34197473712063897
4956,7.00193858716742
4957,2.6463388463403765
4958,2.993576649974181
4959,2.1418788617625943
4960,32.95618125903325
4961,14.328963796038831
4962,7.147935172321579
4963,0.46013801003395044
4964,7.720417589779136
4965,2.927545321252409
4966,3.693955382742813
4967,2.522360336971584
4968,16.605116798971007
4969,7.983455873047464
4970,3.7425951971079856
4971,0.2323840502545928
4972,4.216775096986542
4973,1.5973850979920565
4974,1.7463870667804273
4975,1.26002390701439
4976,23.660464187074364
4977,10.7023199962671
4978,5.213547901066155
4979,0.31413327393688234
4980,5.587234451015669
4981,2.139892547567202
4982,2.521441072760097
4983,1.845498828095327
4984,14.745868314991508
4985,6.393266114530058
4986,3.2127902151081233
4987,0.1980947346718695
4988,3.3505109748054998
4989,1.2606926633959377
4990,1.4691063790420988
4991,1.0934268911195115
4992,17.09612758993364
4993,7.808099300562862
4994,4.121171766752187
4995,0.24061988290097022
4996,4.4500274493443035
4997,1.622570544330772
4998,1.917917075321494
4999,1.420374017129175
5000,19.298007749470038
5001,8.960057145479208
5002,4.400570886229498
5003,0.27894078973313585
5004,4.5840925370527925
5005,1.8235454180272594
5006,2.107087513157652
5007,1.5306903212683494
5008,21.89828696630596
5009,9.798049424507624
5010,5.157910863125308
5011,0.30341538950382874
5012,5.139586899673455
5013,2.0734987881030604
5014,2.408878680305735
5015,1.723044107500969
5016,28.90569254082573
5017,13.30575937223748
5018,6.7755828106814695
5019,0.37771294356642426
5020,7.174907093950805
5021,2.8500546268388227
5022,3.392177891974762
5023,2.342181716235857
5024,16.939908747395208
5025,8.091618277269358
5026,4.121875451965075
5027,0.2264736717307705
5028,4.409167183905045
5029,1.5968312181243498
5030,1.9341218414787082
5031,1.4478827824006968
5032,45.77082706037479
5033,20.788233361650587
5034,10.130380768426221
5035,0.5636825532431852
5036,11.10977788593348
5037,4.526889346578046
5038,5.240369372273507
5039,3.5521698238402726
5040,21.878256796929104
5041,9.903580823182736
5042,4.811324513223931
5043,0.29017117211853877
5044,5.031850105194995
5045,1.9742053040668892
5046,2.3051766753237874
5047,1.729508361084044
5048,27.380354009401348
5049,13.030139903713783
5050,6.20966103748338
5051,0.3283166191642194
5052,6.911471113549273
5053,2.5334527108637186
5054,2.9600526577515924
5055,2.0870347054996277
5056,42.56137701775071
5057,19.286235377970716
5058,9.361406686898052
5059,0.5539805826876621
5060,10.390455131713589
5061,3.9910564958428574
5062,4.550345686097134
5063,3.33845533910396
5064,35.99680881087435
5065,16.37870003946391
5066,8.503389447983622
5067,0.4559905377353222
5068,8.741438789012465
5069,3.4047435037454146
5070,3.8678122753357322
5071,2.6911908985090953
5072,23.50567678881626
5073,10.541661172678713
5074,5.311749147777763
5075,0.33213843048960684
5076,5.57592028513259
5077,2.1417537398569264
5078,2.475198172764455
5079,1.7748561938766774
5080,16.87934389452549
5081,7.60098914014394
5082,3.7112355069429417
5083,0.21586727418614338
5084,4.095759407969694
5085,1.6046561345250272
5086,1.856693165821537
5087,1.2442285260038923
5088,30.3461698916043
5089,13.857807470732256
5090,6.786074602059277
5091,0.35836257293200047
5092,7.270735636326774
5093,2.7305601771181105
5094,3.558665923608377
5095,2.344190219293467
5096,24.081633313891533
5097,11.066662143728827
5098,5.420226612836618
5099,0.3191102767236033
5100,5.669014372134297
5101,2.226341453766087
5102,2.4769444605460076
5103,1.814983704565354
5104,17.332010790022306
5105,8.053458053181004
5106,4.04929414514327
5107,0.2229321710710188
5108,4.325575357068915
5109,1.6170507025920395
5110,1.8749852061092338
5111,1.3181837084504249
5112,24.368614482062252
5113,10.683367263972421
5114,5.2624284323276
5115,0.32012102679322296
5116,5.446958002194131
5117,2.082816952247393
5118,2.4913893684812574
5119,1.8835686071629745
5120,16.527302323716437
5121,7.308167156295515
5122,3.593260910980421
5123,0.22271802646669375
5124,3.8347073432467913
5125,1.4780483703399616
5126,1.6029428525002911
5127,1.1865500938796807
5128,16.956420137239395
5129,7.443169014027333
5130,3.7442340229045956
5131,0.23646684199053794
5132,4.264133008918236
5133,1.5332770952190171
5134,1.8328479659784225
5135,1.250219256165937
5136,35.08948082531487
5137,15.539234227134365
5138,7.767619756839434
5139,0.4134896042149781
5140,8.20958822886966
5141,3.108905765042856
5142,3.777693083650968
5143,2.6521264549724903
5144,18.081457695866888
5145,8.092174298195744
5146,4.094892096976532
5147,0.23737332192675015
5148,4.2964908152468135
5149,1.6144519485678306
5150,1.9642479225269507
5151,1.379608161427845
5152,39.367941517772195
5153,16.221244646737222
5154,8.560966367307735
5155,0.4942619846406449
5156,8.641385844141702
5157,3.3381040201115453
5158,4.245695161137287
5159,2.7776405679754204
5160,25.507024691350793
5161,11.401421213946184
5162,5.845389647117058
5163,0.3281096071058088
5164,6.187871119998032
5165,2.415271561404977
5166,2.8798724721968987
5167,1.9438821212101067
5168,18.554303001672263
5169,8.551994455264477
5170,4.271032477195528
5171,0.27311295444304057
5172,4.630938559538073
5173,1.7446853807749934
5174,2.000142787629975
5175,1.4367653747925815
5176,49.39377956441263
5177,21.69357055289655
5178,10.799704725975813
5179,0.5840850053769887
5180,11.803346920280678
5181,4.719149096599031
5182,5.328156313857266
5183,3.9029428353290503
5184,21.374676983267364
5185,10.165770423837941
5186,5.139435377554027
5187,0.2890635753223826
5188,5.319802014277284
5189,2.0817097713720525
5190,2.298726366680141
5191,1.6502318323196974
5192,28.302606617776277
5193,12.157117138305377
5194,5.926232671582073
5195,0.3850144514265832
5196,6.454336454641427
5197,2.610776088243157
5198,2.9712456842085757
5199,2.1098952201303676
5200,31.68501360911037
5201,14.145327927780071
5202,7.316761802868944
5203,0.37647953165440917
5204,7.667414474790217
5205,3.015692792583306
5206,3.6737575506759486
5207,2.510976236875252
5208,24.008539680119878
5209,10.680706229935225
5210,5.449661314296928
5211,0.3332270029591775
5212,5.75029417440001
5213,2.288943829507146
5214,2.60245237220137
5215,1.861634332193123
5216,25.231425458640135
5217,11.962623496919276
5218,5.920386282348112
5219,0.3544934517512584
5220,6.2839167836379906
5221,2.4177900926597555
5222,2.86965367304292
5223,2.086543462578993
5224,16.673480394277465
5225,7.469706232191332
5226,3.83607685704269
5227,0.23115333995751583
5228,4.087452849739111
5229,1.5103180988043794
5230,1.8223012899248698
5231,1.2651972714473099
5232,40.281547575372436
5233,17.724589446183888
5234,8.780807410537136
5235,0.5304849244519045
5236,9.446931946263916
5237,3.686557462052098
5238,4.22392730083893
5239,3.061606676106888
5240,15.514944722569654
5241,7.304867143410379
5242,3.599241545265904
5243,0.21456714489446804
5244,3.660299839182692
5245,1.4615551940262062
5246,1.6537002530121865
5247,1.223854924738955
5248,17.276116052880738
5249,7.794584729093201
5250,4.062586305861528
5251,0.23927197753694388
5252,4.260807810031558
5253,1.6820175172404281
5254,1.8746009382804518
5255,1.4196426048284774
5256,26.27283394850258
5257,11.324467072662786
5258,5.37520717412932
5259,0.32781148455980424
5260,6.278806644572717
5261,2.445946884075595
5262,2.7290620319714924
5263,2.041697630918817
5264,28.981013415057262
5265,13.195781821711247
5266,6.424795081319653
5267,0.3754381678581965
5268,6.932316902880526
5269,2.724844347561705
5270,3.3986687548883676
5271,2.3935990740121547
5272,19.678372924176966
5273,9.176736348618622
5274,4.4416811946532455
5275,0.2516916447379208
5276,4.774651320813648
5277,1.8415987180628568
5278,2.173840968696065
5279,1.540763941588076
5280,22.012582125455932
5281,9.702601425482008
5282,4.9834477282518534
5283,0.3065093096172833
5284,5.204118185353343
5285,2.0895282444230974
5286,2.23815506424482
5287,1.710713417358434
5288,61.41355637835094
5289,30.387289143969465
5290,14.000243563891816
5291,0.8690102985245893
5292,15.499026868294166
5293,6.0933837671445055
5294,7.042772476785284
5295,5.053288119988067
5296,17.297970664093512
5297,7.672113010046022
5298,4.100783955807823
5299,0.25448984488460763
5300,4.299403857147978
5301,1.6045722096990465
5302,2.0209938873081064
5303,1.3353419048963318
5304,18.170634954179466
5305,8.506365866553567
5306,4.499322008037112
5307,0.11519052779209561
5308,5.05559410153534
5309,1.9533912803035094
5310,2.3053837676543285
5311,1.5900072011588837
5312,21.31149050655809
5313,9.328666276074024
5314,5.406714886190987
5315,0.13565621151193094
5316,6.263764500955964
5317,2.275058914929202
5318,2.5771162796153435
5319,1.798063980065344
5320,18.99796216239385
5321,9.028419493709064
5322,4.8093524947834645
5323,0.11975332911433216
5324,5.476387432853111
5325,2.0204875200513346
5326,2.4915180061057542
5327,1.6379149651942664
5328,18.202672274935654
5329,8.038912950224265
5330,4.618418408667778
5331,0.10788697897364208
5332,4.94259907237431
5333,1.852669270737266
5334,2.2563363715106886
5335,1.5314575074769077
5336,15.505885088151247
5337,7.178884444202439
5338,4.045866639215457
5339,0.08725038726669791
5340,4.5626724664244
5341,1.6801166581610079
5342,2.0339405742508276
5343,1.376484088522718
5344,17.942867977176327
5345,8.077576998131747
5346,4.507180394649252
5347,0.09720043273916935
5348,4.905414031369739
5349,1.7193512604217802
5350,2.2308625496636805
5351,1.4650470799337607
5352,17.6575195652801
5353,8.50852246372583
5354,4.456368878552043
5355,0.11616729363810298
5356,5.154798442392975
5357,1.8879383698945225
5358,2.2467678772336366
5359,1.5870954617064574
5360,25.725336976602225
5361,11.751875205507362
5362,6.2526570904120575
5363,0.16758639323627164
5364,7.135582489097897
5365,2.6223110611892984
5366,3.05746814468192
5367,2.140384043098639
5368,28.871851743468707
5369,13.059739555594394
5370,6.968484557262918
5371,0.20215745154022302
5372,8.273348966476389
5373,2.9583924842833706
5374,3.693085657708505
5375,2.4759719264371376
5376,15.13066635148366
5377,7.223595661949103
5378,3.80045818183021
5379,0.09457793946471797
5380,4.454175803328838
5381,1.6338770814675552
5382,1.895457267570846
5383,1.296312447987635
5384,21.574356198734336
5385,9.593016422710543
5386,5.218658174500358
5387,0.1435758013062963
5388,6.004898369174536
5389,2.2258150341770313
5390,2.5935855180115968
5391,1.8404563078908887
5392,13.305804800992505
5393,5.879328767145868
5394,3.274111638981009
5395,0.09052866951385526
5396,3.2097412803103564
5397,1.3015504282284234
5398,1.5484245739815736
5399,1.0967952345334555
5400,15.584381929413267
5401,7.125749405289064
5402,4.0291870114550195
5403,0.09352458780208915
5404,4.448473100490094
5405,1.6655896878531495
5406,2.0217301430981616
5407,1.3705877196649632
5408,17.386382733464288
5409,8.16234868493767
5410,4.428251529101309
5411,0.10522400248547896
5412,4.796813919377145
5413,1.876587534896681
5414,2.1933088550020554
5415,1.5644382470193823
5416,20.22397127985029
5417,9.01541166725214
5418,5.0519746588421635
5419,0.12287517676871014
5420,5.566921701986125
5421,2.003003185668007
5422,2.433798024889812
5423,1.7483580693014316
5424,26.347562521047028
5425,12.283959459574922
5426,6.457580488199564
5427,0.187194523542404
5428,7.606018217161758
5429,2.8892270143889442
5430,3.367570514635109
5431,2.3407283254660465
5432,15.46138998496761
5433,7.3024768166188885
5434,4.0520341016524215
5435,0.08701215370470453
5436,4.543525875694617
5437,1.6887950693552343
5438,1.9908696390541778
5439,1.4490050713457503
5440,40.4948947352434
5441,18.62676652162328
5442,9.867099929205592
5443,0.2633586143068931
5444,11.66060894208339
5445,4.3598047372100375
5446,5.253948464740862
5447,3.526499385186494
5448,20.068702713899228
5449,9.05711177305395
5450,4.830638913624012
5451,0.11125600727766345
5452,5.603552048485918
5453,1.9979741607886383
5454,2.380650576013901
5455,1.6689021997394324
5456,24.86410805436765
5457,12.05702299795734
5458,6.2617971224674625
5459,0.15394534695551712
5460,7.052794036393214
5461,2.570325167039207
5462,3.0940724396195516
5463,2.123437882527468
5464,37.61646247607214
5465,17.068516112570283
5466,9.21675336928836
5467,0.301801616684118
5468,10.407584153388749
5469,4.002451962097304
5470,4.579830708413847
5471,3.2753417693285605
5472,33.557039470486124
5473,14.193369688354899
5474,8.218606552193235
5475,0.18646305048736173
5476,9.17674501665626
5477,3.260841516615279
5478,3.884812620153637
5479,2.6124753629630257
5480,21.429249863150353
5481,9.210529158507658
5482,5.439370781714842
5483,0.14797083403561606
5484,5.6955545162685945
5485,2.098614286841308
5486,2.5886664855852497
5487,1.7847705193819392
5488,15.20383208113797
5489,7.01007459988003
5490,3.780045719374752
5491,0.09621257349339739
5492,4.276793346213694
5493,1.6471647989499336
5494,1.912920864617253
5495,1.2623549349378755
5496,27.823343233626805
5497,12.42709845002138
5498,6.556276016501095
5499,0.17620087444785731
5500,7.7071324689290925
5501,2.7632650690136638
5502,3.537922934668916
5503,2.2580563463603216
5504,22.29941737675688
5505,9.913106394739787
5506,5.446277388628441
5507,0.13022165838429187
5508,5.966163992049224
5509,2.249219252207554
5510,2.627383376068972
5511,1.8159295481408022
5512,16.13025205355875
5513,7.262182223833418
5514,4.04519043199172
5515,0.0858410132867327
5516,4.4643169572023735
5517,1.7119709628065003
5518,1.940214883400882
5519,1.2799818338188589
5520,21.66699940046916
5521,9.822403090787734
5522,5.348931137277632
5523,0.14594451480661444
5524,5.7518154800076635
5525,2.158279342274701
5526,2.593696290700625
5527,1.85937130475755
5528,14.353714030500702
5529,6.530134785851496
5530,3.536727323749865
5531,0.0801013296864358
5532,4.220681425547648
5533,1.4860009541895964
5534,1.7630238855557374
5535,1.2323656185038778
5536,15.189557495654354
5537,6.905084486135031
5538,3.794892926219861
5539,0.09803444719381525
5540,4.422444219651904
5541,1.519029945378421
5542,1.8912764896454266
5543,1.2548876394752644
5544,31.404785235775908
5545,13.979374773009159
5546,7.7958125679738535
5547,0.20956939220263734
5548,8.894092722345409
5549,3.1829835615061537
5550,3.8186715345202735
5551,2.61391567737256
5552,16.05612579272347
5553,7.482635006349736
5554,4.24764666744886
5555,0.08462473520953456
5556,4.649950457424544
5557,1.6444190025998504
5558,2.032415151918151
5559,1.379315283906808
5560,35.322206280759005
5561,14.978215888246252
5562,8.377619540454361
5563,0.2399108634379917
5564,9.353485178812209
5565,3.4160601586634467
5566,4.188051511137579
5567,2.905982670683521
5568,23.351012145590488
5569,10.27044393978891
5570,5.747518144075702
5571,0.1401106913561667
5572,6.497201492351545
5573,2.424456615231945
5574,2.86823552980878
5575,1.967143036331423
5576,17.35789619568363
5577,7.732360858708658
5578,4.3639999873190884
5579,0.09920749499222199
5580,4.864088353907277
5581,1.8591620011295837
5582,2.065660708001725
5583,1.4419850715080662
5584,44.18380472826794
5585,20.15439728025185
5586,10.801218544893993
5587,0.2757268150796249
5588,12.184820825833844
5589,4.6528632798739835
5590,5.675530937264767
5591,3.732487216896926
5592,19.132777794069852
5593,9.178933519839056
5594,4.9917978057156915
5595,0.12088129753503325
5596,5.598247553619536
5597,2.017347491114131
5598,2.41337747954967
5599,1.6026679794501582
5600,25.119922870135337
5601,10.596349703513983
5602,6.022868476789574
5603,0.15382206064307904
5604,6.874002406508958
5605,2.57051507519654
5606,3.0133320901142424
5607,2.0350495755901363
5608,29.074786429803066
5609,12.517112131627492
5610,7.284918793454244
5611,0.1957361918067394
5612,8.298667887404788
5613,2.9330989593605765
5614,3.650229960618084
5615,2.352412991917602
5616,22.10983541273829
5617,9.494721914815042
5618,5.420925906181031
5619,0.14240590830021435
5620,5.896476597886589
5621,2.2115179230039264
5622,2.5988726736849985
5623,1.829232392814926
5624,23.654794999025864
5625,10.458693657591354
5626,5.756501256098371
5627,0.14901531288013073
5628,6.581576809025338
5629,2.3069796024656952
5630,2.9004007493771
5631,2.107530274784825
5632,14.810396167527516
5633,6.87691526259965
5634,3.871035171984938
5635,0.09707759580519852
5636,4.289887966102507
5637,1.5044262992685582
5638,1.88957072293698
5639,1.2582887589818608
5640,34.92310441385356
5641,16.428096485501477
5642,8.918613352832532
5643,0.2568189300652459
5644,9.848747575024618
5645,3.6425793049395065
5646,4.238548705100945
5647,3.154326596608003
5648,14.363547247106162
5649,6.7084116640185325
5650,3.534915686467671
5651,0.08712002588551743
5652,3.898407957252055
5653,1.3721232378941055
5654,1.7008116922370744
5655,1.2294861622703257
5656,15.40735414961287
5657,7.2063557719081235
5658,4.176469738818904
5659,0.09646206063008979
5660,4.465275165705711
5661,1.6926087834465273
5662,2.0434650401866192
5663,1.3173483687434635
5664,23.87640862913345
5665,10.673948658228252
5666,5.593547865126032
5667,0.1434187183807145
5668,6.534493565570382
5669,2.3802722632320563
5670,2.8446496705882236
5671,1.9901448502761667
5672,26.035863568849752
5673,12.149229812399318
5674,6.370649009243914
5675,0.16051725100227696
5676,7.288173230668039
5677,2.8304526830907233
5678,3.277172693834121
5679,2.353463625878504
5680,18.287605629074346
5681,8.320439351927078
5682,4.383501710216196
5683,0.09480397325025601
5684,5.1110734347052285
5685,1.796579263121639
5686,2.276236667767105
5687,1.5310453068814358
5688,19.793437274016743
5689,9.060790139269423
5690,4.918385692913995
5691,0.12091540827333039
5692,5.492548059965922
5693,1.9617040296629162
5694,2.3254048411795774
5695,1.6350009382590214
5696,58.32833583583191
5697,26.75229934318899
5698,13.963913253078356
5699,0.4087822951373911
5700,15.87286802723768
5701,5.955591330185269
5702,6.963608684774646
5703,5.18881235762768
5704,15.561253233640153
5705,7.212155667137894
5706,4.101851947600899
5707,0.09784324714912324
5708,4.382789446641308
5709,1.6857399182602995
5710,2.0550145912308553
5711,1.411975772343921
5712,20.12650342849448
5713,9.343111077262797
5714,4.144281074607091
5715,0.9110160918016591
5716,3.798335846848248
5717,1.7863880955384508
5718,1.9073067134252888
5719,1.5598327843332684
5720,23.984802329817533
5721,10.743526927078994
5722,4.891945370934004
5723,1.0250235481866865
5724,4.685749719491839
5725,2.191288236896108
5726,2.2843534049879843
5727,1.8195393985221706
5728,22.184716704966373
5729,10.088892344016047
5730,4.446780348848032
5731,0.9127620254507983
5732,4.122112205799867
5733,1.9875423795724363
5734,2.1382466542313643
5735,1.6805749390018438
5736,20.48344951039133
5737,8.976624652123409
5738,4.201657367847887
5739,0.861831769936097
5740,3.7538284787755525
5741,1.7339419803481944
5742,1.949489673496175
5743,1.5214370439813956
5744,17.776781612119528
5745,8.202595078657176
5746,3.894074901905411
5747,0.8542068864464601
5748,3.4754833697491474
5749,1.5697353807843353
5750,1.7389712837986755
5751,1.4444923260404365
5752,20.558400383245903
5753,9.079411069647122
5754,4.227249259740944
5755,0.8358151056783898
5756,3.8972662146784485
5757,1.6365430108541568
5758,1.9304534783770582
5759,1.532283174474174
5760,19.818870639242466
5761,9.356762135576105
5762,4.103861453074809
5763,0.8866873596723359
5764,3.8491026377067326
5765,1.767436163721474
5766,1.9398802415344394
5767,1.569113515431338
5768,28.97633197360367
5769,12.8104451153359
5770,5.748982000763617
5771,1.2042283646123955
5772,5.474234596354482
5773,2.46323437676613
5774,2.6448124583579187
5775,2.193902765911832
5776,33.56663426359531
5777,14.897278162551622
5778,6.488993469568189
5779,1.2802495255585202
5780,6.244105540554133
5781,2.775233671612555
5782,3.147289922461645
5783,2.5201878770219475
5784,17.11222622727915
5785,7.922377823046276
5786,3.3935073420016932
5787,0.7463758169041476
5788,3.2552418337229865
5789,1.5179789442251868
5790,1.6104617527968346
5791,1.3499766584120008
5792,24.318489952290715
5793,10.702523160785054
5794,4.921198595937674
5795,1.0371740661948274
5796,4.4433306908777475
5797,2.0485809337055194
5798,2.278291014371598
5799,1.8604259406726091
5800,14.838755137997824
5801,6.241775441161714
5802,2.9193785733834057
5803,0.6833061676167446
5804,2.6887560039229474
5805,1.298996394676027
5806,1.3787928161373972
5807,1.192123740212687
5808,17.782399956724905
5809,7.844092965221114
5810,3.8550844426173843
5811,0.769988212959066
5812,3.4457559518590974
5813,1.5848750106574565
5814,1.6944850522914785
5815,1.421823747117912
5816,20.330596096001972
5817,9.32373217917914
5818,4.1373955981208805
5819,0.8719959536147174
5820,3.5861401461213367
5821,1.7013174785776763
5822,1.8845940012610711
5823,1.5690570369095787
5824,22.662481209110915
5825,9.944123337428524
5826,4.769080597544596
5827,0.9818787943347128
5828,4.118860743656212
5829,1.9304858936483484
5830,2.1390727536334206
5831,1.754510056406857
5832,29.33064435364592
5833,13.563205029717814
5834,6.258993651835174
5835,1.229583799329892
5836,5.727502835437479
5837,2.6341221074580634
5838,2.890596493157713
5839,2.3053623839673225
5840,17.139034586244414
5841,8.146625164194953
5842,3.7145238696207645
5843,0.775780624555955
5844,3.338081547709176
5845,1.5870131737087798
5846,1.7123973339927325
5847,1.420148798299124
5848,46.87029583494822
5849,20.816235401924224
5850,9.314608256332253
5851,1.705814710679428
5852,8.840105585071825
5853,4.011173931255734
5854,4.345971699005275
5855,3.412640135098665
5856,22.88589038683281
5857,10.029052974598423
5858,4.389227600697849
5859,0.9700880826389536
5860,4.0914797229348165
5861,1.8959636020320436
5862,2.0375740405647784
5863,1.7229139181680886
5864,28.161662156877632
5865,13.251352463687404
5866,5.714763374750989
5867,1.1115046955140873
5868,5.480188662492882
5869,2.403112927783911
5870,2.7430999276329056
5871,2.187188509180883
5872,43.00739982298884
5873,19.3633215514038
5874,8.516637085752635
5875,1.709148100594477
5876,8.05302104968642
5877,3.7948694813769843
5878,3.9486463240574983
5879,3.2358274684059802
5880,38.54400552046729
5881,16.275052152588316
5882,7.719244307888982
5883,1.4556735961181897
5884,6.935206291253374
5885,3.1826437747015985
5886,3.405306027141242
5887,2.6649613326066444
5888,24.512525048989506
5889,10.59677117438131
5890,4.872265225463557
5891,1.0536483780312589
5892,4.387982346703161
5893,2.0279848098072755
5894,2.2240891270182237
5895,1.8101330878751483
5896,17.445947828330407
5897,7.76526639152308
5898,3.279301683307046
5899,0.7713801495144003
5900,3.1446762003703865
5901,1.5166739005947785
5902,1.6150971437930948
5903,1.3157360883062108
5904,30.870893914715783
5905,13.547739276558056
5906,6.0588452397267
5907,1.2057777851140998
5908,5.690073371455935
5909,2.6153961442838933
5910,2.951327047842838
5911,2.378257098707243
5912,24.740371493556843
5913,11.003283912921184
5914,5.080219265879071
5915,1.0589206363959196
5916,4.427390667328245
5917,2.167817810202356
5918,2.272109740544739
5919,1.8900693293988995
5920,18.21352845340183
5921,8.227616235266089
5922,3.696943739545138
5923,0.769795219241335
5924,3.351403070755617
5925,1.5768356602813276
5926,1.6819679667998277
5927,1.380174870707831
5928,24.81524500955384
5929,11.740957519401434
5930,5.009264905633406
5931,1.017212761644776
5932,4.4979810822265085
5933,2.0518410533863944
5934,2.2806422144733194
5935,1.8595352679026749
5936,16.66671803933975
5937,7.422430835228642
5938,3.1752925441890403
5939,0.7325311000322624
5940,3.051333612153404
5941,1.4314356941724942
5942,1.5200053450789224
5943,1.284933502495927
5944,16.977314078233775
5945,7.785053059855083
5946,3.4494138563099117
5947,0.7348896017617494
5948,3.2054675490066975
5949,1.5024063382045743
5950,1.574634169830852
5951,1.318530989214544
5952,35.318057950867164
5953,15.486290431312579
5954,7.110819029711776
5955,1.2855828557655162
5956,6.794068219349207
5957,3.041147264612958
5958,3.234781457058257
5959,2.640063333522502
5960,18.67035281425617
5961,8.247210085452824
5962,3.6947916519864656
5963,0.857207707667974
5964,3.4609509723058793
5965,1.603224476094265
5966,1.7445712894516725
5967,1.4307284869086496
5968,40.58569383293169
5969,16.69647368217688
5970,8.084268624700139
5971,1.6324143385886538
5972,6.798545258825019
5973,3.1576439591941203
5974,3.5149992079214227
5975,2.9181368822331084
5976,26.82806000645304
5977,12.36810065480608
5978,5.608511513267855
5979,1.0760127991524338
5980,5.06755840359424
5981,2.3309834109790244
5982,2.467647435792678
5983,1.989082948437498
5984,19.28108861736249
5985,8.887213612690948
5986,4.140224837725181
5987,0.8875857649216202
5988,3.675536715651961
5989,1.6690509076009088
5990,1.830420782034144
5991,1.5113414993820495
5992,49.15340327156926
5993,21.872503607944697
5994,10.170842582467126
5995,1.7363568716524502
5996,9.369744184046107
5997,4.3570010293509585
5998,4.795963580068948
5999,3.7201179379254588
6000,22.186840839844116
6001,10.201517560524849
6002,4.744078219846659
6003,0.8906708427115525
6004,4.220248951657408
6005,1.91487001457126
6006,2.01601665467062
6007,1.6864594181515207
6008,28.494595929174476
6009,12.758081723555877
6010,5.432120991739895
6011,1.1217823764543096
6012,5.193485459719388
6013,2.4034345041178917
6014,2.649974419408064
6015,2.1138519062136907
6016,32.60338816720495
6017,14.215641014441026
6018,6.878627218864428
6019,1.2402813825235437
6020,6.307645190021152
6021,2.8256771391368662
6022,3.068520894199329
6023,2.5114583796496825
6024,25.17381375649635
6025,10.814116710314064
6026,4.9470050044181875
6027,1.029152002219423
6028,4.6804099255779565
6029,2.131334952792954
6030,2.3267895597694217
6031,1.884316793676086
6032,26.560581204264995
6033,12.238474102212049
6034,5.4207686851140044
6035,1.0952697293767146
6036,4.879102556732908
6037,2.239619959498898
6038,2.4703680431804034
6039,2.052007117252459
6040,17.263693499192357
6041,7.803502242552581
6042,3.536602485340832
6043,0.7665118904883128
6044,3.2152129183790215
6045,1.4486969628888309
6046,1.6164235007767083
6047,1.3196961556386244
6048,41.47876282440124
6049,18.743007423819794
6050,8.264887375763053
6051,1.4922245290161547
6052,7.664625481959138
6053,3.45046831136931
6054,3.610895405032848
6055,3.172314357611349
6056,16.10991979420841
6057,7.193507093294544
6058,3.1781463938076278
6059,0.7441518180375172
6060,2.9755209564711906
6061,1.4231713987937697
6062,1.4977399318508213
6063,1.2744729772866745
6064,17.960843791802123
6065,8.013180488357014
6066,3.7056651938442005
6067,0.7846343219426886
6068,3.388517692512594
6069,1.5765893307772967
6070,1.6931032774583301
6071,1.4258595811706787
6072,26.971013581093647
6073,12.289586077495388
6074,5.109719882944237
6075,1.0582389078276335
6076,4.867431446602295
6077,2.292731273195162
6078,2.435560287030849
6079,2.0667106546010072
6080,29.945048585118876
6081,13.393538862876277
6082,6.018460259452726
6083,1.1428776473244489
6084,5.559989718843644
6085,2.6457394378891586
6086,2.898861422021601
6087,2.4131097950171143
6088,20.472489169694175
6089,9.348384883988679
6090,3.9828275427490922
6091,0.8097851732188956
6092,3.8191180953962136
6093,1.738341219053534
6094,1.953007855793258
6095,1.5613283600028216
6096,22.44275346195525
6097,10.041227846814056
6098,4.670040293153053
6099,0.9625133041474038
6100,4.074710356980986
6101,1.9552177144034173
6102,2.039704012514881
6103,1.6654893517211034
6104,62.76214271041764
6105,29.11379722861953
6106,13.588246019701664
6107,2.3548612433577247
6108,12.13391507239187
6109,5.796753036948487
6110,6.074351645345934
6111,5.0269907151700615
6112,18.278859262322204
6113,8.014786843197383
6114,3.750805739952948
6115,0.7761492716063307
6116,3.325339447063382
6117,1.5858077841387275
6118,1.751896305244677
6119,1.3846527976628564
6120,16.684843198586968
6121,7.445107478867861
6122,4.848039089065573
6123,0.10330569173180285
6124,5.3277120123309425
6125,1.9775738594379146
6126,2.430170473602648
6127,1.5991037175590823
6128,19.530846609828476
6129,8.749689075806556
6130,5.662789076202908
6131,0.12251694096522267
6132,6.476707345657277
6133,2.4396733964267447
6134,2.8985943075398
6135,1.877475297072488
6136,18.385909970180755
6137,8.118492044734003
6138,5.069166641281338
6139,0.08485863406906842
6140,5.584807669355048
6141,2.1523839073378586
6142,2.613097636817185
6143,1.6776164055099472
6144,16.301084791384202
6145,7.087333649367803
6146,4.852166751112741
6147,0.10676785082962381
6148,5.031336860276294
6149,1.8871018729209517
6150,2.4047680873788977
6151,1.4995780301285988
6152,14.254338475673537
6153,6.48057392397708
6154,4.507600599444829
6155,0.08750543826092819
6156,4.769818787277223
6157,1.7139237041458029
6158,2.143429332906373
6159,1.4276363558535201
6160,16.446091054362313
6161,7.13254309615786
6162,4.896218340367491
6163,0.08877044223321681
6164,5.067367920742747
6165,1.7569401713394726
6166,2.326137344309185
6167,1.4655012937967196
6168,16.159770498558878
6169,7.432637058542493
6170,4.768523333756357
6171,0.0887318532824643
6172,5.237015711620571
6173,1.9114171077343107
6174,2.4097172579160113
6175,1.5726526612456762
6176,24.206926330726557
6177,10.483651657888641
6178,6.792942447152477
6179,0.15475916451342592
6180,7.321416907240463
6181,2.662580257783716
6182,3.316546484850476
6183,2.1562677764023204
6184,27.069015613798488
6185,12.036981643685747
6186,7.294527667519286
6187,0.1504244197314845
6188,8.103010285492935
6189,3.021704240611404
6190,4.009968156947294
6191,2.4679608519109153
6192,14.148626263543512
6193,6.461826929386628
6194,4.1391627180088975
6195,0.08682545727816249
6196,4.466388806352705
6197,1.7060190427438746
6198,2.0205159675971767
6199,1.3457704934283825
6200,19.85165096646165
6201,8.653839523883933
6202,5.623810089022435
6203,0.11547333015371905
6204,6.122010023885043
6205,2.22768662128322
6206,2.805109669078032
6207,1.8911154351522808
6208,12.234166881799652
6209,5.017228486891263
6210,3.4975275314796868
6211,0.06578549523268132
6212,3.459937575299766
6213,1.3520976540864267
6214,1.6774829016439132
6215,1.1592475508421747
6216,14.129936487852833
6217,6.198185817274446
6218,4.360534635056387
6219,0.0690932347684037
6220,4.670053755880484
6221,1.7417493412983138
6222,2.078840443163285
6223,1.3817075452956915
6224,16.527663157261003
6225,7.513532596219231
6226,4.878425569960802
6227,0.10469265083477078
6228,4.956280530248589
6229,1.8968053657455357
6230,2.381645009563152
6231,1.6389002583660333
6232,18.315531463162266
6233,7.866377136491919
6234,5.412313619155201
6235,0.09476186879298434
6236,5.46106936762145
6237,2.0501599324122664
6238,2.6321558464633283
6239,1.7239392061322816
6240,25.27680531668788
6241,11.257886416551912
6242,7.180945610786483
6243,0.1393659465614487
6244,7.561181354636327
6245,2.8911461085241728
6246,3.65902321652686
6247,2.289538521675646
6248,13.760852487681559
6249,6.468001125014704
6250,4.380964322454638
6251,0.08455950951013175
6252,4.644131127430155
6253,1.7326130715071542
6254,2.1583707497346873
6255,1.448496865828744
6256,37.989322552414976
6257,17.23124219835822
6258,10.598500506551995
6259,0.23214093424425697
6260,11.927684021799237
6261,4.533461920999114
6262,5.585959640889584
6263,3.4941331934067805
6264,18.798473079150252
6265,8.104818516995994
6266,5.130382892970177
6267,0.09406603619979004
6268,5.576382016449547
6269,2.072015259558155
6270,2.5619097638703163
6271,1.742997954521047
6272,23.1873994042134
6273,10.864835012631668
6274,6.594936356547912
6275,0.12415024327820345
6276,7.2337296433171625
6277,2.5726632509858742
6278,3.4252469550235074
6279,2.149452829405865
6280,34.868928623326575
6281,15.888802775390628
6282,9.859357658842272
6283,0.23235404059402265
6284,10.754135326617726
6285,4.222908092601205
6286,4.945013374582864
6287,3.2275286108064845
6288,31.096023721076424
6289,13.367612981127216
6290,9.094869404440852
6291,0.16388507507955824
6292,9.057945671029232
6293,3.5213989777151493
6294,4.305583725136349
6295,2.621849623029691
6296,19.39910384354755
6297,8.354459405258835
6298,5.583132439614333
6299,0.12679790701577578
6300,5.837017696151393
6301,2.1994520289525954
6302,2.7929091876875853
6303,1.8288458253405806
6304,13.823648309375237
6305,6.177750602534851
6306,3.9576332568720973
6307,0.08645255054970687
6308,4.343634852550495
6309,1.7000272203238114
6310,2.0247960554684568
6311,1.2798571408854547
6312,25.026570310404107
6313,10.955570415906957
6314,6.810174102037971
6315,0.14559955539759079
6316,7.4691049051244365
6317,2.8583859486473733
6318,3.7135996658195185
6319,2.345367149284505
6320,20.550692728609473
6321,8.95668363032562
6322,5.784301928778506
6323,0.11062850415879975
6324,6.015839984862999
6325,2.3268540384267395
6326,2.786078626005227
6327,1.876423583836145
6328,14.165497200881916
6329,6.516928287120376
6330,4.306318654650617
6331,0.07073862433660853
6332,4.496985246558625
6333,1.7192127337953271
6334,2.0819239738364304
6335,1.328150241588352
6336,19.868375841884767
6337,9.445319381912823
6338,5.751154061523809
6339,0.11562752969850816
6340,6.031426517432607
6341,2.230099015091248
6342,2.776565504092665
6343,1.8587982556419473
6344,12.889418358955634
6345,5.789053851568323
6346,3.6890561239287356
6347,0.060432114182385144
6348,4.1751069575584
6349,1.5432807836399325
6350,1.852461453080303
6351,1.251127259438603
6352,13.54576285985554
6353,6.142106007997906
6354,4.038574566952276
6355,0.08436877044731672
6356,4.400195107985655
6357,1.664049603494054
6358,1.9650181769235238
6359,1.280869201382568
6360,29.289675699493756
6361,12.90000671833044
6362,8.258229188982599
6363,0.16784141817826415
6364,8.618741012753132
6365,3.3267434361178205
6366,4.15326448776061
6367,2.58299569294802
6368,15.115378232386034
6369,6.508920183057967
6370,4.326596072171648
6371,0.08251122928193363
6372,4.7759559960156786
6373,1.7505615135404335
6374,2.156513994295343
6375,1.3408040415697302
6376,32.4141220999599
6377,13.226117690891797
6378,8.724750205564849
6379,0.173367839433059
6380,9.165681712223495
6381,3.4042212368240223
6382,4.427316176490486
6383,2.849716525733422
6384,21.677364418098716
6385,9.728010090031002
6386,6.320760385497991
6387,0.12522735396954707
6388,6.789229940391157
6389,2.5007474216209147
6390,3.0424513249290404
6391,1.9824597863793818
6392,15.523626487558644
6393,7.051985142937261
6394,4.734324926502978
6395,0.08843165961167991
6396,5.004531890294621
6397,1.811187170201353
6398,2.230143460971583
6399,1.4600085691771
6400,41.36429525657536
6401,18.594562592687648
6402,11.578189978491759
6403,0.2318856517331722
6404,12.729545913449407
6405,4.825023844987997
6406,6.01690483969044
6407,3.8179700070677933
6408,17.873718865804825
6409,8.19868065324142
6410,5.430353718207651
6411,0.09227152427228764
6412,5.617321059010033
6413,2.070685052462134
6414,2.4825672860926935
6415,1.6734109006551179
6416,23.269889906555385
6417,10.40788639810218
6418,6.4712160878517535
6419,0.14694092851317297
6420,6.906917554845656
6421,2.6446248426502215
6422,3.378931361337251
6423,2.148157622055267
6424,26.544314495863176
6425,11.729296205363886
6426,7.809927796626149
6427,0.1460793953578586
6428,8.189023810761913
6429,3.094721993119212
6430,3.8487893170642167
6431,2.451147516262438
6432,20.46087749121657
6433,8.614491986696597
6434,5.592035790538964
6435,0.11894626917259582
6436,6.250243749436627
6437,2.280168395051724
6438,2.8188962356868306
6439,1.871624611030723
6440,21.76470747553212
6441,9.93476787589109
6442,6.20528172924083
6443,0.12092452332942444
6444,6.492633653529508
6445,2.429520932617598
6446,3.100220205356058
6447,2.0698467056977767
6448,13.352638776730524
6449,6.208367066850923
6450,4.060582631984673
6451,0.0777105825373821
6452,4.384359076221067
6453,1.5342141713425843
6454,2.010306590970048
6455,1.2922269699284705
6456,34.13568092872009
6457,15.298926371325507
6458,9.078688841259613
6459,0.17874671585308397
6460,9.996356538844509
6461,3.808027093385944
6462,4.5539207550969
6463,3.1592908045938715
6464,12.839125767846891
6465,5.675307054963751
6466,3.754157134505914
6467,0.0806386707127867
6468,4.0856317215412385
6469,1.4628813674953978
6470,1.8778381404723623
6471,1.2445108343756497
6472,14.192525135470065
6473,6.306673857345323
6474,4.351440728326047
6475,0.08021901765405774
6476,4.675950035710996
6477,1.7567873283783224
6478,2.1085001287354603
6479,1.4020297143126481
6480,21.96966281862597
6481,9.96463539994626
6482,5.898563361478189
6483,0.12215836114608188
6484,6.632783474516207
6485,2.5030862986680353
6486,3.0707028374808045
6487,2.083745477717658
6488,24.29911902159271
6489,10.823240353036402
6490,6.819155697572617
6491,0.13842899838993108
6492,7.327196429005735
6493,2.9014921698759517
6494,3.6006011826032505
6495,2.4135232121777377
6496,16.860017916932577
6497,7.521979968164169
6498,4.679069140690692
6499,0.09654433529387789
6500,5.076099715622421
6501,1.893511976184662
6502,2.4413301392791755
6503,1.5818529191319348
6504,18.08816690384155
6505,7.923792087434575
6506,5.272258046752158
6507,0.10044084724885671
6508,5.41299290810972
6509,2.12515295461634
6510,2.528052471038254
6511,1.6732126166617518
6512,53.55668605797919
6513,24.58874224873751
6514,15.203592990332476
6515,0.3582795048717609
6516,16.176965169869103
6517,6.3644540052319
6518,7.662130256116327
6519,5.083318045408231
6520,14.701223378079849
6521,6.299753729257072
6522,4.411464360528295
6523,0.0761108523977209
6524,4.537223519511574
6525,1.756516173171478
6526,2.1993869194443145
6527,1.3370807407682381
6528,18.68218019602905
6529,8.639054795609061
6530,3.75182373432358
6531,1.1881734782623221
6532,3.0546810965426916
6533,1.6890944651098458
6534,1.6772672860367983
6535,1.4775669220381218
6536,22.04146183562904
6537,9.969938357724546
6538,4.528415879129516
6539,1.2819808115159175
6540,3.9213844401151183
6541,2.0184542410584614
6542,2.0320530078639445
6543,1.7316484760540733
6544,20.231575766291712
6545,9.442482144753818
6546,4.172176310962145
6547,1.1413595961589451
6548,3.5283484591507306
6549,1.7605799699951554
6550,1.8802556331278397
6551,1.5611839850204818
6552,19.067314813912393
6553,8.56789614209563
6554,3.9190164134111707
6555,1.1082617796608496
6556,3.1161360397198337
6557,1.653625919129089
6558,1.7241104467492592
6559,1.4606110983445804
6560,16.817479744703533
6561,7.570383616341216
6562,3.381903429061011
6563,1.0164714405190953
6564,2.9127392813285438
6565,1.5015283043434358
6566,1.561817462898763
6567,1.3436726502165628
6568,19.314131205984385
6569,8.458590400065079
6570,3.809691918092528
6571,1.0290504726677656
6572,3.3285824801023685
6573,1.591909847762406
6574,1.7446409920097057
6575,1.4192190010772705
6576,18.723190901113323
6577,8.67979665570002
6578,3.8396381582557524
6579,1.1303972666411204
6580,3.1981358887049978
6581,1.6567048074290187
6582,1.7128938771648625
6583,1.470918108273131
6584,26.84137064790403
6585,12.407067720906232
6586,5.507124047002682
6587,1.516116898529456
6588,4.710780093981891
6589,2.330086436755648
6590,2.3764984294532754
6591,2.1117130079824893
6592,31.088511632691073
6593,13.977811193681804
6594,5.963577478746298
6595,1.6975876615855736
6596,5.2476783974552
6597,2.6641203339742012
6598,2.767675366729171
6599,2.3834478836533752
6600,16.178782025706596
6601,7.790606484991381
6602,3.1558245935285383
6603,0.9196748864538781
6604,2.8232592633360154
6605,1.4379087297552084
6606,1.4195571095464927
6607,1.272871512858597
6608,22.290859480025087
6609,10.41779400193615
6610,4.547289110286958
6611,1.291503424718117
6612,3.867000341187231
6613,1.9947660911173664
6614,2.0009941684813675
6615,1.7433524371787472
6616,13.751779869330809
6617,5.933570660173394
6618,2.6713595050662415
6619,0.9161222309968302
6620,2.251103505413333
6621,1.194979469999729
6622,1.1999330926871496
6623,1.0638520028133305
6624,15.672268661025397
6625,7.411040290543578
6626,3.4049595931865504
6627,0.9721894116375625
6628,2.929863271361489
6629,1.461750505829724
6630,1.5034210601183087
6631,1.3076073692787265
6632,18.115425291392274
6633,8.747324714468569
6634,3.694518170100168
6635,1.0752021347115934
6636,2.9418946861987125
6637,1.5898144033862958
6638,1.646629025327155
6639,1.4397439307116773
6640,21.14794495256423
6641,9.526248757253748
6642,4.197974848931451
6643,1.2103648284567763
6644,3.514838455765636
6645,1.7794903137637075
6646,1.8610166864660962
6647,1.6125603933559005
6648,27.519263571977632
6649,13.380615772110174
6650,5.716601535994716
6651,1.6114923117306679
6652,4.904969191652682
6653,2.466242102155975
6654,2.6265994888863897
6655,2.2154868367861353
6656,16.096553222689472
6657,7.556956165393501
6658,3.3629586522675265
6659,0.9604195289112814
6660,2.807811011201273
6661,1.4921002620784074
6662,1.4933891783028561
6663,1.3539244145582943
6664,44.894800560085464
6665,20.188604666070027
6666,9.125283822605404
6667,2.251678234857874
6668,7.631635067281282
6669,3.82676765361467
6670,4.129222025406083
6671,3.2552961860264213
6672,21.258687268854707
6673,9.734410077571924
6674,4.068732151434792
6675,1.245030659825563
6676,3.4077268109105368
6677,1.7948366508201934
6678,1.8513871146771357
6679,1.5997452352921846
6680,26.478363793021927
6681,12.215898378320869
6682,5.410765372881515
6683,1.50234620771788
6684,4.465486588688576
6685,2.310491669636971
6686,2.4487142904375236
6687,2.031746805674796
6688,41.23533509685467
6689,18.529702296570285
6690,7.907792495366653
6691,2.2919235988160964
6692,6.651922248884419
6693,3.524250545261745
6694,3.5332961988671157
6695,3.0671128348906307
6696,34.57856476249821
6697,15.148000503910156
6698,7.011311240282362
6699,1.8855642326657434
6700,5.687167896266992
6701,2.9133039567586754
6702,3.015545885389043
6703,2.551195190526531
6704,22.485880722553272
6705,10.25999269957445
6706,4.512578332987501
6707,1.3428140054007731
6708,3.8067126393893704
6709,1.9175068965611868
6710,2.006812904639025
6711,1.72409334142479
6712,16.036688840713044
6713,7.075370631093648
6714,3.1241107756974253
6715,0.9070581798002105
6716,2.759125694440744
6717,1.4536958514161296
6718,1.477456144551749
6719,1.2496978865395887
6720,29.33891428088516
6721,12.827558678100731
6722,5.652712285331399
6723,1.5966709919982658
6724,4.944339140969096
6725,2.5261061139961534
6726,2.6558201657749163
6727,2.184891136965688
6728,22.860547790277828
6729,10.250248526707772
6730,4.595486849482127
6731,1.307670903903427
6732,3.7585338295528654
6733,2.0182194985896844
6734,1.9619962770011048
6735,1.7627222693125755
6736,16.219183174047203
6737,7.537819719304101
6738,3.4571385607645766
6739,0.9533572481219154
6740,2.837583156504151
6741,1.4914214492046367
6742,1.5026307121580897
6743,1.3112125146393334
6744,22.453257030477637
6745,10.628769428137158
6746,4.589830986784045
6747,1.3207206540206002
6748,3.6616954214048283
6749,1.9143082184942604
6750,2.016604665941924
6751,1.7695353514154109
6752,15.199715212543603
6753,6.465272135229198
6754,2.9310818612691945
6755,0.9835221322680568
6756,2.53424842803118
6757,1.3631812080583268
6758,1.3002900115103118
6759,1.1695637966040662
6760,15.136169251735769
6761,6.960802925348033
6762,3.1220041613333525
6763,0.9148233714701682
6764,2.6984655748691595
6765,1.3807006491286624
6766,1.430760468085513
6767,1.2349259277160172
6768,32.65909185823042
6769,14.193328027277479
6770,6.420167973648467
6771,1.8480798036696788
6772,5.605571505344139
6773,2.7574300541094723
6774,2.933387343363626
6775,2.4642802494871594
6776,16.68235774548256
6777,7.804911062731783
6778,3.432670154637544
6779,0.990891366159738
6780,2.8268223755657718
6781,1.4943357104444377
6782,1.5624277301005134
6783,1.3428664115806328
6784,36.556939097940436
6785,15.30532837707267
6786,7.30574454910443
6787,2.1188073889278614
6788,5.740647727765557
6789,2.9270992707103254
6790,3.1683095145218796
6791,2.775463882228548
6792,24.719426330427645
6793,11.301013540292578
6794,5.078383440857739
6795,1.36787735130549
6796,4.190020309489126
6797,2.1911793670363156
6798,2.2413625290091472
6799,1.8605105087120382
6800,17.99392545252334
6801,8.384247521774657
6802,3.6092590525840684
6803,1.0530055663023778
6804,2.9878721709060825
6805,1.5624122845838835
6806,1.5837907234552915
6807,1.4085021715822175
6808,48.987474014851344
6809,21.6999538055702
6810,9.525281921514042
6811,2.412645468642664
6812,7.978637074056342
6813,4.237841656179619
6814,4.2655670449009495
6815,3.6316706025705727
6816,20.43430265450153
6817,9.691702347723332
6818,4.173685365825909
6819,1.1578222894607564
6820,3.509202839872856
6821,1.8427955107263025
6822,1.8364332848875224
6823,1.5671577557068388
6824,26.40988604130417
6825,11.972433484691587
6826,5.158648225616539
6827,1.4412537675767916
6828,4.528381038929821
6829,2.293961977732553
6830,2.300252226910516
6831,2.0335532153967253
6832,30.075105264645117
6833,13.541667805977248
6834,6.049665647502047
6835,1.7006941325125715
6836,4.978605033494177
6837,2.599835507567669
6838,2.7741904925674468
6839,2.3111734070273053
6840,22.94065374983607
6841,10.368760177611707
6842,4.491511358321767
6843,1.321726828732556
6844,3.911213602969326
6845,2.008034297157252
6846,2.015669352610014
6847,1.82755683979573
6848,24.27296545641603
6849,11.209952182167223
6850,4.969001544193404
6851,1.3468770874068645
6852,4.180971247033049
6853,2.0478573634926565
6854,2.1701506722693846
6855,1.887258126317754
6856,15.385277449492134
6857,7.128890759292832
6858,3.156644354390087
6859,0.9439355275500471
6860,2.711912982932433
6861,1.3319887688933647
6862,1.4307557566381632
6863,1.2226405175120538
6864,37.459901661582016
6865,17.38109858628716
6866,7.892902892091868
6867,2.2091996696789153
6868,6.147632947897851
6869,3.2328443733251158
6870,3.3921969870685227
6871,2.8527417403657083
6872,14.884631339061126
6873,6.67247529628345
6874,2.9977072669041585
6875,0.928547532336868
6876,2.5564422164148843
6877,1.3547822757022725
6878,1.3723241190933233
6879,1.2141598254617378
6880,16.1638077372314
6881,7.367863754120217
6882,3.439511754851985
6883,0.9577891240154917
6884,2.7841653942248334
6885,1.459902045118858
6886,1.522073660131629
6887,1.3322091043356967
6888,24.416463240185585
6889,11.040373151113087
6890,4.668237108557378
6891,1.3666646184332703
6892,4.181761587752317
6893,2.153910180541108
6894,2.226483583968392
6895,1.949147594393072
6896,28.202791158374048
6897,13.098752851225095
6898,5.577184274974155
6899,1.4500932884262663
6900,4.767389467396213
6901,2.4563084275637967
6902,2.561590777888873
6903,2.2863943309390216
6904,19.09491165390471
6905,9.188272850820129
6906,3.6801756351391632
6907,1.0498627397224634
6908,3.287726317643546
6909,1.6662072029782617
6910,1.7357043179492615
6911,1.495286741455501
6912,20.32779297294038
6913,9.544111516249663
6914,4.228619540235983
6915,1.1813692216587832
6916,3.322807457898439
6917,1.7825474912351111
6918,1.8235454774780484
6919,1.5895510215032949
6920,59.83524944787539
6921,28.035195101698
6922,12.743826172888227
6923,3.3966754005535367
6924,10.529405737125138
6925,5.363837969163898
6926,5.440803952799032
6927,4.852613154692095
6928,16.705867868728067
6929,7.514992026739794
6930,3.491763646794007
6931,0.9936033813569067
6932,2.8597956155811994
6933,1.4911231533412905
6934,1.6000252514998952
6935,1.3180323764574553
6936,18.11427318787134
6937,8.250909920747755
6938,4.484013091389843
6939,0.10197997315468092
6940,5.069896002397236
6941,1.9060484830853344
6942,2.1976389765377635
6943,1.5180998121457696
6944,21.1924819122388
6945,9.276947513441664
6946,5.28564452186311
6947,0.13244123707715055
6948,6.210771570630319
6949,2.2181855500839647
6950,2.631488394274271
6951,1.7914171930928997
6952,19.380505894264985
6953,8.941045988987927
6954,4.7520397337702125
6955,0.11005275536478856
6956,5.429834035845236
6957,1.929282174498887
6958,2.348931749334003
6959,1.6282296086896286
6960,18.19635893509868
6961,8.053248787307897
6962,4.535246323553113
6963,0.10352492137400343
6964,4.835499052436693
6965,1.8094617668144761
6966,2.1212004977105523
6967,1.5029847500167377
6968,16.13038744975801
6969,7.2270815630191105
6970,4.005021824777004
6971,0.09187291769018362
6972,4.555401390813801
6973,1.6438048013533522
6974,1.9498850124841833
6975,1.3530270258999955
6976,18.041169329130977
6977,7.97264565074578
6978,4.449991217864619
6979,0.08812703884450335
6980,5.055322682296937
6981,1.7290432934970394
6982,2.149101966729095
6983,1.4020558755904433
6984,17.95425414908512
6985,8.280782885373034
6986,4.417269531652385
6987,0.10843437291332451
6988,5.143294615202184
6989,1.8114347419027388
6990,2.1530383968617883
6991,1.5081741569406322
6992,25.59394461240939
6993,11.624417877198233
6994,6.399283189768823
6995,0.15692717715465634
6996,7.2078422370770685
6997,2.536003548157279
6998,2.9781999235958665
6999,2.1391076052230713
7000,29.69643286509379
7001,13.115981513893646
7002,6.810755373041647
7003,0.1975045257220986
7004,8.055646891144763
7005,2.9435042550604282
7006,3.6086884089064726
7007,2.4626923859656755
7008,15.61874472230562
7009,7.312116984795614
7010,3.756909751913487
7011,0.0882489063382717
7012,4.386907120928402
7013,1.5755673274802264
7014,1.7586776082396671
7015,1.291345583324628
7016,21.376061276121863
7017,9.723538164111687
7018,5.284015218402622
7019,0.13315463876651687
7020,6.040139538756212
7021,2.1821511507331
7022,2.5377521349690517
7023,1.7987436816089721
7024,13.243463714792723
7025,5.917174614826658
7026,3.2414011159154463
7027,0.0645534566289635
7028,3.2507685590107007
7029,1.2952320807255855
7030,1.4265644088885656
7031,1.0525664280597156
7032,15.384298646139644
7033,7.113392512082699
7034,4.00510811701055
7035,0.09286599581721018
7036,4.662360692726184
7037,1.6289982069325832
7038,1.9205384308603388
7039,1.3895745143289655
7040,17.640274182344257
7041,8.221882063553894
7042,4.362734498595191
7043,0.10690448696400764
7044,4.698212480822246
7045,1.7865717878442986
7046,2.1151919787735918
7047,1.5143622390169276
7048,20.080118628973427
7049,8.828683239275007
7050,4.789051478149631
7051,0.10823343034187559
7052,5.482387022770349
7053,1.9181297706010914
7054,2.3322797427679642
7055,1.6508156302437593
7056,26.721368203636292
7057,12.42282192266385
7058,6.568923458338813
7059,0.16412140359467708
7060,7.478604479797715
7061,2.7651727544033973
7062,3.4259891655600105
7063,2.3018083417403807
7064,15.474974957383763
7065,7.240516915287612
7066,3.971105638684496
7067,0.08529820315608115
7068,4.456597886663926
7069,1.6494264875477362
7070,1.906261642546389
7071,1.414891836091988
7072,42.35047056730571
7073,18.86978939482802
7074,9.92142600914442
7075,0.25606497610026063
7076,11.664655456261979
7077,4.231488966755509
7078,5.289258318931587
7079,3.394248387066761
7080,20.41063870869349
7081,8.95577141069978
7082,4.73276371703073
7083,0.11363799042311347
7084,5.4282810085436655
7085,1.9441972147564242
7086,2.339156985093677
7087,1.64017707349469
7088,25.100972123854834
7089,11.473037247428982
7090,5.991618797949113
7091,0.1549723960529652
7092,6.829876716648926
7093,2.5027698622886914
7094,3.113523176710907
7095,2.0378817930306763
7096,39.01269166559495
7097,17.674513441880677
7098,9.256428412074284
7099,0.25168868801487826
7100,10.452240795580824
7101,3.970098694228496
7102,4.527369934575536
7103,3.1988706291155946
7104,32.88501109235673
7105,14.464723093422265
7106,8.092260883233699
7107,0.20704239044336753
7108,8.787202329522676
7109,3.249122824319909
7110,3.9054982105360923
7111,2.6328720226628435
7112,21.784419141059388
7113,9.533890080627826
7114,5.109007413194294
7115,0.13208654060019043
7116,5.8791692247291945
7117,2.051959451262346
7118,2.5546319724230475
7119,1.7489152632602571
7120,15.415698682204955
7121,6.850807175177653
7122,3.6934959180447846
7123,0.0885304494560332
7124,4.3685185905702495
7125,1.5992676297996582
7126,1.891077129785788
7127,1.2675762188143254
7128,28.227246689948103
7129,12.098438234764135
7130,6.37463583894714
7131,0.1859477974688917
7132,7.586072199691286
7133,2.8094501619508954
7134,3.3967529566258174
7135,2.243557704646273
7136,21.90333021553537
7137,9.640432893676213
7138,5.443960438515821
7139,0.12303893920086947
7140,5.900064168480585
7141,2.2027995732523156
7142,2.4843981429920436
7143,1.824598237831436
7144,15.312092996014623
7145,7.159363710774416
7146,3.9186403558357523
7147,0.08949673646943702
7148,4.485803551730088
7149,1.623381350499255
7150,1.8880729869058663
7151,1.3120682774918178
7152,21.310048296626043
7153,9.831546171616322
7154,5.210383473940327
7155,0.12473951489750283
7156,5.68535144225579
7157,2.0306925959316207
7158,2.522312983874043
7159,1.7869009456534868
7160,14.471487418639391
7161,6.377349381819955
7162,3.555553646419798
7163,0.07421379645527401
7164,4.024531820595927
7165,1.5120578081256235
7166,1.5773741527089882
7167,1.1785802570365567
7168,15.373986114250503
7169,6.7945579152388555
7170,3.738064079974814
7171,0.09186098814276517
7172,4.379397861080401
7173,1.479841773032277
7174,1.8378337669484737
7175,1.2586847996108215
7176,31.53412285758064
7177,13.686919478341512
7178,7.617887610782661
7179,0.20462981829835933
7180,8.771553546329127
7181,3.0251375643020664
7182,3.7803252967718897
7183,2.524284355859979
7184,15.727779022962254
7185,7.3749204065159955
7186,3.9874515358907137
7187,0.0787286905524673
7188,4.451406311722268
7189,1.611987658295802
7190,1.9593215355822733
7191,1.3386998503766212
7192,35.406409610936244
7193,14.854017083750229
7194,8.24612607101464
7195,0.20358001884454685
7196,9.320035281196548
7197,3.206720893130556
7198,4.095065573772516
7199,2.864326790838928
7200,23.605289195851874
7201,10.698128926284083
7202,5.730760976470504
7203,0.13494721548953395
7204,6.458709589010689
7205,2.4081037902742968
7206,2.8689668156757833
7207,1.9047086877185984
7208,17.34818035247574
7209,7.915976413913765
7210,4.226855584878242
7211,0.0929167867719408
7212,4.74237382444049
7213,1.740808293686092
7214,1.9834410970556453
7215,1.4303264746930966
7216,45.33384013904289
7217,20.588062498304712
7218,10.78514776659529
7219,0.2571094994342877
7220,12.422454560478178
7221,4.5728074660132245
7222,5.343839929795734
7223,3.7829430797178776
7224,19.59945958879444
7225,8.941139131176078
7226,4.789629361561729
7227,0.11076227992938731
7228,5.463564986076609
7229,1.9842550257521547
7230,2.2960522000117716
7231,1.5955859066765257
7232,25.25732458728706
7233,11.212110288676497
7234,6.005510891719997
7235,0.1489104029123074
7236,6.850460632961673
7237,2.5198837385262887
7238,2.884811387671014
7239,2.0621861623566717
7240,29.20102785221699
7241,12.817862098053324
7242,6.853154333357254
7243,0.18291498869869216
7244,7.684969200548276
7245,2.8670959049244344
7246,3.5977650422550496
7247,2.3629820238378434
7248,22.227501418247847
7249,9.719368329384515
7250,5.187316207171473
7251,0.12425231343862639
7252,5.9715037253302485
7253,2.1574192409711817
7254,2.509725698675347
7255,1.85860417105445
7256,23.25724564372496
7257,10.389557220523114
7258,5.623027950966952
7259,0.13262624540329582
7260,6.486643137936511
7261,2.2492105235871915
7262,2.834278437438944
7263,1.9464313190519917
7264,15.160118763663446
7265,6.908848491376779
7266,3.7841382187896606
7267,0.08497394832498911
7268,4.459699959843887
7269,1.4814989437839368
7270,1.8549812652215347
7271,1.2665245475638216
7272,36.05116345408423
7273,16.455216929345166
7274,8.73082614241936
7275,0.2338503368171778
7276,9.468661017545836
7277,3.6229913846050104
7278,4.342838760520907
7279,2.954384448593453
7280,14.12257119912228
7281,6.4311197828990485
7282,3.4753666379839
7283,0.07303667156344157
7284,3.922976585405086
7285,1.4255965857868083
7286,1.683328013558573
7287,1.222607322585949
7288,15.9573638008422
7289,7.104066353972262
7290,4.004325325022854
7291,0.08486768725154963
7292,4.309925643793638
7293,1.6104174096811177
7294,1.935352657531646
7295,1.359907577988037
7296,23.69193742645908
7297,10.413374904939891
7298,5.432343803353469
7299,0.12913818285948375
7300,6.459491848164464
7301,2.3546645607996965
7302,2.853344175972501
7303,2.004942566497275
7304,27.246192493765815
7305,12.18478410840884
7306,6.303796797056314
7307,0.15569402401550467
7308,7.356706191540235
7309,2.728333387589303
7310,3.2380765539397465
7311,2.4058508628536113
7312,18.11775631166432
7313,8.367678250200804
7314,4.260137386369269
7315,0.09189909171759625
7316,4.996383883638259
7317,1.8039863191380736
7318,2.156487960575265
7319,1.5365908620517448
7320,19.71910409104851
7321,8.913241467138963
7322,4.849950820654623
7323,0.11807145357569186
7324,5.236729779080624
7325,1.9537789340848686
7326,2.3037508862857643
7327,1.6608217076350853
7328,56.78399209411346
7329,25.992307575836243
7330,13.655204384734013
7331,0.42503762634259196
7332,15.62603826068973
7333,5.86770515518833
7334,6.9133933114934285
7335,4.843982928993789
7336,16.18381861939999
7337,7.133570713994242
7338,4.040931935589847
7339,0.08460275034478945
7340,4.490284596864423
7341,1.6234272577660172
7342,2.023561879595909
7343,1.301889812348192
7344,18.290087459758936
7345,8.493935223801866
7346,3.4872933904024
7347,1.471185878486988
7348,2.5294324925688176
7349,1.6641397354648497
7350,1.6161450026319593
7351,1.5170505544016601
7352,22.097389823560263
7353,9.809096153061933
7354,4.355845461080786
7355,1.8108730065317775
7356,3.2810378905020463
7357,1.9980672699571829
7358,1.8792636977536645
7359,1.791413057510981
7360,20.19264566721288
7361,9.135505255531912
7362,3.9336425389052057
7363,1.6782522585528628
7364,2.8912688501029624
7365,1.8027515132666962
7366,1.870124069623642
7367,1.6750651017002942
7368,19.214772303221107
7369,8.306031788082032
7370,3.6692149309163646
7371,1.5058559508913163
7372,2.6647363030368654
7373,1.666889512546803
7374,1.7009628122255078
7375,1.5617510922908038
7376,16.275868914548003
7377,7.372335547433077
7378,3.228636963306045
7379,1.3514793239389211
7380,2.4413200976834784
7381,1.524538713188806
7382,1.533687333449737
7383,1.3739798512114263
7384,19.347976519394436
7385,8.403487272482526
7386,3.541359735442754
7387,1.5525624113501693
7388,2.656067534997963
7389,1.6299393697207285
7390,1.6908565667278646
7391,1.5296193343538758
7392,18.456841358273035
7393,8.60332079398526
7394,3.609319229500759
7395,1.5354452890795347
7396,2.726204281010635
7397,1.679036887272071
7398,1.6630575755199946
7399,1.583759132141735
7400,26.56737950150596
7401,11.842508009827315
7402,4.902393524462993
7403,2.1649944606876272
7404,3.687349079053284
7405,2.2775199416159584
7406,2.1929081626212334
7407,2.0955168741783012
7408,29.95180312753574
7409,13.614915190842183
7410,5.637531963229957
7411,2.3336000452194057
7412,4.2451830950360785
7413,2.542562852144222
7414,2.548755680496029
7415,2.3698553926073838
7416,15.401891264901394
7417,7.270796704730902
7418,2.855395182643356
7419,1.2336997926694115
7420,2.326920498663211
7421,1.4482651946171208
7422,1.4507062100367651
7423,1.2901444894295084
7424,22.100261596714144
7425,9.989371384765041
7426,4.265164835135365
7427,1.817640421433739
7428,3.1623292631872983
7429,1.9507528407828263
7430,1.9304734686192404
7431,1.811035103984056
7432,13.568846632289103
7433,5.756261483819921
7434,2.560359111417197
7435,1.0692827575746147
7436,1.9173059562608656
7437,1.1563635021951169
7438,1.1651642494098056
7439,1.0833985404214124
7440,16.111519219593873
7441,7.202268718611744
7442,3.255094944027214
7443,1.3443285874845308
7444,2.2903075931207315
7445,1.4869199802070863
7446,1.475978959194006
7447,1.3602375590080615
7448,17.963593972327793
7449,8.225185737875258
7450,3.428947933981396
7451,1.4478211423338372
7452,2.5058079556385797
7453,1.6231302856001346
7454,1.6047388009170203
7455,1.5192342788728683
7456,20.618858367428203
7457,9.247396670792648
7458,4.11166072652056
7459,1.6209702142872269
7460,2.9043225035713935
7461,1.7708373938067907
7462,1.7772211613158224
7463,1.700602709556998
7464,27.222487794789416
7465,12.82426717673104
7466,5.272404746324864
7467,2.300306696914591
7468,3.981327934631104
7469,2.5230362363967025
7470,2.413660201584058
7471,2.284160017802209
7472,15.841697804100944
7473,7.29977595985303
7474,3.1965917386418825
7475,1.3225656297760922
7476,2.337509837620193
7477,1.4796648779862007
7478,1.4814127573634408
7479,1.403254992487645
7480,43.68015471044135
7481,19.671635509064327
7482,8.398945412966802
7483,3.4296220245477564
7484,6.142332347171378
7485,3.683846257338607
7486,3.6362026578832918
7487,3.278560571899176
7488,20.865526431175713
7489,9.515022616078952
7490,3.817067593857839
7491,1.5791576297950156
7492,2.9509496720703168
7493,1.7817189892820278
7494,1.7113150552444703
7495,1.6983506794031062
7496,25.44478166070963
7497,12.590631773418238
7498,5.2159653191535185
7499,2.13853154460896
7500,3.725512006351263
7501,2.27491479044761
7502,2.2910058676969878
7503,2.1312265365133585
7504,39.2386423611591
7505,17.71603596433147
7506,7.248479660528645
7507,3.236217741907876
7508,5.2986857712280715
7509,3.397333629228902
7510,3.2190232475608935
7511,3.017439842260821
7512,36.5852613080236
7513,15.207052466314776
7514,6.4383718557678735
7515,2.8479062605149204
7516,4.751509099672731
7517,2.8974447176782663
7518,2.8474091095333685
7519,2.6340838405537252
7520,22.457190300516707
7521,9.944385241811947
7522,4.405183677770089
7523,1.7958421916903287
7524,3.1087708457745435
7525,1.9031432255999594
7526,1.9194659566716146
7527,1.7821678851546638
7528,15.873563576367022
7529,7.08856647928564
7530,2.946237864532321
7531,1.2747884685670634
7532,2.2186071775995475
7533,1.4832447652196519
7534,1.477578937942137
7535,1.2686146261550444
7536,28.623287966950272
7537,12.930188128795727
7538,5.424133766430558
7539,2.2915564058321434
7540,3.9804443321328993
7541,2.4194982404115084
7542,2.527606859091396
7543,2.2217337310532637
7544,22.74078951639463
7545,10.330758034123559
7546,4.250870614743472
7547,1.7729632028494586
7548,3.1663843398230855
7549,1.9741741276591225
7550,1.9383293495385054
7551,1.8044146710866495
7552,16.51652198387418
7553,7.312339472734992
7554,3.179241601870171
7555,1.3233340119455692
7556,2.2898309037393005
7557,1.5217104389709488
7558,1.4743201095112277
7559,1.3309908825036092
7560,22.35839865360327
7561,10.393617860222697
7562,4.401763427145476
7563,1.8527864183019758
7564,3.072450346511272
7565,1.90857176730836
7566,1.9467798466011668
7567,1.8380482798059783
7568,14.897372502613337
7569,6.6645447862347345
7570,2.75069733844168
7571,1.2072143559067148
7572,2.158656153735239
7573,1.3238382777959126
7574,1.350908811249598
7575,1.2024564647008855
7576,15.482515062538127
7577,6.875361684536109
7578,2.9170222084467854
7579,1.2227263960660881
7580,2.2488401690543567
7581,1.3581643002960264
7582,1.3877289848251326
7583,1.2181673941513569
7584,32.61559611404924
7585,14.234479709459643
7586,6.063907038401737
7587,2.645337758852601
7588,4.586529456018163
7589,2.7914032917730056
7590,2.7869771654762188
7591,2.6104325872235425
7592,16.83067017100357
7593,7.392264626550696
7594,3.3344656848651977
7595,1.338824850924419
7596,2.404194294307731
7597,1.465404556580479
7598,1.50629452996656
7599,1.3709898924066486
7600,35.28295922851309
7601,15.408710231720002
7602,7.0029012356586025
7603,2.7119539528842664
7604,4.733918540542266
7605,2.9137840248372155
7606,2.987649776865017
7607,2.694389511044116
7608,24.278118648510375
7609,10.630557368405547
7610,4.734874851682014
7611,1.9584091232385603
7612,3.4616790529050703
7613,2.1471313399362595
7614,2.0947231132309065
7615,1.936147101903925
7616,18.165135220801357
7617,7.739997217211235
7618,3.444193708277916
7619,1.4365481883624303
7620,2.5644625329710133
7621,1.6159084652841673
7622,1.5827799621097554
7623,1.4446960681070986
7624,48.432998783169275
7625,20.520726521239663
7626,9.060842329612182
7627,3.5331410850448983
7628,6.6223878543771635
7629,4.046019878679993
7630,4.0365232473030686
7631,3.533246844050625
7632,19.850923481386488
7633,9.589024896289793
7634,3.9649129563925016
7635,1.6678405529598588
7636,2.977099993770104
7637,1.801231974798744
7638,1.8062421128363642
7639,1.656870669239696
7640,25.53504520571642
7641,10.894545404601322
7642,4.649356539921811
7643,2.0462315655387173
7644,3.6393976412144577
7645,2.2283261728591084
7646,2.165432419432862
7647,1.9792797056714948
7648,30.198299446944493
7649,13.038859685772604
7650,5.89979000092918
7651,2.442911056321031
7652,4.294579221342377
7653,2.5816776438165734
7654,2.641766585938241
7655,2.310431707699112
7656,22.38568178928452
7657,9.843878286219828
7658,4.373145247977945
7659,1.8234344733217434
7660,3.16872207082877
7661,1.9675498123301225
7662,1.9688406183869844
7663,1.8261443614991166
7664,24.454803554424686
7665,10.865807477321997
7666,4.644229616495362
7667,1.9453616698118064
7668,3.479697098212498
7669,2.037294885759118
7670,2.0866186418692507
7671,2.0333354515309465
7672,15.350124376998723
7673,6.890668466044273
7674,3.0124560432837617
7675,1.2305042826480275
7676,2.195642649683374
7677,1.3425581231292851
7678,1.3972948272119063
7679,1.2297097791180938
7680,36.844133230592135
7681,17.221989835262473
7682,7.3476897594727575
7683,3.0586363407291004
7684,5.088984123039147
7685,3.190459536111097
7686,3.0276942915967586
7687,3.0393832237857445
7688,14.840674960160365
7689,6.653212320833667
7690,2.7905692879248667
7691,1.2111151027517177
7692,2.099079194856265
7693,1.2972141443595417
7694,1.3265617068605158
7695,1.2215515734127929
7696,16.171657561608207
7697,7.293734629151558
7698,3.3225785621486885
7699,1.388330155099809
7700,2.30853012111958
7701,1.5073704533677539
7702,1.5101054678043961
7703,1.347074732910736
7704,24.78678307130194
7705,11.0404997980372
7706,4.420740777229934
7707,1.9326313734375913
7708,3.352552519622587
7709,2.0948930357959124
7710,2.0702452004176033
7711,1.9395734919966414
7712,27.56835539986422
7713,12.742670064074222
7714,5.313927194062281
7715,2.2207945736151404
7716,3.693253927895696
7717,2.4805868362009567
7718,2.4625827846941055
7719,2.2893775221001325
7720,18.91203037122513
7721,8.400828847119186
7722,3.4498589705189304
7723,1.5096665360748607
7724,2.7477970879895297
7725,1.637914638476735
7726,1.6741833922470633
7727,1.5698956341161432
7728,20.75618391609348
7729,9.527639464357266
7730,4.0410444437729485
7731,1.649573906395334
7732,2.949268775050739
7733,1.7919868968321648
7734,1.7585018332021805
7735,1.702832869334709
7736,61.59111389882288
7737,28.063223231353543
7738,12.33412101097042
7739,4.253252029925488
7740,8.946284798799025
7741,5.176962219173679
7742,4.891571523968492
7743,4.852736457239613
7744,16.017066590683708
7745,7.379209664960398
7746,3.1780264726315877
7747,1.3680262820485247
7748,2.290968227773844
7749,1.497203806427166
7750,1.5090592837887224
7751,1.3884290674535884
7752,16.930680321229467
7753,8.120218920022747
7754,3.3537309679446037
7755,1.2865845160146823
7756,2.4468481606852914
7757,1.5155528122087507
7758,1.5161150201826048
7759,1.3426902323026642
7760,20.158865044169197
7761,9.301679537853978
7762,4.2044842503222934
7763,1.5334128826932778
7764,3.34479435796264
7765,1.8147958361180883
7766,1.783950056060477
7767,1.619438189824369
7768,18.87235869290403
7769,8.431705615237393
7770,3.8205545598861086
7771,1.4505752550916289
7772,2.735330660550677
7773,1.7016481518758249
7774,1.728526300484677
7775,1.4909694882495295
7776,17.41569967963195
7777,7.915027749471778
7778,3.4173814426319673
7779,1.319089665020217
7780,2.5131118011725717
7781,1.473406419214722
7782,1.583548638968764
7783,1.3657866723400722
7784,15.606062925721426
7785,7.015172156491438
7786,3.053399864010059
7787,1.2340973865698912
7788,2.335110826732245
7789,1.3628295933114767
7790,1.4031137904815825
7791,1.2609481138539937
7792,17.362458669107205
7793,7.9531851220615355
7794,3.178358426156988
7795,1.3093900580225415
7796,2.6096252584025064
7797,1.411832446538291
7798,1.5909345300102438
7799,1.3547012556816593
7800,16.920748351547704
7801,8.135954641406839
7802,3.490091949126557
7803,1.3139581241629696
7804,2.5912547290069496
7805,1.4955097223944804
7806,1.5740886451607379
7807,1.373462658578381
7808,24.250092410067243
7809,11.246061589726871
7810,4.564895158552299
7811,1.9103512858661158
7812,3.573973400265933
7813,2.0679168255859595
7814,2.049734013044992
7815,1.8332684393415173
7816,27.444836580454318
7817,12.463921889209924
7818,5.268581776297355
7819,2.091200644800082
7820,3.970985533258473
7821,2.3866871472646745
7822,2.4200291971040726
7823,2.227366475266127
7824,14.62694275143919
7825,6.898462828736648
7826,2.674850179844824
7827,1.1681445694878125
7828,2.2755742199106694
7829,1.3368945385101783
7830,1.3491643905015556
7831,1.2236645785044429
7832,20.506362276429382
7833,9.271271659048898
7834,4.230178415814856
7835,1.5914332285926842
7836,3.093483330607398
7837,1.8055199024368684
7838,1.807869772058919
7839,1.623859468499988
7840,12.090260263257244
7841,5.27425577322817
7842,2.3228962363031282
7843,1.0540321044713685
7844,1.7922474764924383
7845,1.0843063052984434
7846,1.0909381608378796
7847,1.0079044641851531
7848,15.018994550621283
7849,6.720116828657812
7850,2.9613216338788084
7851,1.1995791372510447
7852,2.3246271180911493
7853,1.326842217022265
7854,1.3735651519094016
7855,1.2324960526875388
7856,16.75068322995437
7857,8.083898355699988
7858,3.3308961497521192
7859,1.3136176771801833
7860,2.3576147564856345
7861,1.4512630400206457
7862,1.477082003297528
7863,1.3680340099697255
7864,18.68479028494727
7865,8.55130215244991
7866,3.870482030288726
7867,1.4138263477499022
7868,2.744145922335496
7869,1.601094620940558
7870,1.6895777916769854
7871,1.5010859571267416
7872,25.081421156646755
7873,12.130468549628146
7874,5.028890655937295
7875,2.0082947462974423
7876,3.7935469430622413
7877,2.218493635701074
7878,2.255305094025399
7879,1.9981054622106675
7880,14.937264894312817
7881,6.747360430354611
7882,2.9640053708495153
7883,1.1871776054386651
7884,2.26914561486433
7885,1.3292400165779301
7886,1.3772639859616516
7887,1.2533706730442904
7888,40.28917738107554
7889,18.000431590269084
7890,7.824390031729568
7891,2.9358895518494834
7892,6.025468731649953
7893,3.4187694657359606
7894,3.50854589809423
7895,3.0115218612451136
7896,19.525349967533224
7897,8.918354084201926
7898,3.6833079547489964
7899,1.5125728436323667
7900,2.704332577873303
7901,1.6445409901949117
7902,1.670564826137136
7903,1.5139042641159857
7904,24.287620154599182
7905,11.205730791470014
7906,4.6339880737495465
7907,1.827542130829472
7908,3.640065057808771
7909,2.0395401610317534
7910,2.0781462277480904
7911,1.8681543879570301
7912,35.2727458741661
7913,16.991143359534735
7914,6.530845459850705
7915,2.637452870333993
7916,5.452419610506876
7917,3.07445490644956
7918,2.9236024851858917
7919,2.7644796210486478
7920,31.49007174280069
7921,14.25461360343006
7922,5.968950533596364
7923,2.2925575090663584
7924,4.358700845074684
7925,2.5825691296909037
7926,2.61657154779402
7927,2.338341688047343
7928,20.97052701466452
7929,9.392475864478527
7930,4.198087699968054
7931,1.5414317273609894
7932,3.1581373589620263
7933,1.7018349663887526
7934,1.756478523164727
7935,1.5673382110545568
7936,14.369957441296354
7937,6.45234504044164
7938,2.7265059093773267
7939,1.1559789336094413
7940,2.1269563090621006
7941,1.310678256454413
7942,1.3173432391576507
7943,1.1501252620435047
7944,25.91525377814495
7945,12.081712295426788
7946,5.228508046332599
7947,1.9888686474572175
7948,3.657199082021021
7949,2.1412181814320985
7950,2.2249490649580372
7951,2.01411979997413
7952,21.594896965522967
7953,9.564064246769062
7954,4.086738927461907
7955,1.5996773431757165
7956,3.1678902147760915
7957,1.8235252175340764
7958,1.8266420398081922
7959,1.6814414406917382
7960,15.459475731415484
7961,6.994927333290446
7962,2.9154876156518137
7963,1.2188861257600112
7964,2.319429972732411
7965,1.3477780699857358
7966,1.3645051702222026
7967,1.2268330837071313
7968,20.528761567017924
7969,9.621823461024876
7970,4.222008602067447
7971,1.5736125027813024
7972,3.0373867596261688
7973,1.7072792962306669
7974,1.771548828258055
7975,1.6340052375046652
7976,13.652674130388815
7977,6.037259526522739
7978,2.5652937622610015
7979,1.1071074009406587
7980,2.003568036416796
7981,1.2253054063002262
7982,1.2176139704791917
7983,1.1117316013130893
7984,14.538050536558236
7985,6.659283208109236
7986,2.720357377680325
7987,1.1607303967840787
7988,2.180063317021229
7989,1.2486216040764364
7990,1.3313346280789315
7991,1.1769054949114528
7992,30.05703846728296
7993,13.396414931856865
7994,5.558298047634941
7995,2.2290244919935844
7996,4.363936123442098
7997,2.4037215759989774
7998,2.549507627336024
7999,2.33549302692889
8000,15.50908331864543
8001,7.063002704174612
8002,3.0445541321289187
8003,1.208451495142883
8004,2.2439089068398883
8005,1.3451616739963264
8006,1.4271253528321135
8007,1.2485673671362398
8008,32.851529149471865
8009,14.423256814281562
8010,6.707987207067388
8011,2.4164597758131716
8012,4.846850213707547
8013,2.6148250559058273
8014,2.82332312715816
8015,2.5302379517589655
8016,23.067417035895744
8017,10.03953615203863
8018,4.501160123951174
8019,1.7520544759339864
8020,3.4831882732094037
8021,1.964347730557467
8022,2.0041431477230573
8023,1.7415963400155872
8024,16.36293963089242
8025,7.804071465631946
8026,3.268485054664523
8027,1.2323099426481674
8028,2.4049042229215503
8029,1.4198709896919484
8030,1.4359393604158437
8031,1.2768340781002396
8032,43.06626042220379
8033,18.968478405007115
8034,8.001862386351903
8035,3.0000116670001202
8036,6.3266992781597695
8037,3.754578900877585
8038,3.6590402105850055
8039,3.352192154483375
8040,18.550044706380113
8041,8.846211459913107
8042,3.7421549269295893
8043,1.4006133947685462
8044,2.789958557378359
8045,1.660123330743192
8046,1.6326672946689247
8047,1.4413323598974883
8048,23.14587661110123
8049,10.481938424982966
8050,4.684351175209802
8051,1.786471264267849
8052,3.4410883907449104
8053,2.010167273298006
8054,2.0508230353632557
8055,1.7836265825574253
8056,27.69594302242394
8057,12.944302231975264
8058,5.644072845957516
8059,2.0454133002564276
8060,3.884999174060665
8061,2.3286417623001774
8062,2.3905066940185264
8063,2.0936679507559997
8064,21.113369960106763
8065,9.04616686259569
8066,4.02308005279045
8067,1.547441326908815
8068,3.0991087756028217
8069,1.7532083601813953
8070,1.855293677815653
8071,1.6489862383340415
8072,22.583060082048828
8073,10.302160042188044
8074,4.467159432963487
8075,1.6732627298752705
8076,3.3828412061915687
8077,1.8481351953104095
8078,1.9310133462256907
8079,1.8025047999800017
8080,14.652253918719703
8081,6.417155216073107
8082,2.7456969560202147
8083,1.170168653231228
8084,2.0595669770270733
8085,1.2173183735900954
8086,1.3239196878546164
8087,1.158274396836282
8088,33.678435562021164
8089,15.88903970694768
8090,6.746928095583208
8091,2.578133019412238
8092,5.096974413216573
8093,2.8011574982453626
8094,2.7136872361999758
8095,2.6691384780613774
8096,13.842862387470143
8097,6.19116499483014
8098,2.649621610408942
8099,1.1496373614116961
8100,2.09104746708095
8101,1.2385371607776592
8102,1.2558413156257142
8103,1.1546094189132297
8104,15.27528162093031
8105,6.906967819891353
8106,2.9502475768050274
8107,1.207712522557116
8108,2.3190667303645074
8109,1.356848494839704
8110,1.400762887094546
8111,1.2420423886698309
8112,22.514623438207146
8113,9.762640585690605
8114,4.137317763605024
8115,1.7461441357420644
8116,3.3442580854776502
8117,1.883764183877837
8118,1.922571242912434
8119,1.7203733888451065
8120,25.130975659074828
8121,11.385699101946445
8122,4.895304945328186
8123,1.883926376676301
8124,3.722817550813747
8125,2.161732447313987
8126,2.2906062770753595
8127,2.0752083662099885
8128,17.298306574384068
8129,8.13332274400284
8130,3.3506795702885457
8131,1.3652671297850778
8132,2.6171373532346824
8133,1.4916719472704079
8134,1.5663604225857732
8135,1.3828037783337606
8136,19.32899853425068
8137,8.738458968256115
8138,3.7907759844898643
8139,1.3965025964736282
8140,2.7956207573025424
8141,1.6855178484849647
8142,1.614954313367296
8143,1.4806569300735835
8144,56.15290218005029
8145,25.38033531211802
8146,11.25415612009416
8147,3.8419662412366895
8148,8.022322219398701
8149,4.809398225318301
8150,4.761325683140221
8151,4.505674616942305
8152,15.496542358198244
8153,7.020593450899534
8154,2.9871081975492277
8155,1.2280182942261566
8156,2.321309359917426
8157,1.3581952566310898
8158,1.4215685512217917
8159,1.2482347392511397
8160,19.007110637504805
8161,8.885237853045833
8162,3.799942937607364
8163,0.9388224415778605
8164,3.4873053613350664
8165,1.701584850507954
8166,1.8116005974754796
8167,1.5142287008464537
8168,22.126917350146385
8169,9.98776257568027
8170,4.556586157181097
8171,1.0069467173033653
8172,4.33473041918825
8173,1.9749038963907373
8174,1.992619691550357
8175,1.6909604497680026
8176,20.08870227091818
8177,9.369778895699694
8178,4.071102713389296
8179,0.9279026491518774
8180,3.7558346324484986
8181,1.770492197131495
8182,1.928024383461278
8183,1.53706599121641
8184,19.018790401306703
8185,8.354740888077261
8186,3.862852335665178
8187,0.8599842487587305
8188,3.4079960456817706
8189,1.6119227001246352
8190,1.7728684721542702
8191,1.4713193928264092
8192,16.479624469047568
8193,7.471271002038751
8194,3.3712789208755205
8195,0.8180924814477111
8196,3.190468917794382
8197,1.4852644266650397
8198,1.6097944016208474
8199,1.3119519565646114
8200,19.174126228546566
8201,8.541172507085916
8202,3.735472801238222
8203,0.8929965251966826
8204,3.40732010905528
8205,1.5422413140801936
8206,1.7608288346129533
8207,1.4406311123820443
8208,18.483617922500596
8209,8.809901339830473
8210,3.7206462208485234
8211,0.9116996195407806
8212,3.574368978012004
8213,1.6616004587658297
8214,1.767298493528766
8215,1.5245403780552826
8216,26.94514082917663
8217,12.302078806535164
8218,5.281795164508363
8219,1.2461294657950113
8220,5.025216470130296
8221,2.325204824824111
8222,2.414726807611255
8223,2.060818289170205
8224,29.934127878573292
8225,13.771008391905962
8226,5.949501786580018
8227,1.2889873857597007
8228,5.6602563138814235
8229,2.5990038445884482
8230,2.866078644442415
8231,2.3295883064626928
8232,15.879947956236633
8233,7.478719517480619
8234,3.103867608261555
8235,0.7537854469907478
8236,3.1117863415529263
8237,1.4283420764567765
8238,1.5020713532043746
8239,1.238349081764854
8240,22.783463002450837
8241,10.360532700757705
8242,4.470381123985017
8243,1.0178180889414337
8244,4.142555568100029
8245,1.9614259896499018
8246,2.0516237232193877
8247,1.7415242886085505
8248,13.824527708963021
8249,5.930588393747835
8250,2.716920823815491
8251,0.7669908443824274
8252,2.4050715538601315
8253,1.1941684476210317
8254,1.2591650477979257
8255,1.1012720422789095
8256,16.276829776662662
8257,7.23304147116241
8258,3.3439577238864673
8259,0.7908959464540828
8260,3.070645843141783
8261,1.4324131373248605
8262,1.540628106704926
8263,1.2870319130796082
8264,18.342315803792616
8265,8.48615919811524
8266,3.6594641974994864
8267,0.8540404448158875
8268,3.3184836220650697
8269,1.6029023202784132
8270,1.7020381654683279
8271,1.4450130722946593
8272,20.865952845968586
8273,9.441316865255262
8274,4.285029172859347
8275,0.9467539192762777
8276,3.837821409570824
8277,1.781067221269967
8278,1.8986035214809542
8279,1.6501499727116533
8280,27.17957386642967
8281,12.889002924868148
8282,5.482830993976733
8283,1.2657140927370172
8284,5.240037312031812
8285,2.539785517884047
8286,2.637615660876805
8287,2.207645802627941
8288,16.15356708946655
8289,7.459669858719244
8290,3.362967348428282
8291,0.7814213640601391
8292,3.15098825693101
8293,1.462656861413994
8294,1.528811490414114
8295,1.3528421074873447
8296,43.00492054455171
8297,19.907436110745536
8298,8.781499865014208
8299,1.9722859604548242
8300,8.035402281238301
8301,3.774662890340377
8302,4.064320204817515
8303,3.3042545358943274
8304,21.199967301919692
8305,9.67948034668053
8306,4.103230729672371
8307,0.9380897236692729
8308,3.9053398833806923
8309,1.8021519434475126
8310,1.8838106233497305
8311,1.621962147850283
8312,25.528553497966865
8313,12.564604832904926
8314,5.385847721603656
8315,1.1421508142642016
8316,4.911432559809141
8317,2.284424655176798
8318,2.464382350541702
8319,2.0585395342338813
8320,39.106883884059094
8321,18.007474810079497
8322,7.8470717191715345
8323,1.848318546888331
8324,7.038342665283084
8325,3.4252835258772234
8326,3.5128124216681553
8327,2.991296177141528
8328,35.578313548813504
8329,15.195666155713901
8330,6.960078908889797
8331,1.6156409572906687
8332,6.381068468553449
8333,2.9023218635310384
8334,3.066416831120795
8335,2.555279111768725
8336,22.404609365935336
8337,9.984792868807604
8338,4.675400765434759
8339,1.0412776243871014
8340,3.986348764425859
8341,1.8792273415676302
8342,2.042403862245053
8343,1.7077019200946701
8344,15.999223267879971
8345,7.155868595274837
8346,3.049989294909493
8347,0.7740923809568608
8348,2.9610410241595377
8349,1.4282228516031394
8350,1.4826883856674198
8351,1.2003205583129268
8352,28.803047448677955
8353,12.971778752776897
8354,5.583458348549588
8355,1.2400035202070847
8356,5.307578359932498
8357,2.4171613057879178
8358,2.7281396669434925
8359,2.1207902082090584
8360,23.024065009562786
8361,10.529451724381106
8362,4.539392030979349
8363,1.0289085678754781
8364,4.121623745918283
8365,1.9821227668968526
8366,2.080830735645815
8367,1.732242162471061
8368,16.74608970487466
8369,7.398475825821637
8370,3.30805922018368
8371,0.7775921051242561
8372,3.081225483026548
8373,1.4834406961188888
8374,1.5383628322124847
8375,1.2503354650655139
8376,22.593831834942527
8377,10.617498902709418
8378,4.59785737524529
8379,1.0666426838604173
8380,3.957786301390704
8381,1.8929043504314955
8382,2.0419165349880535
8383,1.7690681427629136
8384,15.05895220670694
8385,6.747412365952479
8386,2.901113886367861
8387,0.7710873980739974
8388,2.9275311301550575
8389,1.3063140378491367
8390,1.417022771127324
8391,1.185974258574222
8392,15.783656173531584
8393,7.025221171650638
8394,3.084967033662052
8395,0.7747414230750189
8396,3.0231210598263494
8397,1.3253092361817462
8398,1.4373921583040596
8399,1.1943089585745366
8400,32.09965464517863
8401,14.401468917903927
8402,6.493044467041212
8403,1.4096311822542318
8404,6.0435543249653945
8405,2.8113980184582403
8406,3.0054944950411566
8407,2.5215539993698837
8408,17.199281776029956
8409,7.717682457806245
8410,3.5685244583599713
8411,0.814906239142304
8412,3.2491117236931575
8413,1.470919271412943
8414,1.6159452919276824
8415,1.337615720933456
8416,36.25611635972176
8417,15.62194158167696
8418,7.5125533834394975
8419,1.6883540020673027
8420,6.474659162911698
8421,3.0175161051246797
8422,3.3381807981424596
8423,2.7582365850658577
8424,24.360684675329477
8425,11.005278384445134
8426,4.9963146492337485
8427,1.1574859974614686
8428,4.510708920004648
8429,2.145260482082034
8430,2.28261194934651
8431,1.9139066734185686
8432,18.315313025630168
8433,8.017375765961352
8434,3.6521304669252546
8435,0.8765235425663249
8436,3.373034847108728
8437,1.62482801983205
8438,1.6664831805509264
8439,1.4024979180124548
8440,46.378082045181486
8441,20.67811100964134
8442,9.42953104787937
8443,2.0361943616474067
8444,8.463140216545483
8445,4.00416502698099
8446,4.376903999012817
8447,3.4818355101517695
8448,19.983855719587666
8449,9.715522641761591
8450,4.201100117154598
8451,0.9669480512002524
8452,3.859483244080704
8453,1.770016158714135
8454,1.8955947685022352
8455,1.5459922322901765
8456,25.690795267344875
8457,11.237354119370558
8458,5.0399930384058855
8459,1.1638478343652996
8460,4.765902329190699
8461,2.2761716997129553
8462,2.376899796276246
8463,1.9472734021939349
8464,30.170096736086748
8465,13.215935177625221
8466,6.3015170569375965
8467,1.3269711119372345
8468,5.862470543991067
8469,2.605644795547182
8470,2.877017275041468
8471,2.267765962976081
8472,22.969944126916523
8473,10.042366334120365
8474,4.593830574822201
8475,1.04051441897241
8476,4.091094573243181
8477,1.9358946220842939
8478,2.0490069374861792
8479,1.741102407534999
8480,24.38869215051052
8481,11.08783412617227
8482,4.902162005274734
8483,1.0998605180652716
8484,4.4950739057185025
8485,2.0306702136813803
8486,2.268746349766497
8487,1.9878532007690124
8488,15.728294880565771
8489,7.104878225620543
8490,3.198001307008788
8491,0.7856628203753285
8492,2.9650141211887817
8493,1.3214465838484912
8494,1.4628477321987532
8495,1.207257066476031
8496,35.837983951136216
8497,16.98067244759002
8498,7.581396636401519
8499,1.689342916483981
8500,6.730855777535891
8501,3.175747122094302
8502,3.2894873152982673
8503,2.9697660686669334
8504,15.185134432667738
8505,6.860930136895582
8506,2.948524433624557
8507,0.7564676444717074
8508,2.7841178488773175
8509,1.2563426370595916
8510,1.362254228124998
8511,1.1947582660134743
8512,16.389156009564008
8513,7.366228406732928
8514,3.4455118842855206
8515,0.8100565935211234
8516,3.0740491427632417
8517,1.4694846178630347
8518,1.575081473542682
8519,1.2734145919505395
8520,24.486503479144325
8521,11.334968069226946
8522,4.67220893622621
8523,1.1013476173692751
8524,4.403388575020051
8525,2.06620707368627
8526,2.230297573363099
8527,1.8838860832985889
8528,27.087409030546798
8529,12.980740110752945
8530,5.508279177078934
8531,1.218735366387335
8532,4.966806020827221
8533,2.4878064255701164
8534,2.6041091816936266
8535,2.205757332392599
8536,19.081665194926675
8537,8.563546247734035
8538,3.604849604450359
8539,0.8356121426332965
8540,3.541181444978625
8541,1.5878268309408816
8542,1.7449370078426676
8543,1.4784971259844386
8544,20.670993403002285
8545,9.543628458761093
8546,4.154192660907208
8547,0.9393816375624447
8548,3.810332188880305
8549,1.7497548783217667
8550,1.8369653600866567
8551,1.5805483796426794
8552,59.64604246153671
8553,27.08037029752009
8554,12.359864011949506
8555,2.5849538467815782
8556,10.818112885108926
8557,5.188573657763669
8558,5.357271145608421
8559,4.814728126279967
8560,16.32585734673729
8561,7.490082628823242
8562,3.402852208956335
8563,0.8222989556638561
8564,3.078247826308358
8565,1.473533715754065
8566,1.5923330426656395
8567,1.3283898175160431
8568,16.664496462622495
8569,7.485802117292596
8570,4.867103691577707
8571,0.10554399066755325
8572,5.170956796350431
8573,2.058478918672661
8574,2.485051731033904
8575,1.6135076857917923
8576,19.425288723857346
8577,8.502999972319063
8578,5.716434534248526
8579,0.10814657991761088
8580,6.3895185252937905
8581,2.3729978000848804
8582,2.924074500468281
8583,1.8829899182596646
8584,17.734230220700457
8585,8.165696279582503
8586,5.118767298535149
8587,0.0955359305559325
8588,5.592221966522211
8589,2.0687285693678565
8590,2.6249979306653684
8591,1.7157553525618234
8592,16.563846701062396
8593,7.314859045403184
8594,4.912080041121837
8595,0.09447673934583313
8596,4.951776541273203
8597,1.9514290124020268
8598,2.385624782387541
8599,1.595050700912973
8600,14.755318946221884
8601,6.493329928022916
8602,4.346554481337974
8603,0.09250683178752314
8604,4.693375459126155
8605,1.771827251644272
8606,2.1860620347330584
8607,1.4223344746693845
8608,16.626860085770474
8609,7.236518124592694
8610,4.8580200886759926
8611,0.0834569688912936
8612,5.180787901149024
8613,1.8644309774421433
8614,2.4219101013971285
8615,1.4884070989621914
8616,16.346671069498942
8617,7.584961131335817
8618,4.754330145417083
8619,0.09423186707265728
8620,5.266695139360837
8621,1.9469508283819754
8622,2.39724648112623
8623,1.5909583436080479
8624,23.710902019834407
8625,10.726327497706645
8626,6.786222921369817
8627,0.13423504898563077
8628,7.314648152810525
8629,2.7081958756244813
8630,3.2942911426499784
8631,2.239558951326731
8632,27.19790148278861
8633,12.006314084693281
8634,7.294618690927956
8635,0.16736649908468743
8636,8.23154453705921
8637,3.1338925311920134
8638,3.9656658169194987
8639,2.5690674228021724
8640,14.143897969978237
8641,6.587689785462635
8642,4.0853946444868825
8643,0.08574234916595641
8644,4.504721531113485
8645,1.702163647114066
8646,1.983470634592867
8647,1.3475290211572664
8648,19.658702031055377
8649,8.959752352540718
8650,5.730294857496382
8651,0.11299380008700008
8652,6.188205013706751
8653,2.3606458712562386
8654,2.850240845181329
8655,1.9093414669688737
8656,12.485958851082453
8657,5.36853956224931
8658,3.466452493443475
8659,0.07983663604586212
8660,3.406711557338077
8661,1.3533485837321146
8662,1.593288964340629
8663,1.0785968170608495
8664,13.966674373439263
8665,6.334870004115825
8666,4.300604348918978
8667,0.08561537991189337
8668,4.761606622781752
8669,1.745189708453259
8670,2.14883579261492
8671,1.4557841989708926
8672,16.124481860952937
8673,7.443634526548731
8674,4.741630150540929
8675,0.09739686007700071
8676,4.829012000035747
8677,1.9153451409200717
8678,2.375954081727756
8679,1.598816573280448
8680,18.547758122729345
8681,8.121441487131651
8682,5.215814790490588
8683,0.0992183952448429
8684,5.680052496236999
8685,2.0935534143589782
8686,2.643199328771472
8687,1.7646725220475632
8688,24.445813212388252
8689,11.38303987306241
8690,7.096461038393232
8691,0.1428192594438412
8692,7.631876555817
8693,2.957758078153332
8694,3.820565725516151
8695,2.42159974299924
8696,14.255315504256403
8697,6.555210193985513
8698,4.283600743840779
8699,0.08184017178626121
8700,4.564163081690362
8701,1.7878567035114536
8702,2.1544137853678498
8703,1.4963752899938092
8704,38.935852494613236
8705,17.244592938765134
8706,10.608504394728314
8707,0.22836251876571448
8708,11.904870184105498
8709,4.514764323427549
8710,5.876644510308967
8711,3.558827615084137
8712,18.69590993754817
8713,8.218652024003816
8714,5.163050202582641
8715,0.10143960791962667
8716,5.58728854365131
8717,2.0985621126594416
8718,2.634652872395537
8719,1.741831991685083
8720,23.36826585454202
8721,10.639200565330784
8722,6.495288641568733
8723,0.12406379717201288
8724,7.12528497562867
8725,2.6944216520183075
8726,3.4693923154597823
8727,2.1628265501318094
8728,35.260560254133544
8729,16.077082003463936
8730,9.842212418976295
8731,0.2138046173209049
8732,10.549487243392376
8733,4.239867918251571
8734,4.988244300827284
8735,3.3443682043429157
8736,29.89278767036108
8737,13.103039521015335
8738,8.625418943237728
8739,0.15940259581127286
8740,8.888225265944799
8741,3.4302902301057197
8742,4.293880385757137
8743,2.742168885798992
8744,19.65795991073517
8745,8.652779409462518
8746,5.555119877561374
8747,0.11987311330166103
8748,6.0981113888746235
8749,2.2321508251985613
8750,2.8853046850871036
8751,1.8653936352991598
8752,14.153376598927048
8753,6.1793812610408505
8754,3.987375729012735
8755,0.08709003419661455
8756,4.475835016662239
8757,1.7188065589036312
8758,2.118395079940911
8759,1.326152500028802
8760,25.893095395814758
8761,11.129653450234802
8762,6.865307189409864
8763,0.16090926790811064
8764,7.775056363627239
8765,3.027013486383434
8766,3.7921122832338923
8767,2.377562723319741
8768,20.183281562996864
8769,8.840088006683372
8770,5.906474851905042
8771,0.10722493144920693
8772,6.081306721587921
8773,2.3850641255028933
8774,2.8004978013778206
8775,1.9394611048908132
8776,14.179351513550102
8777,6.442100511244015
8778,4.281863048205866
8779,0.07798491234892425
8780,4.597297110327429
8781,1.7670274291715526
8782,2.1453693019984263
8783,1.397256159039076
8784,19.690552930251787
8785,8.987844435466885
8786,5.585251362733116
8787,0.10113841365366773
8788,5.832686323700546
8789,2.1823834411869973
8790,2.8234725687283846
8791,1.88527949915138
8792,13.320870868607864
8793,5.744807189106683
8794,3.831496855692751
8795,0.08464970048643022
8796,4.189069506879959
8797,1.6353377937076232
8798,1.7903003365681966
8799,1.2432077875439278
8800,13.846030158765119
8801,6.020245313479586
8802,3.986652588004112
8803,0.08638006450408624
8804,4.454027012274926
8805,1.570164661414276
8806,2.0395292486693752
8807,1.2897213151219373
8808,28.674680645721345
8809,12.454064217350345
8810,8.160991128911006
8811,0.16987682187039754
8812,8.902652960308556
8813,3.240080598992575
8814,4.21019724656779
8815,2.654856590339316
8816,14.4958961813911
8817,6.643363743158985
8818,4.296457015778959
8819,0.07618524802609551
8820,4.536002274687025
8821,1.72540080448287
8822,2.1944795150351712
8823,1.4007569464935452
8824,32.45531277058967
8825,13.517081338998704
8826,8.87619593647345
8827,0.1725132745521346
8828,9.503156658511658
8829,3.420922621791402
8830,4.562613379361507
8831,3.0041375385534765
8832,21.509577618353354
8833,9.663145261079917
8834,6.1389404721208
8835,0.1162244321042467
8836,6.630677897665682
8837,2.5730892147942273
8838,3.1978167018745127
8839,2.001582387650437
8840,15.846343798555969
8841,7.181067825386538
8842,4.589307487358204
8843,0.08770710585558605
8844,4.9246552932021945
8845,1.8726834549735996
8846,2.2328529719787356
8847,1.507580596557392
8848,41.464146141753965
8849,18.62391230520774
8850,11.485662429787139
8851,0.23662653403016504
8852,12.56617539789859
8853,4.84975261489763
8854,5.8458728672840445
8855,3.9096040392193143
8856,18.072748339741782
8857,8.164601898673334
8858,5.1732769801105105
8859,0.09528620124929647
8860,5.661212573713853
8861,2.1326129222203147
8862,2.585186101429327
8863,1.686067886726505
8864,23.318101665937398
8865,10.413618122904202
8866,6.51035623474061
8867,0.1325449858424092
8868,7.099388677979492
8869,2.715345378762362
8870,3.2313266408299492
8871,2.1884391379916672
8872,26.565404365605044
8873,11.742403045823337
8874,7.421308013968806
8875,0.1559818764632251
8876,7.913711384707639
8877,3.075853334986967
8878,3.9677836820006784
8879,2.5000797966119177
8880,20.494666662499924
8881,8.865790322949499
8882,5.632279281806166
8883,0.10904333236215655
8884,6.128510545689463
8885,2.329336626751078
8886,2.8165051845923705
8887,1.973224382665039
8888,21.46349083238262
8889,9.651925790224556
8890,6.1435271864874395
8891,0.11250146412061353
8892,6.753808676863895
8893,2.4401193705952813
8894,3.183243450821678
8895,2.0702174158215763
8896,13.893753447443089
8897,6.219948696172681
8898,4.067604314355677
8899,0.09082428018251457
8900,4.571775504552157
8901,1.5919075819649036
8902,2.087915159856876
8903,1.338383924395859
8904,32.52486094155292
8905,14.953790717051914
8906,9.339236520481593
8907,0.1836664430462978
8908,9.619227351856903
8909,3.813707596476849
8910,4.765949879355843
8911,3.066216630162165
8912,13.103258117787377
8913,5.845576762004621
8914,3.77942213239296
8915,0.07598447666886483
8916,4.064531093512695
8917,1.5436666433483694
8918,1.9047929310516638
8919,1.2930231331276743
8920,14.466932953963516
8921,6.4208378801826385
8922,4.340833940364914
8923,0.07972262581031289
8924,4.421504702777025
8925,1.741147931715302
8926,2.1865403914023505
8927,1.4299794891000357
8928,22.32504612194838
8929,9.762649006060585
8930,5.889236538568655
8931,0.11129258631745806
8932,6.775304146636232
8933,2.543233141647339
8934,3.1946642632528985
8935,2.1325737526783834
8936,25.44701593924867
8937,11.344751241966273
8938,6.789078161259538
8939,0.12350179770423918
8940,7.6442884786074
8941,2.916762825799425
8942,3.6104442683816367
8943,2.5209214078237983
8944,16.620017389319475
8945,7.646833627106668
8946,4.6616298470134865
8947,0.09165455672477314
8948,5.1476501159027865
8949,1.9688815816826248
8950,2.4578998407238486
8951,1.646930387975208
8952,18.153166498670636
8953,8.220947597324816
8954,5.256425122148944
8955,0.10443324744861758
8956,5.462561222371381
8957,2.1086411467793273
8958,2.5862882268653595
8959,1.7592727853493089
8960,47.36571259286595
8961,23.809957793279562
8962,14.526903945065163
8963,0.36096013048409475
8964,15.657248145195672
8965,6.003593582759416
8966,7.412727870053835
8967,4.940275309426445
8968,14.78875720449075
8969,6.449581055269305
8970,4.3618294686853725
8971,0.07998864630199792
8972,4.621988951115412
8973,1.746439663110627
8974,2.268439107662682
8975,1.3713299124229161
8976,19.025975499788483
8977,8.955540414779245
8978,4.092882080556547
8979,0.43489149503420127
8980,4.209550688117929
8981,1.7159309094331188
8982,1.9379589927356795
8983,1.3689119196979285
8984,21.863358388280055
8985,9.956853369363516
8986,4.785056201653727
8987,0.49403736425454037
8988,5.198466165050482
8989,2.007712255960629
8990,2.143775328855123
8991,1.6777533908616742
8992,20.195137005640344
8993,9.164845467366666
8994,4.435899636454268
8995,0.42082452732036263
8996,4.425850520066329
8997,1.8702728417259942
8998,2.090031768128478
8999,1.5076305280519449
9000,18.766046921453555
9001,8.542473831330566
9002,4.117976166167371
9003,0.42312367386528366
9004,4.123393257019544
9005,1.6317526881074527
9006,1.908979693140208
9007,1.3965641890369553
9008,16.78703512850766
9009,7.703186901617686
9010,3.6221989654163966
9011,0.40498737014429553
9012,3.730154546152959
9013,1.4896517503340454
9014,1.7213858288667294
9015,1.2702631276189527
9016,18.77914703465149
9017,8.632713413592622
9018,3.993382050576581
9019,0.3926671052196117
9020,4.1088469895826325
9021,1.5966532446584571
9022,1.8625972659160568
9023,1.3174082348054525
9024,17.94122832084646
9025,8.785763642308902
9026,3.984571700788749
9027,0.4113552989407464
9028,4.191720458686476
9029,1.6361461782669675
9030,1.8961803708754552
9031,1.4011186061739445
9032,26.282876122048826
9033,12.040731363721841
9034,5.752419947684183
9035,0.5617253345261379
9036,6.081916024564486
9037,2.395934024294648
9038,2.6285826227844185
9039,1.9597284472251444
9040,31.04070997046889
9041,13.878366002536985
9042,6.544316170695889
9043,0.6491117105019476
9044,6.788287079407108
9045,2.6092456794263454
9046,3.2006677939617605
9047,2.2675073353892494
9048,15.670991469423072
9049,7.5700524902477735
9050,3.3848446845185545
9051,0.37689727753192365
9052,3.6990870359318087
9053,1.4369889235192803
9054,1.5385646463706593
9055,1.2044794138468482
9056,22.674377409945215
9057,10.358146394597444
9058,4.80159841131741
9059,0.49356824917020453
9060,4.849997520192677
9061,1.924525837893486
9062,2.2248016501753813
9063,1.6798854924072053
9064,14.047593475147908
9065,6.059811939191945
9066,2.888213880399582
9067,0.32574096253371415
9068,2.8858675948738335
9069,1.183728203019465
9070,1.3099658935574063
9071,1.0509574637538088
9072,16.19907300437818
9073,7.4520474216790475
9074,3.7173265205833306
9075,0.38958050998072863
9076,3.8604783923257253
9077,1.4564153154441264
9078,1.6880428055799277
9079,1.2926711481571944
9080,18.495128974040895
9081,8.704882245834561
9082,3.989180046998586
9083,0.4330641162240903
9084,4.000392345714111
9085,1.6469910172795692
9086,1.8742982203369434
9087,1.3918385032370542
9088,20.758375843228155
9089,9.411081155464542
9090,4.706983227538612
9091,0.46124879977865924
9092,4.451699059099807
9093,1.8593012587926105
9094,2.105540757299721
9095,1.5612366392607577
9096,27.401739190073233
9097,12.830329045122864
9098,6.173453279201109
9099,0.6075684169972762
9100,6.161077474173391
9101,2.5238180883220434
9102,2.914040016492633
9103,2.100666197052744
9104,15.783057610924379
9105,7.612463739010403
9106,3.672609448427302
9107,0.3623145089449691
9108,3.7740991319267367
9109,1.4062653118765167
9110,1.6789650950789912
9111,1.2983810704347976
9112,43.22356759395023
9113,19.36886998681551
9114,9.136601142696598
9115,0.9521854997278997
9116,9.514659497761881
9117,4.041053073956756
9118,4.49878891496885
9119,3.2364645739796374
9120,20.403971564728618
9121,9.416065676201214
9122,4.264852850164962
9123,0.447689734885591
9124,4.353485166521499
9125,1.7661961522770508
9126,2.0135060785596917
9127,1.5514605398569503
9128,25.893119119323288
9129,12.558262965949499
9130,5.6876302616780965
9131,0.5767408073541084
9132,5.9352492287966
9133,2.304088578194757
9134,2.6319572062186536
9135,1.9309621341462557
9136,39.14131391093442
9137,18.232367283504974
9138,8.378395122967438
9139,0.8500353639419773
9140,8.919642503483992
9141,3.550620984196948
9142,3.9042288594220627
9143,3.0133970603413536
9144,33.75061751911887
9145,15.633406123849825
9146,7.491763963442341
9147,0.7680778280393008
9148,7.44660405960022
9149,3.063484004971476
9150,3.3752397621293637
9151,2.4481647176421033
9152,22.39302791457625
9153,10.106828970401612
9154,4.8719641079052645
9155,0.5195470246984424
9156,4.849102727967483
9157,1.9317663605872955
9158,2.1753662160376805
9159,1.6367299519336438
9160,16.05145109611278
9161,7.2559149702916645
9162,3.3385829065933477
9163,0.3689842429982738
9164,3.589498858186722
9165,1.440998648896702
9166,1.6331799836508964
9167,1.2037950574868899
9168,28.516859955047533
9169,13.130550679280155
9170,6.181447024449054
9171,0.5690760974912769
9172,6.2229841143560085
9173,2.4285299112599223
9174,3.0743167588697218
9175,2.1071498420239783
9176,22.770626338616356
9177,10.474572768490912
9178,4.837771622146526
9179,0.4889394622668707
9180,4.851030392927133
9181,1.9778613385532244
9182,2.163082460139505
9183,1.6405102996498055
9184,16.297179131628376
9185,7.583397714904047
9186,3.632218776366474
9187,0.3707174638617996
9188,3.7189320638210357
9189,1.4380725672792154
9190,1.6308775975842245
9191,1.2464657078573338
9192,22.671690277134736
9193,10.136804684806405
9194,4.7646198541559395
9195,0.4983312208142539
9196,4.665722334050585
9197,1.8562234901026746
9198,2.175178596381179
9199,1.70792746243467
9200,15.36791493373006
9201,6.780646142356082
9202,3.18369235504964
9203,0.37984954648614894
9204,3.282840158411624
9205,1.3219393728647728
9206,1.3931176924473545
9207,1.133894006023215
9208,16.157159893194265
9209,7.131479842481637
9210,3.3995084728574234
9211,0.3917678340244419
9212,3.7193682938317134
9213,1.3755578048743973
9214,1.6233540315760915
9215,1.1912623114580925
9216,33.00733978654454
9217,14.707835040436088
9218,6.826008647149629
9219,0.7063387903911965
9220,7.0112889593292955
9221,2.787087579851595
9222,3.28310797198184
9223,2.4165530753540683
9224,17.333109474796647
9225,7.694894662831988
9226,3.67928024593284
9227,0.3968638992077065
9228,3.712481766227088
9229,1.4402875698073814
9230,1.723240239054147
9231,1.2841488860307584
9232,37.10500489722657
9233,15.586540871228129
9234,7.880515618606829
9235,0.7736833573640084
9236,7.533870395013424
9237,3.0271157489757057
9238,3.71178475015807
9239,2.5457451398344415
9240,24.338733142956723
9241,10.917624436783946
9242,5.3886080335567375
9243,0.498971628098127
9244,5.394197612404287
9245,2.17820634449339
9246,2.5103882586859676
9247,1.7777940330214812
9248,17.568619383809505
9249,8.15517931061544
9250,3.8857483465426754
9251,0.43162900385625247
9252,4.041726708694983
9253,1.572409766498229
9254,1.7636952769356542
9255,1.3221226090743425
9256,46.25659487579147
9257,20.154079051604608
9258,9.584343319394868
9259,0.9927282701578222
9260,10.094380778676948
9261,4.233249455730414
9262,4.572751346235531
9263,3.541208502545595
9264,20.215495520044772
9265,9.655858555169859
9266,4.665137908959287
9267,0.43994392820125605
9268,4.576486728026024
9269,1.8593885179618233
9270,2.0092734299153725
9271,1.485271066167288
9272,26.844213650823644
9273,11.669116955843101
9274,5.384916767037977
9275,0.5453490318531505
9276,5.634793487494852
9277,2.338772575443841
9278,2.5778715910396395
9279,1.9219291716177733
9280,29.503457104225884
9281,13.399863028255334
9282,6.587505672301249
9283,0.6232949950422974
9284,6.517315709710653
9285,2.6937410450286543
9286,3.2091809327532568
9287,2.255541899892033
9288,22.701749972942864
9289,10.083518678549074
9290,4.935408698137592
9291,0.5051142824388766
9292,4.934358976512918
9293,2.0393431310259915
9294,2.2646639140488563
9295,1.6656455738939464
9296,23.91946193907198
9297,11.476638226743683
9298,5.330402523564949
9299,0.5222142102120162
9300,5.410029265454995
9301,2.1341974173207428
9302,2.4587627060505834
9303,1.8670374794340012
9304,15.848063385427551
9305,7.128559757366609
9306,3.4377102333503173
9307,0.37564492899991814
9308,3.5643833575875337
9309,1.35413342695632
9310,1.595457324446156
9311,1.2072345710033663
9312,37.635871272680575
9313,16.626020719681915
9314,7.820610718465901
9315,0.8758336981605129
9316,7.949129809464845
9317,3.3187599833572112
9318,3.6535982970787186
9319,2.791379357780663
9320,14.655046912993797
9321,6.924400432773415
9322,3.2194626495340297
9323,0.3659538695245332
9324,3.1896832993942468
9325,1.3343145318507488
9326,1.449153096440705
9327,1.1721084814833107
9328,16.372540188523445
9329,7.309893624971594
9330,3.657713330910005
9331,0.3924526060550543
9332,3.71554172433922
9333,1.5078873259734358
9334,1.650763360816534
9335,1.294213056714843
9336,24.634794542129512
9337,10.754568103288701
9338,4.841393880052955
9339,0.4920472538519596
9340,5.397736748317485
9341,2.164705313924972
9342,2.3608237973019532
9343,1.8378267772747052
9344,27.24324223085379
9345,12.548563654230911
9346,5.860304514598683
9347,0.5457821001165694
9348,5.918605892148384
9349,2.3894645054082195
9350,2.9481732852387923
9351,2.1323707052352607
9352,18.73136769974437
9353,8.720334017476132
9354,4.052646317656936
9355,0.3803851157441977
9356,4.180198333733514
9357,1.653538761998398
9358,1.906726856754825
9359,1.3966678209351209
9360,20.719294096030545
9361,9.297052563186812
9362,4.548601296519563
9363,0.46863300853506945
9364,4.5249319784421544
9365,1.8776710809244233
9366,1.9590599297631737
9367,1.5501737213215765
9368,57.77681669349295
9369,27.76019209265185
9370,12.446795029374266
9371,1.331055109910647
9372,13.03024514237214
9373,5.395230570253573
9374,5.88907397537303
9375,4.498865285993738
9376,16.362222107194004
9377,7.319579639397631
9378,3.654374598161328
9379,0.40042857454525876
9380,3.7064459972456776
9381,1.4325594025861044
9382,1.760537114745763
9383,1.2311934135055467
9384,19.329590564294215
9385,8.870450651483612
9386,3.707820468530869
9387,1.3964196912451112
9388,2.9374889960694714
9389,1.7293549320306274
9390,1.7259756459855131
9391,1.5880405680853737
9392,22.604704088777495
9393,10.173245342458062
9394,4.516172618891019
9395,1.6425495299151822
9396,3.5301923147724685
9397,2.0161277346945785
9398,1.914025675556139
9399,1.7772047886901345
9400,20.54701875358032
9401,9.357179146348821
9402,4.065127909054874
9403,1.517125507434442
9404,3.129377777300345
9405,1.8148304950045748
9406,1.906622947369188
9407,1.6613591984226919
9408,19.81714667818761
9409,8.58091238333607
9410,3.8611388001508056
9411,1.407411468052949
9412,2.8870655360081514
9413,1.6932560695180723
9414,1.770999276581295
9415,1.5939171584177894
9416,16.703618328340774
9417,7.512481206588662
9418,3.3616543173472033
9419,1.2479875861630962
9420,2.6641842849594006
9421,1.5464182794205223
9422,1.5780038997995498
9423,1.4019988765806952
9424,19.92030137583034
9425,8.65061723579117
9426,3.6843002707819017
9427,1.408236517559502
9428,2.8885922632558407
9429,1.6322642413645183
9430,1.7372545172906015
9431,1.5266486044839944
9432,19.125383381486056
9433,8.938340191835431
9434,3.8048701149578568
9435,1.4361641583556397
9436,3.025343569180285
9437,1.7112336077610035
9438,1.7414964483282993
9439,1.6120629176859302
9440,27.499506149327594
9441,12.4708848959262
9442,5.177244555630997
9443,1.9697635600399968
9444,4.070860443706706
9445,2.343140210795589
9446,2.276828429981686
9447,2.1326031514725705
9448,30.466043963520004
9449,14.117893923187331
9450,5.842615861678201
9451,2.1355429534760577
9452,4.5835887640470965
9453,2.619430579447774
9454,2.6856681687502375
9455,2.418790110716886
9456,15.979710794033
9457,7.579590628486112
9458,3.0429250000152526
9459,1.1571112176748366
9460,2.5781591119421066
9461,1.4958615946264302
9462,1.522558203880749
9463,1.3469449494340677
9464,23.146716770432775
9465,10.474413991874945
9466,4.46337109325142
9467,1.6682055931206188
9468,3.4544489582667444
9469,1.990929159018602
9470,2.000503168508844
9471,1.8164990746127172
9472,13.936760428154177
9473,5.955545050760609
9474,2.671453426307788
9475,1.0002309970081973
9476,2.08403948105515
9477,1.1954419133519947
9478,1.2206458372771936
9479,1.1085304114592525
9480,16.614149337943847
9481,7.36743624454125
9482,3.3793265196367153
9483,1.2258696715614692
9484,2.5531446132826883
9485,1.5068218227703658
9486,1.5224088584614661
9487,1.3917312831377944
9488,18.8018839114666
9489,8.558512144115868
9490,3.6237988158317185
9491,1.3458142895646519
9492,2.7966575967731964
9493,1.6596868678579928
9494,1.6984192049112115
9495,1.5507705406101375
9496,21.586878311914845
9497,9.640109474746124
9498,4.3236160422131515
9499,1.5146316369721593
9500,3.2062498534840835
9501,1.833715370339313
9502,1.8764587014348533
9503,1.7302176077899443
9504,28.177594230921223
9505,13.451941602772084
9506,5.576871384631108
9507,2.0992474809790918
9508,4.337042912296082
9509,2.609645432965929
9510,2.5348227943908297
9511,2.319944307448912
9512,16.49034192893929
9513,7.516437999909181
9514,3.371118900329469
9515,1.211761788886582
9516,2.616839662119841
9517,1.5199529004243342
9518,1.5386385044695212
9519,1.4409370622089723
9520,44.65430429336405
9521,20.271002896757626
9522,8.894786364897541
9523,3.026573892813457
9524,6.849132910465222
9525,3.8547784325549133
9526,3.9004399484705936
9527,3.393935886555936
9528,21.490191126992322
9529,9.847586724747073
9530,4.031462663131383
9531,1.4781917871111387
9532,3.2293703308832935
9533,1.839592235832103
9534,1.7877671115667912
9535,1.7300320011648953
9536,26.682864449764487
9537,13.269738184798971
9538,5.489761295382024
9539,1.9509512520498051
9540,4.100297150055287
9541,2.3411946856123773
9542,2.4139482610293954
9543,2.165187673437457
9544,40.28676844537868
9545,18.247407693988496
9546,7.751484642731537
9547,2.9365439343471187
9548,5.794408116095744
9549,3.4900373266992455
9550,3.3766175176666997
9551,3.0870137028697067
9552,36.49112889975998
9553,15.583475343124128
9554,6.775370058360094
9555,2.575926213731204
9556,5.170196986232446
9557,2.9035990611715228
9558,2.9455365267351574
9559,2.5944143297416464
9560,23.166616082265044
9561,10.330758380514569
9562,4.64196533648631
9563,1.6830323122446298
9564,3.3728590502236004
9565,1.9452430497460311
9566,1.9869061255355989
9567,1.8043838566886419
9568,16.55762740387762
9569,7.330035779172398
9570,3.1008562591700235
9571,1.1813920555774908
9572,2.4958325340769547
9573,1.522192435293297
9574,1.5341108362108253
9575,1.3118789480123751
9576,29.55151687709633
9577,13.493128262663262
9578,5.6878681533677975
9579,2.0343893750040642
9580,4.338584030616938
9581,2.4684169492925614
9582,2.6324141816039988
9583,2.22799403544988
9584,23.611299344042045
9585,10.650595928121342
9586,4.416961880752205
9587,1.6297984885682617
9588,3.4323656102284246
9589,1.9998425519111749
9590,1.982277211344677
9591,1.8020333765245717
9592,17.296197980091396
9593,7.5376240196753
9594,3.3505026770756867
9595,1.2206287840015566
9596,2.5818273382169488
9597,1.5563446307337594
9598,1.5347186135867728
9599,1.3621548629233753
9600,22.97640412043311
9601,10.830337406715758
9602,4.561174652397559
9603,1.7264977785961257
9604,3.3047302262893017
9605,1.9273934964452193
9606,1.987383927671108
9607,1.8479037947788086
9608,15.346511591799404
9609,6.8794305435708765
9610,2.8602300994348497
9611,1.1066889126995088
9612,2.383930294419567
9613,1.3624475156343714
9614,1.403031947850277
9615,1.2408185188423373
9616,16.110614284335202
9617,7.104346573019672
9618,3.0689992529183816
9619,1.113162629686261
9620,2.5301473397599112
9621,1.3981096465927034
9622,1.4560549510855472
9623,1.26758263570985
9624,33.74852329376775
9625,14.90310064044456
9626,6.52272824071014
9627,2.2488209494926203
9628,5.195398528948154
9629,2.8581826255026344
9630,2.9277697882324003
9631,2.630479105298412
9632,17.579449956319575
9633,7.717474020003775
9634,3.536468228109933
9635,1.2435687427923492
9636,2.7155720569707196
9637,1.533906400195257
9638,1.5975385072810824
9639,1.4428579123533705
9640,37.33686017643808
9641,16.13285218101846
9642,7.490563166837496
9643,2.5763801696242403
9644,5.30652549085539
9645,3.0330424957023956
9646,3.1904157889378513
9647,2.8002671612021337
9648,24.750344210567498
9649,11.134486106021912
9650,4.935052627981127
9651,1.8002828160466777
9652,3.7453785766493715
9653,2.178222125737725
9654,2.176275100085039
9655,1.9602775441353422
9656,18.826861964129137
9657,8.041325081649179
9658,3.6541325752395375
9659,1.3549180338281572
9660,2.853043024288702
9661,1.664272592278714
9662,1.6564332199600922
9663,1.4945686296327505
9664,49.09664333371305
9665,21.844653848598156
9666,9.720922740899528
9667,3.285674669666022
9668,7.422924285860315
9669,4.248684484255257
9670,4.295664401809534
9671,3.6758266743672485
9672,20.61711883685851
9673,9.82945571110517
9674,4.115890693670471
9675,1.5076680970723417
9676,3.2189644063933933
9677,1.810911007086978
9678,1.843827078596422
9679,1.6336025406222865
9680,26.743019040634014
9681,11.647171281526651
9682,4.9603283109889835
9683,1.9015546822403275
9684,3.9758787905887396
9685,2.3153796974917014
9686,2.2834995678477603
9687,2.025864830937834
9688,31.34614554492648
9689,13.638079121192916
9690,6.231660209763287
9691,2.19786992623719
9692,4.780632654905471
9693,2.6524489815066743
9694,2.7781785703553092
9695,2.3500608640186114
9696,23.4378986620274
9697,10.293240850693802
9698,4.586949097943785
9699,1.6878175442748369
9700,3.448756975038819
9701,2.0020162577449465
9702,2.0264474099689984
9703,1.8335761758637212
9704,24.894194264692793
9705,11.251116627987395
9706,4.797045486983581
9707,1.753865273168661
9708,3.7200915071417247
9709,2.0489315430912574
9710,2.1530401610135446
9711,2.023929145827331
9712,15.97922520433786
9713,7.128163607816695
9714,3.1513205403090954
9715,1.1276791362644984
9716,2.4752217774817447
9717,1.3812255995060005
9718,1.4621884658930462
9719,1.2709252774120898
9720,38.600956365071006
9721,18.130143773385047
9722,7.96643455162052
9723,2.683369982493934
9724,5.862227593923003
9725,3.3674832013283416
9726,3.328087012957101
9727,3.15437624103039
9728,15.598205635925686
9729,7.00591342247404
9730,2.985732403026802
9731,1.1256649712917541
9732,2.344633016129984
9733,1.359750759695991
9734,1.410255485818475
9735,1.2891891042288173
9736,16.76405533990364
9737,7.459710778534891
9738,3.472864242899135
9739,1.2706989374981452
9740,2.565467702449769
9741,1.5394711723804095
9742,1.564698704191897
9743,1.374753478682934
9744,25.663925239492208
9745,11.786710683479704
9746,4.698936855047868
9747,1.810176888137439
9748,3.7483393575848805
9749,2.1601874136644335
9750,2.194797365686488
9751,1.9865899557142397
9752,27.818832364655748
9753,13.41539654158726
9754,5.574193588747874
9755,1.969612973282341
9756,4.087057842319733
9757,2.539136789011776
9758,2.5649556119319734
9759,2.3005294025296243
9760,19.934191817055755
9761,8.900131473382146
9762,3.6588945418287793
9763,1.4059821008463544
9764,3.032532587417792
9765,1.6880660386098598
9766,1.7694172855212316
9767,1.6139330594407602
9768,21.34495478686521
9769,9.799826606903457
9770,4.2253586873970645
9771,1.5122984969554847
9772,3.2014081310875215
9773,1.8196577303876653
9774,1.8209444283169418
9775,1.7047302299385665
9776,62.27597829119876
9777,29.1984181443965
9778,12.78172592377015
9779,3.800337623305542
9780,9.82549952414973
9781,5.413420223917727
9782,5.307398190970918
9783,5.029984751231691
9784,16.629616367170733
9785,7.580802772454895
9786,3.331443011053451
9787,1.263929858011111
9788,2.5670360725148478
9789,1.542786550765828
9790,1.5708385608953146
9791,1.4391800914185833
9792,16.190795277174395
9793,7.593271760128284
9794,4.802726143811435
9795,0.090926679102121
9796,5.232947492975752
9797,2.011440355786374
9798,2.4184885287796454
9799,1.5326758250096015
9800,19.891074364049622
9801,9.190807256347611
9802,5.804628220866298
9803,0.112578594457756
9804,6.702464176500084
9805,2.3975099456511093
9806,2.800326579345208
9807,1.8570344558399259
9808,18.194957727392644
9809,8.367889245073973
9810,5.327971058185924
9811,0.10353233800548524
9812,5.627520918180577
9813,2.1976047871077204
9814,2.6866189617563667
9815,1.7050531388573036
9816,16.76746348813878
9817,7.646485012838413
9818,4.894456275852355
9819,0.09123131840482715
9820,5.130086136223078
9821,1.9096303091822415
9822,2.4844239265379553
9823,1.579279115604221
9824,15.223682890218809
9825,6.91276232347989
9826,4.42278898048343
9827,0.08712550962674512
9828,4.7450197007163135
9829,1.7466310839212973
9830,2.153223223358601
9831,1.4119516971817767
9832,16.47200836694582
9833,7.518980227032107
9834,4.748556567869884
9835,0.08703725716207007
9836,5.289573029714283
9837,1.801551189477801
9838,2.427344630215522
9839,1.531528868231812
9840,16.300241370780455
9841,7.830508765126992
9842,4.925641736568413
9843,0.09000803640460125
9844,5.308068058878319
9845,1.9397707171950977
9846,2.489994814098172
9847,1.5385015075872415
9848,23.29830451338515
9849,10.82387071444493
9850,6.556114223934095
9851,0.1023888244760827
9852,7.0686353952965515
9853,2.683263933655233
9854,3.21959296363108
9855,2.0480517947318098
9856,27.529338024572642
9857,12.359094080892723
9858,7.22361498635621
9859,0.15325941747088856
9860,8.339933292878976
9861,3.1942643259539083
9862,4.013182734551682
9863,2.6164201012137944
9864,14.509510059192698
9865,6.837564548467637
9866,4.002595452684149
9867,0.08472277745582023
9868,4.6176091312339
9869,1.7326724926953931
9870,2.0255687279291053
9871,1.3527782198707148
9872,20.323235537070932
9873,9.23056000762112
9874,5.730213173532286
9875,0.1278858821931484
9876,6.29048740093714
9877,2.358698025154685
9878,2.827582173193377
9879,1.8895477319717258
9880,12.211291629779131
9881,5.593946687686397
9882,3.4230029430452844
9883,0.05441422451663465
9884,3.6837746122010633
9885,1.352161132942768
9886,1.65283476785178
9887,1.1138847806693406
9888,14.772310476074047
9889,6.690216362154426
9890,4.282762933987555
9891,0.07640077628511231
9892,4.836493752455776
9893,1.7479006927651324
9894,2.0799024189202138
9895,1.3913587411591735
9896,16.34229567863668
9897,7.7772061121014895
9898,4.808408121447831
9899,0.09171727730168011
9900,4.9574793618000745
9901,1.930481019369162
9902,2.341190455715946
9903,1.6117097557997093
9904,18.417614643331845
9905,8.382202621749135
9906,5.348295725838426
9907,0.10488788211267401
9908,5.56347974267881
9909,2.1023142832089046
9910,2.664071502465168
9911,1.7758880402192336
9912,25.71160894525585
9913,11.748068368001226
9914,7.14825789836532
9915,0.11004011242891414
9916,7.784103684664315
9917,2.9197116491521697
9918,3.6738310973525445
9919,2.310276823069506
9920,14.77531049182232
9921,6.819796839774468
9922,4.3667370629423425
9923,0.08465785931996783
9924,4.734133815398354
9925,1.7232149761411593
9926,2.1390171405623546
9927,1.4416962125126183
9928,38.79765676268167
9929,17.230370830983112
9930,10.635247160665005
9931,0.20552665903031134
9932,12.070911617596613
9933,4.58168511850796
9934,5.673264513162971
9935,3.5144586413463705
9936,18.970692092915527
9937,8.6332835318856
9938,5.13463253190459
9939,0.10903722978049668
9940,5.630242194934431
9941,2.094237920223974
9942,2.6304494179283684
9943,1.7060508842128217
9944,24.01099794408127
9945,10.950160442451677
9946,6.617781329417894
9947,0.12599867095594058
9948,7.344644710540857
9949,2.7030867542651458
9950,3.3672217906755244
9951,2.1421615099720555
9952,35.34966910503167
9953,16.844659050724168
9954,9.604644307126215
9955,0.21526401331774342
9956,10.986251046340302
9957,4.25203559838804
9958,4.848989518007116
9959,3.3033693495797176
9960,31.20880011729236
9961,14.004435235232389
9962,9.079431904419636
9963,0.1489325328785221
9964,9.067633679892678
9965,3.4978555139325334
9966,4.364252213833205
9967,2.6365404619266912
9968,20.346059191279878
9969,9.135098090405803
9970,5.757434471086167
9971,0.12033184289373973
9972,6.3045313398998735
9973,2.1992247060785166
9974,2.7995979402598103
9975,1.8070121330690154
9976,14.12023080774381
9977,6.44081278847813
9978,4.099685716093652
9979,0.08144669734308502
9980,4.396647874538662
9981,1.7051678411250237
9982,2.0494519295699387
9983,1.2950603205470141
9984,25.388361427951523
9985,11.845347842349353
9986,7.117522337867922
9987,0.15391825163029474
9988,7.621542734602717
9989,2.8573570378209703
9990,3.7200160896215695
9991,2.3676842468096235
9992,20.969003938850783
9993,9.369931094451786
9994,5.9228980266999445
9995,0.11043810259087081
9996,6.325104994589765
9997,2.3309961918645516
9998,2.7927341015515763
9999,1.8880777869380312
10000,15.047369777877314
10001,6.869057050808212
10002,4.306916638432951
10003,0.07851457313025534
10004,4.769182011317953
10005,1.7314799463040735
10006,2.093497659331787
10007,1.3891955259141895
10008,19.98715631912419
10009,9.298619913894688
10010,5.716258350704486
10011,0.09869396972961945
10012,6.071970820366317
10013,2.1988038645619996
10014,2.7125396070992944
10015,1.857973798277204
10016,13.399981240453215
10017,6.071979427451021
10018,3.7785058863614815
10019,0.06834825026427016
10020,4.247668965101342
10021,1.5381522215605672
10022,1.814837406458754
10023,1.264697586151666
10024,14.36025039571965
10025,6.567925640553099
10026,4.029825373161842
10027,0.08264420417395911
10028,4.53986822893696
10029,1.5748092294522047
10030,1.9897870254422672
10031,1.2644864249846823
10032,29.755322529820184
10033,13.34562319548352
10034,8.49092904725702
10035,0.16832188303873705
10036,8.842393682419086
10037,3.280538343394144
10038,4.207273233958672
10039,2.6391887744390994
10040,15.0309655578479
10041,6.994443084270797
10042,4.391304923498991
10043,0.08942144875357784
10044,4.636306286689274
10045,1.779948762029519
10046,2.2643546244241173
10047,1.4359617294956626
10048,32.650623562616886
10049,13.930453780839535
10050,8.98115317840928
10051,0.1822253735899485
10052,9.79482985467815
10053,3.4400184216749743
10054,4.626375355421046
10055,2.8912506017867767
10056,22.096781855221703
10057,9.806427198928388
10058,6.0381719105511475
10059,0.13433054258766966
10060,6.756041732374408
10061,2.525220723164232
10062,3.1329143198905745
10063,1.9568508277424141
10064,16.005825710469644
10065,7.617387514065133
10066,4.710465150097198
10067,0.0953849910133958
10068,5.09094732785464
10069,1.8753041205042786
10070,2.250259639588928
10071,1.4415591700838009
10072,41.659850882179356
10073,17.8823502919538
10074,11.509036435384562
10075,0.21586876718376438
10076,12.892157989060987
10077,4.9048672832375555
10078,5.869804328661077
10079,3.8514115446426693
10080,18.273625695244775
10081,8.678547244224267
10082,5.43501002463037
10083,0.10285141638358779
10084,5.723214101940288
10085,2.1639064655501414
10086,2.5881358021521446
10087,1.670631653453031
10088,22.66720461343061
10089,10.40610671619584
10090,6.624992541667609
10091,0.13572070886743412
10092,6.98296795268727
10093,2.676112315046401
10094,3.2631969353961363
10095,2.08057540470027
10096,27.668715077992744
10097,12.71604278180283
10098,7.756629992369974
10099,0.17001768013218285
10100,8.132239883300985
10101,3.1001209681205713
10102,3.889888943183105
10103,2.463266598925023
10104,20.730873537227836
10105,9.109847943777027
10106,5.751711567854898
10107,0.12281940741856658
10108,6.27560011788284
10109,2.2925194551922394
10110,2.915566470003004
10111,1.9243930884821268
10112,22.13848455887199
10113,10.070439415086698
10114,6.145726014975225
10115,0.1263729456305117
10116,6.788994583055931
10117,2.418002741551989
10118,3.0877274450080545
10119,2.081960881056872
10120,14.396716411620666
10121,6.498866624033191
10122,4.030773180113741
10123,0.07909254785603514
10124,4.345394514836716
10125,1.5414477455764515
10126,2.0651304484489383
10127,1.29308175062646
10128,33.49505579956863
10129,15.403995915013203
10130,9.48259781587011
10131,0.20449250197524751
10132,10.167388836145612
10133,3.7793626994862497
10134,4.607506685786565
10135,3.1461618479148727
10136,13.561936763404928
10137,6.214869536964478
10138,3.794390415517892
10139,0.07728285543629533
10140,4.09221230340959
10141,1.500746033409927
10142,1.8457032502346689
10143,1.2715763630435524
10144,14.92882023882094
10145,6.768434635271451
10146,4.334001140124181
10147,0.09175409633717159
10148,4.878014764690659
10149,1.784607542718203
10150,2.1769482725720173
10151,1.3996637526793727
10152,22.286940341650713
10153,9.681055383912042
10154,5.966991374597333
10155,0.12433260750030833
10156,6.736148817062466
10157,2.484607229097035
10158,3.0764946201170966
10159,1.9871600339698632
10160,25.302503666636905
10161,11.390324967017193
10162,6.8459630833320295
10163,0.117341055813766
10164,7.672378828041222
10165,2.8497962741850085
10166,3.662054250746759
10167,2.4352700481726544
10168,16.558514226360803
10169,7.700985937330235
10170,4.854382278652918
10171,0.09166478384408665
10172,5.3008780768257004
10173,1.8935748550568312
10174,2.4293664155529773
10175,1.5218694925194836
10176,19.099260291482086
10177,8.504621578239798
10178,5.3168495545335235
10179,0.09398598314803522
10180,5.594554090512012
10181,2.2104667001605036
10182,2.5267928335258656
10183,1.7115567032627823
10184,52.29681396475535
10185,24.03221000515625
10186,15.03261870518494
10187,0.3375849112790823
10188,15.659311026691334
10189,6.204804185926376
10190,7.686956508937224
10191,5.1369382144873
10192,14.909529701812923
10193,6.768299948582657
10194,4.368014885563431
10195,0.08146855007130845
10196,4.7625419409741
10197,1.7510957900452162
10198,2.221980384675739
10199,1.422218275202902
10200,19.235491260093337
10201,8.90611120069748
10202,4.532149653767632
10203,0.18879474551931458
10204,5.019082334829258
10205,1.8988030173383506
10206,2.1840091836069684
10207,1.4952934537733646
10208,22.76000586914105
10209,10.152214408396404
10210,5.365010020028789
10211,0.1922407387472202
10212,6.385600741115177
10213,2.2468420051574363
10214,2.487205403679869
10215,1.8606689316293972
10216,20.716844815274417
10217,9.414058168583145
10218,4.9701588018227785
10219,0.16532448541318642
10220,5.400616920232327
10221,2.1159209400635604
10222,2.416327183417138
10223,1.691023509425034
10224,19.211523110017733
10225,8.755462391342338
10226,4.673725843952741
10227,0.15908862330662646
10228,5.024213741868153
10229,1.8490424723647814
10230,2.2082179579035506
10231,1.5661941172377452
10232,17.11276080472805
10233,7.907604097521062
10234,4.059613423050241
10235,0.15616343250236492
10236,4.447032777498147
10237,1.659642170347359
10238,1.9646007991521304
10239,1.333200143117342
10240,19.107601509256956
10241,8.663959793094742
10242,4.5273315594120165
10243,0.14921419727627278
10244,4.8846508160983815
10245,1.7782032023763679
10246,2.1133033346260897
10247,1.4457571331216579
10248,18.380525494809564
10249,8.983008997113357
10250,4.530191307185873
10251,0.13878337387016287
10252,5.1698549339421325
10253,1.8499148644799182
10254,2.2070004868202266
10255,1.555313916006944
10256,26.508122247844614
10257,12.168975731996303
10258,6.504163807762896
10259,0.2446870205877344
10260,7.178157095806742
10261,2.6479730392037064
10262,3.021293442486743
10263,2.133633130733136
10264,31.4213408497429
10265,13.869253640682379
10266,7.09600064260644
10267,0.2979918116393286
10268,7.906949169034284
10269,2.8951611640519386
10270,3.7125892372721485
10271,2.4877541523249604
10272,16.10656433163207
10273,7.715920285475209
10274,3.8167140595020546
10275,0.1440661731258622
10276,4.436088844779393
10277,1.6142195889147573
10278,1.784467253271001
10279,1.265822544310399
10280,23.2698261255866
10281,10.549604183758454
10282,5.40704224192956
10283,0.19518528423880951
10284,5.978522281646881
10285,2.1853136594365776
10286,2.5895154523792154
10287,1.8862037979650317
10288,14.31741706854806
10289,6.288886761173974
10290,3.2454976827494693
10291,0.12374140108449028
10292,3.3946917633412284
10293,1.265934403051359
10294,1.4916091710113344
10295,1.097599139281347
10296,16.686375250682868
10297,7.679596346881806
10298,4.162102369972398
10299,0.15643721846625586
10300,4.657863555607688
10301,1.6386903698813091
10302,1.9463500310890476
10303,1.4236179291845368
10304,18.936873799293924
10305,8.819461058904928
10306,4.469441395076815
10307,0.17970410494803288
10308,4.816207298469796
10309,1.8446809624423575
10310,2.1390647822553928
10311,1.5403761266781868
10312,21.119005056594446
10313,9.439275654915829
10314,5.184171310895681
10315,0.1628557333858874
10316,5.3335763973125765
10317,2.0598593655112034
10318,2.395969637161814
10319,1.7117661841549539
10320,27.68235567073209
10321,12.8832827627984
10322,6.736873929360658
10323,0.2585910325959318
10324,7.33385541788341
10325,2.795136810078948
10326,3.3828781692682517
10327,2.291898001455398
10328,16.538482950722347
10329,7.872150631724191
10330,4.119688164703412
10331,0.14656932830438735
10332,4.6046705356089035
10333,1.6020366820434997
10334,1.9550404747260275
10335,1.4364454168435068
10336,44.3859165874463
10337,20.14180442712081
10338,10.11041010388178
10339,0.3954260471643597
10340,11.329233940128033
10341,4.48828135526248
10342,5.260110899970592
10343,3.513552515153198
10344,21.160188682366694
10345,9.628207324957389
10346,4.9619109092362494
10347,0.16773612914573133
10348,5.347410166536627
10349,1.994472094374939
10350,2.356884267625311
10351,1.734109861484331
10352,26.562167277209067
10353,12.814782655691923
10354,6.309778059391387
10355,0.24438096862649886
10356,7.160679704899169
10357,2.5625273591490645
10358,3.0090260890548794
10359,2.101733598762541
10360,41.10463513313989
10361,18.759508641855437
10362,9.513807739276473
10363,0.40269532204866226
10364,10.711119228931082
10365,3.9972992589095213
10366,4.61603200585121
10367,3.337356887652076
10368,34.55111419794329
10369,15.64576990461769
10370,8.461602397811063
10371,0.30171315807854504
10372,8.768438833781508
10373,3.339592656531857
10374,3.8716386380756536
10375,2.6208535793119627
10376,22.626673887960127
10377,10.106207182195641
10378,5.387596710895708
10379,0.2014303461330271
10380,5.811169559330733
10381,2.141799842591605
10382,2.495341894910974
10383,1.7805065285610213
10384,16.435151924712113
10385,7.392028624306108
10386,3.7562122052708355
10387,0.1420920468705852
10388,4.2531551228907265
10389,1.6109187150562907
10390,1.8833711777819402
10391,1.2533124940586953
10392,29.377587126871344
10393,13.456876891466125
10394,6.796000071114846
10395,0.24573946229068164
10396,7.465291478895462
10397,2.712098737890691
10398,3.5873469411428247
10399,2.317713146500055
10400,23.078237195235605
10401,10.523191544510457
10402,5.506685386234528
10403,0.1717540236638855
10404,5.8613387172820675
10405,2.1991054793874523
10406,2.4554279325834183
10407,1.7939361409636236
10408,16.874713151137485
10409,7.818792438235805
10410,4.0516474707042995
10411,0.1439167286183632
10412,4.492418947473837
10413,1.6171684638194201
10414,1.8844807902223328
10415,1.3169181848345848
10416,23.622010169347085
10417,10.386225511830391
10418,5.328325465126478
10419,0.1907499847212701
10420,5.7110968534432205
10421,2.0780520903847886
10422,2.499934170037956
10423,1.8806835775947766
10424,15.97812848968456
10425,6.9272150621601565
10426,3.607423197075661
10427,0.15243569751004793
10428,3.9369056754396077
10429,1.4792569966808489
10430,1.6188312412742563
10431,1.1900385807885996
10432,16.494415388181505
10433,7.223095106704643
10434,3.772909323615345
10435,0.15682035750782314
10436,4.472855817583605
10437,1.53332867665119
10438,1.8514586090354348
10439,1.2474770820055952
10440,34.32916746628498
10441,15.225906896992969
10442,7.84912455085394
10443,0.29436969499748034
10444,8.46815267672006
10445,3.0989838825719356
10446,3.8356640488526526
10447,2.6293512697872305
10448,17.515293885900352
10449,7.86322247330455
10450,4.118520206446269
10451,0.15041467604538689
10452,4.478510494146736
10453,1.6165985832425749
10454,1.9710938056076288
10455,1.3743558028138467
10456,37.096806986415736
10457,15.583573972431427
10458,8.495652353842162
10459,0.3016407408364133
10460,8.92856249647408
10461,3.346375617598451
10462,4.318503276577247
10463,2.780545267681682
10464,24.659433072456757
10465,11.089569982652781
10466,5.911134974724295
10467,0.20857478457271358
10468,6.4168049024036975
10469,2.425443515113228
10470,2.8785823078187085
10471,1.9632311923142083
10472,17.929819964457707
10473,8.257376734811137
10474,4.266613238063176
10475,0.16515090838582697
10476,4.789367426363947
10477,1.732436941152945
10478,1.990798683514688
10479,1.418311981077566
10480,46.36130329405359
10481,20.919738335656408
10482,10.910591653192688
10483,0.4095994725945876
10484,12.06360907009589
10485,4.655284523653085
10486,5.326123831921291
10487,3.829728744959683
10488,20.74841830757496
10489,9.876526762192311
10490,5.231237427564427
10491,0.17361510488739365
10492,5.54575772673814
10493,2.0837972676595484
10494,2.3204765095969693
10495,1.6519920944475932
10496,27.430204697353926
10497,12.053746820135464
10498,6.082587116819513
10499,0.253408477307935
10500,6.7312767130464515
10501,2.619188317984512
10502,2.981328923106617
10503,2.1137287046648012
10504,30.179118659005795
10505,13.733699869098592
10506,7.282341680326602
10507,0.26737493287478564
10508,7.808476316302089
10509,2.9712011876407325
10510,3.662370400709874
10511,2.4479753142734078
10512,23.27806147112442
10513,10.435402637811814
10514,5.5418599337880865
10515,0.2069613577052929
10516,6.054303349754596
10517,2.293139467595061
10518,2.6192028654819954
10519,1.865522855936451
10520,24.520634749721214
10521,11.598518153055794
10522,6.011645259305439
10523,0.21178730782449148
10524,6.59385931015217
10525,2.426541248287584
10526,2.914225722053639
10527,2.089116275197358
10528,16.205873479309325
10529,7.258306062939096
10530,3.857704809888818
10531,0.15811346019115072
10532,4.231446500292668
10533,1.5095423579030192
10534,1.841551183114904
10535,1.2628449225922664
10536,39.29621404961387
10537,17.239191297619413
10538,8.773582973328951
10539,0.3743551806597922
10540,9.58578588493884
10541,3.6648778555023314
10542,4.265800747350905
10543,3.0353415703885593
10544,15.18370657443079
10545,7.086222808138931
10546,3.6331536636906203
10547,0.14240215108937707
10548,3.6763782947679426
10549,1.4643902159346796
10550,1.679833965254362
10551,1.2258345021981363
10552,16.995917278101746
10553,7.619423346757275
10554,4.128186766432299
10555,0.16433825354386228
10556,4.433054085363395
10557,1.7001970091826384
10558,1.908703046194287
10559,1.4257875507069497
10560,25.357714540791367
10561,10.958012412773032
10562,5.441458647461185
10563,0.20336420063208765
10564,6.511955935571024
10565,2.4361678118150314
10566,2.7324299370154908
10567,2.032131118647485
10568,27.757311176114527
10569,12.690321199745584
10570,6.461126331170654
10571,0.24393822002740795
10572,7.135706205883226
10573,2.708899366687026
10574,3.3852475751545597
10575,2.376689290333583
10576,19.08683396399586
10577,8.945058598111453
10578,4.5288488023514955
10579,0.14552395335283552
10580,4.9956119903277765
10581,1.8609094643967212
10582,2.1985037093233846
10583,1.5558125135375898
10584,21.28891781756811
10585,9.3976077576494
10586,5.04715632540644
10587,0.1756921964994258
10588,5.46387160255621
10589,2.096580202096358
10590,2.2616535339475448
10591,1.7133845301357211
10592,58.94390650714934
10593,28.79231602280202
10594,13.979495871166646
10595,0.578513235760901
10596,15.742490298467061
10597,5.909669979693568
10598,7.00734411045026
10599,4.840471479494975
10600,16.722717673928862
10601,7.369176905230157
10602,4.064156743839175
10603,0.15262892496628278
10604,4.393878593994518
10605,1.5885263246657715
10606,2.0001199762944104
10607,1.3159747054718058
10608,17.807129640379607
10609,8.399924790939156
10610,4.542524074116908
10611,0.10574715617739583
10612,5.127191168187178
10613,1.917937609108136
10614,2.221322669423487
10615,1.4886547385483606
10616,20.92335011108685
10617,9.626838876033252
10618,5.308983340809369
10619,0.12283776760733674
10620,6.343137151097123
10621,2.230109147672596
10622,2.5056933681041063
10623,1.7630217290267
10624,18.929321357652984
10625,8.744253116558447
10626,4.89956227882965
10627,0.11903775820405561
10628,5.349391445434286
10629,2.060836341864609
10630,2.4203204146717936
10631,1.6300438457214135
10632,17.727868648369615
10633,8.0559722391052
10634,4.513351948548396
10635,0.09965568563419534
10636,4.891503180449724
10637,1.798876084722398
10638,2.2396121805170415
10639,1.5058675980499339
10640,16.153351166175547
10641,7.308758314583287
10642,4.067031347393421
10643,0.09854347774153917
10644,4.515853293348917
10645,1.6521024817000292
10646,1.9420177265651872
10647,1.370122529552382
10648,17.66585265543883
10649,8.06049688428354
10650,4.336626177006757
10651,0.10010096047111666
10652,5.007065814103894
10653,1.7127396609919867
10654,2.2113744803957722
10655,1.4701257107282075
10656,17.01603213185876
10657,8.135026225709034
10658,4.47536761657538
10659,0.09103350725996393
10660,5.011595102394087
10661,1.8127467448403667
10662,2.2283543860877213
10663,1.4531310995441191
10664,25.063241280463743
10665,11.72145059548779
10666,6.174201207680024
10667,0.14457617887263946
10668,6.935183961837169
10669,2.5658542900068673
10670,2.973524009097273
10671,1.9975116412322176
10672,28.54819636135482
10673,12.842491375155845
10674,6.587236359117973
10675,0.17111077523785154
10676,7.839576906238712
10677,2.9340004884480533
10678,3.5758125036483546
10679,2.4552303354901905
10680,15.23324858140872
10681,7.188826479713957
10682,3.650302423250001
10683,0.09244558861811014
10684,4.380836073959878
10685,1.6166938869669711
10686,1.8133625774671827
10687,1.293219907567958
10688,21.035579321407273
10689,9.610716832818692
10690,5.1811338911240945
10691,0.12487811690605592
10692,5.906371437602168
10693,2.1652222904444525
10694,2.4986351993950335
10695,1.7644327163564362
10696,12.713326188624874
10697,5.915538242867702
10698,3.1794584924203773
10699,0.06460489007140781
10700,3.4321510563619815
10701,1.2769565888114995
10702,1.482611910212496
10703,1.0623659819207099
10704,15.613045587964024
10705,7.115165961252804
10706,3.9624659549954693
10707,0.08387277096371785
10708,4.632231525211186
10709,1.6521472579311351
10710,1.890866376266632
10711,1.3409889507598154
10712,17.307278751518027
10713,8.273841092531265
10714,4.441286443063396
10715,0.1006538759598619
10716,4.725032924226513
10717,1.8173095650526645
10718,2.1093692136879896
10719,1.5351239579933942
10720,19.308710623787732
10721,8.897253008058117
10722,4.920105728824181
10723,0.1132640987752305
10724,5.310411960273384
10725,1.9673744661308625
10726,2.395897153944327
10727,1.6848100593480149
10728,26.650352306907802
10729,12.373358791190274
10730,6.526117692797209
10731,0.15010521283712822
10732,7.389300874891432
10733,2.75584395153359
10734,3.3243821453519873
10735,2.20594414662468
10736,15.493327708989554
10737,7.236992043945674
10738,4.008332355606015
10739,0.08610917428122894
10740,4.543421383590745
10741,1.6146558007800311
10742,1.9202495299517894
10743,1.3752512993358461
10744,42.00546896594983
10745,18.53653464948998
10746,9.97215874834595
10747,0.2542573970689478
10748,11.831272553709473
10749,4.342859574181185
10750,5.219832004468777
10751,3.3885484079093455
10752,19.946032287865407
10753,9.082685786463747
10754,4.690003525429497
10755,0.11961417901016784
10756,5.31368981287381
10757,1.9681782068210092
10758,2.3581455247724477
10759,1.6279747858891538
10760,25.39336358693388
10761,11.583991682043502
10762,6.106428118382796
10763,0.15038592727947306
10764,7.031107417270646
10765,2.552366110610144
10766,3.0477916322958345
10767,2.051716105267626
10768,37.81108050932504
10769,17.92186580760193
10770,8.916657698075113
10771,0.25434291214745475
10772,10.648100649878874
10773,3.998307641845156
10774,4.431436051224611
10775,3.1579729481022327
10776,32.58671512488791
10777,14.54257645108116
10778,8.377659488994068
10779,0.17926138756121252
10780,8.696902182418388
10781,3.287448221042754
10782,3.97132540648669
10783,2.502397532199419
10784,21.61914591551821
10785,9.769583332396323
10786,5.334118832289671
10787,0.14211629464387138
10788,6.076669740173705
10789,2.0708663881541427
10790,2.546302488293833
10791,1.7387737666727816
10792,14.827781631563454
10793,6.772753159703637
10794,3.8160978704623507
10795,0.0888188848421036
10796,4.210663680308793
10797,1.6159764947083193
10798,1.8709712206636389
10799,1.2553495960077363
10800,26.987339589977335
10801,12.55116245952079
10802,6.5567101212937065
10803,0.1868355268869956
10804,7.2629860404717
10805,2.705768952120641
10806,3.3758391331439874
10807,2.2686847336827447
10808,21.879022361583164
10809,9.687695354693087
10810,5.381786414801202
10811,0.12160721245510896
10812,6.003025475422011
10813,2.161678493899219
10814,2.5025340455228804
10815,1.7872398072957503
10816,15.94623930217158
10817,7.280087538353112
10818,4.01796371771842
10819,0.08872979186911709
10820,4.580621839435427
10821,1.6413555609117862
10822,1.9171736689823993
10823,1.3518490523956916
10824,21.465572028216712
10825,9.948138782594178
10826,5.337181713286338
10827,0.12355716504733959
10828,5.851618099216726
10829,2.079374094946278
10830,2.46322619807554
10831,1.8010080109401645
10832,14.076732838824913
10833,6.504766833569868
10834,3.5174269072337494
10835,0.07338106725694606
10836,4.046776179228303
10837,1.45608023919111
10838,1.654072681552685
10839,1.233776300819234
10840,15.10185013526292
10841,6.974968694847803
10842,3.7297820213664687
10843,0.0880514672306989
10844,4.315865264857614
10845,1.490897263909745
10846,1.8012084181144838
10847,1.238279610866907
10848,31.77569500145519
10849,14.193875070911654
10850,7.944212402281246
10851,0.19011195745128726
10852,8.600958929589227
10853,3.0817675036172947
10854,3.850632149891697
10855,2.5047494859452124
10856,15.800171654567672
10857,7.364259142018849
10858,4.048709750837897
10859,0.09036572553327844
10860,4.426406602961997
10861,1.668068813359907
10862,2.0370046435158686
10863,1.3706173483388042
10864,34.35907389359961
10865,14.861407359435466
10866,8.305152276556685
10867,0.2203846582583775
10868,9.452284333417799
10869,3.2509362790974543
10870,4.237866344221679
10871,2.7795987074115103
10872,23.275378279235763
10873,10.359359201717288
10874,5.557043155468779
10875,0.1548755580748541
10876,6.426414891709372
10877,2.352335652450107
10878,2.8079493654091316
10879,1.859617662649846
10880,16.697281526632153
10881,7.98454244049311
10882,4.3035751263087425
10883,0.09449979332797014
10884,4.821800911327254
10885,1.7456215994522875
10886,2.017763081478607
10887,1.3541344594187759
10888,45.95276697622192
10889,19.48935232961035
10890,10.678850626575505
10891,0.2691297678308769
10892,12.565872331452073
10893,4.615301192008486
10894,5.379961348256506
10895,3.699085604877764
10896,19.169484353850496
10897,9.18237041549917
10898,4.946475870198154
10899,0.10867491008392577
10900,5.407671243472552
10901,2.021354259667973
10902,2.319938744028626
10903,1.581126122963104
10904,23.97470041419884
10905,10.906823852041699
10906,6.079394911179646
10907,0.1576253466133077
10908,6.6031863640116155
10909,2.48305786249544
10910,2.9193212455024526
10911,1.967121543882863
10912,28.582611634917072
10913,13.136568966013847
10914,7.055623504712598
10915,0.18581980113956884
10916,7.664267434781413
10917,2.880229137361829
10918,3.503486848346443
10919,2.3280736451521005
10920,21.914009666764635
10921,9.625926951107997
10922,5.279101509978157
10923,0.13361629729928862
10924,5.9583358298907
10925,2.1407332745116157
10926,2.6229246554199728
10927,1.8322805642430167
10928,23.192686506959145
10929,10.573697889325928
10930,5.649792013347888
10931,0.1499016849034404
10932,6.4629542069570425
10933,2.2641073678920156
10934,2.7754012583515983
10935,2.007139896136185
10936,15.319363010082458
10937,6.753671656032463
10938,3.785047568136427
10939,0.09063059283973103
10940,4.180320774317215
10941,1.4719697458004901
10942,1.8749193765713332
10943,1.2708533000550335
10944,35.08747806324871
10945,16.238401374124216
10946,8.604799971689852
10947,0.2153650313518221
10948,9.571908778675011
10949,3.5237368043614516
10950,4.156568728743679
10951,2.967916316553513
10952,14.070060865670117
10953,6.538986625862855
10954,3.4812049137836327
10955,0.07780182419606699
10956,3.8586976529791968
10957,1.403679918600957
10958,1.648506600325907
10959,1.2205432258750146
10960,15.90946014473467
10961,7.246330302868203
10962,4.0161824638109955
10963,0.09907222187885902
10964,4.691906057405629
10965,1.689218974872852
10966,1.9786380202365417
10967,1.3543719237957257
10968,23.531509424666513
10969,10.197389529547177
10970,5.5294161546896134
10971,0.14993713116999735
10972,6.428597380208612
10973,2.325970041660397
10974,2.772064084126252
10975,1.9013024670479115
10976,26.461233124344552
10977,11.955368200879352
10978,6.2905232832022735
10979,0.16145138650304722
10980,7.336686978895764
10981,2.6849141119898903
10982,3.3341360126477
10983,2.3323617091622526
10984,17.569855350779132
10985,8.121340763893985
10986,4.433072873579903
10987,0.1028861651240087
10988,5.019381038459375
10989,1.7877172622688238
10990,2.184569686485794
10991,1.4550567145344828
10992,20.16520929706384
10993,8.969510625644967
10994,4.910318333976883
10995,0.10180540734171255
10996,5.354063565030929
10997,2.071584218772879
10998,2.2823394323625554
10999,1.6254114781611912
11000,57.16360826256343
11001,25.44529957231575
11002,13.914134389544847
11003,0.4070927058455303
11004,15.245738777118603
11005,5.838631370140842
11006,7.092963135891268
11007,4.936696950560326
11008,15.653295192520062
11009,7.177383585182219
11010,4.031642540526393
11011,0.0856194804855049
11012,4.520297293917122
11013,1.649024045337636
11014,2.0229879587230943
11015,1.3665014762152607
11016,18.080530250671664
11017,8.279293108579513
11018,5.029741920955801
11019,0.10098535143478828
11020,5.454370714729911
11021,2.0959126281962277
11022,2.5892623786081472
11023,1.6729640417752463
11024,21.329319235373028
11025,9.27681159075672
11026,6.066910379132192
11027,0.12691538784955722
11028,6.7101820022086685
11029,2.4936420384707474
11030,2.9193600675836904
11031,1.934303170950466
11032,19.374705979073045
11033,9.075285108748457
11034,5.462188096828172
11035,0.12133872881437625
11036,5.919375723283387
11037,2.2322472640513884
11038,2.8365091059741023
11039,1.7677313166751367
11040,18.41339982152409
11041,7.915971046381272
11042,5.244976184507129
11043,0.09946350307722877
11044,5.34448031501853
11045,2.0345774486403303
11046,2.5546824920265134
11047,1.6586200036276146
11048,15.256557173795056
11049,6.942987657744862
11050,4.551231718813044
11051,0.09145249970651435
11052,4.897601496728077
11053,1.834502789398057
11054,2.304259354134452
11055,1.4821719089701588
11056,18.1898357532365
11057,7.969557971005723
11058,5.116193240214395
11059,0.0976054341450535
11060,5.277645072671405
11061,1.8927457187895986
11062,2.5398028053388297
11063,1.5788518543747694
11064,17.698046492868496
11065,8.40421205732208
11066,5.036438054059494
11067,0.1099519442834531
11068,5.562482847437434
11069,2.078392983528089
11070,2.54642077928358
11071,1.7097823211526948
11072,25.53909045516628
11073,11.513730521416573
11074,6.8859702739855555
11075,0.14986216929562157
11076,7.530239988989412
11077,2.841566950770544
11078,3.4254837184002978
11079,2.2838436912759845
11080,29.404252904653315
11081,13.118430040810312
11082,7.829470963914147
11083,0.2005218873494893
11084,8.8231979454926
11085,3.245919871441987
11086,4.183449027502017
11087,2.678387780387132
11088,15.212114342637534
11089,7.163087275890392
11090,4.349779573563517
11091,0.10040551552393838
11092,4.848884556764439
11093,1.802628863492521
11094,2.185174380632342
11095,1.4085907034326228
11096,21.674551447337734
11097,9.53257588690393
11098,5.843203542830308
11099,0.14248692833498366
11100,6.441826525104489
11101,2.455009634208603
11102,2.9537446141271304
11103,1.987447783140692
11104,12.975343509674563
11105,5.735607780495726
11106,3.553800604606189
11107,0.07748043653716584
11108,3.5649818697823363
11109,1.403893996181984
11110,1.7515978160354595
11111,1.1965535815569894
11112,15.5037397516837
11113,7.005062561418414
11114,4.501875735586906
11115,0.08314297714061132
11116,4.764081883287069
11117,1.7983803266781497
11118,2.2537982435188906
11119,1.453389834608243
11120,17.456067246875048
11121,7.9596859691499
11122,4.975206188184848
11123,0.09162386927069852
11124,5.138666222616778
11125,2.03242573037016
11126,2.4568474070082167
11127,1.6633767170393337
11128,20.033902026520853
11129,8.849306050584683
11130,5.641869397320583
11131,0.1139266678083829
11132,5.990934788440712
11133,2.1745575330895734
11134,2.7475880382866396
11135,1.8632695174760099
11136,26.75463513577462
11137,12.255746496790612
11138,7.237843878921663
11139,0.18576482855025417
11140,8.149628409989356
11141,3.17045111128969
11142,3.815981358281676
11143,2.5363079486283064
11144,15.451491758824636
11145,7.150146956182731
11146,4.552776147097068
11147,0.07814712955812281
11148,4.882957980431456
11149,1.827933215967435
11150,2.2271175270729913
11151,1.5432884577927386
11152,41.71483655851922
11153,18.531298397093888
11154,11.052619832562343
11155,0.26149792551718515
11156,12.697007036376688
11157,4.820914409592768
11158,5.967662347500457
11159,3.7999635016626936
11160,19.92143151697402
11161,8.95715513301984
11162,5.470403601063054
11163,0.10655271291892697
11164,6.022442960896742
11165,2.1842226062599206
11166,2.693508749828423
11167,1.8046185568544746
11168,25.12282985177546
11169,12.095432218816736
11170,6.99917646837947
11171,0.1493928919870087
11172,7.576754855266935
11173,2.8212934045504934
11174,3.502300238516351
11175,2.3037893901146904
11176,38.6932981286405
11177,17.109668732835505
11178,10.323638783850772
11179,0.2695064655247218
11180,11.174594726409978
11181,4.356387632269265
11182,5.16389442600276
11183,3.461613990542537
11184,34.81287944698529
11185,14.496182754117966
11186,9.394087404511428
11187,0.19284250186853225
11188,10.002143926262116
11189,3.6359589738712077
11190,4.485625491890975
11191,2.864062471921534
11192,21.618241865165153
11193,9.163084248452119
11194,6.109723749781419
11195,0.14171032759343222
11196,6.17869980169284
11197,2.3022960901165312
11198,2.9359267135847285
11199,1.9106245199245246
11200,15.33699827680979
11201,6.928880587942297
11202,4.2230917257510905
11203,0.08778569083676702
11204,4.558528455589329
11205,1.7972590477209034
11206,2.1537613428760625
11207,1.3411086472955445
11208,28.225235452934438
11209,12.294642851967481
11210,7.304624957360739
11211,0.17906544469527674
11212,8.352275777713247
11213,3.027947348843925
11214,3.98017870275707
11215,2.442759954023434
11216,22.24913071328915
11217,9.844567723373652
11218,6.10857718910919
11219,0.12668862758555705
11220,6.437089692828004
11221,2.462189831249601
11222,2.9638608323575286
11223,1.9505394655139292
11224,16.237863582066826
11225,7.14593266601668
11226,4.541316172162235
11227,0.08085489267498089
11228,4.78232116758692
11229,1.8722446458733657
11230,2.1799174442021942
11231,1.3719528031667505
11232,21.783155163945224
11233,9.7138404329905
11234,5.962751521444781
11235,0.1367846832506521
11236,6.1711698037215825
11237,2.3395193841058624
11238,2.9092623567525786
11239,1.9741890445156032
11240,14.522886432550658
11241,6.4670131584911115
11242,3.9634602993912904
11243,0.07946469124966407
11244,4.539134813162368
11245,1.6206869533989543
11246,1.9757613398984124
11247,1.3208344062402917
11248,15.223167544879564
11249,6.812480878871266
11250,4.270490860170448
11251,0.08759655737719309
11252,4.753093592168297
11253,1.6529673847112643
11254,2.1118704062692277
11255,1.323824313465201
11256,32.07733960866622
11257,13.755463146539737
11258,8.691277428761639
11259,0.20104185867825958
11260,9.497572989546448
11261,3.4592966447116114
11262,4.291035474301085
11263,2.7903676757067686
11264,16.13159856371914
11265,7.3353436837764665
11266,4.799883076647558
11267,0.08203849285026936
11268,4.981603902892303
11269,1.815272111908478
11270,2.3227337383858337
11271,1.4970240690316239
11272,34.993060305821665
11273,14.747464569909116
11274,9.349629366596336
11275,0.21473851902487426
11276,10.123484189045831
11277,3.719990455050681
11278,4.746728259784777
11279,3.1074671945488115
11280,23.49378093743057
11281,10.33041778142375
11282,6.485814165501218
11283,0.1454798784913555
11284,7.044875734853089
11285,2.6725492609853596
11286,3.2691469883233966
11287,2.134217273285297
11288,17.345895661702055
11289,7.522152051898019
11290,4.8658796059805445
11291,0.089271825668018
11292,5.186782589915492
11293,2.024343280650172
11294,2.3111741733644684
11295,1.5306771200521743
11296,43.84098446650938
11297,19.834557327901138
11298,12.04008916997704
11299,0.2588886317546623
11300,13.111639666829477
11301,5.079304046658205
11302,6.3326054430282035
11303,3.980450067176472
11304,19.257539679283223
11305,9.21258070992976
11306,5.667230330218007
11307,0.12715803997825037
11308,6.051196143103232
11309,2.2294383083903115
11310,2.74885870133986
11311,1.7410868822949004
11312,25.167593281527935
11313,10.629766448930749
11314,6.807070916242869
11315,0.1592379790825036
11316,7.461412138092795
11317,2.837943409129918
11318,3.4220746884679603
11319,2.2060223450140235
11320,29.61421684371087
11321,12.479134732500194
11322,8.124659149231697
11323,0.1929921779519208
11324,8.936710706544247
11325,3.2051679397338653
11326,4.115552729789734
11327,2.537439157061078
11328,21.98513613887742
11329,9.547158844280258
11330,6.1465955954279785
11331,0.13985508035232602
11332,6.398549629850717
11333,2.4415852356770666
11334,2.954900818852933
11335,1.9843204111726676
11336,24.09969745057668
11337,10.478823422428032
11338,6.477604846875243
11339,0.1481624478877035
11340,7.122156805221566
11341,2.560606009684522
11342,3.318643273364
11343,2.294614350610912
11344,15.058429694007296
11345,6.79440134614437
11346,4.347484266955853
11347,0.08901366720888584
11348,4.677884349815355
11349,1.6427781484143034
11350,2.120743546764351
11351,1.3414470222234727
11352,35.3107292233183
11353,16.36358705773818
11354,9.928983064242463
11355,0.24484834711261888
11356,10.500002655900618
11357,4.015886002174697
11358,4.827231174677916
11359,3.3846937467980633
11360,14.267089495226832
11361,6.5603135615276855
11362,3.940356725994731
11363,0.08578269861116947
11364,4.156420200030316
11365,1.509533329008646
11366,1.9232715237920397
11367,1.3149565866155386
11368,15.542464208522787
11369,6.980723428268689
11370,4.679820736167435
11371,0.09488100105448564
11372,4.772533949842819
11373,1.8518385068355117
11374,2.3017179363133513
11375,1.4139569197997268
11376,24.132368107959856
11377,10.687954963249371
11378,6.336651524764277
11379,0.14207857417818692
11380,7.099443251396271
11381,2.6397141502130013
11382,3.259530193499657
11383,2.1547544695475027
11384,26.85737416697853
11385,12.337814938702584
11386,7.2087730962732595
11387,0.16492884478291947
11388,7.946579165742354
11389,3.107861223658303
11390,3.71927086156271
11391,2.543444049729227
11392,18.450966557390814
11393,8.20519380899324
11394,4.948315852661937
11395,0.10096589799331711
11396,5.475851406859146
11397,1.977964571204377
11398,2.5706529872220143
11399,1.6579027193835152
11400,19.294031181258422
11401,8.689098142168742
11402,5.334815233819862
11403,0.10108129000449106
11404,5.747698218567588
11405,2.104897070197621
11406,2.5589217536036997
11407,1.718427426792768
11408,56.13527003322496
11409,27.23639619916263
11410,15.686390793384145
11411,0.42574420086220377
11412,16.849579961704958
11413,6.552389574728746
11414,7.897586203658265
11415,5.553071619222766
11416,15.338607649941876
11417,7.019548372998966
11418,4.612928286648938
11419,0.0861994279207451
11420,4.706038151552766
11421,1.8315788383647975
11422,2.3026735848865676
11423,1.5061321727659298
11424,17.755099757780304
11425,8.05801075172151
11426,5.056513378159933
11427,0.1091322760684404
11428,5.542347165585087
11429,2.089142640511727
11430,2.537602561441211
11431,1.6015725149718234
11432,21.119591434091177
11433,9.329193882578581
11434,5.982362064036696
11435,0.13164380942053466
11436,6.9035369745659505
11437,2.4816113464517855
11438,2.900087535488542
11439,2.000637882704758
11440,19.407177298080224
11441,8.69425084359368
11442,5.5234772497515525
11443,0.1023878269465803
11444,5.8643996497026825
11445,2.3063024215497387
11446,2.767503545927994
11447,1.7912882931217131
11448,17.86586569971015
11449,7.980432569082701
11450,5.182924679097996
11451,0.10359232120716286
11452,5.432770972262136
11453,2.029791667871191
11454,2.5478343105661496
11455,1.6689025713179222
11456,15.79408785253017
11457,7.178716567765833
11458,4.611482982305951
11459,0.09772705165883293
11460,4.864161998152634
11461,1.8357938279254715
11462,2.3121842902178704
11463,1.4221044938199128
11464,17.94998606184487
11465,7.954478902588583
11466,5.079997960606487
11467,0.10504940729878516
11468,5.352807142627064
11469,1.9610932076962102
11470,2.4673451263288966
11471,1.5575620740263645
11472,17.209470460936434
11473,8.186154648621578
11474,5.073597158011336
11475,0.08857589990662855
11476,5.64500000135526
11477,2.0511600382010107
11478,2.5795220826477196
11479,1.680315242578977
11480,24.967963693704576
11481,11.206134023520145
11482,7.1705712299781625
11483,0.1584703807330116
11484,7.75835683927631
11485,2.8861666528553016
11486,3.4622107741065835
11487,2.2709147534746514
11488,29.9008233995688
11489,12.884798695508543
11490,7.876116749438554
11491,0.19988626957451358
11492,8.705128363085912
11493,3.166447023179721
11494,4.262482175524661
11495,2.64365910105033
11496,14.995402831979968
11497,6.9343458071113595
11498,4.289607030842352
11499,0.08792811960586384
11500,4.833940562163804
11501,1.7759401379949498
11502,2.0616078009214345
11503,1.3493030786912255
11504,21.643766690983025
11505,9.646856560535712
11506,5.906962484558122
11507,0.12965809009420742
11508,6.458154282489867
11509,2.383146723568083
11510,2.977157584111304
11511,1.9973347769942114
11512,13.336458990734668
11513,5.646058836599647
11514,3.5636795764848017
11515,0.08173648576719103
11516,3.7016625360821918
11517,1.3804830271791309
11518,1.7251550944411702
11519,1.1602339544756721
11520,15.512522863901962
11521,6.908068651143918
11522,4.628210152243618
11523,0.08901833627151981
11524,5.056143183639052
11525,1.803308278116149
11526,2.2571688275641026
11527,1.5068154966834164
11528,17.661241426784777
11529,7.967476104302893
11530,5.0300112302344795
11531,0.11028986042670919
11532,5.2891896346698015
11533,2.040926877530721
11534,2.4999356996234168
11535,1.6642224173600273
11536,19.703362206698817
11537,8.570745069965964
11538,5.711771500212169
11539,0.09344521257015675
11540,5.787420846005125
11541,2.260028122171097
11542,2.7684348803923675
11543,1.820906083434181
11544,26.874080269928918
11545,12.128913801516328
11546,7.509884841856436
11547,0.1673112144947851
11548,8.025891363641094
11549,3.079630030009734
11550,3.9405384173878955
11551,2.462650739997664
11552,15.282768295858384
11553,7.172487945809757
11554,4.616560417367547
11555,0.08496766832688377
11556,5.00868302538272
11557,1.7705999881923364
11558,2.293563478533252
11559,1.5288831156301255
11560,42.49526743091541
11561,18.673040747989255
11562,10.984567463163769
11563,0.24958443638859465
11564,12.263823993013691
11565,4.841738396753822
11566,5.978777327146791
11567,3.673790081108591
11568,19.7924475015993
11569,8.892675381631953
11570,5.544544319246598
11571,0.10909210216345905
11572,5.848190285896763
11573,2.2039060195622127
11574,2.7444092468144317
11575,1.8625108936967962
11576,25.251652361196765
11577,11.91101481977028
11578,7.018309736375185
11579,0.1717049424335573
11580,7.817383537304777
11581,2.8325328947722723
11582,3.4944682969905467
11583,2.260552534615368
11584,38.333382605806776
11585,17.45468043635904
11586,10.380554035406766
11587,0.25127432971553243
11588,11.500823147571085
11589,4.309981166758417
11590,5.232053923412542
11591,3.519397675969226
11592,32.67566287957138
11593,14.813874869036184
11594,9.362954989765484
11595,0.18066375804901147
11596,9.499423449430694
11597,3.644061004834528
11598,4.429814333943925
11599,2.734801529073153
11600,21.02021519726377
11601,9.248013477610959
11602,6.025514197151986
11603,0.1445566632436243
11604,6.291451562934113
11605,2.3650699951512193
11606,2.9217468618953473
11607,1.9153847111245408
11608,15.277077317135818
11609,6.743229135518576
11610,4.240470752279804
11611,0.08176046776730163
11612,4.658954117698764
11613,1.7870156438423457
11614,2.196911112973867
11615,1.319902298641155
11616,27.736340071505868
11617,12.422526650245498
11618,7.483164775861507
11619,0.16858819783142132
11620,8.065821354383928
11621,2.9907584946198016
11622,4.128119096479641
11623,2.484930955559742
11624,21.903147664574067
11625,9.793067723959497
11626,6.194300651265899
11627,0.12164726966772174
11628,6.445141648171124
11629,2.4516948012417843
11630,2.8976470836804733
11631,1.9493966058173067
11632,15.67391985494551
11633,7.145521183391767
11634,4.56850695629857
11635,0.08512109051994869
11636,4.9234886350506
11637,1.799175073545775
11638,2.2097347099997156
11639,1.404469360655842
11640,22.233127138157773
11641,9.56977684435435
11642,5.921818830414422
11643,0.13981878726111233
11644,6.287019820410361
11645,2.3091826504428385
11646,2.945208880707826
11647,2.032394505235654
11648,14.822796552032699
11649,6.353166970134109
11650,4.067580706146601
11651,0.09052002935876825
11652,4.33652452836537
11653,1.6646828222620667
11654,1.9184197756671686
11655,1.2779730994566096
11656,15.284725069512149
11657,6.591491871844659
11658,4.214119785643656
11659,0.09122691872648298
11660,4.8586328566928545
11661,1.691004969579416
11662,2.1644888787978207
11663,1.309731596898826
11664,31.915354890273672
11665,14.078571032341868
11666,8.628172720988173
11667,0.17843768323086434
11668,9.10691920191427
11669,3.3767516388585928
11670,4.354447432614855
11671,2.7295791888384198
11672,16.372386515435892
11673,7.194126041956554
11674,4.680972684276784
11675,0.0921566072332545
11676,4.896796788774172
11677,1.7890298814527565
11678,2.301789269476895
11679,1.4701744465863271
11680,36.00489383875587
11681,14.77043324224372
11682,9.462305455214496
11683,0.19087455072606338
11684,9.879521929035683
11685,3.653818658196307
11686,4.947785261297943
11687,2.8968875918190187
11688,23.069458890539796
11689,10.245240179918916
11690,6.583656370282676
11691,0.14262592591526255
11692,7.000921650512389
11693,2.665397206890573
11694,3.3354123680446954
11695,2.1013545761348347
11696,16.694713176127106
11697,7.484546717425855
11698,4.825066179248577
11699,0.10660998955370668
11700,5.321529220314064
11701,1.9333959081263976
11702,2.350716566324454
11703,1.5468868941566507
11704,44.194537148383546
11705,19.455712547012713
11706,12.101878843838666
11707,0.2523125354585045
11708,13.094391787060342
11709,5.065534826150449
11710,6.0905670768609745
11711,4.047297441895056
11712,19.230268909545334
11713,9.047131985852005
11714,5.795145705588606
11715,0.11323597810997632
11716,6.027373790300985
11717,2.2898411143218245
11718,2.70448836785237
11719,1.763679407544225
11720,25.814205637092787
11721,11.02463508132003
11722,6.806790805275127
11723,0.18441171737273201
11724,7.308381426022123
11725,2.8987687894218745
11726,3.4601927435566755
11727,2.279466558356518
11728,28.63697715383499
11729,12.650682362212075
11730,8.053206241433237
11731,0.1702447716239374
11732,8.417178690616794
11733,3.2843630757192743
11734,4.2570148993681975
11735,2.6274783075604073
11736,21.66699545669422
11737,9.473751524974329
11738,6.122671076692695
11739,0.13733984995748516
11740,6.560568492341055
11741,2.482073763256606
11742,2.9928359794360087
11743,1.9661949003158097
11744,22.889252688501145
11745,10.723379482938025
11746,6.658098670817528
11747,0.14523094291889813
11748,7.102713801053468
11749,2.665666864082764
11750,3.3579024685337
11751,2.2371096674272812
11752,15.154509978958002
11753,6.647794387430371
11754,4.332254278903535
11755,0.09222306432209332
11756,4.656184511334556
11757,1.6777694193702886
11758,2.1554895553647255
11759,1.3403866485225717
11760,37.17407606889381
11761,16.022132035812632
11762,9.553990028464684
11763,0.24090332439607168
11764,10.269967089882364
11765,3.963234150911511
11766,4.8463397592983135
11767,3.1727833929685967
11768,14.093649761851088
11769,6.441201919875791
11770,4.091137824644037
11771,0.08825645258325322
11772,4.080138263761375
11773,1.617328631889513
11774,1.982765715570638
11775,1.3077988519960688
11776,15.571474513346521
11777,6.846180802750858
11778,4.607879037681379
11779,0.09569941581620323
11780,4.780044797196772
11781,1.864537876943471
11782,2.2089107214558688
11783,1.510755673859902
11784,23.96394628450061
11785,10.17014684202911
11786,6.103313844796295
11787,0.1403989727044926
11788,7.110293331292891
11789,2.682726577656761
11790,3.1707444832603797
11791,2.180653187707256
11792,26.02584916747976
11793,11.62127195493301
11794,7.0602576320956905
11795,0.1653028805149315
11796,7.679294320787116
11797,2.9596805213930715
11798,3.8903480451341013
11799,2.5257203582094254
11800,17.7102393417809
11801,8.12072524236051
11802,5.0582315052106575
11803,0.09504818008751043
11804,5.435036741211449
11805,2.039957269946442
11806,2.5685784259115914
11807,1.6663857805028424
11808,19.93834149909709
11809,8.58028915182067
11810,5.561171719690945
11811,0.10951762618970892
11812,5.923386490269211
11813,2.2988520182959213
11814,2.6340075148175375
11815,1.8255086305304158
11816,54.64994116811673
11817,27.339395858720213
11818,15.308166720871059
11819,0.4240456205523396
11820,17.182115420287133
11821,6.383505126196439
11822,7.965457191830447
11823,5.098002948237982
11824,15.623977667946894
11825,6.824202148309138
11826,4.641577353204537
11827,0.09928107315904958
11828,4.846973879600278
11829,1.779111056696556
11830,2.3580082246935077
11831,1.4155581338189687
11832,17.09081464686263
11833,7.988527077459033
11834,4.916153452215428
11835,0.08514508426814274
11836,5.277155574996217
11837,2.0380816359483545
11838,2.533089621001174
11839,1.62993928458853
11840,20.234283311130383
11841,8.95185191435615
11842,5.965424379673348
11843,0.11738123871678893
11844,6.560559954778252
11845,2.4100263517180394
11846,2.85371947820506
11847,1.87031670280948
11848,18.42034919720479
11849,8.645773776691899
11850,5.264688091566509
11851,0.09222112981741155
11852,5.690197294887663
11853,2.114333236280296
11854,2.7257348675406092
11855,1.6736570624963372
11856,17.13851108162335
11857,7.506860749447234
11858,5.063243273039575
11859,0.08622241470810192
11860,5.137831559208154
11861,1.9447648101813277
11862,2.452986482198517
11863,1.5809240442838488
11864,14.574489392068207
11865,6.648789515429928
11866,4.426858411205495
11867,0.07558075883448251
11868,4.739071493952758
11869,1.7746539419895133
11870,2.2380685629023405
11871,1.4356933239043035
11872,17.563550882631013
11873,7.782942488317088
11874,4.993164947036879
11875,0.081253896783854
11876,5.1056083148937335
11877,1.8139063648811409
11878,2.4672309408587045
11879,1.5194637391314763
11880,16.69278763050544
11881,7.997817662299077
11882,4.852743354313351
11883,0.088627320104987
11884,5.32961164330916
11885,1.9824024204099828
11886,2.443936716605682
11887,1.6366102387565453
11888,24.629876059914057
11889,11.090193417230953
11890,6.706002866229423
11891,0.12502761379909055
11892,7.2996250514006205
11893,2.747548071430651
11894,3.3149906645468343
11895,2.194385016537276
11896,27.889266847873326
11897,12.459874873119244
11898,7.570137125508904
11899,0.1679365552990674
11900,8.623923592759523
11901,3.1152541643318488
11902,4.028935189554854
11903,2.558816895111222
11904,14.279722006729168
11905,6.669247599480667
11906,4.156069511568685
11907,0.08215965308787465
11908,4.5957331963542405
11909,1.7138352933045868
11910,2.0728337025284564
11911,1.3423549279835318
11912,20.568673627841935
11913,9.123795841145103
11914,5.6830021303337155
11915,0.12365927389396134
11916,6.234111729475911
11917,2.349142308001199
11918,2.8398111013486678
11919,1.9034647876600546
11920,12.401694610354618
11921,5.538595315016912
11922,3.49407775390605
11923,0.05696032101994927
11924,3.4417567692491713
11925,1.3354709084257887
11926,1.6573931456082334
11927,1.1357386350081227
11928,14.81397296345404
11929,6.689802436738882
11930,4.397515410747429
11931,0.06786785281835601
11932,4.630130933220217
11933,1.7376466014953034
11934,2.196375417247216
11935,1.4053047913838683
11936,16.427370587620615
11937,7.628878709210311
11938,4.810409226945794
11939,0.07593565787041252
11940,4.981453668985267
11941,1.955251252786771
11942,2.3795350988348845
11943,1.599644495309751
11944,19.10740628423747
11945,8.51995649832978
11946,5.509146471390324
11947,0.10220693223886458
11948,5.790596478494774
11949,2.1114240237261996
11950,2.6562295703440086
11951,1.8109940266127575
11952,25.412185676397804
11953,11.732547022344304
11954,7.00364955169275
11955,0.15111618459123863
11956,7.885946710349467
11957,3.0367970619118023
11958,3.667099400530943
11959,2.4088726210590985
11960,14.609037951416633
11961,6.866240288422746
11962,4.4204739323277185
11963,0.06445822776879152
11964,4.756680643539985
11965,1.7510978803642954
11966,2.1591955769460127
11967,1.4816395912356113
11968,38.55809977391899
11969,17.8716849096344
11970,10.770713640865733
11971,0.22843953544591053
11972,12.083315230115376
11973,4.660041220013311
11974,5.76277474595803
11975,3.679813899126086
11976,19.100405901382416
11977,8.555066135830828
11978,5.3185542000884425
11979,0.08609234083730308
11980,5.827625434923301
11981,2.1036764639768015
11982,2.609770054674068
11983,1.7274943785681593
11984,23.677028614457164
11985,11.531672056952733
11986,6.742240130634404
11987,0.12381957304423909
11988,7.248441843938264
11989,2.7058727838378847
11990,3.3665318251441523
11991,2.2080293702169
11992,35.98648903879934
11993,16.366253786042765
11994,10.062041411512782
11995,0.24223621891083838
11996,10.54866877302786
11997,4.240502012624366
11998,5.0039150915361255
11999,3.3643126591915786
12000,32.789798926555534
12001,13.836160625438772
12002,9.039568525369342
12003,0.15545576402358977
12004,9.574130654549789
12005,3.475690430263378
12006,4.297487349244177
12007,2.7282187723792988
12008,20.611469440074465
12009,8.866178064616033
12010,5.987281860174051
12011,0.12062505154900643
12012,5.982120224402995
12013,2.2006417278959405
12014,2.8437365030837403
12015,1.8367375857016337
12016,14.503833652358527
12017,6.558411504303949
12018,4.124394669921926
12019,0.07853204024984456
12020,4.4204347021391195
12021,1.7365368170969386
12022,2.0898444465849604
12023,1.3034956425950783
12024,27.026014993706585
12025,11.807171958501518
12026,7.021715138446147
12027,0.12962518551934055
12028,7.963005047985549
12029,2.894730660290044
12030,3.8056988123093087
12031,2.3106577528287806
12032,21.327276015555444
12033,9.41209505076542
12034,5.935753096856052
12035,0.1061707124926043
12036,6.214656448184996
12037,2.358437731533256
12038,2.863220867106846
12039,1.862511262174533
12040,15.285233886161457
12041,6.801050891971396
12042,4.399503871467251
12043,0.06777307628084217
12044,4.632147041804502
12045,1.7999906506389662
12046,2.105878800320297
12047,1.3189352998286659
12048,20.41048227446991
12049,9.21254220161367
12050,5.736797175040455
12051,0.09542785166420557
12052,5.894464174224517
12053,2.2298102255635976
12054,2.7760622029580735
12055,1.8697280924442738
12056,13.53564867819394
12057,6.061753065308832
12058,3.79861679102149
12059,0.05832685042625583
12060,4.341064378016242
12061,1.5476354624170803
12062,1.892341858045485
12063,1.259932684622585
12064,14.313577107853348
12065,6.489796197820708
12066,4.123302606021767
12067,0.08093863765196764
12068,4.604973876997496
12069,1.5844994550198916
12070,2.040655414269004
12071,1.2845588150316418
12072,30.31079265662023
12073,13.206421572959197
12074,8.413660749296815
12075,0.16675827728166567
12076,9.109428725010474
12077,3.330371068690843
12078,4.133677597685326
12079,2.672618020509821
12080,15.313197963069294
12081,6.966262615315851
12082,4.613593379236033
12083,0.0648086019728196
12084,4.814251112756866
12085,1.710969214075275
12086,2.214215578802639
12087,1.4102283247954548
12088,33.737570694597494
12089,14.28468933155558
12090,9.121582121669533
12091,0.20141949392293476
12092,9.919380602075883
12093,3.598538462137704
12094,4.643307389175125
12095,2.9979886422138717
12096,22.382805378708643
12097,9.879821635717361
12098,6.282367979571771
12099,0.11568723640628302
12100,6.7778865778581325
12101,2.567613807929175
12102,3.1562978034871696
12103,2.0370179913726743
12104,16.178846696104085
12105,7.192670717042984
12106,4.692724421657447
12107,0.07093722447515668
12108,4.993152592762328
12109,1.941177646681235
12110,2.2262270936136495
12111,1.4690869827744188
12112,41.64387508846537
12113,19.166459016556754
12114,11.803148578094918
12115,0.23441896012440144
12116,12.779541782373503
12117,4.906815781570979
12118,6.168836360388329
12119,3.8743511417909153
12120,18.50400743796609
12121,8.727942023809646
12122,5.4340600686529426
12123,0.0925798929967746
12124,5.806404522413404
12125,2.1060128693282896
12126,2.6204686548618055
12127,1.629061161788267
12128,24.05166286849166
12129,10.210365548303697
12130,6.591259515520952
12131,0.1273023015445925
12132,7.196446843027164
12133,2.727735396390339
12134,3.2986126272967544
12135,2.129970597559733
12136,27.81519366965974
12137,11.927759982751615
12138,7.812917905201618
12139,0.15657560493591016
12140,8.550389032948933
12141,3.0741647389484648
12142,3.918347147592978
12143,2.4268423841112554
12144,21.12456147781677
12145,9.107063279288813
12146,5.948235844128195
12147,0.11338816403962874
12148,6.144027276485876
12149,2.3369336478052993
12150,2.8377160840379005
12151,1.8842370570675178
12152,22.74183316950921
12153,9.971627424898175
12154,6.245966801186605
12155,0.12347469538275539
12156,6.820365306934207
12157,2.4413487862625725
12158,3.180298629387647
12159,2.194617119040811
12160,14.198580012987028
12161,6.51467764540752
12162,4.235959438965462
12163,0.07953260980925894
12164,4.506848822968005
12165,1.579618319965939
12166,2.052988232319692
12167,1.2993645514478507
12168,33.315087251396
12169,15.503736548164015
12170,9.630633077101187
12171,0.2061282827099918
12172,10.107924324295727
12173,3.8288283924502142
12174,4.6336523811648735
12175,3.22702445409252
12176,13.532584917090059
12177,6.225767055959896
12178,3.798605305225305
12179,0.0727084726756179
12180,4.032903021755692
12181,1.440672588025652
12182,1.8471549834940864
12183,1.2640277586895243
12184,14.857538315560452
12185,6.733133747714866
12186,4.560018620112349
12187,0.07991478647186054
12188,4.636984221367955
12189,1.7809520180358236
12190,2.2301008152354194
12191,1.3667543133898883
12192,22.80522123135656
12193,10.233397499942326
12194,6.083213377333948
12195,0.10709547759806982
12196,6.755374151274199
12197,2.4996154652995104
12198,3.098177386088702
12199,2.0357061691794094
12200,25.54510551598603
12201,11.810560013225484
12202,6.959966215413241
12203,0.1282451465540298
12204,7.543799218419207
12205,2.9964438758760696
12206,3.581628972434151
12207,2.451676942524261
12208,17.453328205182423
12209,7.845501478868807
12210,4.7658065866938895
12211,0.07332002210263557
12212,5.26308047510114
12213,1.871780663635702
12214,2.466677598164046
12215,1.5606080352097271
12216,18.89933639909331
12217,8.568337927786926
12218,5.3569451851260625
12219,0.0935819579915191
12220,5.704214036692021
12221,2.0603898772922973
12222,2.537123151648962
12223,1.6777520760462588
12224,50.69154761052011
12225,24.997874815522632
12226,14.74126826880799
12227,0.33303605178297635
12228,15.578937783313833
12229,6.091504300544091
12230,7.370970983555564
12231,5.171406847755209
12232,14.716499473883417
12233,6.731878039418205
12234,4.46876148316488
12235,0.07084512258798802
12236,4.5529645972789226
12237,1.7590941339042652
12238,2.223322497899438
12239,1.4485136172656867
12240,18.38884167685077
12241,8.653093747109656
12242,4.96984945325052
12243,0.11483835022936623
12244,5.441346360929583
12245,2.0837424837949072
12246,2.4597793358406905
12247,1.6103885530231126
12248,21.945130925221115
12249,10.076157314765272
12250,5.883340280820151
12251,0.1330198348553475
12252,6.856563490753216
12253,2.4646498697178925
12254,2.816356180603757
12255,1.9193498587150026
12256,20.126453388796907
12257,9.273986727896547
12258,5.461114240464299
12259,0.12873494263469118
12260,5.781183351383107
12261,2.276979597473426
12262,2.708519004012539
12263,1.782103469002354
12264,18.741802736651763
12265,8.431059343154937
12266,4.978684494122299
12267,0.10898198546288518
12268,5.2900213344350675
12269,1.9720657745529075
12270,2.4918175484638168
12271,1.6367067507106123
12272,16.734787392421246
12273,7.499720469774452
12274,4.498573406701943
12275,0.1072187315204939
12276,4.858791427291158
12277,1.8038156780926033
12278,2.160424509913482
12279,1.4752470786611345
12280,18.452311743781163
12281,8.341885738326681
12282,4.798895489334841
12283,0.10420011347736831
12284,5.3922085069607615
12285,1.8564308273453407
12286,2.4398268360967252
12287,1.5759026829292666
12288,18.202291316794515
12289,8.633819625537853
12290,5.01213543228966
12291,0.110477200140877
12292,5.444862828397072
12293,2.002516315103082
12294,2.4951700221501585
12295,1.6013917841266636
12296,25.95578598916104
12297,12.018750690663566
12298,6.712178356742196
12299,0.15050584250918164
12300,7.402081265240693
12301,2.779920956667862
12302,3.281905335674775
12303,2.139669229067944
12304,30.310024167026068
12305,13.586367933662721
12306,7.33635600030889
12307,0.18602616576544206
12308,8.51652320222374
12309,3.2575206327083257
12310,4.02540361998588
12311,2.6879167714007433
12312,15.903977440403912
12313,7.464545917802275
12314,4.039828726236296
12315,0.0949580571533291
12316,4.718464482501597
12317,1.768515808519937
12318,2.016549524066343
12319,1.3942433794794404
12320,22.397012850727616
12321,10.187560828363452
12322,5.815862156335845
12323,0.15111515645309953
12324,6.441073026664818
12325,2.421040170980063
12326,2.83587116562564
12327,1.9538759090619837
12328,13.476376175669433
12329,6.110723230501712
12330,3.436345032492701
12331,0.08387212726775596
12332,3.6687295725387767
12333,1.3613935408036095
12334,1.6317055232465807
12335,1.1167550621541653
12336,16.47125122647502
12337,7.3869962016977695
12338,4.398138733441961
12339,0.09088521810057455
12340,4.971651205022828
12341,1.8146868519356634
12342,2.1089569860126263
12343,1.4581827148809674
12344,18.19262517101194
12345,8.597088979607568
12346,4.927301362895977
12347,0.11066097025561296
12348,5.124577929238187
12349,1.9846090855514036
12350,2.3533461631610595
12351,1.6693040254397604
12352,20.3897377634154
12353,9.290411714802264
12354,5.446894500115932
12355,0.12534449826991215
12356,5.734794645071837
12357,2.167881988951858
12358,2.6731360134883353
12359,1.842589233920614
12360,28.245854741861123
12361,13.068848201233754
12362,7.268116533604896
12363,0.15918037388944573
12364,8.0653546704218
12365,3.043280628465062
12366,3.7232189264618096
12367,2.4167285553464373
12368,16.526613473651658
12369,7.563852971484915
12370,4.503785105369562
12371,0.10104282900566336
12372,4.9031871633060895
12373,1.7859249226911567
12374,2.165419004031417
12375,1.502253268303497
12376,42.82675997814823
12377,18.855040324329917
12378,10.793595430499856
12379,0.26577845309824094
12380,12.324591919936578
12381,4.711505328899072
12382,5.7341309665562
12383,3.6175791674163733
12384,20.91243172339239
12385,9.482794093238793
12386,5.193177203162224
12387,0.13107095381819098
12388,5.7293097687916665
12389,2.1539889680705837
12390,2.6300257447684747
12391,1.7722206279982913
12392,26.362877909966645
12393,11.910468318102595
12394,6.656044504925701
12395,0.16006323247655266
12396,7.534592162426246
12397,2.7684878051946713
12398,3.384243618578259
12399,2.2177455454262045
12400,39.34333363922843
12401,18.525506177241294
12402,9.856958187656343
12403,0.26395722832398244
12404,11.363007421953663
12405,4.374501052147875
12406,4.933888138481928
12407,3.4198473950094024
12408,34.5182499872495
12409,15.270136045303692
12410,9.262736455965237
12411,0.19627719830303672
12412,9.419540398480219
12413,3.5892016450368276
12414,4.441374084552912
12415,2.723370609729228
12416,22.72523108703979
12417,10.15055736940496
12418,5.853343767600521
12419,0.14718052953617006
12420,6.498150691416449
12421,2.276170419109221
12422,2.821245222840036
12423,1.8824310780876308
12424,15.733444193620048
12425,7.119903731967034
12426,4.195679039664031
12427,0.09736211714623706
12428,4.556483677368182
12429,1.7620711149799333
12430,2.0776746790304528
12431,1.3508069817429487
12432,28.3380198532368
12433,12.885164356923793
12434,7.209057586231459
12435,0.19535135872533413
12436,7.861771584374914
12437,2.951635459731222
12438,3.7599702667275143
12439,2.451017511666754
12440,23.311137683377105
12441,10.268704132052038
12442,5.990399951545898
12443,0.13401802172920702
12444,6.469183523532305
12445,2.388326392679135
12446,2.798328852568117
12447,1.9571623790160024
12448,16.675038567273056
12449,7.485517438732224
12450,4.415535401997081
12451,0.09083076465885197
12452,4.943973561018145
12453,1.783744911071997
12454,2.1203443545907557
12455,1.4504967715092
12456,22.207455502588672
12457,10.34337881115806
12458,5.888108102908623
12459,0.12910202750493954
12460,6.321683154614978
12461,2.2969694191977212
12462,2.772302579263111
12463,1.9634918338459437
12464,15.079729152837476
12465,6.741740847837827
12466,3.8581676134087703
12467,0.08093191897387723
12468,4.411393964228059
12469,1.5948615714595284
12470,1.8607855212722015
12471,1.3214048566612429
12472,15.966018362958497
12473,7.246317494755855
12474,4.129547533360837
12475,0.0906308659190419
12476,4.668094276039845
12477,1.6465716517442042
12478,2.0211648409914704
12479,1.3191106460595312
12480,33.077732074964175
12481,14.615434479149737
12482,8.663033643556242
12483,0.20583135594813315
12484,9.145950751741909
12485,3.35620835888953
12486,4.257232869126049
12487,2.700111769427991
12488,16.575291111699244
12489,7.6764951298000765
12490,4.479193314626968
12491,0.10206377019887737
12492,4.730748010412831
12493,1.8305220729406682
12494,2.2639407039926667
12495,1.488018086433284
12496,36.36967560685098
12497,15.48590845195048
12498,9.17133922628679
12499,0.23054884168738488
12500,10.133589064170826
12501,3.562078249989227
12502,4.7023065008334735
12503,3.0211975524868326
12504,24.16992809127018
12505,10.781049380052915
12506,6.110152148436712
12507,0.15861130629265713
12508,6.914847857354387
12509,2.584093463827098
12510,3.133973317011386
12511,2.009201258536812
12512,17.49570267231476
12513,8.260274449156167
12514,4.756712056769796
12515,0.10518074855683208
12516,5.15988016914587
12517,1.910796933260907
12518,2.239449343786343
12519,1.4703642013621008
12520,45.54285351481905
12521,19.428041414477324
12522,11.636511792287267
12523,0.27900835180588723
12524,13.181694850470489
12525,4.998233413965399
12526,5.879040300968629
12527,3.9412141717123697
12528,20.16758012980634
12529,9.65064108477243
12530,5.528103718069015
12531,0.1260685577274929
12532,5.88078473633822
12533,2.248309316939233
12534,2.6129466464727265
12535,1.7434571957925693
12536,24.640948486750737
12537,11.102805689321121
12538,6.698383402608756
12539,0.1626891467232458
12540,7.068577558864636
12541,2.7291644862823548
12542,3.261079285750084
12543,2.1228141733448584
12544,30.257949475903516
12545,13.959642480976141
12546,7.816060749058716
12547,0.20683105347437783
12548,8.334393232431236
12549,3.178528664333277
12550,3.9170545785677553
12551,2.5356327597833532
12552,22.93272078843423
12553,9.97425233567651
12554,5.837734433875693
12555,0.13866088511368124
12556,6.4352848347574225
12557,2.3468501686686447
12558,2.922670660198828
12559,1.9858917608439473
12560,24.653625484373492
12561,11.127765123508967
12562,6.2750678413007215
12563,0.16595105020174314
12564,6.999691139686354
12565,2.5026841251780434
12566,3.116625592709817
12567,2.1842210945554394
12568,15.98991400710482
12569,7.07068382935363
12570,4.112662631794077
12571,0.09397364241925403
12572,4.467726638309164
12573,1.5972336467231283
12574,2.08955719902481
12575,1.3392198272769313
12576,36.98544337164699
12577,16.90303922989543
12578,9.539337337642237
12579,0.25877807554409477
12580,10.38217305616428
12581,3.896084573637676
12582,4.669084276379467
12583,3.2478212670104876
12584,14.805135446831764
12585,6.703043105355441
12586,3.8410446043379336
12587,0.08942612501864146
12588,4.176549427224661
12589,1.5404318021265029
12590,1.8491593229557177
12591,1.3066505420461996
12592,16.425440619878213
12593,7.364104100123388
12594,4.395218388166793
12595,0.10076179499517676
12596,4.962999393934727
12597,1.8212439145214356
12598,2.1775358400637166
12599,1.4437985926943584
12600,24.95293411680724
12601,10.716716334057162
12602,6.082573372566415
12603,0.1526411324552877
12604,6.931930601942338
12605,2.5665406843363736
12606,3.103168269592086
12607,2.0611200707398867
12608,27.71567940269936
12609,12.401422017454967
12610,6.9145638936535025
12611,0.1657893833496525
12612,7.917900616721944
12613,2.9496804157801546
12614,3.7213391376191853
12615,2.5344201349694147
12616,18.31368379861069
12617,8.428947894470648
12618,4.916953436722808
12619,0.1107086460915333
12620,5.4113496587944185
12621,1.953020731433616
12622,2.4354381408039845
12623,1.5715954613124365
12624,21.278919807296486
12625,9.389668416252306
12626,5.435781563370361
12627,0.11349675007023402
12628,5.7800420309452765
12629,2.274913356312532
12630,2.541853967326801
12631,1.7781848239183722
12632,56.347473180669404
12633,26.516951229493266
12634,15.525617813802668
12635,0.4038017199414889
12636,16.341192162966305
12637,6.395795642148581
12638,7.844841114374082
12639,5.343599728243251
12640,16.14992539429921
12641,7.197985015890816
12642,4.3919128946784864
12643,0.08985125849215927
12644,4.837378876254271
12645,1.8080145603855295
12646,2.228317426762729
12647,1.4756945360739795
12648,13.024176660933325
12649,6.2206915545422845
12650,2.4747016006995524
12651,1.7801159323643398
12652,0.9236277758950444
12653,1.206403197605285
12654,1.0496627986632483
12655,1.1380240412595874
12656,14.76230886023778
12657,6.812832032914342
12658,2.8704766180985533
12659,2.2014555237367044
12660,1.2100404786415864
12661,1.4089046530460843
12662,1.1929937346832094
12663,1.3340596913257803
12664,14.127859098568448
12665,5.98084194351224
12666,2.626003838184292
12667,2.017760389063473
12668,0.9814352960227152
12669,1.3240901958173579
12670,1.1730581166120289
12671,1.2437076607237167
12672,13.295225981224831
12673,5.804016115427308
12674,2.4458846358801507
12675,1.8986415588057703
12676,1.009971032420514
12677,1.1830504009604532
12678,1.074411774444508
12679,1.1482068222568311
12680,11.253486952826567
12681,5.1294802726935265
12682,2.125484129363354
12683,1.6504823823258237
12684,0.8988630673479808
12685,1.0728773339230664
12686,0.9307279741824369
12687,1.0793906859772162
12688,12.980472721813165
12689,5.931347748053383
12690,2.2444396112338074
12691,1.8273991113881187
12692,1.0234051827200608
12693,1.1597787342907973
12694,1.0472208406038381
12695,1.145830259648833
12696,12.563863182913806
12697,5.862588272963282
12698,2.38522474240485
12699,1.8544107273880959
12700,0.9072240339360299
12701,1.1795160697305238
12702,1.0332203293549433
12703,1.1448217691732958
12704,18.65363931139802
12705,8.288516179732285
12706,3.2328689460492837
12707,2.6810647234519784
12708,1.440354233745038
12709,1.7396716951976012
12710,1.482942674533491
12711,1.6420583380268086
12712,20.839889217348436
12713,9.413073315586212
12714,4.010511532523925
12715,2.8926137455180827
12716,1.5405397061451518
12717,1.851304433955746
12718,1.6202893898435546
12719,1.8123354721633733
12720,10.441620939604563
12721,5.155211609075213
12722,2.002950829388716
12723,1.5052152077303518
12724,0.8862947251973198
12725,1.03720773987966
12726,0.8878010823611724
12727,1.0237511355434514
12728,15.426771350738168
12729,6.9268588644424165
12730,2.910820312961584
12731,2.196331673787964
12732,1.1112889130236514
12733,1.3844591572657807
12734,1.2494888600662615
12735,1.3523171837127685
12736,9.210806078215015
12737,3.8501848952159032
12738,1.7127133746852288
12739,1.351459075512654
12740,0.7171732625129578
12741,0.8899266782397145
12742,0.745015412915815
12743,0.8519323077907303
12744,10.928545345599462
12745,4.895047973665323
12746,2.1855003184399218
12747,1.6225779636900215
12748,0.8824407329183535
12749,1.0481345901609918
12750,0.922688031874404
12751,1.0530595379943015
12752,12.238935566025257
12753,5.960312154244704
12754,2.320738463286982
12755,1.7966986458416316
12756,0.9202463408775825
12757,1.155445730687977
12758,1.0288453138946334
12759,1.1382005082630422
12760,14.0914888653928
12761,6.293229231300013
12762,2.838707940081622
12763,2.0116921736320115
12764,1.0323127246128987
12765,1.2996138187277708
12766,1.1572590500924294
12767,1.2444815493363184
12768,17.910143962544158
12769,8.726383835276676
12770,3.7401162150264806
12771,2.786539390023096
12772,1.4645460070120848
12773,1.8007198022340944
12774,1.543983033198185
12775,1.6916233373982439
12776,10.375952709103066
12777,4.9789856261108945
12778,2.1883711489741833
12779,1.5740518412805284
12780,0.8802098556088462
12781,1.0555562350204788
12782,0.9126985363101141
12783,1.0728978509541756
12784,31.60601388456403
12785,14.20646186997921
12786,5.772542788370724
12787,4.05767432266152
12788,2.549287450825422
12789,2.8484738260472393
12790,2.239735516689156
12791,2.56615904205407
12792,14.010382913508522
12793,6.565616194563049
12794,2.5224485291816516
12795,1.9945812807349284
12796,1.0378348057109144
12797,1.2837824209050959
12798,1.1055025883541854
12799,1.2668152722966952
12800,17.272126536087686
12801,8.684332233818632
12802,3.4087882464671124
12803,2.715472846245821
12804,1.4077967239428886
12805,1.601126649088277
12806,1.4572468187409744
12807,1.5467183619270404
12808,26.953118793984807
12809,12.556617748495821
12810,4.700589974716556
12811,3.663517414635337
12812,2.2692588976964023
12813,2.394280955393283
12814,1.987726877585161
12815,2.4011780749383345
12816,23.318222193689657
12817,10.923987563520791
12818,4.1197980492948405
12819,3.414422323647969
12820,1.8545605478492018
12821,2.119166283264839
12822,1.7743619384907883
12823,1.9882580152010583
12824,15.724981775408782
12825,7.097817282299113
12826,2.9634564143735527
12827,2.2147247680747943
12828,1.2141192245631836
12829,1.4044552854502024
12830,1.2117926526969542
12831,1.338793883474152
12832,10.898960887936301
12833,4.882341047195741
12834,1.960394660992159
12835,1.5775015087365032
12836,0.8479701811213403
12837,1.0545935153589292
12838,0.9005579538835708
12839,1.0130624508241743
12840,19.445119538661356
12841,9.3221531975635
12842,3.77774165765345
12843,2.7783722642277517
12844,1.4459515307291768
12845,1.7093182812817316
12846,1.5832450058682517
12847,1.7180211795234508
12848,16.10049529727893
12849,7.261899661877706
12850,2.793593813785479
12851,2.1685182594589736
12852,1.1479412680166583
12853,1.4168605904108627
12854,1.22473258361648
12855,1.3246130854914486
12856,10.891000293842612
12857,5.194814081389911
12858,2.1658855536776587
12859,1.576551635856906
12860,0.8538670664435198
12861,1.051491651333318
12862,0.9081140530433387
12863,1.0600083422833342
12864,15.487135363062901
12865,7.17515767490174
12866,2.9440700633283976
12867,2.259079183572942
12868,1.0903195487903605
12869,1.369164433317872
12870,1.258854049872503
12871,1.3876929570055336
12872,10.228952840153376
12873,4.591662664513108
12874,1.8793121614000428
12875,1.4960768904528774
12876,0.7927256004889653
12877,0.9764645047704517
12878,0.8357435240537074
12879,0.9588631605397016
12880,10.675877501289822
12881,4.760584730058717
12882,2.0002743825687057
12883,1.5053826445493492
12884,0.8336755401895086
12885,1.015309867763288
12886,0.8884164245393062
12887,1.0171587135806806
12888,21.84911423471441
12889,9.962238062219898
12890,3.7755685005885784
12891,3.122240349287761
12892,1.8184792301374226
12893,1.9452924976715902
12894,1.7289594823220562
12895,1.969952400113528
12896,11.908176920543122
12897,5.015846469522315
12898,2.174350228356143
12899,1.622711552073006
12900,0.8637532430130932
12901,1.0430338645349442
12902,0.9455911043749837
12903,1.0540167910859086
12904,25.49486445534958
12905,10.975609449559775
12906,4.9634406485593505
12907,3.21870167893276
12908,1.8282843037486605
12909,2.1353323706242393
12910,1.8600356917154055
12911,2.046407036291888
12912,16.265886845937697
12913,7.1899282053623175
12914,3.2638627749285987
12915,2.3457121812382624
12916,1.2635284760234133
12917,1.5341993651671029
12918,1.3227758408041337
12919,1.4283091968883654
12920,12.050594825326877
12921,5.595078292029093
12922,2.285915051529495
12923,1.7271717389960128
12924,0.9377968752157884
12925,1.1010809990557748
12926,0.9726521109400645
12927,1.0970957929001268
12928,34.62172887249938
12929,14.274473628057892
12930,5.922413649609312
12931,4.312727797667127
12932,2.801245541190093
12933,3.0037285087924004
12934,2.415249631770362
12935,2.8364430966436833
12936,13.59583161225394
12937,6.422269198075435
12938,2.6613870157261554
12939,2.024775882895683
12940,1.0093791283536317
12941,1.2824408846883784
12942,1.08847425884283
12943,1.2338886151305253
12944,18.050595570167513
12945,7.906165953935842
12946,3.143595470626717
12947,2.526932712213197
12948,1.368848267795095
12949,1.6371633916014425
12950,1.3717977438253228
12951,1.5319842277222344
12952,20.320806917093734
12953,9.145061839768895
12954,4.055157676706503
12955,2.942198530658809
12956,1.6241416897787875
12957,1.9383804667660205
12958,1.7393838528047105
12959,1.8362286274857325
12960,15.676973489490852
12961,6.6028265992492186
12962,3.028811202649508
12963,2.238848294636978
12964,1.1404950569779475
12965,1.4427133158344834
12966,1.2698510743389628
12967,1.3387002299226745
12968,16.66436761029756
12969,8.073126598693658
12970,3.230664818908019
12971,2.3097039972879294
12972,1.3207978672043668
12973,1.5003570412168232
12974,1.2998526641520392
12975,1.4661312427362454
12976,10.555220467704112
12977,4.831929283475854
12978,2.055213593846767
12979,1.5162022079477346
12980,0.8274053735812091
12981,1.006148139823502
12982,0.8885639263722148
12983,1.0113651700038346
12984,25.913815049742386
12985,11.812801764157461
12986,4.790162446504861
12987,3.736633916868651
12988,1.9811828422916515
12989,2.2737870974326033
12990,1.7822268142749773
12991,2.2336640921521838
12992,9.88352626578383
12993,4.498611745398788
12994,1.8969190981172452
12995,1.460334753415181
12996,0.7908669256157611
12997,0.9819037506039678
12998,0.8155861767249979
12999,0.96354898307688
13000,10.96310814260503
13001,5.1025364468679655
13002,2.153210681088016
13003,1.6358430820811234
13004,0.8965689108909171
13005,1.0878405288353663
13006,0.9135720664413308
13007,1.0692911500668858
13008,16.52360116242361
13009,7.431518014898669
13010,2.8540040558071778
13011,2.359093426761785
13012,1.2746470694495697
13013,1.5544738233576458
13014,1.336412517988924
13015,1.4782185308576627
13016,18.175202971796804
13017,8.505642016723336
13018,3.644602504557553
13019,2.6704482598631882
13020,1.3752305782980976
13021,1.76038430551328
13022,1.7039388182413753
13023,1.7600078682710358
13024,12.547767405112616
13025,5.958589680008489
13026,2.3746995625617893
13027,1.9212132555554953
13028,0.9978329539012981
13029,1.216798958840805
13030,1.0728195158396052
13031,1.1919656213924579
13032,13.770315536044295
13033,6.191236735563561
13034,2.73280478745896
13035,2.0423403707305234
13036,1.052151238047362
13037,1.313852512547136
13038,1.0885928024315221
13039,1.2427633981820285
13040,42.35799171137324
13041,19.45336075599367
13042,8.195132170672643
13043,4.7349446955365595
13044,3.8342520285776636
13045,3.764870495270666
13046,3.063338837814445
13047,3.4784909082673576
13048,11.177080089301418
13049,5.0089585040791125
13050,2.143689060799733
13051,1.676436944726472
13052,0.8881390189666423
13053,1.0536229857095762
13054,0.9603583473470604
13055,1.059489489606026
13056,18.976407436840432
13057,8.726867001432993
13058,4.1624590566867905
13059,0.40387253956945796
13060,4.2553368484801615
13061,1.7753011814249535
13062,1.939129345199838
13063,1.4517604788305478
13064,22.169446095348523
13065,10.012145305176219
13066,4.889855585126524
13067,0.45688337667454604
13068,5.3404020839881055
13069,2.087828796074065
13070,2.3427263185995715
13071,1.717216308836894
13072,20.341267655896246
13073,9.393271923274112
13074,4.411136436435561
13075,0.40679365621149616
13076,4.666185495433919
13077,1.7953739551367127
13078,2.083678090928549
13079,1.534347036463296
13080,19.075000294789895
13081,8.45475812950981
13082,4.1836835813289435
13083,0.3630645316218777
13084,4.141072827557726
13085,1.6998193471181733
13086,1.9083938887568304
13087,1.4351151735981271
13088,16.92508660360564
13089,7.568229324083924
13090,3.6884034983549796
13091,0.3449954737418249
13092,3.908380383703509
13093,1.524659653599055
13094,1.7341151266114145
13095,1.291631054458975
13096,19.009173552893497
13097,8.331035942838062
13098,4.1105722127276545
13099,0.3373895094123717
13100,4.34519641792803
13101,1.621685699809283
13102,1.9282650393285576
13103,1.339222977489406
13104,18.865842860578983
13105,8.649741921471449
13106,4.117575611104282
13107,0.37568417322696696
13108,4.400697016488712
13109,1.7047714780134602
13110,1.9143445542253459
13111,1.4483703815011293
13112,26.67624253230675
13113,12.394792347580358
13114,5.877812357740526
13115,0.505939516254971
13116,6.258287981683109
13117,2.385178710221397
13118,2.672459001087314
13119,2.031368942861179
13120,30.90223395047006
13121,13.870217840615739
13122,6.318913990527545
13123,0.6153630355995259
13124,6.992684574241861
13125,2.78388939362747
13126,3.185141686343137
13127,2.3310304631150145
13128,16.362265638627445
13129,7.711085323494421
13130,3.443567109672876
13131,0.3104658618659191
13132,3.7714070959860835
13133,1.4826474310356077
13134,1.5713665053237977
13135,1.2521637524684541
13136,22.295787201969734
13137,10.470938289423414
13138,4.908589284955242
13139,0.447319616961381
13140,5.219127154778425
13141,2.060922235849307
13142,2.2723619230055316
13143,1.727426004032093
13144,13.874965729644957
13145,6.116127254474116
13146,2.976366079368814
13147,0.2967424730062219
13148,2.925415653908138
13149,1.2197932382114518
13150,1.2679503037756836
13151,1.0068892258032045
13152,16.036684034824454
13153,7.483407698244135
13154,3.693676296628771
13155,0.3369382052220469
13156,3.942643464369098
13157,1.507305930496317
13158,1.6948300880647746
13159,1.303490793561095
13160,18.33757591060508
13161,8.694041071842705
13162,4.03259080924104
13163,0.3836133066596772
13164,4.035348249416419
13165,1.6650196503419066
13166,1.8792418216127684
13167,1.4352729708175551
13168,21.05543789186043
13169,9.464899057595309
13170,4.519532285518248
13171,0.41216777262318066
13172,4.75906208845066
13173,1.8253683964119622
13174,2.0853541440425727
13175,1.5987443355925355
13176,27.784569645000566
13177,13.225321189733616
13178,6.090971302275933
13179,0.5766134904747715
13180,6.48472536546529
13181,2.6004859025164193
13182,3.013458152279257
13183,2.167229040968661
13184,16.23086522372977
13185,7.621510979214656
13186,3.6515023379811637
13187,0.3275973785652951
13188,3.778533600017478
13189,1.5351655795852228
13190,1.683076339854438
13191,1.3320016170211681
13192,43.70875376369739
13193,19.584476443113626
13194,9.364416039111479
13195,0.8524272687715402
13196,9.922380053921614
13197,3.9592257916645126
13198,4.638915220599969
13199,3.2308646053902703
13200,21.286651049249986
13201,9.63857727839053
13202,4.383519780181118
13203,0.4165609593539176
13204,4.670295407085718
13205,1.8322017500623429
13206,2.0809224309619254
13207,1.5733657812657427
13208,26.362193324300677
13209,12.29029958521647
13210,5.647543971231171
13211,0.49881399778672425
13212,5.942397284331517
13213,2.3721787340371816
13214,2.7723632830068907
13215,1.9543716708625254
13216,39.70384298030521
13217,18.335389331004784
13218,8.394679297453433
13219,0.7750196793381952
13220,8.937973145985326
13221,3.6885258910329215
13222,3.9904928497297654
13223,3.0525479396100166
13224,34.26322921374155
13225,15.073212900554372
13226,7.359682244859724
13227,0.6888963952002433
13228,7.503448776812435
13229,3.0632894838502556
13230,3.4537278738600596
13231,2.5269149029631692
13232,22.541299188460307
13233,10.16556860985821
13234,4.774944166815025
13235,0.45993305714881005
13236,5.070319018464416
13237,1.9352015049988003
13238,2.2676955186820815
13239,1.6760979353192453
13240,16.24080734824485
13241,7.1502759950864005
13242,3.3702816235803406
13243,0.31955570803823097
13244,3.7014312985223192
13245,1.489555399405684
13246,1.6597591350598964
13247,1.2072480742740874
13248,29.33126829350872
13249,12.792619278074827
13250,5.9444223071177635
13251,0.5657909201850433
13252,6.558262520301761
13253,2.6393826320254847
13254,3.0337355235445753
13255,2.109593192190019
13256,22.667600847039115
13257,10.20201096968691
13258,4.953245170306015
13259,0.44478222724699185
13260,5.095408803383365
13261,2.0765498362480517
13262,2.2166225291370147
13263,1.7380742440450803
13264,16.53449429053226
13265,7.639422585907172
13266,3.7378984012564294
13267,0.3254447433747244
13268,3.801841855464043
13269,1.5404125036342329
13270,1.6963924304291031
13271,1.28484493932092
13272,22.466708084611312
13273,10.560376707326192
13274,4.88518848198919
13275,0.4578937480771408
13276,4.885413499915423
13277,1.9291653492194845
13278,2.2572178153088873
13279,1.7228329278084298
13280,14.995759296788695
13281,6.540605308981737
13282,3.2133459308131913
13283,0.33547163090553034
13284,3.437645292810722
13285,1.3878815926659287
13286,1.4104570023855283
13287,1.1164578407372099
13288,15.975159696908687
13289,7.100242867750099
13290,3.4571678046967387
13291,0.32693809105300664
13292,3.726946079673525
13293,1.390129144462395
13294,1.6333087368333634
13295,1.2093443740971748
13296,32.30883761414535
13297,14.092333457983257
13298,6.863663173458439
13299,0.650890838601781
13300,7.429588995433741
13301,2.8401997362598714
13302,3.334046526791883
13303,2.4011490640344544
13304,16.695394589102776
13305,7.794894418483675
13306,3.6849629995254696
13307,0.3229519171507958
13308,3.7968112432399206
13309,1.5135970654550657
13310,1.7375951473139426
13311,1.2875555228469953
13312,36.68147749500428
13313,15.538370795733563
13314,7.715958340704594
13315,0.7253630752858296
13316,7.958051674172966
13317,3.088231883896378
13318,3.6534257895256625
13319,2.7662204271616604
13320,24.793188498505778
13321,11.37605337409777
13322,5.370445099028269
13323,0.4684159023451824
13324,5.5851050264003295
13325,2.2716668382821297
13326,2.548974752673008
13327,1.8192138331787835
13328,18.182635154063295
13329,8.362953605957946
13330,3.911371391569613
13331,0.35415236677459594
13332,4.021229358308189
13333,1.6192796651269072
13334,1.7754906622064592
13335,1.3695036380691195
13336,47.93187288486165
13337,21.308661067448323
13338,10.06104570884232
13339,0.8792116890826007
13340,10.50870102757201
13341,4.349273568764662
13342,4.7444976404595
13343,3.6055399165176616
13344,20.49563752685208
13345,9.562074785325168
13346,4.469928324833539
13347,0.4097451808818954
13348,4.691583904160829
13349,1.882427342108413
13350,2.0510511462734837
13351,1.5418895291599444
13352,26.571838668980966
13353,12.075426987376147
13354,5.505471287668694
13355,0.48693570248785767
13356,6.003718113183128
13357,2.3658555656495808
13358,2.5704567576365944
13359,1.9640397364982758
13360,30.771363654452824
13361,13.58268864965017
13362,6.464894957839177
13363,0.5901401906036806
13364,6.765835856944405
13365,2.727637230693553
13366,3.203758020412801
13367,2.2575079238529203
13368,23.19350156935482
13369,10.284622176078786
13370,4.781750340316086
13371,0.45046148609196934
13372,5.1980723206614385
13373,2.025165519015287
13374,2.235633722117734
13375,1.7624572271047283
13376,24.316246522627576
13377,11.240559640305133
13378,5.305535500654136
13379,0.471534996018013
13380,5.6665382355949445
13381,2.129093625115352
13382,2.5316870069748525
13383,1.8695731645726639
13384,16.03368377847823
13385,7.303827691404885
13386,3.5369965496015223
13387,0.3340247133875196
13388,3.746050845751781
13389,1.3696597233147478
13390,1.6504486211757312
13391,1.2048567648419064
13392,37.096676499359766
13393,17.1410441113266
13394,8.11258662996797
13395,0.7691110112829767
13396,8.125544434585848
13397,3.4080757563192736
13398,3.8308715383367082
13399,2.8267594158700264
13400,14.929255501597716
13401,6.697613792644535
13402,3.2437851821328287
13403,0.30124583370614544
13404,3.4270889968054052
13405,1.3491493131002774
13406,1.510070375080989
13407,1.1819787950259946
13408,16.58827078295455
13409,7.465827141509494
13410,3.7214068323969514
13411,0.32933053935870565
13412,3.779463499618931
13413,1.502303928046619
13414,1.713971921207824
13415,1.2985716589326968
13416,24.800981965799703
13417,11.13154036137873
13418,4.998303610159889
13419,0.4566968492506653
13420,5.571790264207956
13421,2.1937816753835286
13422,2.5066894716332824
13423,1.8889538215614856
13424,28.003379951039037
13425,12.957118782606914
13426,5.869104723132341
13427,0.49061839916059996
13428,6.362241829773047
13429,2.5615206632692202
13430,2.8912689270298215
13431,2.261343730391876
13432,18.99830714788402
13433,8.944774083384527
13434,3.9394868596917507
13435,0.355453222039545
13436,4.305916940432343
13437,1.7094549129923517
13438,1.9280879584110602
13439,1.4825632492513696
13440,20.41111140692229
13441,9.496821906395757
13442,4.503091701437685
13443,0.4172220723448996
13444,4.520987711466595
13445,1.8316225070292111
13446,2.0386813509274
13447,1.5843713317929913
13448,58.242158388000966
13449,27.060972389197374
13450,12.80859247630666
13451,1.1198327634631215
13452,13.561131746434919
13453,5.553562641146485
13454,6.063617656586342
13455,4.649847763470626
13456,16.989541207883466
13457,7.472843678855396
13458,3.748576023528117
13459,0.33665546774591615
13460,3.8422097422479307
13461,1.5239115304879756
13462,1.790616407549823
13463,1.2487800161680995
13464,17.55396282254483
13465,8.126781393073983
13466,4.898088203412122
13467,0.10511681573751523
13468,5.284810346781583
13469,2.0676363610300914
13470,2.546577170635569
13471,1.6522474261955469
13472,21.290878370530994
13473,9.279461856224431
13474,6.081597631954723
13475,0.142877837480396
13476,6.736728192554306
13477,2.4861478881074133
13478,2.924662363723107
13479,1.936689626914579
13480,19.067874107093765
13481,8.970615744460323
13482,5.365954714330054
13483,0.1216045631367153
13484,5.8678297652394145
13485,2.186994519255424
13486,2.7868232536573894
13487,1.7371333594883265
13488,17.986121589396134
13489,7.802347054506199
13490,5.1370284377504065
13491,0.09600654628712599
13492,5.260399848214386
13493,2.0021978138993237
13494,2.5212515635206882
13495,1.6190232966741869
13496,15.18341826417956
13497,6.925691651880914
13498,4.510061732686449
13499,0.08726274958654683
13500,4.867331820068715
13501,1.8286684338965655
13502,2.292232652643796
13503,1.4769421360252608
13504,17.95522775735357
13505,7.9487880958581
13506,5.079520153038033
13507,0.10061162900655019
13508,5.231011629033725
13509,1.877595889760141
13510,2.523106962988412
13511,1.5711625605545199
13512,17.541098514522268
13513,8.340869972706349
13514,4.965786682526276
13515,0.10611953924994143
13516,5.49298288962325
13517,2.046980585827681
13518,2.522523874401162
13519,1.6913523469545335
13520,25.49245425798953
13521,11.44514092442821
13522,6.8262312883814
13523,0.14647330361100358
13524,7.501635663026241
13525,2.7918759051924567
13526,3.3980361874101117
13527,2.2500170631012004
13528,28.893984360109055
13529,12.96572715595181
13530,7.690330692942579
13531,0.195400073197746
13532,8.683940952188735
13533,3.197263873028508
13534,4.1176770191415635
13535,2.6375836578699174
13536,14.833367784351317
13537,6.963558242945988
13538,4.227682531917059
13539,0.09089084163335162
13540,4.726488722339603
13541,1.7607927170867048
13542,2.129567937702106
13543,1.3819577331357922
13544,21.392957254653005
13545,9.435349476214915
13546,5.767280841977274
13547,0.14009035757356092
13548,6.384521957073288
13549,2.40908134356053
13550,2.9032208179066954
13551,1.950630672062548
13552,12.918404668437885
13553,5.655637256110039
13554,3.5200552788182655
13555,0.08883678503468513
13556,3.520972378395507
13557,1.4053041777983906
13558,1.7455728192552984
13559,1.1742668401064356
13560,15.3518512902989
13561,6.968435550837251
13562,4.446989143848693
13563,0.0770346455425515
13564,4.712172822403751
13565,1.7836116205637007
13566,2.2365018225406788
13567,1.440885838827039
13568,17.08153234631988
13569,7.88430481470067
13570,4.915755860341739
13571,0.09214729295797924
13572,5.118284750377849
13573,2.027815181824415
13574,2.4541068691765546
13575,1.6632918192918482
13576,19.842034700881932
13577,8.823833173452948
13578,5.606737696754961
13579,0.11914456590216049
13580,5.937234421320017
13581,2.177952473657073
13582,2.7377331119754147
13583,1.8645971913240083
13584,26.7934796774258
13585,12.245726212988787
13586,7.174799977743888
13587,0.17781649388010273
13588,8.083154560311922
13589,3.1333153119610246
13590,3.775910200635684
13591,2.506510787663611
13592,15.314964819641142
13593,7.140872245727969
13594,4.521006165763215
13595,0.07643827392218432
13596,4.852308949403049
13597,1.8168526269112408
13598,2.2172508652531073
13599,1.5335640910162303
13600,40.60837668116382
13601,18.445697904423024
13602,10.875830469926488
13603,0.25599257408810794
13604,12.596525318248018
13605,4.7399638366936765
13606,5.861226366289668
13607,3.7479584403609345
13608,20.28948820157934
13609,8.924878772808412
13610,5.447306091399913
13611,0.10571540752910374
13612,6.026052238634201
13613,2.1664612227155686
13614,2.6938215432306123
13615,1.775315977233694
13616,24.99872107244199
13617,11.903357149006633
13618,6.89142704724961
13619,0.14623258348796245
13620,7.47953609984359
13621,2.7748046173592007
13622,3.460164040157914
13623,2.2592010626328727
13624,38.31386532573762
13625,17.009229126117496
13626,10.256227281751334
13627,0.27659438869608416
13628,11.067035839308367
13629,4.345237523568018
13630,5.1072986694660045
13631,3.454318378243002
13632,34.35806771353465
13633,14.339696662231647
13634,9.262797546825444
13635,0.19080919480775463
13636,9.92664639484515
13637,3.5832594832853064
13638,4.427631904202492
13639,2.8253754430978253
13640,21.372601133231598
13641,9.118771450128591
13642,6.04195444115292
13643,0.1430847469406155
13644,6.107980431376453
13645,2.2789343568237515
13646,2.9066118914481267
13647,1.90390836479723
13648,15.123291084836081
13649,6.848412952998346
13650,4.190703402765899
13651,0.0873954789967953
13652,4.516696359784183
13653,1.7810117523505136
13654,2.132872894092334
13655,1.3331205696958441
13656,27.925615583741106
13657,12.207274416304012
13658,7.210641926168753
13659,0.1592540411140067
13660,8.227641838410694
13661,2.982388886787262
13662,3.925476733301842
13663,2.3961384981699037
13664,22.140117152132696
13665,9.824240926796659
13666,6.044542843245257
13667,0.12748649662621975
13668,6.3520227474661395
13669,2.4451644077262196
13670,2.9449701787055065
13671,1.9354477921393352
13672,15.935011374691415
13673,7.079669117833181
13674,4.474180994559759
13675,0.07790067632956868
13676,4.727837339265205
13677,1.8511058760764638
13678,2.1532061881481166
13679,1.3564507189751243
13680,21.37295573856634
13681,9.584367791478051
13682,5.910938491425816
13683,0.14067988356188083
13684,6.120767647933227
13685,2.3360958044724374
13686,2.897996672575875
13687,1.976348062397029
13688,14.215843619337086
13689,6.443196544799377
13690,3.906710463551131
13691,0.09191812075853506
13692,4.4834998969461415
13693,1.6048447867460294
13694,1.9597951938670983
13695,1.324440865972981
13696,14.9418518814997
13697,6.75306483528719
13698,4.200098076777987
13699,0.09006635754432739
13700,4.71850073287377
13701,1.6324586501891163
13702,2.0947751987157557
13703,1.3130619379299013
13704,31.03272244729658
13705,13.628993402789504
13706,8.475718858614034
13707,0.19105470887745504
13708,9.365867266785445
13709,3.388143234991864
13710,4.171054306199667
13711,2.743222504022057
13712,15.765867569693173
13713,7.159244916384058
13714,4.720214586920467
13715,0.07960315060292593
13716,4.9173465252062964
13717,1.7880693817617992
13718,2.285477198372404
13719,1.474226120177818
13720,35.34797774524165
13721,14.884452431099207
13722,9.357975949733783
13723,0.22758861659063742
13724,10.246105569691593
13725,3.7252405926897927
13726,4.763644472762679
13727,3.1030370139511074
13728,22.961849261783364
13729,10.096160600990189
13730,6.351702083201996
13731,0.14210086111965914
13732,6.930322226627667
13733,2.623092652977047
13734,3.221888941045681
13735,2.0997963578607224
13736,17.064132136184128
13737,7.481200498210025
13738,4.8316290008140115
13739,0.08979432000424024
13740,5.141410718114473
13741,2.0146936618441496
13742,2.3077640164174564
13743,1.5332952994331799
13744,44.18891421613624
13745,19.761022251835303
13746,11.986879170060918
13747,0.261870378361336
13748,13.149049594609819
13749,5.040817355155518
13750,6.295424072617232
13751,3.9758956405757075
13752,19.069102756966092
13753,9.118036492393188
13754,5.590238743319488
13755,0.1281417534952937
13756,5.965469545200186
13757,2.206485821663296
13758,2.7194258267398785
13759,1.7252575965468255
13760,24.48431053922081
13761,10.410712378623964
13762,6.604847549559947
13763,0.14220054111659267
13764,7.265597757514303
13765,2.7745115493782193
13766,3.3373309522646712
13767,2.167238934941159
13768,29.577630947702765
13769,12.510860202021814
13770,8.04352965141638
13771,0.18559710696567244
13772,8.80323187074507
13773,3.1818284276417743
13774,4.074380121542909
13775,2.5217591108324644
13776,21.5121695472613
13777,9.353833361677248
13778,6.030695285298643
13779,0.14173830759124137
13780,6.254847988973388
13781,2.4135422670231326
13782,2.9119132047336045
13783,1.9699225111168712
13784,23.876148296742635
13785,10.371772224161539
13786,6.374280347425297
13787,0.1491467338643359
13788,7.017963368224628
13789,2.4966734486782722
13790,3.247263458830324
13791,2.24567745258165
13792,14.80121809030081
13793,6.775718133673499
13794,4.284784122175519
13795,0.09365468182781106
13796,4.592364294227777
13797,1.6183180978499743
13798,2.0966570991223086
13799,1.3366480741082283
13800,34.914011499948074
13801,16.13936526258139
13802,9.78470303369395
13803,0.24008393189784158
13804,10.287671536633008
13805,3.92130808621786
13806,4.738116263890008
13807,3.311730558399105
13808,14.243456112917857
13809,6.506211258782341
13810,3.9168441428653193
13811,0.09176401673264604
13812,4.184057994101516
13813,1.50721053636081
13814,1.9156662044177053
13815,1.311855293091428
13816,15.461559695151797
13817,6.980041215577725
13818,4.6319413807634815
13819,0.09240192433526613
13820,4.732423373519882
13821,1.8300510226718054
13822,2.2789938856390153
13823,1.4050224317215947
13824,23.67681081840833
13825,10.604945040654734
13826,6.204417333464714
13827,0.1373293112063668
13828,6.939702695388685
13829,2.5788335105056652
13830,3.1856152685102805
13831,2.119655490891379
13832,26.101917643835876
13833,12.067457714217728
13834,7.053142573736205
13835,0.15171649953875954
13836,7.816429596428371
13837,3.0523657520862475
13838,3.6405621723153163
13839,2.491437002810663
13840,17.917451200876062
13841,8.021974825854928
13842,4.830851042939209
13843,0.09354559013131923
13844,5.381209451785045
13845,1.9384690996947176
13846,2.5106574366075813
13847,1.625753522023487
13848,19.48988451361241
13849,8.83160504697679
13850,5.459110834967511
13851,0.11309730924318728
13852,5.8284670410309865
13853,2.129613532358445
13854,2.6140713670085693
13855,1.7375011974561398
13856,56.19375892191317
13857,26.422257612498882
13858,15.45154379677818
13859,0.40723235169779637
13860,16.656854806994087
13861,6.44939840926705
13862,7.7465994302143155
13863,5.483592962226899
13864,15.368768760765482
13865,7.075132920593974
13866,4.572448229930307
13867,0.08638618248038493
13868,4.692758943315411
13869,1.8253524698682202
13870,2.2885309231757667
13871,1.5081575597104995
13872,19.02907153250255
13873,9.014354018446049
13874,4.505176682933134
13875,0.26081956188686456
13876,4.917467011564166
13877,1.9190063855950645
13878,2.1775009049146448
13879,1.5123780859386675
13880,22.849698480685092
13881,10.6579742181606
13882,5.378598118522984
13883,0.2542316292786915
13884,6.2825427346596925
13885,2.2992258164004875
13886,2.5200129131640843
13887,1.8172813200690707
13888,21.179933891537924
13889,9.759116334434127
13890,5.022490900190289
13891,0.23657241699931958
13892,5.38991694286402
13893,2.1294102709705554
13894,2.4446983230753023
13895,1.6954467176178676
13896,19.45309623014689
13897,8.763101829055099
13898,4.541953732389887
13899,0.2239519710751919
13900,4.850402203076416
13901,1.8315215582230675
13902,2.2396547405741503
13903,1.5619780303281452
13904,17.520228099815775
13905,7.808236271206133
13906,4.061502914836818
13907,0.2235398319609931
13908,4.421159206447884
13909,1.686369935492427
13910,1.9249414502908706
13911,1.3971062811266
13912,19.64009239869945
13913,8.842956206896899
13914,4.438935873714462
13915,0.2121353118707671
13916,5.082270202887971
13917,1.7645139189027645
13918,2.235594822511804
13919,1.536508501914998
13920,19.009723766093124
13921,9.087949960127524
13922,4.594931117984888
13923,0.22714754109825014
13924,5.037089481323195
13925,1.8736519094514528
13926,2.26022666732813
13927,1.5371802121336768
13928,27.351121518225828
13929,12.710729724101025
13930,6.1932896496482375
13931,0.28464314266644536
13932,6.909783835588084
13933,2.6121950899924586
13934,2.9615673347465203
13935,2.0461472261025695
13936,31.488500828441328
13937,14.101490032943735
13938,6.8104231605092425
13939,0.3331714934908994
13940,7.863651971989305
13941,3.044748268169277
13942,3.600781348870858
13943,2.559660297581346
13944,16.433355601068065
13945,7.808312870644945
13946,3.667125286809224
13947,0.18651136343577224
13948,4.334293089489342
13949,1.6577868378000093
13950,1.820534734676204
13951,1.3316334244428794
13952,23.3981510507968
13953,10.653658434788465
13954,5.371166017276874
13955,0.2862133536268176
13956,5.927066237701537
13957,2.269466860077645
13958,2.5554358072992724
13959,1.8536765670251094
13960,13.768080470383444
13961,6.274440405786611
13962,3.145399432581615
13963,0.20011211147335317
13964,3.3360654808963957
13965,1.2849561228571118
13966,1.4718073782640086
13967,1.0685037735764829
13968,16.99644326882769
13969,7.636662958669165
13970,3.9642177046907143
13971,0.23114619312542206
13972,4.4911396320484425
13973,1.6839421566620798
13974,1.8633241608113078
13975,1.3804544897093276
13976,18.874058723556573
13977,9.009886138565136
13978,4.468399976693371
13979,0.24071163657183806
13980,4.650895824803604
13981,1.8401948854352375
13982,2.102065906883222
13983,1.587116246951674
13984,21.185258474337562
13985,9.601203625836225
13986,4.931439253877217
13987,0.24278919217366518
13988,5.26014432403706
13989,2.006634050676349
13990,2.394615701187436
13991,1.7238814235732267
13992,29.318477266416767
13993,13.678705341850147
13994,6.674138314302571
13995,0.309442560563933
13996,7.444722911685003
13997,2.8597198856685675
13998,3.3561911230128585
13999,2.3202328498012843
14000,17.146780537039938
14001,7.7992895707946035
14002,4.051255561005789
14003,0.24106959589560625
14004,4.408542990877382
14005,1.652566353199499
14006,1.9170542195622327
14007,1.4170099699331171
14008,44.85486303935811
14009,19.595374158657144
14010,10.023056745137497
14011,0.5052647940764905
14012,11.515837458163006
14013,4.3979543881541945
14014,5.1544280364627415
14015,3.4521500434733863
14016,21.614948735919604
14017,10.000637764351312
14018,4.735389867195371
14019,0.2487029288245175
14020,5.244905109352409
14021,2.0152950515969614
14022,2.3677926223871184
14023,1.6993579773619032
14024,27.517387118244933
14025,12.42804853763179
14026,6.100403789303518
14027,0.2776216506900018
14028,6.926981137814278
14029,2.5912031653434573
14030,3.0417569706587253
14031,2.1124857198386997
14032,41.20611193399003
14033,19.372379213459404
14034,9.091625130451801
14035,0.46384963656684947
14036,10.434890349059575
14037,4.096005453951581
14038,4.448712684174867
14039,3.276436130520816
14040,36.06398833436025
14041,15.906672471958167
14042,8.558204257220874
14043,0.36745534869282437
14044,8.665975688669155
14045,3.361787274882056
14046,4.012266491896945
14047,2.6633230300949124
14048,23.69279898299674
14049,10.671288499061381
14050,5.370396182956146
14051,0.2598718566741568
14052,6.015848244647995
14053,2.1235752057488955
14054,2.5226241294970784
14055,1.7804446266202292
14056,16.37722908801953
14057,7.445962671323625
14058,3.8048308734306255
14059,0.204431369164352
14060,4.136184933309385
14061,1.6404480260162182
14062,1.8510282731926422
14063,1.2787493392785716
14064,29.62464106254327
14065,13.621699521097232
14066,6.787847996245434
14067,0.34076314287618176
14068,7.309543108694927
14069,2.7916133869888693
14070,3.380313797552855
14071,2.3738690410612104
14072,24.227419553464422
14073,10.853022695231097
14074,5.442888106727277
14075,0.2689310340871686
14076,5.946651531060706
14077,2.250334350252384
14078,2.5300922955825897
14079,1.8652285094170662
14080,17.523075942289427
14081,7.943572317876614
14082,4.02368747826895
14083,0.2115475963698365
14084,4.524311936475292
14085,1.6676504401587502
14086,1.9010466955163068
14087,1.3889949875269787
14088,23.446670529340114
14089,10.980674422215255
14090,5.405843992966072
14091,0.24443231830890294
14092,5.845984839131586
14093,2.14497375584178
14094,2.489044463876358
14095,1.8609656746558816
14096,15.713250528821787
14097,7.0547918560731295
14098,3.5124362503327893
14099,0.21507962839756206
14100,3.9450889579481556
14101,1.4688884281491124
14102,1.6514827767246016
14103,1.2526172832341302
14104,16.60614313242952
14105,7.589238814647007
14106,3.719902544634057
14107,0.21896348378514727
14108,4.226988756474175
14109,1.52270493157656
14110,1.7933957555699764
14111,1.259637847769489
14112,34.69458247789294
14113,15.257858369643646
14114,8.040053909958505
14115,0.3710847749643952
14116,8.53616619545139
14117,3.1601053616547117
14118,3.8487488742060516
14119,2.647540999893141
14120,17.317235367719643
14121,7.996993970155585
14122,4.060296599843308
14123,0.21214164107429548
14124,4.330403163233565
14125,1.7033318021705308
14126,2.0226088332835097
14127,1.4077170992332262
14128,37.67379477675692
14129,16.132306597318877
14130,8.514469204240063
14131,0.439165202190524
14132,9.276751781325585
14133,3.3470504426475873
14134,4.24532578785302
14135,2.9419126079871782
14136,25.519137737635578
14137,11.310291101363266
14138,5.681736771200025
14139,0.2872648680373082
14140,6.476408796745788
14141,2.427792459185221
14142,2.8362296890300427
14143,1.9217502831717612
14144,18.402820841989243
14145,8.657711496387552
14146,4.315124214801791
14147,0.22521239216029706
14148,4.7277406025508535
14149,1.7700816748198183
14150,2.0034630512218303
14151,1.3895445375656061
14152,48.04436189837552
14153,20.388770175703655
14154,10.59601079718631
14155,0.5385293592359173
14156,12.058096459896406
14157,4.675477646256996
14158,5.265037836556805
14159,3.7802979359683295
14160,21.22073984479537
14161,10.156473197338963
14162,5.076546414988063
14163,0.2337811833464113
14164,5.489553031480563
14165,2.1114427651475767
14166,2.363444909756821
14167,1.6744385210716588
14168,26.4865022082594
14169,12.001552715805472
14170,6.20764381303701
14171,0.2985747177884334
14172,6.677461471465345
14173,2.5820018066498456
14174,2.997568243642384
14175,2.0540848449070963
14176,31.33093255516238
14177,14.410844511729092
14178,7.241910624271862
14179,0.34451871963090247
14180,7.64298911386139
14181,2.962641240553377
14182,3.4984841932261355
14183,2.412332541259308
14184,24.180696323651702
14185,10.60437135999429
14186,5.3884988757675325
14187,0.258021940534586
14188,5.994947751794161
14189,2.2198259522164507
14190,2.6547138992797445
14191,1.9059014185752503
14192,25.92187417085786
14193,11.82361286061683
14194,5.773442822712641
14195,0.30430964594432597
14196,6.458733804137828
14197,2.3450357604448206
14198,2.815402716606453
14199,2.07731029188102
14200,16.738439675616647
14201,7.29777324259208
14202,3.783111070765099
14203,0.23548215347950513
14204,4.063713776687593
14205,1.49670458140923
14206,1.8526253969384323
14207,1.2893302557594282
14208,38.68784902499761
14209,17.619904552025094
14210,8.89861045115709
14211,0.4383966850775457
14212,9.652895351039032
14213,3.651679599724863
14214,4.206717142840494
14215,3.121146878981111
14216,15.418758594260597
14217,7.018409062070292
14218,3.5284085587589287
14219,0.19527435869727633
14220,3.7872643729675923
14221,1.440664484671125
14222,1.649126954077839
14223,1.2315348084424786
14224,17.135200005281995
14225,7.705681405311911
14226,4.002566715286162
14227,0.22298936526954935
14228,4.545747398054141
14229,1.7005945192094187
14230,1.9484631843024423
14231,1.379332048100025
14232,26.061890572462662
14233,11.31864357398462
14234,5.671715063934711
14235,0.2833081440465808
14236,6.517034195839639
14237,2.4250988813691805
14238,2.815967324250883
14239,1.984731709574055
14240,29.11181498957574
14241,13.083066444140456
14242,6.4251377066621815
14243,0.2999034599740141
14244,7.353834426028002
14245,2.7761145568979844
14246,3.3536847593660153
14247,2.431480302141973
14248,19.265900106418734
14249,8.783490623776624
14250,4.487601195278439
14251,0.20850225780699305
14252,5.025987805427764
14253,1.8109389802793234
14254,2.1854696319742537
14255,1.498663210859131
14256,22.184964336756313
14257,9.893679287407345
14258,4.979966294873776
14259,0.23291119323380455
14260,5.318463960442355
14261,2.1346822627529853
14262,2.2897100182159305
14263,1.6986566928096425
14264,59.48015171581927
14265,27.906734584993327
14266,14.226225951899643
14267,0.7168838820323611
14268,15.182351013785599
14269,6.023699184760266
14270,7.1240028735267575
14271,5.090878220325235
14272,17.30711740746444
14273,7.767162014939153
14274,4.03987663852189
14275,0.23495529287734343
14276,4.425600152103516
14277,1.6835287148179934
14278,2.0040657696199875
14279,1.3991832996791964
14280,18.39395448517127
14281,8.466315864394904
14282,4.442132605265483
14283,0.14000728584564673
14284,5.1602566885280945
14285,1.8622087871059385
14286,2.1697838619364465
14287,1.5307856099702695
14288,21.645029871622175
14289,9.864770575731418
14290,5.19259974181318
14291,0.17928719989263178
14292,6.244678829628054
14293,2.300949403192693
14294,2.585045206801499
14295,1.7980947843368114
14296,20.128909142720385
14297,9.11493183074396
14298,4.71336521649454
14299,0.15117757566683718
14300,5.3917992863052415
14301,2.075065100636787
14302,2.3753296402718833
14303,1.6492212369912145
14304,18.685677743960554
14305,8.202145421729929
14306,4.521299008961794
14307,0.16097072964200454
14308,4.869964585441204
14309,1.8146311825611772
14310,2.1792756954573873
14311,1.4649738323265247
14312,16.021939107885625
14313,7.4787795786796005
14314,4.184854289158335
14315,0.1238752518346042
14316,4.599178669917676
14317,1.6426883418130305
14318,1.9404743724682691
14319,1.3703034414241522
14320,18.484739538103515
14321,8.254446886589916
14322,4.563201688570094
14323,0.14518773822020978
14324,4.92681514606677
14325,1.689955684687358
14326,2.1290325770429988
14327,1.426159754845088
14328,18.032019364246835
14329,8.444602308226937
14330,4.408302744075236
14331,0.1356189744605111
14332,5.060411765501201
14333,1.826144639826042
14334,2.1605157442951413
14335,1.527852783993154
14336,26.621052656406576
14337,11.724931416037851
14338,6.202289200101822
14339,0.23940543312779455
14340,7.076030247649733
14341,2.5540997884459964
14342,3.005249047211845
14343,2.1058990038803054
14344,29.78720843562001
14345,13.471283701607842
14346,6.753367130985768
14347,0.2514741025986562
14348,7.848433462218848
14349,2.8616186711402603
14350,3.595228350013954
14351,2.4023295436197425
14352,15.883650407080431
14353,7.46843344972347
14354,3.7921612887662657
14355,0.1171467541300184
14356,4.336900605629247
14357,1.6242019041529974
14358,1.8200279014533833
14359,1.284950152616206
14360,21.937604289951814
14361,9.762466685125833
14362,5.211585394963364
14363,0.17790602088773266
14364,5.920971363812603
14365,2.1204040089281637
14366,2.5234357108635437
14367,1.8318779799869138
14368,13.656845774320564
14369,5.92936159662021
14370,3.19785400507529
14371,0.09372689466226039
14372,3.2514051197959524
14373,1.2506914822240633
14374,1.46425660507315
14375,1.0794923609427989
14376,16.12378373927029
14377,7.227073793574053
14378,4.109821436212171
14379,0.09797352887941718
14380,4.541747941763795
14381,1.6566788411338287
14382,1.8853645682938465
14383,1.3270483287917312
14384,18.42558658584555
14385,8.459123615294395
14386,4.491979884791695
14387,0.14677451935776684
14388,4.754783113259118
14389,1.7995388590467472
14390,2.136950896225025
14391,1.5834052090550248
14392,20.48136578306549
14393,9.059402650931652
14394,5.015021291981776
14395,0.149104653113311
14396,5.312475405351581
14397,1.9637082674984476
14398,2.376999944233045
14399,1.6848233354320166
14400,28.155842554727393
14401,12.494300769163887
14402,6.653599434040313
14403,0.25981479818148745
14404,7.3247150930472396
14405,2.783133486929235
14406,3.3337096847892127
14407,2.269553912945773
14408,15.68697502581869
14409,7.535053079471216
14410,4.071198314243098
14411,0.1170865580932368
14412,4.5060509212366275
14413,1.6512367966739063
14414,1.9497711110632805
14415,1.3961569495998254
14416,42.66034670631355
14417,19.34335414494225
14418,9.823083064386708
14419,0.36015634474143654
14420,11.535707603986422
14421,4.309127476622669
14422,5.054069232354072
14423,3.3928601423584386
14424,20.788664935918078
14425,9.00528175853942
14426,4.705213218993367
14427,0.1455142615041015
14428,5.347120583708494
14429,1.9534842599201487
14430,2.2763442740041553
14431,1.6758680046984973
14432,25.8707627588721
14433,12.110957353955694
14434,6.0776742485091715
14435,0.21829236156070672
14436,7.000335755449697
14437,2.4752732565657425
14438,3.0921913753075927
14439,2.1028520372775534
14440,38.625478792140484
14441,17.526517039136905
14442,8.840523828940619
14443,0.34572921444285715
14444,10.079690517971567
14445,3.9499573465236026
14446,4.397127418865249
14447,3.086324286045939
14448,34.79347753523874
14449,14.749998641461996
14450,8.257137488659213
14451,0.299000040172628
14452,8.606945217519947
14453,3.3188804453093073
14454,3.8559241241137725
14455,2.5474356682309933
14456,22.112579436943303
14457,9.519874598301858
14458,5.120066969017724
14459,0.17204181529024046
14460,5.598801856381274
14461,2.0713674737794623
14462,2.4741058097123263
14463,1.7436326690460804
14464,15.328270136527848
14465,7.078000615914482
14466,3.643211111659975
14467,0.11427717872591811
14468,4.21402898341325
14469,1.6156649047334204
14470,1.8267245264168306
14471,1.2235913151758837
14472,28.42762866841576
14473,12.294012932302142
14474,6.345055884550497
14475,0.24371499739443048
14476,7.249943980220973
14477,2.736810623204559
14478,3.3669840112745493
14479,2.299637715146586
14480,22.377748757919587
14481,10.015254685705289
14482,5.415879774038317
14483,0.17638888706471642
14484,5.851623606626155
14485,2.224355562471491
14486,2.514383817583003
14487,1.826521419252294
14488,16.408136264938328
14489,7.538390230413892
14490,4.014893764625942
14491,0.10910580610711457
14492,4.405246999365589
14493,1.645215499743923
14494,1.8918846710119976
14495,1.2888657017842526
14496,22.28556890218253
14497,10.598229584150603
14498,5.302437317969902
14499,0.16943677758535072
14500,5.81712072631881
14501,2.1012701638022566
14502,2.4852836052216105
14503,1.7828764647280586
14504,15.047512916421597
14505,6.886479749003695
14506,3.4572848990535556
14507,0.09294001735981627
14508,4.1191156244187335
14509,1.4712915154352082
14510,1.6931572757519349
14511,1.1839477042535316
14512,15.41238336852106
14513,7.121809547364209
14514,3.7554600584678486
14515,0.11873723854872528
14516,4.313001875355827
14517,1.596984092756593
14518,1.7852566085985628
14519,1.2437851267807114
14520,32.59878552814958
14521,14.298512740940918
14522,7.559519257425966
14523,0.28687293768740824
14524,8.30727266514268
14525,3.140272518324603
14526,3.722200386880412
14527,2.507224334219522
14528,16.639697831879996
14529,7.489882576029119
14530,3.973885251079853
14531,0.11645407645131715
14532,4.59538564378989
14533,1.660181030778834
14534,1.9295260670487755
14535,1.2910402533153502
14536,36.0928268607749
14537,15.064509691378214
14538,8.3639990027183
14539,0.2977120217456767
14540,9.072563778948254
14541,3.290597717860251
14542,4.068794425585206
14543,2.7970562616059684
14544,24.010873893421202
14545,11.049308341650582
14546,5.832719422042325
14547,0.20323443260826524
14548,6.53853407397135
14549,2.4031287201464906
14550,2.7401286063275423
14551,1.931489043161282
14552,17.2720320235608
14553,8.060771864427457
14554,4.402455036632249
14555,0.1313425882772793
14556,4.830844370607373
14557,1.7280462024316843
14558,2.022699387688962
14559,1.4090115747491816
14560,46.402279062723835
14561,21.325074628511732
14562,10.81605568405671
14563,0.3437860393605132
14564,12.476593962927343
14565,4.613777385933086
14566,5.480343325315025
14567,3.696717839102641
14568,19.991859737521533
14569,9.1528511233164
14570,5.028892514658723
14571,0.14136325094421703
14572,5.414410924939328
14573,1.977741176397517
14574,2.230865847700402
14575,1.6310159245140912
14576,25.556606556161913
14577,11.664117611022954
14578,5.895223014833314
14579,0.23667597882660565
14580,6.572386255100717
14581,2.5112739399675887
14582,3.010131398572884
14583,2.0733563547502136
14584,29.620741508857954
14585,12.912809325703298
14586,7.104783842512677
14587,0.23612749831438218
14588,7.79562292436767
14589,2.915453025341065
14590,3.4369812244672517
14591,2.3814706434973414
14592,22.711552301315102
14593,9.747885309127401
14594,5.197979378467324
14595,0.1804778341447612
14596,6.044119365625558
14597,2.1863626302767716
14598,2.5554054823752246
14599,1.8203805625292433
14600,24.234681125311766
14601,11.088958846196952
14602,5.732428236236886
14603,0.18094405885260847
14604,6.302123400396563
14605,2.3023466292686714
14606,2.7806649919103457
14607,1.986142068866027
14608,15.752384976943265
14609,7.135613830933484
14610,3.81922936054408
14611,0.11693081389673085
14612,4.3290780483175535
14613,1.4663699251236684
14614,1.835429372323931
14615,1.2506639375460467
14616,37.45094987768222
14617,17.142417358546307
14618,8.48074285688426
14619,0.3161529615273176
14620,9.630640059594013
14621,3.6250213043195325
14622,4.123588799878027
14623,3.0835959762163747
14624,14.495285456832994
14625,6.557702894898135
14626,3.4383009766362664
14627,0.09930233137323372
14628,3.9236647551336805
14629,1.381087715504555
14630,1.6717913191405187
14631,1.1767146663016554
14632,16.081449998610008
14633,7.29666319308849
14634,4.038338546453502
14635,0.12033641663249481
14636,4.516464965265395
14637,1.6716540349138798
14638,1.9051206139657808
14639,1.3475095745932426
14640,24.30110423267483
14641,11.125352645676218
14642,5.446373278712061
14643,0.19658583674998295
14644,6.37221102943988
14645,2.4001941589346285
14646,2.766183408166243
14647,2.03335925231892
14648,27.611771514233652
14649,12.301989326297036
14650,6.335601632418748
14651,0.23708253063404874
14652,7.140769109742947
14653,2.7776232783963337
14654,3.254544343839915
14655,2.3687569327625555
14656,18.216200507742432
14657,8.41581950306233
14658,4.2849314050516565
14659,0.1558646679212058
14660,4.897709635527526
14661,1.8101155832514775
14662,2.1801318835038885
14663,1.540950093241121
14664,20.578708425035437
14665,8.971624082179138
14666,4.875599885746294
14667,0.1541291292757074
14668,5.204388485533671
14669,2.0137278249894823
14670,2.244300939731041
14671,1.616733173855474
14672,56.77637372719137
14673,27.314552466785756
14674,13.948850449758199
14675,0.5230762373826862
14676,15.626030911565847
14677,6.0702636757932
14678,6.8845556554730365
14679,4.965094334435575
14680,16.44273541586042
14681,7.3712989816475485
14682,4.081642679790314
14683,0.10862292704184896
14684,4.380959242667255
14685,1.6692962701731295
14686,1.9733392261139884
14687,1.2766751107589962
14688,18.861103172204366
14689,8.822742795523336
14690,3.9472777707813043
14691,0.6715616648667626
14692,3.818466666516246
14693,1.6715321070042948
14694,1.8490449641122386
14695,1.3806482410211816
14696,22.712221447191205
14697,10.36754300571073
14698,4.776463695182885
14699,0.7632788851908422
14700,4.831165825435909
14701,1.9910203505019433
14702,2.134057812827992
14703,1.6568966463279078
14704,20.82446285777844
14705,9.334871754756204
14706,4.404360228754655
14707,0.7171406401576712
14708,4.0816605409834406
14709,1.8461480171063378
14710,2.0475071321847103
14711,1.5456737585847677
14712,19.318770288483304
14713,8.586570292126407
14714,3.981003405899529
14715,0.6637422590128195
14716,3.7482216551235368
14717,1.599330190421601
14718,1.8966886480337695
14719,1.4179985686125387
14720,17.430814354380754
14721,7.675631711489999
14722,3.54840034662506
14723,0.654114564559299
14724,3.4870166631707056
14725,1.4832187718023735
14726,1.6481688206682854
14727,1.2949218464136414
14728,19.14679416794737
14729,8.52990167513871
14730,3.811661714809633
14731,0.6005151608391365
14732,3.9187636798520975
14733,1.5251283691404234
14734,1.8706716710774047
14735,1.3734438432294644
14736,18.80386388460327
14737,8.919408461020675
14738,4.050070848418105
14739,0.6726598747662769
14740,3.857247259717137
14741,1.6287394254948775
14742,1.9119279233887083
14743,1.3977954802418668
14744,27.12074730209457
14745,12.599003475347008
14746,5.4056712526179655
14747,0.8894523481343128
14748,5.39905693287319
14749,2.284309501967602
14750,2.520942762577092
14751,1.8948351770616167
14752,31.55736533241961
14753,14.207985733703804
14754,6.21714972546887
14755,0.9981019504553911
14756,6.1584467299576735
14757,2.672410383011306
14758,3.0622274953981132
14759,2.367346264509011
14760,16.26506780416176
14761,7.500210253185883
14762,3.1128995658861447
14763,0.5819768695292559
14764,3.3681357841317796
14765,1.4534955264338474
14766,1.5529792690461548
14767,1.224998138931749
14768,22.923369858556395
14769,10.278249919975133
14770,4.725692536847847
14771,0.7971416410085552
14772,4.540922515449054
14773,1.9493360515243534
14774,2.1383916719432476
14775,1.6706861984019103
14776,13.65972548278553
14777,5.9297640166774555
14778,2.7043032912531815
14779,0.5481539809190007
14780,2.6860072859412685
14781,1.1289733175525722
14782,1.2642612400970545
14783,1.0041393621740486
14784,16.74144670894805
14785,7.343903253132451
14786,3.4557039313711675
14787,0.6228991508371959
14788,3.5371201376078143
14789,1.4764824380468489
14790,1.6115880125101678
14791,1.260283066050426
14792,18.625392620627295
14793,8.763803892168339
14794,3.881190379158463
14795,0.6623121046151137
14796,3.5620496335047376
14797,1.5996372293974483
14798,1.7829301169409097
14799,1.434612419618861
14800,21.004757772481867
14801,9.48217029889267
14802,4.44588403778359
14803,0.7229002988249548
14804,4.063280078238935
14805,1.7670560397283235
14806,2.033168589717472
14807,1.589265511661305
14808,28.993264718806124
14809,13.551751286648562
14810,5.95019576634417
14811,0.9168308317408219
14812,5.770880251692647
14813,2.476405174019549
14814,2.815202232893684
14815,2.1013186381971902
14816,16.689283388619696
14817,7.369730587353258
14818,3.462432673354583
14819,0.6210632223170773
14820,3.4107509757878667
14821,1.4449827111195848
14822,1.6190217838547099
14823,1.2790792764760168
14824,44.50672296176033
14825,19.41371162413483
14826,9.114828916264939
14827,1.3499269231628477
14828,9.127497346210522
14829,3.8440682145160983
14830,4.2939268139215265
14831,3.1735663855298126
14832,21.4360333439577
14833,9.7349477971498
14834,4.169409198879403
14835,0.7100378942511644
14836,4.040356077542526
14837,1.75888611645008
14838,1.9935036082563202
14839,1.5423030972759302
14840,27.433287643154543
14841,12.388583538240368
14842,5.4895402381867395
14843,0.8183846508849112
14844,5.500837792540734
14845,2.280057781713415
14846,2.578961689925372
14847,1.955403586656778
14848,40.223917650942326
14849,19.030527650220414
14850,7.948295946884722
14851,1.2530773233719592
14852,8.22919807911261
14853,3.573059456104121
14854,3.695467828558564
14855,2.9908666111108926
14856,35.22589667508093
14857,15.45578108736273
14858,7.282387284756957
14859,1.0456366028921829
14860,6.688033655435194
14861,2.9189144164119227
14862,3.287988735434743
14863,2.4291185253992618
14864,23.302965727215486
14865,10.356931140313575
14866,4.719724986814974
14867,0.7834509483206166
14868,4.570059891119825
14869,1.839822282232897
14870,2.111570752609217
14871,1.6211405887468362
14872,15.936547190738528
14873,7.085732570797336
14874,3.2414427716232246
14875,0.5838362915149456
14876,3.2073947156535283
14877,1.4292320555640758
14878,1.5700706829685092
14879,1.1543631088077737
14880,29.598661386176197
14881,13.402280719347857
14882,6.114978267035929
14883,0.9549949009085389
14884,5.619382620304739
14885,2.416874445671821
14886,2.8112054528669614
14887,2.1405873449671984
14888,24.07006498327086
14889,10.607927285561999
14890,4.658183188106694
14891,0.7745180652948679
14892,4.580433897980514
14893,1.9410349842437804
14894,2.1266254524689816
14895,1.690178413835235
14896,17.079294435929857
14897,7.577201709050418
14898,3.424316986195418
14899,0.5997973991983956
14900,3.5056228252049553
14901,1.4555006767054004
14902,1.6025977895617964
14903,1.2500905330866832
14904,22.867474187788055
14905,10.589606270908046
14906,4.707049580404576
14907,0.7546729492007815
14908,4.433706031100935
14909,1.8406108467365523
14910,2.078386983594074
14911,1.6655230840716193
14912,15.282588844941865
14913,6.684137241386839
14914,3.0203513100518338
14915,0.5700510848603878
14916,3.0741502335013906
14917,1.294932177653777
14918,1.4136593277961318
14919,1.1178849019109836
14920,15.849724458606648
14921,7.140596998774438
14922,3.1471188243922614
14923,0.5822072860308177
14924,3.250778234884723
14925,1.3035295238886004
14926,1.5109223194308015
14927,1.1417507035219134
14928,33.81821035970836
14929,14.822019336254828
14930,6.858405464228771
14931,1.0405635246472826
14932,6.64925346727221
14933,2.7413228583438514
14934,3.206266849911991
14935,2.43934093251149
14936,17.158694597661672
14937,7.755208713421271
14938,3.52285011326925
14939,0.624230033112302
14940,3.3784979134215325
14941,1.482739928248613
14942,1.7199709041415796
14943,1.283594895613682
14944,36.89620904978168
14945,15.872450715450656
14946,7.655908933886929
14947,1.2107396850623702
14948,7.257152356764307
14949,2.8861999769905333
14950,3.495928807608809
14951,2.6672893284700163
14952,25.162733574520892
14953,11.066809770230467
14954,5.017543791331949
14955,0.7576123072707655
14956,4.9889442116339895
14957,2.0886994215826067
14958,2.378003736575861
14959,1.747482524596068
14960,18.18050319369709
14961,8.514552029288888
14962,3.783886055213424
14963,0.6442504097036207
14964,3.6391506348180855
14965,1.5594844697279475
14966,1.7148564804737123
14967,1.2977852464334658
14968,47.69163489853086
14969,20.198619058230154
14970,9.393738684879832
14971,1.4233241673125627
14972,9.545445201016603
14973,4.068668244524169
14974,4.367368299062387
14975,3.4679847475856245
14976,20.843534768085124
14977,9.813549801575322
14978,4.404091932883809
14979,0.7028493721316166
14980,4.155846059246611
14981,1.8185180691132983
14982,1.9790584708281955
14983,1.5159046114985255
14984,25.678093195048728
14985,11.653130179562428
14986,5.438857932265824
14987,0.833040847550429
14988,5.085670812424661
14989,2.21439035094854
14990,2.4720565653197344
14991,1.8616113250964217
14992,31.16540424295047
14993,14.308528784077874
14994,6.692897879432718
14995,0.9192800517058407
14996,6.044457437983444
14997,2.612421567821341
14998,2.9758328468105635
14999,2.224011274352252
15000,23.7679734039506
15001,10.265023105991256
15002,4.630261688904161
15003,0.766767766255665
15004,4.53422184073093
15005,1.8988673924490356
15006,2.2196583875585243
15007,1.7002040315108733
15008,25.494164054622463
15009,11.532638885694462
15010,5.087459852544049
15011,0.8423835200849308
15012,4.962062258552433
15013,2.010699710041351
15014,2.352172852161408
15015,1.8837501569494708
15016,16.350708129514018
15017,7.074785035883589
15018,3.229692863005773
15019,0.6108679539451345
15020,3.160648395138669
15021,1.29694011622154
15022,1.5582703226330168
15023,1.16552411945261
15024,38.409668619664096
15025,17.44859257658819
15026,7.995615362177801
15027,1.1936585249866154
15028,7.744039257559309
15029,3.18033924090662
15030,3.471605027029586
15031,2.85275480809723
15032,15.2616777202905
15033,6.79273532178138
15034,3.064386660807399
15035,0.5773955027368187
15036,2.965421676840328
15037,1.2703247363372043
15038,1.4353344583283199
15039,1.1327931137143787
15040,16.900065204439088
15041,7.48709858862998
15042,3.4406593177916727
15043,0.6093657138143521
15044,3.515414416113311
15045,1.4756200865975355
15046,1.6577226029929857
15047,1.2491964202827492
15048,25.486900497373078
15049,10.953581146432514
15050,4.842282166342417
15051,0.8856786511315742
15052,4.9364337391015445
15053,2.0603399228684305
15054,2.336044361928664
15055,1.7976198454999124
15056,28.55534059366731
15057,12.77608015524576
15058,5.677665858517379
15059,0.8748503427742225
15060,5.682355550336177
15061,2.3885521422866485
15062,2.832067584384662
15063,2.201366771977627
15064,19.01450372898751
15065,8.599657007389876
15066,3.926808718394554
15067,0.6175361362969815
15068,3.9210144155457276
15069,1.5899362257189658
15070,1.8494687818960878
15071,1.368754045976669
15072,21.54979660902223
15073,9.581563478047306
15074,4.337406962202953
15075,0.6812466443306968
15076,4.049078224378003
15077,1.8253688538194377
15078,1.909295162588009
15079,1.5245314930080835
15080,59.70989444546485
15081,27.51978059245455
15082,12.854309507262498
15083,1.7854043603560859
15084,12.1133204780653
15085,5.325644511696732
15086,5.900447275944595
15087,4.732589670363043
15088,16.920020088179083
15089,7.461426460825252
15090,3.4404862476389764
15091,0.6173857520799048
15092,3.4302435720424427
15093,1.448220276673582
15094,1.682444504161838
15095,1.2605932192483253
15096,17.407028993581196
15097,7.796406295715482
15098,5.066897901101661
15099,0.12548909056417903
15100,5.574852744249442
15101,2.0875194384799136
15102,2.5706208771795573
15103,1.6838061415704637
15104,20.84106321081239
15105,9.425376540945107
15106,5.963786031138951
15107,0.14521201905803116
15108,6.820374916106766
15109,2.575904554863552
15110,3.067536744887295
15111,1.9805208441708748
15112,19.29125225934626
15113,8.68937999310698
15114,5.419374079266405
15115,0.11832498287150386
15116,5.935199940246919
15117,2.321891486614174
15118,2.8073359873852834
15119,1.819486606164141
15120,17.68603453259367
15121,7.452177950157232
15122,5.110115466111849
15123,0.12502745459279183
15124,5.24656650752643
15125,2.0104263813628407
15126,2.551684180568477
15127,1.5910112408565555
15128,14.971224581862645
15129,6.676504505433415
15130,4.735005125136531
15131,0.09936481125379983
15132,4.952845922634514
15133,1.8167610121468556
15134,2.2660644718689236
15135,1.4967563125820853
15136,17.3596333678449
15137,7.604692648918477
15138,5.180351930986408
15139,0.10537705579416322
15140,5.330865719591619
15141,1.8597302838499024
15142,2.4748317218984983
15143,1.5474987966328748
15144,17.377082784763793
15145,7.983559329695806
15146,5.063984436614338
15147,0.10686294249522282
15148,5.528907380666223
15149,2.0435142139592974
15150,2.563098118262583
15151,1.6727956405390232
15152,25.27839217762574
15153,10.948202484721568
15154,7.0857228214392665
15155,0.1840990107008702
15156,7.614482240167288
15157,2.803407600337481
15158,3.4757108211079353
15159,2.2886857157861047
15160,29.454691553909175
15161,13.023126066263295
15162,7.779331948810399
15163,0.1871694516376816
15164,8.603001256782115
15165,3.217212861335919
15166,4.264424011012968
15167,2.6440628353598457
15168,14.890504031318585
15169,6.925474061056211
15170,4.319202259822248
15171,0.09788557452991513
15172,4.637328786157052
15173,1.8063514043628484
15174,2.1308181522310226
15175,1.4193592129377806
15176,21.257141646408574
15177,9.320972001375452
15178,5.960576002520123
15179,0.14395476929654363
15180,6.4453703077401805
15181,2.3804283182935912
15182,2.9854987985114807
15183,2.0107503209548923
15184,12.87903395362593
15185,5.331330508551355
15186,3.6276094930822516
15187,0.10657643623003264
15188,3.5107915467280706
15189,1.4032261278329026
15190,1.741061237937001
15191,1.1802939667160537
15192,15.222325026951278
15193,6.658685516928612
15194,4.688394958229645
15195,0.08600729318515482
15196,4.999421137545676
15197,1.8829589229952797
15198,2.248472456723657
15199,1.4849668935997646
15200,17.269894243987398
15201,7.786643745941464
15202,5.094912089136273
15203,0.11310319817938506
15204,5.161712198079196
15205,1.9877559013797943
15206,2.502713458343447
15207,1.7140243459012248
15208,19.796967217474478
15209,8.54732932503133
15210,5.796857361817687
15211,0.1196426418587037
15212,5.813079270445159
15213,2.2108166530981985
15214,2.831343434996705
15215,1.8533682796029485
15216,27.479149380933993
15217,12.210816766594784
15218,7.745182055448303
15219,0.19017632232008058
15220,8.204662794275187
15221,3.1619826196987204
15222,3.9868276804402076
15223,2.524625570176423
15224,14.936238907552879
15225,6.996401762583381
15226,4.671155522977139
15227,0.10004994385370362
15228,4.932483401085672
15229,1.8658120018944981
15230,2.3227413992176995
15231,1.5384503341035443
15232,41.46662257768768
15233,18.36813642696084
15234,11.17693949670482
15235,0.28256675391665503
15236,12.570492520969827
15237,4.833749752948908
15238,5.95050003960565
15239,3.7101505576460037
15240,20.143747798846352
15241,8.61653555123798
15242,5.4102686507597895
15243,0.11474170574362169
15244,5.863196919958331
15245,2.192747915508234
15246,2.7087298804069238
15247,1.8427093488491118
15248,24.797910209431876
15249,11.680391151238517
15250,7.030974637201078
15251,0.15825102180541262
15252,7.719993560834256
15253,2.76251827034494
15254,3.664842561794848
15255,2.3020304898527915
15256,38.85346624699859
15257,16.999405158662423
15258,10.469955367833693
15259,0.2825531527304191
15260,11.40503093684156
15261,4.5185761519074195
15262,5.288661312815171
15263,3.4471379632144146
15264,33.80464881016863
15265,14.326638118574587
15266,9.599203152250693
15267,0.19690207532367535
15268,9.54897155587438
15269,3.716012604293347
15270,4.540108787959367
15271,2.7806167818783196
15272,21.00183355598934
15273,9.038377603638754
15274,5.9116578959968775
15275,0.1454297228619318
15276,6.197782823698326
15277,2.352959816940078
15278,2.9705555413022444
15279,1.9528595148444556
15280,14.916204444706889
15281,6.57052732613184
15282,4.188117625607454
15283,0.09537269699428924
15284,4.57360692664615
15285,1.8129315968727655
15286,2.154464667125128
15287,1.3471517694866102
15288,27.38364785925604
15289,11.933096555285383
15290,7.276413653571195
15291,0.18437030328914097
15292,8.02858623100665
15293,3.0773579026796765
15294,3.9834315170727774
15295,2.5445879330457237
15296,21.668377334328166
15297,9.60859100774021
15298,6.187937374590666
15299,0.14589007432747159
15300,6.429354430121541
15301,2.5080825550219727
15302,3.0004505666039734
15303,2.0261562987117228
15304,15.25908120966655
15305,6.836198163378166
15306,4.561958292900584
15307,0.08243931031715342
15308,4.7333272729220575
15309,1.8298028190222198
15310,2.2149303782200507
15311,1.407663144802485
15312,21.497618805090045
15313,10.117672273844208
15314,6.138985920374539
15315,0.14398177385095828
15316,6.407349087241529
15317,2.3883075020975393
15318,2.9696086682007734
15319,1.9977261725789857
15320,14.35957027125905
15321,6.223581048964123
15322,3.9454500261420318
15323,0.07347273780710417
15324,4.440344248291529
15325,1.6459111640366655
15326,1.9948352691511027
15327,1.2834631018415785
15328,14.72282808578596
15329,6.712377550253289
15330,4.286405555389424
15331,0.10009283580896919
15332,4.641529050328375
15333,1.7859792566278971
15334,2.1141121856321803
15335,1.3547890329866514
15336,31.10207910054487
15337,13.721597087201834
15338,8.697200349651242
15339,0.19999831874325374
15340,9.045878655318113
15341,3.5134008030373067
15342,4.386827338209247
15343,2.734914528799997
15344,16.101513667137148
15345,6.998309340284688
15346,4.5821341282313774
15347,0.10401441313487957
15348,5.028397896164557
15349,1.869182832517677
15350,2.294110117115203
15351,1.4302460848034433
15352,34.63748754097451
15353,14.096812464995567
15354,9.24856057337569
15355,0.21555359290219453
15356,9.705583942134842
15357,3.6306335782204897
15358,4.715748890154327
15359,3.040665166602536
15360,23.191438200107523
15361,10.363477861946702
15362,6.671340219413154
15363,0.14586990124901603
15364,7.142803058699734
15365,2.658911052608585
15366,3.227735706745988
15367,2.101069093342339
15368,16.605177174731995
15369,7.463762734592839
15370,4.991310212303318
15371,0.10183726022161478
15372,5.226924851473291
15373,1.9182592599629777
15374,2.3617766402059317
15375,1.5393725469980184
15376,43.85051720993313
15377,19.659287525153726
15378,12.17819270301647
15379,0.27587525259231305
15380,13.330261459092068
15381,5.159629255204513
15382,6.421057784126558
15383,4.066846261961456
15384,19.510629683880474
15385,8.872006789995483
15386,5.812267390351857
15387,0.1249384412807082
15388,5.996190764313581
15389,2.2498285036728523
15390,2.6985957635785254
15391,1.8213764470150664
15392,23.946060624613892
15393,10.722854302526674
15394,6.639881526916395
15395,0.16495565418677943
15396,7.083282082783802
15397,2.740158893535768
15398,3.468355779372922
15399,2.2177367791348788
15400,29.098720237672538
15401,12.551407761371815
15402,8.211518578695877
15403,0.17382402810471523
15404,8.575158241505529
15405,3.2734360562550595
15406,4.0827450612325
15407,2.6074317581815936
15408,21.71104388272493
15409,9.300179303512174
15410,5.9707571551179015
15411,0.1456350421040426
15412,6.658243958468591
15413,2.4459497932637033
15414,3.017131581398177
15415,2.0041311466983656
15416,23.46739895451393
15417,10.583898574035867
15418,6.594165986255289
15419,0.15353455544747188
15420,6.880561737091656
15421,2.614946482904036
15422,3.3299445210760776
15423,2.215072222648493
15424,14.829960191138639
15425,6.685158806361945
15426,4.295989307659834
15427,0.09255430706055465
15428,4.639600981338169
15429,1.6268406583515114
15430,2.1393529730391463
15431,1.3473972344790746
15432,36.49840791621563
15433,16.456052805565708
15434,9.616576713397638
15435,0.2195814636257731
15436,10.619752897988993
15437,4.031070747302737
15438,4.847425091655621
15439,3.3630874320120507
15440,13.918600661147815
15441,6.075119122202464
15442,3.991208892786591
15443,0.09352938482228389
15444,4.320045372893372
15445,1.5753574360492473
15446,2.017307934863593
15447,1.2939233696223378
15448,14.932542542129374
15449,6.667857300866393
15450,4.593394934748782
15451,0.09224569924872847
15452,4.883462490522938
15453,1.8586662069870161
15454,2.234391896680904
15455,1.4792261351666365
15456,23.915740897945742
15457,10.635703874311579
15458,6.243976724341931
15459,0.1487251084065842
15460,6.967769945323299
15461,2.6696465348661893
15462,3.2480486010647938
15463,2.220565844384163
15464,26.238911314403875
15465,11.742001548606506
15466,7.303547784371552
15467,0.16941098207325403
15468,7.812594685445163
15469,3.0857852180850354
15470,3.8347245422155187
15471,2.5784100294570886
15472,17.40312801993978
15473,7.699087538175971
15474,4.872028859496543
15475,0.10466214525735343
15476,5.264055416599521
15477,1.9896125677958953
15478,2.557429014141635
15479,1.6560716170144842
15480,19.489604746473713
15481,8.549834424307807
15482,5.6055579726412885
15483,0.12431994783115437
15484,5.754040498586817
15485,2.276412195890095
15486,2.6977083783609603
15487,1.7878539213507707
15488,54.39123164018794
15489,26.183921301202208
15490,15.970453315891803
15491,0.44173926970634586
15492,16.78582960601276
15493,6.759771376022316
15494,8.094232005200595
15495,5.395538947741911
15496,15.2916408324249
15497,6.660056724914365
15498,4.638755281194708
15499,0.08360066825579435
15500,4.76798679166009
15501,1.8576725438253114
15502,2.320787364429253
15503,1.399279117068955
15504,18.962658556367252
15505,9.042086881042179
15506,4.200606981271186
15507,0.41718317240479347
15508,4.459041526368504
15509,1.7812439734487104
15510,1.990468955959011
15511,1.5005075049980583
15512,22.89291127968255
15513,10.35243738908818
15514,4.968684547153874
15515,0.46900384709284554
15516,5.5824085913943655
15517,2.2186417132604146
15518,2.416538356045679
15519,1.7739493317680541
15520,21.04470094952099
15521,9.652785718031692
15522,4.538566555966474
15523,0.4111809369232026
15524,4.851118773393841
15525,2.0039778534834394
15526,2.2399773733366097
15527,1.634129797978163
15528,19.62122826265709
15529,8.699700784725337
15530,4.313882153906846
15531,0.3863103606369616
15532,4.4242689488618865
15533,1.7182586477480626
15534,2.0562829784465637
15535,1.4091066368471272
15536,16.532822931236066
15537,7.7199703070039245
15538,3.901527996026873
15539,0.3440402358630868
15540,4.004203724502452
15541,1.5510886408441134
15542,1.7848893397025047
15543,1.324496845361819
15544,19.190232946159977
15545,8.684820181844133
15546,4.296814708417903
15547,0.3557840786241547
15548,4.438483213720288
15549,1.6275308492474234
15550,2.003537496417479
15551,1.406130798173073
15552,18.733398447633007
15553,8.989359238583658
15554,4.164177380886634
15555,0.3692169998378196
15556,4.497628960042653
15557,1.7529330428526944
15558,2.0068671270235274
15559,1.499740843940628
15560,27.300921570589995
15561,12.071897664768908
15562,5.833494694796898
15563,0.5612643693474356
15564,6.298715160296101
15565,2.452777591440092
15566,2.783371715529443
15567,2.0741763856142224
15568,30.915295437675415
15569,13.957468674853613
15570,6.453875563431648
15571,0.5865716131764543
15572,6.9600184044491265
15573,2.7437715564655156
15574,3.2922302787998925
15575,2.3502052062269865
15576,16.14618729482811
15577,7.7921760793466
15578,3.526379424274821
15579,0.33223078001481815
15580,3.825215167081504
15581,1.549087289253745
15582,1.6805846103335969
15583,1.2754612659754716
15584,23.156298577475074
15585,10.262013464044276
15586,4.993661787402063
15587,0.4716198053867176
15588,5.281588469668486
15589,2.0565978992000598
15590,2.373442115274581
15591,1.8042073229079867
15592,13.855236546139025
15593,6.187660108497416
15594,3.0033448650821386
15595,0.331754558615654
15596,2.9520056499180596
15597,1.2319999982881449
15598,1.3604326203030588
15599,1.0775977448896332
15600,16.664367960336982
15601,7.5790636236832105
15602,3.8831239553692845
15603,0.35192125719430156
15604,3.9532824601048016
15605,1.5847848531509203
15606,1.753457015504012
15607,1.3141597713081792
15608,19.149315473041725
15609,8.936093008227942
15610,4.221637771404553
15611,0.3926822132046206
15612,4.1591464571716035
15613,1.7050302971507987
15614,1.9658925986623035
15615,1.5253486081787082
15616,21.459326305411317
15617,9.608575175883443
15618,4.8153976771553335
15619,0.412235872044384
15620,4.784178021911385
15621,1.8901060267911176
15622,2.2123777301777667
15623,1.6570350427317642
15624,29.04173884434597
15625,13.040753685229031
15626,6.431163588639458
15627,0.595348411206614
15628,6.552402834495207
15629,2.7055701926010847
15630,3.102106285054817
15631,2.2469411617878636
15632,16.306814631669926
15633,7.92694979137332
15634,3.8142302563600796
15635,0.3666968467798166
15636,3.9144861753726596
15637,1.5687708442415937
15638,1.8002723735316108
15639,1.355549902521384
15640,44.23671033189302
15641,19.765100594960753
15642,9.312274964589292
15643,0.8901610398645813
15644,9.942870143641594
15645,4.099835109915118
15646,4.595430090439688
15647,3.32648986024119
15648,22.02438620542007
15649,9.668972547769242
15650,4.4765497329461095
15651,0.4229043262770288
15652,4.821263252373121
15653,1.892933322945648
15654,2.133290027961575
15655,1.6540172963936823
15656,26.500886275647115
15657,12.60190858833269
15658,5.816697283028766
15659,0.5387787660173268
15660,6.209815348907989
15661,2.3798869954591066
15662,2.858494845284546
15663,2.072898991324189
15664,40.34032243505486
15665,18.281757374539293
15666,8.4951746899644
15667,0.8479308301052001
15668,9.095038823081643
15669,3.8728050126440223
15670,4.137218476593996
15671,3.1420036045172792
15672,36.46496552065852
15673,15.48722610408667
15674,7.862380534978759
15675,0.7062121654850925
15676,7.750883658277415
15677,3.220745581916473
15678,3.56462356548126
15679,2.5230827393684874
15680,22.967842683817164
15681,10.052551138334868
15682,4.938489607884147
15683,0.46216382966401937
15684,5.143446612031355
15685,2.017090737727852
15686,2.328474438963456
15687,1.7388384440926603
15688,16.375780342952673
15689,7.478309301471042
15690,3.420954513219565
15691,0.3581764616538708
15692,3.720303911648318
15693,1.5516371600466778
15694,1.7055179144326509
15695,1.2239718427016837
15696,29.199652138085245
15697,12.889302931092327
15698,6.1238617361446686
15699,0.5768822864686259
15700,6.520172170286114
15701,2.654953168998564
15702,3.1362877777532905
15703,2.2853003457979977
15704,23.710778040544664
15705,10.51445429754335
15706,5.14354585040147
15707,0.46509212333968447
15708,5.218888558533845
15709,2.1611429891566676
15710,2.359287744347121
15711,1.8068645103104055
15712,16.961988854924073
15713,7.748074779289065
15714,3.738005177943837
15715,0.34545689662811424
15716,3.874919642823888
15717,1.565706623109877
15718,1.756011807473242
15719,1.2662879913156604
15720,23.36185126095695
15721,11.110380039859535
15722,5.053898950636526
15723,0.4580513584440491
15724,5.2529533058372655
15725,2.044280450359761
15726,2.3432750293550058
15727,1.7697994578269072
15728,15.686507118714493
15729,7.2377997218914905
15730,3.22260594522814
15731,0.3481019301971516
15732,3.510398363728336
15733,1.3928653211782245
15734,1.5529176615738607
15735,1.1484572369456316
15736,16.163731657957815
15737,7.465805726453658
15738,3.5319180697607826
15739,0.3513998965931501
15740,3.742072884707982
15741,1.5139117414860295
15742,1.6499298918906602
15743,1.2226534044836463
15744,33.972787061983794
15745,14.91145379693708
15746,7.206934179942082
15747,0.6920898651247285
15748,7.453196640993112
15749,3.0483000806204945
15750,3.4152910034728747
15751,2.4890782289778253
15752,17.594674837874017
15753,7.859877744280733
15754,3.7363594888983838
15755,0.35891442277913227
15756,4.022571283755555
15757,1.5839086455447506
15758,1.795214750707006
15759,1.2739446222900992
15760,38.471891124014824
15761,15.454770423832247
15762,7.9803281195400135
15763,0.7169560230800437
15764,7.943307017564506
15765,3.1389521120566823
15766,3.738926153657712
15767,2.7179531980305858
15768,25.34728799141995
15769,11.647534944944713
15770,5.650877056812241
15771,0.4981218692126847
15772,5.889169224441256
15773,2.3229499944838885
15774,2.5798047358142573
15775,1.8952878276219962
15776,18.137094850125017
15777,8.459706020776727
15778,4.1538984227683216
15779,0.3633894093627764
15780,4.230431096028602
15781,1.6361997123786451
15782,1.8753706154573193
15783,1.369543168338538
15784,48.52895715688844
15785,21.371113347586096
15786,10.275092179177092
15787,0.8820661719391857
15788,10.65350969001243
15789,4.44370479690914
15790,5.013970799487682
15791,3.62518803299355
15792,21.17400096785469
15793,9.850149097073267
15794,4.836450971612001
15795,0.40019630463853606
15796,4.893571680046674
15797,1.9175033637356305
15798,2.107812429906766
15799,1.6260625860153441
15800,26.472629845539718
15801,12.006981138703791
15802,5.5508251547530465
15803,0.5524927487304063
15804,5.9325655941685165
15805,2.412246443499519
15806,2.8041295972990765
15807,2.037933382152389
15808,30.59072233901238
15809,13.608247534403326
15810,6.942615128164338
15811,0.57984279375011
15812,7.030466892197441
15813,2.8428900008170883
15814,3.2296361363598822
15815,2.3767397027866415
15816,23.62099277471338
15817,10.228498757325536
15818,4.926717943547031
15819,0.4520025318692389
15820,5.3966865083665345
15821,2.0851153182140365
15822,2.3641678739218728
15823,1.7749655215094784
15824,25.62935109880646
15825,11.757669523637935
15826,5.552297737624344
15827,0.5044581816635102
15828,5.743307161351943
15829,2.2600158289995322
15830,2.6256459405983197
15831,1.9873158709258687
15832,16.12611350632504
15833,7.496279652886618
15834,3.59190287962942
15835,0.3767712618634441
15836,3.752183010470077
15837,1.4139276793913667
15838,1.706556279689947
15839,1.2467376502808063
15840,39.151755124665534
15841,17.820842918392135
15842,8.237696252004085
15843,0.7586539078845608
15844,8.520132379177282
15845,3.486457874292638
15846,3.7607566450809706
15847,3.0490044381914454
15848,15.184724701007815
15849,6.901428959695331
15850,3.267763971279932
15851,0.3249195505354422
15852,3.4991273149226108
15853,1.3430494768375878
15854,1.5711731015744506
15855,1.1757984720109624
15856,16.786113538938114
15857,7.747589117343636
15858,3.7529890039924556
15859,0.3558192934955171
15860,3.9158652668052127
15861,1.587906153406029
15862,1.7693172105905726
15863,1.31893523783292
15864,25.23586585880918
15865,11.615373127553257
15866,5.196377143483715
15867,0.49612121163899087
15868,5.706144588769328
15869,2.3033730726017723
15870,2.568571850193882
15871,1.98952028366385
15872,28.00804730815399
15873,12.748673097863502
15874,6.078478237005236
15875,0.5514884208030627
15876,6.352253550380346
15877,2.662894974251737
15878,3.046898796351764
15879,2.312719965804782
15880,19.27130247918836
15881,8.88951855870021
15882,4.071387457051626
15883,0.3544543832812362
15884,4.336152445428669
15885,1.7219921057319612
15886,2.0207202401969804
15887,1.4950441995020638
15888,21.35565041324902
15889,9.616995244084478
15890,4.710862961690174
15891,0.4221635893345511
15892,4.709668170873071
15893,1.954019858198098
15894,2.1181163729229064
15895,1.6076318815196393
15896,58.70881054585911
15897,27.93510336262047
15898,13.506860736512055
15899,1.1470563700508076
15900,13.56105229630834
15901,5.866725476069608
15902,6.3705629609562315
15903,4.855599743776569
15904,17.385628950360754
15905,7.7417259314774
15906,3.819191911367883
15907,0.3631374409757164
15908,3.831501758980386
15909,1.5960810737547182
15910,1.8332225610876074
15911,1.25684955790117
15912,18.88893407340249
15913,8.798316556956218
15914,3.9756788220126875
15915,0.45556769408667414
15916,4.128958369297474
15917,1.7233659216019999
15918,1.9530028709916427
15919,1.4632233269336
15920,22.069206795035665
15921,9.767890269166719
15922,4.86183996031066
15923,0.500403353398148
15924,5.170975019784271
15925,2.0215786455730753
15926,2.174929361890324
15927,1.6380153360970704
15928,19.656034721712
15929,9.272328570578683
15930,4.248719646686625
15931,0.4368453643036986
15932,4.494040134464661
15933,1.7732478678415797
15934,2.092982415564258
15935,1.4724642183890937
15936,18.91613308862603
15937,8.211580856325414
15938,4.102455017972268
15939,0.4279852934623614
15940,4.083021620067344
15941,1.6187891666149559
15942,1.9164823783985843
15943,1.3943476191701862
15944,16.409055773438954
15945,7.353807017717165
15946,3.5761406657636727
15947,0.39807962858952073
15948,3.8288299532265806
15949,1.4987925652646257
15950,1.714371158785033
15951,1.2631921834331372
15952,18.99099764664143
15953,8.375431645786813
15954,4.021824960234692
15955,0.40611240987775665
15956,4.134509741943053
15957,1.535078835276384
15958,1.9164447919264778
15959,1.3445163876842787
15960,18.26070123277003
15961,8.750459438171411
15962,3.951941324332038
15963,0.4467544943830436
15964,4.239911018497763
15965,1.651680857222765
15966,1.8959641139831351
15967,1.4477668968876767
15968,27.156450798168393
15969,12.228220741221367
15970,5.592868766489451
15971,0.5811806904220397
15972,5.950611722196971
15973,2.3364167976560823
15974,2.619084059970548
15975,1.98411527336218
15976,30.16212507769125
15977,13.590600978020957
15978,6.268052615435836
15979,0.6382408682705087
15980,6.847655103857885
15981,2.6286557071987016
15982,3.1134868847038426
15983,2.255743192850092
15984,15.683962372942732
15985,7.300094466885897
15986,3.3091158351637984
15987,0.3751197433045401
15988,3.7375788581469207
15989,1.4484514865434082
15990,1.605155238897181
15991,1.1968150391237098
15992,22.120438205152425
15993,9.944934307013073
15994,4.636625707594733
15995,0.5083356185042925
15996,4.898314566108227
15997,1.973047165546371
15998,2.183713691369401
15999,1.6578478697789698
16000,13.825201002865354
16001,6.002065623402526
16002,2.8974371689919325
16003,0.3536339726314718
16004,2.9685564842427987
16005,1.1660105064351112
16006,1.3210467364711045
16007,1.0243149078661653
16008,16.104927614687217
16009,7.192542249338124
16010,3.5324480410240318
16011,0.3993722463203956
16012,3.6628661368141926
16013,1.4752318162924662
16014,1.6972124283139194
16015,1.2704344570263526
16016,18.467910985154628
16017,8.476631866805219
16018,3.9337230923401028
16019,0.4250902744835051
16020,3.9957541868083783
16021,1.6424795063125879
16022,1.8475810460580848
16023,1.4253062523569946
16024,20.79363145316137
16025,9.31511083394755
16026,4.512263077286633
16027,0.46781248214823146
16028,4.5684716856217245
16029,1.7890103459919906
16030,2.0702088961017857
16031,1.60194803081263
16032,27.53233610969017
16033,12.789757188525371
16034,5.7768402525786176
16035,0.6189426341239281
16036,6.319234804252413
16037,2.5676772356065447
16038,2.8556969584128025
16039,2.1405834404754773
16040,15.822238298740848
16041,7.409677187843932
16042,3.53256952587738
16043,0.3916207679335056
16044,3.780677558789042
16045,1.4998513152865949
16046,1.662266067962227
16047,1.31568572123511
16048,43.02465669038257
16049,19.433792858917666
16050,9.184696387386772
16051,0.9955760887945572
16052,9.772162169220888
16053,3.871065649082861
16054,4.434104148856051
16055,3.246476964568429
16056,20.502251052269763
16057,9.202624976699665
16058,4.236720247475022
16059,0.44922455924046845
16060,4.563592898942021
16061,1.761530917395803
16062,2.014868437038057
16063,1.5272565668207767
16064,25.557245067810747
16065,12.374706230186161
16066,5.627472621047465
16067,0.5582164660864821
16068,5.822838613969644
16069,2.295684623944231
16070,2.640917879733198
16071,1.9798605008709476
16072,39.39261215416903
16073,17.690439613071593
16074,8.306282000773724
16075,0.8990299421187556
16076,8.527677252742906
16077,3.530121276067751
16078,3.8398789594531504
16079,2.964118902679826
16080,35.60892349852578
16081,15.053058226633794
16082,7.325996173977929
16083,0.773302865981601
16084,7.555001430180539
16085,2.961099901734099
16086,3.3619725467609736
16087,2.4512468992959517
16088,22.315852782696474
16089,9.7274128230327
16090,4.895253037771206
16091,0.5046526910077366
16092,4.757842013537993
16093,1.8679581025809369
16094,2.1905105822350275
16095,1.6314512863086854
16096,15.798313370546213
16097,7.094026363678085
16098,3.276231275793575
16099,0.3977344472556944
16100,3.5383021866667774
16101,1.4792873928646435
16102,1.6186293177801945
16103,1.1894157532512515
16104,28.937291819596165
16105,12.8439470355056
16106,5.894344861326612
16107,0.593919706298813
16108,6.42917889059276
16109,2.4554078373604877
16110,3.0187717161781484
16111,2.0674371424400095
16112,22.8548415972866
16113,10.259391745423788
16114,4.786893476873918
16115,0.49358137989750367
16116,4.87735834887756
16117,1.9753887822680836
16118,2.2093623600376633
16119,1.631931836996159
16120,16.929884484153085
16121,7.418484615785224
16122,3.5364298539392216
16123,0.3920808917516706
16124,3.7246568632034163
16125,1.535826423981113
16126,1.6698323871850973
16127,1.2269933576686514
16128,22.450222885798265
16129,10.229246858494465
16130,4.781679254927324
16131,0.5058275002199617
16132,4.742704042624299
16133,1.9160611275597297
16134,2.187290144834227
16135,1.6948783024013132
16136,15.191644815831479
16137,6.738142250081284
16138,3.0754820300565897
16139,0.3956412570804175
16140,3.484100815995895
16141,1.3148708216575729
16142,1.511274982867573
16143,1.1622562606629137
16144,15.77280259192393
16145,7.01551106012157
16146,3.308408290152874
16147,0.39493408437437216
16148,3.698278948341471
16149,1.3424171872918342
16150,1.584987270520199
16151,1.1785246364744402
16152,31.88832387273747
16153,14.070369227927126
16154,6.742832666985493
16155,0.7119647380749089
16156,7.166240648291515
16157,2.8204679989046584
16158,3.229529176599325
16159,2.393705293145721
16160,16.810028990095425
16161,7.570680692336181
16162,3.7278085624812447
16163,0.40318058404565127
16164,3.830075754968061
16165,1.4804720105411635
16166,1.731526774327419
16167,1.2818284304689878
16168,35.69298181387605
16169,15.501657352961194
16170,7.6726319307131154
16171,0.8003072105950717
16172,7.596541392678005
16173,3.0350440251629283
16174,3.5689886613836053
16175,2.635015074343079
16176,24.17195628925522
16177,10.751540379622657
16178,5.179557574532161
16179,0.5264585179535174
16180,5.430700701767356
16181,2.1490214666143372
16182,2.4519601008770158
16183,1.8020335963511456
16184,18.034120759255856
16185,7.860782050054214
16186,3.855508407913012
16187,0.4228159492646078
16188,4.0005122411851035
16189,1.6274831374651604
16190,1.75612032134972
16191,1.3164598180081895
16192,46.93413146405859
16193,20.82725698741047
16194,10.079416924501855
16195,1.0007921169017333
16196,10.249849656926127
16197,4.077910037427614
16198,4.817005058983566
16199,3.4142714651002644
16200,19.899528181476
16201,9.54757461594234
16202,4.445429476655382
16203,0.45688371255487203
16204,4.618355288619214
16205,1.8047136940092408
16206,2.040539890710032
16207,1.4709080189642576
16208,25.86451957248245
16209,11.034318776591908
16210,5.311395749303205
16211,0.5217571018929974
16212,5.728469296158164
16213,2.2698028354643465
16214,2.5444161638877616
16215,1.857608249665135
16216,30.4201665442025
16217,12.888055987050548
16218,6.506607432522617
16219,0.6455306167748165
16220,6.843333518792192
16221,2.6114903208215074
16222,3.1267481833863457
16223,2.1674445033365184
16224,22.619259949553026
16225,9.883127883173813
16226,4.852402513146212
16227,0.5064796750704355
16228,4.902467391252564
16229,1.9814298251997675
16230,2.2172029308479435
16231,1.689369414081149
16232,24.251424145848176
16233,10.779292267189913
16234,5.115448858390689
16235,0.5285497877760449
16236,5.399052210654058
16237,2.0487538995938985
16238,2.448999078983884
16239,1.9189817404759317
16240,15.661524363195749
16241,7.083665765970936
16242,3.396411531205607
16243,0.40386006941607994
16244,3.593055271066768
16245,1.3457948147068828
16246,1.618983349452338
16247,1.1983487822612302
16248,35.69683933640221
16249,16.80913758813745
16250,8.03998661261297
16251,0.8608194046454881
16252,8.032071326248492
16253,3.219083674895651
16254,3.5724705694120327
16255,2.8787728136759725
16256,14.801655228530164
16257,6.689166290070424
16258,3.0358502383743398
16259,0.36648852424266143
16260,3.2346064807955868
16261,1.2382071803164654
16262,1.4425379873032627
16263,1.1521843804052034
16264,16.220537361296213
16265,7.259054598325748
16266,3.6642065918523468
16267,0.41496432271037337
16268,3.6788760169227483
16269,1.5147784642285511
16270,1.7248776502443859
16271,1.2411903796602612
16272,24.666349183059396
16273,11.109110641571784
16274,4.965702444655036
16275,0.5295221610396404
16276,5.399384553194607
16277,2.104630783933229
16278,2.4024159691776363
16279,1.8097906603963403
16280,27.176752478745023
16281,12.743415658146882
16282,5.749322375273086
16283,0.5804317549016889
16284,6.008555612101124
16285,2.5426758782918197
16286,2.8174213328264104
16287,2.1661679159974976
16288,19.138549327672877
16289,8.53796051609558
16290,3.882705679780981
16291,0.3727062035401949
16292,4.2743822495843755
16293,1.5621995264717152
16294,1.9195854835287407
16295,1.3700328426841075
16296,20.30319365886734
16297,9.451701437484498
16298,4.408657882764221
16299,0.4682728235444934
16300,4.532917920293286
16301,1.7542156210330433
16302,1.9945830813901932
16303,1.4985126447420236
16304,59.19867540182718
16305,27.506290883709998
16306,13.028987516196628
16307,1.2431454388258114
16308,12.964530299242188
16309,5.3054905566391
16310,5.9032785894469555
16311,4.643497585150766
16312,16.3146699954863
16313,7.370388311733075
16314,3.6218397038546972
16315,0.4131632674698336
16316,3.676904186361868
16317,1.5097070558387224
16318,1.735462270626264
16319,1.2967389680196644
16320,18.24315057999063
16321,8.449023818713638
16322,4.610778316954253
16323,0.12094759712867123
16324,5.1620936716295915
16325,1.9959646745647015
16326,2.38373148216933
16327,1.6185531182864352
16328,22.21572502751268
16329,9.712351247388447
16330,5.638642084961557
16331,0.14982397110854323
16332,6.472286360041378
16333,2.36490621448664
16334,2.683991521837896
16335,1.8776931423087904
16336,19.80784230702432
16337,9.35706421398587
16338,5.00479645949058
16339,0.13533028698198132
16340,5.668119570330124
16341,2.089282485091841
16342,2.5962482495526302
16343,1.6944024571154856
16344,18.707825177188543
16345,8.167731022696552
16346,4.761510701900253
16347,0.11487690172308564
16348,5.069089163534181
16349,1.9127595175243808
16350,2.3321007521058967
16351,1.5701301988427947
16352,16.180627531556485
16353,7.4506841736960645
16354,4.221444894818068
16355,0.10070061336673028
16356,4.715816620748004
16357,1.753628073204303
16358,2.129633407900176
16359,1.4368628890095174
16360,18.86426932509961
16361,8.391440061087035
16362,4.718882451933055
16363,0.11354046922422756
16364,5.084770298030312
16365,1.7851229264243984
16366,2.328298603138289
16367,1.5151064348056102
16368,18.202655307996956
16369,8.723312783179212
16370,4.614769372740385
16371,0.12625464263560077
16372,5.303198375965549
16373,1.957783744539619
16374,2.329334524377361
16375,1.6434141946426952
16376,26.682288876032207
16377,12.026960346835166
16378,6.428872520402041
16379,0.1815175218893861
16380,7.251093805981713
16381,2.6760880844756247
16382,3.1429761478047364
16383,2.1852162049660886
16384,30.022103779377797
16385,13.64596311662527
16386,7.2539449938325715
16387,0.21931896161074552
16388,8.409620342003114
16389,3.060557628652353
16390,3.8443130791980846
16391,2.5589338692774435
16392,15.663959576265038
16393,7.449966124731048
16394,3.943605080676329
16395,0.10505350242120404
16396,4.567714770486318
16397,1.694427262028846
16398,1.978622465392824
16399,1.3427331271550693
16400,22.189199051093468
16401,9.754556213408675
16402,5.343505539780197
16403,0.15998172194888308
16404,6.14656634973992
16405,2.3012861708242585
16406,2.6857674757237557
16407,1.9023127057852867
16408,13.778513078531315
16409,6.0593834541288585
16410,3.3712698115538338
16411,0.10490742319319545
16412,3.3253569946454293
16413,1.3413765579507457
16414,1.603220139494028
16415,1.1301104541562124
16416,16.082776752901424
16417,7.3368717104582375
16418,4.184164078941761
16419,0.09378878348077214
16420,4.574108820197156
16421,1.7057042309845842
16422,2.076622551563745
16423,1.397962146667053
16424,18.120709834315807
16425,8.375431157445863
16426,4.565216583242622
16427,0.11460411214824405
16428,4.931036580375916
16429,1.9399805681160178
16430,2.2651332226543017
16431,1.6123359747495556
16432,20.662911994407278
16433,9.257182608630734
16434,5.2057794683503875
16435,0.13487888497440734
16436,5.721657160400795
16437,2.071453841668076
16438,2.5097262010899364
16439,1.8084182272145652
16440,27.232088222038566
16441,12.707659030264338
16442,6.6942821055937225
16443,0.20404533663605953
16444,7.761554122899702
16445,2.969613218435824
16446,3.493202096542079
16447,2.4100187001496804
16448,15.927055512551
16449,7.518975519741199
16450,4.204666633861651
16451,0.08639309834431062
16452,4.678639225938705
16453,1.7267438121944334
16454,2.04351928512353
16455,1.4776131088605722
16456,42.99263625308098
16457,19.498691942957834
16458,10.265298460945447
16459,0.2986078319944491
16460,12.09412920397971
16461,4.537416298800808
16462,5.481961490045775
16463,3.664195512107691
16464,20.750064946769847
16465,9.33523592176529
16466,5.037008565359969
16467,0.12536771616978382
16468,5.794058012357736
16469,2.069973908647928
16470,2.476515068915792
16471,1.7321756761084801
16472,25.748171604926142
16473,12.358991463723973
16474,6.420714376414961
16475,0.1694405411752278
16476,7.194181274233097
16477,2.6321310437612304
16478,3.184099924480485
16479,2.1871167927940864
16480,39.22489001194815
16481,17.702314009596837
16482,9.596856565780158
16483,0.31854819203642915
16484,10.698572859223479
16485,4.135200807750966
16486,4.760607769445662
16487,3.361468880353771
16488,35.16922500362004
16489,14.780109954226049
16490,8.712764653961232
16491,0.23451998469436297
16492,9.662488083687936
16493,3.407228730562466
16494,4.103287439913977
16495,2.7276573872769068
16496,22.324051027324003
16497,9.607763663692136
16498,5.674815198766624
16499,0.16080236112692314
16500,5.9085646861167636
16501,2.17715480606147
16502,2.6927367199668817
16503,1.8533250185905668
16504,15.706424254800478
16505,7.172663502098151
16506,3.9068834060558504
16507,0.09940792203194965
16508,4.365022094535365
16509,1.6983114423669923
16510,1.9733060386095684
16511,1.2949408195030543
16512,28.71302289675826
16513,12.821838363349183
16514,6.77015798573557
16515,0.19429134952902674
16516,7.906351630162637
16517,2.841810937313226
16518,3.6507561550519516
16519,2.318257101361694
16520,22.9318899014204
16521,10.19358053495638
16522,5.615133752584889
16523,0.14404034292767745
16524,6.102716256511257
16525,2.320916659030428
16526,2.7126394856654774
16527,1.8776016864767493
16528,16.541905861511157
16529,7.4193060446271355
16530,4.182437254293337
16531,0.0938743527333009
16532,4.5760968855496325
16533,1.774094648891826
16534,2.0098957199449674
16535,1.3181127955053047
16536,22.27748196899698
16537,10.016824334503154
16538,5.4873942948371255
16539,0.14970015465851938
16540,5.884385782478768
16541,2.2018383030854936
16542,2.662945160300772
16543,1.899725265833161
16544,14.949834856787287
16545,6.7360408689280735
16546,3.6477897622144666
16547,0.09601354862304201
16548,4.312334896933934
16549,1.5363460116638155
16550,1.8350821973249016
16551,1.2863022171258975
16552,15.558786186506431
16553,7.096710088119027
16554,3.940459584741537
16555,0.09919062234656643
16556,4.547549276346636
16557,1.5587626036503874
16558,1.9388548012917552
16559,1.2793021010384462
16560,32.73522375219814
16561,14.303922205285323
16562,7.966171252748765
16563,0.21828019555034686
16564,8.96495137425148
16565,3.2522318348642147
16566,3.923022921466032
16567,2.6589224243835816
16568,16.649941214739652
16569,7.68200512866541
16570,4.3976398076429595
16571,0.08757248858210157
16572,4.758817680485355
16573,1.6957967008339203
16574,2.1084833071798323
16575,1.4204760909046008
16576,36.21095034231008
16577,15.502820785591847
16578,8.702473529635963
16579,0.2573625781011176
16580,9.777676780681475
16581,3.5421722336732895
16582,4.385215120918363
16583,3.009460803128998
16584,24.16587947401945
16585,10.639198299468745
16586,5.9772369776262435
16587,0.15920804937785565
16588,6.711000383731184
16589,2.5038523444128193
16590,2.987525884455919
16591,2.0293956041339256
16592,17.67488919747722
16593,7.872976740347355
16594,4.473686242090126
16595,0.10102521268064012
16596,4.935893794421855
16597,1.9110352031768816
16598,2.1289050908158065
16599,1.4713401130548827
16600,46.30312035756013
16601,20.774060989867333
16602,11.17226362329486
16603,0.29405362552928105
16604,12.654090100439197
16605,4.778659671786104
16606,5.847381733631299
16607,3.836633396881324
16608,19.79132744869262
16609,9.514576538096573
16610,5.184021320531892
16611,0.14076842623577254
16612,5.762437239257026
16613,2.105236263046134
16614,2.5215234170054055
16615,1.669125551186981
16616,25.56250327652538
16617,10.921339413476435
16618,6.250174608649378
16619,0.16948112774186383
16620,7.037473519973091
16621,2.6386950062856864
16622,3.0994008020346575
16623,2.0856205822410905
16624,30.092567649621195
16625,12.906947992503921
16626,7.498641175855909
16627,0.21155532452376724
16628,8.45241262858292
16629,2.9959968762144977
16630,3.7481359825414327
16631,2.4051433484259483
16632,22.434096346570495
16633,9.826024247917736
16634,5.627893274615357
16635,0.1584963525194362
16636,6.088110374295206
16637,2.2945347826028595
16638,2.7035016122829223
16639,1.9081168658712744
16640,24.530163462758047
16641,10.828799955579264
16642,5.976332262404095
16643,0.1669441693531789
16644,6.759765828303516
16645,2.39771463556614
16646,3.0227727803583955
16647,2.1886857219271874
16648,15.30608425077604
16649,7.11254033499751
16650,4.048944496415753
16651,0.10218134298659062
16652,4.445353529465849
16653,1.5467892039500444
16654,1.9457634761070979
16655,1.2893217777133044
16656,36.456293630186536
16657,16.939543688554455
16658,9.235037775730683
16659,0.2786328143142265
16660,10.12106891083283
16661,3.7685338502785863
16662,4.420840365159504
16663,3.249607456343269
16664,14.78384102196333
16665,6.841264100087057
16666,3.646889318076494
16667,0.09023960291478741
16668,3.968371388191802
16669,1.41972584789402
16670,1.7612334853790106
16671,1.2628999067112872
16672,16.291459600545657
16673,7.412262623735582
16674,4.3470492648076
16675,0.10760802291640888
16676,4.584992842686303
16677,1.7530934889313998
16678,2.1213714859181843
16679,1.3626532496097807
16680,24.485128114470108
16681,11.02055317520073
16682,5.7797827341643115
16683,0.15540158089746942
16684,6.6868466338592105
16685,2.451990323940606
16686,2.95150774376003
16687,2.0453997868766525
16688,27.59447889327187
16689,12.724388345852624
16690,6.664259918139974
16691,0.1837866158923461
16692,7.4782167667981945
16693,2.92317739382932
16694,3.406048331019872
16695,2.430603015153698
16696,18.93841854016885
16697,8.545646036346236
16698,4.539348447393676
16699,0.10626638806939201
16700,5.249588318859022
16701,1.8533222852463855
16702,2.347926824752258
16703,1.5761415864585373
16704,20.503806008792022
16705,9.300395345421359
16706,5.086387639287188
16707,0.1316654261187336
16708,5.659729421024854
16709,2.0394329082626212
16710,2.4089683949516174
16711,1.696896240794679
16712,58.522117148949775
16713,27.79428101340608
16714,14.423522072460683
16715,0.4463537235454407
16716,16.082093724559122
16717,6.065014510060459
16718,7.167848904522256
16719,5.292796783831371
16720,16.171835059694217
16721,7.458561795246153
16722,4.283111743572614
16723,0.10083654384841016
16724,4.524876848032469
16725,1.7339561168732762
16726,2.1233120016163394
16727,1.447951065053137
16728,19.686887600925033
16729,9.120888207167331
16730,3.9796214751693695
16731,1.007808174299869
16732,3.552953624563557
16733,1.7237366509738135
16734,1.820388754996122
16735,1.5109078208426374
16736,22.80157175072693
16737,10.43623315589757
16738,4.688575492958485
16739,1.120118046642361
16740,4.354594153338009
16741,2.107931799585169
16742,2.177516128237691
16743,1.7541845205989282
16744,21.34756226921854
16745,9.68235449132522
16746,4.269561776418957
16747,1.0415907898878565
16748,3.8122935582628097
16749,1.9089170086171547
16750,2.04684579274208
16751,1.614304912836911
16752,20.05043181857922
16753,8.754911685692482
16754,4.0753637842327075
16755,0.9726754802884057
16756,3.5612858987871525
16757,1.6841269741004496
16758,1.8791592781106343
16759,1.4801228216441757
16760,17.21764134713221
16761,7.958029468970727
16762,3.7598864934151175
16763,0.9414611091190761
16764,3.2767907244817787
16765,1.5169136045816813
16766,1.6738983816784487
16767,1.4058119495940908
16768,19.459898557159573
16769,8.764694063446397
16770,3.992029655392483
16771,0.9336979572062513
16772,3.6104486942347878
16773,1.5644017892930895
16774,1.838682162264898
16775,1.4752619152708477
16776,19.304447489860962
16777,9.171218776131592
16778,3.9317167002916626
16779,0.9733387749086625
16780,3.5959428065950534
16781,1.6873989661717639
16782,1.8290872871438646
16783,1.504544121536668
16784,28.232391868692318
16785,12.436927464631534
16786,5.508907489331137
16787,1.360848367807425
16788,5.126292999230948
16789,2.3981064976791786
16790,2.5547394426145025
16791,2.1405190451613705
16792,32.1830493541966
16793,14.33159551042605
16794,6.1226895064351385
16795,1.434301704930781
16796,5.724949977815608
16797,2.647894306883586
16798,2.977491758336582
16799,2.4117708488974805
16800,16.423362359046596
16801,7.803752757284813
16802,3.271504785701439
16803,0.8373759506083222
16804,3.0831474340143283
16805,1.4718075668563841
16806,1.5376347388138059
16807,1.324492217694944
16808,23.279450257336432
16809,10.400355159980112
16810,4.731362880576889
16811,1.1219219019366928
16812,4.1327408823593
16813,1.9627606774025634
16814,2.161807801812437
16815,1.7880418209889424
16816,14.432002421994891
16817,6.079377993482355
16818,2.8285671691642187
16819,0.793543834132958
16820,2.5271730109590855
16821,1.2780949601294131
16822,1.3322255454616811
16823,1.1776732936770435
16824,17.015572223742446
16825,7.509873020032951
16826,3.665775801573495
16827,0.8442856817201255
16828,3.2063090820215443
16829,1.5029571465587028
16830,1.5948107712354624
16831,1.3492343100335458
16832,19.24980290891041
16833,8.982498295816825
16834,3.938937442977359
16835,0.9550221749399607
16836,3.3372777715862183
16837,1.6300977070014186
16838,1.7861170715595471
16839,1.511231417534259
16840,21.834480093390145
16841,9.685843670756318
16842,4.602457497188921
16843,1.0788964149855693
16844,3.8635886404972353
16845,1.8385213990492015
16846,2.033288734918982
16847,1.676372154786572
16848,29.276573560756688
16849,13.335132203392149
16850,6.037434029436018
16851,1.4045600761709367
16852,5.374050958548057
16853,2.6047210511548347
16854,2.804622671275497
16855,2.2841014941999487
16856,16.513606461009438
16857,7.871527529441497
16858,3.557663066950991
16859,0.8656727205969557
16860,3.1252592275287334
16861,1.5214975005390456
16862,1.6243331027022685
16863,1.3612680199864156
16864,45.03874845276617
16865,20.371781735331428
16866,8.973345061470388
16867,1.9356589138298432
16868,8.368881789547167
16869,3.918077694066954
16870,4.215912799205956
16871,3.3255087933632956
16872,22.071474381532035
16873,9.7941721096076
16874,4.214439109672146
16875,1.083035694180527
16876,3.8248489362942135
16877,1.836353955079049
16878,1.944950839286119
16879,1.6753985708214658
16880,26.654023954811947
16881,12.863208685818744
16882,5.456959749131396
16883,1.2735528545310335
16884,5.098661085309117
16885,2.3312650309080047
16886,2.6370750431023557
16887,2.130228472501999
16888,40.69034262061565
16889,18.671247430013214
16890,8.0744184864574
16891,1.9395683938662007
16892,7.415358082139956
16893,3.638887255210577
16894,3.7532729352287286
16895,3.114096523116326
16896,36.32122632260624
16897,15.687475339426404
16898,7.291230071374592
16899,1.6644942499141682
16900,6.334811640707282
16901,3.023664510312287
16902,3.2150270432392185
16903,2.5506266319330324
16904,23.323117826323053
16905,10.212948362980478
16906,4.6465952599990965
16907,1.141141991518249
16908,4.067041420509939
16909,1.9299942022851946
16910,2.09609122364769
16911,1.7192708531203564
16912,16.605210898324035
16913,7.4428077049295815
16914,3.1503614575631613
16915,0.8614901249274187
16916,2.942935335039924
16917,1.456841950855224
16918,1.5375868421687597
16919,1.2751405684643533
16920,29.58501397380592
16921,13.066848292685647
16922,5.761956911018682
16923,1.3736317823240365
16924,5.294128691979694
16925,2.5241022650540357
16926,2.850835832283042
16927,2.3083284437759115
16928,24.035764435016567
16929,10.69793138833755
16930,4.852235410840244
16931,1.1542661536468002
16932,4.1069287538298935
16933,2.0678749303146944
16934,2.1442714979813364
16935,1.8024127140981212
16936,17.210495370427626
16937,7.80332807986542
16938,3.481851200134885
16939,0.8468544600665627
16940,3.0886681332326464
16941,1.5002172600515686
16942,1.5884579190474408
16943,1.3188663413041861
16944,23.719990860417038
16945,11.413780591906631
16946,4.77538488585324
16947,1.1345033362613604
16948,4.086559556687058
16949,1.9553576238420618
16950,2.1421829077043713
16951,1.7705746100916067
16952,15.805206172545795
16953,7.104937458905219
16954,3.0074713554096686
16955,0.8059838561166528
16956,2.825635828827316
16957,1.3621502206656588
16958,1.4355271287264444
16959,1.2345918723962144
16960,16.049291129797638
16961,7.447452595892467
16962,3.2634620262672245
16963,0.8160134500116821
16964,2.9878269372752246
16965,1.4282303978710378
16966,1.4815098629477064
16967,1.2701023631388006
16968,33.89001994548394
16969,15.016228743438857
16970,6.739534369291639
16971,1.4643041539151005
16972,6.253702115136456
16973,2.909888914663002
16974,3.0787019797754667
16975,2.540665963446061
16976,18.15459175230771
16977,7.99520244697342
16978,3.5342033725680673
16979,0.9315222798108699
16980,3.2297129489844134
16981,1.5242012806438596
16982,1.6376132459741302
16983,1.363080877494643
16984,38.62497767422888
16985,16.16883072707894
16986,7.787401055395482
16987,1.825416977752875
16988,6.391777769915301
16989,3.0697253025048394
16990,3.4066169408670905
16991,2.8492600933629006
16992,25.774362442425666
16993,12.049902046027162
16994,5.428732181018044
16995,1.2027109831481124
16996,4.792229351574353
16997,2.252911428567919
16998,2.3616290775319135
16999,1.9363278626256166
17000,18.36213570284572
17001,8.71719440248203
17002,3.9810763471131234
17003,0.9566778244325507
17004,3.4300117360200058
17005,1.5826854462517628
17006,1.7251573981109032
17007,1.4371376627252346
17008,48.681860344423264
17009,21.75372406373948
17010,9.794188636628935
17011,1.9991246696699263
17012,8.828825694073158
17013,4.26557434011581
17014,4.5497521345073855
17015,3.687564518365726
17016,20.993349498990465
17017,9.854132071035453
17018,4.513212776442924
17019,1.0093458780129156
17020,3.854359528459609
17021,1.8374571804768953
17022,1.8959192585792914
17023,1.6121528406598578
17024,27.10910300380084
17025,12.388902717920013
17026,5.252581380112098
17027,1.3018979884209447
17028,4.845222849857759
17029,2.337278973515969
17030,2.55618231523464
17031,2.072729558465087
17032,31.815356213917347
17033,13.873388158037274
17034,6.596408479219323
17035,1.4328227973565772
17036,5.830507492020289
17037,2.7255748048936623
17038,2.938764537790159
17039,2.4329318437019283
17040,23.98596229238316
17041,10.47162263226396
17042,4.679176310546065
17043,1.146335245748682
17044,4.2322365670484325
17045,2.0162446431886685
17046,2.182188396007987
17047,1.7897579476327925
17048,25.646956909464336
17049,11.887463149052339
17050,5.173388077798793
17051,1.1810815431066248
17052,4.57215321832071
17053,2.1422561477053126
17054,2.33958265378768
17055,1.9658282865368202
17056,16.393146938281575
17057,7.465184033505366
17058,3.3438673633552716
17059,0.8463322209775843
17060,2.9780426449607673
17061,1.380492442190758
17062,1.525988300391291
17063,1.2663559515749523
17064,39.18124086933129
17065,18.108679984831916
17066,7.8824038517754635
17067,1.712982292990525
17068,7.170303536884749
17069,3.3050673639816477
17070,3.4342705628546657
17071,3.050632690719739
17072,15.540316138025391
17073,6.97159642019154
17074,3.0651711148023324
17075,0.8349869795219499
17076,2.779292090568025
17077,1.368485643884133
17078,1.4242201351509611
17079,1.2415398093017285
17080,17.084013743928924
17081,7.688213615366133
17082,3.519268052424663
17083,0.8588103621517533
17084,3.1538635234434773
17085,1.4998878321396845
17086,1.6023666479543304
17087,1.3615589064441258
17088,25.429124477847648
17089,11.887312164172918
17090,4.900193187364579
17091,1.1859320158599342
17092,4.45977124479443
17093,2.1894356123489076
17094,2.3092507178209187
17095,1.9841447542472104
17096,28.473988384421038
17097,12.952486489291305
17098,5.707156170052997
17099,1.2838980527880088
17100,5.094903198492704
17101,2.5375659609988523
17102,2.7553580835350453
17103,2.326370916518068
17104,19.752190575536577
17105,8.98055263162335
17106,3.762988616628872
17107,0.931795364058769
17108,3.531435240101455
17109,1.6732149354303085
17110,1.844855461070279
17111,1.511810815573877
17112,21.136403175334866
17113,9.697979676828487
17114,4.419176401452011
17115,1.0373386038826768
17116,3.7466744670511605
17117,1.854507233552777
17118,1.908509789475914
17119,1.5795572283093233
17120,61.278815791325684
17121,28.181738936783088
17122,13.104457841925292
17123,2.7257020533920993
17124,11.347166921917468
17125,5.634896340574736
17126,5.75292915651586
17127,4.893653360579269
17128,17.673782591637323
17129,7.763994644335863
17130,3.588042833042107
17131,0.8656059536733572
17132,3.1000292017571502
17133,1.5190411070640943
17134,1.6580659634146622
17135,1.3307692272752498
17136,19.020788377540633
17137,9.028446570018746
17138,3.9234690912555874
17139,0.9721508538040355
17140,3.4206061352688364
17141,1.6787951984155791
17142,1.7749418046423076
17143,1.4186273865302972
17144,21.799536867692684
17145,10.048662826006133
17146,4.576696267081322
17147,1.0746359623554218
17148,4.274319050603712
17149,1.955120639303505
17150,1.9707832764036701
17151,1.7093386665337946
17152,20.28644527936199
17153,9.196940985350718
17154,4.209433689318767
17155,0.9933148100820983
17156,3.621535771134766
17157,1.8471252972785321
17158,1.926417921965029
17159,1.539076107716342
17160,18.86942939150005
17161,8.709261527217079
17162,3.9130535962113546
17163,0.9722776925133291
17164,3.3848675061985682
17165,1.607764878490295
17166,1.763515907281021
17167,1.433175887527178
17168,16.723805724329353
17169,7.795585207165894
17170,3.3980318708144166
17171,0.9079581233912225
17172,3.0849537261623508
17173,1.480850789665571
17174,1.5734502721961476
17175,1.3308105819020224
17176,18.80945999577486
17177,8.718647590142291
17178,3.726544316342403
17179,0.9590030906563517
17180,3.3151146173706274
17181,1.5790962334756948
17182,1.7171305100507617
17183,1.3801589776696235
17184,18.09644371786945
17185,8.96639723740644
17186,3.7865337912851005
17187,0.9745035486979621
17188,3.4343724127079547
17189,1.6285888602811576
17190,1.7616864303097621
17191,1.477434355431719
17192,26.361181766541964
17193,11.981085030752029
17194,5.367458583423022
17195,1.2955300255127085
17196,4.927026022130429
17197,2.369835757104759
17198,2.4348451197372505
17199,2.052281148309797
17200,30.628586360751502
17201,13.463807467549657
17202,6.2462766897535555
17203,1.537010480977696
17204,5.388446732171354
17205,2.597160470782515
17206,2.914252799242692
17207,2.3741060809527457
17208,15.79965504953389
17209,7.684049965919807
17210,3.172620631749065
17211,0.8433864422095594
17212,3.0052542475676947
17213,1.4209135479422528
17214,1.417392083968737
17215,1.2376527194144844
17216,22.542054799502054
17217,10.412763519355488
17218,4.599738228791558
17219,1.077527418264457
17220,3.99702957276103
17221,1.9000663965403608
17222,2.054138315434869
17223,1.7248793588499414
17224,13.825124713290418
17225,5.910667020908292
17226,2.6286349109290903
17227,0.8189970708756287
17228,2.3952082625665083
17229,1.1971232288075822
17230,1.2379822465102968
17231,1.1162129747838967
17232,15.946204327646573
17233,7.29296925542497
17234,3.4452543121955554
17235,0.8679873748561033
17236,3.072623646037558
17237,1.4155461850874524
17238,1.5114090990843294
17239,1.3060149171535387
17240,18.37734382234987
17241,8.713945252537279
17242,3.7451922380855707
17243,0.9373864743684162
17244,3.2798242110716354
17245,1.594498176471343
17246,1.701843104682608
17247,1.425966374297415
17248,20.81603098197729
17249,9.507295571372143
17250,4.51453233679344
17251,1.0566639799162216
17252,3.7071569275308938
17253,1.8483050878635174
17254,1.9650931017158741
17255,1.6174970271467402
17256,27.03965402031189
17257,12.594005479817023
17258,5.785549797597145
17259,1.4589783656914794
17260,4.899591698407627
17261,2.4737740417354472
17262,2.6702208871793065
17263,2.170505136248222
17264,15.681851596761797
17265,7.5614202507753125
17266,3.4368337628939734
17267,0.8405069921235919
17268,3.0407221169631327
17269,1.4051409164790647
17270,1.5186122886378477
17271,1.3108822318567364
17272,43.137668530541134
17273,19.531052739024105
17274,8.71678473458399
17275,2.075634821035306
17276,7.632051632122405
17277,3.9390850351501205
17278,4.1106381393790015
17279,3.2608060665547494
17280,20.673443917364608
17281,9.647824706202648
17282,4.125368558034266
17283,1.051569114344897
17284,3.627130650972707
17285,1.7707113927099496
17286,1.8885793915260567
17287,1.6214303887017405
17288,26.043614151629562
17289,12.561646116635258
17290,5.38735584317272
17291,1.3503761818260622
17292,4.817497605602816
17293,2.2704525590383917
17294,2.410793703482588
17295,1.999822090770663
17296,39.543853623439865
17297,18.351107016339622
17298,7.825003980287445
17299,1.9972028095826073
17300,7.35094582681735
17301,3.435500981196195
17302,3.5645200576808413
17303,3.1119812277951815
17304,33.74915680791767
17305,15.687520126537903
17306,6.937335090566446
17307,1.7054321645732455
17308,6.1225591953951675
17309,2.956545061104035
17310,3.049918610574384
17311,2.5139266662850375
17312,22.313309903820603
17313,10.23583361888318
17314,4.672597857836269
17315,1.1401316278094513
17316,4.001245217395932
17317,1.9097368466084976
17318,2.0148668786240234
17319,1.678613795380387
17320,15.900122812180033
17321,7.1540612269894135
17322,3.0606853910217073
17323,0.8404975931204061
17324,2.8581687179021786
17325,1.3996707973641749
17326,1.4493807120944857
17327,1.2196208148452332
17328,28.43934750700216
17329,13.16751436167775
17330,5.826245495847332
17331,1.385563430562281
17332,4.974899924012839
17333,2.3935693755211664
17334,2.7742459978696545
17335,2.196121642391545
17336,22.840013438139223
17337,10.694500463745968
17338,4.668538802958429
17339,1.0965313939810766
17340,4.04814219841937
17341,1.9733342155322817
17342,2.0273500478650175
17343,1.701596625301521
17344,16.36676433142892
17345,7.666803247527742
17346,3.392531605274546
17347,0.8518552149981973
17348,3.008516770141763
17349,1.4365620674384805
17350,1.4785324946948182
17351,1.2812996405852688
17352,22.48975812303898
17353,10.344596196905394
17354,4.62464734804009
17355,1.1087622120150165
17356,3.8596133359446085
17357,1.8548695373489508
17358,2.0338571910753065
17359,1.7520414796302717
17360,15.10825523908748
17361,6.700652912130345
17362,2.9409185433025162
17363,0.8446298858110748
17364,2.715695116905217
17365,1.3202637128830783
17366,1.3310958688719619
17367,1.1914077844562199
17368,15.73541763049793
17369,6.9542037391930736
17370,3.1195893931061844
17371,0.8297267470479316
17372,2.925394373889675
17373,1.3412897809324307
17374,1.429289099771341
17375,1.2062854999657249
17376,32.5174258164547
17377,14.395929092588913
17378,6.303019369447582
17379,1.5020626663380954
17380,5.78120757932223
17381,2.700152635481379
17382,2.953041216374444
17383,2.474627739375284
17384,17.57766987474695
17385,7.780256580863264
17386,3.522974535515497
17387,0.9026664985258306
17388,3.082410253187892
17389,1.452302084813166
17390,1.6006145217693653
17391,1.3352761731859106
17392,37.18225878715205
17393,15.735350482361829
17394,7.675823830807077
17395,1.7514243342834048
17396,6.296136020297348
17397,2.974207729581296
17398,3.3992050296811773
17399,2.663773914082578
17400,24.361990535240956
17401,11.064856381025749
17402,5.163287889199206
17403,1.18222193636713
17404,4.376103326257698
17405,2.151375390159359
17406,2.296529507284537
17407,1.8555186968724513
17408,17.70105383897022
17409,8.239083449277866
17410,3.6613816848042453
17411,0.9563640210798187
17412,3.3119306567830304
17413,1.5444423035235966
17414,1.623802070612437
17415,1.3694136223282034
17416,45.33749040238655
17417,20.121819212232488
17418,9.013792419039666
17419,2.1060906726292785
17420,8.234370527460852
17421,4.1290465469559345
17422,4.1979201922933935
17423,3.575328172688486
17424,20.126361550965928
17425,9.723516601656108
17426,4.433423965604932
17427,1.0223300999551903
17428,3.7173842145670504
17429,1.8300387828513986
17430,1.846639790233182
17431,1.520974967263634
17432,26.849986723792856
17433,11.806157578011913
17434,5.181159850018773
17435,1.3033409250106625
17436,4.523778471777297
17437,2.3138656056085454
17438,2.384158039820395
17439,1.9949535827319624
17440,29.725358529778823
17441,13.341441611573131
17442,6.312508709633032
17443,1.442114440404281
17444,5.358465258955172
17445,2.65936599177131
17446,2.9402207753915484
17447,2.355694300979405
17448,22.961108847779943
17449,10.268603299447467
17450,4.820225749641361
17451,1.134229268277599
17452,4.120441237963494
17453,2.030487908782994
17454,2.1185518429220753
17455,1.734327489033312
17456,23.692694404792892
17457,11.58657081589693
17458,5.111951212160908
17459,1.161731142834966
17460,4.42331606482315
17461,2.1078845676069284
17462,2.255572690908458
17463,1.9260477258243045
17464,15.469393864891458
17465,6.953710140398605
17466,3.1902400141918044
17467,0.8415492861166609
17468,2.8518797874362973
17469,1.316828169368942
17470,1.4174149482738874
17471,1.2271115797452876
17472,38.03397069030183
17473,16.981313840395373
17474,7.520768917686035
17475,1.890931655261104
17476,6.695069620173491
17477,3.2050325055526474
17478,3.2901334797692874
17479,2.8468785776220527
17480,14.648984890124419
17481,6.908962583712845
17482,3.0129736986206925
17483,0.8515407519328704
17484,2.695524334875382
17485,1.3291577330206907
17486,1.3359015722493925
17487,1.2003232003370543
17488,16.39389679607781
17489,7.409466440683249
17490,3.406751785399996
17491,0.8691730216153679
17492,3.009447593724481
17493,1.4691125373228526
17494,1.4817098199571552
17495,1.3104187138752366
17496,24.445577009553915
17497,10.969114188998708
17498,4.627452402892147
17499,1.177869514366334
17500,4.412197295940309
17501,2.1648842525656002
17502,2.210140123093916
17503,1.9263393737083463
17504,26.90798882585232
17505,12.286574647472959
17506,5.547290285118187
17507,1.3272660604730944
17508,4.713573429712493
17509,2.3850139040381615
17510,2.689883880190048
17511,2.2216070009832514
17512,18.709720414947412
17513,8.82341795330329
17514,3.798598040215665
17515,0.9505058828482056
17516,3.3814292256636813
17517,1.6315392760432679
17518,1.7452335897068596
17519,1.4317796313804243
17520,20.554506241625486
17521,9.356778828560874
17522,4.328646894856987
17523,1.0326995308460323
17524,3.706114814353488
17525,1.8383428713455707
17526,1.7958075252243104
17527,1.5918709740308383
17528,57.64927069710468
17529,27.589231300543542
17530,11.965000335591537
17531,2.886323162739001
17532,10.676473084275605
17533,5.4307881428410925
17534,5.522654413500467
17535,4.830079086720092
17536,16.45015516940103
17537,7.3965161459914945
17538,3.4503982361495593
17539,0.9016887709024322
17540,3.0230174775693874
17541,1.4130206296965653
17542,1.6060706227969217
17543,1.281910074600583
17544,15.006667777595817
17545,7.190394597526019
17546,2.8837454562506455
17547,1.7190136710700208
17548,1.5541362068044153
17549,1.3654660241015328
17550,1.2658247500115731
17551,1.262240724666948
17552,17.500893750282753
17553,7.927027059521249
17554,3.4718264028626025
17555,2.1023433294859952
17556,2.01734802489176
17557,1.6073104965451377
17558,1.4754036008453995
17559,1.4917114895004286
17560,16.54267903983265
17561,7.22399971142002
17562,3.194202210653749
17563,1.887532459462635
17564,1.7322199563650449
17565,1.5130451402010885
17566,1.4297534502065872
17567,1.3783130450645853
17568,15.428215401176251
17569,6.89655045240128
17570,2.9798599061025723
17571,1.8261885567184097
17572,1.672016538245319
17573,1.3476106260447658
17574,1.3191372510988255
17575,1.2813058762467027
17576,13.424383079496115
17577,6.129311613417195
17578,2.571334535910306
17579,1.6192831070537832
17580,1.4761025003827941
17581,1.2480693271368395
17582,1.1792743389832756
17583,1.1871989661654359
17584,15.289778601368434
17585,7.0222068802064515
17586,2.758598457195296
17587,1.6669186519375403
17588,1.6375012799517557
17589,1.2941263237412612
17590,1.2580630718382055
17591,1.2293037406744698
17592,14.570602498634877
17593,6.9783425089200355
17594,2.8593698798527964
17595,1.7596964195511036
17596,1.5972976063048383
17597,1.346023545951217
17598,1.2776059401277378
17599,1.283404593899673
17600,21.176951891575268
17601,9.564006146309307
17602,3.8631133781922906
17603,2.474095673312105
17604,2.3073648905975275
17605,1.9091350491636727
17606,1.7402781115155936
17607,1.759945530322829
17608,24.50418468303567
17609,10.97019939615038
17610,4.804683225333779
17611,2.786559734612695
17612,2.5100238799152366
17613,2.0998865545211323
17614,1.9684019840409832
17615,2.00296007215536
17616,12.469759416368912
17617,6.028521960604374
17618,2.3719478345337484
17619,1.4560914573278394
17620,1.4296210103413438
17621,1.2134504611818004
17622,1.098343869879009
17623,1.1358681064086447
17624,18.129366381453885
17625,8.066715192106136
17626,3.4604953616007106
17627,2.072260746288459
17628,1.8550656007034265
17629,1.5641625184498995
17630,1.4991330223687171
17631,1.4989149845673473
17632,10.822519557773257
17633,4.4856037176461445
17634,1.9949186642910057
17635,1.281212725522756
17636,1.167968182293189
17637,1.0072102708023203
17638,0.9064103757573092
17639,0.9479699240535988
17640,12.916676161209319
17641,5.7603361574647804
17642,2.5943224471425963
17643,1.5602888004410678
17644,1.4327231144009185
17645,1.2005939242569896
17646,1.1179994393323434
17647,1.162936019160266
17648,14.645035937887299
17649,6.938161102766041
17650,2.806751834830669
17651,1.7236710769504213
17652,1.5404803581194193
17653,1.3226633044044336
17654,1.2457167184787044
17655,1.267310491782053
17656,16.58278426134549
17657,7.43034537078467
17658,3.393932920558834
17659,1.8910859772057758
17660,1.7401258802042425
17661,1.4749614752881575
17662,1.4027487310763582
17663,1.3815377227313106
17664,21.95429267291462
17665,10.374588522315488
17666,4.571910344347004
17667,2.693954600713102
17668,2.4520024348024836
17669,2.071063186433027
17670,1.9357573763525098
17671,1.903376902558812
17672,12.624701715913115
17673,5.916009830507618
17674,2.5823948535104937
17675,1.5054283612434747
17676,1.4074178294799475
17677,1.2067923868696608
17678,1.1257019223098337
17679,1.175589490903101
17680,36.81002924623727
17681,16.414737172961466
17682,6.884767730642043
17683,4.16573932082221
17684,3.809090157259345
17685,3.1984503202630843
17686,2.838439501537803
17687,2.8073253224194046
17688,16.520545088366013
17689,7.7031221084546395
17690,3.0529110889730586
17691,1.9126623512285932
17692,1.7294847133714704
17693,1.4622105550544262
17694,1.3727097936925872
17695,1.4166565354840355
17696,20.893058416946836
17697,10.340619736780283
17698,4.1275492392859165
17699,2.595529984099958
17700,2.338206644086381
17701,1.8390969767094556
17702,1.7816181244189913
17703,1.7351036946607428
17704,32.17823276883598
17705,14.725438158454427
17706,5.71938541671509
17707,3.588578749984932
17708,3.530191832715865
17709,2.7296549638413197
17710,2.511782863085019
17711,2.637200963787567
17712,27.605387393307467
17713,12.814654920203202
17714,5.039298010633237
17715,3.2764577911457304
17716,2.9184905126505014
17717,2.3615118444798227
17718,2.1407368563106823
17719,2.185722445927564
17720,18.268424172844316
17721,8.244680852327184
17722,3.576154895552628
17723,2.094319850509908
17724,1.9786272474243634
17725,1.5863891190416437
17726,1.504371969340538
17727,1.476522419925724
17728,12.878427953247295
17729,5.684641009890207
17730,2.2962778251998275
17731,1.5109585585183876
17732,1.377170399828988
17733,1.1953984641929305
17734,1.0854016045500368
17735,1.103976963449678
17736,22.90809690960493
17737,10.848928857083973
17738,4.523510702066649
17739,2.6595327811885814
17740,2.375253640411328
17741,1.9376608740958867
17742,1.9203609885980875
17743,1.8924666963791028
17744,18.56279573512715
17745,8.50389220372823
17746,3.473862393266957
17747,2.0978972729787824
17748,1.948954047512897
17749,1.6347977560520421
17750,1.519465379287608
17751,1.5050218073717487
17752,13.000409500425585
17753,6.064671376913811
17754,2.5499114805356493
17755,1.5128012019161161
17756,1.3946272777967297
17757,1.2133747478989043
17758,1.1053041090484035
17759,1.1592530681210103
17760,18.444543351655746
17761,8.410942690079127
17762,3.524082055015623
17763,2.134053670035544
17764,1.8710749119725116
17765,1.5557497476359499
17766,1.5267358040006684
17767,1.5376638041551254
17768,12.131136148141515
17769,5.332915931007856
17770,2.1839912540323185
17771,1.4305532744219138
17772,1.2650145820704888
17773,1.1066540534878238
17774,1.012291008659974
17775,1.060427402150751
17776,12.62328531520404
17777,5.6003000021988525
17778,2.353737364260912
17779,1.4293917878177198
17780,1.3524204051919975
17781,1.1513201027924787
17782,1.0835176834163165
17783,1.1000575589720782
17784,26.47030801806822
17785,11.789037620282038
17786,4.579749166716019
17787,3.003348179780674
17788,2.846324744894791
17789,2.1923565545365236
17790,2.0837378521832117
17791,2.164258764623297
17792,13.985731030228338
17793,5.946739023344847
17794,2.5980296141046484
17795,1.5742581785906768
17796,1.4152817303399756
17797,1.2167996630665432
17798,1.164883466253601
17799,1.1828418998325452
17800,29.443205767205278
17801,12.536084516560926
17802,5.855694069921329
17803,3.083060803393597
17804,2.8341228720655676
17805,2.3816747660969244
17806,2.292821873236186
17807,2.267655070599335
17808,19.35432665855799
17809,8.59207301432089
17810,3.927121579828645
17811,2.197470897075439
17812,2.107303789170465
17813,1.7398817881706259
17814,1.6138295498427804
17815,1.5803603350066804
17816,14.163507012119387
17817,6.56344966632017
17818,2.7210385151399796
17819,1.6612801596658127
17820,1.5549279514767556
17821,1.2668402335002131
17822,1.1893150757139093
17823,1.2147480481110262
17824,39.78817797087435
17825,16.67187985788859
17826,6.900285515259077
17827,4.249494399146252
17828,4.111488191668975
17829,3.3555782283677074
17830,2.899347671870837
17831,3.0538729883452334
17832,16.090210498789503
17833,7.680217145779354
17834,3.2934560771513164
17835,1.8980870666128389
17836,1.7553203721043311
17837,1.4772761138886639
17838,1.3545775466950327
17839,1.365666758274566
17840,21.24428758850912
17841,9.298949444093124
17842,3.8592800376018133
17843,2.4054249409359776
17844,2.200088375252462
17845,1.8450168044078927
17846,1.6685676829727845
17847,1.6937409228158011
17848,24.042696656578133
17849,10.868362847088065
17850,4.930316945860508
17851,2.8015404032428806
17852,2.6277546133775225
17853,2.187412637263647
17854,2.1153451588933563
17855,2.0155936280837743
17856,18.285451998778388
17857,7.797689823851242
17858,3.650864748372877
17859,2.112747424671568
17860,1.9466830852307528
17861,1.6492384978164447
17862,1.5461519961459658
17863,1.4920637812660076
17864,19.537975456739506
17865,9.409148794569102
17866,3.9110520215349562
17867,2.237782074281022
17868,2.1371234890921933
17869,1.7209516117176626
17870,1.6166273288318824
17871,1.653029655286725
17872,12.545356110473818
17873,5.609933350926589
17874,2.3962435308681886
17875,1.4516193223333411
17876,1.3381398824212332
17877,1.1348099183752274
17878,1.0687284562407366
17879,1.1067952682423052
17880,31.470138431642248
17881,13.92651115389405
17882,5.830226336483045
17883,3.6472101503177723
17884,3.1979363143238375
17885,2.591525054734887
17886,2.2486989408389544
17887,2.4841168538064466
17888,11.639210804640717
17889,5.318187858315306
17890,2.2354910826083936
17891,1.4044777970208706
17892,1.2942536905635225
17893,1.107275452331215
17894,1.0015329675473852
17895,1.0603561645328652
17896,13.059635974353872
17897,5.963289563357925
17898,2.5567698212487286
17899,1.5601345295250266
17900,1.4262158225916786
17901,1.241703328888133
17902,1.1099570471057734
17903,1.1733663388271172
17904,19.683481666898523
17905,8.709182990789667
17906,3.4672872173128404
17907,2.233659901619446
17908,2.124467153448074
17909,1.7603331092120718
17910,1.6272313342758353
17911,1.6404736612422777
17912,21.092586826833728
17913,9.746105620364773
17914,4.277706043738266
17915,2.492857739953251
17916,2.169040849976887
17917,1.915462125429236
17918,1.9664079634740679
17919,1.869287713096942
17920,14.939990464946588
17921,7.0834948059370335
17922,2.8741766993243103
17923,1.769421968686105
17924,1.6697197583499717
17925,1.3679243903079
17926,1.328419999612777
17927,1.2997524537463656
17928,16.44984735888121
17929,7.337918231746151
17930,3.2672016739954897
17931,1.9504332221805059
17932,1.7568052886686933
17933,1.4976260168893047
17934,1.354513620484912
17935,1.398384228513812
17936,49.35739645349652
17937,23.262339763854975
17938,9.647324504815739
17939,4.764930029075148
17940,5.5062748714709135
17941,4.315580179643989
17942,3.75216742122841
17943,3.932472452256242
17944,13.11115588965141
17945,5.827294775784279
17946,2.568571664620799
17947,1.5977711640709418
17948,1.4111308298151677
17949,1.199975787363358
17950,1.1619020694304176
17951,1.1513699992917492
17952,13.766167460076527
17953,6.391382331592621
17954,2.6453389608949203
17955,1.8449010142398654
17956,1.1170565325553439
17957,1.2898685456086383
17958,1.1125025336361702
17959,1.2264488262897615
17960,16.23902084551459
17961,7.474201825261223
17962,3.226346924111781
17963,2.2078812425418706
17964,1.4345347717934884
17965,1.5556834285364691
17966,1.3711816497321863
17967,1.4368672476963835
17968,14.946976308316101
17969,6.852409796513639
17970,2.981945087354201
17971,2.047510783445302
17972,1.277932369796521
17973,1.3610911116549849
17974,1.269201452364001
17975,1.316086571470601
17976,14.150799200699817
17977,6.393957031030073
17978,2.7374699556544777
17979,1.88387619253143
17980,1.1849346327653738
17981,1.2889804206648123
17982,1.1677121041933787
17983,1.2328949641288696
17984,12.630247943124651
17985,5.708048674527193
17986,2.3467590062176495
17987,1.7115447576517058
17988,1.1171459746987187
17989,1.1489402839426996
17990,1.0431257855324545
17991,1.1358609824000914
17992,14.346583616092133
17993,6.366981685038645
17994,2.6215872846274744
17995,1.843593288927969
17996,1.2247957179289246
17997,1.2486510392028913
17998,1.1625508769546509
17999,1.2107981332431208
18000,13.826817543041669
18001,6.294697167419123
18002,2.7247783483450574
18003,1.8767847886042164
18004,1.15228974813488
18005,1.2752358586103054
18006,1.130591665439471
18007,1.2175710425015265
18008,19.913058821142155
18009,9.095635136403342
18010,3.840426617167843
18011,2.6809249232406507
18012,1.7442810741354569
18013,1.8164359357168116
18014,1.6029838686907565
18015,1.7296624892933774
18016,22.27546617235844
18017,10.383685585979885
18018,4.229759239103203
18019,2.9044047542844775
18020,1.9033551652440517
18021,2.0325889338684253
18022,1.7417237214757813
18023,1.9282684911385644
18024,11.913752667512636
18025,5.846754897410415
18026,2.187494922283065
18027,1.5841696288767342
18028,1.0744781388170541
18029,1.1194898372940993
18030,0.989977937229488
18031,1.107865174556819
18032,16.42396944820935
18033,7.9070170818267735
18034,3.2504088373340747
18035,2.208172221797522
18036,1.4703779318816488
18037,1.5402585637545192
18038,1.3914273120104712
18039,1.4477112272971384
18040,9.974139215890549
18041,4.308518571156221
18042,1.8792743178040194
18043,1.350786773636274
18044,0.9116728732765034
18045,0.9622293155682168
18046,0.8682494581904361
18047,0.9258945669212257
18048,11.56053339552913
18049,5.537674729205756
18050,2.3706983057560005
18051,1.6514282867033883
18052,1.0761708584825884
18053,1.1204892829949917
18054,0.9917384866556056
18055,1.1067035874896316
18056,13.420355694483902
18057,6.54077438001899
18058,2.5836201608450513
18059,1.842065839271847
18060,1.1294217068065449
18061,1.2336940932456117
18062,1.1303958234971212
18063,1.215425825483219
18064,15.51898879399494
18065,7.071988186228572
18066,3.0178156874375874
18067,2.044726350353167
18068,1.304412652026573
18069,1.3658359319712685
18070,1.2519023224106431
18071,1.3528347848152658
18072,19.78354978609464
18073,9.879150875558754
18074,4.074511155883319
18075,2.801814212301487
18076,1.8663189664225015
18077,1.9285400863136155
18078,1.6789603320098179
18079,1.824741505937629
18080,11.738005696792325
18081,5.623349137369328
18082,2.3109448263435324
18083,1.632382605380335
18084,1.0246915369400236
18085,1.1265584341118853
18086,0.9847909002552756
18087,1.1175046752242581
18088,33.27473359409428
18089,15.018029704549292
18090,6.509813552781652
18091,4.119179155577118
18092,2.9357915915637025
18093,2.8308856751490437
18094,2.492485338266206
18095,2.6127684102360056
18096,15.493231621920646
18097,7.286512119545943
18098,2.864779263222697
18099,2.0655501008894834
18100,1.2640308677522165
18101,1.385969633880377
18102,1.214408614392257
18103,1.3449752006170337
18104,19.38388834125762
18105,9.100991013895257
18106,3.8787757482741294
18107,2.65622323489909
18108,1.6508625020656567
18109,1.81048106661567
18110,1.6455205722587036
18111,1.6753934229589873
18112,29.438019483086904
18113,13.59090754747786
18114,5.1929500900833
18115,3.6900419507900697
18116,2.5464137153185042
18117,2.6050076038662313
18118,2.275182104915676
18119,2.464895621310874
18120,25.111400247250096
18121,11.352812774062663
18122,4.714144570662205
18123,3.34725933708486
18124,2.1262601883355905
18125,2.2243593077071155
18126,1.9199431791788952
18127,2.131962295638697
18128,16.402721085028386
18129,7.680616613475578
18130,3.240517794175496
18131,2.2054818057601833
18132,1.424791573452642
18133,1.460629005951045
18134,1.334031499887528
18135,1.4043816159385005
18136,12.236419093484901
18137,5.368449365056016
18138,2.189065118903873
18139,1.5622883474594897
18140,1.0367331074757906
18141,1.1417453597360738
18142,1.002210233331388
18143,1.0810377204239097
18144,21.22472040776717
18145,9.54236951957409
18146,4.129667208980079
18147,2.759584315967212
18148,1.8310206909396118
18149,1.9481117091636073
18150,1.7652177525565789
18151,1.8047907170499582
18152,16.85997012805246
18153,7.679215300339438
18154,3.1143715819902487
18155,2.220368651334822
18156,1.3966723611649223
18157,1.5592298646346443
18158,1.3590037979714549
18159,1.4690624500783236
18160,12.303808367627658
18161,5.784515335180336
18162,2.4521816671994636
18163,1.6373078248917536
18164,1.0840377977486702
18165,1.1522741283325992
18166,1.0125465964664295
18167,1.1302974787624853
18168,16.348132368102217
18169,7.898623444022988
18170,3.2222934113459023
18171,2.2291269098231137
18172,1.3218201749728398
18173,1.4589043619507085
18174,1.3286237209143035
18175,1.4443014568432229
18176,11.06865835430609
18177,4.799545799477666
18178,2.069160754774573
18179,1.5500594142190534
18180,0.9332667632472663
18181,1.0344538674334611
18182,0.9273921440458122
18183,1.0279409040847511
18184,11.424528818344195
18185,5.216822588251626
18186,2.223525665797211
18187,1.5112419351910291
18188,0.9969193174791807
18189,1.0703338514562266
18190,0.9677668279405764
18191,1.0695216943084631
18192,23.77080483196262
18193,10.349422809327065
18194,4.246327679817651
18195,3.2766444698039923
18196,2.1740498390845566
18197,2.147702471449066
18198,1.8877145897034304
18199,2.077661162719689
18200,12.529035583518125
18201,5.827162590263069
18202,2.4059401564240877
18203,1.661542974569867
18204,1.0621838057027575
18205,1.1553803797591788
18206,1.0422785945911894
18207,1.1397766941148726
18208,26.02215739938314
18209,11.432634777619539
18210,5.234750467645535
18211,3.3058733880223294
18212,2.159501673369612
18213,2.2200895560541962
18214,2.0501848202093025
18215,2.2361562340266037
18216,17.705543387767033
18217,8.303454279417032
18218,3.6178145015629575
18219,2.2948012349719704
18220,1.478440383051298
18221,1.650677256660006
18222,1.4335661111792102
18223,1.508715959838795
18224,13.588374898252368
18225,6.383549350886012
18226,2.5722348555565517
18227,1.759236782549812
18228,1.1483566819200015
18229,1.2139590280130843
18230,1.070112235449758
18231,1.1732408125565184
18232,36.433808273965084
18233,15.592503077829697
18234,6.645044754103562
18235,4.191001050625595
18236,3.0561748779287616
18237,3.0531142119582197
18238,2.7300068399240796
18239,2.815468923515003
18240,14.83924248578122
18241,7.205427876020646
18242,2.9334811370352023
18243,2.0601065021163185
18244,1.2733725559313376
18245,1.383180439282445
18246,1.2058634769710084
18247,1.3231795656288015
18248,19.233498320941067
18249,8.926654489118338
18250,3.5174279164402127
18251,2.551530653729137
18252,1.6665261153003987
18253,1.7890724865057706
18254,1.5349083024172916
18255,1.659873767968898
18256,22.119202882336808
18257,9.98574093946298
18258,4.357977435098049
18259,2.856341736988129
18260,1.878057491517698
18261,2.019330637429745
18262,1.826217305509281
18263,1.8972702781533841
18264,16.7502434446732
18265,7.677902171859157
18266,3.151451462196362
18267,2.2118604549175336
18268,1.4568116038661512
18269,1.5128746879227521
18270,1.3618096308758998
18271,1.4573364443524095
18272,17.876162047659967
18273,8.579564224196355
18274,3.6778268319577747
18275,2.3259208420064286
18276,1.589589342703513
18277,1.6142470456941995
18278,1.4807933935930189
18279,1.5833242637137315
18280,11.587351797538572
18281,5.320908223746694
18282,2.250853395575554
18283,1.4984849885019995
18284,1.0077527222609928
18285,1.054836205978888
18286,0.9677952234734293
18287,1.0483720349523122
18288,27.606370814066487
18289,13.018638522197511
18290,5.6549211645646835
18291,3.7751503225352594
18292,2.28318179159148
18293,2.474252900806799
18294,2.1099011848329123
18295,2.3825109733966063
18296,11.088785699888483
18297,5.002852111354239
18298,2.1362279149005765
18299,1.578416500570101
18300,0.965556017106086
18301,1.0706972470794027
18302,0.9779900296706365
18303,1.0425634753237323
18304,12.200154067713845
18305,5.606220251378397
18306,2.4220919133811836
18307,1.6591835572371028
18308,1.048039090895161
18309,1.1365378302313172
18310,1.023549059702614
18311,1.1401945398148583
18312,18.086988056262587
18313,8.362278571422046
18314,3.323661211907748
18315,2.3655778148649462
18316,1.5530944486557468
18317,1.6599005796023683
18318,1.4766063542927506
18319,1.5791144730451578
18320,20.14915412565462
18321,9.57602704024191
18322,4.057272464262256
18323,2.6625752423640177
18324,1.7419648115057456
18325,1.9198509663411356
18326,1.7210032465919856
18327,1.8750660870638791
18328,13.97429529073773
18329,6.8075680543507024
18330,2.506670539973966
18331,1.9171487314069242
18332,1.1705934446026578
18333,1.3060217533297276
18334,1.1494838203899043
18335,1.2974669004647943
18336,14.8351806285374
18337,7.133267535911597
18338,3.017751676925463
18339,2.045035436582385
18340,1.2278760716498727
18341,1.3678220923096904
18342,1.22058035993573
18343,1.3470730210327695
18344,43.01389216230635
18345,19.660686982798875
18346,8.822260066161355
18347,5.257181702337819
18348,4.103671921868789
18349,3.8141934357183938
18350,3.32624819711035
18351,3.6168410152400914
18352,12.497005625106222
18353,5.66997857726936
18354,2.4135098495528062
18355,1.6695216076787258
18356,1.0580456880765943
18357,1.1324319735606025
18358,1.0304573374398078
18359,1.1131100716620799
18360,16.553213088317747
18361,7.427052300425341
18362,4.838523154824207
18363,0.09220798145711993
18364,5.17210663767997
18365,2.0278230487575044
18366,2.459031647135519
18367,1.5910346915796563
18368,19.330612017792102
18369,8.463232261311802
18370,5.7001415139598794
18371,0.1104336325049366
18372,6.393040368382162
18373,2.3688062955255296
18374,2.9151963963333487
18375,1.8794994018041966
18376,17.496359622588624
18377,8.123543872467009
18378,5.140438537206293
18379,0.09744354810381725
18380,5.59708688651944
18381,2.072891089811692
18382,2.6283163003028163
18383,1.71705321200899
18384,16.260592352482522
18385,7.206401954830555
18386,4.895792499797859
18387,0.090372514467976
18388,4.929463526679441
18389,1.9191451236460872
18390,2.3573700686887147
18391,1.5658608899971629
18392,14.512947926714219
18393,6.434470867365311
18394,4.324801784835213
18395,0.08540511945792546
18396,4.650974017440782
18397,1.7623405998259172
18398,2.177999962443767
18399,1.4149043415364038
18400,16.367931328554267
18401,7.169204919246442
18402,4.782096241332712
18403,0.08048353059186975
18404,5.161670876913981
18405,1.8406534033195299
18406,2.394294633891974
18407,1.4693051796122443
18408,16.197362380616262
18409,7.5128049710483715
18410,4.747514486565327
18411,0.0958538960496107
18412,5.224445266163933
18413,1.9366256821065861
18414,2.399644651485573
18415,1.5829228461914728
18416,23.352976109871886
18417,10.560812123982792
18418,6.960448011721311
18419,0.13791702496247749
18420,7.395643964112698
18421,2.7106712824920054
18422,3.324703922807174
18423,2.2407599407410372
18424,27.02608364250964
18425,11.904167308070456
18426,7.3315964150780015
18427,0.16106273015709402
18428,8.17829695703154
18429,3.1023603694763984
18430,3.9421065481854716
18431,2.5384642854049173
18432,13.894921837549958
18433,6.512724834690857
18434,4.047117379988267
18435,0.080349754701155
18436,4.46206002194937
18437,1.6830439262757926
18438,1.9556817849119041
18439,1.332674371521785
18440,19.17474446940359
18441,8.845931053352782
18442,5.6621785005840675
18443,0.10817522189372371
18444,6.172474901501404
18445,2.3256000384361926
18446,2.81108423962657
18447,1.8795867509791921
18448,12.417754672339592
18449,5.398108632645535
18450,3.485365291035301
18451,0.06570730417576616
18452,3.336489067349343
18453,1.3642396115384976
18454,1.6040839498954516
18455,1.0855171211660926
18456,13.674564837916487
18457,6.364632389230475
18458,4.28571840444143
18459,0.08285209583376597
18460,4.746515159464388
18461,1.7344791919605562
18462,2.1374587418098767
18463,1.4506748509178222
18464,15.883355704469539
18465,7.394208632337337
18466,4.711066388365438
18467,0.09726477657101963
18468,4.803613385021853
18469,1.9064735352210116
18470,2.3651925196576555
18471,1.5927664954083651
18472,18.25463896710394
18473,8.070184134322187
18474,5.189468714889385
18475,0.10106480583371122
18476,5.644091428088147
18477,2.081780659553641
18478,2.6325735174914837
18479,1.7558897786366603
18480,24.2928178094354
18481,11.388403250240565
18482,7.137830865746976
18483,0.14094198093139976
18484,7.595248725798911
18485,2.956965134751821
18486,3.801964362082092
18487,2.413939948934691
18488,14.028377652235653
18489,6.504086605857609
18490,4.262859215718549
18491,0.07946638004379991
18492,4.528916742262312
18493,1.7700504965868533
18494,2.133988054483142
18495,1.4843501344339274
18496,38.33557602713161
18497,17.08452660353859
18498,10.57271601649425
18499,0.22946230377106402
18500,11.705157081425622
18501,4.455635674333719
18502,5.813319619385254
18503,3.4930991195751293
18504,18.414728416881307
18505,8.13460337220458
18506,5.131072257243023
18507,0.09796779000354854
18508,5.548552797445191
18509,2.0787749682189545
18510,2.6107807872520215
18511,1.7251618933986363
18512,23.324120919884724
18513,10.581632173830924
18514,6.4744597133235295
18515,0.11620467216172274
18516,7.108692737118427
18517,2.6588319863885705
18518,3.4329839237886777
18519,2.123539934141303
18520,34.962559893264306
18521,15.915424304532742
18522,9.83691057517688
18523,0.20261013156235572
18524,10.592106845035799
18525,4.185960597045084
18526,4.924863202671081
18527,3.2921320194888932
18528,29.68512289976924
18529,13.13517275728823
18530,8.671705242416085
18531,0.16181017947151347
18532,8.947360792515566
18533,3.4261060261645473
18534,4.291863688196249
18535,2.7283949764789424
18536,19.623742822305914
18537,8.65639008592598
18538,5.548444524103682
18539,0.12425907319271058
18540,6.041621342508072
18541,2.228792997144501
18542,2.881835799145806
18543,1.863771257333885
18544,13.848890962292053
18545,6.222946813176275
18546,3.9995983107809954
18547,0.09263317598126153
18548,4.514519216898364
18549,1.7197652044951923
18550,2.117629067667276
18551,1.324301575996078
18552,25.5932491843229
18553,11.07884360607704
18554,6.883146114076341
18555,0.1556043837160673
18556,7.694241293439814
18557,2.992579963789108
18558,3.7618300246037366
18559,2.3420563223519233
18560,19.87857423180982
18561,8.749187892448937
18562,5.875540243427176
18563,0.10715204040072884
18564,6.0431069333393514
18565,2.3647792710767743
18566,2.7789446338834938
18567,1.9230418168247405
18568,14.121297148066757
18569,6.447293665475975
18570,4.276275039733796
18571,0.0789792751770983
18572,4.6088139643058
18573,1.760713233925294
18574,2.139062071628973
18575,1.3925320041086866
18576,19.537434605843625
18577,8.991808674806553
18578,5.685308749969191
18579,0.1108883298702946
18580,5.836886431207606
18581,2.187893586771262
18582,2.8487766634526794
18583,1.8978685071213572
18584,13.0937961431904
18585,5.647992443169351
18586,3.825131850243435
18587,0.0840285323137611
18588,4.162679408378332
18589,1.643392218115246
18590,1.7908868526115298
18591,1.2382265147452227
18592,13.693445595398586
18593,6.051373074390393
18594,4.00078142416637
18595,0.08481683517533531
18596,4.4408435369050085
18597,1.5678413025631097
18598,2.0354706857568234
18599,1.2885755237991394
18600,28.701931855671575
18601,12.441721939577226
18602,8.190160425563917
18603,0.16376029534236186
18604,8.917848556369208
18605,3.1952820814077194
18606,4.157373306672644
18607,2.608803541260712
18608,14.248043437042597
18609,6.622468062762876
18610,4.315773855572232
18611,0.08339516507450406
18612,4.580106103439415
18613,1.7211447702887566
18614,2.191415858982607
18615,1.3962485335377612
18616,31.616550339110713
18617,13.488073425018305
18618,8.77564742210947
18619,0.1615820764028747
18620,9.338267743698191
18621,3.407111411180562
18622,4.5266338148822305
18623,2.9804097396801374
18624,21.360026665152112
18625,9.687040217883949
18626,6.17583369886681
18627,0.11994680797758871
18628,6.607443517989249
18629,2.571873289179585
18630,3.190927518637859
18631,1.9941548811365986
18632,15.726028139122345
18633,7.219351005368533
18634,4.5635688967623205
18635,0.09017792049745557
18636,4.894437074681893
18637,1.8653412823670423
18638,2.22194518159548
18639,1.5083547978100629
18640,40.633076290126894
18641,18.58649641315465
18642,11.542262635735819
18643,0.24005591762826184
18644,12.545058516092356
18645,4.871165510191107
18646,5.908654027682325
18647,3.928127069875714
18648,17.74710803268965
18649,8.150663273033619
18650,5.19721903947915
18651,0.09634194150132519
18652,5.603090435797745
18653,2.138179610176945
18654,2.58921753739452
18655,1.692429505204748
18656,23.385901888578243
18657,10.39639409714897
18658,6.491585869900853
18659,0.12284933231550663
18660,7.111255098049545
18661,2.6974672975060625
18662,3.2007690323767077
18663,2.165198662850988
18664,26.558681193200208
18665,11.795911639614308
18666,7.509152533172868
18667,0.14714871291033077
18668,7.9365773034217675
18669,3.023484533581629
18670,3.9393733504599866
18671,2.4487999961638596
18672,20.398565376067104
18673,8.921544722533586
18674,5.626342573635485
18675,0.11862227894836525
18676,6.16521786491964
18677,2.3263570392288186
18678,2.8229345304773252
18679,1.974784492464342
18680,21.13057741523393
18681,9.558281684543868
18682,6.118738630744675
18683,0.10996613297558841
18684,6.71133296799689
18685,2.422839702414244
18686,3.1634974550612927
18687,2.048895381308717
18688,13.525231062539948
18689,6.237332638322317
18690,4.061098384236956
18691,0.08220223484175447
18692,4.545217822773058
18693,1.5847925987254015
18694,2.079146324907462
18695,1.3190399882578299
18696,32.81430507090875
18697,15.012137467224202
18698,9.426270477823838
18699,0.18493038871433737
18700,9.750740499027259
18701,3.7897042804940284
18702,4.7596061677957415
18703,3.0302344467923743
18704,12.972615310607939
18705,5.737116216075221
18706,3.7205440416258067
18707,0.06683666462909219
18708,4.0010027767785905
18709,1.5066802516278177
18710,1.8650012252408328
18711,1.2683232850086466
18712,14.147497401936498
18713,6.3899366635813335
18714,4.323759999379644
18715,0.07727656574969874
18716,4.399709576533733
18717,1.7259567907585143
18718,2.1704714857349363
18719,1.4200712150083301
18720,21.662286259491193
18721,9.490458141417115
18722,5.827454308755975
18723,0.10861194555741316
18724,6.627313865938506
18725,2.4998824802748842
18726,3.1616153915260234
18727,2.0922245461357925
18728,24.774175718149802
18729,11.204565795912409
18730,6.80979319351647
18731,0.12520866922075716
18732,7.605255111231491
18733,2.9114048304079203
18734,3.5968153671598686
18735,2.5124894158363813
18736,16.422000896364775
18737,7.594242582016287
18738,4.628531430293368
18739,0.08913646053335557
18740,5.125893359383141
18741,1.9497455023735824
18742,2.4350702661516026
18743,1.6311820752158546
18744,17.819311887642275
18745,8.062900942303724
18746,5.225552280075299
18747,0.10165104509838944
18748,5.43120409974873
18749,2.0870324010311077
18750,2.5626749634339747
18751,1.7385239821930443
18752,49.809728726772114
18753,23.968240100180704
18754,14.636846213023775
18755,0.37119817639650393
18756,15.744667666686757
18757,5.96423707851986
18758,7.492004485797081
18759,4.9631279504180785
18760,14.47220537641532
18761,6.447793026902252
18762,4.371145974445975
18763,0.08042681749588518
18764,4.596357768616921
18765,1.7478643486591476
18766,2.27137297954513
18767,1.3704298898825642
18768,13.8737652699615
18769,6.7033638267601905
18770,2.7305558936908976
18771,1.6959110613854955
18772,1.221688867037396
18773,1.3288153834910417
18774,1.1577455827711904
18775,1.2226889313206684
18776,16.420636529425106
18777,7.445420417559448
18778,3.388906945398917
18779,2.1460318144137087
18780,1.6165701528934808
18781,1.5448230878121223
18782,1.3768780385775916
18783,1.4392693995323556
18784,15.297216172013616
18785,6.731731496135714
18786,3.1220301804199715
18787,2.01653816892505
18788,1.2755442589818518
18789,1.4810799424710444
18790,1.3196767206427444
18791,1.3440634670900256
18792,14.234608991827068
18793,6.477624420012971
18794,2.756229387616222
18795,1.8230624717153832
18796,1.2313115517253996
18797,1.2750361980454388
18798,1.1994284531638557
18799,1.2308390354978156
18800,12.673229113081499
18801,5.741620667221389
18802,2.4191411235787097
18803,1.6370668674104238
18804,1.1774966737037633
18805,1.164956350244828
18806,1.0490408392063286
18807,1.173103276519443
18808,14.346049123234526
18809,6.541264460059827
18810,2.5810172760764702
18811,1.8233602861714422
18812,1.273614255663321
18813,1.2333070988031742
18814,1.2254247972150663
18815,1.2450879048773187
18816,13.859268051312657
18817,6.56887861876113
18818,2.795323035623936
18819,1.7908811050248734
18820,1.1973492030748076
18821,1.2817105263038697
18822,1.1707646138416874
18823,1.2312563852935419
18824,20.094556341253625
18825,9.110299172986561
18826,3.5538162984540076
18827,2.728752890771102
18828,1.8033424189689746
18829,1.816920544064977
18830,1.6051140485546382
18831,1.703862582227181
18832,22.839826466426473
18833,10.279136107514152
18834,4.314849048888636
18835,2.93252801709481
18836,1.9810467761429202
18837,2.0926665660062107
18838,1.8840267368124461
18839,2.0530062620899936
18840,11.780989704319284
18841,5.714770701658668
18842,2.1623868242088005
18843,1.5057727071799867
18844,1.1719210593261957
18845,1.1232553145647584
18846,0.991153189958681
18847,1.1127754149160374
18848,16.789017314136295
18849,7.658616577228272
18850,3.444712774580552
18851,2.197016496732517
18852,1.5360069861015957
18853,1.5619132851009911
18854,1.4021852175621685
18855,1.4680469509977716
18856,9.921903914214106
18857,4.449075398699146
18858,1.9252788924557345
18859,1.3402204629186025
18860,0.999039279667753
18861,0.9917460795668731
18862,0.8713302467665923
18863,0.9420603271909458
18864,12.243994123711598
18865,5.576603497022693
18866,2.3851726178450794
18867,1.5958628549561373
18868,1.1431556611493456
18869,1.1382900489737773
18870,1.0273916633810005
18871,1.1372982055232466
18872,13.582639111379216
18873,6.6364020674693665
18874,2.656434163007066
18875,1.7510349995185348
18876,1.1538406304703142
18877,1.2395360854360495
18878,1.1174126752612066
18879,1.239025927825018
18880,15.635659336016039
18881,7.01569752724431
18882,3.1657833278044807
18883,1.9629039152317653
18884,1.353148996080046
18885,1.4040555090617763
18886,1.3079242139857674
18887,1.37631030938668
18888,20.728490138007306
18889,10.104138425074531
18890,4.182268711772968
18891,2.880068203077618
18892,1.8977766236255051
18893,1.976232251052559
18894,1.7921330502499715
18895,1.8678711004972721
18896,12.092551230476424
18897,5.560185418843527
18898,2.3953813468704617
18899,1.5863420975333111
18900,1.118784252698909
18901,1.1434607361876825
18902,1.042880836402244
18903,1.1955095098412722
18904,33.639612167079676
18905,15.239361305071377
18906,6.272670701949246
18907,4.318244849993541
18908,3.0289257137557115
18909,2.912111481686296
18910,2.590142104716967
18911,2.7746351283851682
18912,15.77260776804815
18913,7.264937442035399
18914,2.940712197551219
18915,1.9444986825689463
18916,1.3054217473053809
18917,1.3929889620664706
18918,1.2399444944480202
18919,1.3371707369402197
18920,20.052843203752673
18921,9.391421513381157
18922,3.8229528078423054
18923,2.6341426018227034
18924,1.8068931178069108
18925,1.797866282825716
18926,1.6638713803765404
18927,1.7386703756925928
18928,29.317286514193245
18929,14.129619231942945
18930,5.250798046640579
18931,3.630258150079369
18932,2.8163913998300734
18933,2.602704437092331
18934,2.2395127178306558
18935,2.5241105891905793
18936,25.92502349816675
18937,11.709233325918003
18938,4.557561164283361
18939,3.4015428781332084
18940,2.0975796664477975
18941,2.2344120826587965
18942,2.014424580162283
18943,2.129512310850367
18944,17.29249592142534
18945,7.639351023870477
18946,3.4220818422501473
18947,2.2079719122696337
18948,1.5676133549991873
18949,1.5286803025507039
18950,1.379269514714894
18951,1.459700507125518
18952,11.815712609335044
18953,5.390173117942642
18954,2.192247263865503
18955,1.540038098899182
18956,1.097252400106791
18957,1.1332541511128957
18958,0.9917110793220949
18959,1.033646018210237
18960,21.334106973889334
18961,9.814179271771984
18962,4.385306453378049
18963,2.8689904477070267
18964,1.844021032381086
18965,1.9062354312640717
18966,1.7578779497215682
18967,1.8940376492978181
18968,17.67344375768546
18969,7.745144957006866
18970,3.1727579815009443
18971,2.237092745260351
18972,1.5647847362907585
18973,1.5842641011402867
18974,1.4246508915888858
18975,1.5303570690527952
18976,12.65158986235382
18977,5.8154798350370775
18978,2.3293192684061093
18979,1.6061991717201545
18980,1.1368666952735993
18981,1.1156744836675654
18982,1.0230739445224335
18983,1.1308412599402697
18984,17.04575203498211
18985,7.994094819578847
18986,3.467676860826622
18987,2.2032334014156354
18988,1.472152402021442
18989,1.4799288831231703
18990,1.406967460702956
18991,1.4964654069006118
18992,11.076972089351772
18993,5.0224176328503125
18994,2.0993091199329146
18995,1.4428622673626132
18996,1.039858400977415
18997,1.0549207881503548
18998,0.9232619963844142
18999,1.0110271521334382
19000,11.692438261011755
19001,5.555438823398676
19002,2.2005863111829225
19003,1.4580929883232376
19004,1.0734548279466412
19005,1.1047551316521929
19006,0.9683825021947325
19007,1.0374040666987872
19008,24.588543325957293
19009,10.828958294941081
19010,4.24843582800757
19011,3.2647808407194603
19012,2.099425778276545
19013,2.1207637315135655
19014,2.008066655571813
19015,2.1361239823491927
19016,12.697214815469257
19017,5.736127713736147
19018,2.4400343900515358
19019,1.5817584334286332
19020,1.1143039904939391
19021,1.14823427884451
19022,1.0675779969365145
19023,1.1547102386386812
19024,27.648182752183363
19025,11.928391792032395
19026,5.331565428561873
19027,3.296536045335326
19028,2.4450963126816014
19029,2.2681586921837793
19030,2.036906720277181
19031,2.268891390937787
19032,18.292778179733446
19033,7.906582950674944
19034,3.5730061268152578
19035,2.3470143703738016
19036,1.6737381126593238
19037,1.6921092797805195
19038,1.4828824442238586
19039,1.546943704102858
19040,13.613274078730745
19041,6.428834356149791
19042,2.6050354878961413
19043,1.6373414058353353
19044,1.1871326557185897
19045,1.2175151179433266
19046,1.0926411896398436
19047,1.1746729456972416
19048,35.734513637048394
19049,15.761275214669928
19050,6.324246919664461
19051,4.410830390777191
19052,3.160310829174891
19053,3.142270573443824
19054,2.654149970404473
19055,2.9840853456174545
19056,15.038857615214837
19057,7.171830719936885
19058,3.0586123645496666
19059,1.942047642698897
19060,1.351933428842389
19061,1.4553072617633007
19062,1.2529117038448065
19063,1.2981588249487142
19064,19.546605508712144
19065,8.868383487567714
19066,3.8795681497666368
19067,2.5729779211996435
19068,1.7888957194507196
19069,1.7933572033978633
19070,1.6157158210562448
19071,1.644875969210112
19072,22.737256415970577
19073,10.66341297882651
19074,4.630740751860754
19075,2.9783617505373763
19076,1.93829613327194
19077,2.0810148433766367
19078,1.8900254941733625
19079,1.9660520549736145
19080,17.30664296596992
19081,7.308766424836238
19082,3.175081461969466
19083,2.176619577584699
19084,1.4863277771475345
19085,1.5147048619513153
19086,1.4246237936923807
19087,1.4898823660651666
19088,18.718923121723584
19089,8.508921458289842
19090,3.5917125353167183
19091,2.3049852616837945
19092,1.7178451753040007
19093,1.584460098981523
19094,1.4556993475786546
19095,1.6067674556510576
19096,12.236740979813389
19097,5.458934173842181
19098,2.2487247405315687
19099,1.5293317936556001
19100,1.0789574104777786
19101,1.10528553531869
19102,0.9863037621463547
19103,1.041974339996449
19104,28.31757814819404
19105,13.350504373921996
19106,5.457793707355666
19107,3.6944008195504816
19108,2.5312737476517992
19109,2.4607416984565726
19110,1.9732434067454587
19111,2.4848424458400142
19112,11.297801720181594
19113,5.12932068050707
19114,2.164565799802524
19115,1.5063482515442088
19116,1.0814113366477085
19117,1.10777072381116
19118,0.9239320671485945
19119,1.0299565383123206
19120,12.294619388450105
19121,5.709747809618375
19122,2.3425756294739872
19123,1.58032211288203
19124,1.1091380119314258
19125,1.1289961552428402
19126,1.0428153642068536
19127,1.1422487642784032
19128,18.599673715612692
19129,8.003156771277983
19130,3.271363299042248
19131,2.447673115235963
19132,1.6334696365688772
19133,1.6446709117540346
19134,1.4954575796886445
19135,1.5738372052066645
19136,20.0873184103192
19137,9.345590275920987
19138,4.041627230416557
19139,2.705822225541411
19140,1.7856729514237903
19141,1.8882413919672836
19142,1.8200519693555306
19143,1.8969406292659807
19144,14.017589523010203
19145,6.76039809346088
19146,2.733888489962337
19147,1.8709747732218351
19148,1.2517856583623224
19149,1.2995867994897372
19150,1.1967508883557072
19151,1.2611988693510114
19152,15.699197411213358
19153,7.175608623941858
19154,3.0723171145885586
19155,1.9470871622790054
19156,1.3570716645037688
19157,1.4626907717671773
19158,1.238511922401078
19159,1.3326439832406742
19160,44.066084895816736
19161,20.679250968743847
19162,9.015662406689
19163,5.383582316777928
19164,4.124643251069465
19165,3.9632353455278286
19166,3.4050912315057897
19167,3.8865787474851605
19168,12.623040134087008
19169,5.756310706396465
19170,2.3539320980705387
19171,1.6065166547857974
19172,1.1378708528716774
19173,1.141811678292127
19174,1.060367204589861
19175,1.1522785403421214
19176,20.408337834097512
19177,9.669412446101834
19178,4.196932855681291
19179,0.990824233635655
19180,3.7254780276330806
19181,1.8093576198008399
19182,1.9301124577041184
19183,1.5587555376098865
19184,23.593062744274558
19185,10.64463258125126
19186,4.850978415621415
19187,1.083485138109626
19188,4.664746793293835
19189,2.094205101664407
19190,2.128069954704979
19191,1.8248426176668247
19192,22.157288791851364
19193,9.873551513993984
19194,4.5361208778705
19195,0.9764155120589236
19196,3.9702655560766313
19197,2.008305266894368
19198,2.100547337910079
19199,1.669922351184065
19200,20.386515906773354
19201,9.27159616626525
19202,4.243258532630663
19203,0.9577960806449448
19204,3.711626424384402
19205,1.7383631077945634
19206,1.9147741391558413
19207,1.5539457915058257
19208,18.242245629903383
19209,8.389481347938759
19210,3.7011845787258366
19211,0.9290322556826672
19212,3.371377398326017
19213,1.5952137952171508
19214,1.7296054988305964
19215,1.41417225805419
19216,20.614399159635177
19217,9.415426170291658
19218,4.083080733224718
19219,0.9399638154040473
19220,3.6904975787451937
19221,1.7043628844799197
19222,1.880541431061696
19223,1.486080390510567
19224,19.944694185615344
19225,9.733618824782068
19226,4.1840013990802
19227,0.9664693860437358
19228,3.842462934942945
19229,1.7804401107024994
19230,1.9517430305084884
19231,1.5958130908308998
19232,28.386084382862048
19233,12.921007131338591
19234,5.798946750235266
19235,1.2921281178971071
19236,5.3779889761369075
19237,2.5396578146831694
19238,2.6250905510936633
19239,2.2000828668218073
19240,33.72309079931444
19241,14.757115398119218
19242,6.760726663249159
19243,1.4864187985591897
19244,5.943388079437629
19245,2.794353573877978
19246,3.136733381140497
19247,2.538018781997219
19248,16.940481992952694
19249,8.150042859544824
19250,3.374134556766365
19251,0.836382126515842
19252,3.229450134978323
19253,1.520263712548569
19254,1.5413695625772836
19255,1.3186381170963277
19256,24.30829147642641
19257,11.05190113551115
19258,4.896416943186437
19259,1.090627859919155
19260,4.363874466463133
19261,2.045214314777536
19262,2.2279461187775205
19263,1.8465925417343207
19264,15.130088995282938
19265,6.367596109329858
19266,2.8449440855746406
19267,0.8177076653727086
19268,2.587749915773372
19269,1.2878785474123209
19270,1.3627056484277158
19271,1.1717844044534182
19272,17.71236643312526
19273,7.884524773534855
19274,3.759594756154606
19275,0.8689491508199135
19276,3.4053609225254378
19277,1.54695221929152
19278,1.664412282645642
19279,1.414996310740053
19280,19.9879050439812
19281,9.329267294101111
19282,4.050452045601458
19283,0.9357667053824869
19284,3.544808265721
19285,1.7105425315519158
19286,1.8469157323621137
19287,1.5286930868673023
19288,22.957055683798405
19289,10.24214636008912
19290,4.861692656102262
19291,1.0414475718222511
19292,4.044977260106653
19293,1.9965188761266286
19294,2.1298650911446564
19295,1.737202122873387
19296,29.608328549010743
19297,13.61258229782556
19298,6.30155833255651
19299,1.430557452580939
19300,5.482683896965165
19301,2.6884347819471
19302,2.917294546639713
19303,2.3365908653467025
19304,17.33470159826964
19305,8.142094049632362
19306,3.727487929926606
19307,0.8251943635466045
19308,3.339919797874511
19309,1.5260535882254722
19310,1.6611801792722907
19311,1.4178219083802515
19312,47.63757588198109
19313,21.409681611276554
19314,9.563203602815221
19315,1.9823190061296714
19316,8.625594120782324
19317,4.290463254101483
19318,4.525595183636453
19319,3.495800967944824
19320,22.465895423985785
19321,10.30430773694494
19322,4.47517494021635
19323,1.0411954486951192
19324,4.004563516648695
19325,1.9232863834701799
19326,2.0793427752465177
19327,1.7562011502983832
19328,28.152884117598475
19329,13.417189898372715
19330,5.771394988684755
19331,1.2492835518538667
19332,5.307379225916963
19333,2.411502893649287
19334,2.5720694938787663
19335,2.1085016819186406
19336,44.05395581584136
19337,20.076168860230784
19338,8.604853442288318
19339,1.9326378857203563
19340,8.052810951526578
19341,3.7151885014541404
19342,3.9141160908591837
19343,3.2963928255713943
19344,36.958150460104555
19345,16.82296428729602
19346,7.507965186548977
19347,1.6869339280353155
19348,6.7785817849336025
19349,3.178575278031804
19350,3.3165778083864224
19351,2.6839775939202806
19352,24.246808936666582
19353,10.938105015509098
19354,4.969160693128316
19355,1.1459861022750064
19356,4.323287291760621
19357,2.0453184790727628
19358,2.17650825875834
19359,1.786640889010701
19360,17.406842366253834
19361,7.716627930334578
19362,3.3444665186430327
19363,0.8247191667722746
19364,3.1683374233346284
19365,1.526085811331363
19366,1.601616177830822
19367,1.2974417881711702
19368,31.541641654613194
19369,14.275380918697655
19370,6.32802881672967
19371,1.3491828979560982
19372,5.567444964109949
19373,2.5878185819617667
19374,3.00993777152053
19375,2.3628778987859462
19376,24.824656110302737
19377,11.377646010899538
19378,4.998811473552805
19379,1.1052570499972794
19380,4.419394726459821
19381,2.1346384662056352
19382,2.199127656103591
19383,1.831855447183321
19384,17.784705683680762
19385,8.191324016182147
19386,3.666501588382953
19387,0.8295439886850899
19388,3.287735325546111
19389,1.5503409896725096
19390,1.6130381571802948
19391,1.3633597958675727
19392,24.922478001593756
19393,11.13932038675107
19394,4.9641998548795225
19395,1.1391505588655229
19396,4.262641676862879
19397,2.0101110721268016
19398,2.207450223488351
19399,1.8986742807041086
19400,16.79787217593468
19401,7.237559579639805
19402,3.185639608612592
19403,0.8285949353088085
19404,2.9998749879391697
19405,1.4245840885305388
19406,1.4603309374949884
19407,1.2778226661886882
19408,17.431733102080006
19409,7.501534906038169
19410,3.4096768011330836
19411,0.8236707380203158
19412,3.241744135943432
19413,1.4737596058702238
19414,1.5875240586451094
19415,1.307852055424889
19416,35.9927949595783
19417,15.67729566257405
19418,6.901845405634984
19419,1.446280459645795
19420,6.464134103748767
19421,2.9224080255548532
19422,3.220453981864041
19423,2.6524808703303053
19424,19.094627670901318
19425,8.40155146061302
19426,3.804878497950241
19427,0.9119926518532153
19428,3.3532762910359257
19429,1.5682077963075567
19430,1.7469134485589537
19431,1.4389984763941732
19432,40.4189695383121
19433,16.749049827136968
19434,8.184328071367792
19435,1.7090202093387339
19436,6.8503866026533595
19437,3.1741293025875335
19438,3.669859473053829
19439,2.8468680982171017
19440,26.685922650421922
19441,11.826226817570612
19442,5.55995597585058
19443,1.154567975725801
19444,4.841879781054235
19445,2.327183315702041
19446,2.497466820079708
19447,1.9957585217783818
19448,19.23859206204853
19449,8.835732856301272
19450,3.9814868960925693
19451,0.9812803790119903
19452,3.596861869225846
19453,1.6794927567954305
19454,1.781799064265411
19455,1.486960636107458
19456,50.9796639448102
19457,22.156159406241926
19458,9.826593141726514
19459,1.988662379141398
19460,9.2198901485651
19461,4.460849734415503
19462,4.566696635989202
19463,3.790709219779152
19464,22.09249807996489
19465,10.550096336689974
19466,4.830368140880525
19467,1.0196446842923528
19468,4.13444552810487
19469,1.9953011351635976
19470,2.0351584562263896
19471,1.6594090721580723
19472,28.912521510296145
19473,12.57814950260263
19474,5.516834514012567
19475,1.274627650420678
19476,4.967497740264032
19477,2.4637984005741993
19478,2.555619023490172
19479,2.1195105602542617
19480,32.533250822996784
19481,14.509403101570678
19482,6.864466950614406
19483,1.3856026115275928
19484,5.922934749441373
19485,2.8785162040324117
19486,3.1847305496215244
19487,2.5263466163990276
19488,25.002209489777556
19489,11.114913970907768
19490,5.150758253324493
19491,1.1334913248128329
19492,4.49688405306326
19493,2.1713753016212727
19494,2.2854139217631864
19495,1.850893629679961
19496,25.824870926157182
19497,12.337997784078325
19498,5.4829459583692
19499,1.1731367928464114
19500,4.817276238257609
19501,2.2700285899325223
19502,2.4439243364184984
19503,2.0617661406154113
19504,17.261929568014697
19505,7.535958037024826
19506,3.4489957740869284
19507,0.8393627756158081
19508,3.144624906159034
19509,1.4488793102334985
19510,1.559565677229114
19511,1.3301327470988342
19512,41.86316192451966
19513,18.13891797358793
19514,8.10676115483496
19515,1.8219943805906285
19516,7.388064205434011
19517,3.447592910012316
19518,3.582527662175983
19519,3.068109315979962
19520,16.07877345826855
19521,7.4544427210899595
19522,3.262051944824035
19523,0.8369484383443286
19524,2.9575916291086948
19525,1.4349715863426233
19526,1.4596241761367796
19527,1.2840264877939678
19528,17.819710289190645
19529,7.89591961041488
19530,3.6931123153412266
19531,0.8596203374747721
19532,3.3132402927889677
19533,1.5906464110881309
19534,1.6225217299435428
19535,1.4055521880985244
19536,26.916227986906573
19537,11.771688453230288
19538,4.958082260917297
19539,1.1466984297665679
19540,4.850392493193332
19541,2.329389656071915
19542,2.3803367315380344
19543,2.0593963005238116
19544,29.410969829177795
19545,13.35478173215938
19546,6.0249647237137784
19547,1.293096311172432
19548,5.302719241288051
19549,2.6093444480531542
19550,2.949619795073429
19551,2.402999636097062
19552,20.019558513001517
19553,9.514592225489217
19554,4.122601935824937
19555,0.9142596606614852
19556,3.7071439875347085
19557,1.7431259382495823
19558,1.8937966360367688
19559,1.5315518191503226
19560,22.701756343382634
19561,10.058221641548021
19562,4.687402065578075
19563,1.0378952168455589
19564,4.076239381105941
19565,1.994305562088912
19566,1.965098367646428
19567,1.7137431984669198
19568,61.625113506915106
19569,30.559123443176944
19570,12.800377551985878
19571,2.809718620394473
19572,11.749500748831505
19573,5.699753763505288
19574,5.887561416856908
19575,4.960954584167121
19576,18.004892121542554
19577,7.922856703658118
19578,3.7288140532706597
19579,0.8973007238004531
19580,3.33238655440265
19581,1.5331312529186796
19582,1.7570030934299317
19583,1.386457005295059
19584,14.687622705354965
19585,6.831389816036985
19586,2.844400417502315
19587,1.7446180968972442
19588,1.4832807828634387
19589,1.3451775127448193
19590,1.2027251488689599
19591,1.2744607048331873
19592,17.361158421815688
19593,7.858057783702248
19594,3.4618927289210766
19595,2.0861273652133465
19596,1.9073000739380412
19597,1.6252138444691528
19598,1.4925924795600016
19599,1.4942692464639311
19600,16.10895376238708
19601,7.409154707263213
19602,3.2353902236509877
19603,1.91525089494771
19604,1.721553066046889
19605,1.4372035111415822
19606,1.3908567330621702
19607,1.3690012890800376
19608,15.161832048252053
19609,6.813558568980126
19610,2.9617513431192948
19611,1.7675453287231013
19612,1.5563988594176201
19613,1.3589081905843063
19614,1.2785830418949788
19615,1.2873348161724567
19616,13.44715284399927
19617,6.102159768774996
19618,2.538403531260683
19619,1.6359866713532458
19620,1.4329214940769552
19621,1.2213044703651568
19622,1.1531318188278579
19623,1.1785873270031986
19624,15.500872601612338
19625,6.780280605126915
19626,2.877148878763945
19627,1.716274333937373
19628,1.6478802236187393
19629,1.3132725605228515
19630,1.280308073148877
19631,1.2574338221940542
19632,15.05228659414832
19633,6.784215055485475
19634,2.9198359321364804
19635,1.7700768825657753
19636,1.55875981761939
19637,1.3410181639534777
19638,1.2358089824774718
19639,1.275712007912933
19640,21.365568800690845
19641,9.677562058946139
19642,4.175304862834649
19643,2.559155212524479
19644,2.3124061424028977
19645,1.8970448228813295
19646,1.7426137968333701
19647,1.7792232772434895
19648,24.773360718671743
19649,11.12353845584854
19650,4.646355281124015
19651,2.806475597768539
19652,2.5964353181952724
19653,2.1438191761967906
19654,1.9316195689464624
19655,2.0106889887503225
19656,12.700831383653536
19657,6.177448001417856
19658,2.3498913110204467
19659,1.4981286842252133
19660,1.4112643542070176
19661,1.1915713353349149
19662,1.1041631458807863
19663,1.1468407503545743
19664,17.478695013790322
19665,8.308053222771411
19666,3.5009205271033044
19667,2.100352023938243
19668,1.9170938284867776
19669,1.6116345202456945
19670,1.5064898655581709
19671,1.5039312175064705
19672,10.674444892388784
19673,4.602180307647206
19674,1.9993745965540526
19675,1.2887514156951594
19676,1.1555809482377142
19677,1.0053999015883859
19678,0.9419555959725505
19679,0.9577709501611377
19680,12.576602924243875
19681,5.990217829457811
19682,2.5694402795178872
19683,1.5892825956678724
19684,1.416007798740065
19685,1.188334373293243
19686,1.0962265387647632
19687,1.1570260987903713
19688,14.310080702549559
19689,6.923865737919599
19690,2.7761718586430457
19691,1.7502404359204584
19692,1.4452377636512277
19693,1.2989182460864603
19694,1.2268895233874464
19695,1.2714368145833785
19696,16.876444578333604
19697,7.618214050382165
19698,3.2468980134667835
19699,1.9660270220372764
19700,1.7565127936595524
19701,1.4446357239044525
19702,1.3883567904583138
19703,1.4205882763698892
19704,21.88035711173957
19705,10.588367695264761
19706,4.463825669591235
19707,2.7196308146156527
19708,2.489193394955903
19709,2.030723588792555
19710,1.8746050239648135
19711,1.883584528981745
19712,12.596385605598483
19713,6.0178877106506565
19714,2.50810838502759
19715,1.5664394217451034
19716,1.331270693933743
19717,1.196703095777287
19718,1.0900142634420409
19719,1.1769254697092684
19720,35.57232870939192
19721,16.045780901700688
19722,7.027646026016254
19723,3.8609613408288284
19724,3.7845361229385386
19725,3.006655568689433
19726,2.767506450966629
19727,2.705320222101625
19728,16.773029280749245
19729,7.675716561337338
19730,3.100971836461718
19731,1.9415780496532853
19732,1.6763325655887262
19733,1.4563557375050045
19734,1.3214941887442941
19735,1.4053575159837501
19736,20.957679175104747
19737,9.675588426744804
19738,4.190351106270286
19739,2.5086916276156495
19740,2.225890151458534
19741,1.8935829370826305
19742,1.7883983059430104
19743,1.7223933254122703
19744,32.30592146683363
19745,14.556905522299699
19746,5.748426639180222
19747,3.6291913155098854
19748,3.3007016940347094
19749,2.782970625663412
19750,2.5068061873485905
19751,2.5402354477582176
19752,27.080545871817982
19753,12.062902789176128
19754,5.197475956203916
19755,3.181664493719145
19756,2.800735472247304
19757,2.2981811619138934
19758,2.086575184470148
19759,2.1580358004967493
19760,17.570739439131305
19761,8.166840814772323
19762,3.4508528248708115
19763,2.0995845820184265
19764,1.8584199247029642
19765,1.5332459951354551
19766,1.4457598448731823
19767,1.4657955062159167
19768,12.91363941000059
19769,5.669008434934987
19770,2.32780050117191
19771,1.4767988643569698
19772,1.3195573065357709
19773,1.2020879692225115
19774,1.090591237035565
19775,1.1098065675379787
19776,22.882912917813677
19777,10.102911962884475
19778,4.426198090334092
19779,2.6454580412125037
19780,2.4012525598503607
19781,2.039942422796058
19782,1.9254776127518523
19783,1.8616265503964244
19784,17.99748945638069
19785,8.154465050729778
19786,3.363481405545348
19787,2.0928056818305136
19788,1.84133830040291
19789,1.6268864372589824
19790,1.4719880627042807
19791,1.527625279547551
19792,13.022891600495722
19793,6.079338434927575
19794,2.6057329532051465
19795,1.5491629418336244
19796,1.3797977643256705
19797,1.202444913299623
19798,1.0924288999344507
19799,1.1498401277859798
19800,17.887583009315552
19801,8.432046817816326
19802,3.4935810002700913
19803,2.1164480641169736
19804,1.7551072870161066
19805,1.5206778492771038
19806,1.4586151125891471
19807,1.4915330813315903
19808,11.945890964912426
19809,5.152699981731072
19810,2.229698620723662
19811,1.4941211187159549
19812,1.2308699893269295
19813,1.104890584152296
19814,1.0197224417325927
19815,1.0707640618973435
19816,12.219060499576651
19817,5.589383428769773
19818,2.3938051459512955
19819,1.439850515213945
19820,1.317937264387351
19821,1.134544046942754
19822,1.072482752298767
19823,1.102689658287476
19824,25.797379514013162
19825,11.07245126195215
19826,4.655262961229722
19827,3.081293186215879
19828,2.8524617525589626
19829,2.216106179805589
19830,2.0588705485637653
19831,2.1057374267711806
19832,13.348934849278463
19833,6.233841022801159
19834,2.614492322095427
19835,1.6012226989777878
19836,1.4005800823520786
19837,1.223059876980298
19838,1.1552608215921059
19839,1.1775591405022345
19840,28.41063020582323
19841,12.216412922462531
19842,5.650883820498458
19843,3.209711465392743
19844,2.797362849965933
19845,2.3587812575379634
19846,2.2710445619053887
19847,2.347525507716946
19848,19.464289313538735
19849,8.951167817698664
19850,3.9744817221015762
19851,2.2155919002412485
19852,2.033383210271477
19853,1.7692578090338067
19854,1.6116287840710326
19855,1.6045554339448604
19856,14.49800681343551
19857,6.766785519862287
19858,2.753688303095866
19859,1.681604166573498
19860,1.4930251637934626
19861,1.2763427391061661
19862,1.1645573041277886
19863,1.2276570990968998
19864,39.121011091360806
19865,17.224074984839756
19866,7.3582201962133755
19867,3.877799957195263
19868,3.9983658321805935
19869,3.30330659820202
19870,3.0427528633456142
19871,2.9789576162528553
19872,16.126231053502387
19873,7.692687265522245
19874,3.19960712007024
19875,1.9240740648532086
19876,1.716465498433502
19877,1.4628488919662452
19878,1.3365420331442703
19879,1.3771306782793964
19880,20.66960908593203
19881,9.416231052624545
19882,3.834525333082976
19883,2.379440025630251
19884,2.199204499789797
19885,1.84504370837741
19886,1.6410136411758331
19887,1.7013177092761034
19888,24.04065401070514
19889,10.705958536019466
19890,4.7237848182770374
19891,2.7510030980126565
19892,2.470454920474952
19893,2.1282120198838883
19894,1.9953795908421263
19895,1.9663673472294214
19896,18.025665936301863
19897,8.136487785694165
19898,3.4225532719980842
19899,2.100241400891541
19900,1.926078503577906
19901,1.6003143326097338
19902,1.4922354885338358
19903,1.5334796219053077
19904,19.102687725098686
19905,8.976782777960473
19906,3.8920656395989126
19907,2.2007961959772593
19908,2.066212462700664
19909,1.6685396998540105
19910,1.5845253751221668
19911,1.625139748824609
19912,12.611158113960792
19913,5.736749713407969
19914,2.4339379900203184
19915,1.4508556272640292
19916,1.3335247012209066
19917,1.1269012087808394
19918,1.073584566551198
19919,1.0964728248254607
19920,29.748584817853036
19921,13.816882154561704
19922,6.136687756877767
19923,3.632249801626465
19924,3.0496902447463956
19925,2.5956433670086843
19926,2.3491397159291414
19927,2.4277830842914434
19928,11.554639414412312
19929,5.222193189142855
19930,2.2484221436875647
19931,1.4866130995847524
19932,1.223659929926804
19933,1.112940871997261
19934,1.0406292952418357
19935,1.0609409587517062
19936,13.059693543160794
19937,5.932245911945527
19938,2.606610185465848
19939,1.5774841314230845
19940,1.3471837454405313
19941,1.1962763602661322
19942,1.1171082256989706
19943,1.1794202078473635
19944,19.68264778122609
19945,8.948329103146268
19946,3.6541488127871427
19947,2.285452450131013
19948,2.1237116164989365
19949,1.7626579737766825
19950,1.6410707749345834
19951,1.658707414391848
19952,22.047814139984435
19953,10.266805716417801
19954,4.3738348410664285
19955,2.4925904009228583
19956,2.3306255129252427
19957,1.9864895378186207
19958,1.8390904821421894
19959,1.9261173636570528
19960,15.304719834377499
19961,7.303530322884482
19962,2.774153439634831
19963,1.7719536695478024
19964,1.6240829485466068
19965,1.3518640865048532
19966,1.2715110643864345
19967,1.3206886789588417
19968,15.794381277345172
19969,7.583815904815298
19970,3.207415057678069
19971,1.9327235971594945
19972,1.6165268281078657
19973,1.4300849734978411
19974,1.3198799569254316
19975,1.4018114048706127
19976,47.72375775662852
19977,22.246243303158646
19978,9.985182465906329
19979,5.215537103329149
19980,5.368522381556234
19981,4.144358489614887
19982,3.7917054405923647
19983,3.9238706584538994
19984,13.26030966891258
19985,6.009139223683675
19986,2.588098874324671
19987,1.5906182743530155
19988,1.3605740143276572
19989,1.1946659133108037
19990,1.1184689172165536
19991,1.1649554974048473
19992,13.941961072156229
19993,6.51402261168687
19994,2.7055328523047817
19995,1.814308141687543
19996,1.1742598665947563
19997,1.3150436017713258
19998,1.130767519955625
19999,1.245796604457656
20000,16.353287155275442
20001,7.577188522513402
20002,3.266866639486881
20003,2.1695649011390743
20004,1.4901269393167582
20005,1.5790759744608507
20006,1.3851778011055638
20007,1.4589726981363682
20008,15.441179308664871
20009,7.08573263154691
20010,3.070691485241653
20011,2.013387959585475
20012,1.3493152718280546
20013,1.4008878183089062
20014,1.3088042431226843
20015,1.3448131586792582
20016,14.315668837327252
20017,6.499645405010002
20018,2.7929023801599913
20019,1.8236334148248705
20020,1.2243654923572127
20021,1.2988383335107097
20022,1.1840711307141363
20023,1.2327736540084657
20024,12.713222111511453
20025,5.853049652985889
20026,2.3833621297477237
20027,1.662849507426307
20028,1.1464936883699772
20029,1.1533034547713392
20030,1.0513992644866055
20031,1.124296124197005
20032,14.745628844188838
20033,6.52817847804609
20034,2.6736333337984304
20035,1.8166532300945957
20036,1.2667218417530668
20037,1.2794657953983077
20038,1.1904913219010744
20039,1.240766919356837
20040,14.2422111231704
20041,6.427528277140396
20042,2.7663028179571745
20043,1.8264404481135454
20044,1.2002649539189514
20045,1.2902195582543579
20046,1.1434329156697736
20047,1.2273725292254514
20048,20.060388144927987
20049,9.262341233732325
20050,3.974923856988049
20051,2.6459362840545384
20052,1.8099463985288908
20053,1.8506245504518433
20054,1.6251593716214763
20055,1.7483883809261378
20056,22.782231268815146
20057,10.677971982346962
20058,4.356473968016086
20059,2.8367527427526555
20060,2.018700883488126
20061,2.073910863815118
20062,1.785966482659125
20063,1.9585671784954868
20064,11.920051384813565
20065,5.883491537069548
20066,2.1739461603806105
20067,1.5372695085129975
20068,1.0926293722007314
20069,1.1143201771800124
20070,0.983969361701724
20071,1.0929394766057168
20072,16.522854291974795
20073,8.02286446053384
20074,3.3034586127334196
20075,2.16942041389768
20076,1.518354390014162
20077,1.5624984515560856
20078,1.396680132820545
20079,1.4643565354865167
20080,10.291603711805415
20081,4.433905544067305
20082,1.9318484385497041
20083,1.3733621918699976
20084,0.9780923699871694
20085,1.0048373628915381
20086,0.9130837316175294
20087,0.9777154281567321
20088,11.97292997145384
20089,5.744037091676833
20090,2.439363146301607
20091,1.6497739222300418
20092,1.1339626513533665
20093,1.1495885172623976
20094,1.0201048082653907
20095,1.129339444966344
20096,13.38473268168155
20097,6.596614474111557
20098,2.617050852338909
20099,1.7833782727918357
20100,1.1555138534931133
20101,1.235764097953151
20102,1.1238969418852471
20103,1.21271307192405
20104,15.835997611364595
20105,7.1804773120257845
20106,3.038774858952342
20107,1.9929760005264252
20108,1.3391287209113043
20109,1.3751157604635469
20110,1.2591301113759878
20111,1.357570776695106
20112,20.228614323969463
20113,10.15064055932947
20114,4.277130944074631
20115,2.804394575252859
20116,1.9482766653361063
20117,1.9836563428535825
20118,1.7431405209815551
20119,1.8595640674162541
20120,11.991961043528434
20121,5.776840197146345
20122,2.386083647173325
20123,1.6223683594579728
20124,1.0847307057941094
20125,1.1606532993951204
20126,1.016895994541089
20127,1.1443083315762657
20128,32.32192133853751
20129,15.16113873593546
20130,6.621214751361522
20131,3.961108873475305
20132,2.9247928684320312
20133,2.912366183139396
20134,2.567310810773373
20135,2.6660185896027304
20136,15.585162293965181
20137,7.326795945120974
20138,2.894404776637324
20139,1.99366458584184
20140,1.3132058360517778
20141,1.3821314624305285
20142,1.2119626770526255
20143,1.3363502332610937
20144,19.51345074462569
20145,9.323775028498304
20146,3.9944756356254087
20147,2.608401279928675
20148,1.6884473533058655
20149,1.8378720047651451
20150,1.6622080995388522
20151,1.6919080584259272
20152,29.372518189062205
20153,13.946415416798738
20154,5.311235110106045
20155,3.6374461813166494
20156,2.5825354025550356
20157,2.667120566335421
20158,2.3467890015055897
20159,2.485178653957868
20160,25.268419896439237
20161,11.658054191328443
20162,4.87843702227783
20163,3.2939552532542016
20164,2.1907862816643515
20165,2.265395715716691
20166,1.9534491821064857
20167,2.1526413663236927
20168,16.605239540035868
20169,7.852393040666241
20170,3.298713927376107
20171,2.1830597190688255
20172,1.480322054049195
20173,1.4950094459953494
20174,1.361320236606608
20175,1.4307314317532562
20176,12.379636885522975
20177,5.477051131498639
20178,2.2199325950836912
20179,1.5204549324974583
20180,1.0626750251948434
20181,1.1536996549098673
20182,1.0153234800224082
20183,1.081377819567102
20184,21.52546217157288
20185,9.788337152399654
20186,4.277226132139771
20187,2.7490543798698996
20188,1.9050465375687327
20189,1.9944213271346656
20190,1.8145908391972305
20191,1.8313021741479392
20192,16.834693727752132
20193,7.817381940437464
20194,3.132039676186193
20195,2.172886171140509
20196,1.4518604906514252
20197,1.5811700100842263
20198,1.3799180250964633
20199,1.485422733104265
20200,12.376786372284428
20201,5.84809021975185
20202,2.4705682302559016
20203,1.588756404406916
20204,1.1003337880956792
20205,1.1571852861855423
20206,1.0069283342660873
20207,1.120869725912291
20208,16.537799753199845
20209,8.064808650747242
20210,3.2998427678805164
20211,2.2001845205123765
20212,1.3811447130614263
20213,1.4861232314695094
20214,1.3540879165282214
20215,1.466851686054043
20216,11.44292059441034
20217,4.978894834331028
20218,2.1384192396886776
20219,1.5444594724342338
20220,1.0030191364312744
20221,1.0728149172659909
20222,0.9620732945164736
20223,1.053524300716353
20224,11.708757810032278
20225,5.393669244130647
20226,2.28766463235718
20227,1.4977683560015438
20228,1.0701367273964189
20229,1.102943068032482
20230,0.9996463950003829
20231,1.0860375087209426
20232,23.420925027644145
20233,10.609239295423375
20234,4.3911162133968755
20235,3.1567699338498665
20236,2.2227459318656075
20237,2.157372080491567
20238,1.899721213249646
20239,2.065399632487378
20240,12.601077549182715
20241,5.924685873547058
20242,2.44150668616218
20243,1.6252294426095395
20244,1.094156850277868
20245,1.156632366955264
20246,1.0438831058238929
20247,1.1323287836133589
20248,25.838834440462847
20249,11.65516956144579
20250,5.339326887617214
20251,3.2410691475560305
20252,2.2267506654244493
20253,2.2322107241820484
20254,2.0694019656031077
20255,2.2405784124298154
20256,18.717785110170656
20257,8.685193669408703
20258,3.8305384822929915
20259,2.3327589441302017
20260,1.6496559416894927
20261,1.7382415738372765
20262,1.5376185621148986
20263,1.5826695548338823
20264,13.725969599354572
20265,6.489668362753466
20266,2.6072804184210567
20267,1.7103637521529405
20268,1.1741787489347184
20269,1.2190792673097819
20270,1.0719283246299929
20271,1.1747050084030946
20272,35.47097956358602
20273,15.662917869490277
20274,6.743161866336211
20275,4.088330636128842
20276,3.0728511029233063
20277,3.153391268976164
20278,2.7983653702683267
20279,2.892609279797538
20280,15.007843959364731
20281,7.375650971525653
20282,2.994051430038867
20283,2.0186899884266865
20284,1.3281895327069193
20285,1.4204540660021365
20286,1.2359044726787616
20287,1.3501730941489543
20288,19.775461868637667
20289,9.073070474092725
20290,3.563860931145429
20291,2.465276961144663
20292,1.7259190847058077
20293,1.8035996362937083
20294,1.5207397690717634
20295,1.6759350594745852
20296,22.36848608681446
20297,10.24552134693914
20298,4.536212707140038
20299,2.8285103087227657
20300,1.956332265347443
20301,2.0744317906917797
20302,1.866995616612486
20303,1.9305369398813796
20304,16.884355712238598
20305,7.73175438083369
20306,3.1706584098885
20307,2.1713972574532643
20308,1.4955755691368557
20309,1.5328806158429056
20310,1.3726177027207607
20311,1.4745143755032555
20312,17.9515039211955
20313,8.662290319703864
20314,3.679222140281677
20315,2.2638900478930886
20316,1.6171749263296538
20317,1.610052222905064
20318,1.4718052046548553
20319,1.578469197097028
20320,12.083374093472314
20321,5.533208037055974
20322,2.3416766031776457
20323,1.4966860871297871
20324,1.100624228687697
20325,1.0938479876947347
20326,1.0141915808827107
20327,1.072431959300122
20328,27.09259909641954
20329,13.19927257241358
20330,5.847957881795321
20331,3.6479629758984857
20332,2.314262093052878
20333,2.5335245254489585
20334,2.171468799540078
20335,2.391697256404139
20336,11.240419313495025
20337,5.077145159837131
20338,2.151954155911226
20339,1.5345352031704926
20340,0.9890615008655831
20341,1.0712283947085683
20342,0.9716715796788538
20343,1.0264360835889204
20344,12.42853497425954
20345,5.7004596513708625
20346,2.4636939007172383
20347,1.627738370716532
20348,1.0746657176025587
20349,1.1467794845148502
20350,1.0322903621693078
20351,1.1493438238998697
20352,18.471563840537332
20353,8.58659293862969
20354,3.4214753208380895
20355,2.344556388978639
20356,1.638618669290102
20357,1.713628520120892
20358,1.5209806640816192
20359,1.624806026093278
20360,20.835119120631695
20361,9.871752530644503
20362,4.177438183321403
20363,2.6138118494441436
20364,1.8350432995612982
20365,1.9614067968060798
20366,1.7411378909288477
20367,1.9055201034756417
20368,14.249814256552181
20369,7.014288145115612
20370,2.600888321731487
20371,1.8705896027239095
20372,1.2440346780473
20373,1.32217839772527
20374,1.1749172104638537
20375,1.2998190492165365
20376,15.034546152090694
20377,7.2655735701303765
20378,3.0744396302790618
20379,2.0046119071634414
20380,1.277525609187595
20381,1.392344893617648
20382,1.2415245617796695
20383,1.3615043094887256
20384,42.22361832741209
20385,20.428006368409665
20386,9.180260376071326
20387,5.161172226720307
20388,4.200887128420805
20389,4.003800443560965
20390,3.460709386464033
20391,3.8193111690474253
20392,12.799856590672167
20393,5.834985363943161
20394,2.481860113523435
20395,1.656725484717844
20396,1.11184487111097
20397,1.1615537720000866
20398,1.056188113975512
20399,1.1369860818420052
20400,15.136218843096762
20401,7.313767484736586
20402,2.990379165957272
20403,1.4014797288162422
20404,1.9065585363126591
20405,1.417861048286387
20406,1.3203891818062272
20407,1.2772628984776433
20408,17.750519176809508
20409,8.15091650354583
20410,3.6567090348454014
20411,1.6907362219120934
20412,2.503273892408851
20413,1.6505966597090886
20414,1.5316974175864435
20415,1.5175698861105156
20416,16.683574764679957
20417,7.353423293745511
20418,3.325375536754093
20419,1.600952523380099
20420,2.0484980698172666
20421,1.5512991472989457
20422,1.4718448298399205
20423,1.3907166807031144
20424,15.4830026234617
20425,7.017394201384255
20426,2.986544722519124
20427,1.4286907101150037
20428,1.9437343645745466
20429,1.3476731520349359
20430,1.3539227394646456
20431,1.2788319162195785
20432,13.821318915159578
20433,6.301482251551627
20434,2.691714734308012
20435,1.3216544718149537
20436,1.8407792220019992
20437,1.2687005017897226
20438,1.225318115467084
20439,1.1921622589008924
20440,15.398545670353673
20441,7.045468388350027
20442,2.7610914445586676
20443,1.4469766467492795
20444,1.9751703759304515
20445,1.3076026733856456
20446,1.3696180822852047
20447,1.2857483174569582
20448,15.108543599619843
20449,7.229897391750076
20450,3.0361792024091705
20451,1.424346669376112
20452,1.971558530304826
20453,1.3660511406657454
20454,1.3437565084497043
20455,1.286273484965185
20456,22.084978477547
20457,9.987253039557555
20458,3.958796386362945
20459,2.1993748014580623
20460,2.7691391241001213
20461,1.9132240489485115
20462,1.77408898768346
20463,1.754051546092997
20464,24.645797102559804
20465,11.155808757770794
20466,4.595046692520322
20467,2.3393024985892032
20468,2.9687529361727454
20469,2.162357223685001
20470,2.070174796755986
20471,2.066703257065552
20472,12.894092048047561
20473,6.138076257959728
20474,2.3523966756264514
20475,1.2042158666939125
20476,1.7974362275294475
20477,1.232062250303677
20478,1.1603338273169306
20479,1.1517931162235204
20480,18.010331105238844
20481,8.202719255390477
20482,3.7264726805900454
20483,1.7129536642868
20484,2.348092928727778
20485,1.63253565168999
20486,1.5409215652839625
20487,1.500701326451429
20488,10.67490030797607
20489,4.736260587670283
20490,2.0538135842386414
20491,1.1266635582838893
20492,1.4446451702462417
20493,1.0044799709827592
20494,0.9434061540748029
20495,0.9353125844236883
20496,13.235937649547452
20497,5.963958081950613
20498,2.589013310483055
20499,1.319601290301079
20500,1.769960156795752
20501,1.219914289876061
20502,1.1831485269680626
20503,1.1500632862183024
20504,14.87218436940859
20505,7.296064429318195
20506,2.9301110121458103
20507,1.4127558874505315
20508,1.8370919992909047
20509,1.3437350838398923
20510,1.2864015389096972
20511,1.2995088821315133
20512,16.758033280358926
20513,7.62258129107552
20514,3.4353257069603513
20515,1.5322571917486074
20516,2.122362352025398
20517,1.477837391424729
20518,1.459744575105892
20519,1.39567029417275
20520,22.647555987728072
20521,10.841420764750891
20522,4.431551852140299
20523,2.289242913446073
20524,2.8336513240330157
20525,2.0249239476173395
20526,1.9525937456417006
20527,1.8740851797136358
20528,13.037593848167317
20529,5.963368919925664
20530,2.598308082853802
20531,1.3036437612272267
20532,1.7393148511247183
20533,1.222895790674308
20534,1.1859293474786075
20535,1.1758417191363562
20536,37.1479441521776
20537,16.46027224719154
20538,6.982916015654606
20539,3.250650627488648
20540,4.681276056454311
20541,3.183162080939903
20542,3.0658823723051682
20543,2.893434395870899
20544,17.14756616731271
20545,7.8631561524769165
20546,3.170223025980098
20547,1.5395865726900733
20548,2.047162480802159
20549,1.4750174204738928
20550,1.4027743748190316
20551,1.3743612159309337
20552,21.99147408885708
20553,10.1331686417215
20554,4.122720658334274
20555,2.0312722745896137
20556,2.798474694988695
20557,1.8872138495803152
20558,1.819318597980223
20559,1.765571556499315
20560,31.948063359074425
20561,15.326173699445752
20562,5.723021262777153
20563,3.026988289074335
20564,4.144106715956234
20565,2.779118166298029
20566,2.521459315734336
20567,2.5974016179635746
20568,29.361751570902005
20569,13.13958650481467
20570,5.387249918069336
20571,2.5946121004228577
20572,3.467195629130337
20573,2.4277541750866876
20574,2.3320904066081347
20575,2.251676006538229
20576,18.787483574455685
20577,8.430866286124914
20578,3.7117051168201436
20579,1.7199239853495756
20580,2.4196612229343906
20581,1.581777942755847
20582,1.5247632450003175
20583,1.4829858556925228
20584,12.703653900636478
20585,5.72138866802229
20586,2.390308726188159
20587,1.2776712904214547
20588,1.671075848146712
20589,1.2103548818023582
20590,1.1340904179261668
20591,1.0833975460646736
20592,23.378500265524263
20593,10.65144805758006
20594,4.653382983643852
20595,2.2554016916889124
20596,2.7774649722528286
20597,1.9532587524355263
20598,1.913087161409549
20599,1.8961745654279474
20600,18.86510399379483
20601,8.382774135903382
20602,3.495803492578749
20603,1.751167641266367
20604,2.3860840912468837
20605,1.6540777377324296
20606,1.5613617152063572
20607,1.5774841468223393
20608,13.727553912803819
20609,6.23180394219916
20610,2.5534329649331085
20611,1.3589500030664916
20612,1.7838427652753153
20613,1.2325520154673462
20614,1.181293079665786
20615,1.1674189616253368
20616,18.37773384831405
20617,8.6292503378951
20618,3.7289554597067855
20619,1.7348995051329192
20620,2.311199266043302
20621,1.5791726507197374
20622,1.538161642834786
20623,1.5441928407554337
20624,12.163243743299613
20625,5.414041776119331
20626,2.2708664060373187
20627,1.2153331646663446
20628,1.5827896085993938
20629,1.1316556297314588
20630,1.0605660178261447
20631,1.03418174176074
20632,12.705725146432359
20633,5.924830900743053
20634,2.3935799250707346
20635,1.2396850398331727
20636,1.6756838509684295
20637,1.1311412472115723
20638,1.1307728066684872
20639,1.0813655380139244
20640,27.353663737132404
20641,12.132652915737133
20642,4.981478794510167
20643,2.5370353642988173
20644,3.435713336751844
20645,2.269974768236248
20646,2.2689597177317697
20647,2.251004251383664
20648,13.614462980254876
20649,6.200272325522415
20650,2.65653960775752
20651,1.331261424981347
20652,1.7115212818325352
20653,1.2405301057737481
20654,1.2252744457240767
20655,1.1700749518338585
20656,29.634810771059904
20657,12.868470564586287
20658,5.890667700410803
20659,2.6934026934427195
20660,3.6264230188172064
20661,2.385762118948252
20662,2.3938862739221203
20663,2.3386378205626963
20664,20.093417841072476
20665,8.737652741675955
20666,3.8753999184587222
20667,1.8556439460108847
20668,2.5799126790245492
20669,1.7612394144693848
20670,1.6728521803403102
20671,1.593827477106266
20672,14.635994327966694
20673,7.0439661641809
20674,2.8813011572631337
20675,1.3239841334097049
20676,1.8904686889801632
20677,1.3101930760314118
20678,1.2524331383599085
20679,1.208310278671824
20680,38.932489211206374
20681,17.30088594138202
20682,7.1414877125190985
20683,3.3658412983784345
20684,4.898397163922952
20685,3.497501949249821
20686,3.2019684914682442
20687,3.2130861911054454
20688,16.26617436329355
20689,7.836417281498828
20690,3.27459337159624
20691,1.5473999545419566
20692,2.1004232617511263
20693,1.5201822053467045
20694,1.3974299145396305
20695,1.348494616663198
20696,20.830801905655502
20697,9.493459961789648
20698,4.158403143629455
20699,2.0220165084346493
20700,2.6868796957918977
20701,1.842041187845322
20702,1.7604910455625227
20703,1.6754973199396792
20704,24.932351328991892
20705,11.689214248292577
20706,5.044259379550644
20707,2.3620760559164
20708,2.9832817375149854
20709,2.17576883069682
20710,2.1192742974170984
20711,1.9967381694442463
20712,19.053484085716807
20713,8.094601809899041
20714,3.530377216053711
20715,1.70344354256371
20716,2.3370805921815427
20717,1.5997166655343549
20718,1.6034018886313002
20719,1.547766074877303
20720,20.198428149515326
20721,9.209196428778077
20722,3.900202087789991
20723,1.8104765076566236
20724,2.5730063943151236
20725,1.6641806253411797
20726,1.645199729596437
20727,1.6565241068299947
20728,13.176951176101168
20729,5.80175635451041
20730,2.4443265592412002
20731,1.2671468492178877
20732,1.6318644259234316
20733,1.1341933817752012
20734,1.1500883260845953
20735,1.09512333523477
20736,30.75746357116571
20737,14.478037998477152
20738,6.046922742291902
20739,2.9702938791621576
20740,3.9604095111429323
20741,2.658034884985807
20742,2.4143559395537997
20743,2.577014282925431
20744,12.144713977345749
20745,5.442880093003411
20746,2.2913393486423708
20747,1.2465526065107149
20748,1.5940890778858343
20749,1.1218768178134777
20750,1.0661591492804174
20751,1.0586077952615882
20752,13.307354636764408
20753,6.110070623917805
20754,2.5693721416202204
20755,1.331491875605999
20756,1.7451029287185198
20757,1.2334288553939585
20758,1.1961354433850733
20759,1.1613591534787446
20760,20.08147572086153
20761,8.824611192214544
20762,3.633404815943431
20763,1.96627970854285
20764,2.543542056486461
20765,1.731317215364941
20766,1.667449329914241
20767,1.6277908995374624
20768,22.33610407972732
20769,10.149694881641606
20770,4.308940280472121
20771,2.1528972688905883
20772,2.7852000855176837
20773,1.968920663038816
20774,1.9786347517460832
20775,1.9355369532026854
20776,15.200210874377792
20777,7.203939897388255
20778,2.887311163475331
20779,1.498121916583079
20780,1.961410227064644
20781,1.3717927401616616
20782,1.3457150439438175
20783,1.3023003567688411
20784,17.17459280664583
20785,7.869309968676851
20786,3.3263689511730665
20787,1.549922663291477
20788,2.130796016347952
20789,1.5547799804874045
20790,1.3974074964203798
20791,1.3900373701216655
20792,50.75581316956369
20793,22.92787204622076
20794,10.02478274199447
20795,4.191575671358113
20796,6.269913469376643
20797,4.4240895264226365
20798,4.118146001893776
20799,4.198152717492348
20800,13.645803947197258
20801,6.210786016582709
20802,2.5797842063348595
20803,1.34291188395762
20804,1.7627012651983747
20805,1.2502731186945395
20806,1.2196618963123365
20807,1.1645679540036449
20808,18.89321461682314
20809,9.099368373208234
20810,3.8448918608122855
20811,1.3589318343686485
20812,2.892105217737282
20813,1.739811097967912
20814,1.7465220858300945
20815,1.5278969615325613
20816,22.733323800997404
20817,10.52684291850494
20818,4.758669151839403
20819,1.684886679955858
20820,3.8725675186527413
20821,2.0765102890678917
20822,2.057383990715928
20823,1.8463722589032465
20824,21.035168528787153
20825,9.594205938606247
20826,4.432851360002513
20827,1.575990679331588
20828,3.2082462376022836
20829,1.9452572595453554
20830,1.9829848344649037
20831,1.7026895692042603
20832,19.64979959603536
20833,8.943012330759741
20834,3.944459041038353
20835,1.450588118720641
20836,2.91533867861416
20837,1.6953816377761288
20838,1.8294613160670117
20839,1.5587955878293613
20840,17.495676101538866
20841,7.888113599185407
20842,3.483770060286453
20843,1.3030635004940476
20844,2.694756759420596
20845,1.5288558102691838
20846,1.5931022733434816
20847,1.400284034291085
20848,19.67954135857386
20849,8.99744122183906
20850,3.6847127250105247
20851,1.3510410378986049
20852,3.097547663768899
20853,1.6034571259845964
20854,1.8307226457185248
20855,1.527145275419048
20856,19.04988529565457
20857,9.203879340802057
20858,4.011796986643444
20859,1.4568550345813198
20860,3.0179403947357506
20861,1.7216784087723644
20862,1.816933754891277
20863,1.570119155496768
20864,26.90684734841447
20865,12.507269245810667
20866,5.156770101085013
20867,2.0012691694766334
20868,4.218217341159871
20869,2.3567717511295956
20870,2.354668480466086
20871,2.0857647301374627
20872,31.527147678559988
20873,14.418672060362189
20874,6.152358780161093
20875,2.221763396956963
20876,4.844274100023679
20877,2.7807340182036726
20878,2.843433417410164
20879,2.5981207163349564
20880,16.343342402642275
20881,7.835753083680081
20882,3.0434464654848075
20883,1.2043961260962515
20884,2.6085919584934483
20885,1.5012075612024935
20886,1.5262246747797779
20887,1.3655571914821139
20888,23.233675358097546
20889,10.63100169843108
20890,4.886304858121127
20891,1.7467567983272811
20892,3.662534191814533
20893,2.096989572824335
20894,2.1109664039793143
20895,1.8824099072980371
20896,13.73783242329587
20897,6.053342127221438
20898,2.691729955076317
20899,1.1179080190846458
20900,2.1597143527648397
20901,1.2551069248273585
20902,1.2884192983919498
20903,1.1711032214136676
20904,16.7588844276195
20905,7.551759516353119
20906,3.380527008471659
20907,1.2488119301127099
20908,2.6766123798719614
20909,1.499617420467262
20910,1.5635586807734723
20911,1.3911440373699604
20912,18.704786614088864
20913,9.050271887846863
20914,3.7867950203850778
20915,1.3954934620351593
20916,2.7329777135846394
20917,1.6515449058573661
20918,1.705052299458228
20919,1.5531698199019943
20920,21.24695266833727
20921,9.813756810352936
20922,4.52637541635673
20923,1.561441242344247
20924,3.2756274185906973
20925,1.8737332613992275
20926,1.9794636366826635
20927,1.7535079881386548
20928,29.023393994345
20929,13.936150058767062
20930,5.904478134256589
20931,2.176483763813075
20932,4.589713701337648
20933,2.6257018496315525
20934,2.6804183456462245
20935,2.3644636420204597
20936,16.895210989399256
20937,7.72822475098691
20938,3.4474196061499525
20939,1.2548626783029924
20940,2.646575000456836
20941,1.5325366948936343
20942,1.6011326344513037
20943,1.4451624256565354
20944,42.82226306443945
20945,19.369737916732465
20946,8.556887340585247
20947,2.9975332621355295
20948,6.671115586015075
20949,3.7813243237111207
20950,3.8781551261888496
20951,3.2870145580560473
20952,21.686362870126672
20953,9.946169394687356
20954,4.117880257232951
20955,1.558625756569249
20956,3.1364046264466086
20957,1.847157586837855
20958,1.8912582402796778
20959,1.6951816610031385
20960,27.50473035395963
20961,12.833725745490048
20962,5.415595888393939
20963,1.9731015526143663
20964,4.369302715524372
20965,2.390318510643951
20966,2.4749307399276352
20967,2.1927682250340608
20968,39.936117026109635
20969,19.385319352911843
20970,7.627499573789647
20971,2.870227326591426
20972,6.527743492746267
20973,3.621566109681084
20974,3.4615072837686456
20975,3.256769771698741
20976,34.64230721667024
20977,15.770740410718338
20978,6.750576340410946
20979,2.4387269315497306
20980,5.077809771900284
20981,2.9233897362487755
20982,3.016063445002953
20983,2.6205114928655653
20984,23.64126221960874
20985,10.712247555501158
20986,4.815221271649995
20987,1.7106580533959594
20988,3.7187369618600643
20989,1.9724190563531778
20990,2.0449300785528655
20991,1.8032545421129917
20992,16.19780324156353
20993,7.358198915448384
20994,3.152978411664036
20995,1.248638827051561
20996,2.4784308461516162
20997,1.5132676312550744
20998,1.5309477090292523
20999,1.3242098899618708
21000,29.58258065939111
21001,13.791563196956803
21002,6.113516735843785
21003,2.1450730017540685
21004,4.461523323935461
21005,2.518451393460963
21006,2.639340536827422
21007,2.374255447436325
21008,23.959703297432082
21009,10.756862410019256
21010,4.670298671486486
21011,1.709161018563438
21012,3.6530758101393475
21013,2.0748374538536214
21014,2.0827020944987313
21015,1.9050609694814895
21016,17.399636374275588
21017,7.934420566371715
21018,3.3576932247779987
21019,1.2839776694447411
21020,2.7024359242703966
21021,1.5351830901062478
21022,1.57504353489402
21023,1.3939289746635226
21024,23.458642434850432
21025,11.006963324176112
21026,4.8790738529528825
21027,1.747783601992465
21028,3.585249948892596
21029,1.9892143342732649
21030,2.0854509525117857
21031,1.9057989371233017
21032,15.405963111758735
21033,6.881891315231848
21034,2.9212527446702756
21035,1.1704313913864153
21036,2.320417385011683
21037,1.3898006803926968
21038,1.4013706172195641
21039,1.2588153995291906
21040,16.099054871456307
21041,7.447490083961287
21042,3.0863459139982568
21043,1.150993707244717
21044,2.481257423638214
21045,1.3895727282997112
21046,1.4906882135170392
21047,1.2790615695224206
21048,33.84334511870796
21049,15.070774310210421
21050,6.399502617160961
21051,2.430337164759551
21052,5.149220551639132
21053,2.7791700560400683
21054,2.966622942600118
21055,2.6591237438202477
21056,17.408038421818045
21057,7.996629809318706
21058,3.491290894648327
21059,1.2862077492496653
21060,2.602057447004461
21061,1.550447616995305
21062,1.6455339913950515
21063,1.4319230431724028
21064,36.2490336454565
21065,16.01350731819013
21066,7.538813621062115
21067,2.6037424222425125
21068,5.61392535478182
21069,2.988598328048019
21070,3.2196871748794695
21071,2.8743069954287437
21072,25.746850441031064
21073,11.3330051170858
21074,5.111356319283919
21075,1.7849437455168478
21076,4.0855104142809795
21077,2.2297408672287378
21078,2.2818820126101516
21079,1.937448895186478
21080,18.30232436821551
21081,8.807980095925384
21082,3.719100089324442
21083,1.310776131564173
21084,2.792411759236046
21085,1.6240701892469542
21086,1.6438039229904102
21087,1.4516324478748572
21088,45.05644779252433
21089,20.84126522068558
21090,9.072223913643331
21091,3.3178296437878934
21092,7.317739649183415
21093,4.2096221622826
21094,4.114528545576447
21095,3.772871146286631
21096,20.98451414037484
21097,10.237830666671519
21098,4.414870446194882
21099,1.5539705607165133
21100,3.3154336014765535
21101,1.9366383830342973
21102,1.9147540174901525
21103,1.6744250789524697
21104,26.59743971050445
21105,12.09535351683342
21106,5.483594156579639
21107,1.9154295001688462
21108,4.197935110354238
21109,2.3279567103678853
21110,2.4234102706029934
21111,2.0379683688779475
21112,31.214291081998084
21113,14.564769655100974
21114,6.522175260105138
21115,2.1711738744318656
21116,4.690554283845031
21117,2.693003876521466
21118,2.7725825907488293
21119,2.424324764865085
21120,24.03819622348923
21121,10.368233370577629
21122,4.660589922592555
21123,1.7157952881727614
21124,3.6657246713114566
21125,2.0288804356076424
21126,2.155124810298902
21127,1.8929897213665168
21128,25.518482586783136
21129,11.77695132668707
21130,5.121084068121406
21131,1.8390829055428606
21132,4.033856314587842
21133,2.1371390058853703
21134,2.25749777210015
21135,2.0853848390945644
21136,16.36434827952251
21137,7.249058012171219
21138,3.115951914343677
21139,1.1964678166263292
21140,2.3697716385726415
21141,1.3716082669983594
21142,1.5034215800944182
21143,1.2889526126015864
21144,37.91494956641347
21145,17.836598927813817
21146,7.700631678216989
21147,2.850195980776066
21148,5.949286441785232
21149,3.2159591760916646
21150,3.157886773281237
21151,3.056019054920555
21152,15.54976489115467
21153,7.068167507449166
21154,3.017322984329521
21155,1.2161617046443802
21156,2.421085344576786
21157,1.4084741709292319
21158,1.4412064874121837
21159,1.3207140530572328
21160,16.912134610957022
21161,7.713632682818633
21162,3.3321631825052114
21163,1.2407717495126969
21164,2.646697171663178
21165,1.518515395616514
21166,1.584786200055199
21167,1.3911973888099312
21168,25.535959663817447
21169,11.098736074031997
21170,4.819715416943982
21171,1.93809909919215
21172,3.9509698980851655
21173,2.17900887638389
21174,2.2336948278332986
21175,1.9855388561605065
21176,28.62261733224561
21177,13.004868052633077
21178,5.653593573994284
21179,1.9780305571101684
21180,4.457926799779733
21181,2.488638072464219
21182,2.6690855530954942
21183,2.3806642331065913
21184,19.300423277598597
21185,9.143884016886963
21186,3.8337344442146133
21187,1.4077916490080764
21188,3.103357362480069
21189,1.6974569864894036
21190,1.8058226036649085
21191,1.5571816108312446
21192,22.076969190538783
21193,9.942465281053925
21194,4.384989163493785
21195,1.5513592519778945
21196,3.28180840043162
21197,1.9587675930510433
21198,1.894794101427995
21199,1.7132592736474463
21200,55.70962652895145
21201,28.663544818846738
21202,12.902264614962851
21203,4.092619484911292
21204,9.365719840091531
21205,5.456682472313589
21206,5.422156652813512
21207,5.0176206970936965
21208,17.27068136905609
21209,7.853215291839473
21210,3.415234776864275
21211,1.27296299162112
21212,2.674987177567427
21213,1.5310678583477357
21214,1.6182232045526712
21215,1.4016514109143978
21216,18.56315622305924
21217,8.920406738332609
21218,3.7698860417729216
21219,1.4121478595585215
21220,2.7724900738518516
21221,1.7000269082738304
21222,1.7087680595523553
21223,1.5047374239447453
21224,22.330528040791204
21225,10.310243974004093
21226,4.699108986777909
21227,1.7825205458045739
21228,3.7376518902461586
21229,2.0428930878070473
21230,2.0325703633054566
21231,1.8274130482890125
21232,20.56621026126753
21233,9.220142539350475
21234,4.277571829899944
21235,1.6719125848428864
21236,3.024079188395656
21237,1.915633990887703
21238,1.9382518401300401
21239,1.6835616564331615
21240,19.10422161114807
21241,8.672255818875898
21242,3.8037270443745945
21243,1.504755194574478
21244,2.780112852854573
21245,1.6227280480680784
21246,1.7672385944200861
21247,1.4992450661055452
21248,17.347632941511396
21249,7.789359075662725
21250,3.4266234280754984
21251,1.3822562235776843
21252,2.6364549953141627
21253,1.536733926364373
21254,1.5905382586300816
21255,1.4225708001067296
21256,19.226163378313313
21257,8.779323491877793
21258,3.608156586782902
21259,1.4734050945982622
21260,2.944601763767537
21261,1.5900407978362368
21262,1.7975310604262198
21263,1.5309164561193316
21264,18.53778786559768
21265,8.925984183889343
21266,3.8802548406210513
21267,1.5180454628065772
21268,2.8616637916054026
21269,1.6752356340713817
21270,1.76943855713386
21271,1.5408363437159958
21272,26.66117512447855
21273,12.241044241726277
21274,5.024332876381085
21275,2.1392619833680544
21276,4.026543063494148
21277,2.3111676110637105
21278,2.288510386167469
21279,2.056418064659577
21280,30.339704139488465
21281,13.821692237699665
21282,5.849545953052865
21283,2.3504900622584106
21284,4.513101442662626
21285,2.688092145512093
21286,2.7296176488800943
21287,2.518826268172703
21288,16.165150659622054
21289,7.664053279355476
21290,2.976431569746056
21291,1.2733989074097238
21292,2.5597063126978834
21293,1.499694936089229
21294,1.5126356792207412
21295,1.3822665198746567
21296,22.722075095530176
21297,10.296124463079687
21298,4.6873193495507355
21299,1.8264889361717298
21300,3.4351981850456714
21301,2.0218711850362343
21302,2.0356647770306973
21303,1.8188048209121137
21304,13.635754890834436
21305,6.183791132061286
21306,2.6689359578379728
21307,1.1901045470411633
21308,2.102075274436442
21309,1.2472795817787525
21310,1.282858240298024
21311,1.1627270528504663
21312,16.614778571897304
21313,7.471272646629977
21314,3.3240475094655526
21315,1.3614230964589027
21316,2.604684381591935
21317,1.5030806056150963
21318,1.5637115239238368
21319,1.4092306162578527
21320,18.485176008585913
21321,8.92745831852404
21322,3.706231893941418
21323,1.4737662365041284
21324,2.6665196132939277
21325,1.6320297955040368
21326,1.6687857251983365
21327,1.5435621873706122
21328,20.65789921316005
21329,9.512220155047949
21330,4.343633056491471
21331,1.6513780889494762
21332,3.0717656027161757
21333,1.8218126771450138
21334,1.9236806269607651
21335,1.7084358355837739
21336,28.320828123290156
21337,13.416375761661131
21338,5.660630210273118
21339,2.28608901523219
21340,4.3161166095302494
21341,2.5120117633668704
21342,2.552161294170024
21343,2.2839350557413516
21344,16.55593142778196
21345,7.544706479189669
21346,3.360394720583738
21347,1.3360709808691438
21348,2.541907770612178
21349,1.510698587660584
21350,1.572597931755762
21351,1.4311948895527473
21352,43.04311555906756
21353,19.60758705402141
21354,8.55022794211312
21355,3.3982126636892604
21356,6.673518258949671
21357,3.802527512820217
21358,3.9230335431731387
21359,3.3811680605027323
21360,21.28751479184247
21361,9.740065583069699
21362,4.028003935977101
21363,1.6262149937331503
21364,2.993124881604765
21365,1.8080533267443706
21366,1.846000536094511
21367,1.6620180476283029
21368,27.12251356320466
21369,12.35156425623141
21370,5.176172373937475
21371,2.096187318816075
21372,4.119087309297886
21373,2.3104561270798167
21374,2.3727807300642754
21375,2.140663340136756
21376,38.76919725158015
21377,18.89746960503535
21378,7.358130018422585
21379,2.988176114043049
21380,6.167153722295737
21381,3.465664625547031
21382,3.335322605337572
21383,3.157528290437438
21384,34.725610796474164
21385,15.555733255454095
21386,6.566417675390271
21387,2.739679989033898
21388,4.838350395054862
21389,2.9384753258967646
21390,2.952237290976316
21391,2.682522931480016
21392,23.146001035713333
21393,10.811455475515581
21394,4.6833857701067245
21395,1.8309264311502833
21396,3.5399108838742883
21397,1.9454107800896374
21398,2.003442630477715
21399,1.7872259855577606
21400,15.933573464274012
21401,7.173465081224586
21402,3.0628190327738802
21403,1.3053655532110549
21404,2.401532075163733
21405,1.4752640260993675
21406,1.492092432015581
21407,1.3056742384446571
21408,29.38471860179339
21409,13.434650967704842
21410,5.898093684692346
21411,2.313375434966918
21412,4.204167688095064
21413,2.4787276966119163
21414,2.555110009046328
21415,2.3521808541511877
21416,23.546886657126407
21417,10.422127186838312
21418,4.476946357054581
21419,1.8046744365513756
21420,3.4624455979103277
21421,2.0237282599002273
21422,2.0270881322016785
21423,1.8611568586596092
21424,16.93087828949325
21425,7.672946015779391
21426,3.239711229200382
21427,1.3569536862829608
21428,2.5868500955070823
21429,1.5045091553418926
21430,1.5285659667332205
21431,1.3807701677690047
21432,22.703260541474325
21433,10.735600804576684
21434,4.733747967485677
21435,1.8358830941926358
21436,3.37598397521958
21437,1.9386256680079166
21438,2.026598677361384
21439,1.8594774414671327
21440,15.125214527167437
21441,6.805998098194298
21442,2.885370175165592
21443,1.2109968597346665
21444,2.305810105492132
21445,1.380363311490722
21446,1.3850242004123272
21447,1.2539728858017103
21448,15.905036755827354
21449,7.3422570525481765
21450,3.0344852153986377
21451,1.238899191918198
21452,2.418082543288704
21453,1.3851554788884661
21454,1.4847052296546988
21455,1.2854659301726599
21456,33.4400596444045
21457,14.498572957335057
21458,6.073532915027927
21459,2.6394904962948673
21460,4.799660854080372
21461,2.7245289807836763
21462,2.8774503743721653
21463,2.6574394191546213
21464,17.18932402308701
21465,7.852167597158943
21466,3.3933595449821343
21467,1.33336186285587
21468,2.531557135737016
21469,1.5132480407679223
21470,1.6095503666485347
21471,1.4107811679931133
21472,35.17913313782315
21473,15.551765895846529
21474,7.291382985290518
21475,2.6969303610791147
21476,5.3162703330869645
21477,2.899868616436411
21478,3.1324672093968364
21479,2.807068302157116
21480,25.29537036720447
21481,11.272404846029723
21482,5.003528785096016
21483,1.9119289454451311
21484,3.8680224536859082
21485,2.1992550247288505
21486,2.2451687298472227
21487,1.9464745781115775
21488,17.91022148422439
21489,8.566411991957558
21490,3.6293912890699214
21491,1.3707218984413947
21492,2.693053100064446
21493,1.5948709523314337
21494,1.6110533021342655
21495,1.442134683205288
21496,47.33395230794987
21497,20.764681802383823
21498,8.8213226282909
21499,3.4189137161818914
21500,7.081471574869573
21501,4.207623336314151
21502,4.123478679667394
21503,3.796083893871403
21504,20.44522206693813
21505,9.876270241539332
21506,4.261298907985193
21507,1.642900800240983
21508,3.140049142343222
21509,1.8950723877573292
21510,1.867281110159988
21511,1.6507750668675152
21512,25.45032031823592
21513,11.640210106147219
21514,5.237650159019274
21515,2.008902408413908
21516,3.912824947172399
21517,2.263145364797889
21518,2.317587169965503
21519,2.0179774331227347
21520,30.574188364499737
21521,14.209216331908863
21522,6.291044834949259
21523,2.3238857557761246
21524,4.403115205069137
21525,2.6361543825137996
21526,2.7044034116325393
21527,2.3904906925600393
21528,23.238276609852182
21529,9.981428092042094
21530,4.4777223173331215
21531,1.803186620712831
21532,3.439442815842648
21533,1.960492972912539
21534,2.08017870440531
21535,1.8411173522741537
21536,24.824832071662634
21537,11.537025217044668
21538,4.999173161800925
21539,1.940136987109725
21540,3.839214785275839
21541,2.1062647225785693
21542,2.2089892255147365
21543,2.052730298034404
21544,16.063609322531327
21545,7.099168613543986
21546,3.078976061128457
21547,1.2590861820850279
21548,2.3245052397790764
21549,1.3557834466995096
21550,1.4874460555685356
21551,1.2854739239420292
21552,37.65134964896278
21553,17.4851234869161
21554,7.417718824751035
21555,3.110416041887001
21556,5.663264275296908
21557,3.187490642644943
21558,3.055428600014523
21559,3.0786133034480394
21560,15.344666411866354
21561,6.874128665713023
21562,2.9353142762405935
21563,1.2767890518910652
21564,2.3541559911278775
21565,1.3873283918995323
21566,1.411279881485256
21567,1.2868521194929168
21568,16.86006221070264
21569,7.6192917997873
21570,3.298466239585888
21571,1.3451172626992853
21572,2.6062920556772076
21573,1.5208282218981275
21574,1.5781748632618395
21575,1.4120865464608168
21576,24.850647727097996
21577,10.819957334930935
21578,4.678215751406821
21579,2.0432829567269963
21580,3.7490884885910707
21581,2.1361077201133796
21582,2.1858185551682703
21583,1.9620261946332789
21584,27.57132616757927
21585,12.599001191905034
21586,5.454883761827528
21587,2.1249394534722876
21588,4.20750034931098
21589,2.4349686681319147
21590,2.5825954987698356
21591,2.3473504255626545
21592,18.83834515006086
21593,8.793667688765233
21594,3.6650239398524853
21595,1.4891804093514764
21596,2.9063761319078165
21597,1.6571606875503377
21598,1.7445163694194996
21599,1.5370028991454285
21600,21.23089693479701
21601,9.64057953436157
21602,4.206762221549865
21603,1.6244558180309745
21604,3.0766997580466646
21605,1.9046356227395431
21606,1.8371154216652823
21607,1.6720249927279849
21608,55.87253765809141
21609,27.499578368300693
21610,12.237468312937247
21611,4.269036632088383
21612,8.689722564034131
21613,5.25508702726405
21614,5.220300106453932
21615,4.9576616473067014
21616,16.81328441112456
21617,7.625269845032694
21618,3.3036906559902603
21619,1.3459132350274792
21620,2.5469093765473434
21621,1.4978246623850084
21622,1.5711813547720814
21623,1.378792348492144
21624,18.576432343549946
21625,8.760780944027468
21626,4.866428444199331
21627,0.12958750908464575
21628,5.384330299952199
21629,2.062325398179995
21630,2.4125573776649487
21631,1.597143185177091
21632,22.551429579886136
21633,10.271001118773386
21634,5.87183689519806
21635,0.14158056221680262
21636,6.95331666963702
21637,2.4870747051029225
21638,2.814164617268876
21639,1.9374592559201838
21640,20.715700749855763
21641,9.542479963813054
21642,5.424385930269137
21643,0.13649330873681575
21644,5.8276101901793815
21645,2.289729980612675
21646,2.6930674633229263
21647,1.7996533531374777
21648,19.167155613067948
21649,8.688941702820218
21650,4.967336941049266
21651,0.1089828842834422
21652,5.295802533865068
21653,1.973845541711506
21654,2.467642456601663
21655,1.641758683726396
21656,17.110686031603546
21657,7.764091696954329
21658,4.498300293806149
21659,0.11111386982375127
21660,4.880164631119472
21661,1.800909738354262
21662,2.142572489332584
21663,1.4584890534362234
21664,19.142077396191738
21665,8.673023416959094
21666,4.810982016615738
21667,0.10976329741100485
21668,5.472132899846657
21669,1.8858852934498207
21670,2.451516281086581
21671,1.608855285804716
21672,18.61907954445317
21673,8.894282786436515
21674,5.0522556184427625
21675,0.11708433865947875
21676,5.495790494868553
21677,2.0278397251055664
21678,2.5074234551667516
21679,1.6222248624444728
21680,26.431636392419552
21681,12.232048502354491
21682,6.624322961796309
21683,0.15777655172257757
21684,7.420545671882793
21685,2.775674590289468
21686,3.244429921900667
21687,2.1456840852180985
21688,31.127450184471442
21689,13.952155300167584
21690,7.324476411771058
21691,0.2067437395072089
21692,8.6000746840471
21693,3.28813774823857
21694,4.021629236805122
21695,2.7306457156661326
21696,16.32344089704652
21697,7.525554966299323
21698,4.004060343359968
21699,0.08320717025470971
21700,4.724117563866557
21701,1.7762426933214417
21702,2.0124856328333194
21703,1.3995038151853023
21704,22.94413579515553
21705,10.480056849487662
21706,5.799006051030489
21707,0.1532926126626136
21708,6.503468529929205
21709,2.4289848636548586
21710,2.8141354807077095
21711,1.9548113900272914
21712,13.704425924352826
21713,6.211944743674545
21714,3.425405687306775
21715,0.10896093665532613
21716,3.6313948935216382
21717,1.371988438408106
21718,1.6229897166455023
21719,1.1257165508795617
21720,16.85644978250612
21721,7.604498519715233
21722,4.384133945995647
21723,0.09575887081034792
21724,4.9887462911288605
21725,1.8204880185935601
21726,2.0875540354361224
21727,1.4662390103528256
21728,18.57164903312455
21729,8.838407509808171
21730,4.911155445085062
21731,0.11200227474314174
21732,5.133757333616184
21733,1.9851873724064262
21734,2.3294034348881514
21735,1.6735652073691467
21736,20.806814369094585
21737,9.503967901367991
21738,5.420840428482963
21739,0.13092724199961533
21740,5.776106727581581
21741,2.1727199014416656
21742,2.653789634434263
21743,1.8472815203845863
21744,28.73086621303215
21745,13.31748467033433
21746,7.1669504487661975
21747,0.16819301477680432
21748,8.072677403206631
21749,3.042572974495921
21750,3.6871154735593805
21751,2.4314903474697256
21752,16.96161253640557
21753,7.7182409355284785
21754,4.468955267451205
21755,0.10454526263175706
21756,4.910528456097804
21757,1.7912025678931618
21758,2.140071236594152
21759,1.5118265882840334
21760,43.20063961767943
21761,18.89629118270589
21762,10.614528601681753
21763,0.28511678376593497
21764,12.241520637300187
21765,4.692836576720057
21766,5.666874598634591
21767,3.617362768688066
21768,21.211709104640654
21769,9.586925892977051
21770,5.220509528671768
21771,0.13119279449899832
21772,5.741411446372052
21773,2.158678350610213
21774,2.607744755411311
21775,1.7753697864125673
21776,26.668936043216906
21777,12.104450328359498
21778,6.528982212381092
21779,0.17261978524377003
21780,7.530170379607201
21781,2.7923235862765248
21782,3.353929747397004
21783,2.249859402313185
21784,40.326183762704005
21785,18.933664847126202
21786,9.779609121072767
21787,0.2863271482175078
21788,11.315718856956336
21789,4.414149598213931
21790,4.942702632361192
21791,3.47575821104454
21792,35.323895657369675
21793,15.595737897955107
21794,9.178982904144686
21795,0.20989762139780732
21796,9.339982725803875
21797,3.6060542761894325
21798,4.396963576045251
21799,2.7551591673416285
21800,23.385875887094638
21801,10.463079479556137
21802,5.819107448663439
21803,0.1527846009654916
21804,6.554097590027211
21805,2.2879251226535855
21806,2.804446624784255
21807,1.8914042064827437
21808,15.990680765283514
21809,7.266112838282864
21810,4.173451838097656
21811,0.0958857364433814
21812,4.545886847735863
21813,1.7684991761940747
21814,2.0589734243733036
21815,1.3489344960768643
21816,29.292144663989315
21817,13.396282228197581
21818,7.195113902317486
21819,0.20901870064733524
21820,7.963657502129784
21821,2.9856933071153917
21822,3.7577583100937884
21823,2.490789019399121
21824,24.139280209875952
21825,10.721980414053597
21826,6.015263164396448
21827,0.13689619689752908
21828,6.537512322017691
21829,2.39254684762
21830,2.7732879068765
21831,1.962720948023111
21832,17.192461363819266
21833,7.768021751290338
21834,4.404707566546975
21835,0.10010133428067175
21836,4.953350285665066
21837,1.797671062959692
21838,2.1084339909770287
21839,1.4657208262713912
21840,22.990336994184197
21841,10.712669809420344
21842,5.85463511274172
21843,0.13970438560858234
21844,6.364559762226296
21845,2.303395489208179
21846,2.746722682893544
21847,1.973615038903914
21848,15.375052558880919
21849,6.729154502270933
21850,3.8001156512388783
21851,0.10643061889154985
21852,4.31074214818112
21853,1.5821850416008998
21854,1.8239459940757858
21855,1.29975576432251
21856,16.251731325859897
21857,7.377280325043986
21858,4.102763874564666
21859,0.09328937721087774
21860,4.692610599448897
21861,1.6499687871469544
21862,2.0039850843478195
21863,1.3212470366427724
21864,33.74363814318954
21865,14.83819458808309
21866,8.552356600564828
21867,0.21788249991315067
21868,9.11942349846515
21869,3.362110531622136
21870,4.223003145956592
21871,2.7350686340572032
21872,16.921899879562236
21873,7.83435861718294
21874,4.453161887481473
21875,0.10491762691583395
21876,4.75643682823455
21877,1.83984852155959
21878,2.250624120395775
21879,1.5030827970513017
21880,37.14631663192429
21881,15.933535362545237
21882,9.17743112474174
21883,0.24896341535748323
21884,10.088077004674
21885,3.6089835748612487
21886,4.7091642325112035
21887,3.064734316563706
21888,25.015056322017944
21889,11.119260865296429
21890,6.146509114472114
21891,0.17053994870377717
21892,7.027114827924001
21893,2.612747757214611
21894,3.1476767497343836
21895,2.0356993800813874
21896,17.96904586111632
21897,8.505012323024305
21898,4.754829508166717
21899,0.1106186922648385
21900,5.191881728345141
21901,1.9335124421752015
21902,2.2325138727586022
21903,1.4922352953188276
21904,46.21132839336891
21905,19.966316911286977
21906,11.448970050815019
21907,0.2917557869588946
21908,13.178104659953707
21909,5.045646033003098
21910,5.871787182183147
21911,3.9816113889450393
21912,20.737455672826847
21913,9.779364117156787
21914,5.487418347276005
21915,0.12914019955206657
21916,5.9520055808098045
21917,2.248700725259079
21918,2.588450560775184
21919,1.7499059901605825
21920,25.366987275745867
21921,11.614048879802905
21922,6.658173241093709
21923,0.18076069561173075
21924,7.2444189970546855
21925,2.7531490016874156
21926,3.2436873105472777
21927,2.140288095755318
21928,30.945208554607714
21929,14.19006989772351
21930,7.732976210011313
21931,0.2095877863777123
21932,8.365211962587813
21933,3.181881557324576
21934,3.882678204536142
21935,2.5478064298978387
21936,23.774005186701537
21937,10.432399877225087
21938,5.8415581336850275
21939,0.14935370013690252
21940,6.495588438577085
21941,2.3646494148297106
21942,2.9194284791561937
21943,2.0006399613346706
21944,25.226079003115014
21945,11.373966471359687
21946,6.251224720604458
21947,0.1759249359606177
21948,7.074399860284267
21949,2.518811006949179
21950,3.1088810572084546
21951,2.2055264990220365
21952,16.470607823088113
21953,7.174105389784029
21954,4.097008868253454
21955,0.1281601376588726
21956,4.42750402646375
21957,1.5983265675790137
21958,2.0547984593582047
21959,1.344316234771288
21960,37.78141230004576
21961,17.162472779823663
21962,9.457496889403691
21963,0.2746209513683893
21964,10.44224047040309
21965,3.9066828462686187
21966,4.638710356712213
21967,3.2723302830952665
21968,15.20177168934941
21969,6.987466604949571
21970,3.8502455340252695
21971,0.09114176422099096
21972,4.180122691820509
21973,1.5562215179395629
21974,1.8487927564894582
21975,1.3189342925338372
21976,16.999054915074424
21977,7.661172573542134
21978,4.418110495022614
21979,0.10889734081280246
21980,5.004063632209409
21981,1.8465758266140988
21982,2.1732246370063364
21983,1.4694797746691566
21984,25.474814001459073
21985,10.985175651350085
21986,6.105727823997457
21987,0.1737342971082024
21988,7.017879165909053
21989,2.5939742656984213
21990,3.101696575701882
21991,2.095550423931026
21992,27.958483027034482
21993,12.422256978696959
21994,6.685628967071225
21995,0.15889380103195028
21996,7.8356206429843
21997,2.92103871347192
21998,3.645185150465961
21999,2.5106643371400694
22000,18.884464854662752
22001,8.685986828531751
22002,4.863381157972327
22003,0.10918252729837816
22004,5.442522139686581
22005,1.953029376961968
22006,2.4105560372720283
22007,1.5761229881520296
22008,21.812214438997085
22009,9.675140649384694
22010,5.427397178628827
22011,0.11962425091450028
22012,5.831388955689164
22013,2.297499124304282
22014,2.532335237184134
22015,1.7920567123753623
22016,55.77773539507621
22017,26.985659305157583
22018,15.304783397125565
22019,0.43362856277144646
22020,16.242075394267193
22021,6.435073976813306
22022,7.784957110672544
22023,5.380363984812954
22024,16.945356862835112
22025,7.595205976651763
22026,4.455000383349659
22027,0.09892248502207358
22028,4.9346988069525715
22029,1.8202719781549297
22030,2.2327708666250454
22031,1.4987536329995594
22032,12.246371878542623
22033,5.885915178020268
22034,2.377499453459574
22035,1.6491517447072974
22036,0.9078576251352037
22037,1.162520998809285
22038,0.9961697967138328
22039,1.0838964371059012
22040,14.295556131517971
22041,6.562682197599565
22042,2.99767376878821
22043,2.1060333120519137
22044,1.2336212849994066
22045,1.3451126650927685
22046,1.1999453118278047
22047,1.2886309544068855
22048,13.503450497181122
22049,5.924738151792561
22050,2.725021491598188
22051,1.9935064561794194
22052,0.9396115106004104
22053,1.2993635420356724
22054,1.1411341373423762
22055,1.2022398795754379
22056,12.540652159512991
22057,5.696247601522842
22058,2.4013097732648854
22059,1.777509957999365
22060,0.9297360632780342
22061,1.1260916678787225
22062,1.0390565841938082
22063,1.0988878134851663
22064,11.294417559320934
22065,5.1356308143085165
22066,2.1071682915613716
22067,1.61689220915923
22068,0.9038047997417394
22069,1.0350462816636066
22070,0.9237485746179284
22071,1.076674581525457
22072,12.673684747061941
22073,5.7682133391019645
22074,2.2469358946443188
22075,1.8176775198868431
22076,0.9435879661913313
22077,1.1110871850721487
22078,1.0745768403059959
22079,1.1359285982384206
22080,12.208398315876801
22081,5.827327542060984
22082,2.449186969236191
22083,1.7570150861614413
22084,0.8851693204395435
22085,1.133980045991269
22086,1.021312881388475
22087,1.1027942596023041
22088,17.94522231831293
22089,8.10336532004302
22090,3.112652839465684
22091,2.7251118316396052
22092,1.3940741749430043
22093,1.6141568641433344
22094,1.4283122966333275
22095,1.5250064501371583
22096,19.9862283991747
22097,9.025169573388133
22098,3.7319647335021267
22099,2.8930745391862978
22100,1.488545123101203
22101,1.823568976138849
22102,1.6171628355039882
22103,1.807267421376429
22104,10.273642696029064
22105,4.988283215467491
22106,1.8847665685545325
22107,1.481878315962019
22108,0.8976437753062226
22109,0.9866196894782203
22110,0.8591322347145877
22111,1.0189693876778476
22112,14.698943140166117
22113,6.725623716440397
22114,3.0167061912789257
22115,2.14727049394419
22116,1.166471065019789
22117,1.3718432113504635
22118,1.222769848699999
22119,1.3131874333225146
22120,8.46853586839326
22121,3.82564413568059
22122,1.6493982911681289
22123,1.2605858576560476
22124,0.7548246853863174
22125,0.8578493996547165
22126,0.7333295596519525
22127,0.8166634888449024
22128,10.797645237370121
22129,4.9652518965853005
22130,2.0960766813886096
22131,1.5873730775529373
22132,0.8831655254131925
22133,1.0268889113722697
22134,0.9087641742228568
22135,1.0519983319189619
22136,12.00281943923731
22137,5.888208557845018
22138,2.3229460646264024
22139,1.736011621163238
22140,0.8900409509235273
22141,1.1029084771036899
22142,0.9797021662409408
22143,1.124236845794159
22144,13.581896341975925
22145,6.186414063070939
22146,2.7901639049506843
22147,1.9202734043836622
22148,1.0101722503733228
22149,1.234175770055209
22150,1.1370940261456624
22151,1.2253859602392196
22152,18.197006874523797
22153,8.874494592202636
22154,3.625968815979037
22155,2.855527004684047
22156,1.4273369251503085
22157,1.725040482881658
22158,1.5627967646864518
22159,1.6696368554250982
22160,10.534082548319406
22161,4.890640748318846
22162,2.0722927164120004
22163,1.5499242823240267
22164,0.8451696197191688
22165,0.9887114072560869
22166,0.8911768163778198
22167,1.0619683343846775
22168,30.006412775176944
22169,13.425545110619762
22170,5.468019367773263
22171,4.167930862504108
22172,2.424445873524123
22173,2.554667751151676
22174,2.2056744224911546
22175,2.4751967812272158
22176,13.75361006850634
22177,6.3718889112090205
22178,2.551288946663596
22179,1.9180308253809355
22180,0.9661921785046155
22181,1.2248988885966194
22182,1.0809978346402616
22183,1.1926644642399349
22184,17.719190886131592
22185,8.329433479037204
22186,3.3316780633632033
22187,2.632696156501709
22188,1.3708123168224913
22189,1.6023191594308301
22190,1.4709261206383624
22191,1.571287627679732
22192,26.291786323881112
22193,12.60758724322131
22194,4.54631829579689
22195,3.6252604557705004
22196,2.194701069651302
22197,2.2469178471206956
22198,1.9071377404343737
22199,2.2711839575505968
22200,23.24436192807558
22201,10.578628922799622
22202,3.9251599258756262
22203,3.398181268166735
22204,1.6158327238556929
22205,2.0040499590874465
22206,1.7226368029539358
22207,1.9241117794530045
22208,15.301304298624391
22209,6.842479873332342
22210,3.035719954628941
22211,2.15547569548477
22212,1.2059891527033098
22213,1.3428578919906833
22214,1.1968028389680765
22215,1.3036868198534814
22216,10.369698496699893
22217,4.757791867115907
22218,1.9361101585290856
22219,1.5203059985736285
22220,0.8530189450195896
22221,0.9986007944643495
22222,0.8603222743817635
22223,0.9657866829332455
22224,19.071769816860677
22225,8.752567420644516
22226,3.8121998319938744
22227,2.8319606971873275
22228,1.3901412770614534
22229,1.6540584395975224
22230,1.5247723035108285
22231,1.6741263645222293
22232,15.245339807693956
22233,6.688223486757791
22234,2.7037759955417835
22235,2.161917521416198
22236,1.1670200593090594
22237,1.3752715700840772
22238,1.2248665022182885
22239,1.3496447240715164
22240,11.188644979119113
22241,5.168814345741254
22242,2.0430191748644666
22243,1.5962368091159658
22244,0.8898710091718057
22245,0.9974597459479148
22246,0.8979788289760884
22247,1.0459160539518937
22248,14.883691685547541
22249,7.025772787970545
22250,3.0336535268929468
22251,2.1785171271218604
22252,1.1056680235118748
22253,1.3039969902989834
22254,1.2217050251137793
22255,1.3491082009836848
22256,9.736205761053025
22257,4.426002677078299
22258,1.8549076440185959
22259,1.4090813545359848
22260,0.7959169863301615
22261,0.9207178423019815
22262,0.7946996735940387
22263,0.9260321640104704
22264,10.239906084997292
22265,4.903837352986077
22266,1.9184496741798858
22267,1.4664517740670588
22268,0.8168812822106782
22269,0.9864145027077753
22270,0.843518183631324
22271,0.9786051940284576
22272,21.95066738148587
22273,9.719152790757716
22274,3.7160677098860315
22275,3.2578866768648598
22276,1.6567191251272937
22277,1.9214100820152962
22278,1.7798112704718692
22279,1.953974486112932
22280,10.935181688103441
22281,4.988580830036489
22282,2.0960129475775244
22283,1.5565273696084547
22284,0.8352272594706958
22285,1.0067913725035647
22286,0.9183291417168977
22287,1.0399836353726963
22288,24.084883568620093
22289,10.556883740899549
22290,4.650623597008941
22291,3.2068818238941317
22292,1.8715942900123417
22293,2.0274781937626636
22294,1.7485616025182866
22295,2.0542315418264567
22296,16.27217295538944
22297,7.045495181601882
22298,3.1422024265607247
22299,2.3429382016460796
22300,1.2724157425643716
22301,1.5057226300425213
22302,1.307359011417817
22303,1.3972050271816092
22304,11.922729982082826
22305,5.687373608526384
22306,2.286096340830465
22307,1.6254793228684346
22308,0.912450907884518
22309,1.0796170394203184
22310,0.9594050165408061
22311,1.085719818615664
22312,32.28040655586749
22313,14.066623439755842
22314,5.583842582391803
22315,4.25710369412585
22316,2.6041990150358467
22317,2.7934954387845727
22318,2.3233503273764304
22319,2.6926048770329074
22320,13.036865350542659
22321,6.2985364882095105
22322,2.6578696665610297
22323,1.919766032680354
22324,0.9944422193205866
22325,1.2712182042197786
22326,1.0773676543129007
22327,1.1609253854589925
22328,16.917593952122346
22329,7.720776161559022
22330,3.387378906838139
22331,2.5573877839508907
22332,1.358179708993135
22333,1.5960615373681053
22334,1.422246668237494
22335,1.4721824726843917
22336,20.18434787605969
22337,9.474480526730376
22338,4.093936146976364
22339,2.953127811923195
22340,1.502768762799038
22341,1.8575976817618054
22342,1.6853006045706593
22343,1.7804197205170913
22344,15.14465001980106
22345,6.509232445117541
22346,2.8239051763705314
22347,2.143368225004069
22348,1.1336801364848348
22349,1.3586815009905397
22350,1.264169143939603
22351,1.3569636154244946
22352,16.242926803260392
22353,7.459868855691304
22354,3.1459104261781325
22355,2.2668694015793442
22356,1.2988595361372308
22357,1.3987173243626865
22358,1.269201351408758
22359,1.443352572737547
22360,10.708406544767708
22361,4.8029938816392574
22362,1.993544036753692
22363,1.5059603118800517
22364,0.8172652409949961
22365,0.9813788843974072
22366,0.8577692618255359
22367,0.9691732021157844
22368,25.095010482026456
22369,11.849200042235713
22370,4.768016335437553
22371,3.632153113922659
22372,1.9853178036567567
22373,2.170049551624532
22374,1.6767980338255517
22375,2.228615426613033
22376,9.757510933860567
22377,4.440598208173457
22378,1.8485843168165463
22379,1.4701649784264104
22380,0.816912683885196
22381,0.9698038311789152
22382,0.8067446598499308
22383,0.9448238281929143
22384,10.79820459788956
22385,5.035910615649473
22386,2.0501666092599247
22387,1.560775374466584
22388,0.862239883207381
22389,1.0047340711737445
22390,0.9117642761800372
22391,1.0475211425123216
22392,16.195288153162736
22393,7.044651171098752
22394,2.8432429803532795
22395,2.407068793162185
22396,1.2231394467769945
22397,1.4538176235296512
22398,1.2980790306712744
22399,1.4113535093967178
22400,18.035061248766436
22401,8.285053411448212
22402,3.487022059128637
22403,2.6707745503380815
22404,1.3708514591460894
22405,1.6674226149112552
22406,1.5928467605560959
22407,1.69744359811179
22408,12.341378845610233
22409,5.955149478567226
22410,2.367511728319088
22411,1.8610840474383594
22412,0.9213310412184816
22413,1.1567124476669828
22414,1.0415715700027155
22415,1.1388631532183675
22416,14.019502201065517
22417,6.43141587872792
22418,2.6801770216965624
22419,1.9100330820299283
22420,1.0214177135177132
22421,1.2881153222539306
22422,1.076783040320531
22423,1.1910536805198237
22424,41.87320407089846
22425,18.53936366632101
22426,8.017127088071453
22427,4.9161619767931235
22428,3.5923768323035428
22429,3.5472775986448037
22430,3.0096922116341567
22431,3.4958240747211202
22432,11.093363246419905
22433,5.100149464711204
22434,2.0509742421504478
22435,1.5782212018849506
22436,0.8787009817566279
22437,1.003230384980932
22438,0.9172288219414992
22439,1.0395119357128808
22440,18.660401501856455
22441,8.810534429808362
22442,4.719835171629007
22443,0.12196545493172213
22444,5.280003563791487
22445,1.99607109840631
22446,2.339876066406088
22447,1.561352033776207
22448,22.234703982674965
22449,9.960847757674811
22450,5.612323516693914
22451,0.1262371882659008
22452,6.770710632821275
22453,2.392711781196323
22454,2.7031971451970134
22455,1.971078046361437
22456,20.37199997269057
22457,9.267758874909697
22458,5.19125396350403
22459,0.10667439098920921
22460,5.705274769107469
22461,2.2359902375711513
22462,2.592996928120651
22463,1.7762647608376558
22464,18.69608881226079
22465,8.410379748886895
22466,4.882730610985875
22467,0.10230096086641476
22468,5.289390523632875
22469,1.9500523319963703
22470,2.362956414026645
22471,1.6448658413950243
22472,16.563497954943646
22473,7.698519290681939
22474,4.2994154525995905
22475,0.0992054712132593
22476,4.688940612660499
22477,1.7622284628755602
22478,2.1196406171614943
22479,1.40081371301007
22480,18.791658417159287
22481,8.51139806597275
22482,4.787259568283105
22483,0.10674515964281266
22484,5.204797430223542
22485,1.890940022508817
22486,2.3044056112402607
22487,1.5300958616793443
22488,17.904750292924625
22489,8.636854534954454
22490,4.739094965177311
22491,0.08220301078367138
22492,5.431473372096542
22493,1.9567063240824425
22494,2.3705349849650332
22495,1.63781751315579
22496,26.326743743984707
22497,11.974403176421788
22498,6.87762759944322
22499,0.17230492643415016
22500,7.692125006406164
22501,2.80249069058336
22502,3.2763126417011943
22503,2.2626903859385887
22504,31.37329885355667
22505,13.631694415890736
22506,7.482725232661658
22507,0.21059720289708408
22508,8.477389087575094
22509,3.0656853199242935
22510,4.020606224447036
22511,2.626775874533973
22512,15.855407252551148
22513,7.572879351391075
22514,4.099127513913394
22515,0.09266067443776951
22516,4.735432480716388
22517,1.7385940745942858
22518,1.949970157079326
22519,1.3540470698190674
22520,22.789054173768378
22521,10.237822043192404
22522,5.611124004604432
22523,0.1274988502391872
22524,6.31446222727587
22525,2.3100858494749095
22526,2.7905784744771105
22527,1.9828947659087666
22528,13.964591740639575
22529,6.12509278154237
22530,3.379412320323397
22531,0.09472841879363113
22532,3.5970733227581277
22533,1.323853471209095
22534,1.592861823992497
22535,1.1520726176049125
22536,16.45754109412193
22537,7.474769524195558
22538,4.377749698833551
22539,0.1141397851417751
22540,4.912841369196042
22541,1.7360484335864084
22542,2.101397980459254
22543,1.5031198783582707
22544,18.640212642790605
22545,8.58702701788827
22546,4.7665472539392315
22547,0.12186455052727463
22548,5.149317794116952
22549,1.9597872572777233
22550,2.320760345081962
22551,1.6329718376119755
22552,20.66735699253818
22553,9.172888340918872
22554,5.411777140946139
22555,0.10466503044368167
22556,5.687492427417534
22557,2.207736526310169
22558,2.6025842119575944
22559,1.8174817189962382
22560,27.978322129781567
22561,12.769583486157565
22562,7.1602796226156125
22563,0.17558994509327028
22564,7.88046058406167
22565,2.990536782210038
22566,3.711044539027799
22567,2.4468467632559934
22568,16.152413239735065
22569,7.67653435158873
22570,4.297475980197429
22571,0.09664179696600912
22572,4.811680148634275
22573,1.6906920617348955
22574,2.116527026736839
22575,1.5072271602751077
22576,44.22150343886015
22577,20.093855183001484
22578,10.69269999538267
22579,0.2640316099313186
22580,12.208434381765905
22581,4.703945262675999
22582,5.684110526487344
22583,3.6432591770987597
22584,20.607991153636647
22585,9.374920272622475
22586,5.190715354842236
22587,0.10131433490986376
22588,5.6309154499103835
22589,2.120353311697663
22590,2.547033670614414
22591,1.8335259521013292
22592,26.205547411604456
22593,12.503290266771225
22594,6.554938619517084
22595,0.1696071434232798
22596,7.559065392772302
22597,2.693103320290209
22598,3.2285060513217387
22599,2.2121862096740728
22600,40.04579963613867
22601,18.528471640995107
22602,9.941802434865899
22603,0.2928104411758186
22604,11.321100085393093
22605,4.20466683967674
22606,4.988106337237197
22607,3.515784181558916
22608,34.568888563446016
22609,15.719659922055547
22610,8.984548785025947
22611,0.2098533027754201
22612,9.425852442012781
22613,3.5445804487755637
22614,4.197916019545048
22615,2.728693497435377
22616,22.45264446760011
22617,9.950666300541211
22618,5.671405083846993
22619,0.1379979588798647
22620,6.175142135359875
22621,2.284234857391509
22622,2.710601938071836
22623,1.8770711269149642
22624,16.065563033902563
22625,7.207623691440148
22626,3.9550652723836843
22627,0.0931436410476777
22628,4.4853941140978515
22629,1.694838164177551
22630,2.0193987460664173
22631,1.2936480310513545
22632,29.168953149926836
22633,13.220404324707392
22634,7.117006270769824
22635,0.1785906850778289
22636,7.969475850203139
22637,2.886416300132816
22638,3.8784194320491276
22639,2.4565132130110774
22640,23.16517495587823
22641,10.488063832705077
22642,5.890257923115708
22643,0.12353433398374117
22644,6.306963903737518
22645,2.380401294711919
22646,2.71450163684527
22647,1.9368941026629003
22648,16.48637214728373
22649,7.645401808727034
22650,4.2957664678627925
22651,0.10104361873504879
22652,4.749082585530351
22653,1.7216966269871021
22654,2.048041407729549
22655,1.3912636507062814
22656,23.09933327899468
22657,10.129560067046452
22658,5.603219052648836
22659,0.14025863732635083
22660,6.110789432920519
22661,2.2440376556725337
22662,2.7506645753611356
22663,2.023599956520016
22664,15.671780385893998
22665,6.995082513702629
22666,3.8002736490974933
22667,0.11256273262036758
22668,4.17821384591214
22669,1.5757394603011465
22670,1.7603479411675218
22671,1.248331567966263
22672,16.29380074011706
22673,7.155748782158979
22674,3.993298011562432
22675,0.11561321183562528
22676,4.709270042225392
22677,1.6369118929621027
22678,2.0209814994362656
22679,1.3110448677949864
22680,33.609878617707004
22681,14.925788065459088
22682,8.20437279281769
22683,0.1913743213508757
22684,8.924337743551401
22685,3.2561694110794086
22686,4.0955828200241315
22687,2.701516101092582
22688,17.288146732645142
22689,7.65700841236059
22690,4.399687955995258
22691,0.09253125932343126
22692,4.757784724273255
22693,1.715042273164677
22694,2.1378249174156974
22695,1.454930332585866
22696,37.763554969814955
22697,15.686875101356968
22698,9.037716212660781
22699,0.19770625048169532
22700,9.70886495677243
22701,3.5364345164693263
22702,4.668006072655246
22703,2.8570317182845906
22704,24.18806313869396
22705,10.876556268838266
22706,6.195739952386961
22707,0.14993820437135838
22708,6.83482845214576
22709,2.575300125334506
22710,3.1193180890938668
22711,2.080898691284837
22712,17.396370627330676
22713,7.96195708756795
22714,4.5447503900061355
22715,0.11464380954579313
22716,5.144692181777166
22717,1.850102417585858
22718,2.177063606843326
22719,1.5135365000600074
22720,46.35878757901442
22721,20.616772514761703
22722,11.523157419482558
22723,0.26843508411387235
22724,12.876514002544907
22725,4.878887465231442
22726,5.751724799497634
22727,4.013789485840108
22728,20.475748018851736
22729,9.686365840834172
22730,5.478411797451862
22731,0.11622729895096634
22732,5.895450017383757
22733,2.217549929935921
22734,2.5230652983595294
22735,1.7445871659013001
22736,26.78840191989013
22737,11.596264428040142
22738,6.362091895099669
22739,0.1772733418016573
22740,7.075283690193604
22741,2.7603458150581823
22742,3.196846745187146
22743,2.223657015647425
22744,29.59829368749614
22745,13.245462925309822
22746,7.544466418743948
22747,0.1748010256903086
22748,8.218149677877866
22749,3.1094290553250605
22750,3.93537443562695
22751,2.5438334353169227
22752,23.01020000885446
22753,10.109173650148868
22754,5.782667674844267
22755,0.1413306003936119
22756,6.39589458505281
22757,2.4261152654119416
22758,2.808606063339368
22759,1.9621104304125347
22760,24.06212737594682
22761,11.30041569517399
22762,6.252707731705579
22763,0.137584720055696
22764,6.930253932657696
22765,2.5558121263535982
22766,3.120316667776433
22767,2.201506288501892
22768,16.11461452743939
22769,7.1524676413978385
22770,4.055273568690051
22771,0.10690114191651126
22772,4.501250748043777
22773,1.598527654479731
22774,1.9915566906606328
22775,1.3160811518751836
22776,39.33930850464721
22777,17.124042193735058
22778,9.184558915545772
22779,0.2674661294267861
22780,10.08404765315565
22781,3.8755520554406044
22782,4.615046917691825
22783,3.185701968304349
22784,14.872554827927482
22785,6.940055772581611
22786,3.829806980798996
22787,0.10520846743082159
22788,3.915643478530647
22789,1.5554430836388928
22790,1.8294859890067214
22791,1.2854828746231795
22792,16.53864610471878
22793,7.4630272131641595
22794,4.368950490606801
22795,0.11589324522108874
22796,4.63628292357763
22797,1.7957455906589466
22798,2.0595107647704682
22799,1.5022490769021086
22800,25.218858161713726
22801,10.737349708553664
22802,5.752084024409138
22803,0.1433024715172458
22804,6.983641940071981
22805,2.5918934669980063
22806,2.9738520653050853
22807,2.1548063717271964
22808,27.286664687518616
22809,12.449473731409904
22810,6.6725382052873305
22811,0.1583521182961414
22812,7.512510984826352
22813,2.8484094017120616
22814,3.6100000248307804
22815,2.4802150820855604
22816,18.76517276137904
22817,8.78438983226468
22818,4.750672104960576
22819,0.09614768535821867
22820,5.30831308664604
22821,1.9668131156172282
22822,2.378692538001851
22823,1.6360977489979514
22824,20.85291429861131
22825,9.1040547019088
22826,5.222320021049305
22827,0.11034962399050127
22828,5.7722751537231884
22829,2.222501111989434
22830,2.4543127154802225
22831,1.7996226069984458
22832,59.387435939768146
22833,28.937807816250427
22834,14.66624124514265
22835,0.4636875585198869
22836,16.911468384924337
22837,6.195658995203105
22838,7.557750882205353
22839,5.082207539772003
22840,16.520690511719888
22841,7.375860821583776
22842,4.3617291823369
22843,0.11931795825776559
22844,4.684078697290558
22845,1.7094559060774868
22846,2.1843975515561422
22847,1.4056783794787588
22848,18.51122829511112
22849,8.919341494921603
22850,3.773917100197511
22851,1.1243888913517166
22852,3.090767347073082
22853,1.6778205053452027
22854,1.701666034436557
22855,1.4693138387323332
22856,21.719903875770978
22857,10.014884606175848
22858,4.55546979698933
22859,1.3596380455347954
22860,3.84194346778786
22861,1.9542201695087618
22862,1.9572321114117552
22863,1.710207286302061
22864,20.113492482748587
22865,9.127204263628672
22866,4.151829056778733
22867,1.2188898588444363
22868,3.225753158142901
22869,1.8009823243512153
22870,1.8822777365658363
22871,1.5647833251911074
22872,18.898116652251794
22873,8.585162032502646
22874,3.816672484768477
22875,1.2033866256641483
22876,3.0158014943779095
22877,1.5929752618230641
22878,1.7600039952687894
22879,1.4670118595208599
22880,17.052055174322966
22881,7.710673317319475
22882,3.425956932853634
22883,1.1023628342434824
22884,2.8358889317128333
22885,1.477610594303394
22886,1.5521464577268744
22887,1.3487636075697982
22888,18.764932689724233
22889,8.60248715776705
22890,3.576230852808987
22891,1.1205209345195866
22892,3.165423577338686
22893,1.5377720340492742
22894,1.7653712030319277
22895,1.461096660371343
22896,18.228238748382388
22897,8.809679815295398
22898,3.8465117048741644
22899,1.2112336178955794
22900,3.082899766792644
22901,1.6248531701932336
22902,1.7420762255936215
22903,1.4886487756385665
22904,26.636423435240516
22905,12.302199117996938
22906,5.135945964677114
22907,1.6791966279814576
22908,4.394357319586264
22909,2.3017413006339016
22910,2.34573281210081
22911,2.0125477081197705
22912,30.38665283470531
22913,13.820324049262956
22914,5.942992620810343
22915,1.7230644378210924
22916,4.937751553706701
22917,2.6340590265177317
22918,2.749857933148492
22919,2.415198705151168
22920,15.941602598193207
22921,7.5962039811966084
22922,2.973153242399416
22923,1.0158938847471457
22924,2.7256921888525336
22925,1.4601492939019023
22926,1.4851121406229222
22927,1.327391951837357
22928,21.955816185728914
22929,10.008231475049667
22930,4.545456084526137
22931,1.415424223196003
22932,3.5780790527522135
22933,1.9236121428208985
22934,1.9658158213325305
22935,1.7101694246565877
22936,13.553483165778955
22937,5.972304648595738
22938,2.6400116553471844
22939,0.946028232476406
22940,2.2236737299676603
22941,1.2039173674039898
22942,1.2442395448927441
22943,1.1192004138735685
22944,16.15990750980373
22945,7.201775986791199
22946,3.231084889235158
22947,1.0082469462568315
22948,2.7655184473531165
22949,1.4131858476379944
22950,1.499900377026312
22951,1.3049689477786484
22952,17.902340343936682
22953,8.706176744091067
22954,3.640470256114018
22955,1.1278053691355245
22956,2.808317666954691
22957,1.5554879311031657
22958,1.6211989145295997
22959,1.4506516297336207
22960,20.13979377266395
22961,9.33555083102582
22962,4.277586523529721
22963,1.3020914955339946
22964,3.266894746057433
22965,1.7510995228045583
22966,1.8730917901211332
22967,1.6315426212768644
22968,27.717917638630034
22969,13.255062026927968
22970,5.637702452439058
22971,1.7076560553881137
22972,4.603111000012843
22973,2.445731107493912
22974,2.566126077940159
22975,2.178837593884316
22976,16.00136951908306
22977,7.310959397360682
22978,3.258541864367284
22979,0.999786528590219
22980,2.702913010845673
22981,1.4238275286258177
22982,1.506644257156128
22983,1.3269026329416966
22984,43.02383961796528
22985,19.262596053091006
22986,8.518504146821897
22987,2.5201070505742216
22988,7.009550154156127
22989,3.739166511281822
22990,3.948472064970703
22991,3.2552079629466215
22992,20.88965359652811
22993,9.620242722641779
22994,3.9976941197097764
22995,1.308656129627754
22996,3.220227036779467
22997,1.7789606239093798
22998,1.8425269063673269
22999,1.6214216435931523
23000,26.735960416561632
23001,12.352291275001617
23002,5.240401422521951
23003,1.6355641278932418
23004,4.442183356059286
23005,2.275576875618209
23006,2.404638962138119
23007,2.072005451688217
23008,39.183391834855534
23009,19.06248365299513
23010,7.386217507736199
23011,2.356582485757804
23012,6.677833889749631
23013,3.480398614390729
23014,3.3863653824864755
23015,3.07463463439198
23016,34.182687374512874
23017,15.325920210523222
23018,6.627238504730626
23019,1.9687211218712246
23020,5.178436918714962
23021,2.829987018478971
23022,2.9267781527791157
23023,2.4973406102942373
23024,22.555132411760002
23025,10.211566181158934
23026,4.552124750754282
23027,1.4574803682825535
23028,3.687638131504169
23029,1.8673170847131426
23030,1.9578291367418508
23031,1.7026475769653262
23032,15.476434114035975
23033,6.988163080697642
23034,3.013484412174949
23035,0.9841275027183847
23036,2.5049511157955
23037,1.395141370513993
23038,1.4383184083780165
23039,1.2281799064569046
23040,28.502511166503087
23041,13.165985777499685
23042,5.809754521331286
23043,1.696844817021104
23044,4.486477245223247
23045,2.3925486858437717
23046,2.531285914192582
23047,2.2019795278242404
23048,23.019664887418163
23049,10.279515669661484
23050,4.434316822165514
23051,1.4347572231827586
23052,3.6380062953354093
23053,1.9539674959566726
23054,1.983673175861315
23055,1.771634861919793
23056,16.64302592255087
23057,7.572753644809183
23058,3.2107506352292154
23059,1.0314869663485766
23060,2.7591327013142037
23061,1.44404598026737
23062,1.4936643668078502
23063,1.2998511703592395
23064,22.343603074340415
23065,10.456305504210183
23066,4.605973679098136
23067,1.4263901069285314
23068,3.56159293622032
23069,1.849447488664977
23070,1.950551502938307
23071,1.7491831239747457
23072,14.788641621820659
23073,6.60916208235409
23074,2.8276712418433587
23075,0.9719416064129144
23076,2.369982442245965
23077,1.3152157347197257
23078,1.330417426853982
23079,1.190519389728617
23080,15.436961862638581
23081,7.099548980199697
23082,2.96782807981806
23083,0.9457225964482208
23084,2.570117472636569
23085,1.31502976198901
23086,1.4215587067484392
23087,1.222371911163065
23088,32.9003841426078
23089,14.549169357230504
23090,6.257106088322541
23091,1.9687086539779148
23092,5.209545964309017
23093,2.7059071175628886
23094,2.9253339350205727
23095,2.5598155014476545
23096,16.811960686729794
23097,7.683007805695285
23098,3.3507449288800477
23099,1.055485661114084
23100,2.6933409538571715
23101,1.455309499561961
23102,1.5713639111367559
23103,1.342442152403895
23104,35.16958136167286
23105,15.44365495533192
23106,7.295604248558473
23107,2.258788121047431
23108,5.696652444286529
23109,2.864882766751202
23110,3.152269553710218
23111,2.7402251868886593
23112,24.7697971670366
23113,10.961735238015127
23114,4.94524981136095
23115,1.463927945209745
23116,4.157953604318317
23117,2.106820127456321
23118,2.234959562353616
23119,1.8342357963785327
23120,17.61506107916755
23121,8.428801804646596
23122,3.5808898951986
23123,1.09489525483766
23124,2.8793967779269196
23125,1.534298867489506
23126,1.5765445389861044
23127,1.3775247740303773
23128,45.64857202639718
23129,20.100231842626624
23130,8.661547615346025
23131,2.761364966189378
23132,7.423575061019698
23133,4.09845980680958
23134,4.057062789403021
23135,3.6422267859993456
23136,20.092777565550648
23137,9.683146650356752
23138,4.17203450162189
23139,1.212361158740858
23140,3.3702085140250473
23141,1.7955502691056155
23142,1.8183949453768642
23143,1.5473815377221654
23144,25.384266371242425
23145,11.679039297119463
23146,5.270452716750715
23147,1.529533197926558
23148,4.203446520224201
23149,2.2158088985033055
23150,2.3538291286915043
23151,1.9375579569775967
23152,30.24275798087124
23153,14.191559405197692
23154,6.394165670181037
23155,1.8047881320877923
23156,4.83682512960596
23157,2.6182903903240033
23158,2.75287155308203
23159,2.331809676893823
23160,22.87626517823075
23161,9.817275563873435
23162,4.373166434429299
23163,1.4385273021785758
23164,3.613516703028789
23165,1.9066357261592084
23166,2.0632026651337716
23167,1.7680690084858701
23168,24.26078351979935
23169,11.188732801907765
23170,4.80865100377786
23171,1.4867228366752263
23172,3.920397403104275
23173,1.9809519216457738
23174,2.1285628802367906
23175,1.9073522031065062
23176,15.734889501208412
23177,6.93550180925972
23178,3.0153010799034328
23179,0.9542632101888102
23180,2.4689896608963298
23181,1.287844163885527
23182,1.4308657983014434
23183,1.2242517994754678
23184,37.55508368264259
23185,17.394226393930413
23186,7.569277532924429
23187,2.3822726027627694
23188,6.089789460845464
23189,3.1862922305955763
23190,3.182135086064832
23191,3.015536731760998
23192,15.087760207066225
23193,6.839630388507798
23194,2.92346053986309
23195,1.0138741986791553
23196,2.4983956805597143
23197,1.3418776301088855
23198,1.3923230675093312
23199,1.2599367398564676
23200,16.270016757819178
23201,7.344799753006597
23202,3.203263040252358
23203,1.0102720918630492
23204,2.7379252070269473
23205,1.435816587510305
23206,1.5114996143486705
23207,1.3030021428705822
23208,24.574242577468524
23209,10.698589086824793
23210,4.5927619709340926
23211,1.5516928784627686
23212,4.017617011175298
23213,2.0649915409218793
23214,2.1594740718098118
23215,1.8597240293230168
23216,27.363833062878083
23217,12.4264632170763
23218,5.424818308614707
23219,1.5636839083837923
23220,4.518230466012968
23221,2.3684138208520755
23222,2.59297307771123
23223,2.2520372583054242
23224,18.696403392755148
23225,8.741406095457954
23226,3.76545347241356
23227,1.1425157922340987
23228,3.214563763886743
23229,1.6313470092046518
23230,1.7513049015314186
23231,1.4957525040774047
23232,20.69713546838163
23233,9.37230363632426
23234,4.0876510618896935
23235,1.241706361697517
23236,3.22511931830851
23237,1.7990573122924496
23238,1.7564550355284587
23239,1.5610737363577127
23240,57.20758783218727
23241,27.213097606075625
23242,12.235904449457967
23243,3.368834436994144
23244,9.61233577634055
23245,5.320158055780966
23246,5.392579405092903
23247,4.913047836337159
23248,16.496486255946273
23249,7.480024754870431
23250,3.258612132536121
23251,1.0234129442355517
23252,2.7416905446358077
23253,1.4351452280797354
23254,1.5323370520679005
23255,1.3134099894639313
23256,19.681903770684727
23257,9.16155676741912
23258,3.920286902936643
23259,1.1902646908502144
23260,3.1512080946121066
23261,1.7093409709684457
23262,1.7609050427704374
23263,1.4957017234213188
23264,22.762821537859374
23265,10.260613378974398
23266,4.638802299955803
23267,1.3625959448953053
23268,4.018188056211165
23269,1.991945879662172
23270,1.9784181467633963
23271,1.7902286558601286
23272,20.555838193843172
23273,9.287468472747996
23274,4.184542537971909
23275,1.2190797293732367
23276,3.3345695719101878
23277,1.8244940837645591
23278,1.880130051543416
23279,1.5699563854993914
23280,19.493612410496194
23281,8.884580718415027
23282,3.9766626766997857
23283,1.2096917853031288
23284,3.1955888191991786
23285,1.6487441101909033
23286,1.7516210594539883
23287,1.5149525517855038
23288,17.373162604273077
23289,7.938788650870401
23290,3.4211824370978317
23291,1.1052170560472157
23292,2.8882322400718468
23293,1.533897798455506
23294,1.592650795636864
23295,1.3929418061634662
23296,19.57319244292826
23297,8.941236951234563
23298,3.7504267984682
23299,1.1295894028713274
23300,3.1760182167221975
23301,1.5995270919169602
23302,1.7066730751586905
23303,1.4310561853239674
23304,19.045934310005777
23305,9.278754128245518
23306,3.9135878264436568
23307,1.2177321298008874
23308,3.264667383066177
23309,1.6826111728840798
23310,1.780029695097045
23311,1.542335586342853
23312,27.072869724717528
23313,12.412178416474106
23314,5.44026302248418
23315,1.6007861054393286
23316,4.625353889290137
23317,2.4046952876242247
23318,2.3961851412364528
23319,2.1103431209747896
23320,31.7845696240041
23321,14.07046750195517
23322,6.328563807073516
23323,1.8609679092639497
23324,5.049048471481387
23325,2.625386537853401
23326,2.851005119196729
23327,2.415121307456464
23328,16.42740889042771
23329,7.827948556593307
23330,3.1980458458399115
23331,1.0079697839956263
23332,2.828033016694428
23333,1.4801418500613557
23334,1.4502265264273153
23335,1.314240772248196
23336,23.551918278547003
23337,10.666958465177533
23338,4.6737344743859515
23339,1.3597849079937223
23340,3.757762368430351
23341,1.9270155879674935
23342,2.0498501869834147
23343,1.7990781464331487
23344,14.404637609201918
23345,6.068113878669707
23346,2.676604781513432
23347,0.9537561062192048
23348,2.3522023262900316
23349,1.2241889698852118
23350,1.2425093866700685
23351,1.140262019801276
23352,16.818241255891255
23353,7.483761135728084
23354,3.5189790787334014
23355,1.0289900732889035
23356,2.932920531651514
23357,1.4780772069505388
23358,1.5343341437411968
23359,1.3750858307834877
23360,18.853436978160612
23361,8.739932721609744
23362,3.713885669748806
23363,1.1163565073250532
23364,3.0176480692204963
23365,1.6062766371668822
23366,1.6738785767026616
23367,1.4773414047764208
23368,21.64253236348624
23369,9.722627204671246
23370,4.5663521983825675
23371,1.29110390776592
23372,3.4941576711977125
23373,1.846321693203161
23374,1.9361994737945964
23375,1.6708585077606866
23376,28.316918388485718
23377,13.151987671212071
23378,5.9935099089654225
23379,1.7508429776003636
23380,4.747909037847718
23381,2.5361459192207856
23382,2.6459136367983915
23383,2.235354547146699
23384,16.539555664197923
23385,7.792026520819561
23386,3.5076574923538777
23387,1.005238238193808
23388,2.9011530810585886
23389,1.478450198425624
23390,1.55316941609973
23391,1.3990679497593759
23392,44.0384471183251
23393,20.32322102150853
23394,8.980829109133563
23395,2.429692120338621
23396,7.308942356497182
23397,3.992645599483945
23398,4.095194088606969
23399,3.339622377969869
23400,21.551061489667582
23401,9.9081878132973
23402,4.162310890551953
23403,1.3232876201714057
23404,3.4232608784580356
23405,1.8255507835538491
23406,1.8923030216998302
23407,1.7027745644771433
23408,27.108239044313983
23409,13.09783460337197
23410,5.551808438616887
23411,1.6993361978443267
23412,4.567493534223121
23413,2.3255360227428423
23414,2.4181440721730105
23415,2.0867481780365016
23416,41.7360901739372
23417,19.077078942469868
23418,8.031240846392329
23419,2.4152761066909485
23420,6.889356406676462
23421,3.5151364664239053
23422,3.615474799311801
23423,3.1882072967976147
23424,34.596612447685274
23425,15.825625828575983
23426,6.958031450603622
23427,2.0983863390475443
23428,5.712399574147747
23429,2.965637488426369
23430,2.9820075461889606
23431,2.55660130340002
23432,22.93746559671654
23433,10.33293603632358
23434,4.686897935349117
23435,1.4393802574170824
23436,3.7287203743005928
23437,1.9061743908641087
23438,1.9821938762962525
23439,1.7248332331089313
23440,16.597907725193608
23441,7.364150996967686
23442,3.1017381786015426
23443,1.0040515502971223
23444,2.7146329730402097
23445,1.4554200290547121
23446,1.4745310601557906
23447,1.2789619654828253
23448,29.651944286865486
23449,13.58318593123932
23450,5.982134768871227
23451,1.672491369488671
23452,4.760297697192077
23453,2.4333133271013807
23454,2.7407313387981853
23455,2.249966834554786
23456,23.799434131118478
23457,10.939638810812939
23458,4.693997109131879
23459,1.3955034862002602
23460,3.86651887010858
23461,2.0131691291229807
23462,2.030615171631314
23463,1.7782434406079994
23464,17.087107695056236
23465,7.792360658466557
23466,3.419348449441375
23467,1.0111317854132167
23468,2.835546843288174
23469,1.4846415701938747
23470,1.4863540691454729
23471,1.343820638957559
23472,23.553396338922706
23473,10.55561034493639
23474,4.686311288550429
23475,1.4214531909983004
23476,3.663966961575646
23477,1.8905169954581111
23478,2.03864821753645
23479,1.846246793855949
23480,15.768960728962877
23481,6.8843555588775445
23482,2.936489391213005
23483,0.9937119569604813
23484,2.5066156560669297
23485,1.333615110612254
23486,1.337013033142143
23487,1.2143867584728265
23488,16.439045724649567
23489,7.084193299503043
23490,3.131874013235269
23491,0.964259434994472
23492,2.7315810122753783
23493,1.3892990672119228
23494,1.4392609174174869
23495,1.2552634946291477
23496,33.945293996587125
23497,14.969741614580355
23498,6.4423050908982455
23499,1.843673216680687
23500,5.489150806758125
23501,2.7712002887880804
23502,2.924364113636163
23503,2.5686854294082653
23504,18.058125736683913
23505,7.883356888986803
23506,3.5201372077180073
23507,1.0833804372003994
23508,2.864294908109507
23509,1.4823575323282632
23510,1.5992984020528842
23511,1.3910263929845608
23512,37.88334474414402
23513,15.991520613811453
23514,7.6999964069053926
23515,2.08484103768439
23516,5.75143468523774
23517,2.9680829842266863
23518,3.291822116582558
23519,2.709465725414593
23520,25.08122223629657
23521,11.443284967043432
23522,5.221179750873451
23523,1.4672295224848215
23524,4.163753760138283
23525,2.173207630256042
23526,2.2534639236655134
23527,1.9327347323727517
23528,18.236777734964857
23529,8.370210579291733
23530,3.652505471815121
23531,1.1445722787444537
23532,3.077399321022506
23533,1.5547361771275106
23534,1.6187713580467886
23535,1.4194507670723917
23536,47.378372808741545
23537,21.252653071128425
23538,9.304155263405974
23539,2.5942566363818456
23540,7.946990224466997
23541,4.224233528132147
23542,4.251683690451514
23543,3.6907860009574627
23544,20.774289543894493
23545,9.95560395334215
23546,4.402358673589934
23547,1.2637285238171065
23548,3.4653463623907625
23549,1.8282416830370878
23550,1.8229882793160679
23551,1.5912813483615502
23552,27.58078843042462
23553,12.197310334171954
23554,5.219395835232851
23555,1.6368017944853708
23556,4.328840447982598
23557,2.3469756265396784
23558,2.360262119619426
23559,2.065036172359126
23560,30.68101426749504
23561,13.806712406817754
23562,6.455108579223674
23563,1.7851904643828387
23564,5.050588420747491
23565,2.7132489407904195
23566,2.9137339452682705
23567,2.4312825652567644
23568,23.74542375364411
23569,10.541144208379668
23570,4.872058459671914
23571,1.4646508207495565
23572,3.899169642946778
23573,2.059906897860515
23574,2.1232057015179975
23575,1.820996593433653
23576,24.873455837860988
23577,11.957653864954796
23578,5.188875009749031
23579,1.4681353757427063
23580,4.176777516545704
23581,2.145553818687296
23582,2.2254803677671027
23583,1.9851883306426075
23584,16.34797309340842
23585,7.167965275719503
23586,3.217950203346766
23587,0.9794746175963549
23588,2.6607157144369253
23589,1.3647527169776963
23590,1.4266951931389207
23591,1.2717476216031944
23592,39.10570289999929
23593,17.492107876156297
23594,7.663511542297013
23595,2.3099491019422254
23596,6.278850145192934
23597,3.2551588878555084
23598,3.2845250999197293
23599,2.963204028802709
23600,15.28099805232325
23601,7.115765355235211
23602,3.0482495570345822
23603,0.975474622992587
23604,2.566731909720901
23605,1.3727250119185455
23606,1.3634292541060384
23607,1.2512287433689497
23608,17.022232765027006
23609,7.538122715868919
23610,3.4192671217930632
23611,1.0276082553924446
23612,2.831993528231406
23613,1.5207529907036599
23614,1.482621565661293
23615,1.3746516039834435
23616,25.07962658976872
23617,11.1296554448508
23618,4.624526789874324
23619,1.4768039876293166
23620,4.143315673917985
23621,2.189384145082615
23622,2.1886945243254354
23623,1.9624999056730548
23624,28.15628019919255
23625,12.974804143676442
23626,5.692101718265514
23627,1.5986953277454534
23628,4.467035668180524
23629,2.444318781718586
23630,2.674698435749175
23631,2.2910443610928177
23632,19.358506048798713
23633,9.086383521518353
23634,3.844305629461571
23635,1.1768372350910377
23636,3.2033561733450004
23637,1.6648869346124138
23638,1.7426417234165434
23639,1.507540262819465
23640,21.411624934636617
23641,9.496551945262494
23642,4.37728560574542
23643,1.2820387323632094
23644,3.5101939046187445
23645,1.8525832205340975
23646,1.789432113317116
23647,1.645956393558981
23648,55.20176623542653
23649,28.437836718268095
23650,12.142299183546019
23651,3.3550464522801136
23652,10.111597186617718
23653,5.4431848338882345
23654,5.358846484632622
23655,4.756199847537381
23656,17.046965275751504
23657,7.506040309747771
23658,3.4714994945523943
23659,1.065463211054665
23660,2.843873290770052
23661,1.4628171406791959
23662,1.6190695199560363
23663,1.3488065721062226
23664,17.363500681690937
23665,8.134012283176142
23666,4.8551684156322255
23667,0.08161458206329016
23668,5.264480007670208
23669,1.9970939398678575
23670,2.39771715332343
23671,1.53443253148719
23672,20.774962976750214
23673,9.481512961293461
23674,5.694196611084099
23675,0.09795177384546298
23676,6.657028191471923
23677,2.3610373489640657
23678,2.7412563836243766
23679,1.8379468705769253
23680,18.839327561625073
23681,8.526012180622775
23682,5.2296789018977385
23683,0.09425376052460557
23684,5.573061094728804
23685,2.159046593501805
23686,2.6129963703644563
23687,1.6882469791441117
23688,17.369808006179458
23689,7.90343738642079
23690,4.814274038431228
23691,0.08335757353265497
23692,5.117869771008071
23693,1.8981561091697023
23694,2.417465628995717
23695,1.5693096417479862
23696,15.762795668120601
23697,7.076666179552166
23698,4.357466697345624
23699,0.08017371180352623
23700,4.723136887987063
23701,1.731316085430419
23702,2.0938422906559273
23703,1.4088303394978339
23704,17.57941936618906
23705,7.896573488861496
23706,4.68069825340206
23707,0.08240068989812387
23708,5.26669396322763
23709,1.7997959989647632
23710,2.3859395183143426
23711,1.526329661161432
23712,16.900322234181548
23713,8.027946487173807
23714,4.80765582469634
23715,0.07464399556530481
23716,5.264917790196036
23717,1.9144359151989556
23718,2.422001873824026
23719,1.518696199508852
23720,24.50100775222377
23721,11.314842884953984
23722,6.501876577968091
23723,0.10450263105012786
23724,7.180304728423689
23725,2.6632717865747746
23726,3.196055265965106
23727,2.0396084881387835
23728,28.44658411756544
23729,12.699426395717898
23730,7.053392571281658
23731,0.1403164862447381
23732,8.208398258764921
23733,3.096696079204411
23734,3.886490164022177
23735,2.547035066244751
23736,14.924653834285735
23737,6.906949106340083
23738,3.8751998914784784
23739,0.060887559831691154
23740,4.550748203870791
23741,1.6756373894341778
23742,1.9376824334881775
23743,1.313678273509897
23744,20.98361394427835
23745,9.335097739838046
23746,5.573088679935375
23747,0.10894022431154762
23748,6.212898681164561
23749,2.297766156718768
23750,2.7278255053714666
23751,1.8444130505287608
23752,12.854646267163615
23753,5.7878911431173465
23754,3.3630816389890206
23755,0.05837387276864944
23756,3.632088422794279
23757,1.3232286338724815
23758,1.5914956501940536
23759,1.0920698468417736
23760,15.473817675580815
23761,6.942575143449088
23762,4.241534631952086
23763,0.0642235090624869
23764,4.8489855780284135
23765,1.7385858867622104
23766,2.042819396756845
23767,1.3864146274585951
23768,17.109531180776244
23769,8.095580455006273
23770,4.7659157600237005
23771,0.08006337115574358
23772,4.97335550443587
23773,1.9126546055447464
23774,2.2913380800566996
23775,1.5954808531084312
23776,19.01395668671873
23777,8.704208903104533
23778,5.228939167716095
23779,0.0916860054121397
23780,5.545554240658309
23781,2.0714797788289534
23782,2.592619981417913
23783,1.7499716057433854
23784,26.639561268692454
23785,12.300743561624941
23786,7.008796131853491
23787,0.11165794650437925
23788,7.779152483931505
23789,2.904694981824043
23790,3.6128334848597436
23791,2.3017903212151842
23792,15.514168718244509
23793,7.051269077515809
23794,4.31535376255312
23795,0.06997343536346491
23796,4.774041066051762
23797,1.6986783958212863
23798,2.0885178416527173
23799,1.4254598053712906
23800,40.21462152971746
23801,17.503507435245997
23802,10.510465599356937
23803,0.212970992700367
23804,12.014159971887846
23805,4.509677598544806
23806,5.562417546840119
23807,3.451594898139068
23808,19.79667030110484
23809,8.962304787879468
23810,5.045657705079203
23811,0.10356028332383362
23812,5.588576287143011
23813,2.0825002528284164
23814,2.575747390982482
23815,1.70588722895405
23816,25.126330421845072
23817,11.275160661382587
23818,6.453832667024474
23819,0.12348963094583842
23820,7.291853150016214
23821,2.6605459087451853
23822,3.2892189421405753
23823,2.1191422972197804
23824,37.11936573248642
23825,17.403358570783265
23826,9.54672182422595
23827,0.210284668268175
23828,11.045204860486093
23829,4.19012579238697
23830,4.775278086982787
23831,3.2695086114068714
23832,32.60578344219401
23833,14.393495747107886
23834,8.970279090593415
23835,0.14697013019141553
23836,9.063225176835353
23837,3.4473156354423358
23838,4.272926169606561
23839,2.6144709747483885
23840,21.23881935471473
23841,9.445683595256437
23842,5.679159971942655
23843,0.11527829441159966
23844,6.324859692084499
23845,2.181632284678359
23846,2.7678760549225694
23847,1.8025093318798067
23848,14.765482846719022
23849,6.672082094109812
23850,4.06242805070441
23851,0.06797487613773777
23852,4.400742240548162
23853,1.686709256941682
23854,2.008578730379732
23855,1.2906833667091158
23856,26.875059233110015
23857,12.12797250262149
23858,6.951889094421186
23859,0.14685053181568722
23860,7.592402801799548
23861,2.813565134358647
23862,3.636094496191131
23863,2.342204376575948
23864,21.966757017822225
23865,9.708756959541029
23866,5.849935539244955
23867,0.10368110057199674
23868,6.335204385382458
23869,2.3142883730866877
23870,2.7427940335541607
23871,1.8862332952030392
23872,15.82067903186194
23873,7.140754053180731
23874,4.270267052346487
23875,0.06540335813711452
23876,4.801139127159352
23877,1.7126363488693535
23878,2.0571337115304806
23879,1.3819053031218609
23880,20.786045468909343
23881,9.511658298750824
23882,5.587723497622809
23883,0.08186688105971855
23884,6.017016264540635
23885,2.1546586376331294
23886,2.632673696896577
23887,1.8292735112561307
23888,14.036649940321666
23889,6.281414158672461
23890,3.689496558830405
23891,0.05249558936585222
23892,4.228274133024569
23893,1.5152429679569188
23894,1.783349220530013
23895,1.2514392154957203
23896,14.953559320371133
23897,6.688059835125591
23898,3.978155258755947
23899,0.06510382315113139
23900,4.549585932473623
23901,1.5679760399537743
23902,1.9541917478220536
23903,1.2553535936480138
23904,31.373785064011514
23905,13.769890892532903
23906,8.397823348031267
23907,0.15817048448771528
23908,8.833273691195298
23909,3.2180946044611387
23910,4.140281384706016
23911,2.5947923264207127
23912,15.594265714901296
23913,7.202814552245821
23914,4.325387767888044
23915,0.07279228511637309
23916,4.596717654084963
23917,1.751683326091549
23918,2.1913012876208406
23919,1.4133643275116579
23920,34.136388869203145
23921,14.457038006333692
23922,8.880525428633431
23923,0.17086518502233117
23924,9.779082013600787
23925,3.4160196869126884
23926,4.551107388417766
23927,2.871393768821381
23928,22.936727106418775
23929,10.074495051527474
23930,5.917981036145558
23931,0.13204886073893896
23932,6.718692835563003
23933,2.477389960946347
23934,3.064229066310563
23935,1.9272035693578466
23936,16.33793652251678
23937,7.683110073982486
23938,4.566518415132567
23939,0.06740778821322717
23940,4.9927586109254545
23941,1.8145194967578275
23942,2.1532266140424707
23943,1.3842030517545203
23944,43.012844989082616
23945,18.38512245432708
23946,11.277465689501815
23947,0.22555803760805995
23948,12.79299419068371
23949,4.845355521949278
23950,5.739843095868742
23951,3.809691838225733
23952,18.977028982270213
23953,8.993992620192408
23954,5.308032589500933
23955,0.09589428188967039
23956,5.684492807770038
23957,2.1425069127633423
23958,2.525772662323264
23959,1.661598980224968
23960,23.916619495392506
23961,10.807981248255123
23962,6.509935830002598
23963,0.13285996409270218
23964,6.949231328655794
23965,2.6407308109949303
23966,3.196267561151658
23967,2.0590699648479194
23968,28.43136401743233
23969,13.07249379061635
23970,7.5181687021351715
23971,0.16022344763010946
23972,8.038670759069056
23973,3.045096145165432
23974,3.7956378479082034
23975,2.424985721334078
23976,21.662585912435826
23977,9.452183773591912
23978,5.657439627268936
23979,0.11160547021114424
23980,6.23724999322974
23981,2.2607006313239486
23982,2.847793546451145
23983,1.9066679502174648
23984,23.090581490887963
23985,10.40220709807868
23986,6.043990109304127
23987,0.1200082154023894
23988,6.77314333118447
23989,2.3909183406981964
23990,3.025021906478933
23991,2.0795920577078397
23992,14.95929205782061
23993,6.660432990555351
23994,3.9473437185744276
23995,0.06658726268339557
23996,4.31699844982124
23997,1.5155678916883344
23998,2.011211290242559
23999,1.2824078283646436
24000,34.72120174855639
24001,15.643451826853099
24002,9.26750069235134
24003,0.19173689557723458
24004,10.0866723469062
24005,3.69773961120731
24006,4.487358173813723
24007,3.0676853130182344
24008,14.03551015616882
24009,6.254206554861153
24010,3.6994774280368206
24011,0.06039602712210723
24012,4.039848588209115
24013,1.4680642683501604
24014,1.779483041473062
24015,1.236629109417258
24016,15.597912978166535
24017,6.996618572547604
24018,4.26499840410518
24019,0.071845032101443
24020,4.878655191094172
24021,1.7548578667261578
24022,2.1192777660484365
24023,1.3826885827122999
24024,23.364177675633524
24025,9.925713580429429
24026,5.873529019669685
24027,0.10817559773539108
24028,6.675459228692512
24029,2.4396540274153615
24030,3.0037191597157262
24031,1.955660935276044
24032,26.000329819235695
24033,11.730533728418916
24034,6.630524660241432
24035,0.11296882070793621
24036,7.593336220277757
24037,2.8091757071204295
24038,3.575579495328143
24039,2.4117384113228573
24040,17.301151154907206
24041,7.890340783511686
24042,4.742984323054355
24043,0.08301638951479738
24044,5.249127349649587
24045,1.8772274268651419
24046,2.3693693379677403
24047,1.5084405308698394
24048,19.947550341164515
24049,8.84230622614816
24050,5.259582840653525
24051,0.0819944477567028
24052,5.596626287480734
24053,2.1922745117539493
24054,2.4737421385532063
24055,1.7012531289390473
24056,53.11313801660368
24057,24.564899507454165
24058,14.81425990997042
24059,0.32653280613509306
24060,15.571144008454826
24061,6.040355803843864
24062,7.562854959254776
24063,4.9256638345333075
24064,15.663521405371764
24065,7.056896674956319
24066,4.34877153263656
24067,0.06774098493260483
24068,4.795642481106853
24069,1.7416209588819112
24070,2.1904029295972305
24071,1.4141377286178896
24072,18.846246558959095
24073,8.643180944554654
24074,4.466784659683481
24075,0.1554194296591195
24076,5.140786883290601
24077,1.8662237152862444
24078,2.1578337648183914
24079,1.53612392633258
24080,21.945279610869513
24081,9.924942805292265
24082,5.188101263162405
24083,0.19013391037850907
24084,6.177419885334044
24085,2.288802932656301
24086,2.5747563492398964
24087,1.7990833253014227
24088,20.095794993202784
24089,9.186951021531252
24090,4.699778290541001
24091,0.16256952970400906
24092,5.3539642838698365
24093,2.061855915288649
24094,2.3668397083704202
24095,1.6520363142572756
24096,18.911457535718654
24097,8.320352474241057
24098,4.529720830916584
24099,0.17184287639909832
24100,4.842926828130285
24101,1.808694768697871
24102,2.1665407389007147
24103,1.46423535633034
24104,16.20206914639765
24105,7.521015915522784
24106,4.167760550869643
24107,0.13224006739235544
24108,4.562513798951288
24109,1.627503905892981
24110,1.9215024990649971
24111,1.3593321057214183
24112,18.739718683152724
24113,8.3683499014244
24114,4.561809281004215
24115,0.15384974915732533
24116,4.885842541464339
24117,1.6772489958911512
24118,2.102185506494078
24119,1.4223417820276292
24120,18.199556310100036
24121,8.572297644014744
24122,4.412420944743629
24123,0.14474273319917752
24124,5.031994801631825
24125,1.8159876118886158
24126,2.1423241256678405
24127,1.5266645142071986
24128,26.86788348589029
24129,11.843007375502664
24130,6.2057345961488695
24131,0.24473993003320516
24132,7.036680371077681
24133,2.5401070248802857
24134,2.972045778799643
24135,2.097422851958638
24136,30.18301177867274
24137,13.6378212353506
24138,6.752006676746579
24139,0.2537552206622384
24140,7.78593230994676
24141,2.8514223115206696
24142,3.573820478684147
24143,2.4072396255739
24144,16.043816430723314
24145,7.5362470292148025
24146,3.790713098260566
24147,0.12741054035885058
24148,4.32214665578206
24149,1.621499562359768
24150,1.8097884136011604
24151,1.2885099124267811
24152,22.296941098032594
24153,9.87212054708601
24154,5.2325666097180985
24155,0.19462054474631404
24156,5.886619944289295
24157,2.128156789085238
24158,2.5252609800044707
24159,1.8458920473883802
24160,13.773473719215827
24161,5.981365310178995
24162,3.199434735704115
24163,0.10708098506112236
24164,3.234688546501447
24165,1.2457567273126497
24166,1.4543201278722044
24167,1.076109194438769
24168,16.065872167388406
24169,7.319301035035624
24170,4.105752493453433
24171,0.10963407416547671
24172,4.50958381092856
24173,1.6499425458458608
24174,1.8727447740202248
24175,1.3294049456881047
24176,18.45532550084248
24177,8.53848654147249
24178,4.425539048423751
24179,0.14593252969673537
24180,4.670096742394609
24181,1.7687107251119316
24182,2.08680088299721
24183,1.5538539774124662
24184,20.58573885607119
24185,9.11444189704644
24186,5.0181217655659
24187,0.1557138718523127
24188,5.266105592730378
24189,1.9587162281901025
24190,2.3599259521621003
24191,1.6818306860062084
24192,27.91804708421781
24193,12.628213968169524
24194,6.690127854199596
24195,0.2560164342459589
24196,7.245102510873139
24197,2.785398253066575
24198,3.320689198195238
24199,2.2708123668341242
24200,15.84962549613476
24201,7.655579720896927
24202,4.071177436323466
24203,0.1286384765860899
24204,4.483288119871574
24205,1.643652660731259
24206,1.9370739218693371
24207,1.3876583190613518
24208,42.08035244824342
24209,19.678020145736276
24210,9.923313387517032
24211,0.379981781539544
24212,11.496067109336106
24213,4.289038500221802
24214,5.028725558750453
24215,3.3940449298951814
24216,21.17120694597475
24217,9.178690642659465
24218,4.719949521887955
24219,0.16269700314437416
24220,5.367049111251663
24221,1.9609316916831376
24222,2.2813424805635467
24223,1.6881496817127328
24224,26.014761223953624
24225,12.303391533688208
24226,6.114054709118102
24227,0.22055052001467104
24228,6.946044909177269
24229,2.4566078050037063
24230,3.0627492142655353
24231,2.0919461742943923
24232,39.19678975191061
24233,18.030596833308582
24234,9.109296181771644
24235,0.36431056535511486
24236,10.283015641457666
24237,4.018309742576994
24238,4.4774990483102135
24239,3.1516172060008723
24240,35.46623258222486
24241,15.03691094027436
24242,8.323210905231234
24243,0.30613648020579687
24244,8.656510451260074
24245,3.322212436528167
24246,3.846991699108621
24247,2.557418519085809
24248,22.39542295449466
24249,9.665624332396192
24250,5.133489564878927
24251,0.18094997069257135
24252,5.579077754715304
24253,2.0609018297752253
24254,2.462712347491341
24255,1.7451073539794317
24256,15.743710662657287
24257,7.12345648025279
24258,3.6293871874982404
24259,0.12407469122244247
24260,4.198827454251668
24261,1.6079699210856075
24262,1.8211303146728874
24263,1.2237962863509309
24264,28.39766529465827
24265,12.515207866355047
24266,6.326206850606776
24267,0.2409196611054002
24268,7.181640390356615
24269,2.7338340429415924
24270,3.3529841090299137
24271,2.306516959910725
24272,22.823380598348585
24273,10.105639875779023
24274,5.397940104950074
24275,0.18846429572903858
24276,5.8009173986488
24277,2.2266383128886336
24278,2.50906594010312
24279,1.8391523959727956
24280,16.55156095559485
24281,7.634151102815829
24282,4.000612395605847
24283,0.11825303651288666
24284,4.373320927559971
24285,1.6330314905251848
24286,1.8745692503211868
24287,1.2826531174249183
24288,22.434913261295307
24289,10.675366468385382
24290,5.310520184976336
24291,0.18636361555188935
24292,5.806078095499533
24293,2.102995657101124
24294,2.480956410735209
24295,1.7944200024675538
24296,15.090735837685289
24297,6.929021695295455
24298,3.438998790984458
24299,0.11888887511438428
24300,4.022700365382323
24301,1.4547685074623335
24302,1.6674339387572181
24303,1.178282682975331
24304,15.626829237318223
24305,7.2799988168091785
24306,3.7529943726726587
24307,0.12496868289347395
24308,4.270115796442603
24309,1.5788246968051882
24310,1.7698870381511929
24311,1.2326523258313324
24312,33.4516217607983
24313,14.599238081576464
24314,7.6815477213542005
24315,0.3041550882656685
24316,8.368899357248727
24317,3.1670195930980327
24318,3.732145399299652
24319,2.537131971340095
24320,17.01468875026957
24321,7.617770838547976
24322,3.9160820218263614
24323,0.11064708845256657
24324,4.504460479872093
24325,1.6208552087193506
24326,1.8812641120084217
24327,1.256297183210818
24328,36.356985544238945
24329,14.956807941848206
24330,8.278323540008879
24331,0.29270847299583225
24332,8.876964973950122
24333,3.2460302345681913
24334,3.9931950088321964
24335,2.778931385289368
24336,24.504564322515932
24337,11.204322868332806
24338,5.887596303160761
24339,0.2188928795706458
24340,6.561123945647985
24341,2.409762819528849
24342,2.7416909399260914
24343,1.9473063293455237
24344,17.275960020531212
24345,8.13368191705678
24346,4.3764266743881555
24347,0.13384103128605895
24348,4.766560546155155
24349,1.7034925487634716
24350,1.9855742208968628
24351,1.3942890690569472
24352,44.880305373517444
24353,20.996510700053168
24354,10.748561409845848
24355,0.37119561590757894
24356,12.154480313855089
24357,4.594852930159535
24358,5.406546657810886
24359,3.701797866253693
24360,20.38109521921191
24361,9.382460195096519
24362,5.058971136482667
24363,0.15593812452156644
24364,5.410699116745156
24365,1.9783505514382504
24366,2.236977083821145
24367,1.6460245367548854
24368,26.0078530685199
24369,11.850688011695185
24370,5.949849350601117
24371,0.2427983545384939
24372,6.60834659673869
24373,2.5065293154862482
24374,3.0137620357048402
24375,2.0726563555047135
24376,29.889031172234507
24377,13.204971764891763
24378,7.193257295288192
24379,0.24553584638374962
24380,7.807776792245253
24381,2.927969880725854
24382,3.4504222944230776
24383,2.405194959515329
24384,23.137043316731685
24385,9.915022042564617
24386,5.196216455844439
24387,0.18270395310560794
24388,6.001136842855877
24389,2.149828997533559
24390,2.512651567450906
24391,1.8012196947833916
24392,24.35489463548436
24393,11.232538335681708
24394,5.752815888786622
24395,0.21230056864200902
24396,6.247165679899821
24397,2.3010790295396184
24398,2.772651023752267
24399,1.9978661623582887
24400,15.581522650332612
24401,7.108774621776357
24402,3.7624404918410534
24403,0.137556941396299
24404,4.198009451238434
24405,1.4385148731383781
24406,1.7944578988774096
24407,1.2334857157676304
24408,37.16794034893057
24409,17.11712124363801
24410,8.4476439529237
24411,0.316046568260119
24412,9.543585245113281
24413,3.6016769540358813
24414,4.0871314747726055
24415,3.0853073225331435
24416,14.760390312315376
24417,6.73877219738318
24418,3.4860006985288288
24419,0.11552091429495598
24420,3.9484437982751133
24421,1.3924686165544873
24422,1.6855881617020045
24423,1.1822403444224712
24424,16.56359725412451
24425,7.564310530822993
24426,4.044573473933503
24427,0.1265892248628789
24428,4.507112588545828
24429,1.6638857707809493
24430,1.8949787870592605
24431,1.3397878924712971
24432,24.504349729418486
24433,11.187001297768317
24434,5.415062844013261
24435,0.19582409270852535
24436,6.281422921970126
24437,2.368842444778307
24438,2.7317888701583657
24439,2.012341035304602
24440,28.049130708094644
24441,12.526234725100686
24442,6.3838350961530645
24443,0.23688007827418142
24444,7.15307596931637
24445,2.773691872699148
24446,3.2535818968410397
24447,2.362654820497576
24448,18.404934738186462
24449,8.508251861734175
24450,4.282878579038901
24451,0.1540907003069661
24452,4.848416191839645
24453,1.7867058455665132
24454,2.1607506181149287
24455,1.5298362236502894
24456,20.850810774609894
24457,9.18378971791341
24458,4.935655242239682
24459,0.17531507931179963
24460,5.247026487759412
24461,2.0332137022218997
24462,2.268670170752306
24463,1.6448321670499697
24464,58.116185633491185
24465,27.943836553205937
24466,14.131971064514103
24467,0.5149315733572745
24468,15.705116495739482
24469,6.032608364529362
24470,6.918221772895553
24471,4.936903429196717
24472,16.685144297103058
24473,7.415927162935994
24474,4.0858318820801305
24475,0.12215930282179505
24476,4.3631852993991895
24477,1.6677959812901253
24478,1.9717680945735536
24479,1.2791703486444155
24480,14.061959459108488
24481,6.678352601564915
24482,2.6674547207501997
24483,1.7384562697979538
24484,1.3020361523362596
24485,1.3064192644545038
24486,1.1863924875675793
24487,1.2525029685855684
24488,16.818382523250957
24489,7.761020214839985
24490,3.23315431359732
24491,2.197836297496109
24492,1.684130144666177
24493,1.5998159232114384
24494,1.4093315918368932
24495,1.4609590422445542
24496,15.966067512762365
24497,7.232605343904754
24498,2.930244392041571
24499,1.9979122429408511
24500,1.403292199993513
24501,1.4556212020372423
24502,1.3326263718696132
24503,1.347624481769216
24504,14.913494557913294
24505,6.477509086483396
24506,2.804074606748343
24507,1.7769101185072318
24508,1.3750912626214253
24509,1.3127081790730972
24510,1.2477971021083551
24511,1.235556193332724
24512,12.436520909822345
24513,5.7942352572435345
24514,2.562139498604845
24515,1.597141846193165
24516,1.227570959814651
24517,1.1591516199020186
24518,1.0746682729720811
24519,1.1157552697472115
24520,14.896220233814416
24521,6.624882408228316
24522,2.605415736402307
24523,1.7464542980967463
24524,1.3712838202637339
24525,1.2658132593630669
24526,1.2442109075743315
24527,1.236194268800734
24528,14.208103067596378
24529,6.735723191131301
24530,2.5879016575069635
24531,1.775578082478085
24532,1.289229856479033
24533,1.279857848860888
24534,1.173375128456411
24535,1.2195829956215403
24536,20.178625252216772
24537,9.139855722084395
24538,3.56690147145235
24539,2.674405604968791
24540,1.8485743740090226
24541,1.8198982726630608
24542,1.6427445240893508
24543,1.7299664175618041
24544,22.815776039817834
24545,10.59400423702285
24546,4.392478404525415
24547,2.819727703548611
24548,2.1842538664636177
24549,1.9985344864396102
24550,1.8142848372475275
24551,1.9595340592298085
24552,12.270580719657064
24553,5.81057667889366
24554,2.223141833170207
24555,1.509125469667681
24556,1.1728506171805007
24557,1.1369749894054382
24558,1.0294794159943925
24559,1.1020759049970659
24560,17.161965859814252
24561,7.887927149369812
24562,3.2661346287819955
24563,2.1550981698611418
24564,1.529588240411485
24565,1.5209400521156198
24566,1.4422829739160161
24567,1.4893874226546
24568,10.500609544760158
24569,4.384164927395349
24570,1.9190644278090354
24571,1.3233876725307558
24572,1.0520215349805258
24573,0.9919453076190069
24574,0.8748348855702509
24575,0.9281368891901652
24576,12.618070723004362
24577,5.840674217865009
24578,2.5830898051061832
24579,1.5538270010711042
24580,1.2254446667023402
24581,1.1901911941581258
24582,1.0694634122393356
24583,1.1159534738201644
24584,14.348687086166544
24585,6.844926112428803
24586,2.6812031257656503
24587,1.7216728287685859
24588,1.2788718501212923
24589,1.268758306362506
24590,1.1897490738895438
24591,1.267790574905814
24592,15.944797112703412
24593,7.181936472890412
24594,3.1772640353005257
24595,1.9884603119337716
24596,1.4748973633063824
24597,1.4285642001633847
24598,1.3382792135828214
24599,1.3963190036455602
24600,21.46427265366126
24601,10.062245355099114
24602,4.331388414105908
24603,2.7849185893439734
24604,2.033517651461939
24605,1.993322993425727
24606,1.787995826461196
24607,1.8754645097750964
24608,11.74535354856549
24609,5.9982952917138395
24610,2.4445563298736217
24611,1.5110500056286913
24612,1.1768130681801725
24613,1.152308568987189
24614,1.054618082873964
24615,1.1332136263809685
24616,33.13333550803566
24617,15.589894410135283
24618,6.38094935475221
24619,4.0904132062600045
24620,3.4045828292163036
24621,2.920716821499155
24622,2.5354631539532866
24623,2.771041958359737
24624,15.819173516922298
24625,7.409297784177351
24626,2.755440323713665
24627,1.9790168107418091
24628,1.4225581230009976
24629,1.40677815596932
24630,1.239425112781982
24631,1.386099746491908
24632,19.90714964520322
24633,9.658392555841615
24634,3.921192792353217
24635,2.5553127809713003
24636,1.903577139432085
24637,1.7793098055524408
24638,1.7002246771570806
24639,1.7461777639401401
24640,29.801420198751995
24641,14.095714605182552
24642,5.3851680655028105
24643,3.6484666515265136
24644,2.983088200439443
24645,2.7103023538702735
24646,2.338099076656339
24647,2.5434722126513925
24648,27.01536254745269
24649,11.933261481959034
24650,4.928288012133187
24651,3.3929149849058193
24652,2.4363650755403357
24653,2.296367286316201
24654,2.030900795486473
24655,2.120310215145206
24656,17.685177201691133
24657,7.86021295305686
24658,3.183733628440628
24659,2.134338283175699
24660,1.6182511621625393
24661,1.5195210783222273
24662,1.3966871724994627
24663,1.4485788347511814
24664,12.442183797771271
24665,5.657915113540583
24666,2.1586797863963465
24667,1.5465486254765433
24668,1.140762430252096
24669,1.1631947880663813
24670,1.0681438082235235
24671,1.0935371559847649
24672,21.753200118792677
24673,9.784303917928717
24674,4.120673087704046
24675,2.757996187651747
24676,1.9555807421826161
24677,1.9185844604122
24678,1.7952525964381152
24679,1.8690450610597154
24680,17.209918535306556
24681,7.903799450316937
24682,3.16909975995981
24683,2.200408112890415
24684,1.5492834333048005
24685,1.5484525632066417
24686,1.418594282226491
24687,1.4815635921782646
24688,12.932950961028551
24689,6.0725006720140255
24690,2.4208228421468005
24691,1.5522809297481162
24692,1.2177377975350931
24693,1.1494541783351842
24694,1.0694714818447195
24695,1.1640427694929476
24696,17.358377350961945
24697,8.69096214591336
24698,3.1952270883417815
24699,2.1904600871440887
24700,1.5149583724093687
24701,1.515192817907416
24702,1.4497012504722064
24703,1.492680839150373
24704,11.796614412353815
24705,5.488217983246369
24706,2.098307861608393
24707,1.4777133988956095
24708,1.0749534470223443
24709,1.0681958640605096
24710,0.9779856150625473
24711,1.0247902210988402
24712,11.911718450234618
24713,5.837934156783025
24714,2.2801837152909936
24715,1.432645429777263
24716,1.1255418359574696
24717,1.1324572263540134
24718,1.004839625303919
24719,1.0611044621449996
24720,24.639470547064434
24721,11.10474197711838
24722,4.507949222219408
24723,3.1319175886591797
24724,2.419035142802617
24725,2.2325843572025534
24726,1.9210566228897907
24727,2.109545615545185
24728,13.277801784399646
24729,5.810425125401139
24730,2.4059171947177553
24731,1.6169768186117464
24732,1.21877738755451
24733,1.188640568109871
24734,1.0797530725176283
24735,1.173960456181348
24736,27.35416186178025
24737,11.716618082358284
24738,5.312696722981706
24739,3.224496263354419
24740,2.483219748736557
24741,2.311705472421248
24742,2.0711122164621814
24743,2.248484754068634
24744,18.801516854665845
24745,8.818186906551535
24746,3.8397123615075763
24747,2.336407080750651
24748,1.8344177974600422
24749,1.71130808698621
24750,1.512914062151039
24751,1.5919288559626554
24752,14.13646782402743
24753,6.53913883718799
24754,2.7541807932259963
24755,1.6502021370374578
24756,1.3195984012668
24757,1.233386633753426
24758,1.1536798182666497
24759,1.1688870491124015
24760,35.0574919870153
24761,15.976547158496167
24762,6.948824837171932
24763,4.086706305373036
24764,3.4748917737050897
24765,3.1691741159538624
24766,2.7509678665092987
24767,2.9449015728347305
24768,15.641715991259971
24769,7.210608728017759
24770,2.9811288307982924
24771,1.937381424930412
24772,1.4623600464858497
24773,1.4011283697667487
24774,1.263781188988258
24775,1.3458231417657516
24776,19.83377981775107
24777,9.14110600552483
24778,3.4667921053141457
24779,2.538052765381168
24780,1.906955702684152
24781,1.7640760010859062
24782,1.6154837817464849
24783,1.6921102440015479
24784,23.140155194201895
24785,10.150462874711772
24786,4.803944493071165
24787,2.8889645647001054
24788,2.2652587259791597
24789,2.0952064291800503
24790,1.9488659645752464
24791,1.9728426112799482
24792,17.76724828771055
24793,7.804563095144378
24794,3.221669302102169
24795,2.170047774205503
24796,1.624808037173545
24797,1.5585719201691235
24798,1.468605079272021
24799,1.4825545933552937
24800,18.614349390665723
24801,8.927841314299934
24802,3.55547015884825
24803,2.3116269026090817
24804,1.7906868616979403
24805,1.6344373804263317
24806,1.507118072071587
24807,1.621545078097938
24808,12.270836292998547
24809,5.874858177772687
24810,2.3537647919891733
24811,1.5099255378333465
24812,1.1318204460172647
24813,1.1328434519874282
24814,1.044333814988868
24815,1.0744841088906254
24816,28.21597129191957
24817,13.64084714611603
24818,5.741293493836817
24819,3.6317077446528843
24820,2.7405262397523953
24821,2.516307136946437
24822,2.072889313133725
24823,2.4842237353181855
24824,11.555619158334125
24825,5.270413686325215
24826,2.1413280296616253
24827,1.429189998710881
24828,1.0737114939080274
24829,1.0903204069486452
24830,0.9653550376195652
24831,1.0217432967386648
24832,12.55901047368526
24833,5.8485515740329195
24834,2.391750140894808
24835,1.5701207451398593
24836,1.1770485164732774
24837,1.154672238350572
24838,1.0590658662005192
24839,1.1381750356024445
24840,19.090899060058472
24841,9.057414947934173
24842,3.409216885796092
24843,2.3201581151570467
24844,1.690971314015636
24845,1.6893760298720577
24846,1.5101108165302723
24847,1.6476964007146926
24848,21.082729671782314
24849,9.498304408304191
24850,4.172733945828626
24851,2.6642941113641445
24852,1.9002958201670235
24853,1.951405509766721
24854,1.87440913023066
24855,1.9020135957377526
24856,14.721383786705713
24857,6.911026711971155
24858,2.6345688909704537
24859,1.7879828670946085
24860,1.3471720883770026
24861,1.3141066150310377
24862,1.2199381834954182
24863,1.27989889223724
24864,15.825054425353118
24865,7.308927979984697
24866,3.137447431446507
24867,2.0122722115819993
24868,1.467393256455335
24869,1.4494906395984357
24870,1.2977874483276075
24871,1.3631284129144046
24872,44.62624656481741
24873,20.73338210472212
24874,9.408934761938092
24875,4.949029499365546
24876,4.757744160046341
24877,4.123565514348597
24878,3.522873089622068
24879,3.794232590735287
24880,13.051451867455626
24881,5.9792265326962735
24882,2.4765655393429737
24883,1.557519004071189
24884,1.1763837426360675
24885,1.197064582856983
24886,1.098426958220924
24887,1.1165337957872599
24888,18.350401045904707
24889,8.48910906882891
24890,4.797390899004896
24891,0.08806781842282752
24892,5.251985191078427
24893,1.9983912536057287
24894,2.442271961639813
24895,1.6097889562692256
24896,21.50857452429557
24897,9.38774902586592
24898,5.7768695205744365
24899,0.11181234893807591
24900,6.511016681054261
24901,2.349384422898426
24902,2.7456546108704782
24903,1.8359906270509343
24904,19.459251141269686
24905,9.156569514342582
24906,5.132070790808727
24907,0.09820915033415735
24908,5.702844828711631
24909,2.087458775733754
24910,2.6325001665123815
24911,1.6655080314678756
24912,18.58494324655486
24913,7.973038894579823
24914,4.91782434018808
24915,0.08352935771892522
24916,5.108224933291001
24917,1.9061418762600026
24918,2.3682678362859275
24919,1.5541708381390662
24920,15.68289493529548
24921,7.20205309496911
24922,4.321647037143985
24923,0.06756033441847784
24924,4.716742557771674
24925,1.7361872605578115
24926,2.15823748798873
24927,1.4022409521796217
24928,18.52081755984685
24929,8.20659672263132
24930,4.852619970958737
24931,0.07259280546458295
24932,5.091698397504389
24933,1.7612556598080693
24934,2.3637550408475465
24935,1.482844001461914
24936,17.7207845753904
24937,8.475804506986771
24938,4.726588130307135
24939,0.08905366843585698
24940,5.355275139793919
24941,1.9447884128720876
24942,2.363080538288457
24943,1.6155865631605344
24944,26.37784523950447
24945,11.815883044383298
24946,6.57921877498434
24947,0.13253259283850005
24948,7.304807555480197
24949,2.687084829166381
24950,3.2111180131566868
24951,2.1718222748551814
24952,29.737203736813928
24953,13.341407476664424
24954,7.3990214434638695
24955,0.171475500495896
24956,8.478007030990602
24957,3.049031541003973
24958,3.9045815423955506
24959,2.5318584110348246
24960,15.325480709943273
24961,7.175277666844411
24962,4.0401033942868985
24963,0.07581397639542209
24964,4.583306776382162
24965,1.6859001785896848
24966,2.0052031384005033
24967,1.3254642005326798
24968,21.79137152609864
24969,9.476269107442548
24970,5.481752772295334
24971,0.11930528810752326
24972,6.15384634449443
24973,2.2987417369003302
24974,2.736192443583343
24975,1.8708084608046427
24976,13.431366325471066
24977,5.884705233048629
24978,3.3919355797718986
24979,0.06729516235164887
24980,3.3756221918588785
24981,1.3331153835631613
24982,1.6250614757654995
24983,1.1219555834864974
24984,15.918699962810582
24985,7.178241873442792
24986,4.299865641564314
24987,0.06509559683878358
24988,4.6082983156562305
24989,1.7003359156571938
24990,2.115883008110648
24991,1.381391131386228
24992,17.486832565837766
24993,8.151411780357458
24994,4.680552632776771
24995,0.08495988540689106
24996,4.993012619291029
24997,1.9153069483837148
24998,2.29297361312413
24999,1.5849136476347094
25000,20.367402609260473
25001,9.06398606503564
25002,5.3600038206796885
25003,0.09787607095664506
25004,5.736166885181736
25005,2.069215498819595
25006,2.5723083760655303
25007,1.7863140636254253
25008,27.401041445616123
25009,12.423006056899933
25010,6.846975295651628
25011,0.1547255690261555
25012,7.885164697009434
25013,2.966012148169084
25014,3.552121366610005
25015,2.386192334821701
25016,15.399087378568902
25017,7.18774372740076
25018,4.309181855780038
25019,0.059689189860896975
25020,4.69853842854393
25021,1.7228631196034603
25022,2.0768414859569218
25023,1.4590884526588694
25024,41.58009050138576
25025,18.967731907567757
25026,10.50483201598762
25027,0.2455901856144533
25028,12.230091243169948
25029,4.560977543707121
25030,5.58083443134435
25031,3.6481712372931527
25032,20.291114409252472
25033,9.058570538279756
25034,5.1766537889454325
25035,0.08848422536510346
25036,5.826231384630519
25037,2.0590257336393747
25038,2.52193465085031
25039,1.7049757572663886
25040,25.132453330435073
25041,12.130133023683666
25042,6.579634004749339
25043,0.13408918369726053
25044,7.289331740111533
25045,2.648669439287225
25046,3.2617812702192412
25047,2.1697930441753392
25048,38.875451608188406
25049,17.331901233700652
25050,9.83572750433232
25051,0.26033631367185095
25052,10.721970297607717
25053,4.15386150122849
25054,4.853196974622647
25055,3.3330959446983384
25056,34.830534289136466
25057,14.654324264766815
25058,8.896681109508014
25059,0.1820933128710793
25060,9.660422287908954
25061,3.420862834474878
25062,4.192552012934309
25063,2.722501359029364
25064,21.70470633605046
25065,9.349056754320973
25066,5.823598175816776
25067,0.12521873840697834
25068,5.968044578533773
25069,2.1850598900919347
25070,2.7446752533004473
25071,1.833569353848131
25072,15.439585047534298
25073,7.026835505219193
25074,4.02496900511088
25075,0.07153172154152432
25076,4.402284091159406
25077,1.693577536757105
25078,2.00744342214522
25079,1.2781068645882687
25080,28.564386710867453
25081,12.46941096651216
25082,6.889202407162999
25083,0.14436419313389456
25084,7.9580623992779245
25085,2.8399703837721892
25086,3.704499969287217
25087,2.292185890580902
25088,22.356895266315753
25089,9.830920004364966
25090,5.753659858478351
25091,0.10431022452773661
25092,6.132260535161521
25093,2.3200435289353165
25094,2.764620197178262
25095,1.844109735404253
25096,16.324825843993324
25097,7.248182100304889
25098,4.291924332262456
25099,0.06485182482322802
25100,4.619581712887103
25101,1.763905047264176
25102,2.030081722063023
25103,1.3012868235944668
25104,21.92873069348536
25105,9.867928861094247
25106,5.685636906861912
25107,0.12148518521957966
25108,5.949292675047394
25109,2.2336770714440264
25110,2.7466390107060543
25111,1.9026405269432016
25112,14.594370106854633
25113,6.624052769635724
25114,3.7262977567149886
25115,0.06534626293439742
25116,4.375294638217132
25117,1.5263421976140037
25118,1.8444695662908712
25119,1.2657458235141061
25120,15.437042804611096
25121,6.940411945426087
25122,4.048160388510358
25123,0.07329108495691321
25124,4.588667365105072
25125,1.5519121176617128
25126,1.9726310599345493
25127,1.2634299261286819
25128,32.06733313606107
25129,14.004225001321666
25130,8.2496212566981
25131,0.18410053510941593
25132,9.16181163699675
25133,3.2697560620283173
25134,4.0027095178893095
25135,2.659384294732049
25136,16.216441840445263
25137,7.385350006133174
25138,4.5199053246613055
25139,0.061376469209152205
25140,4.774721438546183
25141,1.695557053486632
25142,2.1521559899831755
25143,1.4039967391743393
25144,35.859002609727014
25145,15.102775504688397
25146,8.867896082738941
25147,0.20162723600410687
25148,9.768198373531785
25149,3.534795564639229
25150,4.452232282565938
25151,2.9670024882843946
25152,23.977058931589834
25153,10.388094449455275
25154,6.102691777777136
25155,0.11060297988280943
25156,6.738319570073399
25157,2.4919042004157674
25158,3.0302260661799107
25159,1.9776209031198486
25160,17.58447343325015
25161,7.663411764876118
25162,4.599223263835134
25163,0.0716583099168041
25164,4.96675981406877
25165,1.8998809291512584
25166,2.1486224968169365
25167,1.4518138792039872
25168,43.91698319768317
25169,20.35608439860244
25170,11.440213821784441
25171,0.24961816757768426
25172,12.842827835457602
25173,4.763491645435588
25174,5.959281436921904
25175,3.770651309294326
25176,19.387114687072494
25177,9.269487584848822
25178,5.337404259260536
25179,0.10881461153231542
25180,5.805023559261551
25181,2.0984142041691136
25182,2.5689987673424115
25183,1.6502967220865665
25184,25.44213009903118
25185,10.72768281389006
25186,6.41209491351936
25187,0.12974138380782474
25188,7.15136421356788
25189,2.6566011458634353
25190,3.1773322362238643
25191,2.0872769920872956
25192,30.009776227021092
25193,12.548615688793875
25194,7.669240573868586
25195,0.16490397025712508
25196,8.562784418126792
25197,3.008623373326666
25198,3.831949931074934
25199,2.4006505837835173
25200,22.190555426154525
25201,9.51939113419014
25202,5.759808916801119
25203,0.11704940492756116
25204,6.109192080937656
25205,2.2886406243757063
25206,2.7375703626645636
25207,1.8760077508495427
25208,24.131788039290612
25209,10.434291279338117
25210,6.064320829342507
25211,0.12030390285548807
25212,6.770546687102421
25213,2.3728724892004274
25214,3.050236466663423
25215,2.1429785466566345
25216,15.285894711208638
25217,6.95060552154832
25218,4.115130886461502
25219,0.08014672187855924
25220,4.50032379713648
25221,1.5415331582568974
25222,1.9754813595087284
25223,1.2899325701959634
25224,34.880565441928994
25225,16.422022093930973
25226,9.384586651056335
25227,0.22950597922265306
25228,10.107045196281044
25229,3.764321751280958
25230,4.496248592241475
25231,3.2076615561941137
25232,14.701028906775012
25233,6.745187397744565
25234,3.7181354900207793
25235,0.06504175467864572
25236,4.027812273309533
25237,1.416257459923301
25238,1.7852753565663486
25239,1.250950108226002
25240,16.013998383453817
25241,7.209993859123222
25242,4.462663780110186
25243,0.07466096239157337
25244,4.615576036597124
25245,1.7459971548856241
25246,2.152517058545528
25247,1.344779285914657
25248,24.436119303854138
25249,10.688242604806655
25250,5.865715593531013
25251,0.11037373179392379
25252,6.710504731062825
25253,2.440500483996425
25254,2.9778293217935925
25255,2.0122536009423997
25256,26.926521992330667
25257,12.345729671903298
25258,6.755403748825919
25259,0.12942182114495587
25260,7.512270469672343
25261,2.9068210521875137
25262,3.4510773794595426
25263,2.388229621532491
25264,18.662781393589285
25265,8.310815211906792
25266,4.61689596919989
25267,0.0680788862223522
25268,5.247336435229507
25269,1.812099667719506
25270,2.3653555658644634
25271,1.5284364676508506
25272,20.053034779607188
25273,9.077639776690004
25274,5.219780993491107
25275,0.0948818904374412
25276,5.66324894613691
25277,2.0289505861819466
25278,2.4675986258608043
25279,1.6680069533433717
25280,58.02772183175374
25281,27.538564968972118
25282,14.886921995232328
25283,0.38541895949872934
25284,16.479696914130553
25285,6.16997647341821
25286,7.395340298283802
25287,5.304505878978381
25288,15.82372691840213
25289,7.251025698050836
25290,4.389945156646702
25291,0.06960919348993506
25292,4.538522218000127
25293,1.7237741493648593
25294,2.1473090421807854
25295,1.4259155828003418
25296,17.811635361277173
25297,8.062448725309713
25298,5.086291309220322
25299,0.11748759993738894
25300,5.497729372789282
25301,2.132694304943523
25302,2.5591581472786666
25303,1.671693780464261
25304,21.344643980373675
25305,9.223644895217387
25306,5.974269861652899
25307,0.12400302872105895
25308,6.784755539068231
25309,2.4710601004278163
25310,3.027698892680345
25311,1.9630636947974562
25312,19.20177473192476
25313,8.853938414581107
25314,5.406544768969838
25315,0.11169465948350776
25316,5.941442213856205
25317,2.167905711756129
25318,2.737143735321687
25319,1.7933954205646836
25320,17.9250031795623
25321,7.954877799198966
25322,5.141695670431028
25323,0.10413440070100127
25324,5.239367615070285
25325,2.0209911280080473
25326,2.4658220623162306
25327,1.6510495776395118
25328,15.79678712695975
25329,7.053790165912605
25330,4.542752637599765
25331,0.09416891022614927
25332,4.928604450541763
25333,1.827131638400331
25334,2.2554864449522016
25335,1.4650183778557468
25336,17.91159513486874
25337,7.763216374664516
25338,5.065780676642178
25339,0.09490161178129843
25340,5.473997709687992
25341,1.9275065687840247
25342,2.496297084817464
25343,1.5440129643782416
25344,17.585974312632015
25345,8.12876989326703
25346,4.992181547117329
25347,0.11091526812143662
25348,5.517888462144953
25349,2.0236133659753746
25350,2.488628909574968
25351,1.6540860123517853
25352,25.232234703309167
25353,11.424778558896097
25354,7.188355810052076
25355,0.1475091582632335
25356,7.781320305034629
25357,2.8107199302416563
25358,3.4279042784948066
25359,2.3320196004158205
25360,29.302173828591144
25361,12.797791659268693
25362,7.600239801427836
25363,0.18397889000009207
25364,8.627017524578463
25365,3.232956885102043
25366,4.090064717562327
25367,2.647461019000523
25368,14.88614145370844
25369,6.964491060024918
25370,4.221076330069864
25371,0.09107388938255158
25372,4.685450232303943
25373,1.7649539115139634
25374,2.048334414123071
25375,1.3760033824958686
25376,21.28666752416611
25377,9.685641537216076
25378,5.983798986880792
25379,0.12991373796157488
25380,6.542693319637665
25381,2.43837582204284
25382,2.9320697713518014
25383,1.9707820597068022
25384,13.257879320577759
25385,5.780479252620891
25386,3.5638010114410763
25387,0.08872561950684968
25388,3.550291824835756
25389,1.4072181250025855
25390,1.6451551809658431
25391,1.1426435233504673
25392,15.083849773091082
25393,6.968855858547824
25394,4.506954558563202
25395,0.09519185897726509
25396,5.035395793872647
25397,1.8217879990596741
25398,2.2380876170266326
25399,1.5169573328760628
25400,17.15929437562431
25401,7.960002544866683
25402,4.923014472469617
25403,0.10051771264210481
25404,5.064274213940278
25405,1.9655604565295062
25406,2.433275146673192
25407,1.6400394386522446
25408,20.019156598853776
25409,8.773966282966235
25410,5.39570602342354
25411,0.11124352761777895
25412,5.931331511219594
25413,2.1585443534522013
25414,2.7218474522270886
25415,1.822494580169856
25416,26.158915420235694
25417,12.141683701560599
25418,7.413749360771413
25419,0.16064282571907976
25420,7.953368404126036
25421,3.073971086676873
25422,3.9412754417672624
25423,2.509681563052505
25424,15.343377519340564
25425,7.126129218429735
25426,4.466132775122219
25427,0.09096060927528005
25428,4.811678708985622
25429,1.8560825796936367
25430,2.225099641484541
25431,1.5548802921617748
25432,42.10583190078318
25433,18.57754762156988
25434,11.080870512572794
25435,0.24893890589735126
25436,12.469230690326919
25437,4.6983947528965935
25438,6.07697696677309
25439,3.6934490551565964
25440,19.503481698764496
25441,8.717889156656287
25442,5.316895235974338
25443,0.1180683406731481
25444,5.886797764593691
25445,2.1714337617953885
25446,2.7301271984462523
25447,1.7992897394974623
25448,25.1007941088596
25449,11.38145706508406
25450,6.781611946419253
25451,0.1371470335161359
25452,7.4860286937605425
25453,2.7916319286046676
25454,3.581929803786683
25455,2.2342613220905014
25456,38.57593625890262
25457,17.25724786796227
25458,10.327197573069105
25459,0.23242188107083697
25460,11.188853674678782
25461,4.3794040741490265
25462,5.146823796055384
25463,3.4485205973355333
25464,31.961925876884415
25465,14.05285109476064
25466,8.98053331472709
25467,0.1782770906137105
25468,9.42452567999063
25469,3.579270465865919
25470,4.443556041870457
25471,2.840530925223734
25472,21.16886676800227
25473,9.286861178402077
25474,5.738928085635132
25475,0.12764583784870617
25476,6.318611508457071
25477,2.2860621183875973
25478,2.946107118974967
25479,1.916479214458521
25480,15.231876226047174
25481,6.715574190549018
25482,4.151652638490697
25483,0.09700075811723775
25484,4.700365369415216
25485,1.776606495495354
25486,2.187493469706136
25487,1.3648966680395538
25488,27.932254927275643
25489,11.933993631441336
25490,7.144617462853049
25491,0.17409833595833402
25492,8.208636665896407
25493,3.117011342642164
25494,3.886533746714071
25495,2.4422504767699027
25496,21.843956592240133
25497,9.57632666030646
25498,6.189709171697982
25499,0.12395358191325123
25500,6.421066738573609
25501,2.4736612581190185
25502,2.89088740810925
25503,2.013173750170865
25504,15.430924852568804
25505,7.105368647700687
25506,4.510481736218382
25507,0.08959755779414229
25508,4.8745011352912515
25509,1.84999954757844
25510,2.234117213519645
25511,1.4593888920689664
25512,21.14248544329317
25513,9.648602236340647
25514,5.913014814595018
25515,0.1205641253674992
25516,6.200245107030729
25517,2.2739438589182535
25518,2.9247763749321884
25519,1.9628021588196953
25520,14.36630479475337
25521,6.153878092604219
25522,3.932674045815136
25523,0.0821320912030754
25524,4.327085810229873
25525,1.6666961445391135
25526,1.8202007520700865
25527,1.2624966419799468
25528,15.12221363431735
25529,6.67657816788765
25530,4.207520884454165
25531,0.10169346113464052
25532,4.677625000114706
25533,1.6505984552043185
25534,2.1293503142592143
25535,1.3515661071056726
25536,30.765438319348824
25537,13.236569706427547
25538,8.47361822857625
25539,0.18395300138037965
25540,9.43338591184343
25541,3.3053702498531052
25542,4.310496021047199
25543,2.6981481422497895
25544,15.510039989537143
25545,7.200032632469728
25546,4.488341889860505
25547,0.08538972088431993
25548,4.803161213967716
25549,1.795923586688128
25550,2.2722015712563297
25551,1.4515844707365113
25552,35.08893713491498
25553,14.75934851807274
25554,9.406086236315954
25555,0.19762580002596125
25556,10.142935986530789
25557,3.5965632257100517
25558,4.7695184242062485
25559,3.1521503645486426
25560,23.285081648568866
25561,10.505037183327648
25562,6.431564929593947
25563,0.135752623814675
25564,7.0166442248783945
25565,2.668775476246658
25566,3.2978544126700364
25567,2.0778123139551945
25568,17.156351373588734
25569,7.7673233022323735
25570,4.796686748969749
25571,0.09190546642722511
25572,5.154286237308298
25573,1.9411116264137958
25574,2.3020016756018338
25575,1.5625173052657126
25576,45.46716161744286
25577,20.051056056318547
25578,11.962470640289933
25579,0.2559917357034597
25580,13.228066595715056
25581,5.07779830185142
25582,6.092059542897357
25583,4.08823881354536
25584,19.551282283271078
25585,8.916778094459065
25586,5.477263508174604
25587,0.11314240655322284
25588,5.968456027451616
25589,2.243924049538907
25590,2.6998006376761
25591,1.772925520616394
25592,24.921459065878693
25593,11.167467067495114
25594,6.778735569746163
25595,0.1465196578944146
25596,7.457770382235797
25597,2.797338783727551
25598,3.32464694375178
25599,2.254606404768451
25600,28.969490402158492
25601,12.69745069535991
25602,7.828014826945315
25603,0.17915928013597301
25604,8.370124469081754
25605,3.2017514853062097
25606,4.133891121434358
25607,2.590590271819409
25608,22.060312385887705
25609,9.569706680312857
25610,5.888267202793405
25611,0.12732001780051272
25612,6.501035520385064
25613,2.4175946938926143
25614,2.9063738943657325
25615,2.048052623803409
25616,23.083883193397583
25617,10.436770109451752
25618,6.417248837556068
25619,0.13007279071992045
25620,7.119812435304515
25621,2.5256101793080834
25622,3.29244632455755
25623,2.1439491260981653
25624,14.9699333123902
25625,6.767420126773143
25626,4.2630989572514
25627,0.0961603839071817
25628,4.790059847077302
25629,1.6509147914584779
25630,2.156660380669374
25631,1.3675025750719676
25632,35.5776241676653
25633,16.190884239920432
25634,9.800877161715505
25635,0.20962406097466457
25636,10.300562676636604
25637,3.9806078421653672
25638,4.942793409829651
25639,3.1813888518699502
25640,14.092005956178982
25641,6.321816398538949
25642,3.9209531081000137
25643,0.07873279232316528
25644,4.2330599354664695
25645,1.581664072682108
25646,1.953662476878117
25647,1.3212970824716035
25648,15.514632771186152
25649,6.938647142953927
25650,4.508199066883775
25651,0.0837910418248548
25652,4.6399695949662485
25653,1.7912261702487737
25654,2.247431503895138
25655,1.4690381862386337
25656,23.291869599002272
25657,10.193363815854763
25658,6.120464383280056
25659,0.1356774015762702
25660,7.018485939191857
25661,2.6595878278488256
25662,3.357841483744204
25663,2.221997145260185
25664,26.917889848861826
25665,12.056853236838693
25666,7.045264683600535
25667,0.14280414459286386
25668,7.910215798334126
25669,3.0293937629006367
25670,3.723402832801604
25671,2.612286539223178
25672,17.85842020396607
25673,8.24209913560781
25674,4.841380693328321
25675,0.10068221987101544
25676,5.4207499863678565
25677,2.023941765664784
25678,2.5169131999921004
25679,1.6921663182079423
25680,19.4833965885406
25681,8.80136699973017
25682,5.49239481640715
25683,0.1163974399297882
25684,5.710292754388403
25685,2.183893666178138
25686,2.665120455888875
25687,1.821900342852061
25688,52.604564841901
25689,25.28603930292513
25690,15.133722660823528
25691,0.3912877285958028
25692,16.587619987432678
25693,6.316365893157602
25694,7.73195103997559
25695,5.142382376098626
25696,15.77999073638239
25697,6.975344572680797
25698,4.565372663753445
25699,0.08685030638547238
25700,4.880285018407524
25701,1.8205775884295545
25702,2.355782071559583
25703,1.4264122607316998
25704,20.21350419704684
25705,9.36028975726579
25706,4.28477774269798
25707,0.8325814066917302
25708,3.925903487599557
25709,1.8578485854894966
25710,1.9688405386056935
25711,1.5582749671368508
25712,23.688492592723815
25713,10.809166049637946
25714,5.006395386628702
25715,0.9334692980085464
25716,4.928063710666377
25717,2.1553590952981825
25718,2.3353698711421083
25719,1.8227392903459214
25720,22.003454569263244
25721,10.138931824660055
25722,4.631071710970349
25723,0.8502933004769775
25724,4.3702987237965285
25725,1.8879239973496433
25726,2.1310997110035057
25727,1.6396204314436638
25728,20.50609628896249
25729,9.165628671578487
25730,4.31837319780083
25731,0.7782567465501891
25732,3.8319773287510817
25733,1.7629652262192688
25734,1.94600758373594
25735,1.5167260840982997
25736,18.377208151198747
25737,8.24664170262429
25738,3.80806694218514
25739,0.7632091721704033
25740,3.641015745449295
25741,1.5982008620736918
25742,1.8039771515108691
25743,1.4005450548995984
25744,20.752784511370795
25745,9.05724872511897
25746,4.188847409445834
25747,0.7496501173113974
25748,4.057439345747507
25749,1.6952235303225989
25750,1.9803275158494653
25751,1.4827959696502562
25752,20.46235203136156
25753,9.31689883991647
25754,4.265695977021371
25755,0.8181812447303887
25756,4.010598879879099
25757,1.7866655424118818
25758,1.9498155829595532
25759,1.547473104572748
25760,28.712860859944296
25761,13.238748031388702
25762,6.025037138231491
25763,1.052083269929372
25764,5.849002524585396
25765,2.471194272736086
25766,2.6753731951432025
25767,2.1664674512238755
25768,33.807675397243834
25769,15.022388213494741
25770,6.492664116983388
25771,1.2412116116437428
25772,6.450627767176576
25773,2.8562095827802523
25774,3.1479267852478627
25775,2.48231390920399
25776,17.21619767577965
25777,8.244824685125193
25778,3.485562437380562
25779,0.6943377157944337
25780,3.4032536955104167
25781,1.5250465313645725
25782,1.6133702812372528
25783,1.3207411989565723
25784,23.745119223700293
25785,11.321096911246887
25786,5.014298992605949
25787,0.9231334215045826
25788,4.801044647506664
25789,2.1234103387984216
25790,2.2929064878740317
25791,1.8258957658244752
25792,14.948359397872899
25793,6.450954437279919
25794,2.9880779188931332
25795,0.6813162544115584
25796,2.7243873471528848
25797,1.2961235377498064
25798,1.347624435096202
25799,1.1197239735097235
25800,17.28971095128473
25801,8.05642976748043
25802,3.8062720208361354
25803,0.7254247782476555
25804,3.680524811472165
25805,1.5649994519690245
25806,1.7348665982360028
25807,1.3900375769355504
25808,19.514749484427686
25809,9.302208584466685
25810,4.113786461423929
25811,0.7941073091223965
25812,3.7150912244559375
25813,1.7195813974663834
25814,1.9096483576326855
25815,1.506844701666772
25816,22.80672747005547
25817,10.256949278390257
25818,4.673256441556322
25819,0.8951524522092832
25820,4.401834364684379
25821,1.9139098426767462
25822,2.1215720848479123
25823,1.7015222558269787
25824,29.67396128745542
25825,14.251561188711223
25826,6.254071178977629
25827,1.1481702516514163
25828,6.130252636430043
25829,2.698630522358676
25830,3.0148991757750103
25831,2.3187963538102263
25832,17.42626385300748
25833,8.168699224634564
25834,3.7424200006485733
25835,0.7135380084840138
25836,3.4749505406829777
25837,1.5848770667210648
25838,1.7172553313743735
25839,1.4212506770291897
25840,46.99077586971276
25841,21.272879484877794
25842,9.725107102439809
25843,1.6227051792092737
25844,9.1033039364427
25845,4.072168834615645
25846,4.655230894291827
25847,3.4007415283253963
25848,22.95099718504893
25849,10.451912016955566
25850,4.490976237983618
25851,0.9024531933381928
25852,4.251162860041163
25853,1.9169598994741328
25854,2.054545987600228
25855,1.6772985532543343
25856,28.531231564315213
25857,13.153006138416032
25858,5.848509936251665
25859,1.0008090430400862
25860,5.562803459531992
25861,2.43421756207452
25862,2.7647203715504594
25863,2.0866643615100564
25864,43.74021670356079
25865,19.832561282125365
25866,8.587842083313483
25867,1.5150485132677594
25868,8.175373231669125
25869,3.801743779572387
25870,3.9988607442600412
25871,3.234856729489144
25872,37.02415842094928
25873,16.23196872050604
25874,7.577342379011685
25875,1.3154320240180362
25876,7.038034998355653
25877,3.1210755656528737
25878,3.4007206555081555
25879,2.6722009140816345
25880,24.24792200401993
25881,11.12917955684338
25882,4.937899253869533
25883,0.9766890664770475
25884,4.684331452291345
25885,2.035126328729554
25886,2.3041511868846576
25887,1.8028358103348296
25888,17.66609453449028
25889,7.669940267281769
25890,3.4856109248079337
25891,0.6953815154444811
25892,3.4360883405596403
25893,1.5549742618011753
25894,1.7032604301010397
25895,1.3000020704786774
25896,31.53630250842499
25897,13.768273211649769
25898,6.147603959056652
25899,1.1068871724011466
25900,6.148560953138455
25901,2.717191050714694
25902,3.011860456359985
25903,2.2564111855693016
25904,24.648673959885006
25905,11.097989495407123
25906,5.08088526062836
25907,0.9371246768538644
25908,4.702809300022677
25909,2.156995019538473
25910,2.26076921101345
25911,1.8692511590966505
25912,17.83508276881684
25913,8.190061244484896
25914,3.82874484639505
25915,0.6909332117116586
25916,3.526375698045563
25917,1.5811847165961634
25918,1.720405335387656
25919,1.3624699835622358
25920,24.02072339575926
25921,11.394202686151113
25922,5.008895754709055
25923,0.9480601787827582
25924,4.513199206002332
25925,2.0134912421013653
25926,2.2809450391607946
25927,1.8276147260057254
25928,16.547593275030604
25929,7.071269636180186
25930,3.3034856953076215
25931,0.7009495808839686
25932,3.2168004483635495
25933,1.4582390091801383
25934,1.4693302254604044
25935,1.2215137859245184
25936,16.94770537335189
25937,7.600941074145286
25938,3.5401864971131087
25939,0.6795845015949561
25940,3.41901022112676
25941,1.4676619782514784
25942,1.6661823101604232
25943,1.2873370745524773
25944,35.141620031510705
25945,15.252206772814798
25946,7.014622573310818
25947,1.2600236815774932
25948,7.004455333926303
25949,2.9374914580246023
25950,3.3087995602746094
25951,2.5584590445953292
25952,18.126628328397512
25953,8.495018636183993
25954,3.8573620348932827
25955,0.7384594656836004
25956,3.5325478094848846
25957,1.6009682894059114
25958,1.8068162930969731
25959,1.4100355710953227
25960,39.399413652195086
25961,16.799503924308613
25962,8.044334708662635
25963,1.516173400307746
25964,7.273674497458633
25965,3.1786181439745227
25966,3.632493931819313
25967,2.962072084577008
25968,26.72940460181111
25969,12.188464706095953
25970,5.544354704897575
25971,0.9930116278006907
25972,5.223757935068899
25973,2.3473019486589757
25974,2.5395867562705927
25975,1.9516414116221974
25976,19.837664780523927
25977,9.180314671422558
25978,4.09109581888663
25979,0.7907017668620582
25980,3.7755940899306824
25981,1.713519159446462
25982,1.851104708464132
25983,1.504654135886481
25984,52.39723770869873
25985,22.91491912751818
25986,10.286290254757219
25987,1.6538366792869825
25988,9.671667951514076
25989,4.49011198944761
25990,4.750849557986601
25991,3.7730929038480023
25992,22.149201881995957
25993,10.297959456190043
25994,4.593962040757728
25995,0.847840122672457
25996,4.353140394029921
25997,1.937160126519567
25998,2.0560463189814753
25999,1.6163451251834997
26000,27.93171229636933
26001,12.58281190184162
26002,5.52032900516643
26003,1.0034110972900068
26004,5.32603540491112
26005,2.3912721472240057
26006,2.5477482151462847
26007,2.0610145575936074
26008,32.99846775201087
26009,14.728048566861709
26010,6.655995647292249
26011,1.1914979869131728
26012,6.296347235431777
26013,2.838601535804086
26014,3.188483572764309
26015,2.4260354974723644
26016,25.09499912742712
26017,11.255190795152666
26018,4.972265210291786
26019,0.9653663674826094
26020,4.793616745152158
26021,2.1359061520586
26022,2.305767960577882
26023,1.911965793139423
26024,26.146058550588478
26025,12.153006086579941
26026,5.489762332467766
26027,0.988911179502077
26028,5.257479616580608
26029,2.1997812766450417
26030,2.51751112569165
26031,1.9933369957830045
26032,17.10195048160836
26033,7.772084015274876
26034,3.6150804057639245
26035,0.7046116540725925
26036,3.460328754841404
26037,1.4445598131320712
26038,1.680936713695546
26039,1.2915949205714405
26040,39.97810840520452
26041,18.351271679330186
26042,8.469584319700198
26043,1.481895375039014
26044,7.528776926794889
26045,3.4696818046745577
26046,3.8153259262076387
26047,2.9660878290319386
26048,16.18454819300678
26049,7.229351778795895
26050,3.339486798445155
26051,0.6769909069750594
26052,3.185561409705191
26053,1.4317435072709452
26054,1.5592445564288682
26055,1.269447114748972
26056,17.7471078530418
26057,7.9048480199674644
26058,3.797894051474774
26059,0.6978712761274224
26060,3.4885203855938594
26061,1.5367616672325504
26062,1.735336168394184
26063,1.3729232965019529
26064,26.604282500995208
26065,12.008414727339872
26066,5.149964150284048
26067,0.9830366926112484
26068,5.186074414519163
26069,2.296917195495817
26070,2.5340117143708025
26071,2.030363767109619
26072,30.578797924524245
26073,14.04891387845563
26074,6.061491434604578
26075,1.0451448374459513
26076,5.902363176977699
26077,2.6543423423031913
26078,2.894883432258591
26079,2.3994797427664016
26080,20.345394545446986
26081,9.568439160433126
26082,4.016306284603367
26083,0.7707417452316391
26084,3.9894010256341716
26085,1.7717298867279554
26086,1.9633308270863636
26087,1.5659509156665548
26088,22.014610363299365
26089,10.271699857542146
26090,4.69461862689525
26091,0.8717283805362688
26092,4.191322487199012
26093,1.914975283010434
26094,2.071689431454601
26095,1.680242923736748
26096,62.76289470641211
26097,29.898990667873957
26098,13.615612548601618
26099,2.258268191030875
26100,12.626744996841106
26101,5.655658581263819
26102,6.052983336415618
26103,4.901360619139578
26104,18.19620972055678
26105,8.075972455906284
26106,3.8541650394607196
26107,0.7154275188378407
26108,3.548522166814358
26109,1.5690753069142076
26110,1.818543072791864
26111,1.3442701698129562
26112,19.291758032490097
26113,8.779631176913776
26114,4.0486148061784775
26115,0.6212522554950493
26116,3.9029076271195127
26117,1.7204451465981783
26118,1.8534604170133075
26119,1.4320655621389633
26120,22.730882591963727
26121,10.091264791037935
26122,4.719470273817163
26123,0.7117910462058906
26124,4.9511705154215955
26125,2.0076570158466303
26126,2.2061165067812896
26127,1.6839796762727013
26128,20.66801023979715
26129,9.407518744262187
26130,4.335745043940952
26131,0.6245335398826792
26132,4.31562376201896
26133,1.7392836420090076
26134,2.0061822189121368
26135,1.5095629966021111
26136,19.338827519351202
26137,8.488085219947932
26138,4.062311653518076
26139,0.5982796005924799
26140,3.7949556544054337
26141,1.6521005417363683
26142,1.8462642973992893
26143,1.4168299480961022
26144,17.036499597807804
26145,7.523952091956402
26146,3.53474594026009
26147,0.5411923064952898
26148,3.5657474405138974
26149,1.4755568523001736
26150,1.665991634197901
26151,1.2602636789320305
26152,19.45613684809178
26153,8.399260819350511
26154,3.9387738949752347
26155,0.5473869290828567
26156,4.010124750407836
26157,1.5629890791914873
26158,1.8462043054252821
26159,1.3382434325966164
26160,19.209084768085646
26161,8.659382245283242
26162,3.986245519161884
26163,0.6092825903637953
26164,3.9615375956854955
26165,1.640814962405104
26166,1.8272802452105326
26167,1.4177094730581072
26168,27.17642557368185
26169,12.526443639443924
26170,5.701476109288352
26171,0.8452300823278343
26172,5.790202107105576
26173,2.3236076160115546
26174,2.54122859524505
26175,2.018670224631728
26176,31.53846838283647
26177,14.062971624894478
26178,6.143617588601492
26179,0.9487425297052204
26180,6.444740983916449
26181,2.6750547074234805
26182,2.9970916140397623
26183,2.284330498841862
26184,16.37430183750813
26185,7.666605896523034
26186,3.2724913041635073
26187,0.5144350425662064
26188,3.3967498960425124
26189,1.431932943861232
26190,1.5249560038125622
26191,1.2082801325963983
26192,22.68760247535621
26193,10.443014176666098
26194,4.688610086727992
26195,0.6921290212225127
26196,4.779382144465667
26197,1.969027238579985
26198,2.153778782212036
26199,1.6804835936177382
26200,14.103378331506375
26201,6.104616729634327
26202,2.839393528342435
26203,0.4817616983181654
26204,2.738427876420366
26205,1.1703156339170564
26206,1.2310255412641713
26207,0.9964432246281042
26208,16.115183201572567
26209,7.494022406730359
26210,3.5643875345963263
26211,0.5395485003701895
26212,3.6160856442029616
26213,1.4453939993599108
26214,1.6214898519026582
26215,1.2505551329562075
26216,18.677239312977026
26217,8.742163753281758
26218,3.8751556459033543
26219,0.5855668349310517
26220,3.6862918388360497
26221,1.6108044960885637
26222,1.7936137655307218
26223,1.4003268080935432
26224,21.35907437543037
26225,9.45658657453459
26226,4.362061004477535
26227,0.6402336954607895
26228,4.348116329058724
26229,1.7527665680540085
26230,1.9735882133971905
26231,1.5521841885649066
26232,27.716674083643102
26233,13.304716389236393
26234,5.923693789222089
26235,0.8945719786282821
26236,6.011682550340967
26237,2.4982203100170346
26238,2.835450946300267
26239,2.1199818615352832
26240,16.60907350530479
26241,7.593096055029559
26242,3.5232103742042833
26243,0.5324388515151176
26244,3.4468105362275883
26245,1.4846862464192696
26246,1.6139582609212866
26247,1.2910090437608306
26248,45.992797607182474
26249,20.230377228945418
26250,9.359695648520875
26251,1.3168984855488994
26252,9.12851095381862
26253,3.8295561481342517
26254,4.40324801374114
26255,3.1609457501708578
26256,21.589567373162673
26257,9.623567955303567
26258,4.201659230570755
26259,0.6568753821068272
26260,4.226751205695148
26261,1.7404776630493122
26262,1.9430936996180055
26263,1.5120371357140927
26264,26.854947510491368
26265,12.34755516259193
26266,5.508003033669103
26267,0.7896782173061108
26268,5.525193115287194
26269,2.269088873278825
26270,2.6061356436034977
26271,1.917072725773171
26272,41.274265423334086
26273,18.59276562501832
26274,8.258013448583798
26275,1.1904573158482061
26276,8.235239565372868
26277,3.5668093609908382
26278,3.776286259290836
26279,2.985764369166762
26280,35.20610961864032
26281,15.383135400430003
26282,7.324149032852195
26283,1.0321006316812638
26284,7.083920159722643
26285,2.953020317022728
26286,3.2655160108911896
26287,2.4703939611878063
26288,23.05662424189562
26289,10.330347854185808
26290,4.6807260494611125
26291,0.7192981122514456
26292,4.709983171410441
26293,1.8956016261650523
26294,2.170862036715792
26295,1.6635814853962876
26296,16.51212112447931
26297,7.1318580126467275
26298,3.259996067227185
26299,0.5279497137429224
26300,3.395055278419466
26301,1.4403859177424108
26302,1.6036857048313142
26303,1.1720410372575645
26304,29.524751919981014
26305,12.944596791781379
26306,5.840238304428918
26307,0.8795777124551473
26308,6.075730684262689
26309,2.555214449084235
26310,2.864432204721427
26311,2.0941108785925002
26312,23.211328905378515
26313,10.402976833211106
26314,4.778955591312688
26315,0.6995732709453599
26316,4.688769881971979
26317,2.016849879593735
26318,2.1278392757576583
26319,1.7193621672178037
26320,16.72053436632281
26321,7.658353798124506
26322,3.6092910316394446
26323,0.5347247167740278
26324,3.499732729455507
26325,1.500200854534388
26326,1.6383034967416978
26327,1.2496231973462213
26328,23.040879291752535
26329,10.724586425115543
26330,4.750383148022718
26331,0.7138024056771445
26332,4.5333351429251305
26333,1.8810747197317983
26334,2.152759650579339
26335,1.697166407867006
26336,15.459149560175048
26337,6.620413793413794
26338,3.136996516114252
26339,0.5074548205355633
26340,3.2079946423649965
26341,1.3623454783046198
26342,1.3913153397773919
26343,1.1211625592951273
26344,16.023940909358164
26345,7.081281724616516
26346,3.321423000434923
26347,0.5225307109712625
26348,3.389310275189121
26349,1.3485681771064806
26350,1.5780808618781912
26351,1.173158272493616
26352,32.90333939637795
26353,14.313294346632297
26354,6.745838928644175
26355,0.9946683572993988
26356,6.9489077917846345
26357,2.741193741871544
26358,3.1447464139892407
26359,2.3482460444047746
26360,16.99738565466439
26361,7.854122467569548
26362,3.600892176949436
26363,0.5323847013685569
26364,3.4802935758620634
26365,1.4890533121706477
26366,1.6911380218512713
26367,1.2747945869455688
26368,37.11705747618727
26369,15.725977429798535
26370,7.603598420961538
26371,1.1670473576904488
26372,7.211496731731144
26373,2.9616870064636687
26374,3.441645229098414
26375,2.6922736615848275
26376,25.1795979499529
26377,11.46383513803267
26378,5.276890807259415
26379,0.7357284997553729
26380,5.179972077212242
26381,2.188415490101393
26382,2.385494328723721
26383,1.7946118396398232
26384,18.580413606458574
26385,8.43072822117459
26386,3.7894750057354707
26387,0.5592227714580275
26388,3.704670227338156
26389,1.5643655759420465
26390,1.6983339521642011
26391,1.3339102850141864
26392,49.564130898565345
26393,21.744873835142084
26394,9.923485864306388
26395,1.3295989349082176
26396,9.685703605709216
26397,4.213117220461001
26398,4.497837665839006
26399,3.501248820287471
26400,20.75978203849951
26401,9.681552965920083
26402,4.37359816505163
26403,0.6442337724513066
26404,4.36829294139565
26405,1.8474472458443485
26406,1.9707123129525133
26407,1.5321904512116997
26408,26.615234433282815
26409,12.036111544341544
26410,5.304783533034255
26411,0.7706018257751889
26412,5.50678218355059
26413,2.2583889397530825
26414,2.4055316191150955
26415,1.9173874850228865
26416,30.6946787965818
26417,13.55023277402401
26418,6.210605469803668
26419,0.9019085905110309
26420,6.211186710661651
26421,2.5963592214274533
26422,2.976510647634862
26423,2.188600769767167
26424,23.487686639507785
26425,10.336467703160253
26426,4.6752052601279805
26427,0.7002494028195082
26428,4.795638706848705
26429,1.9593314202612386
26430,2.1427959492175255
26431,1.7385020582308135
26432,24.457058714693698
26433,11.299499780665961
26434,5.182734678803986
26435,0.7360543774170125
26436,5.249812655710982
26437,2.0575215610134214
26438,2.3829722600041476
26439,1.842743657462244
26440,16.15145182080776
26441,7.256005191561477
26442,3.4155692202255374
26443,0.5203570162932352
26444,3.450704873892176
26445,1.3317447715382935
26446,1.5949944025686686
26447,1.1739922277552837
26448,38.00908945901455
26449,17.39960991243922
26450,8.072517257051482
26451,1.1468857204418665
26452,7.492478511964844
26453,3.234143103783512
26454,3.610187197709093
26455,2.711945035427603
26456,15.220355635061523
26457,6.736704565368216
26458,3.1192556715781246
26459,0.5024847656395136
26460,3.128465764191678
26461,1.3080408963311416
26462,1.458620907691074
26463,1.1452598649769683
26464,16.79095092477867
26465,7.416979838224637
26466,3.5762414358611605
26467,0.5278163835102749
26468,3.4555149009393253
26469,1.443608464470138
26470,1.6377153289658417
26471,1.2513952873087675
26472,25.203190762896643
26473,11.142159428955607
26474,4.851580898290465
26475,0.7301914248650456
26476,5.20359105929494
26477,2.142769003265289
26478,2.380653455482443
26479,1.880416025543846
26480,28.57977240526248
26481,13.195226375583315
26482,5.759933594943694
26483,0.8015999961944349
26484,5.89080123688108
26485,2.4684798099703347
26486,2.7314933459655943
26487,2.2218562738643346
26488,18.96838712429902
26489,8.907502488367756
26490,3.772173001581194
26491,0.5746705308656508
26492,3.927641428369151
26493,1.636635798134859
26494,1.8345296209761102
26495,1.4361665929123997
26496,20.842812904815617
26497,9.615767207517258
26498,4.417028452123582
26499,0.6616796630513927
26500,4.164851631840494
26501,1.7912640210193684
26502,1.9722236855542543
26503,1.5674638939985832
26504,60.09692921488466
26505,27.645800831502598
26506,13.184389826010685
26507,1.709381654856939
26508,12.60704603090087
26509,5.358295664129574
26510,5.8221519784114255
26511,4.540016595181324
26512,17.1932232765317
26513,7.517042243307514
26514,3.617873100336651
26515,0.5410469120289442
26516,3.499297119874384
26517,1.4733270753668177
26518,1.7158257596314725
26519,1.23414237201314
26520,18.002608042293776
26521,8.2988585334613
26522,4.6933887594074015
26523,0.08195021066028747
26524,5.150843557395928
26525,1.9777239216542835
26526,2.410181189270915
26527,1.5986322754287945
26528,21.09547383203217
26529,9.225787006802848
26530,5.693402012740933
26531,0.10655627328654164
26532,6.342866733456229
26533,2.3205226024959864
26534,2.696549027829072
26535,1.818603140305841
26536,18.763529118386856
26537,8.828908137616496
26538,5.007129843217419
26539,0.08345899266897552
26540,5.448210476916731
26541,2.0357644429786657
26542,2.571281356585127
26543,1.6265212843578185
26544,18.06038269462767
26545,7.782867751064079
26546,4.837992223729293
26547,0.07397081517187946
26548,4.994699010293268
26549,1.871080247905792
26550,2.3226731953943474
26551,1.530338783694942
26552,15.381466004815792
26553,7.024360164765954
26554,4.2438520418980925
26555,0.06473949325310828
26556,4.621902237205552
26557,1.70568136984009
26558,2.117726502496332
26559,1.3894470815501194
26560,18.003786605810337
26561,8.005787863278615
26562,4.778550220864712
26563,0.07775098282872497
26564,4.998442217180808
26565,1.758779847749033
26566,2.3355030074130005
26567,1.4866243818889975
26568,17.256128494495115
26569,8.259016684786559
26570,4.649933898272635
26571,0.07819628499775362
26572,5.125421611003521
26573,1.9071776334327541
26574,2.315704554643
26575,1.5846275664719924
26576,25.878371130667766
26577,11.650285551475914
26578,6.496786763204171
26579,0.12703260414071907
26580,7.191812530195176
26581,2.6639640050163664
26582,3.1767296888702297
26583,2.14183309676049
26584,28.856318864653556
26585,12.879976092539637
26586,7.229660456122155
26587,0.16408558411823446
26588,8.311795881956847
26589,2.992552848189287
26590,3.8239749617755314
26591,2.4818679101162786
26592,14.973366622882876
26593,7.014475608733442
26594,3.988311952667552
26595,0.07557529213688285
26596,4.496758075331443
26597,1.6626882025375733
26598,1.9774984727616893
26599,1.3112916019422138
26600,21.362407755307967
26601,9.426085007997907
26602,5.444538895864892
26603,0.1114484799692769
26604,6.045740283246844
26605,2.25558154812645
26606,2.694736000515637
26607,1.8458568600947869
26608,13.184316006763517
26609,5.853138937807258
26610,3.403970546712883
26611,0.04291064123835219
26612,3.3703755094795627
26613,1.3117663615973874
26614,1.5898507140783962
26615,1.1167470732045972
26616,15.496872661269533
26617,6.98720294425325
26618,4.220575024962275
26619,0.06282545499578934
26620,4.523247160891313
26621,1.6805286455380644
26622,2.08167068083688
26623,1.3704251898193622
26624,17.452908372756237
26625,8.008570462528173
26626,4.608903477689425
26627,0.08336863935901925
26628,4.867425509733558
26629,1.9173575666371874
26630,2.287977256740395
26631,1.585209182457443
26632,19.810456521340996
26633,8.800602718173069
26634,5.287892355192117
26635,0.08484106643535957
26636,5.534001341966026
26637,2.023703885698439
26638,2.5152233131456985
26639,1.7496749027937837
26640,26.70293398099595
26641,12.169678297020965
26642,6.718219651684295
26643,0.1407408912442792
26644,7.6350865739037905
26645,2.927284725292618
26646,3.4933163997601078
26647,2.3449684346896995
26648,15.167095114619102
26649,7.140264371996123
26650,4.249030668380742
26651,0.05567315964777656
26652,4.614270422436801
26653,1.6967297477632612
26654,2.0517183320980723
26655,1.4440138055078433
26656,40.37736458125628
26657,18.617824413691125
26658,10.310571802694925
26659,0.2267499992700791
26660,11.74903585994231
26661,4.4634601833880785
26662,5.48384648249765
26663,3.591936378220484
26664,19.65626107017881
26665,8.764580888304645
26666,5.047654450469539
26667,0.07501875518492605
26668,5.563503483906062
26669,2.0178767261013704
26670,2.477292479527564
26671,1.6667740079286868
26672,24.63997677470804
26673,11.75314777471865
26674,6.43291846468803
26675,0.11396073155394595
26676,7.026160415109417
26677,2.59940815955051
26678,3.2015507464094144
26679,2.1300499531850967
26680,37.67994749044444
26681,16.967540068434193
26682,9.652184372057608
26683,0.2324169297569858
26684,10.420160017741223
26685,4.0254663245835465
26686,4.7324042027822975
26687,3.248501189288642
26688,33.81962902088381
26689,14.214945899110182
26690,8.62370668782097
26691,0.1551320647186222
26692,9.268952615891275
26693,3.341131612504437
26694,4.10190938362717
26695,2.640958502629208
26696,21.481363741806366
26697,9.145742202165598
26698,5.728118189824685
26699,0.11343873972279922
26700,5.819974693661463
26701,2.1355083010332097
26702,2.7043559554406245
26703,1.7944345154858128
26704,14.979756258873188
26705,6.788739717558697
26706,3.932497040333967
26707,0.07069432081375324
26708,4.297609370344819
26709,1.6722814246418725
26710,1.9692641967196576
26711,1.2649822653057607
26712,27.756475689247313
26713,12.296128845788486
26714,6.8006963122840105
26715,0.13548282001264053
26716,7.8042729741818375
26717,2.8121077780421353
26718,3.669216251537231
26719,2.263709158191205
26720,22.0921238695154
26721,9.70139213528072
26722,5.67031298868339
26723,0.0925524097035936
26724,6.006627535364089
26725,2.272891420972593
26726,2.712709268703994
26727,1.8092223560675853
26728,15.953370390167958
26729,7.0752056534620476
26730,4.235516382652554
26731,0.06259860963338822
26732,4.524087993561313
26733,1.741017277281239
26734,2.0017452041414048
26735,1.2863150002530523
26736,21.271906272066857
26737,9.553046120598955
26738,5.483847664376625
26739,0.10089392537766974
26740,5.738837567135251
26741,2.1596008502248005
26742,2.641709273634837
26743,1.8452701519570798
26744,14.384498199638815
26745,6.487124913784431
26746,3.6845622157206606
26747,0.057700205423229525
26748,4.295660776686401
26749,1.5128183632129117
26750,1.8255249290798055
26751,1.2476071396385024
26752,14.936624539589847
26753,6.748453976129637
26754,3.966347889216675
26755,0.07321189066602637
26756,4.492080047067134
26757,1.5241775151704071
26758,1.9410242437145355
26759,1.2505600607797869
26760,31.598764731149352
26761,13.566358457626867
26762,8.0091297294748
26763,0.15848722325091072
26764,8.788680046833736
26765,3.1871384712817665
26766,3.932011907930284
26767,2.5788207215306347
26768,15.939591089720487
26769,7.269193628675961
26770,4.4121123062214975
26771,0.06472010883357628
26772,4.679834168072512
26773,1.6807788677732152
26774,2.1277601630070326
26775,1.4022425774706737
26776,34.54136546328222
26777,14.727027182927408
26778,8.723244854715125
26779,0.1787260070954307
26780,9.420230658750498
26781,3.4536628400632767
26782,4.381211567019832
26783,2.910196616033407
26784,23.16313013250995
26785,10.185463942312495
26786,6.017499955643436
26787,0.11948739440719766
26788,6.599220539410039
26789,2.4790749102543432
26790,3.0113503641015873
26791,1.9949461799704737
26792,17.095855490575524
26793,7.531629058422125
26794,4.517264137469231
26795,0.07453781031595914
26796,4.895596184384277
26797,1.8928012682382989
26798,2.1497615013789018
26799,1.4553596129620723
26800,43.48065815106658
26801,19.699978412515147
26802,11.245306012998931
26803,0.20904588378475678
26804,12.266060658762152
26805,4.716289717520112
26806,5.836897299804037
26807,3.726065955435676
26808,18.890798287779543
26809,9.033095283960375
26810,5.231169041699649
26811,0.09733511425483318
26812,5.599166356699596
26813,2.0626607799905647
26814,2.512249032283733
26815,1.622327028192767
26816,24.742644549157685
26817,10.518005255505816
26818,6.314936270196313
26819,0.1223303827211183
26820,6.98039314407971
26821,2.627428071176486
26822,3.1385482172200656
26823,2.0532473465511845
26824,29.278368871793198
26825,12.44488631876466
26826,7.560677305895491
26827,0.14852141032399602
26828,8.287063117089325
26829,2.9525992778066334
26830,3.755816025043969
26831,2.344318272394179
26832,21.405124564925053
26833,9.319936013573786
26834,5.680859525999534
26835,0.11300681163727297
26836,5.95619924494024
26837,2.260555748054991
26838,2.7072732565731212
26839,1.8587808162394652
26840,23.4060888189744
26841,10.28445402804097
26842,5.991483146571056
26843,0.11582640489276963
26844,6.634221063930119
26845,2.34820273157375
26846,3.0327498022148607
26847,2.125606874247649
26848,14.84191897709981
26849,6.788115109290134
26850,4.073431770829062
26851,0.07346462690816542
26852,4.39302210328439
26853,1.5294226665536093
26854,1.9576903177062663
26855,1.2712117454994893
26856,34.70981434359706
26857,16.075719673117195
26858,9.25753008142653
26859,0.19894857103995867
26860,9.816966081392692
26861,3.6832407494565205
26862,4.406600270739182
26863,3.1281244310255
26864,14.200952182564826
26865,6.543906282659522
26866,3.6457148528843715
26867,0.06534948486543112
26868,3.932587802930134
26869,1.3937901346935442
26870,1.7593914137952784
26871,1.2348910401347886
26872,15.635199846368097
26873,7.056755109538235
26874,4.360922398215653
26875,0.07651081867063718
26876,4.536832538252114
26877,1.7335119077500272
26878,2.137912975391955
26879,1.3392418084062494
26880,23.80613150371892
26881,10.54709527454647
26882,5.7964558696557935
26883,0.09984592222151253
26884,6.564061290407127
26885,2.39904529123223
26886,2.922046785825848
26887,1.9778798478523856
26888,26.37535435190027
26889,12.167304503653
26890,6.6209408197567265
26891,0.11944817190664264
26892,7.357082200949729
26893,2.878969834104152
26894,3.3819924553039264
26895,2.3619938923780546
26896,17.934118591459345
26897,8.041357407129935
26898,4.499111298397329
26899,0.06952894411944699
26900,5.13291033129329
26901,1.8153458561069908
26902,2.3210891005545555
26903,1.5322712392112547
26904,19.66901903787304
26905,8.837798751026824
26906,5.147751803989912
26907,0.08563387345451988
26908,5.467453935429084
26909,1.989157873729025
26910,2.421653676565194
26911,1.6344924804345446
26912,53.35438813300177
26913,25.624810495253293
26914,14.119857749571796
26915,0.33117705673427955
26916,15.434625982099794
26917,5.8770930735212366
26918,7.001959418786767
26919,5.057128270962094
26920,15.488430020796713
26921,7.115380927973019
26922,4.332029937623836
26923,0.07212657349721392
26924,4.4697107190090515
26925,1.7155306198354519
26926,2.1391778975203763
26927,1.4248143739295953
26928,14.304920392141886
26929,6.866908118194288
26930,2.737625523589223
26931,1.685846515444611
26932,1.3997830143652423
26933,1.3416064696086198
26934,1.2206522877516033
26935,1.263382183975329
26936,17.24863811151828
26937,8.003923949730108
26938,3.3210010118797406
26939,2.160649599624599
26940,1.8253056553605045
26941,1.6197222710945236
26942,1.4570049245149654
26943,1.474515152028927
26944,16.384024942673527
26945,7.449690030275243
26946,3.0141095874163475
26947,1.960873762367255
26948,1.531340751564696
26949,1.475897645172328
26950,1.3918644934298992
26951,1.3612476806103873
26952,15.20039480583861
26953,6.613366975592698
26954,2.863698017570074
26955,1.7381569704679625
26956,1.4873329147760255
26957,1.3275766293344733
26958,1.2873235184734306
26959,1.2462259737642292
26960,12.78043919297511
26961,5.9708207390236865
26962,2.608158780080271
26963,1.5635352548956607
26964,1.3251231390512979
26965,1.1725243534280734
26966,1.1105990244676476
26967,1.1266186173905768
26968,15.297951254671586
26969,6.827034779366335
26970,2.7125705461492338
26971,1.7148857264568127
26972,1.500454160634237
26973,1.282875768527852
26974,1.295884267312681
26975,1.242178355690039
26976,14.681145879127317
26977,7.020222350483228
26978,2.7078303068070144
26979,1.7479187861796115
26980,1.4127820510184073
26981,1.3234587468504517
26982,1.2251175074254463
26983,1.2379341527938108
26984,20.839759022230673
26985,9.303226067356814
26986,3.6568465793322438
26987,2.638807826485546
26988,1.9995347407860513
26989,1.8348154456839243
26990,1.6774500699692405
26991,1.736783847111919
26992,23.760165488740377
26993,10.914924644718266
26994,4.535734499808583
26995,2.77841751733112
26996,2.386145110118844
26997,2.03178129997414
26998,1.896338286242168
26999,1.9797182999405845
27000,12.440885896769576
27001,5.902748991369778
27002,2.2629108819428176
27003,1.4883735427639702
27004,1.2799284629016516
27005,1.156334657222801
27006,1.0666222423010712
27007,1.121130273766694
27008,17.438170794928176
27009,8.046782026814565
27010,3.3290952658702104
27011,2.1162062160351387
27012,1.6528733934610627
27013,1.5305409779873274
27014,1.482041178465011
27015,1.495409759154784
27016,10.612732675513389
27017,4.4457430470689525
27018,1.944571309238659
27019,1.2857270705086978
27020,1.1299567309461271
27021,1.0036814185594702
27022,0.9067534070993374
27023,0.9393230631970906
27024,12.754097907504267
27025,5.900825653106445
27026,2.620539472436206
27027,1.5080362242868062
27028,1.3216420600315317
27029,1.195437288657331
27030,1.1033683093805398
27031,1.1263264807988067
27032,14.67703815507228
27033,6.99011597580979
27034,2.7421061372027347
27035,1.6840276335112796
27036,1.3888922189841229
27037,1.2849501391585894
27038,1.236094631813284
27039,1.276228005132831
27040,16.206891461011036
27041,7.341851500903068
27042,3.2313886683512223
27043,1.9454469395051197
27044,1.5862309073899972
27045,1.4265556109186937
27046,1.363694063984415
27047,1.398557959294842
27048,21.743713474987963
27049,10.27953629217871
27050,4.419602870101138
27051,2.7505277756369484
27052,2.222704278457672
27053,2.0147439043026534
27054,1.8594827721283302
27055,1.879147583072492
27056,11.976605980308438
27057,6.063785560371628
27058,2.491134344199172
27059,1.4923777843245911
27060,1.2839184488395439
27061,1.1735022175862415
27062,1.0998720481058013
27063,1.1577968349399743
27064,34.27786972047605
27065,16.073967811291368
27066,6.615970111276679
27067,4.090836536460952
27068,3.690333824125514
27069,2.9441320203800756
27070,2.642416933861679
27071,2.7654138003151365
27072,17.140254361401993
27073,7.568542565587937
27074,2.8474183168886213
27075,1.9594874159132936
27076,1.5479702272064966
27077,1.4362730124405412
27078,1.2955802387840942
27079,1.4088722264597553
27080,20.344597327558855
27081,9.887653099296744
27082,3.994141767137596
27083,2.5244226181607434
27084,2.053589754289277
27085,1.7918613362750506
27086,1.7444712463632241
27087,1.7482604658987422
27088,30.446919766662756
27089,14.48112509237529
27090,5.610583674179425
27091,3.6915167548069587
27092,3.2913531473210056
27093,2.728672039950749
27094,2.4392187532932468
27095,2.5460218803460433
27096,27.848359325433336
27097,12.217245421606782
27098,5.103118263437832
27099,3.3846640484799275
27100,2.659423419039148
27101,2.3224219533060997
27102,2.105266000256245
27103,2.1382854652199983
27104,17.975888633989417
27105,8.037900465677295
27106,3.25187716289335
27107,2.107087063793871
27108,1.7545159606478835
27109,1.5404460250170982
27110,1.44305943874313
27111,1.4669027875914256
27112,12.765209524860719
27113,5.850301107668315
27114,2.2431070115958907
27115,1.5058950631079107
27116,1.2428681627934852
27117,1.191753434458247
27118,1.1126699601377439
27119,1.0975685046474588
27120,22.284978825308787
27121,10.01340259482043
27122,4.2056855079989175
27123,2.748308900009089
27124,2.12785270508693
27125,1.9472904280726202
27126,1.8736923294170817
27127,1.888819308363339
27128,17.793917243146527
27129,8.283834219947334
27130,3.3424218794160483
27131,2.184880557336111
27132,1.7043586663974302
27133,1.6039681416345042
27134,1.497042796877389
27135,1.5336305603960463
27136,12.930658809206978
27137,6.077010535652477
27138,2.421763518346969
27139,1.5130457200850713
27140,1.3139862590859122
27141,1.1565606641202488
27142,1.0993956116066317
27143,1.1534011291996815
27144,17.67241242885969
27145,8.912959888531937
27146,3.270228750812263
27147,2.1527236403877112
27148,1.655024078753475
27149,1.5267437942758504
27150,1.4942369633018926
27151,1.4949306114370793
27152,12.01570737996226
27153,5.672711468392558
27154,2.178814607139931
27155,1.4427776283048568
27156,1.1749457485826245
27157,1.087943229093081
27158,1.0203618916901047
27159,1.0374531149114063
27160,12.06512899447259
27161,5.914677609447803
27162,2.326392011752828
27163,1.4009808032992974
27164,1.242152287305837
27165,1.1449392797969564
27166,1.0488630242058525
27167,1.0697569672488958
27168,25.10932652391825
27169,11.336972641136429
27170,4.637293354794232
27171,3.0855942806920567
27172,2.6333851163173465
27173,2.241004258098061
27174,1.983614248996732
27175,2.099719322682249
27176,13.611871357390127
27177,6.001650099387211
27178,2.4557393847698297
27179,1.5819109825659494
27180,1.323840374776695
27181,1.1960877274287482
27182,1.1128816752081305
27183,1.1769145211385241
27184,28.607132845735748
27185,12.039263049876332
27186,5.463123761854055
27187,3.208908080239466
27188,2.726096724713183
27189,2.345741731720328
27190,2.1671541062141437
27191,2.271158569735795
27192,19.209537584764345
27193,9.074904718160338
27194,3.9205020850315377
27195,2.2944157754505614
27196,1.9752334474792284
27197,1.7325795550146472
27198,1.5528194832673996
27199,1.6033242617375203
27200,14.430521426879782
27201,6.671171418875835
27202,2.7969485531220415
27203,1.616352993515359
27204,1.416056396998878
27205,1.242700509870647
27206,1.181934496062083
27207,1.1829826963749652
27208,37.1573258116707
27209,16.658707129245034
27210,7.24309324120659
27211,4.078668465181732
27212,3.869965755364351
27213,3.236465467402401
27214,2.885247758705088
27215,2.971191399715616
27216,16.087180251612867
27217,7.556536005072332
27218,3.116875573468539
27219,1.9102870912722565
27220,1.6171576233800036
27221,1.4362416436513652
27222,1.3433047322081548
27223,1.383805231426131
27224,20.1685729163673
27225,9.36105601160427
27226,3.570380120865649
27227,2.4771239447733198
27228,2.0637441148558517
27229,1.7904387434177556
27230,1.658479530534894
27231,1.712364920425312
27232,23.62185780521856
27233,10.377728296891863
27234,4.913984801501468
27235,2.8553913107671165
27236,2.455303700803339
27237,2.12703836422783
27238,2.009941114217173
27239,1.9907246676600472
27240,18.203783482463738
27241,7.99403433673218
27242,3.2962613654745527
27243,2.1414470508665984
27244,1.7626971043996371
27245,1.5823897610487683
27246,1.5203314601748568
27247,1.5028755547011405
27248,19.24629641680307
27249,9.185454619755676
27250,3.664816332346226
27251,2.2642220962093575
27252,1.9589422239079757
27253,1.6635746538948253
27254,1.573106913909962
27255,1.6448280203849839
27256,12.379973997749786
27257,5.944225978713506
27258,2.379843412097
27259,1.4548774803755364
27260,1.217753895720107
27261,1.1329280327365747
27262,1.07071246656657
27263,1.070737093424868
27264,29.45782264352426
27265,14.042771065120176
27266,5.934963348385045
27267,3.6057877307501083
27268,3.0367693137606717
27269,2.5328234063173043
27270,2.1636258113886724
27271,2.4898421465104876
27272,11.699182292462442
27273,5.310064641947106
27274,2.1938092809208887
27275,1.4197452480096817
27276,1.1841864971774232
27277,1.117313830255006
27278,1.0180861547718345
27279,1.040363259216817
27280,12.640609787027014
27281,5.882230387147983
27282,2.3961645197269736
27283,1.5203675558217087
27284,1.2644164072588224
27285,1.1512253680943692
27286,1.0804486662586446
27287,1.1350722740871109
27288,19.216518493053677
27289,9.250663141331428
27290,3.5050593213091368
27291,2.2764443094521463
27292,1.8443707235214013
27293,1.7101021068390905
27294,1.5681711462094974
27295,1.651686325816847
27296,21.118415673323014
27297,9.794808786921127
27298,4.196392497086296
27299,2.5668363095481923
27300,2.023418638731084
27301,1.9402222011826258
27302,1.9006487871324678
27303,1.8850427113808894
27304,15.156425591735424
27305,7.064887276105904
27306,2.6975863814056322
27307,1.7417289551994921
27308,1.4581206803267683
27309,1.3273247678401572
27310,1.2622195548829487
27311,1.2863860806228598
27312,16.132165118384588
27313,7.507588353069848
27314,3.1774643021948976
27315,1.956018933362292
27316,1.577665845380083
27317,1.4497289870873664
27318,1.325048383566973
27319,1.3631415939647615
27320,43.98211833550571
27321,21.403669761453344
27322,9.736598377498568
27323,4.925133890323559
27324,5.1656311995177235
27325,4.17389595915871
27326,3.671337671033263
27327,3.8024883160909466
27328,13.214587000169905
27329,6.076815399095914
27330,2.52407906076696
27331,1.5212739622303473
27332,1.2776650098945397
27333,1.2123240588041566
27334,1.1359996739297789
27335,1.1286037439780199
27336,14.628792587694088
27337,6.8229995406147435
27338,2.724000467211696
27339,1.617093258658214
27340,1.5507970437927725
27341,1.308155532780289
27342,1.2270062078644248
27343,1.2263857428833316
27344,17.152490001422176
27345,7.769868061270783
27346,3.2437729688957546
27347,2.037540809313154
27348,1.9824821094387608
27349,1.579310521350037
27350,1.4305143901643322
27351,1.427179770207243
27352,16.244894063314156
27353,7.256673558692225
27354,2.927817583555261
27355,1.8736109237602017
27356,1.6896614204835732
27357,1.436439003109173
27358,1.3631952887071959
27359,1.3202249408603672
27360,15.087095294418134
27361,6.472559310666843
27362,2.780310962470924
27363,1.6392894012330252
27364,1.6094136201501668
27365,1.2901155467725234
27366,1.2703630819148914
27367,1.2030116865657534
27368,12.725057241243787
27369,5.881358042824698
27370,2.5761393646134554
27371,1.5148419111286364
27372,1.4721472550006671
27373,1.167095794948375
27374,1.142901001067407
27375,1.1195541922630425
27376,15.179524803332614
27377,6.665355595356746
27378,2.664705573463368
27379,1.6325326626927597
27380,1.6506515897604466
27381,1.247881395493248
27382,1.2783567533251692
27383,1.2074742060503516
27384,14.31207316209688
27385,6.919819797309852
27386,2.6581308998680755
27387,1.6612657053292015
27388,1.5623587376784451
27389,1.2916726669067269
27390,1.2306215298596195
27391,1.2101994734226396
27392,21.21888920954342
27393,9.268297246677054
27394,3.693993962961123
27395,2.4805391811504456
27396,2.2616510367520264
27397,1.8026929532161615
27398,1.683418002753086
27399,1.6889396555270522
27400,23.930569712720832
27401,10.728551210818873
27402,4.458783941323853
27403,2.6638858567464316
27404,2.618253711471009
27405,1.9819901939304412
27406,1.9097234817878712
27407,1.921835091018503
27408,12.67150043969894
27409,5.88216463870584
27410,2.230731763923903
27411,1.4108324987351724
27412,1.4136048243726156
27413,1.1474011619063023
27414,1.0902171241160405
27415,1.098204271315535
27416,17.449599850835686
27417,7.915009549685804
27418,3.3010380566728807
27419,2.0162996078251343
27420,1.8341169941605124
27421,1.5013198135157493
27422,1.4714337999774507
27423,1.453352907269734
27424,10.462466052162267
27425,4.271986837488597
27426,1.887243872810317
27427,1.240451399582123
27428,1.1400365175120335
27429,0.981716812191435
27430,0.8907529377854055
27431,0.9293123834765143
27432,12.535771287286511
27433,5.684158913451282
27434,2.524310462540013
27435,1.4714369271186623
27436,1.4283495021761234
27437,1.1670998663953915
27438,1.1046984359887306
27439,1.101805501594178
27440,14.632582179475381
27441,6.863694202197809
27442,2.6683322517779953
27443,1.6012227275824427
27444,1.4794548258788107
27445,1.2494017361780376
27446,1.2070614217593247
27447,1.2196958133577342
27448,16.21615488880059
27449,7.216836443069019
27450,3.17951991110118
27451,1.842977865547358
27452,1.7418796709391848
27453,1.3909805833705964
27454,1.352141173663494
27455,1.3454780312166632
27456,22.43280848261745
27457,10.155961345128821
27458,4.380553901168272
27459,2.6359912969433865
27460,2.4767788479532884
27461,1.9810965440816815
27462,1.8675251694526855
27463,1.8362371397913086
27464,11.817693987152333
27465,5.907240437748873
27466,2.42757137943827
27467,1.4494321744442729
27468,1.391180207702118
27469,1.173622827126151
27470,1.104074722277575
27471,1.1274205972087676
27472,34.37556576806144
27473,15.686457183357927
27474,6.425038505186807
27475,3.791763265471842
27476,4.015911666095286
27477,2.9220987470097657
27478,2.6949008824061287
27479,2.6642983371801896
27480,16.594632677861334
27481,7.480437382253498
27482,2.804467115626367
27483,1.8609293552622452
27484,1.7248165444686534
27485,1.402475590192401
27486,1.3136901202652027
27487,1.3584686747970336
27488,20.45912405670685
27489,9.803460346100163
27490,3.8965011690264335
27491,2.3803291309312615
27492,2.248742000928547
27493,1.737598382714381
27494,1.6984774263567133
27495,1.675356330551952
27496,31.088481975124466
27497,14.334428693021641
27498,5.588424277890603
27499,3.5316016488982758
27500,3.5892419714688293
27501,2.671643974078123
27502,2.424523162800491
27503,2.459442116129332
27504,27.836228599204983
27505,11.884873495772393
27506,5.042083581653046
27507,3.191008929884632
27508,2.8802241418501398
27509,2.279272524061712
27510,2.099929505492669
27511,2.0794058876790436
27512,17.71620059569772
27513,7.816162000438125
27514,3.154652310287564
27515,1.9769109592220724
27516,1.8740880769375712
27517,1.4786102949374937
27518,1.4074055208558218
27519,1.3959456055224728
27520,12.167360099661835
27521,5.601830685376996
27522,2.1568367680561153
27523,1.4449912651651753
27524,1.3274379150870623
27525,1.1405083292250644
27526,1.0880766007264964
27527,1.0777168498496998
27528,22.4074698791076
27529,9.879046096568114
27530,4.1545802444430535
27531,2.603841492388421
27532,2.3646764749788143
27533,1.9069462208252714
27534,1.8754475324972657
27535,1.8338295432947016
27536,17.90369104714022
27537,8.144155293957793
27538,3.2936295226937715
27539,2.076347787508095
27540,1.8732451995092585
27541,1.5673947036154088
27542,1.487787293199149
27543,1.4793020730562025
27544,12.835830281501405
27545,5.908791846956962
27546,2.3913237513817114
27547,1.4595622211162447
27548,1.4128099041984457
27549,1.1411927634124526
27550,1.0936654999059627
27551,1.1148946531826414
27552,17.90702320525165
27553,8.903736592512667
27554,3.2456327248908017
27555,2.0505432615270185
27556,1.8498069493084648
27557,1.5207105614775274
27558,1.4897960423761303
27559,1.462340621123242
27560,11.850333298804589
27561,5.282681959716136
27562,2.080952464864158
27563,1.4118802898739993
27564,1.2481360710260483
27565,1.0711873904343672
27566,1.0103110012601706
27567,1.0355420671537254
27568,12.005449998947293
27569,5.643734909812972
27570,2.263507868484925
27571,1.3733807631623793
27572,1.3662582708839988
27573,1.1178444487645671
27574,1.0482779845353716
27575,1.0760619024966203
27576,25.18125597765019
27577,11.11765009993687
27578,4.527608074802564
27579,2.8629743972792134
27580,2.8058960762248395
27581,2.1680554773052414
27582,1.9503543677493465
27583,2.013877015799769
27584,13.416155307804338
27585,5.916820899046986
27586,2.412922433746896
27587,1.5152946670121623
27588,1.4406259441140052
27589,1.1768472671033416
27590,1.1232901706268177
27591,1.138634218572912
27592,28.198326965259866
27593,11.875133622921648
27594,5.358302365705465
27595,3.08149935165874
27596,2.934826875450261
27597,2.2795539951512853
27598,2.13568085380385
27599,2.1957879766809643
27600,19.423756672474774
27601,8.884187006723236
27602,3.779281365068326
27603,2.1610070337410834
27604,2.1420543374274663
27605,1.6730507939042512
27606,1.5216391330110164
27607,1.5368704966905922
27608,14.05980369088115
27609,6.496086793007979
27610,2.737910866925457
27611,1.5518502963903695
27612,1.5470720999253993
27613,1.2219327500419144
27614,1.1776771738913117
27615,1.1570042594815189
27616,36.464100792137096
27617,16.71063523344036
27618,7.04359392770647
27619,3.836607667540964
27620,4.21472339113029
27621,3.158716320659148
27622,2.9108350483430754
27623,2.882966557688364
27624,15.758194590880136
27625,7.357864068076318
27626,3.0176386529363475
27627,1.8061563370301261
27628,1.7312595850245884
27629,1.3949652595334772
27630,1.2903025234023047
27631,1.3202097637939172
27632,20.42443929866286
27633,9.260143330445514
27634,3.5308616873604874
27635,2.3541079403566245
27636,2.270615998665397
27637,1.7472504485718139
27638,1.6540319231217566
27639,1.651722759949361
27640,23.80082955160697
27641,10.26790733842459
27642,4.788548262648753
27643,2.7032385202546023
27644,2.6683271126715704
27645,2.0638379033713936
27646,1.970271954310822
27647,1.919630421316657
27648,18.072308073191383
27649,7.812174633116075
27650,3.2316997715628393
27651,2.006969690339231
27652,1.9243350947805535
27653,1.52410222027993
27654,1.4846292253884363
27655,1.4352050813097827
27656,19.179576613252493
27657,9.013735151416709
27658,3.6161996885068333
27659,2.140774525615007
27660,2.1244763253715977
27661,1.6199729182761073
27662,1.5474346434318709
27663,1.5844707981250978
27664,12.096403940710276
27665,5.702261971274362
27666,2.299126001675357
27667,1.4162994221037029
27668,1.2864291573958084
27669,1.0939323914171053
27670,1.064754005818573
27671,1.0580057360101367
27672,30.023741469095498
27673,13.759280050987483
27674,5.755314158621783
27675,3.3954482907473382
27676,3.295746505508016
27677,2.4595261406018656
27678,2.1769398392238766
27679,2.411524513343235
27680,11.446004045945893
27681,5.141750299566482
27682,2.1105852229587834
27683,1.3537025932988094
27684,1.269444878111952
27685,1.079465642991412
27686,1.0106035754312368
27687,1.019374247949013
27688,12.75806231697699
27689,5.8156709478057085
27690,2.3989715460646046
27691,1.496100793873249
27692,1.399261845101391
27693,1.163738947469179
27694,1.1102471257923912
27695,1.1238320309313004
27696,19.451706178107393
27697,9.065707681047316
27698,3.4276471603192857
27699,2.1703922179503934
27700,2.012554490148809
27701,1.662495406958663
27702,1.5364524582838663
27703,1.5928608678200054
27704,21.51503364439831
27705,9.576957907781484
27706,4.11622395000102
27707,2.4731371688439028
27708,2.250729608638407
27709,1.9178194386518195
27710,1.883529742413431
27711,1.8433969447831715
27712,15.071307220247835
27713,6.906592945110238
27714,2.624586446909573
27715,1.6648374228233098
27716,1.6127975954942042
27717,1.3062465113933646
27718,1.2731142391029924
27719,1.24372481325449
27720,16.15919085327234
27721,7.346572149405418
27722,3.0964920013979516
27723,1.8526192912788884
27724,1.7027184291080042
27725,1.4054533222390313
27726,1.3141889824396242
27727,1.2998823848369185
27728,46.431552567320665
27729,21.544944338299572
27730,9.548986141926667
27731,4.49596753046503
27732,5.660809844552027
27733,4.095607610602956
27734,3.6898513511762063
27735,3.686089133657059
27736,13.105208719778718
27737,5.848149537924065
27738,2.4608516280227546
27739,1.4956242504520012
27740,1.3914581387187446
27741,1.1833161459884844
27742,1.1443161657237846
27743,1.1157038585170467
27744,12.664440257588593
27745,5.876922221849182
27746,2.417491069793947
27747,1.7897746120103344
27748,0.8638829446352129
27749,1.1681321784493872
27750,0.9842781919533333
27751,1.1332222711639661
27752,14.95029434266841
27753,6.807506889455262
27754,2.914472880090092
27755,2.1658969859471466
27756,1.1351475337282064
27757,1.4219063328969146
27758,1.236656907183563
27759,1.3421177936545947
27760,13.809640299600263
27761,6.298493019003434
27762,2.692102245206577
27763,2.0053513629431197
27764,0.9929992251372562
27765,1.246199727867916
27766,1.14516824965454
27767,1.2422503574584591
27768,12.858797915735956
27769,5.782143075000962
27770,2.4006657431699874
27771,1.7895600547049277
27772,0.9015395974496581
27773,1.148993677224792
27774,1.0218449800633203
27775,1.127103023701867
27776,11.513540933271365
27777,5.272557761632791
27778,2.1375661742385907
27779,1.6761094313877687
27780,0.9159360868692196
27781,1.0480914254855314
27782,0.9295279735676615
27783,1.0573375186393865
27784,13.360368062578278
27785,5.84196653452951
27786,2.3696039433334057
27787,1.8409848785179665
27788,0.9717882904266284
27789,1.169714335324591
27790,1.0546665987088921
27791,1.1576820933126573
27792,12.90694027782606
27793,5.8031324963742135
27794,2.4881927337402208
27795,1.8308136779787192
27796,0.9118678912091835
27797,1.1611074553218574
27798,1.0075634671288773
27799,1.1290669526912651
27800,18.540068226843985
27801,8.365066150720482
27802,3.493311920329235
27803,2.766539098743166
27804,1.3600631467128956
27805,1.7195735344640222
27806,1.4881462374078733
27807,1.6659694593950827
27808,20.609468801628047
27809,9.648915999222837
27810,3.857914119728237
27811,2.8310062823511553
27812,1.551571849403792
27813,1.8627878877399997
27814,1.5735759066359882
27815,1.8062902886842573
27816,10.9800826154564
27817,5.446480943569794
27818,2.0007840943184236
27819,1.5510648806134586
27820,0.8835507059584614
27821,1.018126224811328
27822,0.8858844796605835
27823,1.0295109927394797
27824,15.170538504281605
27825,7.296075503275139
27826,2.974659605339628
27827,2.147232938216004
27828,1.1790363709324494
27829,1.4113407787493542
27830,1.2560756913385616
27831,1.3430342792446466
27832,9.216780805227675
27833,4.027655985742045
27834,1.7414647975195563
27835,1.3137494309352398
27836,0.7552561347676475
27837,0.8764773549255351
27838,0.764059710580517
27839,0.858553273780462
27840,10.657385000778039
27841,5.134305548873932
27842,2.1850178827578026
27843,1.6315399548742664
27844,0.8475762088327696
27845,1.0221661317715258
27846,0.8892233394902351
27847,1.032539065698437
27848,12.248143841934713
27849,6.011334563594397
27850,2.3494481834805283
27851,1.7894699577367592
27852,0.8804241826129174
27853,1.1184734799064147
27854,1.005216049891
27855,1.1171989642352753
27856,14.282858271873627
27857,6.506169931268794
27858,2.7527966520951694
27859,1.981969469419119
27860,1.0352311262021068
27861,1.246050776193873
27862,1.1275776823280128
27863,1.2589642118510915
27864,18.15685420539191
27865,9.104108205262316
27866,3.7526794557949907
27867,2.828384595357562
27868,1.4710694099032287
27869,1.814266819065368
27870,1.558855722850374
27871,1.735276883947289
27872,10.851617484800286
27873,5.213223254831103
27874,2.1494619750686432
27875,1.6144413982578263
27876,0.8369990963170144
27877,1.0382066094582838
27878,0.8920026749277624
27879,1.0534400222246139
27880,29.624520760762017
27881,13.887922226569888
27882,6.009063084298095
27883,4.20914388363777
27884,2.3742939340979827
27885,2.547996657190457
27886,2.2192837673675108
27887,2.46487138853947
27888,14.326843217919368
27889,6.622923569769273
27890,2.586605260009602
27891,1.9897796125851677
27892,0.9865789208669058
27893,1.2548942839023733
27894,1.078566129981904
27895,1.2373932103985503
27896,18.07326611956615
27897,8.411319732911279
27898,3.5443597498641437
27899,2.6837343337952984
27900,1.3200802750477632
27901,1.7142060746379246
27902,1.5184306398478666
27903,1.6107196071647838
27904,26.488478813155975
27905,12.601827175250252
27906,4.758070214105411
27907,3.813901196996346
27908,2.012666710548998
27909,2.389530998443345
27910,2.0444063298292225
27911,2.350895627434662
27912,23.26888794051074
27913,10.567721766704896
27914,4.267790443082898
27915,3.3272774076096843
27916,1.681600413700519
27917,2.0340276389832215
27918,1.712521157013192
27919,2.0139850523381146
27920,15.073396033185324
27921,7.070629768620263
27922,2.9586261752867578
27923,2.196022264528843
27924,1.1400941860555731
27925,1.3594234582302498
27926,1.223617227171127
27927,1.337439503460545
27928,11.170583581877853
27929,4.951646819144984
27930,2.0120250454097293
27931,1.5184267176448636
27932,0.8445302540124998
27933,1.044769079189683
27934,0.8967018459896372
27935,1.0081136816864444
27936,19.466907475721648
27937,8.832515094957342
27938,3.7745218989835974
27939,2.778117436605063
27940,1.4217638926655036
27941,1.8145771102120087
27942,1.6124869745982189
27943,1.7074427267085825
27944,15.384865841748935
27945,7.022332894581642
27946,2.7973125267011834
27947,2.1934255693299223
27948,1.1024412179903993
27949,1.4256593017058132
27950,1.2296731326716295
27951,1.3738210164607894
27952,11.190140642219149
27953,5.330039902228416
27954,2.2430243741673372
27955,1.6093379937145762
27956,0.8752265377717809
27957,1.04535334685981
27958,0.9013727416080959
27959,1.0449936393996457
27960,15.105794543358938
27961,7.246502524697956
27962,2.924126476599918
27963,2.2044497002533356
27964,1.0280136300129012
27965,1.3291721476883531
27966,1.2081240812086882
27967,1.3564575033936759
27968,10.161744900619114
27969,4.511543203549522
27970,1.9211621794413736
27971,1.542201233657943
27972,0.7759081504496276
27973,0.9532388106637449
27974,0.8304310113406962
27975,0.9666394049364123
27976,10.418060354450018
27977,4.802544739264615
27978,2.040627808637968
27979,1.4685367576412942
27980,0.8241281517757109
27981,0.9612753353659732
27982,0.846695840308318
27983,0.9853307501354108
27984,21.71235216087485
27985,9.550529859178791
27986,3.8434930838993036
27987,3.2883641455450876
27988,1.7435861267603272
27989,1.9834977784495595
27990,1.6966405393711605
27991,1.9768853117889553
27992,11.372273945670235
27993,5.337089938905525
27994,2.1869833025245944
27995,1.6159208812187489
27996,0.8508702746612619
27997,1.046508319604999
27998,0.9228199997788151
27999,1.0503953142183828
28000,24.2389009878519
28001,10.70737159542191
28002,4.833256192237953
28003,3.2499438132776715
28004,1.781197115303163
28005,2.043165462612724
28006,1.8532378417921254
28007,2.10221174331947
28008,16.55646508678056
28009,7.697855142726655
28010,3.334854277048435
28011,2.305766205791418
28012,1.203628319173967
28013,1.553148619658651
28014,1.3410860553639907
28015,1.4382371923783843
28016,12.432195803871005
28017,5.853606063951829
28018,2.338653359005178
28019,1.71498472808174
28020,0.9069318781885896
28021,1.0973854315713067
28022,0.948668841609277
28023,1.0798602301391433
28024,32.866927969393174
28025,14.450124180081076
28026,6.190302472257433
28027,4.2121262290788355
28028,2.525287043606875
28029,2.798671779913808
28030,2.484704079629941
28031,2.641165952237561
28032,13.57992460193335
28033,6.553316671571504
28034,2.6447290639348826
28035,2.0232491210398598
28036,0.9819442720566867
28037,1.269649708310165
28038,1.0872071975322182
28039,1.2524806174813468
28040,17.93033913799058
28041,8.271070926935959
28042,3.2244439582215203
28043,2.5141329613828405
28044,1.3612779523889127
28045,1.656444217264304
28046,1.3902507920191134
28047,1.5570025760996646
28048,20.608997824406153
28049,9.240640754260811
28050,3.9803701713741564
28051,2.916116379131176
28052,1.5035886279745665
28053,1.9137143938402807
28054,1.6692074420812504
28055,1.8241882704692878
28056,15.371849495985957
28057,7.046113346697897
28058,2.858347024955627
28059,2.203147814447538
28060,1.150659999109298
28061,1.4064090805411689
28062,1.2502156501154942
28063,1.376229301376965
28064,16.401683791183434
28065,7.851457994884781
28066,3.3281225804408896
28067,2.238902284250993
28068,1.2653398324214702
28069,1.4601273986469203
28070,1.3201443734981364
28071,1.4474580522080802
28072,10.704610757861937
28073,4.9860323298022005
28074,2.0916345682534043
28075,1.4773635902274802
28076,0.8447886350134887
28077,0.9687398103215856
28078,0.8736280342582889
28079,0.9760707528089463
28080,25.281831676533077
28081,12.098429286708718
28082,5.24433871460875
28083,3.796031609387901
28084,1.829692102114277
28085,2.2795204016499477
28086,1.8979205831250912
28087,2.2488378615200393
28088,10.197002441279194
28089,4.591719319635839
28090,1.9492044225416454
28091,1.531732321603533
28092,0.781406826319995
28093,0.9608935195109309
28094,0.8577663578292882
28095,0.958317526804797
28096,11.175590534109176
28097,5.143224653319206
28098,2.2198400676261714
28099,1.6235704690041557
28100,0.8412471633754416
28101,1.0288559811919482
28102,0.9069107145938401
28103,1.0542658510246443
28104,16.653545346969
28105,7.750010709456887
28106,3.0316777501355543
28107,2.345505271353087
28108,1.231322714200476
28109,1.542156120986513
28110,1.3521757122436464
28111,1.4887569366045283
28112,18.421871084007904
28113,8.83534262977422
28114,3.7110595823572057
28115,2.636984830080708
28116,1.377972309324127
28117,1.7743998767805225
28118,1.5617435614840132
28119,1.7620639497383368
28120,12.902142182501182
28121,6.321332106461457
28122,2.3019069848098574
28123,1.8792067210244792
28124,0.9387286619966297
28125,1.2048775238031229
28126,1.0478411775998024
28127,1.2185681890456956
28128,13.561610010008074
28129,6.578989750014922
28130,2.726169448239765
28131,2.0324367929079545
28132,0.9782538487586258
28133,1.2519685471161668
28134,1.104528061297831
28135,1.2713432288302804
28136,39.73238850188264
28137,18.378063084130837
28138,8.267810277084578
28139,5.190542049076539
28140,3.527029134023506
28141,3.58289470162327
28142,3.052856032293324
28143,3.434776602020139
28144,11.51815043520388
28145,5.230769342247617
28146,2.2147634333998294
28147,1.6557862590765904
28148,0.8617159570484445
28149,1.0362898869384916
28150,0.9271212549861861
28151,1.0399085316640158
28152,17.22638398848176
28153,7.883161165043663
28154,4.798484182594636
28155,0.09130059267462029
28156,5.340591401625352
28157,1.9982974531647186
28158,2.427149217185218
28159,1.5290283223534682
28160,20.08084473368586
28161,8.93066825244191
28162,5.56372074310995
28163,0.1132538766693716
28164,6.565049639511122
28165,2.315112633642803
28166,2.698426797430038
28167,1.8636892828162057
28168,18.318336504178067
28169,8.285952880593985
28170,5.140270604049989
28171,0.08485972703029036
28172,5.552561566196568
28173,2.169575777778167
28174,2.593816315338682
28175,1.6785617224543947
28176,16.971488745234613
28177,7.658421981475167
28178,4.850601316327375
28179,0.08904208546349589
28180,5.1790529984786975
28181,1.9098364529235214
28182,2.389157117011901
28183,1.573674806990433
28184,15.19997013341604
28185,6.87260211598387
28186,4.356201239148576
28187,0.08868367412183459
28188,4.665257595595746
28189,1.7556268208176125
28190,2.1760693524676715
28191,1.3587310878801881
28192,17.063452546682
28193,7.628635350677154
28194,4.776050041808234
28195,0.09672348892845908
28196,5.093687986118332
28197,1.8603060254696482
28198,2.325525734330011
28199,1.468834537389749
28200,16.321681902620643
28201,7.83791381483104
28202,4.735913762346086
28203,0.07359058904032087
28204,5.344476955004874
28205,1.9189014145330192
28206,2.39728876091928
28207,1.5693916493672389
28208,23.763695101611884
28209,10.748092879858952
28210,6.755993214419265
28211,0.1353939466958603
28212,7.42972109919259
28213,2.7107095729342965
28214,3.266398238230697
28215,2.108172219241121
28216,28.257536480136896
28217,12.311527036879923
28218,7.391675901448576
28219,0.17519418237941506
28220,8.205077494340612
28221,2.975142363161198
28222,4.017021738216661
28223,2.485330597180114
28224,14.33779377352459
28225,6.744805697482298
28226,4.0736692373301455
28227,0.0870326091427171
28228,4.654851322509174
28229,1.7008713024751116
28230,1.9661620920052
28231,1.2962038764372334
28232,20.57984788986009
28233,9.193113106810811
28234,5.49072149123834
28235,0.1064669227200726
28236,6.099485280087433
28237,2.2185029449246345
28238,2.7738042839090453
28239,1.8648731126220002
28240,12.696227335494786
28241,5.468433606449937
28242,3.4270190276346213
28243,0.06487673245904371
28244,3.5664327653661214
28245,1.324028604614829
28246,1.6372074560105274
28247,1.1248945706641673
28248,14.785223524402761
28249,6.621493808920938
28250,4.3853140588380946
28251,0.0770889027751924
28252,4.866080816851114
28253,1.7169780551893776
28254,2.141607701917616
28255,1.429114268743375
28256,16.86224227671138
28257,7.665560723303046
28258,4.716581859791278
28259,0.0980880664062148
28260,5.056875344794585
28261,1.9131664068135104
28262,2.3337968950452987
28263,1.5612637394719229
28264,18.903008650776872
28265,8.329929148780646
28266,5.368029375831539
28267,0.08859885363177687
28268,5.538598567506466
28269,2.1452336191244585
28270,2.61896022049726
28271,1.7208650901699318
28272,24.979544677418048
28273,11.434211454465904
28274,7.008111267087334
28275,0.1464036394080408
28276,7.586571105656423
28277,2.8794756195091895
28278,3.66410631044093
28279,2.3018725181850606
28280,14.505403719214058
28281,6.836634714339216
28282,4.350713673318688
28283,0.06999101494227794
28284,4.80451654667796
28285,1.6792021077244896
28286,2.166252396532121
28287,1.4492068182846491
28288,40.90859030111404
28289,18.425989446426335
28290,10.690209235905405
28291,0.20766182073184575
28292,12.01927527031716
28293,4.621227995990905
28294,5.693303241417436
28295,3.510957904976054
28296,18.858471012955
28297,8.534509870382532
28298,5.1966392318053
28299,0.09118193809484458
28300,5.55213602864547
28301,2.081929176155666
28302,2.588567269546536
28303,1.7530933948361853
28304,23.86061929079247
28305,11.459378589053902
28306,6.570494755409433
28307,0.13964542239369718
28308,7.410069126803822
28309,2.640350869098947
28310,3.253046862898404
28311,2.0968119973843744
28312,36.33471302488573
28313,16.81950178029165
28314,9.941490044175925
28315,0.23002642387580458
28316,11.097459821787588
28317,4.063403220148633
28318,4.894020209786216
28319,3.3101749449491207
28320,31.26089011846092
28321,14.329533494324766
28322,9.006987360823885
28323,0.16235775253079043
28324,9.16429315657647
28325,3.4701881673188733
28326,4.21549291004132
28327,2.609694814142184
28328,20.529095568347124
28329,9.06955587382147
28330,5.730839646957155
28331,0.1333933508893845
28332,6.09678000068687
28333,2.254008074254978
28334,2.763624100479708
28335,1.811679307731152
28336,14.460417274383891
28337,6.38602547794708
28338,3.975761340279408
28339,0.06380294452420297
28340,4.452634271405814
28341,1.6751422624536827
28342,2.05290565657163
28343,1.2428639214262116
28344,26.2945992041732
28345,11.908522974719759
28346,7.042490231700576
28347,0.14581284202207498
28348,7.667685578422743
28349,2.8018081257874266
28350,3.862716604263799
28351,2.321533762616961
28352,20.80980956313077
28353,9.417850011678215
28354,5.814026570531569
28355,0.10870337843966459
28356,6.129155671648368
28357,2.30922114424453
28358,2.723456912846681
28359,1.8392048290600116
28360,14.8482258404244
28361,6.814740342109922
28362,4.313156111028408
28363,0.07469756513156184
28364,4.743998842885008
28365,1.707797420809263
28366,2.0908810926898473
28367,1.3371914758909182
28368,20.731733413774972
28369,9.065009141633034
28370,5.502299324706339
28371,0.11473682752574207
28372,5.876593920767361
28373,2.1558991847767492
28374,2.7265489194075703
28375,1.912094993926994
28376,13.739739557077836
28377,5.989399851612732
28378,3.8050467963094685
28379,0.07091701160449233
28380,4.097499710185503
28381,1.5692669098219343
28382,1.7933947195696684
28383,1.209899843984324
28384,14.50040006429032
28385,6.21503402963486
28386,3.9841154914577426
28387,0.08410817263547121
28388,4.668829638548635
28389,1.6013215133666203
28390,2.0446930140376303
28391,1.248919844698376
28392,30.18856468327175
28393,13.559575604606879
28394,8.210998050372204
28395,0.14666694518597959
28396,8.677238200246252
28397,3.18186050819617
28398,4.0915552227156375
28399,2.580838817275621
28400,15.789316950901386
28401,6.966281949691548
28402,4.4354141032133905
28403,0.07857884362040653
28404,4.710012828544903
28405,1.7007692614181489
28406,2.176566619077764
28407,1.3968095299242638
28408,33.59517499947565
28409,13.887648955467052
28410,8.793655437365627
28411,0.15693732166018567
28412,9.300167469924645
28413,3.3975930366228475
28414,4.628341232688551
28415,2.671375510107228
28416,22.143648092748432
28417,9.862285684201034
28418,6.20460940666921
28419,0.1283678165583616
28420,6.684226874300059
28421,2.526597531313332
28422,3.162366819524178
28423,1.9815555421548476
28424,15.714980616158376
28425,7.142862332123514
28426,4.539352764450477
28427,0.09601128649916649
28428,5.076833907741854
28429,1.8263934302698117
28430,2.2156585001783125
28431,1.4629831954599912
28432,43.47411214339363
28433,18.958536251773175
28434,11.631460410972837
28435,0.201739436100576
28436,12.754270791379383
28437,4.796284370790319
28438,5.785611040970917
28439,3.862493706391755
28440,18.326533020008817
28441,8.667752300894907
28442,5.4126387993877625
28443,0.09371425372758767
28444,5.72497403617559
28445,2.146970656318364
28446,2.5195532984589617
28447,1.6478115599255634
28448,24.616769109810907
28449,10.64760444809518
28450,6.370433895583461
28451,0.15537106146945495
28452,6.926755169399829
28453,2.7154483344213034
28454,3.2293752927101633
28455,2.126408785124408
28456,27.14946978281253
28457,12.127710933886622
28458,7.587659757573071
28459,0.1464202435170547
28460,8.024555152935191
28461,3.0653014902415374
28462,3.985114077480541
28463,2.4458642443490395
28464,20.70950995255135
28465,9.109976301287736
28466,5.765863279538261
28467,0.12370778644362061
28468,6.230576875584362
28469,2.366396225625112
28470,2.8275530531754134
28471,1.8685620429460659
28472,21.662085261447153
28473,10.152006705032564
28474,6.144594842619842
28475,0.11569000315044647
28476,6.6806365058725135
28477,2.462062729053035
28478,3.102870599006574
28479,2.0742015899085953
28480,14.259717316020051
28481,6.289862240817105
28482,4.064619625220525
28483,0.07776762757417216
28484,4.466742278424719
28485,1.5870015931023356
28486,2.0364499563971177
28487,1.271726139766464
28488,35.54605736628505
28489,15.379793743574652
28490,9.054064569052478
28491,0.1937963793073708
28492,9.77482162872017
28493,3.730867309769613
28494,4.544606598676501
28495,2.989663290475931
28496,13.445829107921845
28497,6.178295986131999
28498,3.8983896381377514
28499,0.07687838141142299
28500,3.9339034304381393
28501,1.5465969061752791
28502,1.878933306735588
28503,1.2534786972279397
28504,15.05186963749301
28505,6.629822864042186
28506,4.379316012253475
28507,0.08440895424070857
28508,4.618152052498216
28509,1.7780702090171265
28510,2.101303365214744
28511,1.4365312260463377
28512,22.57365574110749
28513,9.675088190984132
28514,5.637378442117484
28515,0.11221557873597555
28516,6.692360095766057
28517,2.512031733088539
28518,2.942113490160499
28519,2.0557094106964433
28520,24.734475269750963
28521,11.267593722457615
28522,6.679137391305263
28523,0.14772946578961632
28524,7.372480999572416
28525,2.7839737383631684
28526,3.6465328625576867
28527,2.3731369775734295
28528,17.062810212615453
28529,7.842958606367643
28530,4.735572114041221
28531,0.0815345561646538
28532,5.187129037132011
28533,1.9011038476169329
28534,2.382009919531811
28535,1.5477349992270075
28536,18.925499185259643
28537,8.23371459571546
28538,5.198758079378234
28539,0.09484218811240375
28540,5.615106940378906
28541,2.1633547150582157
28542,2.4567674283415433
28543,1.7155437179849211
28544,54.768361806859986
28545,25.995756056991823
28546,14.655832811924595
28547,0.41451863519436355
28548,16.528675068386477
28549,6.0884584410040645
28550,7.624775442005049
28551,4.88595691247008
28552,14.752968160762146
28553,6.510091948173897
28554,4.38160069647683
28555,0.08509147899400273
28556,4.652621992402065
28557,1.6870710249888592
28558,2.223276814621091
28559,1.3424592716813655
28560,19.876740776463087
28561,9.198288253927045
28562,3.9712441336056092
28563,0.9716726259186064
28564,3.576462250707425
28565,1.7675610089768132
28566,1.8876476427897353
28567,1.5928048964180521
28568,23.49532883699071
28569,10.56616549512436
28570,4.846595723847647
28571,1.076422743077772
28572,4.54853558922065
28573,2.0808294683898447
28574,2.112081175496169
28575,1.774448204402194
28576,21.397445852191087
28577,10.020129922118349
28578,4.328541413288419
28579,0.9898781103295198
28580,3.967137893253001
28581,1.887450145864006
28582,2.059525770399168
28583,1.6325351233817536
28584,20.431064427840877
28585,8.874402634594448
28586,4.096997550676993
28587,0.9127545817663543
28588,3.5998736160620917
28589,1.7073262962674758
28590,1.8755874824381804
28591,1.542055733220036
28592,17.71872964465248
28593,8.013728022130099
28594,3.631571940656317
28595,0.87696729291823
28596,3.3457406085649963
28597,1.5977068489537047
28598,1.7256293517748318
28599,1.4107058404399448
28600,20.578369923791605
28601,9.117016140035492
28602,3.9981316914921274
28603,0.9330623882174944
28604,3.61547121317389
28605,1.635239158213926
28606,1.8753801102142713
28607,1.4978744455745716
28608,20.009736558831634
28609,9.484816725122426
28610,4.027949720045643
28611,0.9738227678726562
28612,3.8301586551645297
28613,1.7786707145958227
28614,1.8854527159837824
28615,1.6141383897591977
28616,28.51775411319812
28617,13.168862483040243
28618,5.594197127144944
28619,1.279250450228435
28620,5.288091924746194
28621,2.4563036401828144
28622,2.563663424416398
28623,2.160833861931006
28624,32.258951015288446
28625,14.93123864494037
28626,6.406520748417535
28627,1.3746757511743546
28628,6.015847429768002
28629,2.790579012743295
28630,3.0896384523790714
28631,2.4825930476528466
28632,16.813680314841754
28633,7.832098975539498
28634,3.254317147640248
28635,0.7829299648757357
28636,3.254224355495085
28637,1.4997139624896203
28638,1.5790043287848317
28639,1.290072778225285
28640,24.1039655767435
28641,11.009246279749402
28642,4.743971986206209
28643,1.0808637579472624
28644,4.326757696281581
28645,2.063162798169308
28646,2.163222558478239
28647,1.8300299448714052
28648,14.502325755271995
28649,6.237114014021095
28650,2.8411348333478257
28651,0.7721925927039371
28652,2.5073107942718633
28653,1.2449978308945384
28654,1.313195852886686
28655,1.1345857655700395
28656,17.41316317204715
28657,7.678255925222995
28658,3.5563587901405325
28659,0.8550080827123989
28660,3.1654495106577536
28661,1.5448917540765437
28662,1.6180655467743104
28663,1.39257051100315
28664,19.38972602228882
28665,8.899196199432737
28666,3.8876694454866265
28667,0.90228103748929
28668,3.444180745515668
28669,1.700018880270469
28670,1.8123324200227922
28671,1.5275404733413414
28672,22.422391763558736
28673,9.965988889214664
28674,4.545192238925944
28675,1.0077853925174676
28676,4.010154821233036
28677,1.877882438249125
28678,2.0113342049345797
28679,1.734689293203931
28680,28.899546664963726
28681,13.813289093385542
28682,5.834235732149809
28683,1.3157354489472957
28684,5.5503388624006655
28685,2.6799002509186467
28686,2.781610262300319
28687,2.304544155502292
28688,17.114905876270132
28689,7.795516152556029
28690,3.5440567392190143
28691,0.8386208576497819
28692,3.2224894200164678
28693,1.559333775518932
28694,1.5931789029798578
28695,1.453431846754966
28696,45.48837923155173
28697,20.90716443075391
28698,9.403263158178907
28699,1.961568851627665
28700,8.660702041178576
28701,4.014433815945343
28702,4.323699776526988
28703,3.490396010701243
28704,22.268822901928825
28705,10.186033222628723
28706,4.315985014481664
28707,0.9806454511451546
28708,4.04741490670322
28709,1.8805726172789186
28710,1.9630662301481485
28711,1.6930328734101265
28712,27.26610218336655
28713,13.586507322434178
28714,5.637273905271295
28715,1.213859743634164
28716,5.137236507098122
28717,2.395308161859712
28718,2.5928750139877628
28719,2.149987731432492
28720,41.40189019102207
28721,19.270327880873197
28722,8.47207319848169
28723,1.9056687657312466
28724,7.48240359523398
28725,3.6698336967697376
28726,3.7570702077703833
28727,3.1659904717247564
28728,37.769412945673984
28729,16.215921378779232
28730,7.366427706441853
28731,1.6480304954993628
28732,6.7081586483289275
28733,3.066016378944652
28734,3.2501024563674554
28735,2.6745538197743737
28736,24.07257191736754
28737,10.689568825824072
28738,4.962976462137857
28739,1.1028177434503137
28740,4.171102483906454
28741,1.9896990305923774
28742,2.1676275760957644
28743,1.7897259695323626
28744,17.099817394934384
28745,7.542705503356265
28746,3.245176451834385
28747,0.8299436948267512
28748,3.051032380004509
28749,1.5389608834095077
28750,1.5954330058935164
28751,1.2899361241911609
28752,30.956625728415496
28753,14.007462184598003
28754,5.975403938680709
28755,1.3014881021589033
28756,5.659092805611859
28757,2.5775728107802403
28758,2.9227989248995114
28759,2.2428942364696702
28760,24.56424846311887
28761,11.249960494498701
28762,4.840301247655376
28763,1.0795981513264865
28764,4.320331979288758
28765,2.099129947341274
28766,2.20581801024781
28767,1.8280150350227389
28768,17.797312436275462
28769,7.80109602125045
28770,3.4553167680493924
28771,0.8216018804949101
28772,3.157264024444484
28773,1.5598073120516072
28774,1.5802073907085872
28775,1.3210070585291065
28776,24.07491894841341
28777,11.350429492838598
28778,4.864291366313827
28779,1.1119016654581637
28780,4.145149732928128
28781,1.9955606031651845
28782,2.150648809117088
28783,1.8385635866077024
28784,15.734694115715001
28785,6.957273207220586
28786,2.9881297223326846
28787,0.8343941316605058
28788,2.9256165485952397
28789,1.3784813563711962
28790,1.477434663749081
28791,1.242672829587156
28792,16.757432821252344
28793,7.352158341366464
28794,3.255616157999812
28795,0.8069959068356308
28796,3.133105123153633
28797,1.4232362256650357
28798,1.544984218078948
28799,1.2824001878546534
28800,34.681092688129844
28801,15.258930820864366
28802,6.863285966537925
28803,1.4384299862588328
28804,6.436896700214936
28805,2.9466452968284678
28806,3.160603878844176
28807,2.6240539231653677
28808,18.268477256271343
28809,8.07406636707911
28810,3.764904122215875
28811,0.865009449946329
28812,3.3358644263340147
28813,1.5627600181651822
28814,1.6767833911902106
28815,1.4304224175015492
28816,38.73401571243519
28817,16.68373233169741
28818,7.974975038352791
28819,1.761780561022472
28820,6.7264160742218575
28821,3.196890142702246
28822,3.554457113401883
28823,2.901994183901907
28824,26.03946128467843
28825,11.765768024206755
28826,5.291294220376916
28827,1.2138442288907414
28828,4.753468856806357
28829,2.2538747937917134
28830,2.4113975759168693
28831,1.9898887183628025
28832,19.458526224484945
28833,8.399482253282194
28834,3.844076354528603
28835,0.9115869207261067
28836,3.4802423901423656
28837,1.7015635368810715
28838,1.7399776296375045
28839,1.4694876725158916
28840,49.197395870519536
28841,21.999924719538317
28842,9.981274783751717
28843,2.0151682993704005
28844,8.983212374526023
28845,4.288637224252407
28846,4.6399038851998435
28847,3.697029090917673
28848,21.31943594518653
28849,10.29685436371287
28850,4.444569414520936
28851,0.9952974902597811
28852,4.064123717027997
28853,1.8569403966821856
28854,1.9885681700144855
28855,1.6048099595812029
28856,27.558220220951526
28857,12.047018038292622
28858,5.35531772965135
28859,1.2046257338952562
28860,5.042548835811207
28861,2.408292909814674
28862,2.5213918452094584
28863,2.0441941604862506
28864,32.24726760000448
28865,14.160241118585676
28866,6.605672022333073
28867,1.4020786184056653
28868,6.054104717274999
28869,2.719939788947871
28870,3.0054427598771536
28871,2.341597529550136
28872,24.581933676965704
28873,10.718667507071885
28874,4.876615204805811
28875,1.087666190128628
28876,4.27857687749865
28877,2.0577321276771627
28878,2.1756738206007666
28879,1.8213508141237935
28880,26.449203545412853
28881,11.84444327336121
28882,5.204061564659009
28883,1.1802273769436993
28884,4.7014378310788025
28885,2.143126874337499
28886,2.3877007429146224
28887,2.083131197886208
28888,16.80952291743865
28889,7.40934810759599
28890,3.3529912262137898
28891,0.8182947913819357
28892,3.0747148190856253
28893,1.407061736262843
28894,1.5573891531623876
28895,1.2886490449237058
28896,38.84710219431384
28897,18.192800524879218
28898,8.136571740186191
28899,1.7386251644704382
28900,7.19126158484744
28901,3.3487504652355033
28902,3.4982015083665527
28903,3.0961644916918596
28904,16.02125529792782
28905,7.146362718234466
28906,3.071770668947203
28907,0.8016052756641938
28908,2.8500884934125303
28909,1.3450188334523328
28910,1.4466333340045954
28911,1.2677329970933795
28912,17.45260396998827
28913,7.745113380403206
28914,3.667765495957224
28915,0.8751847462619947
28916,3.1738491544833773
28917,1.5788978382858148
28918,1.6526530311251342
28919,1.3716669248175883
28920,26.662197722354307
28921,12.073578592242173
28922,4.97356197192744
28923,1.151974590438517
28924,4.664185596849884
28925,2.184790732504004
28926,2.367013283755856
28927,1.9751110870002695
28928,29.060755694141097
28929,13.931300699316203
28930,5.853942389264165
28931,1.277831180472941
28932,5.278392797119518
28933,2.640251029717723
28934,2.7767727135749274
28935,2.313547258669961
28936,20.54278308158243
28937,9.266292829917893
28938,3.8884510478368153
28939,0.8830537891522774
28940,3.760624045339249
28941,1.7003242764108342
28942,1.878372592551975
28943,1.56260124741287
28944,21.852531356716973
28945,10.09434494053157
28946,4.414356160298628
28947,0.9869413530444033
28948,3.956080854626184
28949,1.844424522047717
28950,1.9285197348216259
28951,1.6543750063687037
28952,60.52515507582126
28953,29.592200291466817
28954,13.208863329214035
28955,2.636064191799919
28956,11.45260289868187
28957,5.550775635999876
28958,5.698526355906491
28959,5.099340966564595
28960,17.21979905795865
28961,7.769217937507037
28962,3.5630435154958797
28963,0.866364157911895
28964,3.126949158974993
28965,1.5599036927293164
28966,1.6490026644347895
28967,1.4126107215650177
28968,16.968554287544634
28969,7.862103746534364
28970,4.707700576732642
28971,0.08059754974941019
28972,5.217015062525155
28973,1.9513033321084838
28974,2.360794443572563
28975,1.506171188344094
28976,19.91901769743832
28977,8.849215350442872
28978,5.53947084675471
28979,0.10939123220441029
28980,6.4852777627973275
28981,2.2899121512224285
28982,2.67225006434922
28983,1.8567961658607384
28984,18.17313452871324
28985,8.181626322600238
28986,5.097440531553783
28987,0.08728739126072993
28988,5.4903733234674625
28989,2.1399591049924207
28990,2.5600373401866854
28991,1.6747656110847269
28992,16.887423866453354
28993,7.588254234540583
28994,4.7956290710922005
28995,0.08664368235933012
28996,5.117999853724001
28997,1.8794122231632842
28998,2.35278536972276
28999,1.562319238284198
29000,14.970332392457586
29001,6.819368726605574
29002,4.2928474956285525
29003,0.08860287287783361
29004,4.602231313524075
29005,1.719205914251101
29006,2.1388521102975586
29007,1.3512977588311312
29008,16.919042240593427
29009,7.5768708802882125
29010,4.734140834042676
29011,0.09761577385886025
29012,5.0496511095588685
29013,1.8366077744512432
29014,2.3013358213070596
29015,1.4642656434952173
29016,16.27146308018361
29017,7.812418907054313
29018,4.706998050215031
29019,0.07789532361427635
29020,5.300591345498009
29021,1.9043467483816452
29022,2.3789816301357773
29023,1.5727056607153402
29024,23.759463356020788
29025,10.785732162802532
29026,6.758263912038603
29027,0.14716500139234182
29028,7.412282537121875
29029,2.698491321254627
29030,3.2391992307159487
29031,2.124526138163944
29032,28.040858843686696
29033,12.20707749058024
29034,7.403747453638093
29035,0.17460271779021894
29036,8.154843058971762
29037,2.9596025685736382
29038,3.9854470662982293
29039,2.483789804246554
29040,14.322758788672553
29041,6.667702655675364
29042,4.036954665584743
29043,0.09111020936430146
29044,4.607802675925459
29045,1.6780675812667447
29046,1.9391082851824124
29047,1.2923673275536425
29048,20.453662223666644
29049,9.18029470462866
29050,5.503736058156141
29051,0.1098075098624021
29052,6.084511348858309
29053,2.2039324749171465
29054,2.7482611157664047
29055,1.864803349355062
29056,12.722425883444236
29057,5.433940820403216
29058,3.403262926864102
29059,0.07098195144604251
29060,3.5463432160687023
29061,1.310215644251875
29062,1.6149541666237106
29063,1.1207139467706204
29064,14.515326638961643
29065,6.4874832604991175
29066,4.2948099847821615
29067,0.07657707769042633
29068,4.770441899101758
29069,1.6856422400485205
29070,2.0966214778776613
29071,1.423333728814274
29072,16.595329376669152
29073,7.5879537384310956
29074,4.641945102302868
29075,0.09330138844104334
29076,4.960228377111592
29077,1.8857984077497754
29078,2.3022093024807315
29079,1.5595117599673791
29080,18.601207998885496
29081,8.301301775738287
29082,5.304660686462968
29083,0.08757325401213259
29084,5.442143836017022
29085,2.1051052026076214
29086,2.5658915194612772
29087,1.723915462658458
29088,25.110101449745887
29089,11.455326832761585
29090,6.988265739559567
29091,0.14830126133696356
29092,7.5495970361108435
29093,2.8607941837048565
29094,3.649834469539163
29095,2.3042556908755962
29096,14.350668527947484
29097,6.750764139503245
29098,4.28031573875757
29099,0.07052392258231413
29100,4.72066133276934
29101,1.6448428501950572
29102,2.113618666161584
29103,1.4318984103936019
29104,40.20388915241867
29105,17.986988242532014
29106,10.464612989446946
29107,0.21402433257045672
29108,11.696366469674743
29109,4.529259231759112
29110,5.617543138469686
29111,3.482518812702569
29112,18.587315638357218
29113,8.419211062753092
29114,5.131151047159895
29115,0.08985963391534635
29116,5.4767179696102595
29117,2.0475933772295893
29118,2.546024102016967
29119,1.7403927444142198
29120,23.490425221353863
29121,11.197316464497336
29122,6.465941246347455
29123,0.14055512065574255
29124,7.247442196963869
29125,2.606594994090401
29126,3.2078659352979293
29127,2.0900616469130573
29128,36.66228998358708
29129,16.643613113972503
29130,9.808134660110797
29131,0.2309094039164808
29132,10.92192311138702
29133,4.013675482830022
29134,4.830332953857312
29135,3.2792045930270817
29136,31.05648898453113
29137,14.18845960598847
29138,8.943536697883744
29139,0.1697939270130727
29140,9.107060886056832
29141,3.445237811951772
29142,4.177563081216121
29143,2.6002289101430573
29144,20.37646132043554
29145,9.037408979375478
29146,5.712394317847529
29147,0.13736976792626707
29148,6.059622694300557
29149,2.246903754214587
29150,2.7442505792150413
29151,1.8197356250282608
29152,14.347962579236974
29153,6.367544812146868
29154,3.9611557393004917
29155,0.07062061240636328
29156,4.413609238837747
29157,1.6686479203243239
29158,2.0417331362736135
29159,1.255125988371661
29160,26.21920768286364
29161,11.846154958883094
29162,6.964742557307244
29163,0.14186946092921926
29164,7.590733762233198
29165,2.7516944438254956
29166,3.7855933136664945
29167,2.3060011507946374
29168,20.43662978909501
29169,9.257823448082535
29170,5.740645745944242
29171,0.1030073707009748
29172,6.047304898277288
29173,2.254691295053592
29174,2.6631946421295685
29175,1.806554821426485
29176,14.756495986251352
29177,6.751528857269133
29178,4.275734765782907
29179,0.07609471058813226
29180,4.672441983448956
29181,1.688130139671206
29182,2.0617365602783413
29183,1.3344710300492675
29184,20.69599529316134
29185,9.071826542396305
29186,5.508102136691069
29187,0.12051307118036829
29188,5.878800557787471
29189,2.1522995230273567
29190,2.7208128652997763
29191,1.9081186134209893
29192,13.8043917835062
29193,5.948697984093948
29194,3.780948294956675
29195,0.07723859781934428
29196,4.086648469522567
29197,1.5388853715881774
29198,1.7720912268788227
29199,1.1940866575319404
29200,14.310348530637977
29201,6.150983132815514
29202,3.9249876118353235
29203,0.08363765447755565
29204,4.588323427912918
29205,1.5795351487577745
29206,2.0142977481748905
29207,1.2524069803818567
29208,29.852541618136282
29209,13.3268416411557
29210,8.09016294479839
29211,0.15188202436324835
29212,8.533444071381957
29213,3.1486202533252636
29214,4.043392161365694
29215,2.5622340333775835
29216,15.723389103154654
29217,6.904787538383693
29218,4.374919113780167
29219,0.0820866335392575
29220,4.66847771503179
29221,1.6745714529001696
29222,2.137230686615159
29223,1.3978146948527452
29224,33.26503918618827
29225,13.847791912344945
29226,8.730506004533119
29227,0.1616714932348365
29228,9.170473708296749
29229,3.370015942780349
29230,4.5906683149389425
29231,2.6804456317035736
29232,21.68076631967535
29233,9.688455653450086
29234,6.08742889059705
29235,0.12951537419430523
29236,6.567078242552462
29237,2.471483311634831
29238,3.0917038741316016
29239,1.9690665718988665
29240,15.62888845730141
29241,7.0912787720329735
29242,4.494402448512146
29243,0.09947410397215828
29244,5.053104554783306
29245,1.8034153161620745
29246,2.183087757235052
29247,1.4540901734877283
29248,43.528922828444344
29249,18.975847714405575
29250,11.604309604889085
29251,0.21447425805447082
29252,12.738581741118546
29253,4.732206613254277
29254,5.739059591780317
29255,3.8244808225446993
29256,18.207415221391393
29257,8.607744354204078
29258,5.376264297049119
29259,0.09713570662013163
29260,5.6580666137550555
29261,2.1300108021293185
29262,2.4958349812228477
29263,1.6511374473934928
29264,24.259922667360694
29265,10.504875978715447
29266,6.310575891272119
29267,0.15386971578115013
29268,6.823649799981038
29269,2.6899149043568737
29270,3.2013363082298656
29271,2.122175806502182
29272,27.041361182900946
29273,12.065144106881654
29274,7.492605896637503
29275,0.14773878668010337
29276,7.96699099720497
29277,3.0223490093654695
29278,3.8926123413510894
29279,2.4276974804956555
29280,20.750734768367323
29281,9.10409594414476
29282,5.730771550642512
29283,0.12942717369024684
29284,6.209318274419752
29285,2.3303103722372156
29286,2.777499571342506
29287,1.85966525756535
29288,21.68087504488745
29289,10.203237765007893
29290,6.148242407769596
29291,0.11737194491798258
29292,6.6851187590984384
29293,2.4612410091280794
29294,3.0985884007955087
29295,2.0702970966497003
29296,14.156256197349729
29297,6.169907918345602
29298,3.9887227525053555
29299,0.07905944162827674
29300,4.377450379776169
29301,1.5646989159312823
29302,1.999420643825284
29303,1.2637896779805777
29304,35.17336294963186
29305,15.311591084584023
29306,9.048681335914452
29307,0.2127922890377952
29308,9.81828880119296
29309,3.684173060216856
29310,4.541998082377094
29311,2.970537609523577
29312,13.36712499405538
29313,6.126579597930887
29314,3.839416093411246
29315,0.07400608685547011
29316,3.868520138138164
29317,1.5203243703068412
29318,1.8505604374132143
29319,1.239618763802395
29320,14.886874736040378
29321,6.547273754247909
29322,4.317172434984235
29323,0.08029207616460718
29324,4.536499256666358
29325,1.7460913221504384
29326,2.055495824658861
29327,1.4235660055941326
29328,22.64339273931943
29329,9.695086615452222
29330,5.696227292785105
29331,0.12488282053805189
29332,6.7387329029179455
29333,2.502266491092491
29334,2.944432527864873
29335,2.0458195266919628
29336,24.37609104340462
29337,11.081140758994465
29338,6.620931571606034
29339,0.13954617989164392
29340,7.205052004761424
29341,2.7586242462823605
29342,3.612256787634706
29343,2.3596644048096764
29344,16.79082985280523
29345,7.817830015431404
29346,4.6914465254236895
29347,0.08442890687436791
29348,5.126448666677688
29349,1.8933649408897157
29350,2.3710614402799166
29351,1.5593726461262896
29352,18.76442651329131
29353,8.188305393712543
29354,5.172730103365858
29355,0.09756546621513996
29356,5.587645024115319
29357,2.1536328633480384
29358,2.449504116755053
29359,1.719335659756143
29360,52.47868810016365
29361,25.411517169685258
29362,14.326290421507263
29363,0.39757187812383304
29364,16.089879523816126
29365,5.92308311086811
29366,7.40799469003971
29367,4.7941346287760815
29368,14.918300321333625
29369,6.486327453124606
29370,4.3592094319909
29371,0.0884358302371456
29372,4.6378535972859485
29373,1.681563415731613
29374,2.207516573494521
29375,1.3538595898761845
29376,16.721527796520167
29377,7.779072506530898
29378,3.153102418693428
29379,1.509586762119256
29380,2.1120395306350934
29381,1.526180358065297
29382,1.4368815826766548
29383,1.4190814573280621
29384,19.75269854774053
29385,8.837765180712008
29386,3.901976585769104
29387,1.8449389105511762
29388,2.605108654415243
29389,1.793057104920568
29390,1.6366113432685094
29391,1.6429501451401567
29392,18.29821801383634
29393,8.263088100535054
29394,3.537599221001093
29395,1.6901627160908226
29396,2.3157896223334227
29397,1.6222788588266426
29398,1.625161035389243
29399,1.5362176467875475
29400,17.32270732930227
29401,7.537332364559734
29402,3.2861236840946613
29403,1.5307569199137607
29404,2.138347732652381
29405,1.4962003327588507
29406,1.4838550274250926
29407,1.4284149745130066
29408,14.74578325655871
29409,6.6862479307692295
29410,2.872776614236221
29411,1.3656434520353424
29412,1.9716236564259206
29413,1.357170893678975
29414,1.3317193049252591
29415,1.2520689853314138
29416,17.384968198948986
29417,7.651774508325176
29418,3.1402254988028973
29419,1.545953133177196
29420,2.120276611286045
29421,1.4556186901261294
29422,1.4633027802920304
29423,1.3828948302735415
29424,16.625658474101023
29425,7.785444397517912
29426,3.230828258445626
29427,1.5553075977479944
29428,2.168203493388391
29429,1.5031417064942192
29430,1.442717907015441
29431,1.4364209729617188
29432,23.955550503961458
29433,10.75891131645572
29434,4.457336404848165
29435,2.1978607420444716
29436,3.0194045653785686
29437,2.0791691335423237
29438,1.9416394053545676
29439,1.9576754923437647
29440,26.662437470011614
29441,12.313316992956654
29442,5.016864130046679
29443,2.3841860337583296
29444,3.347526768368516
29445,2.28820780279926
29446,2.168445988918672
29447,2.16571870666707
29448,14.065469793021954
29449,6.754265061200742
29450,2.5907209004061578
29451,1.26693513172976
29452,1.9169459991486801
29453,1.3249348882622325
29454,1.291934277667783
29455,1.2053487856193765
29456,20.27440705501984
29457,9.196910360847024
29458,3.874320476626194
29459,1.858346947325743
29460,2.573766980094231
29461,1.7746364244890522
29462,1.71112271550184
29463,1.667267841404551
29464,11.982315532486819
29465,5.180965488005416
29466,2.2478609941933687
29467,1.1054781901899609
29468,1.554451255796944
29469,1.038916939437765
29470,1.001373771563647
29471,0.9923998317511282
29472,14.561700624251788
29473,6.5724437501567134
29474,2.9309276253870387
29475,1.3660418365227829
29476,1.9023325454491966
29477,1.3444435578992353
29478,1.3066279304077995
29479,1.2619687772110812
29480,16.22098405890621
29481,7.531672652297108
29482,3.0803743319705426
29483,1.4743476807404172
29484,2.0316952731850266
29485,1.4681778762129811
29486,1.4095335606765684
29487,1.4016909957434698
29488,18.503410366911545
29489,8.420563769805991
29490,3.7193449513072676
29491,1.664364762180159
29492,2.3543090341317723
29493,1.6130399974961038
29494,1.5644383572372782
29495,1.5647995922855094
29496,24.21756373085957
29497,11.528604263053825
29498,4.749454777098627
29499,2.3360030915736054
29500,3.185723457387942
29501,2.2837809791258974
29502,2.1180253473765016
29503,2.0888515157671415
29504,14.427414386005466
29505,6.671251283507775
29506,2.888175627165221
29507,1.3305055954355334
29508,1.9323957889602275
29509,1.3471693918926033
29510,1.3095581782716135
29511,1.2919006492791525
29512,39.691303629812474
29513,18.154858830555117
29514,7.70291116748994
29515,3.572691405876904
29516,5.108362562220491
29517,3.465300027980911
29518,3.2296345522416843
29519,3.1424227408415057
29520,18.829961437891225
29521,8.647048340975257
29522,3.448526836723681
29523,1.6043504390200896
29524,2.3809882198414414
29525,1.6156032437056171
29526,1.4993540884219079
29527,1.563224310990195
29528,22.998434208342726
29529,11.500032451857289
29530,4.755947971563727
29531,2.090316978747428
29532,3.051815586552039
29533,2.0761016134170744
29534,2.036393657045367
29535,1.9822590351186768
29536,35.18812859243027
29537,16.20759106861966
29538,6.4087153444256115
29539,3.3140652463210456
29540,4.2218088286066715
29541,3.1421540336430116
29542,2.8612640422440903
29543,2.846472388377961
29544,32.31532016606405
29545,13.716851626437936
29546,5.677605053002362
29547,2.961446573436337
29548,3.7981473403100026
29549,2.6085076903797595
29550,2.4917901066563215
29551,2.412916554300988
29552,20.31832638960336
29553,9.01593763053529
29554,3.964129062463218
29555,1.8618009547900098
29556,2.495145535457762
29557,1.7108044547864216
29558,1.6753444145184244
29559,1.637903017819211
29560,14.385935411217202
29561,6.4710520750733025
29562,2.632776710813414
29563,1.2646024958268935
29564,1.813271116149821
29565,1.3352300490769047
29566,1.2976883147625187
29567,1.1568029658136785
29568,25.673059385756936
29569,11.704408039680985
29570,4.892446563515253
29571,2.3215550417614987
29572,3.175336674700482
29573,2.1937925906121434
29574,2.2450177526461053
29575,2.051496955925677
29576,20.396791665827436
29577,9.288705109149793
29578,3.8092643796015704
29579,1.8216095420470948
29580,2.5303659756785493
29581,1.7795441840356219
29582,1.6919986243368836
29583,1.6582775326374197
29584,15.012268443640794
29585,6.680201664244194
29586,2.84961386603286
29587,1.330674537645599
29588,1.8927496499916079
29589,1.3703101904348167
29590,1.302848211828601
29591,1.216505025407025
29592,20.02521497393083
29593,9.3911096521411
29594,3.9505166591404506
29595,1.900697770179659
29596,2.445995853215356
29597,1.7125755214955116
29598,1.6899123464260817
29599,1.6842132352853794
29600,13.265742844368251
29601,6.079412421662223
29602,2.439281159742867
29603,1.230762729130109
29604,1.72431857752373
29605,1.2026682299722307
29606,1.1929740609077417
29607,1.1180908315845774
29608,14.200591389092216
29609,6.32044797467162
29610,2.6373621053204532
29611,1.2439648083902173
29612,1.8752288007215776
29613,1.255696341144229
29614,1.2612065826473366
29615,1.152343054723136
29616,29.164348550475232
29617,12.837145741195942
29618,5.403699890399517
29619,2.57570935016914
29620,3.80198747362673
29621,2.544474952536047
29622,2.4712223552686834
29623,2.4106296380902883
29624,15.271981848450354
29625,6.793736068358233
29626,3.0074201650977255
29627,1.3473942303527855
29628,1.9894215091342966
29629,1.3390039663556255
29630,1.3360614368247772
29631,1.271320648899842
29632,32.337095659363676
29633,13.870281394681797
29634,6.301047974317469
29635,2.9109709338743337
29636,3.7968944756876524
29637,2.6444935611770553
29638,2.605752677693841
29639,2.5022397867531563
29640,21.62169539912808
29641,9.598875575938827
29642,4.240417076055752
29643,2.0078331220287087
29644,2.7621374475592244
29645,1.9263728568449043
29646,1.8311749279158032
29647,1.7783051631007307
29648,16.19321876205676
29649,7.062526441564444
29650,3.09244435764161
29651,1.4472420093569083
29652,2.0639426896866837
29653,1.4584976161061478
29654,1.3814808431813208
29655,1.3262041567342637
29656,42.448285751697256
29657,18.508742904774373
29658,8.036208534861442
29659,3.690465803500913
29660,5.4369302857702175
29661,3.7772955825293892
29662,3.498793834735122
29663,3.356095702461451
29664,17.85171568521462
29665,8.62773616262675
29666,3.5455022157562803
29667,1.6722307508885097
29668,2.3771170770243706
29669,1.6124062477215775
29670,1.5617551252502038
29671,1.5105117045962637
29672,22.82269056798153
29673,9.90209113219507
29674,4.082744605482341
29675,2.09856725988629
29676,2.922809287124812
29677,2.0052764820040467
29678,1.9033255701996468
29679,1.8218907164622635
29680,27.2583697889016
29681,11.901086213241193
29682,5.390884214092232
29683,2.3992251445498676
29684,3.497202638232908
29685,2.3660662799347834
29686,2.3656023856032977
29687,2.1397268139260275
29688,20.532906719669576
29689,8.833761649628519
29690,3.9009316024682983
29691,1.8706806731239378
29692,2.529705045633553
29693,1.75017121442525
29694,1.6992403348533092
29695,1.663257629075363
29696,21.81225955949835
29697,9.928759928525068
29698,4.200303265877304
29699,2.012211369472456
29700,2.8162779207714053
29701,1.8458084095647607
29702,1.8396146019750523
29703,1.8792870937066664
29704,13.999604259797708
29705,6.348269650989926
29706,2.719724986687253
29707,1.2599404533847884
29708,1.8059427035020794
29709,1.2370495724097361
29710,1.2555463741275568
29711,1.1532500520911386
29712,33.44857150472491
29713,15.587730334290304
29714,6.673827644816454
29715,3.0301796974608486
29716,4.128086841413888
29717,2.9399650330574145
29718,2.686457876978692
29719,2.8184996519792156
29720,13.574556777027292
29721,6.120104783060974
29722,2.525554586200759
29723,1.2151744711829955
29724,1.7113170087364324
29725,1.1839635393853984
29726,1.1753707148319454
29727,1.1242029930093764
29728,14.691763337003335
29729,6.707973841904864
29730,3.0084097558359226
29731,1.4100638652119624
29732,1.9028908917480487
29733,1.3765796209424654
29734,1.341633768216175
29735,1.2452453804872898
29736,21.66185085519047
29737,10.073042178315491
29738,3.9897913453132765
29739,1.9678144285613604
29740,2.6869291996249443
29741,1.8863719700628498
29742,1.8165910420744456
29743,1.7912517911486847
29744,24.188577585282435
29745,11.461395461610442
29746,4.726969614775152
29747,2.207518396055545
29748,2.90756684238948
29749,2.232590045093892
29750,2.164489646576683
29751,2.0896089779834126
29752,17.12172477759359
29753,7.759287487493602
29754,3.0898220443146758
29755,1.5195256900007446
29756,2.196720106516651
29757,1.4866135059218595
29758,1.4625842828629616
29759,1.4486175012520466
29760,18.38739247593937
29761,8.42311197003096
29762,3.569802330227674
29763,1.6580420070503277
29764,2.3386068964929496
29765,1.5864724225967253
29766,1.5089737177688056
29767,1.535698816774368
29768,53.987690711284706
29769,24.47208703513638
29770,10.940238296785278
29771,4.337460816379742
29772,7.208081577966232
29773,4.720723425620498
29774,4.317293156180993
29775,4.558884865809265
29776,14.270862687683973
29777,6.601080275374979
29778,2.8060367152281778
29779,1.3566484485443961
29780,1.8361427158983996
29781,1.3306840663741795
29782,1.2995114414697766
29783,1.2601815685230253
29784,19.858104852424372
29785,9.262725696507754
29786,4.387369324654603
29787,0.3646395582304304
29788,4.619783036398493
29789,1.8539813395070985
29790,2.102565318805113
29791,1.4923824349138253
29792,23.311770329396627
29793,10.510578693359099
29794,5.160721138758168
29795,0.4375795624739164
29796,5.797941884638441
29797,2.1940106071303322
29798,2.3719706730408894
29799,1.8338942846569233
29800,21.239354624652517
29801,9.554102193041539
29802,4.735361744351357
29803,0.372716242368989
29804,4.866529192944625
29805,2.0415281879445777
29806,2.311757597228424
29807,1.646647429826562
29808,19.534273156198285
29809,8.920678525322133
29810,4.4674188637289385
29811,0.3647212803637226
29812,4.550787018426925
29813,1.7670423728866955
29814,2.111689007229808
29815,1.5104058161340863
29816,17.316973664064133
29817,8.028847946062777
29818,3.8357533972657682
29819,0.32760697479509837
29820,4.048608501126785
29821,1.6006007391395976
29822,1.859608379793821
29823,1.373482827984536
29824,19.66014841430106
29825,8.92102097000516
29826,4.237737167550464
29827,0.32985229397066795
29828,4.452964780869928
29829,1.7176707264718059
29830,2.0307404703745644
29831,1.4179325119023405
29832,19.045711385837322
29833,9.277666201638851
29834,4.3190146848943
29835,0.34946002791845165
29836,4.669692453156038
29837,1.7918154626309937
29838,2.1114799894371
29839,1.5280166067298815
29840,27.44026114815481
29841,12.547153826120072
29842,6.190867678823919
29843,0.44724373493058894
29844,6.752618457543844
29845,2.5591855735211957
29846,2.845983707479341
29847,2.0973408291709363
29848,32.81323803522114
29849,14.373086141843066
29850,7.008055901126281
29851,0.5949152620193962
29852,7.42200742841294
29853,2.85760544503203
29854,3.5424852695302698
29855,2.4853916720731073
29856,16.470811956651616
29857,8.025053823313138
29858,3.6559205620361603
29859,0.31336891763805247
29860,4.051498546210849
29861,1.5676199473710395
29862,1.696742536076777
29863,1.3068061355989604
29864,23.67860706856157
29865,10.800193638979867
29866,5.1675949287874055
29867,0.4296965242532785
29868,5.3717766844871315
29869,2.1081753296694363
29870,2.4483363429145664
29871,1.8351779978927931
29872,14.622850517578783
29873,6.408061942479544
29874,3.096359077523815
29875,0.2555385731812358
29876,3.1594970898722083
29877,1.258866060680606
29878,1.430268540902377
29879,1.1079712099287684
29880,17.22117860738436
29881,7.917117593477989
29882,4.021659720203991
29883,0.3272058435656904
29884,4.26243814304627
29885,1.5953573918686021
29886,1.8720513539024588
29887,1.4188720836199227
29888,19.29344014290837
29889,9.02937597041435
29890,4.258944039683007
29891,0.36165684857406094
29892,4.3706111248560875
29893,1.7734649173784645
29894,2.036760118820949
29895,1.5071837875514862
29896,21.89579316516581
29897,9.850800157762697
29898,5.062565028814539
29899,0.3989775983492783
29900,4.919347329409963
29901,2.024553438299526
29902,2.318707168192023
29903,1.7022439533749656
29904,29.222186516791634
29905,13.478674795911944
29906,6.662449601339978
29907,0.5253236384266418
29908,6.90418725228565
29909,2.784348759869834
29910,3.2562322238029413
29911,2.3125943319300974
29912,16.889474500735385
29913,8.104907992696365
29914,3.9899352710019356
29915,0.3066171190722798
29916,4.2013837558747795
29917,1.5523830687772409
29918,1.8699625969442206
29919,1.4292794433861118
29920,46.29947974680753
29921,20.764080778278814
29922,9.876345962120734
29923,0.7864230882702997
29924,10.650819130136535
29925,4.4400836754368616
29926,5.021794554081307
29927,3.51530093004099
29928,21.25516289721628
29929,9.859821544235926
29930,4.630479811239885
29931,0.3870252162372467
29932,4.786390398330401
29933,1.9161901696164088
29934,2.2094636202158475
29935,1.6894337038290101
29936,27.559821332428108
29937,13.029120347168096
29938,6.0560556795325065
29939,0.44221136564682717
29940,6.564141598526223
29941,2.4640906718227735
29942,2.8376852359034794
29943,2.053510372615756
29944,42.450217111871154
29945,19.348782912218702
29946,9.131494199419334
29947,0.7353687494741171
29948,9.94480382056981
29949,3.9218788483271703
29950,4.403961459841166
29951,3.314028448961874
29952,35.68253336718901
29953,16.26646223587997
29954,8.13652881964636
29955,0.5931322656471816
29956,8.237243339505254
29957,3.2834388821436056
29958,3.6686161735755136
29959,2.6205544871653492
29960,23.499518006615688
29961,10.51749961194574
29962,5.184413738293282
29963,0.44616889938880455
29964,5.321694303338604
29965,2.082667571828821
29966,2.363457499642377
29967,1.7467964384406116
29968,16.8648421884709
29969,7.650728623766637
29970,3.585954445150539
29971,0.30000342339948183
29972,3.9053034802198834
29973,1.5692377854627608
29974,1.8014999022647624
29975,1.280659132362023
29976,30.50998767369808
29977,13.86287927357071
29978,6.629057253702762
29979,0.4639242564008643
29980,6.956015564075656
29981,2.6435515886372345
29982,3.376909307441751
29983,2.307312586689215
29984,24.16165485928938
29985,11.0329613599742
29986,5.228907662682542
29987,0.42542841518773256
29988,5.381264822070328
29989,2.169283023668091
29990,2.379588933894844
29991,1.8072672573285025
29992,17.248576570335143
29993,8.046904085637236
29994,3.8804854199785455
29995,0.3004131377961795
29996,4.090485225918121
29997,1.5621969512286098
29998,1.7972168202890162
29999,1.3429092494811439
30000,24.421404156965806
30001,10.815229174526394
30002,5.148281816140366
30003,0.4486824666809459
30004,5.237131944582591
30005,2.0469891625112147
30006,2.4273735145826736
30007,1.8701328264330688
30008,16.328928120340603
30009,7.245006799546947
30010,3.4585759117386847
30011,0.3030840674492872
30012,3.5928181993572257
30013,1.444592086301385
30014,1.5477385798408616
30015,1.2022160503304264
30016,16.981324454021948
30017,7.424347507801206
30018,3.628198582252184
30019,0.3091340807623714
30020,4.078481451952957
30021,1.50850585324593
30022,1.779952413961349
30023,1.2895002218131173
30024,35.0262247118758
30025,15.478560499299848
30026,7.465184621840603
30027,0.5670062087979456
30028,7.796508352666685
30029,3.029815687594172
30030,3.6307651290722096
30031,2.609313435596946
30032,18.17273281792521
30033,8.072569720979793
30034,3.9859276752970314
30035,0.32344090715961665
30036,4.104572940591738
30037,1.5811657752834825
30038,1.9096663667127705
30039,1.3941156078934882
30040,38.568738257218584
30041,16.004029923303396
30042,8.336801458161164
30043,0.6599531514010848
30044,8.203036784626908
30045,3.2911386023373255
30046,4.107495924571705
30047,2.766569916656254
30048,25.201365917752888
30049,11.287383548960985
30050,5.667930327073012
30051,0.4362957639163303
30052,5.891771450899611
30053,2.3470423180312503
30054,2.731708775096012
30055,1.9186344687663426
30056,18.527318588228475
30057,8.533515957846095
30058,4.150784997861709
30059,0.358053089112469
30060,4.420906114450825
30061,1.6947197775825202
30062,1.9370695451873359
30063,1.4270162280916392
30064,49.715375368980496
30065,21.474033457519187
30066,10.457152606918461
30067,0.7995155534976872
30068,11.280915740123431
30069,4.60811628587738
30070,5.088494855370216
30071,3.8424306072045087
30072,21.476178508413813
30073,10.17416217506684
30074,4.983458210177904
30075,0.40355792835663107
30076,5.054528819106236
30077,2.0299614454815784
30078,2.232497899922787
30079,1.6257994316399949
30080,28.063257490571864
30081,12.139293203577958
30082,5.748234976916699
30083,0.4864222794377414
30084,6.160051733974884
30085,2.5194476421315604
30086,2.8185439262257193
30087,2.0627191608761315
30088,31.440948373531548
30089,14.047049790024706
30090,7.120632683694494
30091,0.4952230706049248
30092,7.291898431297512
30093,2.931696294192113
30094,3.5211221706419944
30095,2.4448865872433942
30096,23.979056936879875
30097,10.624548385036547
30098,5.30582126037647
30099,0.4465323684288061
30100,5.487865971150267
30101,2.2200265867493
30102,2.4944702854281875
30103,1.8202047308250662
30104,25.159983907203944
30105,12.002487619372538
30106,5.7347819754841
30107,0.4568733815341098
30108,5.987770723836303
30109,2.331041480466152
30110,2.717082096709054
30111,2.039859071977746
30112,16.63518722094813
30113,7.510274354437815
30114,3.729885912130107
30115,0.3070678585276016
30116,3.898277975076415
30117,1.480006181258624
30118,1.766425208473862
30119,1.296300154700296
30120,41.454404476773604
30121,17.853727718539545
30122,8.548883960509155
30123,0.7245914486400361
30124,8.996473506003209
30125,3.618503540024252
30126,4.069702167342316
30127,3.0258055001826696
30128,15.426572968320057
30129,7.259676779375089
30130,3.468444701226847
30131,0.2935272832636776
30132,3.4784012103244764
30133,1.4328173552602468
30134,1.5942168251420328
30135,1.2426549944567729
30136,17.18588016885661
30137,7.8484958614176
30138,3.928379405392742
30139,0.3229369440621515
30140,4.054140942899566
30141,1.6344516909518179
30142,1.8109552314661594
30143,1.404332924050257
30144,26.437222484592642
30145,11.317600305679601
30146,5.20461795655274
30147,0.45269155452035487
30148,5.972211791066445
30149,2.3848508081462523
30150,2.6233819638788316
30151,2.0164489501468252
30152,28.52721654475193
30153,12.94768149376606
30154,6.175431930364679
30155,0.4747182705273517
30156,6.418032709988112
30157,2.589020206092835
30158,3.210212264991421
30159,2.2991243677996356
30160,19.478140822444164
30161,9.16873879807312
30162,4.287791120450967
30163,0.32659537487766876
30164,4.539627343450071
30165,1.7842241573824666
30166,2.0708241838827615
30167,1.5089058158254627
30168,21.83698274913163
30169,9.744413085563568
30170,4.86388358939972
30171,0.4051467020314156
30172,4.9770731383169355
30173,2.031148962183833
30174,2.1455409261502996
30175,1.6802737127257885
30176,60.13457103406014
30177,29.179093007278723
30178,13.268052553461866
30179,1.1134574202364986
30180,14.384845765996774
30181,5.791343569946152
30182,6.530842996590058
30183,4.832987426615271
30184,17.339914167925137
30185,7.780506735647812
30186,3.9726501816845734
30187,0.3371459238393031
30188,4.098138234541945
30189,1.566399612603913
30190,1.9477774663913745
30191,1.3341310546336171
30192,18.871215085466208
30193,8.715064269858068
30194,3.862791764023823
30195,1.0314181577337396
30196,3.290617726232655
30197,1.701522563865401
30198,1.7256940095441786
30199,1.464831516930088
30200,22.068081275248566
30201,9.878100692749493
30202,4.532365237032126
30203,1.1539814922196752
30204,4.154440188394483
30205,1.9944793090292454
30206,2.0607060662068877
30207,1.710055359848759
30208,20.25180344556833
30209,9.388447976066868
30210,4.172453100461201
30211,1.0572802796894547
30212,3.657461435290387
30213,1.7399607360486586
30214,1.8862404354192848
30215,1.5416156510798948
30216,18.99435719097005
30217,8.439083386976279
30218,3.886121713792452
30219,0.9566810869220791
30220,3.2238594331799457
30221,1.6373438053486684
30222,1.7266974246790294
30223,1.439172277198494
30224,17.078050090439095
30225,7.669366129626795
30226,3.442946965612249
30227,0.8908625198244261
30228,3.1094112274188066
30229,1.4752537976904232
30230,1.5861556548081788
30231,1.3324551714256914
30232,19.274337134777365
30233,8.455869806706453
30234,3.8295011161640193
30235,0.9375520969528022
30236,3.4435663765338047
30237,1.5761219863737967
30238,1.7634905902252094
30239,1.399820820827625
30240,18.9024856933212
30241,8.683686918974447
30242,3.852845405126773
30243,0.9975786787298516
30244,3.4119623727622117
30245,1.6390514894482553
30246,1.7181855993632493
30247,1.44740483527443
30248,26.91769182711111
30249,12.369443708638025
30250,5.480936559765895
30251,1.355713996099746
30252,4.9490299072639825
30253,2.2935373053834156
30254,2.390715299782997
30255,2.062491847584863
30256,30.97219898612653
30257,13.999663183980463
30258,5.936949014274347
30259,1.5681188629976819
30260,5.437364896290143
30261,2.620990640252197
30262,2.7991494169458133
30263,2.3324604432625957
30264,16.220243782089035
30265,7.764304005527524
30266,3.1876083225119163
30267,0.838342846294034
30268,2.9331925499049825
30269,1.4153948285041635
30270,1.420131416959337
30271,1.26769725167808
30272,22.095439274022375
30273,10.396904819298495
30274,4.582098773439644
30275,1.1652908651732323
30276,4.076734028252794
30277,1.9707809531706226
30278,2.033002837699255
30279,1.7205030915757384
30280,13.954936563690369
30281,6.043147586266133
30282,2.7162319109638546
30283,0.8542144181419984
30284,2.3095314502135365
30285,1.2111376067870079
30286,1.2180465021983895
30287,1.099508131665698
30288,15.730742098176648
30289,7.412225584339922
30290,3.4460871422299766
30291,0.8679713416839766
30292,3.095695870283608
30293,1.4307160056370294
30294,1.5155461293719983
30295,1.2967364415230915
30296,18.22743662715071
30297,8.767236244877449
30298,3.7347159283236273
30299,0.9436421363415641
30300,3.1778930114793433
30301,1.5983824292779552
30302,1.6885076056200001
30303,1.4274508864006976
30304,21.18271213453779
30305,9.518733283587835
30306,4.211073605190134
30307,1.0817636673351427
30308,3.6973707601062125
30309,1.746268407681862
30310,1.8574017170835007
30311,1.5804727493767694
30312,27.27237952536571
30313,13.186494925530482
30314,5.628271892801961
30315,1.4831281830770993
30316,5.074097490167246
30317,2.460755442123088
30318,2.652023378874131
30319,2.1860990847028594
30320,16.138002160351572
30321,7.589235928281555
30322,3.4214259494647186
30323,0.8613627265399656
30324,2.968633048544426
30325,1.4548819979903485
30326,1.5095190949817001
30327,1.3289003442870937
30328,44.0069281232926
30329,19.891686147653513
30330,8.945886771398461
30331,2.0471580704354517
30332,7.798341644555883
30333,3.7645685042988863
30334,4.105431749908924
30335,3.225622714688636
30336,21.202354236004027
30337,9.745838434022897
30338,4.112590798269775
30339,1.0966285462681116
30340,3.6505221150631044
30341,1.7812931874435038
30342,1.8569711671660154
30343,1.5827401776163348
30344,26.59877674043494
30345,12.240617915401476
30346,5.368729329213997
30347,1.3262487838835315
30348,4.72269550208157
30349,2.327773253456322
30350,2.500205217991691
30351,2.035127294072972
30352,40.76130104730974
30353,18.698397441355187
30354,7.99225878978817
30355,2.061603013280944
30356,7.01794176793496
30357,3.5210932036136815
30358,3.5745775116291294
30359,3.05711303584155
30360,34.1041886213994
30361,15.09077716996853
30362,6.8429622692252865
30363,1.7080754806090308
30364,5.924416302321252
30365,2.8878864644499314
30366,3.015849668091828
30367,2.5553486342495253
30368,22.525044548001908
30369,10.268160894233485
30370,4.561133056223905
30371,1.2085623661585108
30372,4.037452551115642
30373,1.9077147076380059
30374,2.0574127698233524
30375,1.7118467437385045
30376,16.207697411651584
30377,7.14101868642022
30378,3.1646888391718417
30379,0.8279362398411777
30380,2.9395788837087564
30381,1.432394776973605
30382,1.5061788525371358
30383,1.24643273782077
30384,28.951236365719836
30385,12.784880932154872
30386,5.60333649442361
30387,1.4262825745007786
30388,5.132685945672522
30389,2.51423534724864
30390,2.6735795340979815
30391,2.1500409684475454
30392,22.886209267778217
30393,10.26817116816148
30394,4.624942005606306
30395,1.181127086703802
30396,3.9836683799466113
30397,2.0152286992798705
30398,2.010234557842404
30399,1.7599429351792728
30400,16.462982114034286
30401,7.637821434447857
30402,3.4847162848306286
30403,0.8268597407937642
30404,3.0055425819559694
30405,1.4605355768408481
30406,1.52310188569482
30407,1.3040297045995222
30408,22.462789475413647
30409,10.583638020633883
30410,4.559506734104719
30411,1.2114307041529524
30412,3.8188695229627228
30413,1.8809536004748926
30414,2.025109656305494
30415,1.7356402481178597
30416,15.03513467997094
30417,6.531038857085711
30418,2.9900663793265694
30419,0.8668155894184425
30420,2.7099143656233613
30421,1.3546464675465146
30422,1.3080467793038968
30423,1.1676513474510355
30424,15.69190973867184
30425,7.046848541240728
30426,3.2160373392855157
30427,0.8318160564138172
30428,2.915979059230017
30429,1.3647962662531465
30430,1.4558461817679333
30431,1.232041778995724
30432,32.561263556555375
30433,14.225005942168147
30434,6.410513227782421
30435,1.6672167866846772
30436,5.956456639005145
30437,2.7386202961055073
30438,2.9498556230205195
30439,2.4722095021390835
30440,16.886577699344276
30441,7.868585246468172
30442,3.5006380445833463
30443,0.8680555076154951
30444,3.0253153475441783
30445,1.4678556508661325
30446,1.590751221988104
30447,1.3319930047184445
30448,36.545064298682675
30449,15.593786531802094
30450,7.341230555474057
30451,1.8873392122041341
30452,6.179412409725442
30453,2.9317867055352385
30454,3.227055623246785
30455,2.7894354894067575
30456,24.829662357186702
30457,11.288714735419031
30458,5.062419802404728
30459,1.2389128584274507
30460,4.369515194689937
30461,2.175871937254652
30462,2.2634398388992674
30463,1.835250064264355
30464,18.25782089908877
30465,8.518224951450009
30466,3.701052848200891
30467,0.9337706968664224
30468,3.2265823974723697
30469,1.578918515220548
30470,1.6334541376364218
30471,1.406758013108338
30472,48.07459598401019
30473,21.438894142302725
30474,9.367359877384315
30475,2.213885030893322
30476,8.271323333329656
30477,4.177477634319216
30478,4.275251455532049
30479,3.601645081759719
30480,20.39354092617776
30481,9.590031090594223
30482,4.157357964563248
30483,1.065561153845736
30484,3.6653139079701416
30485,1.7996323666633935
30486,1.8279375863893512
30487,1.5319351868613287
30488,25.869519263142227
30489,11.780658401549896
30490,5.064036460949102
30491,1.2878037874021635
30492,4.584801988515324
30493,2.255709277141049
30494,2.3058552792677243
30495,1.9852100389592195
30496,30.636828576233135
30497,13.737609177633836
30498,6.092029721192484
30499,1.5016488801201417
30500,5.373785179058064
30501,2.6135288854089116
30502,2.843074690135984
30503,2.3170740635880978
30504,23.298827917732133
30505,10.26761740060699
30506,4.512773626037406
30507,1.2222015593937738
30508,4.075985265548586
30509,1.9793333297347089
30510,2.0447076161330644
30511,1.7985437261980233
30512,24.03051299779012
30513,11.188317588873133
30514,4.991444832724815
30515,1.2171330787370271
30516,4.417202932631688
30517,2.034466409587429
30518,2.220339206415712
30519,1.8760443293232945
30520,15.763065735314706
30521,7.1670634060148295
30522,3.2485437766150085
30523,0.8694201522242834
30524,2.9029611982644137
30525,1.3184698114268014
30526,1.4651629675929285
30527,1.2225400233683534
30528,37.27890878443042
30529,17.356659209811113
30530,7.771679712181502
30531,1.9621302762494666
30532,6.429916380155101
30533,3.1983314696983376
30534,3.3657676841697874
30535,2.8439248307749474
30536,15.098434320780942
30537,6.745048926561567
30538,3.042502557050785
30539,0.806927141359262
30540,2.7268902697412525
30541,1.3333933844570414
30542,1.3724348054161564
30543,1.2095346098131454
30544,16.337810631149186
30545,7.337578630779833
30546,3.4453329388684275
30547,0.8276613716547075
30548,2.966964019654894
30549,1.4153869396385914
30550,1.5239665760308618
30551,1.302478416697564
30552,24.364050602616416
30553,10.941877009368946
30554,4.645740786737899
30555,1.252618019731103
30556,4.350777326890471
30557,2.1131710876128595
30558,2.2390837905091256
30559,1.9095237071822244
30560,28.176875394793544
30561,13.09048807089109
30562,5.545120569713463
30563,1.3052039981713481
30564,4.993418746244399
30565,2.4458751329483457
30566,2.579000360067837
30567,2.2706099989822914
30568,19.127096400324255
30569,9.097208543795594
30570,3.664503881863631
30571,0.9759199497689047
30572,3.3911463042857575
30573,1.6608711464229342
30574,1.7451347607862395
30575,1.5060598126205393
30576,20.36874359534009
30577,9.526684828058832
30578,4.2427882209049095
30579,1.064676836651745
30580,3.4984103320591715
30581,1.757944827360317
30582,1.8343112447221934
30583,1.5694866997866472
30584,59.955415197334005
30585,27.454266338173923
30586,12.248235769873293
30587,3.05688991124549
30588,10.557583145690836
30589,5.219664586042306
30590,5.333340809695649
30591,4.735267464736042
30592,16.913955795259437
30593,7.501610233417705
30594,3.5211200104439886
30595,0.8798687854912037
30596,3.021615948372553
30597,1.4478173254204447
30598,1.606181284190723
30599,1.2817340887036304
30600,17.390216881627463
30601,7.743449998373557
30602,4.994746504167383
30603,0.0975817088054941
30604,5.47670533787187
30605,2.013853647274745
30606,2.4852344022669888
30607,1.6135987313723108
30608,20.719809644408794
30609,9.057420901822274
30610,5.803464481896908
30611,0.10840939518516582
30612,6.628177105576043
30613,2.468355215531301
30614,2.9586391098313927
30615,1.890667880539879
30616,18.809218922990713
30617,8.375900786336667
30618,5.28088871186042
30619,0.09060536074753725
30620,5.806095929852601
30621,2.238088702384694
30622,2.7292999437818417
30623,1.74163470091843
30624,17.568359137229628
30625,7.448070669603468
30626,5.067456872915475
30627,0.10764934456467412
30628,5.207696902503292
30629,1.961919958209147
30630,2.5008983468289454
30631,1.5485966416378172
30632,14.890567506848468
30633,6.609592489539693
30634,4.688764462446489
30635,0.08208620493863573
30636,4.896959770786142
30637,1.7674345622558556
30638,2.2198000135021245
30639,1.4493606577864235
30640,17.178602603004272
30641,7.437942441872018
30642,5.115217901884494
30643,0.09267644098866668
30644,5.265741798544634
30645,1.8231288153155905
30646,2.4372982257137004
30647,1.5172100878154127
30648,16.591142408766643
30649,7.640465276843941
30650,4.936873134653905
30651,0.08067043920070481
30652,5.415790540146468
30653,1.9711469855915715
30654,2.4798928640509086
30655,1.6080618429705824
30656,24.755045072579925
30657,10.765310264123686
30658,7.015723149113242
30659,0.15527617838630856
30660,7.588742920914257
30661,2.754891954633645
30662,3.4557497617445905
30663,2.22336842308298
30664,28.493632989431077
30665,12.34077316314116
30666,7.4713294818024485
30667,0.14855672226004568
30668,8.329856861998492
30669,3.0767819447488955
30670,4.120386624644495
30671,2.5086721380198997
30672,14.902277291445408
30673,6.807516645106887
30674,4.280067360660945
30675,0.0791056704681402
30676,4.606520501679916
30677,1.760749117573916
30678,2.089677740388347
30679,1.3794688320758401
30680,20.797537680697204
30681,8.93245092795862
30682,5.762308084853136
30683,0.10353432085128879
30684,6.250067984007526
30685,2.2823273745502792
30686,2.869485052693088
30687,1.9275034995097098
30688,12.696502057750745
30689,5.303747079615637
30690,3.541167716784965
30691,0.082748940216095
30692,3.4684110755011868
30693,1.3629061058836867
30694,1.68939767465319
30695,1.1568495008221371
30696,14.869130910865389
30697,6.53367537985103
30698,4.549692542556826
30699,0.06188626361231406
30700,4.878980479059151
30701,1.8058171160079437
30702,2.1597932720457
30703,1.4202800126045905
30704,16.94995440769714
30705,7.745476829054309
30706,5.0184053868407155
30707,0.09385231083535928
30708,5.0845010608801795
30709,1.93514725841256
30710,2.444531731445494
30711,1.6615465375873149
30712,19.395114946354894
30713,8.308912095780647
30714,5.66545251261303
30715,0.09460779526340689
30716,5.705682993454287
30717,2.1361381515140914
30718,2.75157762946795
30719,1.7839041300657486
30720,26.55661187774238
30721,11.759673177107443
30722,7.5069998579738515
30723,0.15245273870443368
30724,7.92122770368669
30725,3.0339919322260083
30726,3.843651158500368
30727,2.4076606732346213
30728,14.546274352929835
30729,6.791946768120694
30730,4.584078422278443
30731,0.07692801063359639
30732,4.850459337183062
30733,1.795555652625534
30734,2.2473619780700966
30735,1.4923960581323232
30736,40.17093273342034
30737,18.19762530456954
30738,10.88258687183939
30739,0.24141284831108628
30740,12.283056980057387
30741,4.6569632466510305
30742,5.777543340608726
30743,3.5590469789860686
30744,19.589941331599597
30745,8.301144586049528
30746,5.300911354132622
30747,0.08740074381374296
30748,5.771752821106045
30749,2.1244678578241585
30750,2.637726061387482
30751,1.776262765186668
30752,23.921492584761555
30753,11.16675171139776
30754,6.765744798320637
30755,0.12132743090230706
30756,7.446332112954555
30757,2.637029825517867
30758,3.5137429588949582
30759,2.1948479993191845
30760,36.91027327145412
30761,16.581056926302196
30762,10.115492054613819
30763,0.2373685687581477
30764,11.02165740593787
30765,4.355906491319688
30766,5.1536178689785945
30767,3.308470385863584
30768,32.801405723046585
30769,13.911895792485172
30770,9.323592921692585
30771,0.16334026065480062
30772,9.297177333725221
30773,3.596262274345962
30774,4.4158696341675965
30775,2.6809240952274607
30776,20.44609241541178
30777,8.743063785032554
30778,5.770325461095655
30779,0.11770322112616274
30780,6.030103556308328
30781,2.2674730577101343
30782,2.8804909300161334
30783,1.8758760703156934
30784,14.570881989211646
30785,6.446184837829081
30786,4.086674124471097
30787,0.07759419986302109
30788,4.478745712261895
30789,1.7512958476460583
30790,2.0884048507010564
30791,1.2983493189822952
30792,26.39699552630291
30793,11.568073424847228
30794,7.058283470903682
30795,0.14725286555314113
30796,7.779428190459185
30797,2.9543761344408352
30798,3.8361188186229485
30799,2.427804445696625
30800,21.25364890337222
30801,9.233790723799197
30802,5.990702732041335
30803,0.10824305398964583
30804,6.236157661472415
30805,2.4005821575657547
30806,2.8906104440817244
30807,1.9326617517648605
30808,15.137215452271414
30809,6.706587777422788
30810,4.465212164833684
30811,0.06355566686736433
30812,4.630256717337356
30813,1.7689999715182583
30814,2.1464731561078163
30815,1.3549494524011214
30816,21.087898552020533
30817,9.776297256564781
30818,5.973779040347613
30819,0.1127157391570311
30820,6.267680943608226
30821,2.2841193452853545
30822,2.8741108535616418
30823,1.9016346471799939
30824,13.793490371842783
30825,6.133251357959735
30826,3.8014792479080777
30827,0.05025916348751555
30828,4.295799761103216
30829,1.5751359889617678
30830,1.9076235393384544
30831,1.239690471817196
30832,14.360129856700604
30833,6.45065909030862
30834,4.190244314069305
30835,0.07590372096594128
30836,4.534719078093551
30837,1.716592970277708
30838,2.0414513837747665
30839,1.303329262056657
30840,30.673493234289385
30841,13.22483874572807
30842,8.473867844995878
30843,0.1650794824195129
30844,8.830541667158347
30845,3.3965457867994737
30846,4.24869029456289
30847,2.630005148146838
30848,15.578430162315797
30849,6.805990343544008
30850,4.476263616567861
30851,0.0813392950821646
30852,4.951632927879871
30853,1.7732751919651202
30854,2.241196781959427
30855,1.3422222915956394
30856,33.9236621761363
30857,13.854846767910704
30858,9.159930642041504
30859,0.18049697058943295
30860,9.705466168352787
30861,3.5334650750763474
30862,4.649238162447048
30863,2.9466454866015988
30864,22.891054526530613
30865,10.050718178327108
30866,6.532409576247408
30867,0.12949404486277494
30868,7.012460201276922
30869,2.5983781760011744
30870,3.158172405050914
30871,2.051405832132836
30872,16.06913406102729
30873,7.219102839075765
30874,4.852644791639206
30875,0.07344398157086345
30876,5.094137723912855
30877,1.8393764852009395
30878,2.2694322026093783
30879,1.4664410008712188
30880,42.56172225937656
30881,19.1933332737019
30882,11.791555127943283
30883,0.23206157369630356
30884,12.970866166154604
30885,4.9455759089358295
30886,6.19511510259007
30887,3.888160454805589
30888,18.99810161501873
30889,8.621725908099224
30890,5.6625947662369915
30891,0.09423556250062151
30892,5.834427981280295
30893,2.149960538625887
30894,2.604582540681039
30895,1.737982325758462
30896,23.902032772142626
30897,10.571326812994453
30898,6.576526139832822
30899,0.14007774001687656
30900,7.02020960423224
30901,2.683620999553007
30902,3.4315399763055385
30903,2.1697187488913703
30904,27.478183501157684
30905,12.006305980543397
30906,7.951918895489184
30907,0.14021604493023432
30908,8.328855643411575
30909,3.1385511926486296
30910,3.9385674582944623
30911,2.493227019053499
30912,21.462000097665495
30913,8.938522101149433
30914,5.797401100216961
30915,0.11327121715304506
30916,6.458198221306868
30917,2.3457388449581216
30918,2.9146864234462475
30919,1.9184897968933299
30920,23.098514614840223
30921,10.246298342389494
30922,6.419214352981212
30923,0.12249498898876103
30924,6.7361383523931035
30925,2.5175399418431352
30926,3.225045621013632
30927,2.1296903469134154
30928,14.256643873542183
30929,6.50661032348903
30930,4.190251615370535
30931,0.06660882329127198
30932,4.515254913199444
30933,1.5675095078117103
30934,2.067217946162567
30935,1.3061751807228223
30936,35.22273251360428
30937,15.991972067416034
30938,9.344297456690787
30939,0.18135046854945724
30940,10.452623070153717
30941,3.9041547894469892
30942,4.722816777866514
30943,3.2351359143636733
30944,13.520584872957693
30945,6.033919051938424
30946,3.897278231046849
30947,0.07321146581133024
30948,4.204387102611296
30949,1.5181315283955579
30950,1.9386607275509062
30951,1.2750840994071662
30952,15.063480787376294
30953,6.603037979340025
30954,4.485703719355595
30955,0.07372951959069228
30956,4.792578546762069
30957,1.8052902582949792
30958,2.173046530065582
30959,1.4315623224487144
30960,22.822571094721788
30961,10.282432108481737
30962,6.093812197946623
30963,0.11834765903525352
30964,6.805974053275811
30965,2.5745746513877306
30966,3.166671028302441
30967,2.1346813254357175
30968,25.35162909043303
30969,11.2709501237097
30970,6.967768661466089
30971,0.1289745124854239
30972,7.519190059270693
30973,2.9466875140071207
30974,3.667186343841946
30975,2.4560935123072674
30976,17.57698311961202
30977,7.771636721583473
30978,4.852867944194924
30979,0.0963641881753834
30980,5.244298626877019
30981,1.961073117202206
30982,2.533187057618965
30983,1.6287827972006275
30984,19.006949311356568
30985,8.292347626724109
30986,5.462409300672427
30987,0.09547744041733125
30988,5.604980699716191
30989,2.190218837989177
30990,2.607571713168036
30991,1.7125141802356245
30992,52.39920002069165
30993,25.027148795960237
30994,15.33541402298901
30995,0.3684020468528039
30996,16.204062212305633
30997,6.493761009802115
30998,7.813988039262217
30999,5.18140670008702
31000,15.409091437038894
31001,6.589132470252058
31002,4.565461218674588
31003,0.06616904870393005
31004,4.677532976315087
31005,1.8073858095110231
31006,2.2641297285811874
31007,1.3598906474032708
31008,14.720622807810905
31009,6.733458748877761
31010,2.6402051359431606
31011,1.6377026471071037
31012,1.545857982509844
31013,1.3085801609513161
31014,1.2182611678546587
31015,1.2329070490808423
31016,17.042111096910272
31017,7.4660747640267635
31018,3.2121739003187075
31019,1.9087308812486323
31020,1.8514463101025185
31021,1.5014523414122036
31022,1.3322947046991567
31023,1.3765685139566723
31024,15.798734625151434
31025,7.104292739536964
31026,2.904296155928548
31027,1.770535953784633
31028,1.6781331489269358
31029,1.3650195997814962
31030,1.339927464948721
31031,1.2965017336240148
31032,14.904567756980416
31033,6.475147612463942
31034,2.7090846313285755
31035,1.6239786238545695
31036,1.5250045660918932
31037,1.2662877012138811
31038,1.2308443301212075
31039,1.2186258126657121
31040,12.618549507036523
31041,5.732462390271223
31042,2.3654706775602397
31043,1.4683307992938708
31044,1.4172096257622762
31045,1.1531978400973375
31046,1.0999507052119724
31047,1.0780946372641458
31048,15.064246764347565
31049,6.644422285062826
31050,2.58703634938421
31051,1.6428051124788543
31052,1.5237211288025396
31053,1.2275440596300153
31054,1.2203974883541588
31055,1.172835390702962
31056,14.549710521985991
31057,6.760619825331703
31058,2.678893641675536
31059,1.6456748588538244
31060,1.5617251614421088
31061,1.2631144584471843
31062,1.192942677517105
31063,1.213389827962458
31064,21.09771075974508
31065,9.281235133480163
31066,3.825286961767484
31067,2.381766653412678
31068,2.2368762213797524
31069,1.806174669096293
31070,1.6364047791939482
31071,1.7054654628191996
31072,23.294612626212857
31073,10.473600780063467
31074,4.27156202816273
31075,2.583099134680312
31076,2.4754086314958923
31077,1.9792654113936063
31078,1.8290256621194683
31079,1.9319224638147292
31080,12.146187687462552
31081,5.8063516609680725
31082,2.1486692167599313
31083,1.3567030052145597
31084,1.405133953515635
31085,1.116694412337516
31086,1.0597954249797075
31087,1.0645697375272705
31088,17.42919280675428
31089,7.689935027259172
31090,3.167770557529361
31091,1.9460477764666368
31092,1.8045475626719842
31093,1.4902517054987205
31094,1.3902516547604071
31095,1.4236377550113881
31096,10.327456717631257
31097,4.398079259750024
31098,1.8933826360292256
31099,1.2068913462274409
31100,1.148369780272461
31101,0.9186248619384991
31102,0.8289475898044512
31103,0.8901185253524111
31104,12.414790912442342
31105,5.610567079234383
31106,2.398993820623545
31107,1.4514123842450684
31108,1.3819345054279952
31109,1.127617296602085
31110,1.0761682020252978
31111,1.078371370503801
31112,14.076458207143366
31113,6.5334754547701
31114,2.5589719028012534
31115,1.5706208635560848
31116,1.4665071209465577
31117,1.251183827842777
31118,1.1734506469663786
31119,1.2025574558464975
31120,15.957449037940437
31121,7.1275366896253045
31122,3.0674854499244852
31123,1.7498517443534314
31124,1.6758593215768678
31125,1.3530798391133458
31126,1.2848363849230544
31127,1.3258122695419123
31128,20.847267448807397
31129,9.923758141388404
31130,4.029733934202819
31131,2.4739963711454727
31132,2.3641931241696095
31133,1.9727861817129224
31134,1.7864498564797633
31135,1.826730010123429
31136,12.433228099437382
31137,5.732870961383665
31138,2.3683630678036205
31139,1.4299451486404011
31140,1.4042416627372212
31141,1.1345391550112474
31142,1.078578698643346
31143,1.1077373875538763
31144,33.99076760750117
31145,15.544092871519275
31146,6.523666046349089
31147,3.7183194964252015
31148,3.7704852951198085
31149,2.9332583209590544
31150,2.604574868973873
31151,2.7258268616811256
31152,16.213438486456067
31153,7.450601890724944
31154,2.8594158845633233
31155,1.704971936380867
31156,1.720539797277568
31157,1.3676122015346353
31158,1.237227486164584
31159,1.3251294216240037
31160,19.520803735356253
31161,9.622175114531352
31162,3.9204813950805835
31163,2.2804123997567682
31164,2.1271421015527703
31165,1.7205529509384696
31166,1.6451231736859877
31167,1.6661474635055733
31168,30.105248181797187
31169,13.84321452894953
31170,5.410392306125663
31171,3.4073094543554276
31172,3.118868803935329
31173,2.636205176951024
31174,2.3447108558560594
31175,2.4674969305539203
31176,27.540487516938487
31177,11.796939760307597
31178,4.677051914391808
31179,3.2249280977062096
31180,2.7532147890427003
31181,2.2441165390057214
31182,2.085424257322239
31183,2.104267906019628
31184,17.43913024200281
31185,7.658964041436703
31186,3.2957281642170217
31187,1.940441389651733
31188,1.7824676431740618
31189,1.451681918342835
31190,1.4009340707842808
31191,1.3959734656001046
31192,12.466687275132044
31193,5.549963164619848
31194,2.177197396002985
31195,1.36314082126309
31196,1.3489652805032053
31197,1.1261191012459077
31198,1.064485107720803
31199,1.02674807212241
31200,22.095624371903785
31201,10.024975110847981
31202,4.170485186912976
31203,2.4682788970968566
31204,2.37470891999684
31205,1.8892592559631118
31206,1.9116475029285827
31207,1.799100534297459
31208,17.921060752428076
31209,7.92434782499571
31210,3.1787203737651986
31211,1.9275726246512592
31212,1.8183773719798166
31213,1.5143421371233894
31214,1.4094041318451895
31215,1.4157206944358585
31216,13.071206691515346
31217,5.812469752874987
31218,2.3871932248889296
31219,1.4452464037047967
31220,1.4081577096521276
31221,1.1726370193443527
31222,1.091180060033799
31223,1.098268956042074
31224,17.39504461187879
31225,8.04707314025902
31226,3.288125213156344
31227,1.9856037160790372
31228,1.7575858185975943
31229,1.4518162184365684
31230,1.39714990057508
31231,1.4376065572530268
31232,11.4869568602879
31233,5.147038238418956
31234,2.029950593275418
31235,1.3314847924306676
31236,1.276044992503882
31237,1.0228087062979878
31238,0.9787679802969573
31239,0.9902447278132879
31240,12.246883898135147
31241,5.462255974558588
31242,2.2057935515321656
31243,1.3520405251104388
31244,1.3800728554182558
31245,1.0612918901767092
31246,1.0376530896404508
31247,1.0311186581887706
31248,24.776518440419455
31249,10.942346614703377
31250,4.522275654207562
31251,2.7559406307729444
31252,2.7646665797803767
31253,2.1698331791348204
31254,2.066676385187219
31255,2.094527324870059
31256,13.183305422607631
31257,5.831772210580056
31258,2.482069177642654
31259,1.4454213032087981
31260,1.4311650268295542
31261,1.129601172726703
31262,1.102842529936271
31263,1.0874741499525808
31264,28.146672437078823
31265,11.911189776597576
31266,5.340748436598225
31267,3.0658139440343333
31268,2.7915293994984083
31269,2.291007391821572
31270,2.1590949169109286
31271,2.1794513890798775
31272,18.551106877690337
31273,8.179801490015938
31274,3.571151403316622
31275,2.093952649460638
31276,1.9983789116794919
31277,1.6319959966845234
31278,1.5124677477498454
31279,1.5171576856453308
31280,14.126126332757714
31281,6.089125293435268
31282,2.554487113063831
31283,1.5401725845287813
31284,1.4761760344400947
31285,1.2238741686799384
31286,1.1472557711943792
31287,1.1261542424193551
31288,35.45233656570894
31289,15.823649414497591
31290,6.795976278306027
31291,3.790233349818529
31292,3.9553517806508913
31293,3.12731354003059
31294,2.8265277272820533
31295,2.8196427106805753
31296,15.333658268629014
31297,7.345330325418385
31298,2.9076948208256694
31299,1.7446510016116006
31300,1.6915602660415434
31301,1.3487418276176892
31302,1.264898057595431
31303,1.2629120505619158
31304,19.697219518537022
31305,8.472954809322925
31306,3.4750120352326546
31307,2.270676661225903
31308,2.13237414039624
31309,1.7360749976009124
31310,1.586750050014934
31311,1.5935972598798114
31312,23.14653520246717
31313,10.053693803697856
31314,4.507630762373597
31315,2.6495253780555674
31316,2.5463229232957776
31317,2.01644017643836
31318,1.9631503481042818
31319,1.856946030029645
31320,17.566027156523614
31321,7.502630216131185
31322,3.2413266873889692
31323,1.955676597245618
31324,1.7965463099075958
31325,1.487713568036521
31326,1.4110518284150542
31327,1.4174681285378496
31328,18.907835857841057
31329,8.284152613609496
31330,3.4531428529477233
31331,2.0759698675224234
31332,1.975312801069906
31333,1.5403061547689842
31334,1.4915866994781741
31335,1.5850106426789525
31336,12.098697694710362
31337,5.472294085389306
31338,2.243229877344362
31339,1.3609792448137235
31340,1.3289938845927785
31341,1.0449636298397438
31342,1.0283317090009767
31343,1.0364324009082817
31344,28.479209068917996
31345,13.316104685947527
31346,5.6277575775160855
31347,3.159202819486276
31348,3.0593712641792923
31349,2.5180644445309035
31350,2.2103181113910044
31351,2.445590518816491
31352,11.70889008486887
31353,5.212554473151091
31354,2.113011398882305
31355,1.310095535906647
31356,1.2681775126676227
31357,1.042954582698773
31358,0.961287601424355
31359,0.9984732714647566
31360,12.333485559616372
31361,5.70859835327693
31362,2.434649903348305
31363,1.4790405123067003
31364,1.3621608031309
31365,1.1379797422946725
31366,1.0914627912656771
31367,1.0928341191481583
31368,18.736705491651808
31369,8.663761414401307
31370,3.342199018114447
31371,2.0854833825941705
31372,1.9534007025879947
31373,1.619038602283492
31374,1.5212883058171571
31375,1.5490675362530084
31376,20.72750613654778
31377,9.81902099717373
31378,3.993855449087865
31379,2.4254135216924815
31380,2.1246538923299765
31381,1.911218311467716
31382,1.816430046787797
31383,1.8305390580823306
31384,14.79397101454553
31385,6.694523331763259
31386,2.5574454947150453
31387,1.6386098523404924
31388,1.5790239506099222
31389,1.2619289594934613
31390,1.2249136287684972
31391,1.2409420280045762
31392,15.685467697563551
31393,7.30280688077732
31394,2.9622378347529486
31395,1.7446960455255758
31396,1.673733601042324
31397,1.349156541730495
31398,1.249897795296097
31399,1.3063826686473217
31400,47.141523730834784
31401,21.735976326076376
31402,9.435071307192683
31403,4.327098306580212
31404,5.483173117348501
31405,3.9798973056838967
31406,3.5665489372026586
31407,3.867117625853164
31408,12.516292328540857
31409,5.799071356251956
31410,2.3611050989920437
31411,1.4842492531515454
31412,1.389445860259782
31413,1.1540497978018003
31414,1.1044552506486347
31415,1.1032422585206576
