datetime,count
2011-01-20 00:00:00,0.0
2011-01-20 01:00:00,0.0
2011-01-20 02:00:00,0.0
2011-01-20 03:00:00,0.0
2011-01-20 04:00:00,0.0
2011-01-20 05:00:00,0.0
2011-01-20 06:00:00,0.0
2011-01-20 07:00:00,24.65536718925989
2011-01-20 08:00:00,53.815095563028976
2011-01-20 09:00:00,71.84853085082649
2011-01-20 10:00:00,114.62963415316113
2011-01-20 11:00:00,115.06841404576926
2011-01-20 12:00:00,138.49031755126072
2011-01-20 13:00:00,136.99941365328067
2011-01-20 14:00:00,141.48715927916447
2011-01-20 15:00:00,141.11588582750528
2011-01-20 16:00:00,133.199106333128
2011-01-20 17:00:00,126.77184620916341
2011-01-20 18:00:00,103.87464852016484
2011-01-20 19:00:00,123.39976781012416
2011-01-20 20:00:00,74.33829270152614
2011-01-20 21:00:00,60.945818947687115
2011-01-20 22:00:00,48.11294367079583
2011-01-20 23:00:00,41.3525421575485
2011-01-21 00:00:00,0.0
2011-01-21 01:00:00,0.0
2011-01-21 02:00:00,0.0
2011-01-21 03:00:00,0.0
2011-01-21 04:00:00,0.0
2011-01-21 05:00:00,0.0
2011-01-21 06:00:00,0.0
2011-01-21 07:00:00,17.795427007989574
2011-01-21 08:00:00,47.88434236011912
2011-01-21 09:00:00,76.44977887267417
2011-01-21 10:00:00,101.14539267075985
2011-01-21 11:00:00,128.59608802954088
2011-01-21 12:00:00,148.54875486533433
2011-01-21 13:00:00,158.4521315633151
2011-01-21 14:00:00,165.44547302710367
2011-01-21 15:00:00,162.0045071494203
2011-01-21 16:00:00,159.41515444537168
2011-01-21 17:00:00,145.1013185204941
2011-01-21 18:00:00,130.05468100025792
2011-01-21 19:00:00,107.6253577973252
2011-01-21 20:00:00,80.74997711919994
2011-01-21 21:00:00,61.48264568272178
2011-01-21 22:00:00,34.52840194018795
2011-01-21 23:00:00,23.493427219189982
2011-01-22 00:00:00,0.0
2011-01-22 01:00:00,0.0
2011-01-22 02:00:00,0.0
2011-01-22 03:00:00,0.0
2011-01-22 04:00:00,0.0
2011-01-22 06:00:00,0.0
2011-01-22 07:00:00,0.0
2011-01-22 08:00:00,0.0
2011-01-22 09:00:00,19.88713370588536
2011-01-22 10:00:00,38.6995257473089
2011-01-22 11:00:00,70.13554924270397
2011-01-22 12:00:00,100.67891411935804
2011-01-22 13:00:00,179.37919497171117
2011-01-22 14:00:00,193.3551623981861
2011-01-22 15:00:00,207.98232511829775
2011-01-22 16:00:00,202.52568341661623
2011-01-22 17:00:00,203.11755271101237
2011-01-22 18:00:00,162.49274531287813
2011-01-22 19:00:00,135.75241315228024
2011-01-22 20:00:00,92.28552649403092
2011-01-22 21:00:00,57.024570465996774
2011-01-22 22:00:00,19.980251169792666
2011-01-22 23:00:00,0.0
2011-01-23 00:00:00,0.0
2011-01-23 01:00:00,0.0
2011-01-23 02:00:00,0.0
2011-01-23 03:00:00,0.0
2011-01-23 05:00:00,0.0
2011-01-23 06:00:00,0.0
2011-01-23 07:00:00,0.0
2011-01-23 08:00:00,0.0
2011-01-23 09:00:00,4.781178800805222
2011-01-23 10:00:00,47.74873349386168
2011-01-23 11:00:00,91.7659352211035
2011-01-23 12:00:00,120.53684605723754
2011-01-23 13:00:00,147.46039817091457
2011-01-23 14:00:00,172.69599334489442
2011-01-23 15:00:00,182.63354205508057
2011-01-23 16:00:00,182.97988803297505
2011-01-23 17:00:00,166.63188035869632
2011-01-23 18:00:00,148.95309015487857
2011-01-23 19:00:00,118.70771814092078
2011-01-23 20:00:00,79.02340116790727
2011-01-23 21:00:00,38.45010488272341
2011-01-23 22:00:00,0.0
2011-01-23 23:00:00,0.0
2011-01-24 00:00:00,0.0
2011-01-24 01:00:00,0.0
2011-01-24 03:00:00,0.0
2011-01-24 04:00:00,0.0
2011-01-24 05:00:00,0.0
2011-01-24 06:00:00,0.0
2011-01-24 07:00:00,8.264207357585903
2011-01-24 08:00:00,40.406948744372855
2011-01-24 09:00:00,73.8189319423737
2011-01-24 10:00:00,99.33175770227864
2011-01-24 11:00:00,118.56963174037875
2011-01-24 12:00:00,99.51893162746363
2011-01-24 13:00:00,106.22278412495211
2011-01-24 14:00:00,108.33478756802197
2011-01-24 15:00:00,165.62244405731138
2011-01-24 16:00:00,154.77852570430258
2011-01-24 17:00:00,138.10235409644105
2011-01-24 18:00:00,123.44732857238242
2011-01-24 19:00:00,107.80010203174876
2011-01-24 20:00:00,83.72974228352928
2011-01-24 21:00:00,65.39315835499153
2011-01-24 22:00:00,31.09615572087553
2011-01-24 23:00:00,26.65264395734266
2011-01-25 00:00:00,0.0
2011-01-25 01:00:00,0.0
2011-01-25 02:00:00,0.0
2011-01-25 04:00:00,0.0
2011-01-25 05:00:00,0.0
2011-01-25 06:00:00,0.0
2011-01-25 07:00:00,2.605326051320347
2011-01-25 08:00:00,31.642617089969278
2011-01-25 09:00:00,61.86048870516821
2011-01-25 10:00:00,83.40809640377333
2011-01-25 11:00:00,98.64125056691998
2011-01-25 12:00:00,118.31467660093396
2011-01-25 13:00:00,122.69008888672249
2011-01-25 14:00:00,138.20189617143555
2011-01-25 15:00:00,139.23493287222627
2011-01-25 16:00:00,133.45045794254523
2011-01-25 17:00:00,171.31467834300503
2011-01-25 18:00:00,105.96630855671691
2011-01-25 19:00:00,80.4477361974298
2011-01-25 20:00:00,93.47740219109411
2011-01-25 21:00:00,73.23400423014672
2011-01-25 22:00:00,55.53157864541451
2011-01-25 23:00:00,36.40496198810294
2011-01-26 00:00:00,0.0
2011-01-26 01:00:00,0.0
2011-01-26 02:00:00,0.0
2011-01-26 05:00:00,0.0
2011-01-26 06:00:00,0.0
2011-01-26 07:00:00,0.0
2011-01-26 08:00:00,0.0
2011-01-26 09:00:00,5.42471633772044
2011-01-26 10:00:00,14.435853492709242
2011-01-26 11:00:00,18.643317564483553
2011-01-26 12:00:00,22.713823119382056
2011-01-26 13:00:00,23.855142500659937
2011-01-26 14:00:00,21.87768790728356
2011-01-26 15:00:00,14.355860227900862
2011-01-26 16:00:00,79.26406009284096
2011-01-26 17:00:00,3.859057137255107
2011-01-27 16:00:00,174.8371081932614
2011-01-27 17:00:00,166.6590429890347
2011-01-27 18:00:00,145.98592843471425
2011-01-27 19:00:00,126.82996013354352
2011-01-27 20:00:00,103.08771136829887
2011-01-27 21:00:00,82.84431340735152
2011-01-27 22:00:00,64.62131901744726
2011-01-27 23:00:00,45.64337570419178
2011-01-28 00:00:00,0.0
2011-01-28 01:00:00,0.0
2011-01-28 02:00:00,0.0
2011-01-28 03:00:00,0.0
2011-01-28 05:00:00,0.0
2011-01-28 06:00:00,0.0
2011-01-28 07:00:00,20.134283497210845
2011-01-28 08:00:00,42.288957391348575
2011-01-28 09:00:00,12.375546172087766
2011-01-28 10:00:00,22.020196947442898
2011-01-28 11:00:00,27.81917608774691
2011-01-28 12:00:00,31.889681642645414
2011-01-28 13:00:00,33.03100102392328
2011-01-28 14:00:00,44.27535830239816
2011-01-28 15:00:00,127.63443647143615
2011-01-28 16:00:00,177.55016642964648
2011-01-28 17:00:00,160.5237654186035
2011-01-28 18:00:00,141.3468458577351
2011-01-28 19:00:00,86.74481869130386
2011-01-28 20:00:00,71.8938713190206
2011-01-28 21:00:00,60.23021962779917
2011-01-28 22:00:00,60.35019372032326
2011-01-28 23:00:00,50.758756281175806
2011-01-29 00:00:00,12.760734547491708
2011-01-29 01:00:00,0.0
2011-01-29 02:00:00,0.0
2011-01-29 03:00:00,0.0
2011-01-29 04:00:00,0.0
2011-01-29 06:00:00,0.0
2011-01-29 07:00:00,0.0
2011-01-29 08:00:00,10.627496531799949
2011-01-29 09:00:00,48.54958469553286
2011-01-29 10:00:00,60.566872068555284
2011-01-29 11:00:00,86.12357099634617
2011-01-29 12:00:00,111.96083136471664
2011-01-29 13:00:00,138.8979273782574
2011-01-29 14:00:00,153.6895927672735
2011-01-29 15:00:00,208.74374333298817
2011-01-29 16:00:00,215.68138198429483
2011-01-29 17:00:00,213.65446936711362
2011-01-29 18:00:00,180.21783602658093
2011-01-29 19:00:00,107.96814518403991
2011-01-29 20:00:00,111.01146939375596
2011-01-29 21:00:00,69.56783886549809
2011-01-29 22:00:00,22.729571455123576
2011-01-29 23:00:00,0.0
2011-01-30 00:00:00,0.0
2011-01-30 01:00:00,0.0
2011-01-30 02:00:00,0.0
2011-01-30 03:00:00,0.0
2011-01-30 04:00:00,0.0
2011-01-30 05:00:00,0.0
2011-01-30 07:00:00,0.0
2011-01-30 08:00:00,0.0
2011-01-30 09:00:00,14.725387423675741
2011-01-30 10:00:00,45.49944690222404
2011-01-30 11:00:00,111.95074401627888
2011-01-30 12:00:00,154.76176212102945
2011-01-30 13:00:00,176.08505602173406
2011-01-30 14:00:00,197.92134377484257
2011-01-30 15:00:00,214.53009665917187
2011-01-30 16:00:00,214.0860204990971
2011-01-30 17:00:00,193.687642587104
2011-01-30 18:00:00,166.93462755045516
2011-01-30 19:00:00,136.69071338280065
2011-01-30 20:00:00,72.77842501369074
2011-01-30 21:00:00,33.790718990221464
2011-01-30 22:00:00,0.0
2011-01-30 23:00:00,0.0
2011-01-31 00:00:00,0.0
2011-01-31 01:00:00,0.0
2011-01-31 02:00:00,0.0
2011-01-31 03:00:00,0.0
2011-01-31 04:00:00,0.0
2011-01-31 05:00:00,0.0
2011-01-31 06:00:00,0.0
2011-01-31 07:00:00,7.855289530323745
2011-01-31 08:00:00,30.89992327342118
2011-01-31 09:00:00,51.70331352571982
2011-01-31 10:00:00,74.18776107267368
2011-01-31 11:00:00,89.76349207120043
2011-01-31 12:00:00,112.27437666010087
2011-01-31 13:00:00,122.41868582163112
2011-01-31 14:00:00,119.52745324993299
2011-01-31 15:00:00,114.73320460716192
2011-01-31 16:00:00,108.61237134378271
2011-01-31 17:00:00,94.6347342676705
2011-01-31 18:00:00,83.51435332236929
2011-01-31 19:00:00,134.812291979804
2011-01-31 20:00:00,0.0
2011-01-31 21:00:00,0.0
2011-01-31 22:00:00,42.74648458205168
2011-01-31 23:00:00,38.1652670285159
2011-02-20 00:00:00,3.029274667832169
2011-02-20 01:00:00,0.0
2011-02-20 02:00:00,0.0
2011-02-20 03:00:00,0.0
2011-02-20 04:00:00,0.0
2011-02-20 06:00:00,0.0
2011-02-20 07:00:00,0.0
2011-02-20 08:00:00,0.7297501407703777
2011-02-20 09:00:00,32.08592547119228
2011-02-20 10:00:00,54.35025946927861
2011-02-20 11:00:00,91.13533337898575
2011-02-20 12:00:00,160.31470270741522
2011-02-20 13:00:00,192.31842207899382
2011-02-20 14:00:00,212.00601765350086
2011-02-20 15:00:00,225.21546341914572
2011-02-20 16:00:00,224.41540331948704
2011-02-20 17:00:00,209.33701853463202
2011-02-20 18:00:00,140.99789269630358
2011-02-20 19:00:00,117.71126620707116
2011-02-20 20:00:00,94.0836875502147
2011-02-20 21:00:00,57.09717351666502
2011-02-20 22:00:00,11.95979867465357
2011-02-20 23:00:00,0.0
2011-02-21 00:00:00,27.302519958402613
2011-02-21 01:00:00,0.0
2011-02-21 02:00:00,0.0
2011-02-21 03:00:00,0.0
2011-02-21 04:00:00,0.0
2011-02-21 05:00:00,0.0
2011-02-21 06:00:00,0.0
2011-02-21 07:00:00,9.75190050755458
2011-02-21 08:00:00,8.844207180420725
2011-02-21 09:00:00,35.732352028438456
2011-02-21 10:00:00,64.66610277766506
2011-02-21 11:00:00,99.39984358035595
2011-02-21 12:00:00,120.0345730970565
2011-02-21 13:00:00,45.741350960344306
2011-02-21 14:00:00,151.7469146823198
2011-02-21 15:00:00,153.4397623051027
2011-02-21 16:00:00,58.18364037234801
2011-02-21 17:00:00,142.61378807438012
2011-02-21 18:00:00,117.8552336295097
2011-02-21 19:00:00,94.56860714027727
2011-02-21 20:00:00,0.0
2011-02-21 21:00:00,0.0
2011-02-21 22:00:00,0.0
2011-02-21 23:00:00,0.0
2011-02-22 06:00:00,0.0
2011-02-22 07:00:00,1.971317671896557
2011-02-22 08:00:00,24.56188761072295
2011-02-22 09:00:00,46.74231014397121
2011-02-22 10:00:00,103.25382108524485
2011-02-22 11:00:00,134.832282846797
2011-02-22 12:00:00,153.58396347747922
2011-02-22 13:00:00,166.82789678885422
2011-02-22 14:00:00,173.22843369035127
2011-02-22 15:00:00,174.7825872943549
2011-02-22 16:00:00,168.49679566295057
2011-02-22 17:00:00,153.76047049540125
2011-02-22 18:00:00,141.85523662332656
2011-02-22 19:00:00,113.84888018830122
2011-02-22 20:00:00,96.35640600929008
2011-02-22 21:00:00,75.67856984995736
2011-02-22 22:00:00,51.401858071010764
2011-02-22 23:00:00,36.76376363196562
2011-02-23 00:00:00,0.0
2011-02-23 01:00:00,0.0
2011-02-23 02:00:00,0.0
2011-02-23 03:00:00,0.0
2011-02-23 05:00:00,0.0
2011-02-23 06:00:00,0.0
2011-02-23 07:00:00,17.992552694525415
2011-02-23 08:00:00,47.678580629685115
2011-02-23 09:00:00,87.96198115065107
2011-02-23 10:00:00,125.5913863325822
2011-02-23 11:00:00,148.18020616567753
2011-02-23 12:00:00,173.1418394702706
2011-02-23 13:00:00,192.26509757588997
2011-02-23 14:00:00,200.981066682985
2011-02-23 15:00:00,204.4172730424027
2011-02-23 16:00:00,201.81345448594885
2011-02-23 17:00:00,186.65569912611613
2011-02-23 18:00:00,168.06479462311927
2011-02-23 19:00:00,148.87725145816233
2011-02-23 20:00:00,107.69102333505822
2011-02-23 21:00:00,98.55927548603009
2011-02-23 22:00:00,80.33628109612579
2011-02-23 23:00:00,58.67099793897992
2011-02-24 00:00:00,0.0
2011-02-24 01:00:00,0.0
2011-02-24 02:00:00,0.0
2011-02-24 03:00:00,0.0
2011-02-24 05:00:00,0.0
2011-02-24 06:00:00,0.0
2011-02-24 07:00:00,27.14408382969124
2011-02-24 08:00:00,61.661109741855626
2011-02-24 09:00:00,71.82324119177706
2011-02-24 10:00:00,96.18208922853051
2011-02-24 11:00:00,119.40581277642573
2011-02-24 12:00:00,138.94087246377651
2011-02-24 13:00:00,155.7172618066062
2011-02-24 14:00:00,161.36587996682215
2011-02-24 15:00:00,67.05326847626083
2011-02-24 16:00:00,59.38755387432458
2011-02-24 17:00:00,46.868623510916805
2011-02-24 18:00:00,110.68738241862829
2011-02-24 19:00:00,21.084634040505264
2011-02-24 20:00:00,83.86564431538025
2011-02-24 21:00:00,73.81586961018682
2011-02-24 22:00:00,16.50341725267471
2011-02-24 23:00:00,58.76400962837366
2011-02-25 00:00:00,0.0
2011-02-25 01:00:00,0.0
2011-02-25 02:00:00,0.0
2011-02-25 03:00:00,0.0
2011-02-25 05:00:00,0.9730600826637357
2011-02-25 06:00:00,0.0
2011-02-25 07:00:00,5.707396934535922
2011-02-25 08:00:00,23.523296218740626
2011-02-25 09:00:00,25.91473085549366
2011-02-25 10:00:00,53.933104921439096
2011-02-25 11:00:00,177.16244359205749
2011-02-25 12:00:00,82.85746545082776
2011-02-25 13:00:00,83.99878483210563
2011-02-25 14:00:00,83.2688347079463
2011-02-25 15:00:00,211.05381232656228
2011-02-25 16:00:00,183.7971325350159
2011-02-25 17:00:00,165.79668949436314
2011-02-25 18:00:00,155.57327137315008
2011-02-25 19:00:00,134.24431353157905
2011-02-25 20:00:00,109.64000195635444
2011-02-25 21:00:00,92.74539523336766
2011-02-25 22:00:00,66.97824239299763
2011-02-25 23:00:00,56.27962600569781
2011-02-26 00:00:00,26.581990567787685
2011-02-26 01:00:00,0.0
2011-02-26 02:00:00,0.0
2011-02-26 03:00:00,0.0
2011-02-26 04:00:00,0.0
2011-02-26 05:00:00,0.0
2011-02-26 06:00:00,0.0
2011-02-26 07:00:00,0.0
2011-02-26 08:00:00,23.697064159370655
2011-02-26 09:00:00,44.394882241550164
2011-02-26 10:00:00,81.32579589293837
2011-02-26 11:00:00,149.37326650090523
2011-02-26 12:00:00,137.79379289486775
2011-02-26 13:00:00,158.43053362435637
2011-02-26 14:00:00,171.45639388222799
2011-02-26 15:00:00,183.802145304906
2011-02-26 16:00:00,234.9560835511233
2011-02-26 17:00:00,227.5565441775733
2011-02-26 18:00:00,204.14914388217673
2011-02-26 19:00:00,168.46034311866322
2011-02-26 20:00:00,131.65125398363352
2011-02-26 21:00:00,82.82590924836805
2011-02-26 22:00:00,37.98631693122144
2011-02-26 23:00:00,0.0
2011-02-27 00:00:00,3.2023916573681532
2011-02-27 01:00:00,0.0
2011-02-27 02:00:00,0.0
2011-02-27 03:00:00,0.0
2011-02-27 04:00:00,0.0
2011-02-27 06:00:00,0.0
2011-02-27 07:00:00,0.0
2011-02-27 08:00:00,9.72348488052674
2011-02-27 09:00:00,43.87127494321135
2011-02-27 10:00:00,81.3561734551244
2011-02-27 11:00:00,128.73775216393597
2011-02-27 12:00:00,173.05461899789594
2011-02-27 13:00:00,205.2832338166524
2011-02-27 14:00:00,225.70239818946848
2011-02-27 15:00:00,237.79847058764972
2011-02-27 16:00:00,239.20916931148878
2011-02-27 17:00:00,219.13460659893215
2011-02-27 18:00:00,195.83975141625416
2011-02-27 19:00:00,166.90060969005907
2011-02-27 20:00:00,130.77621056269697
2011-02-27 21:00:00,84.53042000523433
2011-02-27 22:00:00,28.8873131427503
2011-02-27 23:00:00,0.0
2011-02-28 00:00:00,0.0
2011-02-28 01:00:00,0.0
2011-02-28 03:00:00,0.0
2011-02-28 05:00:00,2.364933635828123
2011-02-28 06:00:00,18.988062035246102
2011-02-28 07:00:00,43.89980586674025
2011-02-28 08:00:00,54.3680906162533
2011-02-28 09:00:00,110.83727708081602
2011-02-28 10:00:00,124.39944364402601
2011-02-28 11:00:00,148.79420823410288
2011-02-28 12:00:00,160.43018488397925
2011-02-28 13:00:00,67.67358649388513
2011-02-28 14:00:00,59.40819014182354
2011-02-28 15:00:00,55.608621414993465
2011-02-28 16:00:00,52.52784774306937
2011-02-28 17:00:00,41.404024619826544
2011-02-28 18:00:00,44.16784174282472
2011-02-28 19:00:00,30.756979442763665
2011-02-28 20:00:00,25.946138900492073
2011-02-28 21:00:00,79.43926551031959
2011-02-28 22:00:00,4.439316468187386
2011-02-28 23:00:00,49.48233410785795
2011-03-20 00:00:00,30.69712129862016
2011-03-20 01:00:00,0.0
2011-03-20 02:00:00,0.0
2011-03-20 03:00:00,0.0
2011-03-20 04:00:00,0.0
2011-03-20 05:00:00,0.0
2011-03-20 06:00:00,0.0
2011-03-20 07:00:00,0.0
2011-03-20 08:00:00,22.117632926805484
2011-03-20 09:00:00,63.10266987552468
2011-03-20 10:00:00,86.10479177797566
2011-03-20 11:00:00,146.73561743744636
2011-03-20 12:00:00,182.1250744339352
2011-03-20 13:00:00,216.59172594768967
2011-03-20 14:00:00,239.0290896961838
2011-03-20 15:00:00,247.30442417902339
2011-03-20 16:00:00,250.44278338290854
2011-03-20 17:00:00,232.49549118956094
2011-03-20 18:00:00,207.20865696325126
2011-03-20 19:00:00,169.0945905062892
2011-03-20 20:00:00,131.78455817197323
2011-03-20 21:00:00,64.88466452314398
2011-03-20 22:00:00,27.453413568311632
2011-03-20 23:00:00,0.0
2011-03-21 00:00:00,0.0
2011-03-21 01:00:00,0.0
2011-03-21 02:00:00,0.0
2011-03-21 03:00:00,0.0
2011-03-21 05:00:00,0.0
2011-03-21 06:00:00,0.0
2011-03-21 07:00:00,1.9378015883858097
2011-03-21 08:00:00,66.0828113599245
2011-03-21 09:00:00,98.66377784447457
2011-03-21 10:00:00,135.35602092564878
2011-03-21 11:00:00,161.83225600861613
2011-03-21 12:00:00,179.23743658192592
2011-03-21 13:00:00,198.03671357595925
2011-03-21 14:00:00,206.14485705452125
2011-03-21 15:00:00,207.5264784129624
2011-03-21 16:00:00,197.68083909385763
2011-03-21 17:00:00,186.97050464440042
2011-03-21 18:00:00,169.52095921316854
2011-03-21 19:00:00,195.73416769650098
2011-03-21 20:00:00,171.02972530165482
2011-03-21 21:00:00,131.3831349297277
2011-03-21 22:00:00,108.61286141541332
2011-03-21 23:00:00,91.17866339516885
2011-03-22 00:00:00,0.0
2011-03-22 01:00:00,0.0
2011-03-22 02:00:00,0.0
2011-03-22 03:00:00,0.0
2011-03-22 04:00:00,0.0
2011-03-22 05:00:00,6.156199203317399
2011-03-22 06:00:00,21.279695834981922
2011-03-22 07:00:00,59.91378337142146
2011-03-22 08:00:00,87.7908233873602
2011-03-22 09:00:00,112.07772586193032
2011-03-22 10:00:00,143.08978708008988
2011-03-22 11:00:00,196.75933679658323
2011-03-22 12:00:00,223.9313407725691
2011-03-22 13:00:00,244.92272876311785
2011-03-22 14:00:00,252.86636450918414
2011-03-22 15:00:00,255.31088083138812
2011-03-22 16:00:00,250.23483962661285
2011-03-22 17:00:00,236.481935661536
2011-03-22 18:00:00,215.17179997744637
2011-03-22 19:00:00,145.55463723889847
2011-03-22 20:00:00,126.42099275444389
2011-03-22 21:00:00,108.94806271413323
2011-03-22 22:00:00,92.42790102986818
2011-03-22 23:00:00,81.56662349396215
2011-03-23 00:00:00,0.0
2011-03-23 01:00:00,0.0
2011-03-23 02:00:00,0.0
2011-03-23 03:00:00,0.0
2011-03-23 05:00:00,0.0
2011-03-23 06:00:00,23.156675580303798
2011-03-23 07:00:00,47.53713710006379
2011-03-23 08:00:00,78.74120091719979
2011-03-23 09:00:00,103.42069503187972
2011-03-23 10:00:00,129.13456597998152
2011-03-23 11:00:00,152.30967698868986
2011-03-23 12:00:00,165.7384459104122
2011-03-23 13:00:00,95.51202102715678
2011-03-23 14:00:00,188.95177504163215
2011-03-23 15:00:00,190.96952944931442
2011-03-23 16:00:00,187.30170019094274
2011-03-23 17:00:00,176.15546969679684
2011-03-23 18:00:00,75.33260854541544
2011-03-23 19:00:00,64.96168318985268
2011-03-23 20:00:00,35.95735420612344
2011-03-23 21:00:00,27.4805895511535
2011-03-23 22:00:00,82.0916497954601
2011-03-23 23:00:00,34.017116332485415
2011-03-24 00:00:00,0.0
2011-03-24 01:00:00,0.0
2011-03-24 02:00:00,0.0
2011-03-24 03:00:00,0.0
2011-03-24 04:00:00,0.0
2011-03-24 05:00:00,0.0
2011-03-24 06:00:00,23.507210764603087
2011-03-24 07:00:00,10.646104585150809
2011-03-24 08:00:00,24.801415629487906
2011-03-24 09:00:00,102.71774424983255
2011-03-24 10:00:00,121.18989759080603
2011-03-24 11:00:00,150.22608472368734
2011-03-24 12:00:00,167.7971090263131
2011-03-24 13:00:00,183.86476307768686
2011-03-24 14:00:00,190.34290542118353
2011-03-24 15:00:00,185.33100156744968
2011-03-24 16:00:00,180.148607551599
2011-03-24 17:00:00,168.11241720849335
2011-03-24 18:00:00,151.7389451435477
2011-03-24 19:00:00,172.92963669067183
2011-03-24 20:00:00,146.3209984835433
2011-03-24 21:00:00,121.42645537435727
2011-03-24 22:00:00,98.89446032905387
2011-03-24 23:00:00,75.11258182581895
2011-03-25 00:00:00,0.0
2011-03-25 01:00:00,0.0
2011-03-25 02:00:00,0.0
2011-03-25 03:00:00,0.0
2011-03-25 04:00:00,0.0
2011-03-25 05:00:00,0.0
2011-03-25 06:00:00,5.935949622714929
2011-03-25 07:00:00,39.52797861096397
2011-03-25 08:00:00,81.37161631288683
2011-03-25 09:00:00,116.63249388676158
2011-03-25 10:00:00,160.4318699459701
2011-03-25 11:00:00,189.6422455463449
2011-03-25 12:00:00,215.98314240865744
2011-03-25 13:00:00,236.25967185954448
2011-03-25 14:00:00,245.80812478548464
2011-03-25 15:00:00,192.68372488017212
2011-03-25 16:00:00,183.68099204708165
2011-03-25 17:00:00,169.5518982366107
2011-03-25 18:00:00,201.30371971006912
2011-03-25 19:00:00,139.48443843759347
2011-03-25 20:00:00,125.70117567474715
2011-03-25 21:00:00,108.47580481605826
2011-03-25 22:00:00,85.63277123599329
2011-03-25 23:00:00,73.6535978578962
2011-03-26 00:00:00,41.302452019943544
2011-03-26 01:00:00,0.0
2011-03-26 02:00:00,0.0
2011-03-26 03:00:00,0.0
2011-03-26 04:00:00,0.0
2011-03-26 05:00:00,0.0
2011-03-26 06:00:00,0.0
2011-03-26 07:00:00,2.0206120705171884
2011-03-26 08:00:00,44.133560970736355
2011-03-26 09:00:00,87.44631775432958
2011-03-26 10:00:00,131.7961735324215
2011-03-26 11:00:00,175.96974131249044
2011-03-26 12:00:00,215.36657335519777
2011-03-26 13:00:00,247.98440483599518
2011-03-26 14:00:00,272.00024276572265
2011-03-26 15:00:00,285.2627497165833
2011-03-26 16:00:00,285.16430824174546
2011-03-26 17:00:00,267.50668383020457
2011-03-26 18:00:00,201.7749830347788
2011-03-26 19:00:00,162.9247563380256
2011-03-26 20:00:00,129.10012280326865
2011-03-26 21:00:00,90.40219650115674
2011-03-26 22:00:00,52.49816035568416
2011-03-26 23:00:00,8.127551957245572
2011-03-27 00:00:00,26.588099406177093
2011-03-27 01:00:00,0.0
2011-03-27 02:00:00,0.0
2011-03-27 03:00:00,0.0
2011-03-27 04:00:00,0.0
2011-03-27 06:00:00,0.0
2011-03-27 07:00:00,0.0
2011-03-27 08:00:00,16.296021632253513
2011-03-27 09:00:00,65.07172872817048
2011-03-27 10:00:00,80.29325675589698
2011-03-27 11:00:00,119.71712815412585
2011-03-27 12:00:00,151.46857820549815
2011-03-27 13:00:00,227.03375156817162
2011-03-27 14:00:00,253.92627548437318
2011-03-27 15:00:00,260.6290646256079
2011-03-27 16:00:00,267.9084620870441
2011-03-27 17:00:00,247.70014552787092
2011-03-27 18:00:00,222.14671648578428
2011-03-27 19:00:00,187.9966723969449
2011-03-27 20:00:00,144.50601475627207
2011-03-27 21:00:00,95.17856915371755
2011-03-27 22:00:00,46.50512343763195
2011-03-27 23:00:00,0.0
2011-03-28 00:00:00,0.0
2011-03-28 01:00:00,0.0
2011-03-28 02:00:00,0.0
2011-03-28 03:00:00,0.0
2011-03-28 05:00:00,0.0
2011-03-28 06:00:00,5.400661541810081
2011-03-28 07:00:00,40.1679110774152
2011-03-28 08:00:00,78.91098120118771
2011-03-28 09:00:00,101.0220400255445
2011-03-28 10:00:00,152.25185995822932
2011-03-28 11:00:00,149.16649067501734
2011-03-28 12:00:00,174.62306459854676
2011-03-28 13:00:00,183.46899985818925
2011-03-28 14:00:00,240.9836500430508
2011-03-28 15:00:00,240.67839879564147
2011-03-28 16:00:00,236.68102630365652
2011-03-28 17:00:00,219.64175943071575
2011-03-28 18:00:00,201.2279353389859
2011-03-28 19:00:00,180.23768216391932
2011-03-28 20:00:00,159.14189124136442
2011-03-28 21:00:00,133.4047369601539
2011-03-28 22:00:00,102.37848700176545
2011-03-28 23:00:00,77.58751062381292
2011-03-29 00:00:00,0.0
2011-03-29 01:00:00,0.0
2011-03-29 02:00:00,0.0
2011-03-29 03:00:00,0.0
2011-03-29 04:00:00,0.0
2011-03-29 05:00:00,0.0
2011-03-29 06:00:00,6.862545121196462
2011-03-29 07:00:00,37.115702771165886
2011-03-29 08:00:00,75.31699483438855
2011-03-29 09:00:00,117.22532760679672
2011-03-29 10:00:00,154.29361027762351
2011-03-29 11:00:00,152.80126001069203
2011-03-29 12:00:00,216.88199196246643
2011-03-29 13:00:00,227.2143608311764
2011-03-29 14:00:00,240.75593868922033
2011-03-29 15:00:00,250.44995180090797
2011-03-29 16:00:00,245.0375522624345
2011-03-29 17:00:00,233.8475392677026
2011-03-29 18:00:00,209.18001320012064
2011-03-29 19:00:00,179.93005991373172
2011-03-29 20:00:00,160.27780506427982
2011-03-29 21:00:00,132.79329572206694
2011-03-29 22:00:00,108.14502264514587
2011-03-29 23:00:00,77.36167497673891
2011-03-30 00:00:00,0.0
2011-03-30 01:00:00,0.0
2011-03-30 02:00:00,0.0
2011-03-30 03:00:00,0.0
2011-03-30 04:00:00,0.0
2011-03-30 05:00:00,4.139131575429047
2011-03-30 06:00:00,33.020001496047215
2011-03-30 07:00:00,64.90674839906353
2011-03-30 08:00:00,88.64150895172808
2011-03-30 09:00:00,112.96501912682413
2011-03-30 10:00:00,138.93679414982262
2011-03-30 11:00:00,159.25484477794265
2011-03-30 12:00:00,178.79296961219703
2011-03-30 13:00:00,190.2824951116018
2011-03-30 14:00:00,191.74024567994695
2011-03-30 15:00:00,84.68137836121588
2011-03-30 16:00:00,80.2540109640693
2011-03-30 17:00:00,73.2494073861609
2011-03-30 18:00:00,142.22157038939633
2011-03-30 19:00:00,125.32779555379682
2011-03-30 20:00:00,32.01369778894869
2011-03-30 21:00:00,86.53833274464766
2011-03-30 22:00:00,21.629058977569272
2011-03-30 23:00:00,16.229445702671057
2011-03-31 00:00:00,0.0
2011-03-31 01:00:00,0.0
2011-03-31 02:00:00,0.0
2011-03-31 03:00:00,0.0
2011-03-31 04:00:00,0.0
2011-03-31 05:00:00,0.0
2011-03-31 06:00:00,0.0
2011-03-31 07:00:00,10.204430460093619
2011-03-31 08:00:00,73.10349644308864
2011-03-31 09:00:00,49.5764461251364
2011-03-31 10:00:00,65.0404175595958
2011-03-31 11:00:00,82.08778725876041
2011-03-31 12:00:00,90.57132484338555
2011-03-31 13:00:00,100.9692545931961
2011-03-31 14:00:00,101.52437232196854
2011-03-31 15:00:00,91.6525851691137
2011-03-31 16:00:00,178.5005210018397
2011-03-31 17:00:00,167.3542905076938
2011-03-31 18:00:00,156.5902658218246
2011-03-31 19:00:00,139.69649098622511
2011-03-31 20:00:00,44.239897275208165
2011-03-31 21:00:00,99.83761972076853
2011-03-31 22:00:00,33.189135313845455
2011-03-31 23:00:00,29.160949366867072
2011-04-20 00:00:00,0.0
2011-04-20 01:00:00,0.0
2011-04-20 02:00:00,0.0
2011-04-20 03:00:00,0.0
2011-04-20 04:00:00,0.5938470005159928
2011-04-20 05:00:00,24.00114163348445
2011-04-20 06:00:00,55.49816196616763
2011-04-20 07:00:00,92.9707897710096
2011-04-20 08:00:00,146.31631560753726
2011-04-20 09:00:00,187.05191999245363
2011-04-20 10:00:00,220.42100008736722
2011-04-20 11:00:00,249.70429698355167
2011-04-20 12:00:00,277.56123716478
2011-04-20 13:00:00,294.23464689762
2011-04-20 14:00:00,302.648541378285
2011-04-20 15:00:00,255.0880623104773
2011-04-20 16:00:00,248.58127024728157
2011-04-20 17:00:00,234.43771058440532
2011-04-20 18:00:00,266.888538032377
2011-04-20 19:00:00,243.31063260996996
2011-04-20 20:00:00,218.22914690572156
2011-04-20 21:00:00,189.85326682423948
2011-04-20 22:00:00,166.85247089064066
2011-04-20 23:00:00,146.97716464580222
2011-04-21 00:00:00,7.579701008775345
2011-04-21 01:00:00,0.0
2011-04-21 02:00:00,0.0
2011-04-21 03:00:00,14.310703599472731
2011-04-21 04:00:00,28.635405009417397
2011-04-21 05:00:00,46.37984668493338
2011-04-21 06:00:00,68.05568580321835
2011-04-21 07:00:00,100.29579721694373
2011-04-21 08:00:00,125.07224436361378
2011-04-21 09:00:00,157.0888924388637
2011-04-21 10:00:00,205.20224396831264
2011-04-21 11:00:00,237.8780786847168
2011-04-21 12:00:00,265.52374798848876
2011-04-21 13:00:00,282.4643449263315
2011-04-21 14:00:00,292.1056730707785
2011-04-21 15:00:00,295.2532726426739
2011-04-21 16:00:00,289.66288113440845
2011-04-21 17:00:00,276.61120407209
2011-04-21 18:00:00,256.16767775507856
2011-04-21 19:00:00,228.68952141032696
2011-04-21 20:00:00,203.26797304770798
2011-04-21 21:00:00,172.12005869697657
2011-04-21 22:00:00,151.84164867737874
2011-04-21 23:00:00,129.58583898997395
2011-04-22 00:00:00,0.0
2011-04-22 01:00:00,0.0
2011-04-22 02:00:00,0.0
2011-04-22 03:00:00,0.0
2011-04-22 04:00:00,0.0
2011-04-22 05:00:00,23.05290838300671
2011-04-22 06:00:00,51.48861114056329
2011-04-22 07:00:00,85.98968032475798
2011-04-22 08:00:00,113.92698275754508
2011-04-22 09:00:00,83.12158304956795
2011-04-22 10:00:00,168.21018487432588
2011-04-22 11:00:00,115.82387805763837
2011-04-22 12:00:00,123.39783018741807
2011-04-22 13:00:00,125.07387447410065
2011-04-22 14:00:00,122.57431424660709
2011-04-22 15:00:00,122.53414195883687
2011-04-22 16:00:00,117.20760176644265
2011-04-22 17:00:00,102.33850793744895
2011-04-22 18:00:00,92.3752598770617
2011-04-22 19:00:00,82.00433452149892
2011-04-22 20:00:00,73.33747996545682
2011-04-22 21:00:00,65.46941939392063
2011-04-22 22:00:00,59.086611506205585
2011-04-22 23:00:00,62.39187872617205
2011-04-23 00:00:00,67.63103212469034
2011-04-23 01:00:00,37.29368053055572
2011-04-23 02:00:00,0.0
2011-04-23 03:00:00,0.0
2011-04-23 04:00:00,0.0
2011-04-23 05:00:00,0.0
2011-04-23 06:00:00,16.136596825147038
2011-04-23 07:00:00,1.3815710660272913
2011-04-23 08:00:00,64.45853087511499
2011-04-23 09:00:00,105.54287802997227
2011-04-23 10:00:00,145.32589557517971
2011-04-23 11:00:00,182.20568794477083
2011-04-23 12:00:00,256.0892506206127
2011-04-23 13:00:00,287.28689530144106
2011-04-23 14:00:00,315.4441749478935
2011-04-23 15:00:00,332.680204357601
2011-04-23 16:00:00,333.0372604509668
2011-04-23 17:00:00,319.2957636092896
2011-04-23 18:00:00,289.9142165676079
2011-04-23 19:00:00,251.87688587857372
2011-04-23 20:00:00,177.34090658435196
2011-04-23 21:00:00,141.56180814097945
2011-04-23 22:00:00,104.9000114593781
2011-04-23 23:00:00,61.886366953949405
2011-04-24 00:00:00,71.04512618486164
2011-04-24 01:00:00,32.3981400326976
2011-04-24 02:00:00,5.2065760888328185
2011-04-24 03:00:00,0.0
2011-04-24 04:00:00,0.0
2011-04-24 05:00:00,0.0
2011-04-24 06:00:00,18.90389983054513
2011-04-24 07:00:00,40.79247745486556
2011-04-24 08:00:00,75.21540618671176
2011-04-24 09:00:00,120.39871166736783
2011-04-24 10:00:00,172.22450791129648
2011-04-24 11:00:00,222.14144755371308
2011-04-24 12:00:00,259.87606657782146
2011-04-24 13:00:00,293.20586352029136
2011-04-24 14:00:00,314.79757532006516
2011-04-24 15:00:00,321.75535621082724
2011-04-24 16:00:00,325.81427920168085
2011-04-24 17:00:00,306.1354981963927
2011-04-24 18:00:00,281.31363855698885
2011-04-24 19:00:00,122.44627422022955
2011-04-24 20:00:00,96.49702940817804
2011-04-24 21:00:00,61.697213248009334
2011-04-24 22:00:00,29.785384857689394
2011-04-24 23:00:00,0.3928027229109148
2011-04-25 00:00:00,0.0
2011-04-25 01:00:00,0.0
2011-04-25 02:00:00,0.0
2011-04-25 03:00:00,7.524413080128383
2011-04-25 04:00:00,27.21687680695115
2011-04-25 05:00:00,42.95575148588438
2011-04-25 06:00:00,71.06355578143251
2011-04-25 07:00:00,98.31332260594097
2011-04-25 08:00:00,137.94312479683578
2011-04-25 09:00:00,177.2981194928709
2011-04-25 10:00:00,216.79171516734127
2011-04-25 11:00:00,246.07501206352572
2011-04-25 12:00:00,270.83360680359647
2011-04-25 13:00:00,293.07093616519364
2011-04-25 14:00:00,305.73296804262327
2011-04-25 15:00:00,306.7602123077229
2011-04-25 16:00:00,296.1084267155354
2011-04-25 17:00:00,283.2258569935326
2011-04-25 18:00:00,260.6501784148796
2011-04-25 19:00:00,235.89698131155632
2011-04-25 20:00:00,210.35254475606524
2011-04-25 21:00:00,182.55505043565893
2011-04-25 22:00:00,156.01662713815998
2011-04-25 23:00:00,129.81210237035128
2011-04-26 00:00:00,4.120083368773592
2011-04-26 01:00:00,0.0
2011-04-26 02:00:00,0.0
2011-04-26 03:00:00,0.0
2011-04-26 04:00:00,12.23634283085498
2011-04-26 05:00:00,33.233953103904184
2011-04-26 06:00:00,64.7309734365873
2011-04-26 07:00:00,99.612224118093
2011-04-26 08:00:00,134.98901922889678
2011-04-26 09:00:00,178.7534348459626
2011-04-26 10:00:00,214.5154884377743
2011-04-26 11:00:00,245.8458681545103
2011-04-26 12:00:00,271.49442032604554
2011-04-26 13:00:00,290.8550661186639
2011-04-26 14:00:00,300.7106986194389
2011-04-26 15:00:00,298.8923404608539
2011-04-26 16:00:00,292.1737106346178
2011-04-26 17:00:00,276.5661840886819
2011-04-26 18:00:00,255.1331602117201
2011-04-26 19:00:00,227.20094006269744
2011-04-26 20:00:00,202.58569048556686
2011-04-26 21:00:00,175.5315649401843
2011-04-26 22:00:00,135.57082110339982
2011-04-26 23:00:00,124.2736475228051
2011-04-27 00:00:00,2.3776269055389605
2011-04-27 01:00:00,0.0
2011-04-27 02:00:00,0.0
2011-04-27 03:00:00,17.365298641377876
2011-04-27 04:00:00,16.746130497169148
2011-04-27 05:00:00,52.397679437277915
2011-04-27 06:00:00,69.2618445550905
2011-04-27 07:00:00,106.16597808192539
2011-04-27 08:00:00,133.01426932614245
2011-04-27 09:00:00,157.96238440975776
2011-04-27 10:00:00,189.14434255004068
2011-04-27 11:00:00,212.5433363591729
2011-04-27 12:00:00,270.09469300124573
2011-04-27 13:00:00,285.43298779270197
2011-04-27 14:00:00,301.021649680045
2011-04-27 15:00:00,302.2557461319857
2011-04-27 16:00:00,296.0710681327547
2011-04-27 17:00:00,136.9567839307762
2011-04-27 18:00:00,126.99353587038894
2011-04-27 19:00:00,232.53111794864625
2011-04-27 20:00:00,202.89031684288372
2011-04-27 21:00:00,175.4017530991158
2011-04-27 22:00:00,138.32697837891146
2011-04-27 23:00:00,127.03126264462004
2011-04-28 00:00:00,11.119869990627478
2011-04-28 01:00:00,10.416779165468569
2011-04-28 02:00:00,14.693542736784693
2011-04-28 03:00:00,29.188484907478667
2011-04-28 04:00:00,42.50554508026144
2011-04-28 05:00:00,63.97742506339197
2011-04-28 06:00:00,90.11662487956073
2011-04-28 07:00:00,117.1188301049522
2011-04-28 08:00:00,146.391247479123
2011-04-28 09:00:00,114.0960913418518
2011-04-28 10:00:00,192.33818783721367
2011-04-28 11:00:00,216.17944607827596
2011-04-28 12:00:00,235.73865436471942
2011-04-28 13:00:00,242.6000856238403
2011-04-28 14:00:00,298.00220673545084
2011-04-28 15:00:00,306.6911650360296
2011-04-28 16:00:00,295.8339826858092
2011-04-28 17:00:00,290.03073509659174
2011-04-28 18:00:00,270.61590938656053
2011-04-28 19:00:00,249.20938577269095
2011-04-28 20:00:00,214.71630218303227
2011-04-28 21:00:00,188.23683994022485
2011-04-28 22:00:00,162.82006144328355
2011-04-28 23:00:00,145.5834809987167
2011-04-29 00:00:00,6.339884433113369
2011-04-29 01:00:00,0.0
2011-04-29 02:00:00,0.0
2011-04-29 03:00:00,3.455747739940577
2011-04-29 04:00:00,20.935947182220715
2011-04-29 05:00:00,45.292030317064615
2011-04-29 06:00:00,76.30504284618193
2011-04-29 07:00:00,113.2240956356284
2011-04-29 08:00:00,149.38242825492506
2011-04-29 09:00:00,184.3184515534528
2011-04-29 10:00:00,219.8436604401861
2011-04-29 11:00:00,262.6471357788513
2011-04-29 12:00:00,273.2754130203273
2011-04-29 13:00:00,289.73160365397456
2011-04-29 14:00:00,310.8786610323384
2011-04-29 15:00:00,246.38583767844938
2011-04-29 16:00:00,236.89618229892852
2011-04-29 17:00:00,223.0090688646457
2011-04-29 18:00:00,253.24553841631254
2011-04-29 19:00:00,223.7188414047061
2011-04-29 20:00:00,202.7736617460729
2011-04-29 21:00:00,175.4238628426962
2011-04-29 22:00:00,147.68247426191618
2011-04-29 23:00:00,127.37239622807616
2011-04-30 00:00:00,92.62892460639746
2011-04-30 01:00:00,63.59634545372221
2011-04-30 02:00:00,39.723443014220095
2011-04-30 03:00:00,24.09531700761643
2011-04-30 04:00:00,18.857191749412323
2011-04-30 05:00:00,8.84453958405237
2011-04-30 06:00:00,26.55200529070494
2011-04-30 07:00:00,54.15195088727451
2011-04-30 08:00:00,91.49949855312192
2011-04-30 09:00:00,135.71292966221824
2011-04-30 10:00:00,183.065274362521
2011-04-30 11:00:00,227.49674621748665
2011-04-30 12:00:00,266.53613768305433
2011-04-30 13:00:00,300.91056134870837
2011-04-30 14:00:00,323.53097375546236
2011-04-30 15:00:00,337.59200030945607
2011-04-30 16:00:00,337.32628134136974
2011-04-30 17:00:00,322.269273499319
2011-04-30 18:00:00,296.20149415374226
2011-04-30 19:00:00,262.1313621700076
2011-04-30 20:00:00,208.22336926094675
2011-04-30 21:00:00,161.54242864101911
2011-04-30 22:00:00,112.41346127435915
2011-04-30 23:00:00,64.87170965795573
2011-05-20 00:00:00,17.17896775128031
2011-05-20 01:00:00,10.635047778050591
2011-05-20 02:00:00,8.530374423574216
2011-05-20 03:00:00,18.806749066687544
2011-05-20 04:00:00,35.27639157919913
2011-05-20 05:00:00,58.70328773568258
2011-05-20 06:00:00,90.833821688732
2011-05-20 07:00:00,128.7567908393445
2011-05-20 08:00:00,171.67131928044998
2011-05-20 09:00:00,203.77912075056298
2011-05-20 10:00:00,239.97707038706335
2011-05-20 11:00:00,238.9243627056919
2011-05-20 12:00:00,265.33785671263433
2011-05-20 13:00:00,191.18496178373556
2011-05-20 14:00:00,331.86944331763516
2011-05-20 15:00:00,280.45426274267766
2011-05-20 16:00:00,274.9158847872431
2011-05-20 17:00:00,315.48501446998705
2011-05-20 18:00:00,293.5702278000754
2011-05-20 19:00:00,259.29436937712467
2011-05-20 20:00:00,233.59156645772737
2011-05-20 21:00:00,206.33984983653312
2011-05-20 22:00:00,181.10249707331633
2011-05-20 23:00:00,157.7236088214213
2011-05-21 00:00:00,117.78736628260509
2011-05-21 01:00:00,83.77886415669963
2011-05-21 02:00:00,55.063850825879484
2011-05-21 03:00:00,33.455402935862864
2011-05-21 04:00:00,25.689690346865504
2011-05-21 05:00:00,33.55380536366921
2011-05-21 06:00:00,56.36740443630724
2011-05-21 07:00:00,89.92278124093676
2011-05-21 08:00:00,126.43403907081168
2011-05-21 09:00:00,179.14809348023448
2011-05-21 10:00:00,224.00968013294175
2011-05-21 11:00:00,268.638769563585
2011-05-21 12:00:00,308.40711100296073
2011-05-21 13:00:00,341.4034873234158
2011-05-21 14:00:00,365.22686743094613
2011-05-21 15:00:00,371.63660264306156
2011-05-21 16:00:00,319.1821125709075
2011-05-21 17:00:00,309.4712008761261
2011-05-21 18:00:00,287.5952344459955
2011-05-21 19:00:00,298.62050582126034
2011-05-21 20:00:00,253.7226220765254
2011-05-21 21:00:00,205.5182320696424
2011-05-21 22:00:00,153.2154014107635
2011-05-21 23:00:00,98.58368095135415
2011-05-22 00:00:00,98.61027660175614
2011-05-22 01:00:00,59.78529847980015
2011-05-22 02:00:00,33.02817273432069
2011-05-22 03:00:00,13.888237857139018
2011-05-22 04:00:00,10.919375658306478
2011-05-22 05:00:00,16.825603089769487
2011-05-22 06:00:00,38.31709522712572
2011-05-22 07:00:00,69.56748513630697
2011-05-22 08:00:00,118.16315327516435
2011-05-22 09:00:00,161.45114878176202
2011-05-22 10:00:00,204.3156207197278
2011-05-22 11:00:00,252.57034371730262
2011-05-22 12:00:00,252.19515501665614
2011-05-22 13:00:00,270.60536508903203
2011-05-22 14:00:00,195.89165375294897
2011-05-22 15:00:00,296.2079274639506
2011-05-22 16:00:00,349.9144074261659
2011-05-22 17:00:00,337.37587586776976
2011-05-22 18:00:00,309.4375502426254
2011-05-22 19:00:00,275.8033143035794
2011-05-22 20:00:00,232.06921723166747
2011-05-22 21:00:00,181.75889166894655
2011-05-22 22:00:00,128.22050579875108
2011-05-22 23:00:00,74.43368683041402
2011-05-23 00:00:00,24.910648576937717
2011-05-23 01:00:00,15.485939456370943
2011-05-23 02:00:00,4.437879102519062
2011-05-23 03:00:00,14.59944368473569
2011-05-23 04:00:00,55.86960464848309
2011-05-23 05:00:00,76.90704643322825
2011-05-23 06:00:00,100.41934279028513
2011-05-23 07:00:00,128.50537648194737
2011-05-23 08:00:00,163.79532738113653
2011-05-23 09:00:00,198.7313506796643
2011-05-23 10:00:00,243.09648002565757
2011-05-23 11:00:00,273.7345174691115
2011-05-23 12:00:00,297.34899724369234
2011-05-23 13:00:00,274.36096739380525
2011-05-23 14:00:00,277.297462183416
2011-05-23 15:00:00,277.2981238712889
2011-05-23 16:00:00,272.96789633892985
2011-05-23 17:00:00,171.50528771090097
2011-05-23 18:00:00,288.4809855891601
2011-05-23 19:00:00,265.9346955165979
2011-05-23 20:00:00,226.9811222879678
2011-05-23 21:00:00,200.43246241659904
2011-05-23 22:00:00,172.18481857999745
2011-05-23 23:00:00,151.99240233277817
2011-05-24 00:00:00,17.145567068313895
2011-05-24 01:00:00,16.882366592144535
2011-05-24 02:00:00,21.59502620814932
2011-05-24 03:00:00,38.68885345291581
2011-05-24 04:00:00,40.678464692188754
2011-05-24 05:00:00,73.94919190692261
2011-05-24 06:00:00,99.39977432580518
2011-05-24 07:00:00,97.6731298386417
2011-05-24 08:00:00,114.21674647671917
2011-05-24 09:00:00,191.58759512933676
2011-05-24 10:00:00,245.7151811334474
2011-05-24 11:00:00,279.64505952105424
2011-05-24 12:00:00,303.6902526180246
2011-05-24 13:00:00,323.91602679878906
2011-05-24 14:00:00,332.4132399777462
2011-05-24 15:00:00,185.26250978149199
2011-05-24 16:00:00,315.3316899760879
2011-05-24 17:00:00,307.83504791305035
2011-05-24 18:00:00,285.5135220334322
2011-05-24 19:00:00,257.8573761363839
2011-05-24 20:00:00,233.89378385683128
2011-05-24 21:00:00,203.74575322578204
2011-05-24 22:00:00,108.7747644175894
2011-05-24 23:00:00,117.71722617005253
2011-05-25 00:00:00,0.0
2011-05-25 01:00:00,0.5747247384228871
2011-05-25 02:00:00,33.49645246194123
2011-05-25 03:00:00,24.333707887698225
2011-05-25 04:00:00,41.47606706760617
2011-05-25 05:00:00,69.22985019364552
2011-05-25 06:00:00,97.46793537552439
2011-05-25 07:00:00,141.34485345132146
2011-05-25 08:00:00,177.89839713960276
2011-05-25 09:00:00,219.46772806706724
2011-05-25 10:00:00,255.22977924138374
2011-05-25 11:00:00,287.6362082420352
2011-05-25 12:00:00,312.0714065530623
2011-05-25 13:00:00,328.7448162859023
2011-05-25 14:00:00,337.24202946485934
2011-05-25 15:00:00,339.16331085409684
2011-05-25 16:00:00,328.13334238901245
2011-05-25 17:00:00,315.2507726670096
2011-05-25 18:00:00,295.01780174795954
2011-05-25 19:00:00,270.60242082463776
2011-05-25 20:00:00,244.6809409597445
2011-05-25 21:00:00,214.68463949123617
2011-05-25 22:00:00,189.5416417167107
2011-05-25 23:00:00,169.42171158443858
2011-05-26 00:00:00,43.28652231499565
2011-05-26 01:00:00,36.504323872754966
2011-05-26 02:00:00,32.1615897409099
2011-05-26 03:00:00,36.50363864722907
2011-05-26 04:00:00,54.517789916514374
2011-05-26 05:00:00,89.29754676724575
2011-05-26 06:00:00,105.15992846116444
2011-05-26 07:00:00,136.7747048872505
2011-05-26 08:00:00,175.4495047830485
2011-05-26 09:00:00,229.48472699300711
2011-05-26 10:00:00,258.56908607300085
2011-05-26 11:00:00,293.67420909033444
2011-05-26 12:00:00,322.7230830994352
2011-05-26 13:00:00,344.8231078844397
2011-05-26 14:00:00,353.7562171080855
2011-05-26 15:00:00,300.89492592385005
2011-05-26 16:00:00,290.9955936229393
2011-05-26 17:00:00,329.03592379362925
2011-05-26 18:00:00,308.96798293971665
2011-05-26 19:00:00,281.59600392481605
2011-05-26 20:00:00,253.26854255692268
2011-05-26 21:00:00,230.34776368059653
2011-05-26 22:00:00,201.8044464860008
2011-05-26 23:00:00,181.54202663734156
2011-05-27 00:00:00,43.5588180478116
2011-05-27 01:00:00,39.83795884557293
2011-05-27 02:00:00,39.593095629245354
2011-05-27 03:00:00,48.038148704696496
2011-05-27 04:00:00,61.6258993758061
2011-05-27 05:00:00,83.80541797981329
2011-05-27 06:00:00,115.2277089296908
2011-05-27 07:00:00,146.73602331449183
2011-05-27 08:00:00,181.95070310302276
2011-05-27 09:00:00,222.45210387661103
2011-05-27 10:00:00,257.95111772241626
2011-05-27 11:00:00,256.8643210002491
2011-05-27 12:00:00,275.12023671061314
2011-05-27 13:00:00,331.396561055239
2011-05-27 14:00:00,341.764322931259
2011-05-27 15:00:00,345.0739907742378
2011-05-27 16:00:00,281.55328614662403
2011-05-27 17:00:00,317.8514438834152
2011-05-27 18:00:00,254.43509285994037
2011-05-27 19:00:00,146.24197821370964
2011-05-27 20:00:00,208.05030008014865
2011-05-27 21:00:00,209.2003342153169
2011-05-27 22:00:00,188.4523361431111
2011-05-27 23:00:00,163.32497614034196
2011-05-28 00:00:00,123.40835920741148
2011-05-28 01:00:00,86.1161136025169
2011-05-28 02:00:00,56.08558927132327
2011-05-28 03:00:00,40.41667297302875
2011-05-28 04:00:00,35.48992318885544
2011-05-28 05:00:00,43.354038205659165
2011-05-28 06:00:00,64.23309775734283
2011-05-28 07:00:00,94.40106999536717
2011-05-28 08:00:00,136.15803616475006
2011-05-28 09:00:00,178.9709084972584
2011-05-28 10:00:00,229.128122126599
2011-05-28 11:00:00,271.0111688636249
2011-05-28 12:00:00,311.2979619640396
2011-05-28 13:00:00,343.96798247889217
2011-05-28 14:00:00,365.7850108430225
2011-05-28 15:00:00,376.9612539453783
2011-05-28 16:00:00,376.69553739478715
2011-05-28 17:00:00,361.61892561172624
2011-05-28 18:00:00,337.14266133467925
2011-05-28 19:00:00,299.45353298537833
2011-05-28 20:00:00,257.31761468322736
2011-05-28 21:00:00,204.41963929066117
2011-05-28 22:00:00,153.93743532448246
2011-05-28 23:00:00,101.98626520454354
2011-05-29 00:00:00,107.97199155268734
2011-05-29 01:00:00,69.75944359890866
2011-05-29 02:00:00,43.43821389811791
2011-05-29 03:00:00,27.137241825760356
2011-05-29 04:00:00,21.105604205497954
2011-05-29 05:00:00,21.996622584108678
2011-05-29 06:00:00,55.13844700745949
2011-05-29 07:00:00,76.15669038870593
2011-05-29 08:00:00,104.75705724247062
2011-05-29 09:00:00,133.40132601407487
2011-05-29 10:00:00,177.80434154314997
2011-05-29 11:00:00,210.2862459674227
2011-05-29 12:00:00,250.80802034886398
2011-05-29 13:00:00,323.5538577213467
2011-05-29 14:00:00,346.8577277719064
2011-05-29 15:00:00,357.28277586569374
2011-05-29 16:00:00,356.3336016712969
2011-05-29 17:00:00,343.245219973501
2011-05-29 18:00:00,318.64981646194843
2011-05-29 19:00:00,285.0155805229025
2011-05-29 20:00:00,239.34057796029003
2011-05-29 21:00:00,188.42675537781082
2011-05-29 22:00:00,132.9670896228006
2011-05-29 23:00:00,84.98944196170848
2011-05-30 00:00:00,111.44213495557577
2011-05-30 01:00:00,75.89055783682922
2011-05-30 02:00:00,47.8286596498904
2011-05-30 03:00:00,31.52768757753286
2011-05-30 04:00:00,25.713269056463105
2011-05-30 05:00:00,46.455152000773495
2011-05-30 06:00:00,62.35565674134345
2011-05-30 07:00:00,85.55046465342656
2011-05-30 08:00:00,117.03825847007471
2011-05-30 09:00:00,181.69461924733815
2011-05-30 10:00:00,232.7539939658464
2011-05-30 11:00:00,280.626117817404
2011-05-30 12:00:00,321.224460923332
2011-05-30 13:00:00,350.55451870115155
2011-05-30 14:00:00,376.0401082010379
2011-05-30 15:00:00,382.9838193225292
2011-05-30 16:00:00,379.5531702106429
2011-05-30 17:00:00,367.0509582912686
2011-05-30 18:00:00,343.6100583224331
2011-05-30 19:00:00,236.28897158391462
2011-05-30 20:00:00,258.3817009992508
2011-05-30 21:00:00,205.85042402281195
2011-05-30 22:00:00,156.45691296239474
2011-05-30 23:00:00,104.05022119188146
2011-05-31 00:00:00,40.752038460547
2011-05-31 01:00:00,28.23456803861764
2011-05-31 02:00:00,34.84739308600578
2011-05-31 03:00:00,43.82802891707513
2011-05-31 04:00:00,51.98333256193162
2011-05-31 05:00:00,75.62744781760773
2011-05-31 06:00:00,109.6008073966705
2011-05-31 07:00:00,152.48822791251735
2011-05-31 08:00:00,194.38842844641098
2011-05-31 09:00:00,232.2433266548676
2011-05-31 10:00:00,269.31422996331685
2011-05-31 11:00:00,303.4860887271118
2011-05-31 12:00:00,325.142680916352
2011-05-31 13:00:00,346.33168164758797
2011-05-31 14:00:00,355.83021472765506
2011-05-31 15:00:00,354.3574980328743
2011-05-31 16:00:00,349.80504416024775
2011-05-31 17:00:00,329.15426962509673
2011-05-31 18:00:00,310.17533995975407
2011-05-31 19:00:00,278.9786495384458
2011-05-31 20:00:00,253.49306571824116
2011-05-31 21:00:00,225.54384465278912
2011-05-31 22:00:00,196.60385854290547
2011-05-31 23:00:00,177.12519713098425
2011-06-20 00:00:00,53.45784036628271
2011-06-20 01:00:00,42.73988874829263
2011-06-20 02:00:00,43.697990815246115
2011-06-20 03:00:00,46.85445445991293
2011-06-20 04:00:00,58.95573753967062
2011-06-20 05:00:00,80.91117131273046
2011-06-20 06:00:00,102.0833890922016
2011-06-20 07:00:00,113.96890852952859
2011-06-20 08:00:00,134.48488604388132
2011-06-20 09:00:00,211.43055312835367
2011-06-20 10:00:00,235.80930913507174
2011-06-20 11:00:00,258.7369046461105
2011-06-20 12:00:00,280.3431957531054
2011-06-20 13:00:00,337.68522690586707
2011-06-20 14:00:00,349.08684914234783
2011-06-20 15:00:00,349.57347787921105
2011-06-20 16:00:00,346.3824017552193
2011-06-20 17:00:00,335.73524929933956
2011-06-20 18:00:00,311.37592372927594
2011-06-20 19:00:00,284.154216030613
2011-06-20 20:00:00,257.9566643312405
2011-06-20 21:00:00,230.87777750886255
2011-06-20 22:00:00,193.58578368946547
2011-06-20 23:00:00,184.11761933840836
2011-06-21 00:00:00,0.0
2011-06-21 01:00:00,0.0
2011-06-21 02:00:00,0.0
2011-06-21 03:00:00,0.0
2011-06-21 04:00:00,19.002901184080244
2011-06-21 05:00:00,42.114394038077265
2011-06-21 06:00:00,70.40999298075313
2011-06-21 07:00:00,98.38518427065563
2011-06-21 08:00:00,136.39786405443726
2011-06-21 09:00:00,166.56352022761155
2011-06-21 10:00:00,199.55602292981723
2011-06-21 11:00:00,262.1743835647216
2011-06-21 12:00:00,298.6752126106253
2011-06-21 13:00:00,322.62376515267033
2011-06-21 14:00:00,334.73352249231993
2011-06-21 15:00:00,339.89454037808713
2011-06-21 16:00:00,336.22564650876876
2011-06-21 17:00:00,317.9041909578125
2011-06-21 18:00:00,245.59109400650158
2011-06-21 19:00:00,222.90778726710238
2011-06-21 20:00:00,130.43906544283618
2011-06-21 21:00:00,199.47996714516688
2011-06-21 22:00:00,167.87742079408167
2011-06-21 23:00:00,144.6213038709161
2011-06-22 00:00:00,0.2851658957383023
2011-06-22 01:00:00,0.0
2011-06-22 02:00:00,0.0
2011-06-22 03:00:00,0.0
2011-06-22 04:00:00,14.889262436565986
2011-06-22 05:00:00,39.97391514112766
2011-06-22 06:00:00,77.4989494841115
2011-06-22 07:00:00,123.07356515888728
2011-06-22 08:00:00,166.59929798239034
2011-06-22 09:00:00,205.8709999866812
2011-06-22 10:00:00,244.1163388901827
2011-06-22 11:00:00,279.8811660558051
2011-06-22 12:00:00,276.72007303408645
2011-06-22 13:00:00,292.0227825699634
2011-06-22 14:00:00,296.9422924388179
2011-06-22 15:00:00,298.0469609536474
2011-06-22 16:00:00,291.8151044168717
2011-06-22 17:00:00,272.80474648269455
2011-06-22 18:00:00,258.25484675772464
2011-06-22 19:00:00,233.96320641741397
2011-06-22 20:00:00,238.33846585930502
2011-06-22 21:00:00,206.29459182136978
2011-06-22 22:00:00,163.02227395705125
2011-06-22 23:00:00,146.97110920991645
2011-06-23 00:00:00,16.260976853190513
2011-06-23 01:00:00,7.428534105157809
2011-06-23 02:00:00,6.711268709786253
2011-06-23 03:00:00,31.628258468331964
2011-06-23 04:00:00,45.2815870560748
2011-06-23 05:00:00,60.275404786644614
2011-06-23 06:00:00,93.29679255414248
2011-06-23 07:00:00,132.9171804589298
2011-06-23 08:00:00,164.65949445502764
2011-06-23 09:00:00,197.87059155580937
2011-06-23 10:00:00,231.99910692335055
2011-06-23 11:00:00,185.53186710498613
2011-06-23 12:00:00,276.2138297563274
2011-06-23 13:00:00,288.67880885124214
2011-06-23 14:00:00,296.7906790384516
2011-06-23 15:00:00,293.6469059220756
2011-06-23 16:00:00,284.25686506196786
2011-06-23 17:00:00,269.6781004822685
2011-06-23 18:00:00,295.8497315501196
2011-06-23 19:00:00,269.04278546309195
2011-06-23 20:00:00,238.64227032540097
2011-06-23 21:00:00,208.3601482258028
2011-06-23 22:00:00,166.323257706318
2011-06-23 23:00:00,154.32617697906426
2011-06-24 00:00:00,7.598923604467245
2011-06-24 01:00:00,0.0
2011-06-24 02:00:00,0.0
2011-06-24 03:00:00,2.1342237085817715
2011-06-24 04:00:00,21.074781827324202
2011-06-24 05:00:00,42.72373977515157
2011-06-24 06:00:00,79.59711682055737
2011-06-24 07:00:00,117.47537839289336
2011-06-24 08:00:00,165.47898966129463
2011-06-24 09:00:00,210.24254635196738
2011-06-24 10:00:00,254.08305382929717
2011-06-24 11:00:00,286.5811436929413
2011-06-24 12:00:00,314.72779473175433
2011-06-24 13:00:00,336.5244693728182
2011-06-24 14:00:00,344.20254949747283
2011-06-24 15:00:00,348.39504949136676
2011-06-24 16:00:00,337.1638816816011
2011-06-24 17:00:00,320.51883462650767
2011-06-24 18:00:00,297.1583096671662
2011-06-24 19:00:00,268.7832605614036
2011-06-24 20:00:00,239.30154382484596
2011-06-24 21:00:00,209.43290433792689
2011-06-24 22:00:00,182.80912773641705
2011-06-24 23:00:00,154.9343022784381
2011-06-25 00:00:00,106.2302918744373
2011-06-25 01:00:00,65.08284940494683
2011-06-25 02:00:00,49.131984192205735
2011-06-25 03:00:00,18.90007064017003
2011-06-25 04:00:00,15.55284284933525
2011-06-25 05:00:00,24.412490108160043
2011-06-25 06:00:00,47.42299299010162
2011-06-25 07:00:00,79.6475085272887
2011-06-25 08:00:00,124.61415988477465
2011-06-25 09:00:00,170.8829897657539
2011-06-25 10:00:00,220.37016640544766
2011-06-25 11:00:00,272.043519751785
2011-06-25 12:00:00,308.1835505635049
2011-06-25 13:00:00,342.3097278621382
2011-06-25 14:00:00,367.0323516678337
2011-06-25 15:00:00,382.7310085589777
2011-06-25 16:00:00,378.0834912122338
2011-06-25 17:00:00,362.9380518641512
2011-06-25 18:00:00,333.11446839550933
2011-06-25 19:00:00,296.0126180088419
2011-06-25 20:00:00,249.4435091630777
2011-06-25 21:00:00,196.1888355493528
2011-06-25 22:00:00,142.61358461557654
2011-06-25 23:00:00,82.52054327449306
2011-06-26 00:00:00,89.13237640809173
2011-06-26 01:00:00,48.246811504564064
2011-06-26 02:00:00,19.61537074126143
2011-06-26 03:00:00,0.5496178678678092
2011-06-26 04:00:00,0.0
2011-06-26 05:00:00,8.664005550043981
2011-06-26 06:00:00,31.031885649443424
2011-06-26 07:00:00,63.713252817025385
2011-06-26 08:00:00,103.50996605179304
2011-06-26 09:00:00,152.01275535259214
2011-06-26 10:00:00,205.21991774699256
2011-06-26 11:00:00,250.1804504573903
2011-06-26 12:00:00,291.80436429351704
2011-06-26 13:00:00,328.3243252221797
2011-06-26 14:00:00,349.99743082508974
2011-06-26 15:00:00,363.3023040862043
2011-06-26 16:00:00,360.42819745669857
2011-06-26 17:00:00,294.6878051811618
2011-06-26 18:00:00,269.9710273378101
2011-06-26 19:00:00,241.56859096201612
2011-06-26 20:00:00,202.00307874958003
2011-06-26 21:00:00,157.7081094578479
2011-06-26 22:00:00,127.84686899982464
2011-06-26 23:00:00,73.71092001974256
2011-06-27 00:00:00,0.0
2011-06-27 01:00:00,0.0
2011-06-27 02:00:00,0.0
2011-06-27 03:00:00,0.0
2011-06-27 04:00:00,26.708500762805585
2011-06-27 05:00:00,51.50578285873027
2011-06-27 06:00:00,82.87568536355789
2011-06-27 07:00:00,115.61507081508859
2011-06-27 08:00:00,156.64015410792751
2011-06-27 09:00:00,192.4264103233644
2011-06-27 10:00:00,220.4493803046533
2011-06-27 11:00:00,246.37319562176782
2011-06-27 12:00:00,268.7985552538076
2011-06-27 13:00:00,278.7742902828806
2011-06-27 14:00:00,287.5744254681939
2011-06-27 15:00:00,290.2693436848695
2011-06-27 16:00:00,333.8728336985199
2011-06-27 17:00:00,317.5997689288589
2011-06-27 18:00:00,295.37787086471525
2011-06-27 19:00:00,266.04625927373434
2011-06-27 20:00:00,232.97181139635677
2011-06-27 21:00:00,203.77724263902527
2011-06-27 22:00:00,173.24672538186988
2011-06-27 23:00:00,149.10064860974455
2011-06-28 00:00:00,0.9139659824699606
2011-06-28 01:00:00,0.0
2011-06-28 02:00:00,5.602052682929113
2011-06-28 03:00:00,16.29820380656676
2011-06-28 04:00:00,18.792745601566025
2011-06-28 05:00:00,42.04903853251959
2011-06-28 06:00:00,71.78668282102834
2011-06-28 07:00:00,112.77919766151669
2011-06-28 08:00:00,158.08482610056853
2011-06-28 09:00:00,205.60076978972938
2011-06-28 10:00:00,249.56557625504513
2011-06-28 11:00:00,288.2047415621556
2011-06-28 12:00:00,314.0270287147049
2011-06-28 13:00:00,335.67715933302225
2011-06-28 14:00:00,346.87997956406247
2011-06-28 15:00:00,352.3038587645841
2011-06-28 16:00:00,341.746771718409
2011-06-28 17:00:00,186.68120353575375
2011-06-28 18:00:00,169.95044948380257
2011-06-28 19:00:00,220.60594663527468
2011-06-28 20:00:00,234.73062077030613
2011-06-28 21:00:00,201.36499219627132
2011-06-28 22:00:00,167.1670952307837
2011-06-28 23:00:00,143.23823755785108
2011-06-29 00:00:00,8.028365374215838
2011-06-29 01:00:00,0.0
2011-06-29 02:00:00,0.0
2011-06-29 03:00:00,17.021744113932115
2011-06-29 04:00:00,19.516285908931366
2011-06-29 05:00:00,40.92842323405107
2011-06-29 06:00:00,80.53828766160714
2011-06-29 07:00:00,124.7752150675718
2011-06-29 08:00:00,165.6963602480139
2011-06-29 09:00:00,204.791424344704
2011-06-29 10:00:00,246.99584282346586
2011-06-29 11:00:00,282.6247122222011
2011-06-29 12:00:00,310.2177858281232
2011-06-29 13:00:00,332.36535930243053
2011-06-29 14:00:00,345.3559480814838
2011-06-29 15:00:00,348.8310488588406
2011-06-29 16:00:00,337.5934659629138
2011-06-29 17:00:00,322.466807270806
2011-06-29 18:00:00,299.72920484098097
2011-06-29 19:00:00,267.1895061696856
2011-06-29 20:00:00,236.47885665658572
2011-06-29 21:00:00,207.43986643703664
2011-06-29 22:00:00,177.52323719436185
2011-06-29 23:00:00,153.43465909533177
2011-06-30 00:00:00,16.88511576580663
2011-06-30 01:00:00,8.012091826181958
2011-06-30 02:00:00,7.53031707369756
2011-06-30 03:00:00,14.011752462491273
2011-06-30 04:00:00,23.769842203954823
2011-06-30 05:00:00,48.18177824112013
2011-06-30 06:00:00,89.02200920915107
2011-06-30 07:00:00,127.0342230769967
2011-06-30 08:00:00,171.79041597147278
2011-06-30 09:00:00,212.76491339470215
2011-06-30 10:00:00,253.33333676941618
2011-06-30 11:00:00,288.606227063558
2011-06-30 12:00:00,317.8051729713126
2011-06-30 13:00:00,337.76309926154124
2011-06-30 14:00:00,350.3872117396715
2011-06-30 15:00:00,350.0262710201996
2011-06-30 16:00:00,347.48561546885196
2011-06-30 17:00:00,326.9535280111387
2011-06-30 18:00:00,304.17669845191296
2011-06-30 19:00:00,275.40643827716565
2011-06-30 20:00:00,244.99688862443884
2011-06-30 21:00:00,215.81913356449854
2011-06-30 22:00:00,184.2402900944772
2011-06-30 23:00:00,160.76016867255834
2011-07-20 00:00:00,25.386374806859692
2011-07-20 01:00:00,17.187421596822603
2011-07-20 02:00:00,16.470156201451047
2011-07-20 03:00:00,23.634899348490933
2011-07-20 04:00:00,39.75365072497969
2011-07-20 05:00:00,64.38280586133769
2011-07-20 06:00:00,104.05232486807986
2011-07-20 07:00:00,139.84638827587656
2011-07-20 08:00:00,187.35263133542787
2011-07-20 09:00:00,225.6060213099656
2011-07-20 10:00:00,269.2435836583604
2011-07-20 11:00:00,310.51474139677293
2011-07-20 12:00:00,341.797336559148
2011-07-20 13:00:00,360.79082223268153
2011-07-20 14:00:00,373.157030635915
2011-07-20 15:00:00,374.00278249321536
2011-07-20 16:00:00,368.73704600211
2011-07-20 17:00:00,351.7205654062358
2011-07-20 18:00:00,328.5772595460869
2011-07-20 19:00:00,303.49264578837597
2011-07-20 20:00:00,269.53747509069717
2011-07-20 21:00:00,236.90856563882267
2011-07-20 22:00:00,203.30890457299597
2011-07-20 23:00:00,174.40273499679125
2011-07-21 00:00:00,43.15136354158433
2011-07-21 01:00:00,36.238816583315085
2011-07-21 02:00:00,39.710546935380265
2011-07-21 03:00:00,50.40407863014306
2011-07-21 04:00:00,68.43910265037181
2011-07-21 05:00:00,91.98503370275427
2011-07-21 06:00:00,120.28063264543012
2011-07-21 07:00:00,152.56595429268972
2011-07-21 08:00:00,189.30384690076363
2011-07-21 09:00:00,227.92319470964833
2011-07-21 10:00:00,264.6704968237574
2011-07-21 11:00:00,293.4243621289895
2011-07-21 12:00:00,354.13344418039793
2011-07-21 13:00:00,374.6057207741167
2011-07-21 14:00:00,384.8871231751487
2011-07-21 15:00:00,391.8855353495599
2011-07-21 16:00:00,383.8531089723475
2011-07-21 17:00:00,366.14689549806303
2011-07-21 18:00:00,341.51539872428407
2011-07-21 19:00:00,317.0903252306184
2011-07-21 20:00:00,283.40344718506344
2011-07-21 21:00:00,252.9209196836638
2011-07-21 22:00:00,221.53840434026583
2011-07-21 23:00:00,191.77228909821423
2011-07-22 00:00:00,51.161177035709855
2011-07-22 01:00:00,37.77662355413183
2011-07-22 02:00:00,35.385401291995336
2011-07-22 03:00:00,43.03565619035176
2011-07-22 04:00:00,55.25415664449595
2011-07-22 05:00:00,77.25910336689768
2011-07-22 06:00:00,114.64536803449984
2011-07-22 07:00:00,162.08595803700192
2011-07-22 08:00:00,199.28478438563934
2011-07-22 09:00:00,253.7065274389031
2011-07-22 10:00:00,296.8703255103902
2011-07-22 11:00:00,327.26398376594716
2011-07-22 12:00:00,361.6485299452427
2011-07-22 13:00:00,385.5340878636862
2011-07-22 14:00:00,396.39277057867287
2011-07-22 15:00:00,396.2332290437971
2011-07-22 16:00:00,228.2603271859848
2011-07-22 17:00:00,359.52118892847244
2011-07-22 18:00:00,332.3927527670136
2011-07-22 19:00:00,263.8848657446122
2011-07-22 20:00:00,276.1602345543323
2011-07-22 21:00:00,242.35065916936463
2011-07-22 22:00:00,199.397782157241
2011-07-22 23:00:00,186.15207359943187
2011-07-23 00:00:00,140.29869845585534
2011-07-23 01:00:00,97.92629186589821
2011-07-23 02:00:00,70.58280984666376
2011-07-23 03:00:00,49.91234141901876
2011-07-23 04:00:00,42.91219977225704
2011-07-23 05:00:00,50.92908597349778
2011-07-23 06:00:00,77.56512200549606
2011-07-23 07:00:00,111.0944099841425
2011-07-23 08:00:00,155.5283748813069
2011-07-23 09:00:00,203.51545981642465
2011-07-23 10:00:00,251.73844520625104
2011-07-23 11:00:00,302.4343499297912
2011-07-23 12:00:00,351.4764645600971
2011-07-23 13:00:00,385.8056666894068
2011-07-23 14:00:00,414.25027786376603
2011-07-23 15:00:00,423.1774291834607
2011-07-23 16:00:00,419.3308311710157
2011-07-23 17:00:00,404.156726867021
2011-07-23 18:00:00,375.83815284439095
2011-07-23 19:00:00,290.7031922084695
2011-07-23 20:00:00,281.2737106522487
2011-07-23 21:00:00,229.35545994065143
2011-07-23 22:00:00,172.50288061404706
2011-07-23 23:00:00,121.51191027256291
2011-07-24 00:00:00,118.87006735984593
2011-07-24 01:00:00,77.02512286359294
2011-07-24 02:00:00,52.34508122270594
2011-07-24 03:00:00,35.762157328993
2011-07-24 04:00:00,28.22803977285541
2011-07-24 05:00:00,38.38342495810366
2011-07-24 06:00:00,72.43705878160922
2011-07-24 07:00:00,95.67732651986685
2011-07-24 08:00:00,136.67413881399366
2011-07-24 09:00:00,181.8330019206967
2011-07-24 10:00:00,234.87636661382146
2011-07-24 11:00:00,281.23985541447774
2011-07-24 12:00:00,332.009803159597
2011-07-24 13:00:00,358.0382727621039
2011-07-24 14:00:00,382.4637653635019
2011-07-24 15:00:00,398.1588190769794
2011-07-24 16:00:00,396.2701086498751
2011-07-24 17:00:00,381.6062773741925
2011-07-24 18:00:00,351.3612637132671
2011-07-24 19:00:00,310.8891648225649
2011-07-24 20:00:00,262.6723076018594
2011-07-24 21:00:00,210.59298240197336
2011-07-24 22:00:00,154.7284187066452
2011-07-24 23:00:00,92.49026078177044
2011-07-25 00:00:00,37.87095592804425
2011-07-25 01:00:00,34.22126667520732
2011-07-25 02:00:00,33.545339226360895
2011-07-25 03:00:00,30.18925765628478
2011-07-25 04:00:00,46.79353081809303
2011-07-25 05:00:00,72.94613534140636
2011-07-25 06:00:00,113.68360616690022
2011-07-25 07:00:00,146.4007465836704
2011-07-25 08:00:00,183.396543266641
2011-07-25 09:00:00,239.58401174930788
2011-07-25 10:00:00,278.7781391546849
2011-07-25 11:00:00,281.02668578186655
2011-07-25 12:00:00,301.4887264911962
2011-07-25 13:00:00,300.8456862988435
2011-07-25 14:00:00,304.6907546156453
2011-07-25 15:00:00,349.819213388677
2011-07-25 16:00:00,344.67397019426835
2011-07-25 17:00:00,337.31507595074993
2011-07-25 18:00:00,314.5383210386641
2011-07-25 19:00:00,285.3886648745382
2011-07-25 20:00:00,254.56294856712054
2011-07-25 21:00:00,220.58720355352062
2011-07-25 22:00:00,192.00553936667006
2011-07-25 23:00:00,166.5532323067821
2011-07-26 00:00:00,22.95785162276566
2011-07-26 01:00:00,13.235449025773221
2011-07-26 02:00:00,7.302569175747877
2011-07-26 03:00:00,15.55632351135776
2011-07-26 04:00:00,33.15142421293679
2011-07-26 05:00:00,54.579085786393364
2011-07-26 06:00:00,92.34504210963377
2011-07-26 07:00:00,137.16440958303357
2011-07-26 08:00:00,180.20462062121715
2011-07-26 09:00:00,222.5231368626869
2011-07-26 10:00:00,263.3245992511901
2011-07-26 11:00:00,302.46364900938545
2011-07-26 12:00:00,332.0984957968192
2011-07-26 13:00:00,347.07123725131146
2011-07-26 14:00:00,359.91256882863433
2011-07-26 15:00:00,362.4925740859216
2011-07-26 16:00:00,355.1301851690843
2011-07-26 17:00:00,338.20400525554203
2011-07-26 18:00:00,313.27537244247503
2011-07-26 19:00:00,287.1398130430232
2011-07-26 20:00:00,255.6125174336648
2011-07-26 21:00:00,223.5436105348452
2011-07-26 22:00:00,193.96333962586857
2011-07-26 23:00:00,171.90206885594475
2011-07-27 00:00:00,38.781168645196814
2011-07-27 01:00:00,26.081354882483453
2011-07-27 02:00:00,22.069778999643646
2011-07-27 03:00:00,29.159675900539085
2011-07-27 04:00:00,47.82418626717309
2011-07-27 05:00:00,70.88523354980563
2011-07-27 06:00:00,104.77695556037756
2011-07-27 07:00:00,144.65307850642554
2011-07-27 08:00:00,185.4970994078867
2011-07-27 09:00:00,226.8275759357095
2011-07-27 10:00:00,271.01464327680753
2011-07-27 11:00:00,307.0820329840967
2011-07-27 12:00:00,332.3899698331558
2011-07-27 13:00:00,352.59014808346154
2011-07-27 14:00:00,365.93526295579545
2011-07-27 15:00:00,368.7194793061734
2011-07-27 16:00:00,360.4788731797948
2011-07-27 17:00:00,342.3405693521109
2011-07-27 18:00:00,321.9653026052698
2011-07-27 19:00:00,293.0903642134318
2011-07-27 20:00:00,257.57116293720577
2011-07-27 21:00:00,226.82295701354457
2011-07-27 22:00:00,200.71220073570436
2011-07-27 23:00:00,174.84641106313723
2011-07-28 00:00:00,37.62425485032783
2011-07-28 01:00:00,31.111090882218377
2011-07-28 02:00:00,28.33640019051562
2011-07-28 03:00:00,38.54804211146623
2011-07-28 04:00:00,52.38030266890068
2011-07-28 05:00:00,77.82093931304621
2011-07-28 06:00:00,110.16958633077707
2011-07-28 07:00:00,150.50898602738403
2011-07-28 08:00:00,193.19583255485855
2011-07-28 09:00:00,239.71190935422226
2011-07-28 10:00:00,279.264640128058
2011-07-28 11:00:00,320.4180923958976
2011-07-28 12:00:00,347.2166665886724
2011-07-28 13:00:00,367.3735404343993
2011-07-28 14:00:00,326.1539070156863
2011-07-28 15:00:00,382.5657370991464
2011-07-28 16:00:00,373.7963148168724
2011-07-28 17:00:00,357.40275675051464
2011-07-28 18:00:00,335.9242845465872
2011-07-28 19:00:00,306.8975733082561
2011-07-28 20:00:00,274.5391705852244
2011-07-28 21:00:00,238.54525148706475
2011-07-28 22:00:00,206.25182070900075
2011-07-28 23:00:00,184.27046204418173
2011-07-29 00:00:00,36.84941338498979
2011-07-29 01:00:00,27.562906832686025
2011-07-29 02:00:00,28.80352902265517
2011-07-29 03:00:00,37.49172155665045
2011-07-29 04:00:00,53.44433742088066
2011-07-29 05:00:00,81.55482952953473
2011-07-29 06:00:00,122.2923003550286
2011-07-29 07:00:00,152.39698019627338
2011-07-29 08:00:00,194.72617650621203
2011-07-29 09:00:00,243.72739143806695
2011-07-29 10:00:00,287.76414318150296
2011-07-29 11:00:00,325.79865266780087
2011-07-29 12:00:00,351.5515846897215
2011-07-29 13:00:00,372.28672259819484
2011-07-29 14:00:00,383.66753479902695
2011-07-29 15:00:00,384.85888201868397
2011-07-29 16:00:00,375.36050976260196
2011-07-29 17:00:00,360.828113479089
2011-07-29 18:00:00,338.3337808745065
2011-07-29 19:00:00,310.05310972625387
2011-07-29 20:00:00,271.426713142895
2011-07-29 21:00:00,239.72428254499852
2011-07-29 22:00:00,208.48695716215576
2011-07-29 23:00:00,182.11187821006837
2011-07-30 00:00:00,130.05616242961617
2011-07-30 01:00:00,92.21603845369587
2011-07-30 02:00:00,63.131887948313405
2011-07-30 03:00:00,43.181339814431
2011-07-30 04:00:00,40.06960266648336
2011-07-30 05:00:00,47.55513238722308
2011-07-30 06:00:00,69.70579338742989
2011-07-30 07:00:00,109.72310139910022
2011-07-30 08:00:00,153.1580842061376
2011-07-30 09:00:00,201.37063148631194
2011-07-30 10:00:00,248.6786241662942
2011-07-30 11:00:00,297.2043794451588
2011-07-30 12:00:00,338.2837503634306
2011-07-30 13:00:00,377.8259234361485
2011-07-30 14:00:00,404.8926113811335
2011-07-30 15:00:00,416.11006924517477
2011-07-30 16:00:00,411.4427526962836
2011-07-30 17:00:00,397.65333293885305
2011-07-30 18:00:00,365.4870393931129
2011-07-30 19:00:00,317.11434058867457
2011-07-30 20:00:00,279.3762840016906
2011-07-30 21:00:00,226.90164394870783
2011-07-30 22:00:00,169.94952691111303
2011-07-30 23:00:00,116.10014212684926
2011-07-31 00:00:00,113.4582992141323
2011-07-31 01:00:00,71.59889370046456
2011-07-31 02:00:00,44.218803980704195
2011-07-31 03:00:00,28.94211037475391
2011-07-31 04:00:00,23.63156366120907
2011-07-31 05:00:00,33.74772171705659
2011-07-31 06:00:00,57.18896089020639
2011-07-31 07:00:00,88.26301715703292
2011-07-31 08:00:00,130.13015885924324
2011-07-31 09:00:00,185.817120992628
2011-07-31 10:00:00,232.45915832240382
2011-07-31 11:00:00,279.99544012368887
2011-07-31 12:00:00,324.7005226232694
2011-07-31 13:00:00,359.87502613476875
2011-07-31 14:00:00,383.0701232783307
2011-07-31 15:00:00,392.57970983047005
2011-07-31 16:00:00,391.08621047235044
2011-07-31 17:00:00,377.83076662429573
2011-07-31 18:00:00,349.07767054276314
2011-07-31 19:00:00,306.06110211097007
2011-07-31 20:00:00,259.4371140209855
2011-07-31 21:00:00,205.9914404313667
2011-07-31 22:00:00,145.50817303621574
2011-07-31 23:00:00,95.01195147470668
2011-08-20 00:00:00,113.57352848386128
2011-08-20 01:00:00,78.53706757298298
2011-08-20 02:00:00,52.744439728944926
2011-08-20 03:00:00,36.16151583523197
2011-08-20 04:00:00,40.46287523030034
2011-08-20 05:00:00,38.42679952475875
2011-08-20 06:00:00,66.55287509681345
2011-08-20 07:00:00,95.14088044796156
2011-08-20 08:00:00,143.69339784496552
2011-08-20 09:00:00,193.575914452471
2011-08-20 10:00:00,244.63897812824558
2011-08-20 11:00:00,291.7498562461812
2011-08-20 12:00:00,333.14616240588816
2011-08-20 13:00:00,369.0576618224491
2011-08-20 14:00:00,397.5588525342488
2011-08-20 15:00:00,407.78944631558244
2011-08-20 16:00:00,405.36675997910226
2011-08-20 17:00:00,391.8430234789237
2011-08-20 18:00:00,359.2787069557044
2011-08-20 19:00:00,317.67059539966675
2011-08-20 20:00:00,270.6107112649935
2011-08-20 21:00:00,218.21598331711547
2011-08-20 22:00:00,149.83091538899504
2011-08-20 23:00:00,111.42483713707108
2011-08-21 00:00:00,107.91265998128009
2011-08-21 01:00:00,63.78899381432508
2011-08-21 02:00:00,35.35795845282395
2011-08-21 03:00:00,14.191475878520265
2011-08-21 04:00:00,14.27994284441975
2011-08-21 05:00:00,16.42809944712542
2011-08-21 06:00:00,39.013198645717566
2011-08-21 07:00:00,78.5932854678692
2011-08-21 08:00:00,125.21655131808333
2011-08-21 09:00:00,176.22451841743572
2011-08-21 10:00:00,225.64380780680716
2011-08-21 11:00:00,282.3483637168548
2011-08-21 12:00:00,326.41452534107026
2011-08-21 13:00:00,355.14712029762853
2011-08-21 14:00:00,225.90335395192906
2011-08-21 15:00:00,377.0366813979007
2011-08-21 16:00:00,381.2142940626385
2011-08-21 17:00:00,366.47608580333247
2011-08-21 18:00:00,337.131598999846
2011-08-21 19:00:00,298.2039291641762
2011-08-21 20:00:00,248.74112815492703
2011-08-21 21:00:00,196.82287744332967
2011-08-21 22:00:00,130.82110078389937
2011-08-21 23:00:00,92.86908633624651
2011-08-22 00:00:00,25.05242549408574
2011-08-22 01:00:00,16.417576239359988
2011-08-22 02:00:00,32.56236890485417
2011-08-22 03:00:00,20.345707850183487
2011-08-22 04:00:00,43.21140419089464
2011-08-22 05:00:00,65.71887404063632
2011-08-22 06:00:00,100.32256393037603
2011-08-22 07:00:00,137.87792616782676
2011-08-22 08:00:00,178.60145377259119
2011-08-22 09:00:00,223.21975588957173
2011-08-22 10:00:00,263.9843389936601
2011-08-22 11:00:00,299.3357076289741
2011-08-22 12:00:00,325.36743469836074
2011-08-22 13:00:00,345.2062217540839
2011-08-22 14:00:00,357.32501844375986
2011-08-22 15:00:00,360.25703414956496
2011-08-22 16:00:00,351.41177703736435
2011-08-22 17:00:00,336.97746061853854
2011-08-22 18:00:00,315.47541340003005
2011-08-22 19:00:00,286.42248303840006
2011-08-22 20:00:00,256.3033032727808
2011-08-22 21:00:00,225.82077577138114
2011-08-22 22:00:00,195.71566219757523
2011-08-22 23:00:00,172.63618318201034
2011-08-23 00:00:00,29.82987057377194
2011-08-23 01:00:00,9.036329244302763
2011-08-23 02:00:00,6.533736896013082
2011-08-23 03:00:00,13.915699142245629
2011-08-23 04:00:00,31.560519334564603
2011-08-23 05:00:00,57.27868565949258
2011-08-23 06:00:00,89.58810554782266
2011-08-23 07:00:00,142.02869864607788
2011-08-23 08:00:00,177.77284244266397
2011-08-23 09:00:00,209.28664007501345
2011-08-23 10:00:00,265.1055069072958
2011-08-23 11:00:00,298.57608815387925
2011-08-23 12:00:00,325.93085920841975
2011-08-23 13:00:00,348.58883357752177
2011-08-23 14:00:00,359.83729602412376
2011-08-23 15:00:00,358.7932259776577
2011-08-23 16:00:00,352.91641338056627
2011-08-23 17:00:00,335.41557258194405
2011-08-23 18:00:00,313.1440588111725
2011-08-23 19:00:00,280.64223320708663
2011-08-23 20:00:00,250.21172796865355
2011-08-23 21:00:00,223.42775653874264
2011-08-23 22:00:00,192.88820476655138
2011-08-23 23:00:00,165.84581640206625
2011-08-24 00:00:00,33.29411985334397
2011-08-24 01:00:00,22.23529435422401
2011-08-24 02:00:00,11.840811801598448
2011-08-24 03:00:00,20.52900433559371
2011-08-24 04:00:00,36.675136417952785
2011-08-24 05:00:00,62.827740941266114
2011-08-24 06:00:00,97.37257809571935
2011-08-24 07:00:00,144.72972806229893
2011-08-24 08:00:00,182.96417999847063
2011-08-24 09:00:00,221.30804908659223
2011-08-24 10:00:00,265.4508282743197
2011-08-24 11:00:00,301.65698282200003
2011-08-24 12:00:00,330.30749180296414
2011-08-24 13:00:00,349.337580342033
2011-08-24 14:00:00,360.36882368944225
2011-08-24 15:00:00,361.5587130627961
2011-08-24 16:00:00,355.9424239694762
2011-08-24 17:00:00,340.9741316412746
2011-08-24 18:00:00,317.3517339509608
2011-08-24 19:00:00,289.67445362085914
2011-08-24 20:00:00,257.4940428676193
2011-08-24 21:00:00,224.12036352734037
2011-08-24 22:00:00,194.82673146132203
2011-08-24 23:00:00,169.6021358619659
2011-08-25 00:00:00,33.5135214380138
2011-08-25 01:00:00,23.374848402218404
2011-08-25 02:00:00,22.657583006846863
2011-08-25 03:00:00,30.07479889141409
2011-08-25 04:00:00,44.16115783245603
2011-08-25 05:00:00,68.98936430842427
2011-08-25 06:00:00,103.31552451738153
2011-08-25 07:00:00,146.64767901338226
2011-08-25 08:00:00,184.25736854582397
2011-08-25 09:00:00,218.54698447383652
2011-08-25 10:00:00,250.49116096317624
2011-08-25 11:00:00,205.31412900435524
2011-08-25 12:00:00,218.21069861870706
2011-08-25 13:00:00,355.32937098273874
2011-08-25 14:00:00,321.55171068739605
2011-08-25 15:00:00,320.9340468729089
2011-08-25 16:00:00,366.70090093167437
2011-08-25 17:00:00,350.8622743603987
2011-08-25 18:00:00,281.1733906580345
2011-08-25 19:00:00,245.76580396860834
2011-08-25 20:00:00,252.17120189548044
2011-08-25 21:00:00,222.54073709346028
2011-08-25 22:00:00,195.9666799826904
2011-08-25 23:00:00,170.51437292280235
2011-08-26 00:00:00,26.15488656855868
2011-08-26 01:00:00,18.390371556906956
2011-08-26 02:00:00,12.626449161637694
2011-08-26 03:00:00,20.512194702881246
2011-08-26 04:00:00,41.1255340574494
2011-08-26 05:00:00,79.72001046358072
2011-08-26 06:00:00,100.29952634826063
2011-08-26 07:00:00,140.43209552290205
2011-08-26 08:00:00,183.06786849744543
2011-08-26 09:00:00,234.0966312223215
2011-08-26 10:00:00,275.59821506646205
2011-08-26 11:00:00,280.4943672884012
2011-08-26 12:00:00,300.919800297205
2011-08-26 13:00:00,317.3544500582298
2011-08-26 14:00:00,379.81384943729347
2011-08-26 15:00:00,325.9454468018773
2011-08-26 16:00:00,368.4074879778324
2011-08-26 17:00:00,345.76961968483107
2011-08-26 18:00:00,279.7792920539557
2011-08-26 19:00:00,295.4331911837059
2011-08-26 20:00:00,265.2408606301717
2011-08-26 21:00:00,233.4352891436182
2011-08-26 22:00:00,205.72395919984166
2011-08-26 23:00:00,177.46944692121497
2011-08-27 00:00:00,128.27214558354234
2011-08-27 01:00:00,88.03969582389601
2011-08-27 02:00:00,58.73832621932084
2011-08-27 03:00:00,57.0779692623957
2011-08-27 04:00:00,53.420823843833375
2011-08-27 05:00:00,59.66476311669129
2011-08-27 06:00:00,77.30685439126876
2011-08-27 07:00:00,103.00852044841909
2011-08-27 08:00:00,138.04463098471444
2011-08-27 09:00:00,173.64192660972654
2011-08-27 10:00:00,213.58082913916598
2011-08-27 11:00:00,171.25700401468714
2011-08-27 12:00:00,200.42257842072425
2011-08-27 13:00:00,223.9016277246377
2011-08-27 14:00:00,232.258657058803
2011-08-27 15:00:00,239.58972555529203
2011-08-27 16:00:00,238.75528858202824
2011-08-27 17:00:00,224.22564090533268
2011-08-28 07:00:00,38.98150825999295
2011-08-28 08:00:00,63.74844644355352
2011-08-28 09:00:00,167.90641386410243
2011-08-28 10:00:00,218.49716627428214
2011-08-28 11:00:00,269.35360677546254
2011-08-28 12:00:00,313.0207516394042
2011-08-28 13:00:00,349.88765715762435
2011-08-28 14:00:00,374.25565108592724
2011-08-28 15:00:00,386.4729710047751
2011-08-28 16:00:00,386.6311935126629
2011-08-28 17:00:00,369.5631153825838
2011-08-28 18:00:00,341.45398611178155
2011-08-28 19:00:00,304.7433733030328
2011-08-28 20:00:00,256.4545515568268
2011-08-28 21:00:00,199.71321341754853
2011-08-28 22:00:00,143.63405005190256
2011-08-28 23:00:00,89.37498834624891
2011-08-29 00:00:00,25.883982109782195
2011-08-29 01:00:00,17.821005914012503
2011-08-29 02:00:00,15.798968077181556
2011-08-29 03:00:00,25.791933052636182
2011-08-29 04:00:00,36.517106922040426
2011-08-29 05:00:00,61.77975159639402
2011-08-29 06:00:00,94.8011393638919
2011-08-29 07:00:00,142.87025720963928
2011-08-29 08:00:00,184.93020771653124
2011-08-29 09:00:00,226.6741716920236
2011-08-29 10:00:00,265.17728680393907
2011-08-29 11:00:00,300.5076757711761
2011-08-29 12:00:00,289.936062408123
2011-08-29 13:00:00,306.22416814640144
2011-08-29 14:00:00,363.19044747239957
2011-08-29 15:00:00,362.4224492604126
2011-08-29 16:00:00,356.1203076271116
2011-08-29 17:00:00,287.5351266462799
2011-08-29 18:00:00,313.83876123733233
2011-08-29 19:00:00,286.1614809072306
2011-08-29 20:00:00,256.93621039926643
2011-08-29 21:00:00,225.78375405659423
2011-08-29 22:00:00,198.30791475570487
2011-08-29 23:00:00,173.04263418064468
2011-08-30 00:00:00,16.738765597912533
2011-08-30 01:00:00,8.340761048265165
2011-08-30 02:00:00,5.49665061279687
2011-08-30 03:00:00,12.880070705332741
2011-08-30 04:00:00,29.20419475748372
2011-08-30 05:00:00,56.44435262306378
2011-08-30 06:00:00,91.21184021407905
2011-08-30 07:00:00,130.89550533792988
2011-08-30 08:00:00,183.8840240456181
2011-08-30 09:00:00,222.96081659861375
2011-08-30 10:00:00,264.1182629267008
2011-08-30 11:00:00,300.6070828262734
2011-08-30 12:00:00,331.46281645899575
2011-08-30 13:00:00,349.3842730385994
2011-08-30 14:00:00,359.9011660825186
2011-08-30 15:00:00,360.30063331790313
2011-08-30 16:00:00,353.27595679695526
2011-08-30 17:00:00,337.06039070038946
2011-08-30 18:00:00,313.0165579828017
2011-08-30 19:00:00,285.23297862451966
2011-08-30 20:00:00,256.1296592595555
2011-08-30 21:00:00,220.19864608948976
2011-08-30 22:00:00,194.58263859162463
2011-08-30 23:00:00,170.4365618194993
2011-08-31 00:00:00,32.31326687653939
2011-08-31 01:00:00,22.590864279546935
2011-08-31 02:00:00,14.290246326529484
2011-08-31 03:00:00,22.088479011565
2011-08-31 04:00:00,40.831443637000476
2011-08-31 05:00:00,62.6610129834946
2011-08-31 06:00:00,98.05658285750687
2011-08-31 07:00:00,141.79377532627745
2011-08-31 08:00:00,187.55492541590368
2011-08-31 09:00:00,226.33323270241064
2011-08-31 10:00:00,270.8242407297374
2011-08-31 11:00:00,306.62071835602796
2011-08-31 12:00:00,335.72158923408585
2011-08-31 13:00:00,355.0615502346558
2011-08-31 14:00:00,365.12437947430385
2011-08-31 15:00:00,366.7501648923463
2011-08-31 16:00:00,361.0539636939217
2011-08-31 17:00:00,343.4300101697279
2011-08-31 18:00:00,319.2958767698083
2011-08-31 19:00:00,302.79652474627085
2011-08-31 20:00:00,258.95908902131146
2011-08-31 21:00:00,228.18076029543482
2011-08-31 22:00:00,198.24450544687434
2011-08-31 23:00:00,168.48481532498678
2011-09-20 00:00:00,9.72947641035303
2011-09-20 01:00:00,2.1848688430303014
2011-09-20 02:00:00,5.656599195095424
2011-09-20 03:00:00,16.372375924618808
2011-09-20 04:00:00,18.412853915346986
2011-09-20 05:00:00,57.00733032147829
2011-09-20 06:00:00,85.30292926415416
2011-09-20 07:00:00,117.20577626464222
2011-09-20 08:00:00,103.16219878034462
2011-09-20 09:00:00,127.24616659782077
2011-09-20 10:00:00,151.48741084515441
2011-09-20 11:00:00,168.88584942995917
2011-09-20 12:00:00,258.9357563072375
2011-09-20 13:00:00,273.32347313327034
2011-09-20 14:00:00,281.6146893524629
2011-09-20 15:00:00,288.9897834331226
2011-09-20 16:00:00,276.5646853876441
2011-09-20 17:00:00,313.9524416567587
2011-09-20 18:00:00,291.24503184129856
2011-09-20 19:00:00,262.96436069304593
2011-09-20 20:00:00,230.2355081780251
2011-09-20 21:00:00,199.51749003373828
2011-09-20 22:00:00,170.93582584688772
2011-09-20 23:00:00,146.78974907476237
2011-09-21 00:00:00,9.036903923791613
2011-09-21 01:00:00,0.38245314555086907
2011-09-21 02:00:00,0.0
2011-09-21 03:00:00,22.405612977888325
2011-09-21 04:00:00,38.229091010306774
2011-09-21 05:00:00,61.33912601800051
2011-09-21 06:00:00,89.20028676229103
2011-09-21 07:00:00,120.66869556439374
2011-09-21 08:00:00,154.82160688791214
2011-09-21 09:00:00,188.61647403594955
2011-09-21 10:00:00,222.34335321434207
2011-09-21 11:00:00,250.20447084449057
2011-09-21 12:00:00,273.8809099361838
2011-09-21 13:00:00,290.89284001116334
2011-09-21 14:00:00,297.30064941275054
2011-09-21 15:00:00,298.22324868261
2011-09-21 16:00:00,290.9941394858995
2011-09-21 17:00:00,189.30564005469608
2011-09-21 18:00:00,168.82784169082612
2011-09-21 19:00:00,151.19643752638154
2011-09-21 20:00:00,136.53766531906552
2011-09-21 21:00:00,174.96437904477023
2011-09-21 22:00:00,163.30618585902425
2011-09-21 23:00:00,147.2202952311549
2011-09-22 00:00:00,12.021640656162546
2011-09-22 01:00:00,11.677965802760141
2011-09-22 02:00:00,14.932477055632589
2011-09-22 03:00:00,25.845847278462927
2011-09-22 04:00:00,43.388934427211126
2011-09-22 05:00:00,66.71764638040085
2011-09-22 06:00:00,91.3120457403424
2011-09-22 07:00:00,123.21489274083046
2011-09-22 08:00:00,155.19269737981546
2011-09-22 09:00:00,193.801478180221
2011-09-22 10:00:00,227.672094307856
2011-09-22 11:00:00,254.03723700702855
2011-09-22 12:00:00,279.4373624902296
2011-09-22 13:00:00,292.9547450731884
2011-09-22 14:00:00,299.3610966284723
2011-09-22 15:00:00,303.9969203358485
2011-09-22 16:00:00,298.09366703278636
2011-09-22 17:00:00,281.3657085941177
2011-09-22 18:00:00,258.8412138985928
2011-09-22 19:00:00,236.83605032896884
2011-09-22 20:00:00,209.32457749567533
2011-09-22 21:00:00,192.27510449327744
2011-09-22 22:00:00,162.83146517545063
2011-09-22 23:00:00,153.97353185830806
2011-09-23 00:00:00,9.344738995071125
2011-09-23 01:00:00,0.0
2011-09-23 02:00:00,0.0
2011-09-23 03:00:00,10.100688292244783
2011-09-23 04:00:00,6.000567628295698
2011-09-23 05:00:00,61.02607575451886
2011-09-23 06:00:00,91.73079517629941
2011-09-23 07:00:00,90.58736597328776
2011-09-23 08:00:00,120.90684862660208
2011-09-23 09:00:00,144.76534990126015
2011-09-23 10:00:00,171.86796265392795
2011-09-23 11:00:00,194.44315906671125
2011-09-23 12:00:00,217.2038658083307
2011-09-23 13:00:00,222.46852053881872
2011-09-23 14:00:00,227.21990651511805
2011-09-23 15:00:00,231.50007033602995
2011-09-23 16:00:00,225.3820110204876
2011-09-23 17:00:00,294.0744246741067
2011-09-23 18:00:00,317.8238058796029
2011-09-23 19:00:00,290.11077814824813
2011-09-23 20:00:00,253.81911543413565
2011-09-23 21:00:00,212.20324218380074
2011-09-23 22:00:00,181.70900448282603
2011-09-23 23:00:00,153.53863029520542
2011-09-24 00:00:00,100.63526226702052
2011-09-24 01:00:00,68.56240305884553
2011-09-24 02:00:00,42.20909993776738
2011-09-24 03:00:00,13.299950118627635
2011-09-24 04:00:00,8.842670469768962
2011-09-24 05:00:00,33.73119770627976
2011-09-24 06:00:00,55.08863974772453
2011-09-24 07:00:00,87.41201454260451
2011-09-24 08:00:00,126.86432961153557
2011-09-24 09:00:00,169.40435109468405
2011-09-24 10:00:00,214.70851047895667
2011-09-24 11:00:00,262.2202594654245
2011-09-24 12:00:00,301.18512895408395
2011-09-24 13:00:00,381.97214457451554
2011-09-24 14:00:00,358.7133793591595
2011-09-24 15:00:00,368.75712492808486
2011-09-24 16:00:00,363.4796695993994
2011-09-24 17:00:00,401.98667488070146
2011-09-24 18:00:00,367.4622697645623
2011-09-24 19:00:00,321.69832062672833
2011-09-24 20:00:00,273.23913611877856
2011-09-24 21:00:00,214.7773450277487
2011-09-24 22:00:00,140.94336009997704
2011-09-24 23:00:00,90.40097868380289
2011-09-25 00:00:00,87.56737184827705
2011-09-25 01:00:00,49.82616255768356
2011-09-25 02:00:00,0.0
2011-09-25 03:00:00,0.0
2011-09-25 04:00:00,0.0
2011-09-25 05:00:00,3.7192097867068554
2011-09-25 06:00:00,37.3013046117769
2011-09-25 07:00:00,62.67118429197892
2011-09-25 08:00:00,109.6567958667681
2011-09-25 09:00:00,154.92960282488968
2011-09-25 10:00:00,200.2337622091623
2011-09-25 11:00:00,245.7876236102894
2011-09-25 12:00:00,286.7103806842896
2011-09-25 13:00:00,321.7429717247991
2011-09-25 14:00:00,339.65510059600456
2011-09-25 15:00:00,349.6988461649299
2011-09-25 16:00:00,404.8109758155108
2011-09-25 17:00:00,386.12196061253314
2011-09-25 18:00:00,355.2255581897658
2011-09-25 19:00:00,303.2422292352237
2011-09-25 20:00:00,252.34593261029488
2011-09-25 21:00:00,190.31642532511216
2011-09-25 22:00:00,134.536605344024
2011-09-25 23:00:00,69.52883454513753
2011-09-26 00:00:00,6.063283485054598
2011-09-26 01:00:00,1.2140826459847034
2011-09-26 02:00:00,3.0104455357247986
2011-09-26 03:00:00,11.695798693018688
2011-09-26 04:00:00,29.077739348957422
2011-09-26 05:00:00,59.69068548868336
2011-09-26 06:00:00,87.1431093785202
2011-09-26 07:00:00,124.60117114428948
2011-09-26 08:00:00,162.79604252030916
2011-09-26 09:00:00,201.77465496587422
2011-09-26 10:00:00,237.35761409241536
2011-09-26 11:00:00,308.45869288181785
2011-09-26 12:00:00,301.3851188386474
2011-09-26 13:00:00,322.5059002643552
2011-09-26 14:00:00,380.61744793706316
2011-09-26 15:00:00,387.72381845512786
2011-09-26 16:00:00,375.5765677289064
2011-09-26 17:00:00,357.19815474716086
2011-09-26 18:00:00,325.68544818954126
2011-09-26 19:00:00,294.1427229139587
2011-09-26 20:00:00,253.99557152838383
2011-09-26 21:00:00,218.04024329242725
2011-09-26 22:00:00,180.47324954393966
2011-09-26 23:00:00,151.57318160527421
2011-09-27 00:00:00,0.0
2011-09-27 01:00:00,0.0
2011-09-27 02:00:00,0.0
2011-09-27 03:00:00,8.908946535957512
2011-09-27 04:00:00,3.5025955842457392
2011-09-27 05:00:00,26.950342433334356
2011-09-27 06:00:00,84.13903812226633
2011-09-27 07:00:00,120.29086960027294
2011-09-27 08:00:00,162.29173563945653
2011-09-27 09:00:00,145.77757746405058
2011-09-27 10:00:00,169.79142080216138
2011-09-27 11:00:00,267.69876410788294
2011-09-27 12:00:00,292.13939864855394
2011-09-27 13:00:00,318.84871386422
2011-09-27 14:00:00,325.7237742459306
2011-09-27 15:00:00,325.55157077714944
2011-09-27 16:00:00,313.16211809206794
2011-09-27 17:00:00,294.5776810011755
2011-09-27 18:00:00,272.1503546118129
2011-09-27 19:00:00,248.04149803504515
2011-09-27 20:00:00,258.7759808021519
2011-09-27 21:00:00,219.01465790303138
2011-09-27 22:00:00,180.87312496779327
2011-09-27 23:00:00,151.97305702912786
2011-09-28 00:00:00,8.767813870259033
2011-09-28 01:00:00,0.0
2011-09-28 02:00:00,0.0
2011-09-28 03:00:00,10.719942569630888
2011-09-28 04:00:00,21.11690354488701
2011-09-28 05:00:00,56.768764121114586
2011-09-28 06:00:00,56.26517629722494
2011-09-28 07:00:00,85.89415829519481
2011-09-28 08:00:00,118.25934151963926
2011-09-28 09:00:00,147.56894789183826
2011-09-28 10:00:00,239.6262502362453
2011-09-28 11:00:00,276.9987866278721
2011-09-28 12:00:00,307.02531144725583
2011-09-28 13:00:00,370.91654868943954
2011-09-28 14:00:00,386.89905504672265
2011-09-28 15:00:00,386.63025686116714
2011-09-28 16:00:00,377.49857866014037
2011-09-28 17:00:00,359.1383334379773
2011-09-28 18:00:00,198.87274091906093
2011-09-28 19:00:00,179.98050353456722
2011-09-28 20:00:00,157.56404290021635
2011-09-28 21:00:00,136.56999272322315
2011-09-28 22:00:00,186.90638610343353
2011-09-28 23:00:00,151.9035557696491
2011-09-29 00:00:00,6.7711016460333155
2011-09-29 01:00:00,0.003242154337527836
2011-09-29 02:00:00,1.7996050440776372
2011-09-29 03:00:00,15.480565730708818
2011-09-29 04:00:00,39.61984177195116
2011-09-29 05:00:00,66.97903453343011
2011-09-29 06:00:00,99.207203342166
2011-09-29 07:00:00,133.5141439446353
2011-09-29 08:00:00,184.61659519085282
2011-09-29 09:00:00,231.41610663196076
2011-09-29 10:00:00,279.8297712821422
2011-09-29 11:00:00,321.6456701780366
2011-09-29 12:00:00,353.770758994478
2011-09-29 13:00:00,378.20279062589805
2011-09-29 14:00:00,390.853211044462
2011-09-29 15:00:00,392.94543647628734
2011-09-29 16:00:00,385.83195644219103
2011-09-29 17:00:00,366.97829858802675
2011-09-29 18:00:00,344.6009282927412
2011-09-29 19:00:00,314.4860702699723
2011-09-29 20:00:00,280.0856973399324
2011-09-29 21:00:00,235.41909167617723
2011-09-29 22:00:00,198.79050268732854
2011-09-29 23:00:00,165.31614128396106
2011-09-30 00:00:00,11.476895102994305
2011-09-30 01:00:00,0.09945926919444048
2011-09-30 02:00:00,0.0
2011-09-30 03:00:00,4.82789620619333
2011-09-30 04:00:00,22.52121233616289
2011-09-30 05:00:00,51.18230612711341
2011-09-30 06:00:00,87.48314861678999
2011-09-30 07:00:00,130.15782957483327
2011-09-30 08:00:00,179.33396288108491
2011-09-30 09:00:00,226.5848946152184
2011-09-30 10:00:00,283.54366222957566
2011-09-30 11:00:00,322.37029506652004
2011-09-30 12:00:00,312.90439523962345
2011-09-30 13:00:00,328.5726426388482
2011-09-30 14:00:00,339.41603887185795
2011-09-30 15:00:00,392.0877935979124
2011-09-30 16:00:00,385.629926438243
2011-09-30 17:00:00,368.14147330545717
2011-09-30 18:00:00,332.4432502921062
2011-09-30 19:00:00,299.6099798658013
2011-09-30 20:00:00,264.2764643805523
2011-09-30 21:00:00,228.36169942197034
2011-09-30 22:00:00,192.64135490500263
2011-09-30 23:00:00,163.74128696633716
2011-10-20 00:00:00,0.0
2011-10-20 01:00:00,0.0
2011-10-20 02:00:00,0.0
2011-10-20 03:00:00,0.0
2011-10-20 04:00:00,6.779144064164996
2011-10-20 05:00:00,36.24646199346391
2011-10-20 06:00:00,70.66394993513603
2011-10-20 07:00:00,113.06100843142875
2011-10-20 08:00:00,160.55532115182825
2011-10-20 09:00:00,206.37705975818704
2011-10-20 10:00:00,254.97385204927016
2011-10-20 11:00:00,294.966770239325
2011-10-20 12:00:00,328.65325786190283
2011-10-20 13:00:00,352.43347614203196
2011-10-20 14:00:00,314.0895408645091
2011-10-20 15:00:00,315.40010180697925
2011-10-20 16:00:00,307.44867547675403
2011-10-20 17:00:00,293.5353099226604
2011-10-20 18:00:00,272.30166810396804
2011-10-20 19:00:00,284.51698381789015
2011-10-20 20:00:00,218.99255843220527
2011-10-20 21:00:00,213.3812490911516
2011-10-20 22:00:00,179.1843539611393
2011-10-20 23:00:00,149.3956671564785
2011-10-21 00:00:00,0.0
2011-10-21 01:00:00,0.0
2011-10-21 02:00:00,0.0
2011-10-21 03:00:00,0.0
2011-10-21 04:00:00,1.4150444260401684
2011-10-21 05:00:00,28.02005148612865
2011-10-21 06:00:00,66.81287675135592
2011-10-21 07:00:00,109.48755770939923
2011-10-21 08:00:00,162.55737696627477
2011-10-21 09:00:00,196.1755888031933
2011-10-21 10:00:00,258.3056801438398
2011-10-21 11:00:00,299.58902662127815
2011-10-21 12:00:00,330.9420171130456
2011-10-21 13:00:00,352.65427127559457
2011-10-21 14:00:00,368.73641295982674
2011-10-21 15:00:00,370.0184689494677
2011-10-21 16:00:00,362.1930210362035
2011-10-21 17:00:00,292.002428563973
2011-10-21 18:00:00,269.47702230992326
2011-10-21 19:00:00,242.10259001374877
2011-10-21 20:00:00,217.0382468812345
2011-10-21 21:00:00,211.13494684198366
2011-10-21 22:00:00,178.08591563582777
2011-10-21 23:00:00,146.1743524471458
2011-10-22 00:00:00,88.56670094780506
2011-10-22 01:00:00,46.26438127648099
2011-10-22 02:00:00,14.851748164892143
2011-10-22 03:00:00,0.0
2011-10-22 04:00:00,0.0
2011-10-22 05:00:00,10.486280898943747
2011-10-22 06:00:00,34.962326667643865
2011-10-22 07:00:00,68.12838032229652
2011-10-22 08:00:00,120.92429783943396
2011-10-22 09:00:00,173.38964992621257
2011-10-22 10:00:00,204.72484794291088
2011-10-22 11:00:00,248.43060226621475
2011-10-22 12:00:00,329.9603120114963
2011-10-22 13:00:00,371.984526461621
2011-10-22 14:00:00,342.5403271071476
2011-10-22 15:00:00,404.7160629917408
2011-10-22 16:00:00,404.3261085431691
2011-10-22 17:00:00,384.70777982851115
2011-10-22 18:00:00,353.9238014245068
2011-10-22 19:00:00,310.32469209230857
2011-10-22 20:00:00,258.0450519037801
2011-10-22 21:00:00,198.57033812377853
2011-10-22 22:00:00,139.5382226107467
2011-10-22 23:00:00,80.68884574149916
2011-10-23 00:00:00,67.37635242566611
2011-10-23 01:00:00,25.074032754342042
2011-10-23 02:00:00,0.0
2011-10-23 03:00:00,0.0
2011-10-23 04:00:00,0.0
2011-10-23 05:00:00,0.0
2011-10-23 06:00:00,8.823427510160343
2011-10-23 07:00:00,47.55061016653018
2011-10-23 08:00:00,92.16661435287782
2011-10-23 09:00:00,154.2568724811049
2011-10-23 10:00:00,208.7767712474402
2011-10-23 11:00:00,261.1966998429932
2011-10-23 12:00:00,310.18507994208557
2011-10-23 13:00:00,349.988221280163
2011-10-23 14:00:00,375.2814525474885
2011-10-23 15:00:00,388.7374668585061
2011-10-23 16:00:00,385.15802519012584
2011-10-23 17:00:00,366.6129056636587
2011-10-23 18:00:00,336.1509414392767
2011-10-23 19:00:00,291.1421428868601
2011-10-23 20:00:00,238.46069327694346
2011-10-23 21:00:00,181.30513247367634
2011-10-23 22:00:00,120.4341517464704
2011-10-23 23:00:00,62.51408355391271
2011-10-24 00:00:00,0.0
2011-10-24 01:00:00,0.0
2011-10-24 02:00:00,0.0
2011-10-24 03:00:00,0.0
2011-10-24 04:00:00,3.095300218987262
2011-10-24 05:00:00,30.13474305996587
2011-10-24 06:00:00,66.07972330838788
2011-10-24 07:00:00,107.97000295483463
2011-10-24 08:00:00,147.81140825615108
2011-10-24 09:00:00,187.61188595174036
2011-10-24 10:00:00,222.6072978854291
2011-10-24 11:00:00,258.2469108568895
2011-10-24 12:00:00,285.4359768191998
2011-10-24 13:00:00,302.45375891076617
2011-10-24 14:00:00,311.8300366791908
2011-10-24 15:00:00,366.6821795415886
2011-10-24 16:00:00,356.55720425747575
2011-10-24 17:00:00,338.05953034289536
2011-10-24 18:00:00,314.8668205789321
2011-10-24 19:00:00,163.30037313162092
2011-10-24 20:00:00,241.28171886386906
2011-10-24 21:00:00,203.70473967794055
2011-10-24 22:00:00,171.94100108805844
2011-10-24 23:00:00,143.04081145106363
2011-10-25 00:00:00,0.0
2011-10-25 01:00:00,0.0
2011-10-25 02:00:00,0.0
2011-10-25 03:00:00,0.0
2011-10-25 04:00:00,0.0
2011-10-25 05:00:00,25.39000331756398
2011-10-25 06:00:00,63.451139899274295
2011-10-25 07:00:00,106.62069133562207
2011-10-25 08:00:00,157.6800526565583
2011-10-25 09:00:00,205.5827874689699
2011-10-25 10:00:00,251.07528609715914
2011-10-25 11:00:00,291.5418696150001
2011-10-25 12:00:00,325.2284789359073
2011-10-25 13:00:00,349.2651434446298
2011-10-25 14:00:00,363.81989043807073
2011-10-25 15:00:00,368.8594769328162
2011-10-25 16:00:00,359.2933605334041
2011-10-25 17:00:00,342.673783797389
2011-10-25 18:00:00,314.3349136779211
2011-10-25 19:00:00,275.1934892974768
2011-10-25 20:00:00,240.43305515267497
2011-10-25 21:00:00,202.43610362076635
2011-10-25 22:00:00,169.41195538993531
2011-10-25 23:00:00,139.77503659677723
2011-10-26 00:00:00,0.0
2011-10-26 01:00:00,0.0
2011-10-26 02:00:00,0.0
2011-10-26 03:00:00,0.0
2011-10-26 04:00:00,5.31829004239593
2011-10-26 05:00:00,34.41382203173177
2011-10-26 06:00:00,71.15056056609703
2011-10-26 07:00:00,114.6955757672144
2011-10-26 08:00:00,155.09289666799742
2011-10-26 09:00:00,194.81872446291152
2011-10-26 10:00:00,231.5941537104784
2011-10-26 11:00:00,294.96410393904756
2011-10-26 12:00:00,213.57091039247274
2011-10-26 13:00:00,224.56418065390386
2011-10-26 14:00:00,314.8590807778771
2011-10-26 15:00:00,315.1816260890711
2011-10-26 16:00:00,305.9239694710831
2011-10-26 17:00:00,290.3890746653469
2011-10-26 18:00:00,313.2681216277692
2011-10-26 19:00:00,282.10231796325945
2011-10-26 20:00:00,245.70085065925875
2011-10-26 21:00:00,190.50101033182148
2011-10-26 22:00:00,160.94173751366327
2011-10-26 23:00:00,140.572477644677
2011-10-27 00:00:00,0.3054673504004768
2011-10-27 01:00:00,0.0
2011-10-27 02:00:00,0.0
2011-10-27 03:00:00,0.0
2011-10-27 04:00:00,6.7144536908907355
2011-10-27 05:00:00,28.855970252216665
2011-10-27 06:00:00,59.23253849205918
2011-10-27 07:00:00,120.61407359858407
2011-10-27 08:00:00,114.56760424756996
2011-10-27 09:00:00,199.30705123027542
2011-10-27 10:00:00,171.26261042265835
2011-10-27 11:00:00,194.70814107851567
2011-10-27 12:00:00,212.0177427225942
2011-10-27 13:00:00,307.1179273571181
2011-10-27 14:00:00,320.07374366085537
2011-10-27 15:00:00,318.87283958509397
2011-10-27 16:00:00,313.27991505933323
2011-10-27 17:00:00,291.6079526565803
2011-10-27 18:00:00,270.50648216086614
2011-10-27 19:00:00,243.64247894671655
2011-10-27 20:00:00,245.64357581858707
2011-10-27 21:00:00,209.4250861382946
2011-10-27 22:00:00,165.17279231129424
2011-10-27 23:00:00,137.51854888033833
2011-10-28 00:00:00,0.0
2011-10-28 01:00:00,0.0
2011-10-28 02:00:00,0.0
2011-10-28 03:00:00,0.0
2011-10-28 04:00:00,0.0
2011-10-28 05:00:00,41.34298671252718
2011-10-28 06:00:00,64.19419680138972
2011-10-28 07:00:00,106.86887775943303
2011-10-28 08:00:00,153.94689837615414
2011-10-28 09:00:00,202.9384985964357
2011-10-28 10:00:00,248.16793339624775
2011-10-28 11:00:00,291.96672213364184
2011-10-28 12:00:00,291.77344631578706
2011-10-28 13:00:00,307.8619197306635
2011-10-28 14:00:00,311.4258510925242
2011-10-28 15:00:00,309.2132285044227
2011-10-28 16:00:00,304.23140827187825
2011-10-28 17:00:00,288.6376607308556
2011-10-28 18:00:00,266.3935836807241
2011-10-28 19:00:00,241.94836877025818
2011-10-28 20:00:00,139.8478825953109
2011-10-28 21:00:00,122.01054581611962
2011-10-28 22:00:00,100.53245272600137
2011-10-28 23:00:00,84.77412439846391
2011-10-29 00:00:00,40.512240439215574
2011-10-29 01:00:00,11.096263134375093
2011-10-29 02:00:00,0.0
2011-10-29 03:00:00,0.0
2011-10-29 04:00:00,0.0
2011-10-29 05:00:00,0.0
2011-10-29 06:00:00,0.0
2011-10-29 07:00:00,17.354961209768717
2011-10-29 08:00:00,51.255000944568124
2011-10-29 09:00:00,86.21492371410089
2011-10-29 10:00:00,119.05475009154429
2011-10-29 11:00:00,153.35936210209505
2011-10-29 12:00:00,181.3886859596721
2011-10-29 13:00:00,206.272818494435
2011-10-29 14:00:00,224.71150765384255
2011-10-29 15:00:00,238.16048466686885
2011-10-29 16:00:00,232.8959374599429
2011-10-29 17:00:00,220.84945749161136
2011-10-29 18:00:00,199.40463271848802
2011-10-29 19:00:00,286.0479371393217
2011-10-29 20:00:00,234.4999832168149
2011-10-29 21:00:00,177.3444224135478
2011-10-29 22:00:00,121.73731295044175
2011-10-29 23:00:00,67.32228461124399
2011-10-30 00:00:00,52.982270782691685
2011-10-30 01:00:00,10.24551291298225
2011-10-30 02:00:00,0.0
2011-10-30 03:00:00,0.0
2011-10-30 04:00:00,0.0
2011-10-30 05:00:00,0.0
2011-10-30 06:00:00,2.03367529199258
2011-10-30 07:00:00,52.27681037722482
2011-10-30 08:00:00,90.78716297571283
2011-10-30 09:00:00,145.03398780517767
2011-10-30 10:00:00,207.457603951999
2011-10-30 11:00:00,258.42478473690875
2011-10-30 12:00:00,311.02537580200675
2011-10-30 13:00:00,350.0562627616973
2011-10-30 14:00:00,377.82847121596694
2011-10-30 15:00:00,390.84858948229584
2011-10-30 16:00:00,389.20743387574134
2011-10-30 17:00:00,371.13084400595045
2011-10-30 18:00:00,333.0779739074296
2011-10-30 19:00:00,298.1185487285014
2011-10-30 20:00:00,241.5220646664072
2011-10-30 21:00:00,182.04735088640564
2011-10-30 22:00:00,120.68161654423406
2011-10-30 23:00:00,60.047065025123146
2011-10-31 00:00:00,0.0
2011-10-31 01:00:00,0.0
2011-10-31 02:00:00,0.0
2011-10-31 03:00:00,0.0
2011-10-31 04:00:00,0.0
2011-10-31 05:00:00,25.985908780314688
2011-10-31 06:00:00,64.52229023444377
2011-10-31 07:00:00,106.1290193737354
2011-10-31 08:00:00,148.03399249608512
2011-10-31 09:00:00,182.6647207979177
2011-10-31 10:00:00,223.07844128262974
2011-10-31 11:00:00,294.5173362520337
2011-10-31 12:00:00,327.4368268656639
2011-10-31 13:00:00,305.0988526089412
2011-10-31 14:00:00,313.50525842330137
2011-10-31 15:00:00,367.3641042026131
2011-10-31 16:00:00,357.125130190095
2011-10-31 17:00:00,339.6366770573092
2011-10-31 18:00:00,311.43521154788783
2011-10-31 19:00:00,279.49727520332067
2011-10-31 20:00:00,244.16375971807167
2011-10-31 21:00:00,177.1403357549309
2011-10-31 22:00:00,152.29412124186598
2011-10-31 23:00:00,131.9248613728796
2011-11-20 00:00:00,52.48155649352084
2011-11-20 01:00:00,10.318123360917355
2011-11-20 02:00:00,0.0
2011-11-20 03:00:00,0.0
2011-11-20 04:00:00,0.0
2011-11-20 05:00:00,0.0
2011-11-20 06:00:00,6.7820394590552695
2011-11-20 07:00:00,37.27866705560966
2011-11-20 08:00:00,75.7489921546277
2011-11-20 09:00:00,137.0678993285182
2011-11-20 10:00:00,167.8690045725018
2011-11-20 11:00:00,215.34282822215923
2011-11-20 12:00:00,253.87325951243338
2011-11-20 13:00:00,286.40487172789705
2011-11-20 14:00:00,356.4670096744139
2011-11-20 15:00:00,315.83312200205205
2011-11-20 16:00:00,315.29230616119435
2011-11-20 17:00:00,299.76881847885784
2011-11-20 18:00:00,274.1519040121328
2011-11-20 19:00:00,236.50076396060325
2011-11-20 20:00:00,194.2718577409819
2011-11-20 21:00:00,142.9739051977777
2011-11-20 22:00:00,39.31080423893593
2011-11-20 23:00:00,0.0
2011-11-21 00:00:00,0.0
2011-11-21 01:00:00,0.0
2011-11-21 02:00:00,0.0
2011-11-21 03:00:00,0.0
2011-11-21 04:00:00,0.0
2011-11-21 05:00:00,25.487253034775577
2011-11-21 06:00:00,56.76651647829709
2011-11-21 07:00:00,93.0414276596546
2011-11-21 08:00:00,133.6300826657037
2011-11-21 09:00:00,170.83916399057637
2011-11-21 10:00:00,211.35240052140344
2011-11-21 11:00:00,240.9349556169105
2011-11-21 12:00:00,265.71185087532103
2011-11-21 13:00:00,283.02664247285543
2011-11-21 14:00:00,289.4895048559507
2011-11-21 15:00:00,195.2885309488903
2011-11-21 16:00:00,187.6470222463926
2011-11-21 17:00:00,173.11678040249168
2011-11-21 18:00:00,159.1597653369537
2011-11-21 19:00:00,138.48235088510137
2011-11-21 20:00:00,119.7096605891181
2011-11-21 21:00:00,102.00713307346929
2011-11-21 22:00:00,86.51159917735167
2011-11-21 23:00:00,74.23725133335583
2011-11-22 00:00:00,0.0
2011-11-22 01:00:00,0.0
2011-11-22 02:00:00,0.0
2011-11-22 03:00:00,0.0
2011-11-22 04:00:00,0.0
2011-11-22 05:00:00,0.0
2011-11-22 06:00:00,52.07525040341318
2011-11-22 07:00:00,49.84281001183152
2011-11-22 08:00:00,80.1622926651458
2011-11-22 09:00:00,113.46770801146039
2011-11-22 10:00:00,140.13588256574283
2011-11-22 11:00:00,160.75319139318543
2011-11-22 12:00:00,177.64649851609028
2011-11-22 13:00:00,189.59395559454566
2011-11-22 14:00:00,194.345341570845
2011-11-22 15:00:00,195.7657966649325
2011-11-22 16:00:00,188.12428796243483
2011-11-22 17:00:00,173.0391036203079
2011-11-22 18:00:00,157.79691763682558
2011-11-22 19:00:00,139.16640793273513
2011-11-22 20:00:00,185.2372346482177
2011-11-22 21:00:00,157.5387014524927
2011-11-22 22:00:00,136.0796893508725
2011-11-22 23:00:00,114.12286999020525
2011-11-23 00:00:00,0.0
2011-11-23 01:00:00,0.0
2011-11-23 02:00:00,0.0
2011-11-23 03:00:00,0.0
2011-11-23 04:00:00,0.0
2011-11-23 05:00:00,27.690617252298523
2011-11-23 06:00:00,60.744611722897844
2011-11-23 07:00:00,96.30743816174868
2011-11-23 08:00:00,136.08473335833955
2011-11-23 09:00:00,174.22971687731518
2011-11-23 10:00:00,209.81267600385632
2011-11-23 11:00:00,240.83869484762602
2011-11-23 12:00:00,308.4068579448173
2011-11-23 13:00:00,282.97871969997914
2011-11-23 14:00:00,342.2798609914802
2011-11-23 15:00:00,292.16161776646544
2011-11-23 16:00:00,281.85181133010497
2011-11-23 17:00:00,177.70185804890377
2011-11-23 18:00:00,245.10156416358822
2011-11-23 19:00:00,259.4134106049129
2011-11-23 20:00:00,216.06873914750264
2011-11-23 21:00:00,177.7314737050471
2011-11-23 22:00:00,142.7440371562314
2011-11-23 23:00:00,115.15019950532864
2011-11-24 00:00:00,61.18504022527452
2011-11-24 01:00:00,13.870155012343702
2011-11-24 02:00:00,0.0
2011-11-24 03:00:00,0.0
2011-11-24 04:00:00,0.0
2011-11-24 05:00:00,0.0
2011-11-24 06:00:00,12.715135930800457
2011-11-24 07:00:00,44.13657821296438
2011-11-24 08:00:00,96.51622287380364
2011-11-24 09:00:00,152.32572663711977
2011-11-24 10:00:00,210.17267086952785
2011-11-24 11:00:00,263.07157516203796
2011-11-24 12:00:00,313.0283404515303
2011-11-24 13:00:00,351.7831555767418
2011-11-24 14:00:00,377.49793873468013
2011-11-24 15:00:00,390.2027580371291
2011-11-24 16:00:00,386.6218585224456
2011-11-24 17:00:00,371.43380106265937
2011-11-24 18:00:00,335.54815163698066
2011-11-24 19:00:00,291.3102953973477
2011-11-24 20:00:00,229.14411426793572
2011-11-24 21:00:00,172.8785133136284
2011-11-24 22:00:00,113.84639780059652
2011-11-24 23:00:00,58.24415912730743
2011-11-25 00:00:00,0.0
2011-11-25 01:00:00,0.0
2011-11-25 02:00:00,0.0
2011-11-25 03:00:00,0.0
2011-11-25 04:00:00,0.0
2011-11-25 05:00:00,19.001988568626544
2011-11-25 06:00:00,48.03248151748335
2011-11-25 07:00:00,96.61376514127122
2011-11-25 08:00:00,136.3429843758663
2011-11-25 09:00:00,192.44666297152486
2011-11-25 10:00:00,232.50634354258966
2011-11-25 11:00:00,279.73551981517335
2011-11-25 12:00:00,317.01207995932236
2011-11-25 13:00:00,341.1876310067654
2011-11-25 14:00:00,356.116651397702
2011-11-25 15:00:00,359.41702725260285
2011-11-25 16:00:00,350.3244544826474
2011-11-25 17:00:00,334.1603993972067
2011-11-25 18:00:00,305.14878852797176
2011-11-25 19:00:00,268.9743556513239
2011-11-25 20:00:00,233.21931235783273
2011-11-25 21:00:00,194.80740245272443
2011-11-25 22:00:00,156.82414068292914
2011-11-25 23:00:00,126.81689379611126
2011-11-26 00:00:00,68.7733462520819
2011-11-26 01:00:00,25.956554578938324
2011-11-26 02:00:00,0.0
2011-11-26 03:00:00,0.0
2011-11-26 04:00:00,0.0
2011-11-26 05:00:00,0.0
2011-11-26 06:00:00,22.05397199861406
2011-11-26 07:00:00,46.11531516236596
2011-11-26 08:00:00,99.39017704160409
2011-11-26 09:00:00,152.46425738938282
2011-11-26 10:00:00,210.01550418142602
2011-11-26 11:00:00,265.5593809631198
2011-11-26 12:00:00,317.01999411605254
2011-11-26 13:00:00,357.20400236903873
2011-11-26 14:00:00,329.60526658114304
2011-11-26 15:00:00,341.8686274158123
2011-11-26 16:00:00,336.7942030859567
2011-11-26 17:00:00,322.1410496466941
2011-11-26 18:00:00,291.4157489425523
2011-11-26 19:00:00,254.11555477545562
2011-11-26 20:00:00,214.7803407193192
2011-11-26 21:00:00,160.59528953004315
2011-11-26 22:00:00,111.54591040802168
2011-11-26 23:00:00,65.90832164891692
2011-11-27 00:00:00,54.20301343065054
2011-11-27 01:00:00,11.900693759326458
2011-11-27 02:00:00,0.0
2011-11-27 03:00:00,0.0
2011-11-27 04:00:00,0.0
2011-11-27 05:00:00,0.0
2011-11-27 06:00:00,0.0
2011-11-27 07:00:00,34.984689412738064
2011-11-27 08:00:00,82.25356938644927
2011-11-27 09:00:00,138.75923419356354
2011-11-27 10:00:00,192.97817815009486
2011-11-27 11:00:00,247.17803127855785
2011-11-27 12:00:00,297.5052511950298
2011-11-27 13:00:00,335.5886617184482
2011-11-27 14:00:00,369.8917443561697
2011-11-27 15:00:00,384.5544512439594
2011-11-27 16:00:00,372.02929239227956
2011-11-27 17:00:00,354.2106065973855
2011-11-27 18:00:00,321.03931638243546
2011-11-27 19:00:00,276.1483449989211
2011-11-27 20:00:00,225.59514600580368
2011-11-27 21:00:00,166.5744960300732
2011-11-27 22:00:00,107.08831671277028
2011-11-27 23:00:00,50.0385827632866
2011-11-28 00:00:00,0.0
2011-11-28 01:00:00,0.0
2011-11-28 03:00:00,0.0
2011-11-28 04:00:00,0.0
2011-11-28 05:00:00,16.618841787941975
2011-11-28 06:00:00,53.656535132111216
2011-11-28 07:00:00,96.56949455916552
2011-11-28 08:00:00,134.88964769439275
2011-11-28 09:00:00,171.4260075168786
2011-11-28 10:00:00,211.722024948513
2011-11-28 11:00:00,246.31331170710743
2011-11-28 12:00:00,314.4456886743972
2011-11-28 13:00:00,294.3431316837977
2011-11-28 14:00:00,363.42505284912056
2011-11-28 15:00:00,353.16627343457424
2011-11-28 16:00:00,343.7388050122144
2011-11-28 17:00:00,327.25810997992943
2011-11-28 18:00:00,298.66659798999444
2011-11-28 19:00:00,264.40950866869287
2011-11-28 20:00:00,198.01620688623728
2011-11-28 21:00:00,170.47458220811515
2011-11-28 22:00:00,145.56939326143436
2011-11-28 23:00:00,124.7656951940627
2011-11-29 00:00:00,0.0
2011-11-29 01:00:00,0.0
2011-11-29 02:00:00,0.0
2011-11-29 03:00:00,0.0
2011-11-29 04:00:00,0.4905860266550661
2011-11-29 05:00:00,13.134598657766091
2011-11-29 06:00:00,51.49298814210323
2011-11-29 07:00:00,96.10595516197228
2011-11-29 08:00:00,142.03757211863547
2011-11-29 09:00:00,119.61733678237678
2011-11-29 10:00:00,146.28551133665923
2011-11-29 11:00:00,165.75088923808005
2011-11-29 12:00:00,179.48994635051451
2011-11-29 13:00:00,193.5680256146634
2011-11-29 14:00:00,195.8825531436554
2011-11-29 15:00:00,193.48373822210647
2011-11-29 16:00:00,187.36567890656414
2011-11-29 17:00:00,261.15333541646964
2011-11-29 18:00:00,240.7690901693623
2011-11-29 19:00:00,214.91810726014324
2011-11-29 20:00:00,186.92734073619766
2011-11-29 21:00:00,159.66324573885794
2011-11-29 22:00:00,148.07320621881698
2011-11-29 23:00:00,111.63567171814712
2011-11-30 00:00:00,0.0
2011-11-30 01:00:00,0.0
2011-11-30 02:00:00,0.0
2011-11-30 03:00:00,0.0
2011-11-30 04:00:00,0.0
2011-11-30 05:00:00,7.176273698604703
2011-11-30 06:00:00,45.61695132026276
2011-11-30 07:00:00,89.3595840970577
2011-11-30 08:00:00,132.65795328973832
2011-11-30 09:00:00,179.84343635367702
2011-11-30 10:00:00,228.26235837329756
2011-11-30 11:00:00,276.96393214478087
2011-11-30 12:00:00,262.1160468345276
2011-11-30 13:00:00,287.42239288070823
2011-11-30 14:00:00,296.3627746044442
2011-11-30 15:00:00,341.952560336698
2011-11-30 16:00:00,334.34433152262653
2011-11-30 17:00:00,262.5674837688007
2011-11-30 18:00:00,286.316864974297
2011-11-30 19:00:00,216.57448965833407
2011-11-30 20:00:00,189.11636289579045
2011-11-30 21:00:00,180.79055753767545
2011-11-30 22:00:00,147.07012172972642
2011-11-30 23:00:00,118.38201793830977
2011-12-20 00:00:00,0.0
2011-12-20 01:00:00,0.0
2011-12-20 02:00:00,0.0
2011-12-20 03:00:00,0.0
2011-12-20 04:00:00,0.0
2011-12-20 05:00:00,13.963666221876665
2011-12-20 06:00:00,45.97461593141992
2011-12-20 07:00:00,81.23648756046671
2011-12-20 08:00:00,121.71520600528534
2011-12-20 09:00:00,156.7202306681345
2011-12-20 10:00:00,193.06504532282253
2011-12-20 11:00:00,223.1762948758956
2011-12-20 12:00:00,251.3601109326048
2011-12-20 13:00:00,268.6749025301392
2011-12-20 14:00:00,277.3377545730928
2011-12-20 15:00:00,279.89571715040984
2011-12-20 16:00:00,324.3003394175008
2011-12-20 17:00:00,301.1093593370328
2011-12-20 18:00:00,273.23126823757843
2011-12-20 19:00:00,244.12155372142607
2011-12-20 20:00:00,208.0708129875701
2011-12-20 21:00:00,168.61044489825355
2011-12-20 22:00:00,125.33515537834424
2011-12-20 23:00:00,106.39508863713264
2011-12-21 00:00:00,18.676545272833906
2011-12-21 01:00:00,26.718522837796726
2011-12-21 02:00:00,36.37328721810475
2011-12-21 03:00:00,47.63334198445324
2011-12-21 04:00:00,62.88626154329508
2011-12-21 05:00:00,80.21005808193354
2011-12-21 06:00:00,99.4322399526731
2011-12-21 07:00:00,117.81154445041534
2011-12-21 08:00:00,98.10153337220846
2011-12-21 09:00:00,166.01184478029342
2011-12-21 10:00:00,191.98398804849683
2011-12-21 11:00:00,207.55971904702363
2011-12-21 12:00:00,138.05022206625299
2011-12-21 13:00:00,137.15361484034457
2011-12-21 14:00:00,228.86993662263183
2011-12-21 15:00:00,226.64243044075545
2011-12-21 16:00:00,124.83262455312965
2011-12-21 17:00:00,118.37879013611348
2011-12-21 18:00:00,195.00444548880648
2011-12-21 19:00:00,189.84646352273256
2011-12-21 20:00:00,176.72579605937023
2011-12-21 21:00:00,189.2632513582624
2011-12-21 22:00:00,171.47615301304677
2011-12-21 23:00:00,157.70839281707572
2011-12-22 00:00:00,46.0863419901047
2011-12-22 01:00:00,30.40563320659659
2011-12-22 02:00:00,39.5246632789856
2011-12-22 03:00:00,46.00942875469708
2011-12-22 04:00:00,52.48073671442123
2011-12-22 05:00:00,75.57425028780085
2011-12-22 06:00:00,97.9987715964071
2011-12-22 07:00:00,123.26456238375827
2011-12-22 08:00:00,149.97109199883567
2011-12-22 09:00:00,171.9616761387616
2011-12-22 10:00:00,193.91896136313028
2011-12-22 11:00:00,216.25775729443168
2011-12-22 12:00:00,236.37643328453072
2011-12-22 13:00:00,239.8877057465564
2011-12-22 14:00:00,242.5336850990021
2011-12-22 15:00:00,243.74471376958473
2011-12-22 16:00:00,234.95760003213343
2011-12-22 17:00:00,220.51513555879185
2011-12-22 18:00:00,211.09619597023791
2011-12-22 19:00:00,199.7693074368666
2011-12-22 20:00:00,114.7282956636866
2011-12-22 21:00:00,111.86736417997301
2011-12-22 22:00:00,96.99277556561353
2011-12-22 23:00:00,108.77338404203083
2011-12-23 00:00:00,0.0
2011-12-23 01:00:00,3.8223312058880197
2011-12-23 02:00:00,12.167511755967709
2011-12-23 03:00:00,25.43552511195864
2011-12-23 04:00:00,38.20196251223622
2011-12-23 05:00:00,61.902198656744794
2011-12-23 06:00:00,95.23982067013199
2011-12-23 07:00:00,124.29867179884891
2011-12-23 08:00:00,157.25291896466092
2011-12-23 09:00:00,188.09156610880729
2011-12-23 10:00:00,215.62463876396623
2011-12-23 11:00:00,239.13691542357725
2011-12-23 12:00:00,257.96277770533254
2011-12-23 13:00:00,272.8555187442241
2011-12-23 14:00:00,279.6316411088201
2011-12-23 15:00:00,278.4276528757463
2011-12-23 16:00:00,273.91556244057955
2011-12-23 17:00:00,256.1426001596058
2011-12-23 18:00:00,237.9210867003967
2011-12-23 19:00:00,219.0096159742927
2011-12-23 20:00:00,190.58970215483617
2011-12-23 21:00:00,171.8697535808442
2011-12-23 22:00:00,155.39150495226608
2011-12-23 23:00:00,143.80808846948696
2011-12-24 00:00:00,112.69967808176885
2011-12-24 01:00:00,92.79143543037243
2011-12-24 02:00:00,67.95919484290945
2011-12-24 03:00:00,53.23616530238186
2011-12-24 04:00:00,44.7289231176223
2011-12-24 05:00:00,47.04343719747254
2011-12-24 06:00:00,53.36222828158529
2011-12-24 07:00:00,63.052734393798325
2011-12-24 08:00:00,96.04924214932035
2011-12-24 09:00:00,132.68894326708912
2011-12-24 10:00:00,167.3636613978029
2011-12-24 11:00:00,211.03682844336134
2011-12-24 12:00:00,249.89064092187988
2011-12-24 13:00:00,274.8748479233428
2011-12-24 14:00:00,294.3095728640667
2011-12-24 15:00:00,305.24281355351434
2011-12-24 16:00:00,306.8994670943496
2011-12-24 17:00:00,291.66629093602467
2011-12-24 18:00:00,276.30828807391856
2011-12-24 19:00:00,244.71889240672994
2011-12-24 20:00:00,199.8135258390207
2011-12-24 21:00:00,155.7496555528822
2011-12-24 22:00:00,119.65258816025087
2011-12-24 23:00:00,71.76970655243052
2011-12-25 00:00:00,79.33145126444067
2011-12-25 01:00:00,45.02628920931305
2011-12-25 02:00:00,23.47695148538891
2011-12-25 03:00:00,11.482481144717283
2011-12-25 05:00:00,2.0431887085446334
2011-12-25 06:00:00,16.980367274209442
2011-12-25 07:00:00,42.094616325526374
2011-12-25 08:00:00,67.44385292915575
2011-12-25 09:00:00,106.12694352848013
2011-12-25 10:00:00,143.39462354557435
2011-12-25 11:00:00,192.31362524300772
2011-12-25 12:00:00,218.37386902437532
2011-12-25 13:00:00,251.79219432526384
2011-12-25 14:00:00,275.1195179227177
2011-12-25 15:00:00,288.1117445891699
2011-12-25 16:00:00,294.159422787143
2011-12-25 17:00:00,277.53534358057203
2011-12-25 18:00:00,251.7682264266925
2011-12-25 19:00:00,227.32732402098475
2011-12-25 20:00:00,192.62686065195822
2011-12-25 21:00:00,144.81061439578417
2011-12-25 22:00:00,95.51563364710256
2011-12-25 23:00:00,52.35993999975487
2011-12-26 00:00:00,84.18881558518115
2011-12-26 01:00:00,60.497598686771056
2011-12-26 02:00:00,43.182972187490606
2011-12-26 04:00:00,18.23389208861461
2011-12-26 05:00:00,22.560817230800893
2011-12-26 06:00:00,38.39560791103993
2011-12-26 07:00:00,65.62865219285311
2011-12-26 08:00:00,99.37791503324323
2011-12-26 09:00:00,127.87700650507993
2011-12-26 10:00:00,160.55315207474897
2011-12-26 11:00:00,195.6771388615545
2011-12-26 12:00:00,235.71804178895644
2011-12-26 13:00:00,277.0885486283903
2011-12-26 14:00:00,296.0873775244255
2011-12-26 15:00:00,307.11393742318165
2011-12-26 16:00:00,296.84182138845864
2011-12-26 17:00:00,283.8993161587362
2011-12-26 18:00:00,266.3970600784071
2011-12-26 19:00:00,231.46350751626954
2011-12-26 20:00:00,196.2893788194569
2011-12-26 21:00:00,151.27755931464048
2011-12-26 22:00:00,107.78344849702802
2011-12-26 23:00:00,59.0890853814201
2011-12-27 00:00:00,0.6925110512166839
2011-12-27 01:00:00,0.0
2011-12-27 02:00:00,2.104226050886865
2011-12-27 03:00:00,29.39301433666826
2011-12-27 04:00:00,43.93396601634234
2011-12-27 05:00:00,59.57176669457095
2011-12-27 06:00:00,80.75342091369535
2011-12-27 07:00:00,104.55904514961232
2011-12-27 08:00:00,130.63873124309018
2011-12-27 09:00:00,103.61647216489557
2011-12-27 10:00:00,175.82057105565718
2011-12-27 11:00:00,120.52326496829102
2011-12-27 12:00:00,119.86490499930568
2011-12-27 13:00:00,117.08780569865658
2011-12-27 14:00:00,130.81851592364805
2011-12-27 15:00:00,127.01894719681799
2011-12-27 16:00:00,123.6374420390417
2011-12-27 17:00:00,115.62440447048337
2011-12-27 18:00:00,232.37051462061177
2011-12-27 19:00:00,206.00518612637387
2011-12-27 20:00:00,185.37130829920122
2011-12-27 21:00:00,166.19586215700554
2011-12-27 22:00:00,147.97286776710126
2011-12-27 23:00:00,127.14014956993196
2011-12-28 00:00:00,12.741798742614279
2011-12-28 01:00:00,10.857716122836749
2011-12-28 02:00:00,12.657483191937857
2011-12-28 03:00:00,21.909579368643932
2011-12-28 05:00:00,55.60591576300388
2011-12-28 06:00:00,84.9043950969145
2011-12-28 07:00:00,113.52880802724607
2011-12-28 08:00:00,139.85107754394187
2011-12-28 09:00:00,172.18170204562745
2011-12-28 10:00:00,203.68726138025045
2011-12-28 11:00:00,230.07002900265059
2011-12-28 12:00:00,239.78389716847732
2011-12-28 13:00:00,255.6450523151301
2011-12-28 14:00:00,263.47571939427394
2011-12-28 15:00:00,263.79160555771915
2011-12-28 16:00:00,255.4065420717081
2011-12-28 17:00:00,245.68529964464403
2011-12-28 18:00:00,221.81468849648516
2011-12-28 19:00:00,203.1218941115033
2011-12-28 20:00:00,182.99471432220628
2011-12-28 21:00:00,163.43170937664047
2011-12-28 22:00:00,147.82749689831354
2011-12-28 23:00:00,126.63114249594585
2011-12-29 00:00:00,15.171535308059205
2011-12-29 01:00:00,5.617886533572886
2011-12-29 02:00:00,11.387005476797398
2011-12-29 03:00:00,14.239208054087086
2011-12-29 04:00:00,32.42082715223381
2011-12-29 05:00:00,56.62559694894398
2011-12-29 06:00:00,87.41091796928404
2011-12-29 07:00:00,107.16531655550145
2011-12-29 08:00:00,138.4932785227529
2011-12-29 09:00:00,150.97403744451697
2011-12-29 10:00:00,171.6054661708635
2011-12-29 11:00:00,193.45573303261932
2011-12-29 12:00:00,207.86266353866807
2011-12-29 13:00:00,218.09118149540217
2011-12-29 14:00:00,228.91996798541595
2011-12-29 15:00:00,223.6377838472736
2011-12-29 16:00:00,266.92299460704487
2011-12-29 17:00:00,253.65388552003927
2011-12-29 18:00:00,238.85749980908528
2011-12-29 19:00:00,222.3347792718972
2011-12-29 20:00:00,195.6962195186665
2011-12-29 21:00:00,153.79623637829735
2011-12-29 22:00:00,156.79538896942952
2011-12-29 23:00:00,143.9976029575193
2011-12-30 00:00:00,15.686436235857911
2011-12-30 01:00:00,13.294197731901477
2011-12-30 02:00:00,10.345473671233037
2011-12-30 03:00:00,19.597569847939113
2011-12-30 04:00:00,35.37762613370117
2011-12-30 05:00:00,55.531430909775054
2011-12-30 06:00:00,82.10393835550332
2011-12-30 07:00:00,109.83839143687513
2011-12-30 08:00:00,133.18629890897216
2011-12-30 09:00:00,177.54588528657573
2011-12-30 10:00:00,201.31806634051634
2011-12-30 11:00:00,230.59196232379887
2011-12-30 12:00:00,254.4500157530466
2011-12-30 13:00:00,224.38594234813348
2011-12-30 14:00:00,237.70156010049791
2011-12-30 15:00:00,292.69232746168984
2011-12-30 16:00:00,283.23573716649065
2011-12-30 17:00:00,266.19017421265454
2011-12-30 18:00:00,242.42053453941872
2011-12-30 19:00:00,176.26944930482142
2011-12-30 20:00:00,171.70820971233056
2011-12-30 21:00:00,162.43224946182357
2011-12-30 22:00:00,146.88873151472347
2011-12-30 23:00:00,140.4584933114894
2011-12-31 00:00:00,125.65193739026768
2011-12-31 01:00:00,101.19857602336867
2011-12-31 02:00:00,79.8713752892656
2011-12-31 03:00:00,65.86031362790587
2011-12-31 04:00:00,41.842190852032246
2011-12-31 05:00:00,51.65593208168515
2011-12-31 06:00:00,73.66519854041742
2011-12-31 07:00:00,52.35234961559419
2011-12-31 08:00:00,106.69942819168352
2011-12-31 09:00:00,153.85946329264124
2011-12-31 10:00:00,191.168989868011
2011-12-31 11:00:00,231.04144370221536
2011-12-31 12:00:00,279.4949653741288
2011-12-31 13:00:00,301.2423323739886
2011-12-31 14:00:00,316.9005793655112
2011-12-31 15:00:00,325.1577701711391
2011-12-31 16:00:00,323.24751259635127
2011-12-31 17:00:00,312.2498875502415
2011-12-31 18:00:00,292.1015716868348
2011-12-31 19:00:00,260.98586542980297
2011-12-31 20:00:00,224.20980900486285
2011-12-31 21:00:00,180.21390156592858
2011-12-31 22:00:00,134.5874861836198
2011-12-31 23:00:00,90.76944036373216
2012-01-20 00:00:00,19.14857835490163
2012-01-20 01:00:00,21.190915812711893
2012-01-20 02:00:00,23.82438534199038
2012-01-20 03:00:00,30.522746761716732
2012-01-20 04:00:00,42.37097726134802
2012-01-20 05:00:00,63.50660324938691
2012-01-20 06:00:00,82.19499483814414
2012-01-20 07:00:00,109.99595292041694
2012-01-20 08:00:00,140.4815371878345
2012-01-20 09:00:00,169.0755541195698
2012-01-20 10:00:00,176.72058919253644
2012-01-20 11:00:00,188.8696564488792
2012-01-20 12:00:00,200.584087357557
2012-01-20 13:00:00,259.5458724161788
2012-01-20 14:00:00,215.18886397128395
2012-01-20 15:00:00,217.11951278664884
2012-01-20 16:00:00,209.12282179154062
2012-01-20 17:00:00,208.71365069783786
2012-01-20 18:00:00,192.48619994105292
2012-01-20 19:00:00,179.10188611135038
2012-01-20 20:00:00,167.1668518549419
2012-01-20 21:00:00,155.0807112232356
2012-01-20 22:00:00,139.43146054146
2012-01-20 23:00:00,79.42734653983547
2012-01-21 00:00:00,63.70513710241011
2012-01-21 01:00:00,164.38003462363787
2012-01-21 02:00:00,33.27708447848748
2012-01-21 03:00:00,14.338654051674581
2012-01-21 04:00:00,11.618037830437643
2012-01-21 05:00:00,8.909849774566979
2012-01-21 06:00:00,10.094828945778119
2012-01-21 07:00:00,20.777134414157914
2012-01-21 08:00:00,76.73635195196019
2012-01-21 09:00:00,103.40727770078527
2012-01-21 10:00:00,69.78012248830204
2012-01-21 11:00:00,172.35983133616537
2012-01-21 12:00:00,198.37508367432775
2012-01-21 13:00:00,216.2016434182433
2012-01-21 14:00:00,143.82286225780368
2012-01-21 15:00:00,149.74449378870503
2012-01-21 16:00:00,236.39087949024835
2012-01-21 17:00:00,226.68866358181955
2012-01-21 18:00:00,211.28576214912061
2012-01-21 19:00:00,182.6341611691339
2012-01-21 20:00:00,157.2385333202591
2012-01-21 21:00:00,144.8534970992882
2012-01-21 22:00:00,90.97476160401605
2012-01-21 23:00:00,54.01230192254587
2012-01-22 00:00:00,71.14845298212094
2012-01-22 01:00:00,52.37122057780877
2012-01-22 02:00:00,31.26123894289843
2012-01-22 03:00:00,18.14013713049843
2012-01-22 04:00:00,0.0
2012-01-22 05:00:00,0.0
2012-01-22 06:00:00,22.408431710421425
2012-01-22 07:00:00,39.61358665883793
2012-01-22 08:00:00,62.43278282025665
2012-01-22 09:00:00,89.10370856908176
2012-01-22 10:00:00,114.54688531735366
2012-01-22 11:00:00,73.61883610915058
2012-01-22 12:00:00,170.4348656937157
2012-01-22 13:00:00,197.43992515883457
2012-01-22 14:00:00,210.06541459424102
2012-01-22 15:00:00,215.3617569508022
2012-01-22 16:00:00,215.22759841845493
2012-01-22 17:00:00,212.51953851803742
2012-01-22 18:00:00,112.29830215466436
2012-01-22 19:00:00,95.53452514546865
2012-01-22 20:00:00,71.45456820967331
2012-01-22 21:00:00,50.44808211491524
2012-01-22 22:00:00,76.80979256741145
2012-01-22 23:00:00,40.13681152243731
2012-01-23 00:00:00,13.965767785943243
2012-01-23 01:00:00,10.30173060039563
2012-01-23 02:00:00,17.124195877110765
2012-01-23 03:00:00,34.2908533092039
2012-01-23 04:00:00,52.90239561539991
2012-01-23 05:00:00,70.3633963137562
2012-01-23 06:00:00,91.2282937226974
2012-01-23 07:00:00,76.68625378955211
2012-01-23 08:00:00,82.42568853125728
2012-01-23 09:00:00,150.81575685206946
2012-01-23 10:00:00,174.0358510768842
2012-01-23 11:00:00,183.92219850885908
2012-01-23 12:00:00,203.52376319711078
2012-01-23 13:00:00,122.95321949575583
2012-01-23 14:00:00,115.50505828132356
2012-01-23 15:00:00,198.32764334210714
2012-01-23 16:00:00,199.13446108583827
2012-01-23 17:00:00,192.60912109718657
2012-01-23 18:00:00,179.11339646279947
2012-01-23 19:00:00,168.3350525255793
2012-01-23 20:00:00,154.40287947205866
2012-01-23 21:00:00,138.91123669798287
2012-01-23 22:00:00,129.6030268803373
2012-01-23 23:00:00,126.3792400842362
2012-01-24 00:00:00,11.685705749287834
2012-01-24 01:00:00,17.88631613891441
2012-01-24 02:00:00,25.14321961401494
2012-01-24 03:00:00,42.09265794691534
2012-01-24 04:00:00,54.47508593859432
2012-01-24 05:00:00,73.00403845570227
2012-01-24 06:00:00,93.68474947554037
2012-01-24 07:00:00,118.84099088210121
2012-01-24 08:00:00,140.99566477623904
2012-01-24 09:00:00,163.73588324406006
2012-01-24 10:00:00,205.7327588277366
2012-01-24 11:00:00,230.34745378012144
2012-01-24 12:00:00,249.11300548028697
2012-01-24 13:00:00,262.4234443969367
2012-01-24 14:00:00,271.74670739672547
2012-01-24 15:00:00,230.897372848719
2012-01-24 16:00:00,277.90484256104287
2012-01-24 17:00:00,269.87749145510793
2012-01-24 18:00:00,252.36900462326798
2012-01-24 19:00:00,239.73782278586089
2012-01-24 20:00:00,202.33200963986454
2012-01-24 21:00:00,187.5454469283029
2012-01-24 22:00:00,162.97565744005314
2012-01-24 23:00:00,149.2275228499678
2012-01-25 00:00:00,22.02303550449298
2012-01-25 01:00:00,17.01011705756018
2012-01-25 02:00:00,17.788812307298613
2012-01-25 03:00:00,23.874743558847683
2012-01-25 04:00:00,36.822500741016896
2012-01-25 05:00:00,57.95812672905576
2012-01-25 06:00:00,81.60896622031993
2012-01-25 07:00:00,109.87739521106764
2012-01-25 08:00:00,140.36297947848516
2012-01-25 09:00:00,170.0748220685934
2012-01-25 10:00:00,172.48093830647207
2012-01-25 11:00:00,196.84571219143305
2012-01-25 12:00:00,261.5420282705369
2012-01-25 13:00:00,275.6562964293597
2012-01-25 14:00:00,285.34173839241737
2012-01-25 15:00:00,291.87330707943136
2012-01-25 16:00:00,275.4653635004318
2012-01-25 17:00:00,266.0888524657824
2012-01-25 18:00:00,245.7060796113394
2012-01-25 19:00:00,196.7961723230727
2012-01-25 20:00:00,203.82377521518004
2012-01-25 21:00:00,187.78911355366637
2012-01-25 22:00:00,166.07554516280737
2012-01-25 23:00:00,148.16329803462705
2012-01-26 00:00:00,30.970522802047327
2012-01-26 01:00:00,39.11969094798896
2012-01-26 02:00:00,36.96640975028825
2012-01-26 03:00:00,53.69717113769266
2012-01-26 04:00:00,57.40658519614553
2012-01-26 05:00:00,89.55249443867851
2012-01-26 06:00:00,110.78102865719194
2012-01-26 07:00:00,129.37755225412687
2012-01-26 08:00:00,151.53222614826467
2012-01-26 09:00:00,178.33407982493938
2012-01-26 10:00:00,190.76969340761588
2012-01-26 11:00:00,207.91072035137358
2012-01-26 12:00:00,222.5482770608188
2012-01-26 13:00:00,242.46199217225802
2012-01-26 14:00:00,245.87519306635087
2012-01-26 15:00:00,246.35978800536049
2012-01-26 16:00:00,238.51632709867488
2012-01-26 17:00:00,233.0382545746877
2012-01-26 18:00:00,221.64180179490734
2012-01-26 19:00:00,204.31906866166096
2012-01-26 20:00:00,190.13044937954692
2012-01-26 21:00:00,180.0806746743535
2012-01-26 22:00:00,180.43317239729927
2012-01-26 23:00:00,165.1206760555456
2012-01-27 00:00:00,43.40669263346791
2012-01-27 01:00:00,45.19373646309056
2012-01-27 02:00:00,41.002188923387976
2012-01-27 03:00:00,63.436183550733816
2012-01-27 04:00:00,75.127727115434
2012-01-27 05:00:00,96.56494048280227
2012-01-27 06:00:00,116.36188607299182
2012-01-27 07:00:00,138.89934556797533
2012-01-27 08:00:00,128.02190089351552
2012-01-27 09:00:00,140.35127700638998
2012-01-27 10:00:00,147.54170665338515
2012-01-27 11:00:00,226.74629543237344
2012-01-27 12:00:00,241.2905329325101
2012-01-27 13:00:00,295.795519878035
2012-01-27 14:00:00,302.0376904156258
2012-01-27 15:00:00,303.95246169785116
2012-01-27 16:00:00,290.0285331088427
2012-01-27 17:00:00,275.81277795521305
2012-01-27 18:00:00,258.72056156217604
2012-01-27 19:00:00,229.93774595247115
2012-01-27 20:00:00,204.80303406268087
2012-01-27 21:00:00,179.98150875851212
2012-01-27 22:00:00,166.61271354630833
2012-01-27 23:00:00,149.26397583268061
2012-01-28 00:00:00,119.74287451825913
2012-01-28 01:00:00,90.18617951053038
2012-01-28 02:00:00,65.45610877904767
2012-01-28 03:00:00,45.946514527090855
2012-01-28 04:00:00,34.83841252529375
2012-01-28 05:00:00,38.08541250845715
2012-01-28 06:00:00,59.601934489633635
2012-01-28 07:00:00,80.1493081405246
2012-01-28 08:00:00,101.98834513731357
2012-01-28 09:00:00,145.31609216313097
2012-01-28 10:00:00,182.73448627851693
2012-01-28 11:00:00,226.49953816507752
2012-01-28 12:00:00,254.53991456654643
2012-01-28 13:00:00,287.65489016145557
2012-01-28 14:00:00,317.5105858514862
2012-01-28 15:00:00,331.14311564272475
2012-01-28 16:00:00,333.0747822698378
2012-01-28 17:00:00,321.636227133552
2012-01-28 18:00:00,303.5453365664765
2012-01-28 19:00:00,230.44901436192532
2012-01-28 20:00:00,233.35776728479226
2012-01-28 21:00:00,182.26914577078847
2012-01-28 22:00:00,140.1869979756142
2012-01-28 23:00:00,95.65700835892945
2012-01-29 00:00:00,105.87520143124428
2012-01-29 01:00:00,69.12675692219725
2012-01-29 02:00:00,42.12477810680326
2012-01-29 03:00:00,27.617257984855982
2012-01-29 04:00:00,24.360239129940425
2012-01-29 05:00:00,16.82002276372674
2012-01-29 06:00:00,36.34836076108557
2012-01-29 07:00:00,57.977093334932064
2012-01-29 08:00:00,85.86149723348305
2012-01-29 09:00:00,120.68968031154921
2012-01-29 10:00:00,166.3693358233047
2012-01-29 11:00:00,207.5822142379328
2012-01-29 12:00:00,245.79631807239997
2012-01-29 13:00:00,273.1965537386529
2012-01-29 14:00:00,292.19684048099134
2012-01-29 15:00:00,306.4433605167068
2012-01-29 16:00:00,304.75336465045905
2012-01-29 17:00:00,293.75070555886197
2012-01-29 18:00:00,268.7713917184507
2012-01-29 19:00:00,239.32555195437996
2012-01-29 20:00:00,198.92780895370842
2012-01-29 21:00:00,157.68179600112825
2012-01-29 22:00:00,114.00204094810928
2012-01-29 23:00:00,68.54800002417386
2012-01-30 00:00:00,28.492715551204213
2012-01-30 01:00:00,7.350489614931121
2012-01-30 02:00:00,9.829191853110487
2012-01-30 03:00:00,23.67388122544321
2012-01-30 04:00:00,37.190545058476744
2012-01-30 05:00:00,58.32617104651564
2012-01-30 06:00:00,83.51399334130599
2012-01-30 07:00:00,111.70251022694889
2012-01-30 08:00:00,139.79272670566675
2012-01-30 09:00:00,169.50456929577496
2012-01-30 10:00:00,199.66983036234126
2012-01-30 11:00:00,235.21048302649749
2012-01-30 12:00:00,244.90485189880553
2012-01-30 13:00:00,270.7069670485563
2012-01-30 14:00:00,286.3175785350429
2012-01-30 15:00:00,283.4792490312316
2012-01-30 16:00:00,279.48306958022835
2012-01-30 17:00:00,270.8185264247468
2012-01-30 18:00:00,252.48406875471716
2012-01-30 19:00:00,227.91454492199512
2012-01-30 20:00:00,205.35173494439312
2012-01-30 21:00:00,184.57436107406994
2012-01-30 22:00:00,159.93806658491923
2012-01-30 23:00:00,141.32375947686216
2012-01-31 00:00:00,18.012375245636377
2012-01-31 01:00:00,15.389046270817033
2012-01-31 02:00:00,21.308878707959465
2012-01-31 03:00:00,30.026998975289686
2012-01-31 04:00:00,45.31376432737996
2012-01-31 05:00:00,66.44939031541884
2012-01-31 06:00:00,89.6498685139629
2012-01-31 07:00:00,114.13970241137625
2012-01-31 08:00:00,147.6588811828708
2012-01-31 09:00:00,179.87241877708922
2012-01-31 10:00:00,186.86073963336742
2012-01-31 11:00:00,251.02596544928633
2012-01-31 12:00:00,268.94224227619617
2012-01-31 13:00:00,291.42925819590573
2012-01-31 14:00:00,302.55360370217613
2012-01-31 15:00:00,306.14460143506375
2012-01-31 16:00:00,300.0502088776552
2012-01-31 17:00:00,288.8189235634658
2012-01-31 18:00:00,273.92300014152136
2012-01-31 19:00:00,250.3832834764525
2012-01-31 20:00:00,215.86094521697646
2012-01-31 21:00:00,204.08220454466255
2012-01-31 22:00:00,183.22702113897705
2012-01-31 23:00:00,168.70806593443746
2012-02-20 00:00:00,106.06481210563493
2012-02-20 01:00:00,78.66766466625207
2012-02-20 02:00:00,57.34046393214899
2012-02-20 03:00:00,38.492209270099636
2012-02-20 05:00:00,33.99834695221671
2012-02-20 06:00:00,34.86291143713309
2012-02-20 07:00:00,60.46308461262383
2012-02-20 08:00:00,86.52735951700683
2012-02-20 09:00:00,121.88951850444884
2012-02-20 10:00:00,160.99856569687933
2012-02-20 11:00:00,204.82390468703278
2012-02-20 12:00:00,247.26637103119316
2012-02-20 13:00:00,276.6209186879766
2012-02-20 14:00:00,302.90484037700935
2012-02-20 15:00:00,312.85433834509604
2012-02-20 16:00:00,323.89905783633895
2012-02-20 17:00:00,313.35348107598963
2012-02-20 18:00:00,280.38895298694337
2012-02-20 19:00:00,250.57947701767426
2012-02-20 20:00:00,216.4236603506148
2012-02-20 21:00:00,169.9576321669828
2012-02-20 22:00:00,128.68193243848253
2012-02-20 23:00:00,90.45269780832561
2012-02-21 00:00:00,25.916134819371564
2012-02-21 01:00:00,23.676068260010126
2012-02-21 02:00:00,23.321364833923568
2012-02-21 04:00:00,45.12735783015995
2012-02-21 05:00:00,63.09681949741564
2012-02-21 06:00:00,87.61955391242722
2012-02-21 07:00:00,120.47808298229367
2012-02-21 08:00:00,141.65259771180172
2012-02-21 09:00:00,170.07926938396554
2012-02-21 10:00:00,197.53961793216783
2012-02-21 11:00:00,189.79715076350746
2012-02-21 12:00:00,206.96844100394168
2012-02-21 13:00:00,266.0417136358283
2012-02-21 14:00:00,219.66494634332955
2012-02-21 15:00:00,273.0930371881654
2012-02-21 16:00:00,272.00763457755335
2012-02-21 17:00:00,269.83067691332207
2012-02-21 18:00:00,253.7084353087197
2012-02-21 19:00:00,226.80291179905024
2012-02-21 20:00:00,203.37226069488207
2012-02-21 21:00:00,185.19404313025052
2012-02-21 22:00:00,151.7373605560958
2012-02-21 23:00:00,146.0976455674729
2012-02-22 00:00:00,28.776568037489696
2012-02-22 01:00:00,29.911989437384847
2012-02-22 02:00:00,28.98837996480769
2012-02-22 03:00:00,53.57931351710455
2012-02-22 04:00:00,56.83836567846346
2012-02-22 05:00:00,78.93045651636305
2012-02-22 06:00:00,100.39851297510862
2012-02-22 07:00:00,132.29482296089884
2012-02-22 08:00:00,160.2266724713367
2012-02-22 09:00:00,193.10467998660195
2012-02-22 10:00:00,222.9087979644777
2012-02-22 11:00:00,246.9096042980081
2012-02-22 12:00:00,274.0323807194711
2012-02-22 13:00:00,290.82574137146105
2012-02-22 14:00:00,299.51549014650965
2012-02-22 15:00:00,309.36396254371687
2012-02-22 16:00:00,305.2631097106134
2012-02-22 17:00:00,294.1495057846262
2012-02-22 18:00:00,227.70520838860722
2012-02-22 19:00:00,212.90055787337621
2012-02-22 20:00:00,198.71037791058876
2012-02-22 21:00:00,192.9107464823827
2012-02-22 22:00:00,176.97966912753867
2012-02-22 23:00:00,173.78064360843302
2012-02-23 00:00:00,61.366129889257095
2012-02-23 01:00:00,61.214887657054035
2012-02-23 02:00:00,68.19571929767542
2012-02-23 03:00:00,56.52333627982986
2012-02-23 04:00:00,72.60138589597739
2012-02-23 05:00:00,93.73701188401628
2012-02-23 06:00:00,108.85565321116775
2012-02-23 07:00:00,138.11212191556234
2012-02-23 08:00:00,165.21945843411373
2012-02-23 09:00:00,195.22077935853113
2012-02-23 10:00:00,239.69948412314116
2012-02-23 11:00:00,272.73918605428605
2012-02-23 12:00:00,295.7206867387779
2012-02-23 13:00:00,312.72610673648006
2012-02-23 14:00:00,321.3374024614748
2012-02-23 15:00:00,324.0063872792455
2012-02-23 16:00:00,322.3240793531668
2012-02-23 17:00:00,305.98690928806207
2012-02-23 18:00:00,289.4106038791886
2012-02-23 19:00:00,265.96896707880705
2012-02-23 20:00:00,239.29885593978707
2012-02-23 21:00:00,214.22707882633608
2012-02-23 22:00:00,195.0356703286706
2012-02-23 23:00:00,184.09613196111428
2012-02-24 00:00:00,59.5739842253284
2012-02-24 01:00:00,50.42108164130819
2012-02-24 02:00:00,35.65194343835856
2012-02-24 03:00:00,57.326472474672926
2012-02-24 04:00:00,69.72314473608529
2012-02-24 05:00:00,102.43030836386814
2012-02-24 06:00:00,123.72964397119472
2012-02-24 07:00:00,146.91878484612698
2012-02-24 08:00:00,165.25933842470693
2012-02-24 09:00:00,124.41060585046225
2012-02-24 10:00:00,137.77605773206665
2012-02-24 11:00:00,218.53147660388063
2012-02-24 12:00:00,237.3886604747284
2012-02-24 13:00:00,248.21514274723455
2012-02-24 14:00:00,256.13996477490025
2012-02-24 15:00:00,152.13785974172157
2012-02-24 16:00:00,146.6633024397681
2012-02-24 17:00:00,142.54450175186497
2012-02-24 18:00:00,220.25771044682466
2012-02-24 19:00:00,209.45976377734186
2012-02-24 20:00:00,227.4577835112139
2012-02-24 21:00:00,204.0715975116615
2012-02-24 22:00:00,186.48053197907942
2012-02-24 23:00:00,168.02831722447644
2012-02-25 00:00:00,131.60071707313003
2012-02-25 01:00:00,94.25788384312115
2012-02-25 02:00:00,69.6392994761556
2012-02-25 03:00:00,48.49214943947763
2012-02-25 04:00:00,42.952833923423654
2012-02-25 05:00:00,60.75178940171149
2012-02-25 06:00:00,70.96317914255428
2012-02-25 07:00:00,79.7895460353783
2012-02-25 08:00:00,109.85051446476598
2012-02-25 09:00:00,66.82050449021142
2012-02-25 10:00:00,179.61907484842723
2012-02-25 11:00:00,220.93151445204273
2012-02-25 12:00:00,257.6257685767355
2012-02-25 13:00:00,289.2626134990311
2012-02-25 14:00:00,305.98417857066755
2012-02-25 15:00:00,320.0784244317917
2012-02-25 16:00:00,315.5757309854662
2012-02-25 17:00:00,306.49938461542354
2012-02-25 18:00:00,280.9222327716071
2012-02-25 19:00:00,245.41499957269576
2012-02-25 20:00:00,207.65092751647938
2012-02-25 21:00:00,168.48813580305665
2012-02-25 22:00:00,120.31781777753558
2012-02-25 23:00:00,77.64919656217778
2012-02-26 00:00:00,96.1889622168257
2012-02-26 01:00:00,62.6077172987664
2012-02-26 02:00:00,37.09152081722664
2012-02-26 03:00:00,25.764631472841643
2012-02-26 04:00:00,20.12723609210049
2012-02-26 05:00:00,21.78788076021462
2012-02-26 06:00:00,33.01726622573207
2012-02-26 07:00:00,53.64455258610164
2012-02-26 08:00:00,87.19106217970432
2012-02-26 09:00:00,125.97583171652295
2012-02-26 10:00:00,172.09244262554233
2012-02-26 11:00:00,207.14992441144693
2012-02-26 12:00:00,249.63307512693757
2012-02-26 13:00:00,284.0001889297015
2012-02-26 14:00:00,306.6155446479877
2012-02-26 15:00:00,317.00093805638915
2012-02-26 16:00:00,310.12552034985254
2012-02-26 17:00:00,301.756109022238
2012-02-26 18:00:00,274.6801427560947
2012-02-26 19:00:00,249.15166292574958
2012-02-26 20:00:00,208.67546566627658
2012-02-26 21:00:00,164.84308434472905
2012-02-26 22:00:00,118.3923754355377
2012-02-26 23:00:00,69.41618625123517
2012-02-27 00:00:00,19.83656073964292
2012-02-27 01:00:00,17.737854367176823
2012-02-27 02:00:00,14.010657426439622
2012-02-27 03:00:00,26.42316368971342
2012-02-27 04:00:00,39.25573199581446
2012-02-27 05:00:00,60.39135798385334
2012-02-27 06:00:00,86.11315679239334
2012-02-27 07:00:00,116.95192761902973
2012-02-27 08:00:00,152.43045182216832
2012-02-27 09:00:00,181.60474351246432
2012-02-27 10:00:00,217.93880831195793
2012-02-27 11:00:00,246.96820672017367
2012-02-27 12:00:00,277.7333299890845
2012-02-27 13:00:00,290.1930361861753
2012-02-27 14:00:00,305.1170349468507
2012-02-27 15:00:00,312.1909544150785
2012-02-27 16:00:00,307.7733447717918
2012-02-27 17:00:00,296.4621473524977
2012-02-27 18:00:00,277.9511549546056
2012-02-27 19:00:00,256.5829699836338
2012-02-27 20:00:00,233.46907508527502
2012-02-27 21:00:00,211.48858362861603
2012-02-27 22:00:00,190.00134444886748
2012-02-27 23:00:00,173.3094009126752
2012-02-28 00:00:00,46.89213825551148
2012-02-28 01:00:00,36.62343616019851
2012-02-28 02:00:00,43.841846619489104
2012-02-28 03:00:00,53.31121006012927
2012-02-28 04:00:00,49.194069585974944
2012-02-28 05:00:00,70.32969557401384
2012-02-28 06:00:00,93.53017316818412
2012-02-28 07:00:00,120.31427767138088
2012-02-28 08:00:00,147.73691254943836
2012-02-28 09:00:00,179.18584863525825
2012-02-28 10:00:00,210.55780227859674
2012-02-28 11:00:00,243.1510938798327
2012-02-28 12:00:00,268.9242080878396
2012-02-28 13:00:00,285.2094128556506
2012-02-28 14:00:00,299.52204140509775
2012-02-28 15:00:00,302.58779797252635
2012-02-28 16:00:00,296.13742147553387
2012-02-28 17:00:00,284.8262240562397
2012-02-28 18:00:00,267.26044516978675
2012-02-28 19:00:00,250.85424443822933
2012-02-28 20:00:00,225.34656590984116
2012-02-28 21:00:00,193.6478445883875
2012-02-28 22:00:00,175.4248501984832
2012-02-28 23:00:00,151.1263192773547
2012-02-29 00:00:00,39.92906351230876
2012-02-29 01:00:00,36.79903710398759
2012-02-29 02:00:00,29.786536003587912
2012-02-29 03:00:00,40.59711514310793
2012-02-29 05:00:00,74.12311183329044
2012-02-29 06:00:00,109.70608620124693
2012-02-29 07:00:00,125.61302589341753
2012-02-29 08:00:00,151.5607607332949
2012-02-29 09:00:00,119.7090631500215
2012-02-29 10:00:00,129.57093302456923
2012-02-29 11:00:00,132.92912222308786
2012-02-29 12:00:00,136.2485356037879
2012-02-29 13:00:00,225.8281410364705
2012-02-29 14:00:00,228.47412038891622
2012-02-29 15:00:00,240.87681411089292
2012-02-29 16:00:00,145.76978786557027
2012-02-29 17:00:00,226.8825399304531
2012-02-29 18:00:00,135.0194475177394
2012-02-29 19:00:00,203.72330257261274
2012-02-29 20:00:00,123.80276711074649
2012-02-29 21:00:00,120.9418356270329
2012-02-29 22:00:00,118.17568612143491
2012-02-29 23:00:00,120.59920782174808
2012-03-20 00:00:00,75.67596601887288
2012-03-20 01:00:00,66.00712836831849
2012-03-20 02:00:00,67.33436760983429
2012-03-20 03:00:00,93.25115705577949
2012-03-20 04:00:00,104.25551810067809
2012-03-20 05:00:00,123.67440638437506
2012-03-20 06:00:00,142.14552016328693
2012-03-20 07:00:00,126.73314598706759
2012-03-20 08:00:00,188.34004356954523
2012-03-20 09:00:00,210.7809896065651
2012-03-20 10:00:00,253.41137881060797
2012-03-20 11:00:00,283.8450867668998
2012-03-20 12:00:00,306.6708405163602
2012-03-20 13:00:00,320.851613676084
2012-03-20 14:00:00,280.53732290110213
2012-03-20 15:00:00,282.6186858147588
2012-03-20 16:00:00,327.9835669056218
2012-03-20 17:00:00,313.2156668742862
2012-03-20 18:00:00,296.9350589057776
2012-03-20 19:00:00,272.14843285660066
2012-03-20 20:00:00,253.128432015456
2012-03-20 21:00:00,231.01063477345673
2012-03-20 22:00:00,209.79946742818737
2012-03-20 23:00:00,191.80275024178806
2012-03-21 00:00:00,58.760435449059216
2012-03-21 01:00:00,51.56196656801556
2012-03-21 02:00:00,49.20744050235888
2012-03-21 03:00:00,72.66571359611191
2012-03-21 04:00:00,89.934051192981
2012-03-21 05:00:00,110.97149297772614
2012-03-21 06:00:00,131.4210139133532
2012-03-21 07:00:00,121.99829270080048
2012-03-21 08:00:00,142.92908280765286
2012-03-21 09:00:00,216.08292372774275
2012-03-21 10:00:00,243.12265056949298
2012-03-21 11:00:00,263.8751393959983
2012-03-21 12:00:00,285.1568945104548
2012-03-21 13:00:00,294.67779265685715
2012-03-21 14:00:00,302.06841111569315
2012-03-21 15:00:00,300.9815194612993
2012-03-21 16:00:00,349.4917444129566
2012-03-21 17:00:00,341.28427645174133
2012-03-21 18:00:00,323.1756810294728
2012-03-21 19:00:00,302.84782612839354
2012-03-21 20:00:00,263.4546078967082
2012-03-21 21:00:00,235.1101757622715
2012-03-21 22:00:00,209.06650124474766
2012-03-21 23:00:00,194.9071620740159
2012-03-22 00:00:00,64.62677971198622
2012-03-22 01:00:00,57.84458126974552
2012-03-22 02:00:00,58.802683336699005
2012-03-22 03:00:00,67.77282769204965
2012-03-22 04:00:00,92.97587442111845
2012-03-22 05:00:00,114.01331620586362
2012-03-22 06:00:00,138.5935643816722
2012-03-22 07:00:00,165.37855050787095
2012-03-22 08:00:00,195.7044538483882
2012-03-22 09:00:00,222.38513995298769
2012-03-22 10:00:00,245.69594414095408
2012-03-22 11:00:00,270.5936260600462
2012-03-22 12:00:00,286.6533757160586
2012-03-22 13:00:00,350.54070250999314
2012-03-22 14:00:00,366.2862508958624
2012-03-22 15:00:00,368.3855242548918
2012-03-22 16:00:00,361.8529838636114
2012-03-22 17:00:00,350.2910632305871
2012-03-22 18:00:00,330.87623752055583
2012-03-22 19:00:00,310.5653647141168
2012-03-22 20:00:00,275.28186902049185
2012-03-22 21:00:00,244.9399697721315
2012-03-22 22:00:00,218.44223386783182
2012-03-22 23:00:00,200.57213980289868
2012-03-23 00:00:00,67.2340063395451
2012-03-23 01:00:00,57.80530291467751
2012-03-23 02:00:00,57.457174693868325
2012-03-23 03:00:00,64.43908896395385
2012-03-23 04:00:00,93.35659249440127
2012-03-23 05:00:00,115.91748366610177
2012-03-23 06:00:00,141.56568366066202
2012-03-23 07:00:00,165.50282235256037
2012-03-23 08:00:00,192.82623677086679
2012-03-23 09:00:00,222.64155903828453
2012-03-23 10:00:00,250.68663600513338
2012-03-23 11:00:00,281.59191278002663
2012-03-23 12:00:00,301.56371273072455
2012-03-23 13:00:00,321.25812987852163
2012-03-23 14:00:00,325.1189472070023
2012-03-23 15:00:00,323.59761735422313
2012-03-23 16:00:00,316.65492924633867
2012-03-23 17:00:00,305.5086987521928
2012-03-23 18:00:00,333.5527271255038
2012-03-23 19:00:00,307.4684947734702
2012-03-23 20:00:00,283.3872211057154
2012-03-23 21:00:00,258.1285965917816
2012-03-23 22:00:00,228.4008077728036
2012-03-23 23:00:00,206.35584879735006
2012-03-24 00:00:00,164.17608149324386
2012-03-24 01:00:00,123.78697142612371
2012-03-24 02:00:00,93.9096753702313
2012-03-24 03:00:00,77.60870329787375
2012-03-24 04:00:00,70.49464800645438
2012-03-24 05:00:00,89.27864336542402
2012-03-24 06:00:00,103.20538387313417
2012-03-24 07:00:00,122.8688867071111
2012-03-24 08:00:00,149.0965293006647
2012-03-24 09:00:00,186.0267886994559
2012-03-24 10:00:00,218.36645087187162
2012-03-24 11:00:00,248.8797267343943
2012-03-24 12:00:00,202.13235802330604
2012-03-24 13:00:00,220.29200677199182
2012-03-24 14:00:00,232.99137677340212
2012-03-24 15:00:00,235.9084297391992
2012-03-24 16:00:00,237.10254018721275
2012-03-24 17:00:00,231.38301059229718
2012-03-24 18:00:00,211.92784609154035
2012-03-24 19:00:00,192.20964335564184
2012-03-24 20:00:00,162.56556734809743
2012-03-24 21:00:00,133.26709320540363
2012-03-24 22:00:00,101.55288239076135
2012-03-24 23:00:00,114.03016186744512
2012-03-25 00:00:00,128.01725535525543
2012-03-25 01:00:00,95.27683941848065
2012-03-25 02:00:00,47.134823508605834
2012-03-25 03:00:00,35.91772043428479
2012-03-25 04:00:00,53.1579691560036
2012-03-25 05:00:00,56.245486739642175
2012-03-25 06:00:00,70.17222724735228
2012-03-25 07:00:00,92.03974550185441
2012-03-25 08:00:00,120.20567415723377
2012-03-25 09:00:00,153.62568784773705
2012-03-25 10:00:00,187.8825767121602
2012-03-25 11:00:00,221.07788277953335
2012-03-25 12:00:00,251.65112640712485
2012-03-25 13:00:00,280.0246043173748
2012-03-25 14:00:00,299.1394762030026
2012-03-25 15:00:00,307.3393466079549
2012-03-25 16:00:00,367.15260915527483
2012-03-25 17:00:00,355.4045021523432
2012-03-25 18:00:00,331.0932679404336
2012-03-25 19:00:00,294.6308101729728
2012-03-25 20:00:00,250.71872113126898
2012-03-25 21:00:00,204.9081147544154
2012-03-25 22:00:00,154.0095942479863
2012-03-25 23:00:00,108.23885361765531
2012-03-26 00:00:00,56.45236551876073
2012-03-26 01:00:00,45.288445758349255
2012-03-26 02:00:00,43.842023218864
2012-03-26 03:00:00,54.316015437655
2012-03-26 04:00:00,69.70182948389576
2012-03-26 05:00:00,94.23590458853161
2012-03-26 06:00:00,120.44653497323993
2012-03-26 07:00:00,157.3052988459721
2012-03-26 08:00:00,194.02611761000668
2012-03-26 09:00:00,232.95412739069548
2012-03-26 10:00:00,267.3814645417531
2012-03-26 11:00:00,295.79817615323014
2012-03-26 12:00:00,319.92700623130116
2012-03-26 13:00:00,334.91860021327955
2012-03-26 14:00:00,346.6210785300536
2012-03-26 15:00:00,345.8617875607439
2012-03-26 16:00:00,339.3211497042998
2012-03-26 17:00:00,326.8034485513572
2012-03-26 18:00:00,305.2760937680749
2012-03-26 19:00:00,281.7506751112081
2012-03-26 20:00:00,251.75877858772304
2012-03-26 21:00:00,225.12094756351416
2012-03-26 22:00:00,195.3379978824238
2012-03-26 23:00:00,167.41243144310042
2012-03-27 00:00:00,32.457581924599324
2012-03-27 01:00:00,24.774706739360198
2012-03-27 02:00:00,21.702725932991328
2012-03-27 03:00:00,30.236974243653307
2012-03-27 04:00:00,44.3834621011342
2012-03-27 05:00:00,68.65296942964213
2012-03-27 06:00:00,101.46404628363267
2012-03-27 07:00:00,134.77188188986815
2012-03-27 08:00:00,166.42641804811933
2012-03-27 09:00:00,204.91480579457158
2012-03-27 10:00:00,242.2617809374999
2012-03-27 11:00:00,278.8392785801101
2012-03-27 12:00:00,304.2247693407634
2012-03-27 13:00:00,327.5314854937925
2012-03-27 14:00:00,342.9513924400022
2012-03-27 15:00:00,348.2988599734265
2012-03-27 16:00:00,341.48215028250314
2012-03-27 17:00:00,330.21222276517125
2012-03-27 18:00:00,307.5421662290082
2012-03-27 19:00:00,285.4317722011347
2012-03-27 20:00:00,258.63995809316737
2012-03-27 21:00:00,218.84460277024868
2012-03-27 22:00:00,195.8781695265599
2012-03-27 23:00:00,175.61574967790068
2012-03-28 00:00:00,45.19219107963225
2012-03-28 01:00:00,37.1248217194472
2012-03-28 02:00:00,33.59359438650806
2012-03-28 03:00:00,43.373786485713666
2012-03-28 04:00:00,64.29496503264976
2012-03-28 05:00:00,87.93908028832585
2012-03-28 06:00:00,115.84080713650657
2012-03-28 07:00:00,149.58308094112743
2012-03-28 08:00:00,192.8639458315995
2012-03-28 09:00:00,229.23462178250145
2012-03-28 10:00:00,268.60414118166227
2012-03-28 11:00:00,301.6714404261797
2012-03-28 12:00:00,289.41336200669116
2012-03-28 13:00:00,347.9502393126946
2012-03-28 14:00:00,369.2049318672127
2012-03-28 15:00:00,317.7963909111157
2012-03-28 16:00:00,223.78617027722777
2012-03-28 17:00:00,345.84190426271186
2012-03-28 18:00:00,326.4270785526806
2012-03-28 19:00:00,306.34266187409287
2012-03-28 20:00:00,279.3336286669329
2012-03-28 21:00:00,243.2712161877837
2012-03-28 22:00:00,219.12657893780937
2012-03-28 23:00:00,197.2659803193892
2012-03-29 00:00:00,70.26045680687227
2012-03-29 01:00:00,67.52907349970835
2012-03-29 02:00:00,81.89865151660558
2012-03-29 03:00:00,83.18340303778388
2012-03-29 04:00:00,93.16882357265419
2012-03-29 05:00:00,113.87443831251568
2012-03-29 06:00:00,136.72659341793405
2012-03-29 07:00:00,169.93491539554978
2012-03-29 08:00:00,205.15334414244737
2012-03-29 09:00:00,242.11828250194424
2012-03-29 10:00:00,273.38290801995186
2012-03-29 11:00:00,306.9856410201484
2012-03-29 12:00:00,330.0465433618385
2012-03-29 13:00:00,345.2287388190811
2012-03-29 14:00:00,357.61094990366496
2012-03-29 15:00:00,360.8370037343618
2012-03-29 16:00:00,354.9887081511997
2012-03-29 17:00:00,340.00948600346493
2012-03-29 18:00:00,319.951887625332
2012-03-29 19:00:00,294.9959372752213
2012-03-29 20:00:00,267.7001153395436
2012-03-29 21:00:00,239.61212943370032
2012-03-29 22:00:00,214.43879157674576
2012-03-29 23:00:00,194.295510962592
2012-03-30 00:00:00,57.894602077808614
2012-03-30 01:00:00,49.02463583931234
2012-03-30 02:00:00,40.89303491964364
2012-03-30 03:00:00,51.26082693496052
2012-03-30 04:00:00,72.24315053799398
2012-03-30 05:00:00,92.6923190492621
2012-03-30 06:00:00,122.05866663148245
2012-03-30 07:00:00,152.7462624798373
2012-03-30 08:00:00,186.52112986251353
2012-03-30 09:00:00,225.25152206752466
2012-03-30 10:00:00,239.08257742447046
2012-03-30 11:00:00,264.2692930826962
2012-03-30 12:00:00,281.8968549261744
2012-03-30 13:00:00,210.6628349072045
2012-03-30 14:00:00,210.50598475680914
2012-03-30 15:00:00,209.1676796464401
2012-03-30 16:00:00,195.6558722027917
2012-03-30 17:00:00,275.5728615104355
2012-03-30 18:00:00,309.52378786348095
2012-03-30 19:00:00,282.49078661115334
2012-03-30 20:00:00,257.8755370340227
2012-03-30 21:00:00,230.34774616085411
2012-03-30 22:00:00,199.47986256637188
2012-03-30 23:00:00,186.86471386960528
2012-03-31 00:00:00,143.91850857421576
2012-03-31 01:00:00,119.49706866161665
2012-03-31 02:00:00,97.20271938598975
2012-03-31 03:00:00,64.90473793917123
2012-03-31 04:00:00,60.665147705980814
2012-03-31 05:00:00,68.276541370187
2012-03-31 06:00:00,86.7148187563006
2012-03-31 07:00:00,108.60339638062104
2012-03-31 08:00:00,136.33488683761502
2012-03-31 09:00:00,178.53451040578852
2012-03-31 10:00:00,213.50480091331207
2012-03-31 11:00:00,285.672087321039
2012-03-31 12:00:00,327.9952222655958
2012-03-31 13:00:00,363.34505205705375
2012-03-31 14:00:00,328.403237118471
2012-03-31 15:00:00,339.0846285423602
2012-03-31 16:00:00,335.52795491206524
2012-03-31 17:00:00,370.5864403126027
2012-03-31 18:00:00,296.1809886865492
2012-03-31 19:00:00,305.75864550478525
2012-03-31 20:00:00,233.41739850098264
2012-03-31 21:00:00,195.42769111967192
2012-03-31 22:00:00,154.9870301783426
2012-03-31 23:00:00,106.31172275991628
2012-04-20 00:00:00,87.88575055728188
2012-04-20 01:00:00,75.35788914063019
2012-04-20 02:00:00,73.49149425516481
2012-04-20 03:00:00,83.76641105197483
2012-04-20 04:00:00,97.63537164616858
2012-04-20 05:00:00,122.80293628880003
2012-04-20 06:00:00,153.1769251081823
2012-04-20 07:00:00,185.41680889566607
2012-04-20 08:00:00,222.56461257504705
2012-04-20 09:00:00,259.45479858291964
2012-04-20 10:00:00,296.7118154086953
2012-04-20 11:00:00,331.57350020353744
2012-04-20 12:00:00,360.95097502885653
2012-04-20 13:00:00,389.49935757133676
2012-04-20 14:00:00,397.39078020097713
2012-04-20 15:00:00,398.2137672715385
2012-04-20 16:00:00,391.50323491046623
2012-04-20 17:00:00,376.3379233277757
2012-04-20 18:00:00,356.8169202878935
2012-04-20 19:00:00,334.6003489301689
2012-04-20 20:00:00,298.4923757077281
2012-04-20 21:00:00,269.5406514937192
2012-04-20 22:00:00,242.64110858552658
2012-04-20 23:00:00,222.50671260084923
2012-04-21 00:00:00,180.39390553119628
2012-04-21 01:00:00,143.97199416937573
2012-04-21 02:00:00,118.08666051327361
2012-04-21 03:00:00,97.81848731812124
2012-04-21 04:00:00,92.89173753394793
2012-04-21 05:00:00,100.3214143523663
2012-04-21 06:00:00,119.4083818832838
2012-04-21 07:00:00,146.94947474456694
2012-04-21 08:00:00,185.3756911232047
2012-04-21 09:00:00,230.18567817045448
2012-04-21 10:00:00,285.6397078086079
2012-04-21 11:00:00,326.97581673160346
2012-04-21 12:00:00,368.67205565557776
2012-04-21 13:00:00,399.54143946787184
2012-04-21 14:00:00,423.149102006465
2012-04-21 15:00:00,437.0517621965525
2012-04-21 16:00:00,432.5058366713499
2012-04-21 17:00:00,372.26239579574053
2012-04-21 18:00:00,347.2281498244155
2012-04-21 19:00:00,225.93402681588026
2012-04-21 20:00:00,195.91250899830402
2012-04-21 21:00:00,165.30780456784743
2012-04-21 22:00:00,197.88911068766532
2012-04-21 23:00:00,144.30504496611576
2012-04-22 00:00:00,159.59836874168877
2012-04-22 01:00:00,127.30167171591012
2012-04-22 02:00:00,93.38163396944881
2012-04-22 03:00:00,90.64332853312912
2012-04-22 04:00:00,86.73105916857338
2012-04-22 05:00:00,90.68372827298677
2012-04-22 06:00:00,103.97697924270128
2012-04-22 07:00:00,85.69065082297061
2012-04-22 08:00:00,105.29403120466168
2012-04-22 09:00:00,128.93380046797807
2012-04-22 10:00:00,151.25894998552644
2012-04-22 11:00:00,175.62631677892307
2012-04-22 12:00:00,197.76375506846267
2012-04-22 13:00:00,216.8133636661082
2012-04-22 14:00:00,229.51270958514775
2012-04-22 15:00:00,235.26872535576894
2012-04-22 16:00:00,233.85183307456043
2012-04-22 17:00:00,214.3859948086291
2012-04-22 18:00:00,199.52633824636357
2012-04-22 19:00:00,178.48230369918736
2012-04-22 20:00:00,155.1729001685315
2012-04-22 21:00:00,127.37681604297472
2012-04-22 22:00:00,88.43535468235697
2012-04-22 23:00:00,63.848858757654305
2012-04-23 00:00:00,27.38971887376607
2012-04-23 01:00:00,28.623668900702867
2012-04-23 02:00:00,63.30833181000527
2012-04-23 03:00:00,76.00750171763136
2012-04-23 04:00:00,67.86066833010875
2012-04-23 05:00:00,86.29143664392296
2012-04-23 06:00:00,133.85062123352304
2012-04-23 07:00:00,126.84392868576023
2012-04-23 08:00:00,188.76906952188324
2012-04-23 09:00:00,214.57942138340871
2012-04-23 10:00:00,244.67382618142494
2012-04-23 11:00:00,262.8075330963529
2012-04-23 12:00:00,202.21380585815302
2012-04-23 13:00:00,207.17215985989213
2012-04-23 14:00:00,209.33992100208312
2012-04-23 15:00:00,299.80255190075616
2012-04-23 16:00:00,192.67401328723003
2012-04-23 17:00:00,184.39090249260846
2012-04-23 18:00:00,185.77383405478486
2012-04-23 19:00:00,248.7120697506283
2012-04-23 20:00:00,232.40000747572793
2012-04-23 21:00:00,211.65142900409674
2012-04-23 22:00:00,213.70788003516924
2012-04-23 23:00:00,194.75023262796935
2012-04-24 00:00:00,65.24276513432739
2012-04-24 01:00:00,63.655166610812934
2012-04-24 02:00:00,52.39708207710302
2012-04-24 03:00:00,58.73252082216776
2012-04-24 04:00:00,76.07770438242329
2012-04-24 05:00:00,99.72181963809938
2012-04-24 06:00:00,128.59196059404127
2012-04-24 07:00:00,163.49797497003772
2012-04-24 08:00:00,201.9716369605623
2012-04-24 09:00:00,250.1780573829562
2012-04-24 10:00:00,286.0984773386742
2012-04-24 11:00:00,320.4509691660114
2012-04-24 12:00:00,346.19244386624854
2012-04-24 13:00:00,364.6223987327557
2012-04-24 14:00:00,374.2674758355693
2012-04-24 15:00:00,375.11008851201643
2012-04-24 16:00:00,371.5574966941966
2012-04-24 17:00:00,356.923916010266
2012-04-24 18:00:00,342.1079486964629
2012-04-24 19:00:00,314.992768309338
2012-04-24 20:00:00,286.1276522575203
2012-04-24 21:00:00,238.08965820011232
2012-04-24 22:00:00,234.48928909280238
2012-04-24 23:00:00,213.00943810845683
2012-04-25 00:00:00,89.70213412926404
2012-04-25 01:00:00,80.61495120907036
2012-04-25 02:00:00,72.55112065698621
2012-04-25 03:00:00,73.0647344896494
2012-04-25 04:00:00,92.25563433641219
2012-04-25 05:00:00,119.39032359304296
2012-04-25 06:00:00,148.69636059367355
2012-04-25 07:00:00,181.11423635094928
2012-04-25 08:00:00,213.8670415367582
2012-04-25 09:00:00,261.9439253221641
2012-04-25 10:00:00,307.6234261050361
2012-04-25 11:00:00,335.3048193554638
2012-04-25 12:00:00,359.22571346444806
2012-04-25 13:00:00,378.8819865136131
2012-04-25 14:00:00,386.56917603108604
2012-04-25 15:00:00,392.6234492727024
2012-04-25 16:00:00,389.37466239441414
2012-04-25 17:00:00,376.057654474026
2012-04-25 18:00:00,356.8600478631874
2012-04-25 19:00:00,334.74965383531384
2012-04-25 20:00:00,302.5193706351438
2012-04-25 21:00:00,267.51969007145067
2012-04-25 22:00:00,244.48222935213354
2012-04-25 23:00:00,219.2953912405192
2012-04-26 00:00:00,98.13945458264628
2012-04-26 01:00:00,98.80546516720807
2012-04-26 02:00:00,102.48940009386195
2012-04-26 03:00:00,113.68472213804763
2012-04-26 04:00:00,129.37075761267494
2012-04-26 05:00:00,149.04457422067424
2012-04-26 06:00:00,171.88415391033473
2012-04-26 07:00:00,155.34922885401858
2012-04-26 08:00:00,177.36903014944096
2012-04-26 09:00:00,194.72496939505726
2012-04-26 10:00:00,271.2459989277861
2012-04-26 11:00:00,291.12815351121736
2012-04-26 12:00:00,315.73987125210647
2012-04-26 13:00:00,324.29980615629137
2012-04-26 14:00:00,333.0414632552197
2012-04-26 15:00:00,327.15626336435776
2012-04-26 16:00:00,322.1729206881173
2012-04-26 17:00:00,364.48536236825487
2012-04-26 18:00:00,299.61251215827497
2012-04-26 19:00:00,282.2828412779868
2012-04-26 20:00:00,295.73389032399746
2012-04-26 21:00:00,266.9783234218676
2012-04-26 22:00:00,244.44632837656417
2012-04-26 23:00:00,222.3932719359468
2012-04-27 00:00:00,89.19432589598486
2012-04-27 01:00:00,81.99402475037895
2012-04-27 02:00:00,81.63147772835393
2012-04-27 03:00:00,88.12241625920169
2012-04-27 04:00:00,107.07464155381905
2012-04-27 05:00:00,129.19530742253977
2012-04-27 06:00:00,158.4462406462505
2012-04-27 07:00:00,188.3012254331813
2012-04-27 08:00:00,229.58348364623492
2012-04-27 09:00:00,260.6000068980853
2012-04-27 10:00:00,297.82006120665767
2012-04-27 11:00:00,328.40813054430146
2012-04-27 12:00:00,353.70070119374805
2012-04-27 13:00:00,370.4721907912752
2012-04-27 14:00:00,380.275634257995
2012-04-27 15:00:00,384.8149103944973
2012-04-27 16:00:00,381.4795376758701
2012-04-27 17:00:00,368.4282591141814
2012-04-27 18:00:00,347.5003264929744
2012-04-27 19:00:00,321.5208112069932
2012-04-27 20:00:00,293.31915277483665
2012-04-27 21:00:00,265.5086965497758
2012-04-27 22:00:00,240.09851398774282
2012-04-27 23:00:00,218.59389930890654
2012-04-28 00:00:00,177.6770679219872
2012-04-28 01:00:00,129.7128172082286
2012-04-28 02:00:00,107.92389420384542
2012-04-28 03:00:00,85.7292825791454
2012-04-28 04:00:00,84.29164894962346
2012-04-28 05:00:00,92.69119772210635
2012-04-28 06:00:00,109.93941690218861
2012-04-28 07:00:00,138.78528220493115
2012-04-28 08:00:00,184.77513154561325
2012-04-28 09:00:00,212.91584239751694
2012-04-28 10:00:00,244.0880391225612
2012-04-28 11:00:00,278.310612032982
2012-04-28 12:00:00,309.4388909397677
2012-04-28 13:00:00,336.9565004593489
2012-04-28 14:00:00,405.0134751887207
2012-04-28 15:00:00,413.3810979861769
2012-04-28 16:00:00,362.5995366179127
2012-04-28 17:00:00,350.6831781561688
2012-04-28 18:00:00,247.37070013904042
2012-04-28 19:00:00,212.2058628565029
2012-04-28 20:00:00,263.7063489514288
2012-04-28 21:00:00,156.08780965868357
2012-04-28 22:00:00,176.97043457953436
2012-04-28 23:00:00,143.86088689388475
2012-04-29 00:00:00,115.40677673801292
2012-04-29 01:00:00,119.82931322856632
2012-04-29 02:00:00,98.37757512496387
2012-04-29 03:00:00,80.59544548759735
2012-04-29 04:00:00,76.6635505171559
2012-04-29 05:00:00,73.61471306863052
2012-04-29 06:00:00,85.92620153703271
2012-04-29 07:00:00,115.5308622193491
2012-04-29 08:00:00,160.2475658769672
2012-04-29 09:00:00,203.93077245254955
2012-04-29 10:00:00,250.06568359967073
2012-04-29 11:00:00,299.6303858433748
2012-04-29 12:00:00,338.82816775521945
2012-04-29 13:00:00,371.16992740153773
2012-04-29 14:00:00,399.7261694928367
2012-04-29 15:00:00,409.6331183247673
2012-04-29 16:00:00,419.30783506286207
2012-04-29 17:00:00,404.4461973683779
2012-04-29 18:00:00,380.95797280497777
2012-04-29 19:00:00,337.35296107732154
2012-04-29 20:00:00,296.8385720268131
2012-04-29 21:00:00,243.13054647289667
2012-04-29 22:00:00,195.17795326545524
2012-04-29 23:00:00,143.3877689382974
2012-04-30 00:00:00,81.59532689338984
2012-04-30 01:00:00,72.36937913280494
2012-04-30 02:00:00,73.74377572093206
2012-04-30 03:00:00,79.63151904896714
2012-04-30 04:00:00,95.75554418004523
2012-04-30 05:00:00,119.3996594357213
2012-04-30 06:00:00,154.01692121237753
2012-04-30 07:00:00,186.79078090923718
2012-04-30 08:00:00,223.41351980858462
2012-04-30 09:00:00,243.412050768438
2012-04-30 10:00:00,270.33777404679245
2012-04-30 11:00:00,293.19762977557315
2012-04-30 12:00:00,308.27822434741495
2012-04-30 13:00:00,322.33431985071877
2012-04-30 14:00:00,327.4713532838492
2012-04-30 15:00:00,328.5899108139132
2012-04-30 16:00:00,375.77199117735404
2012-04-30 17:00:00,362.4535254106626
2012-04-30 18:00:00,297.144779155994
2012-04-30 19:00:00,277.3480531091742
2012-04-30 20:00:00,259.7271411176364
2012-04-30 21:00:00,242.93766630363615
2012-04-30 22:00:00,229.59652766507057
2012-04-30 23:00:00,217.86491588609047
2012-05-20 00:00:00,199.3988562612397
2012-05-20 01:00:00,162.9073776875893
2012-05-20 02:00:00,135.71581374372448
2012-05-20 03:00:00,115.64009837076934
2012-05-20 04:00:00,107.2408721614056
2012-05-20 05:00:00,111.97035101539109
2012-05-20 06:00:00,131.7903698776654
2012-05-20 07:00:00,160.2125138760612
2012-05-20 08:00:00,202.35172920977425
2012-05-20 09:00:00,258.2070614641698
2012-05-20 10:00:00,299.35710605836306
2012-05-20 11:00:00,340.44827281111634
2012-05-20 12:00:00,379.92356032137275
2012-05-20 13:00:00,410.73408898088525
2012-05-20 14:00:00,432.1440598525004
2012-05-20 15:00:00,387.9293774883841
2012-05-20 16:00:00,441.52185388720363
2012-05-20 17:00:00,428.3339344784173
2012-05-20 18:00:00,403.3825470272809
2012-05-20 19:00:00,362.700169201923
2012-05-20 20:00:00,321.00014694446065
2012-05-20 21:00:00,271.5731636309157
2012-05-20 22:00:00,221.28707329266396
2012-05-20 23:00:00,123.85049709731592
2012-05-21 00:00:00,79.6889582022445
2012-05-21 01:00:00,84.20554505230172
2012-05-21 02:00:00,92.22612761375507
2012-05-21 03:00:00,128.10539980318384
2012-05-21 04:00:00,121.71511154932841
2012-05-21 05:00:00,140.14587986314262
2012-05-21 06:00:00,160.00033921412916
2012-05-21 07:00:00,180.2624758602912
2012-05-21 08:00:00,200.54160866956556
2012-05-21 09:00:00,218.9654997339335
2012-05-21 10:00:00,235.330145493896
2012-05-21 11:00:00,322.59481770619743
2012-05-21 12:00:00,337.3390539443411
2012-05-21 13:00:00,263.62205506013095
2012-05-21 14:00:00,265.0475070319775
2012-05-21 15:00:00,359.9617453576407
2012-05-21 16:00:00,352.58461905137096
2012-05-21 17:00:00,343.90690157006
2012-05-21 18:00:00,373.9480446581125
2012-05-21 19:00:00,353.2171524545039
2012-05-21 20:00:00,325.3233662030541
2012-05-21 21:00:00,300.92211402753986
2012-05-21 22:00:00,260.5021236641851
2012-05-21 23:00:00,252.38869986039745
2012-05-22 00:00:00,110.128120246001
2012-05-22 01:00:00,114.24809893430574
2012-05-22 02:00:00,119.82963494708126
2012-05-22 03:00:00,130.80773789207427
2012-05-22 04:00:00,143.67443858525843
2012-05-22 05:00:00,138.88247709303678
2012-05-22 06:00:00,160.0417088854827
2012-05-22 07:00:00,180.30384553164475
2012-05-22 08:00:00,244.01441710479799
2012-05-22 09:00:00,275.5470549589869
2012-05-22 10:00:00,303.23179947945465
2012-05-22 11:00:00,325.29051859372265
2012-05-22 12:00:00,341.57262302003744
2012-05-22 13:00:00,356.34589320717896
2012-05-22 14:00:00,359.56655729643273
2012-05-22 15:00:00,418.7828534396902
2012-05-22 16:00:00,409.9923819334024
2012-05-22 17:00:00,402.53642484606877
2012-05-22 18:00:00,376.3902140599089
2012-05-22 19:00:00,348.47241271210197
2012-05-22 20:00:00,320.08387768067706
2012-05-22 21:00:00,293.68286727917587
2012-05-22 22:00:00,271.82215513733627
2012-05-22 23:00:00,252.21285043255835
2012-05-23 00:00:00,124.5039095496806
2012-05-23 01:00:00,112.44050051452712
2012-05-23 02:00:00,126.74910697331464
2012-05-23 03:00:00,126.32785059446223
2012-05-23 04:00:00,129.14593833239977
2012-05-23 05:00:00,144.045403985603
2012-05-23 06:00:00,188.47964086653047
2012-05-23 07:00:00,225.9718942772582
2012-05-23 08:00:00,261.348689388062
2012-05-23 09:00:00,287.9490800298066
2012-05-23 10:00:00,335.3097787043838
2012-05-23 11:00:00,368.5602767233631
2012-05-23 12:00:00,352.9525871027374
2012-05-23 13:00:00,361.563923876665
2012-05-23 14:00:00,420.7748797471641
2012-05-23 15:00:00,373.4563786380494
2012-05-23 16:00:00,275.4504707283753
2012-05-23 17:00:00,259.9856600117206
2012-05-23 18:00:00,250.02241195133337
2012-05-23 19:00:00,308.67148385927084
2012-05-23 20:00:00,292.14884210403835
2012-05-23 21:00:00,276.6655975778008
2012-05-23 22:00:00,259.78426923165273
2012-05-23 23:00:00,252.07639897262933
2012-05-24 00:00:00,126.59286700076447
2012-05-24 01:00:00,116.73636499637203
2012-05-24 02:00:00,119.00069735108818
2012-05-24 03:00:00,141.80585530095993
2012-05-24 04:00:00,157.33352441168097
2012-05-24 05:00:00,178.37096619642614
2012-05-24 06:00:00,202.9512143722347
2012-05-24 07:00:00,232.48760472569995
2012-05-24 08:00:00,273.1652360353023
2012-05-24 09:00:00,308.10125933383006
2012-05-24 10:00:00,345.0256427019034
2012-05-24 11:00:00,376.065484731755
2012-05-24 12:00:00,404.88790019550925
2012-05-24 13:00:00,423.1739545505153
2012-05-24 14:00:00,432.8152826949623
2012-05-24 15:00:00,433.3019114318256
2012-05-24 16:00:00,424.96175235394696
2012-05-24 17:00:00,412.2964017311368
2012-05-24 18:00:00,390.64990771334897
2012-05-24 19:00:00,364.6522246677854
2012-05-24 20:00:00,303.8070223873724
2012-05-24 21:00:00,223.42998181052462
2012-05-24 22:00:00,269.5837231590836
2012-05-24 23:00:00,258.28800742479217
2012-05-25 00:00:00,125.48566090931547
2012-05-25 01:00:00,119.35511976465281
2012-05-25 02:00:00,134.969956511203
2012-05-25 03:00:00,141.33584065468372
2012-05-25 04:00:00,159.25729339543415
2012-05-25 05:00:00,178.98850489241664
2012-05-25 06:00:00,203.35153396903252
2012-05-25 07:00:00,229.26618585215724
2012-05-25 08:00:00,259.23094549961013
2012-05-25 09:00:00,285.47719340582427
2012-05-25 10:00:00,343.3988554199237
2012-05-25 11:00:00,373.1180483607968
2012-05-25 12:00:00,405.19275935649466
2012-05-25 13:00:00,421.7159001905922
2012-05-25 14:00:00,431.3609772934059
2012-05-25 15:00:00,434.655096805677
2012-05-25 16:00:00,428.7546121884597
2012-05-25 17:00:00,412.77925286191413
2012-05-25 18:00:00,394.67065743964565
2012-05-25 19:00:00,366.42834418167104
2012-05-25 20:00:00,338.1860007738104
2012-05-25 21:00:00,313.1411887658819
2012-05-25 22:00:00,285.043816245518
2012-05-25 23:00:00,261.014750561425
2012-05-26 00:00:00,217.1231533233443
2012-05-26 01:00:00,181.1371380062124
2012-05-26 02:00:00,152.87762224359594
2012-05-26 03:00:00,135.4180693533433
2012-05-26 04:00:00,130.49131956917
2012-05-26 05:00:00,139.2690973159973
2012-05-26 06:00:00,155.70319147704646
2012-05-26 07:00:00,185.74229035774826
2012-05-26 08:00:00,226.76154459974626
2012-05-26 09:00:00,263.83914253507066
2012-05-26 10:00:00,315.0406646047869
2012-05-26 11:00:00,362.2049195172303
2012-05-26 12:00:00,404.42479187480086
2012-05-26 13:00:00,439.57924910119704
2012-05-26 14:00:00,460.6762121209956
2012-05-26 15:00:00,470.44814507090155
2012-05-26 16:00:00,471.24776091018725
2012-05-26 17:00:00,406.7451704297847
2012-05-26 18:00:00,386.273514152104
2012-05-26 19:00:00,356.226246606155
2012-05-26 20:00:00,322.5966112182009
2012-05-26 21:00:00,283.7887586278714
2012-05-26 22:00:00,252.28664475774553
2012-05-26 23:00:00,204.74489314134206
2012-05-27 00:00:00,212.4828444195359
2012-05-27 01:00:00,169.45267910289778
2012-05-27 02:00:00,140.68256199515776
2012-05-27 03:00:00,125.25192416587426
2012-05-27 04:00:00,114.58989998451706
2012-05-27 05:00:00,122.01957680293543
2012-05-27 06:00:00,141.10654433385292
2012-05-27 07:00:00,166.4292020236531
2012-05-27 08:00:00,204.6970520383846
2012-05-27 09:00:00,249.23874643351053
2012-05-27 10:00:00,297.37633149922533
2012-05-27 11:00:00,346.8296496084085
2012-05-27 12:00:00,385.8704989202796
2012-05-27 13:00:00,420.6845205377995
2012-05-27 14:00:00,441.3470453592127
2012-05-27 15:00:00,452.1935697467308
2012-05-27 16:00:00,451.0271764531413
2012-05-27 17:00:00,438.25555156552855
2012-05-27 18:00:00,412.7701882050164
2012-05-27 19:00:00,380.223505608237
2012-05-27 20:00:00,335.53654275927147
2012-05-27 21:00:00,193.904981986976
2012-05-27 22:00:00,160.9496577069071
2012-05-27 23:00:00,128.51163464452122
2012-05-28 00:00:00,205.75173149516763
2012-05-28 01:00:00,180.47807899762955
2012-05-28 02:00:00,140.36724520340988
2012-05-28 03:00:00,130.67188177131027
2012-05-28 04:00:00,123.96896124758408
2012-05-28 05:00:00,131.39863806600243
2012-05-28 06:00:00,152.26177633647282
2012-05-28 07:00:00,180.65357783494426
2012-05-28 08:00:00,223.34782844785144
2012-05-28 09:00:00,269.32155364898153
2012-05-28 10:00:00,312.3362944856898
2012-05-28 11:00:00,355.32684848767957
2012-05-28 12:00:00,397.270649010771
2012-05-28 13:00:00,435.7888179567115
2012-05-28 14:00:00,457.32167702119875
2012-05-28 15:00:00,468.5648703240048
2012-05-28 16:00:00,466.9625809857266
2012-05-28 17:00:00,454.31009533261937
2012-05-28 18:00:00,427.6938742252616
2012-05-28 19:00:00,392.15136640750285
2012-05-28 20:00:00,347.4343893754243
2012-05-28 21:00:00,298.50215484185446
2012-05-28 22:00:00,246.90205503348477
2012-05-28 23:00:00,199.0761341174384
2012-05-29 00:00:00,129.39101969134197
2012-05-29 01:00:00,122.60882124910131
2012-05-29 02:00:00,119.76993739819181
2012-05-29 03:00:00,127.27548510187356
2012-05-29 04:00:00,141.0763775969977
2012-05-29 05:00:00,164.72049285267383
2012-05-29 06:00:00,194.0265298533044
2012-05-29 07:00:00,227.33436545953987
2012-05-29 08:00:00,271.7697314752337
2012-05-29 09:00:00,308.739829588211
2012-05-29 10:00:00,343.15126600937884
2012-05-29 11:00:00,375.61504379756605
2012-05-29 12:00:00,405.7659370013387
2012-05-29 13:00:00,423.8595335341476
2012-05-29 14:00:00,432.3582045594081
2012-05-29 15:00:00,434.24768560241785
2012-05-29 16:00:00,425.9089843708426
2012-05-29 17:00:00,411.5932659442162
2012-05-29 18:00:00,388.78589999647005
2012-05-29 19:00:00,362.8378326575343
2012-05-29 20:00:00,227.21389208065193
2012-05-29 21:00:00,202.20261242871243
2012-05-29 22:00:00,254.46457012630864
2012-05-29 23:00:00,199.3318681665557
2012-05-30 00:00:00,91.40013268224757
2012-05-30 01:00:00,95.48228133391942
2012-05-30 02:00:00,101.49505188817415
2012-05-30 03:00:00,117.0817516571753
2012-05-30 04:00:00,155.9581289908933
2012-05-30 05:00:00,183.1586437523472
2012-05-30 06:00:00,206.41678499287394
2012-05-30 07:00:00,195.25339529417312
2012-05-30 08:00:00,262.90714682624883
2012-05-30 09:00:00,291.63637359770314
2012-05-30 10:00:00,314.7088993166585
2012-05-30 11:00:00,338.80833286423666
2012-05-30 12:00:00,403.5554808624889
2012-05-30 13:00:00,420.7628665047047
2012-05-30 14:00:00,428.9122172916125
2012-05-30 15:00:00,430.4301660643308
2012-05-30 16:00:00,423.17756032871887
2012-05-30 17:00:00,410.61838703575967
2012-05-30 18:00:00,390.11600798346177
2012-05-30 19:00:00,366.05923042859865
2012-05-30 20:00:00,291.2506683922777
2012-05-30 21:00:00,311.9017431872308
2012-05-30 22:00:00,284.5924992752776
2012-05-30 23:00:00,265.91238154886025
2012-05-31 00:00:00,136.87424106819697
2012-05-31 01:00:00,130.74369992353434
2012-05-31 02:00:00,132.4137698696556
2012-05-31 03:00:00,141.0997449253633
2012-05-31 04:00:00,159.11389619464853
2012-05-31 05:00:00,179.05945537883588
2012-05-31 06:00:00,206.31695171261165
2012-05-31 07:00:00,242.5551903694979
2012-05-31 08:00:00,281.37037044720114
2012-05-31 09:00:00,317.6666123292873
2012-05-31 10:00:00,351.7679532240079
2012-05-31 11:00:00,384.6872285803988
2012-05-31 12:00:00,409.6079386427424
2012-05-31 13:00:00,427.0798679787154
2012-05-31 14:00:00,437.62562182452746
2012-05-31 15:00:00,436.66725543323673
2012-05-31 16:00:00,430.0677648415061
2012-05-31 17:00:00,418.4115133021612
2012-05-31 18:00:00,396.9692303774642
2012-05-31 19:00:00,373.7028749605704
2012-05-31 20:00:00,345.10862730579913
2012-05-31 21:00:00,319.6279192531821
2012-05-31 22:00:00,293.38662715998055
2012-05-31 23:00:00,272.41223943215357
2012-06-20 00:00:00,155.05345877812482
2012-06-20 01:00:00,144.31590805411497
2012-06-20 02:00:00,141.04112574102157
2012-06-20 03:00:00,150.44716614106093
2012-06-20 04:00:00,167.80674442016155
2012-06-20 05:00:00,191.45085967583765
2012-06-20 06:00:00,223.4496732164481
2012-06-20 07:00:00,253.29743476407668
2012-06-20 08:00:00,291.16482800977
2012-06-20 09:00:00,324.2142780495491
2012-06-20 10:00:00,383.65080013511727
2012-06-20 11:00:00,414.3687496836759
2012-06-20 12:00:00,440.5301967298932
2012-06-20 13:00:00,456.42357290199107
2012-06-20 14:00:00,466.6984098318139
2012-06-20 15:00:00,472.93067746071745
2012-06-20 16:00:00,464.5905183828387
2012-06-20 17:00:00,452.0050798651333
2012-06-20 18:00:00,432.5902541551021
2012-06-20 19:00:00,401.5197190687128
2012-06-20 20:00:00,374.34158335622766
2012-06-20 21:00:00,348.17225790632443
2012-06-20 22:00:00,324.6245241586953
2012-06-20 23:00:00,301.57533053926716
2012-06-21 00:00:00,109.03430641605085
2012-06-21 01:00:00,98.0057773154078
2012-06-21 02:00:00,97.72295011842158
2012-06-21 03:00:00,108.82455188833194
2012-06-21 04:00:00,120.15571192239122
2012-06-21 05:00:00,146.0910973465119
2012-06-21 06:00:00,187.04578727119844
2012-06-21 07:00:00,218.5141960733011
2012-06-21 08:00:00,264.3308441996356
2012-06-21 09:00:00,311.1284241708478
2012-06-21 10:00:00,354.8850268046265
2012-06-21 11:00:00,389.38712056668476
2012-06-21 12:00:00,420.1004861813493
2012-06-21 13:00:00,442.9650885587942
2012-06-21 14:00:00,447.8108695798559
2012-06-21 15:00:00,454.821197989947
2012-06-21 16:00:00,446.12520291446714
2012-06-21 17:00:00,428.45278523221407
2012-06-21 18:00:00,403.15264423122636
2012-06-21 19:00:00,376.6323369871569
2012-06-21 20:00:00,344.531838339022
2012-06-21 21:00:00,312.0859919149122
2012-06-21 22:00:00,285.1271223463878
2012-06-21 23:00:00,260.5817572300997
2012-06-22 00:00:00,113.10316633537003
2012-06-22 01:00:00,100.7278644828244
2012-06-22 02:00:00,98.25672491657062
2012-06-22 03:00:00,106.94491745056587
2012-06-22 04:00:00,143.41170939663772
2012-06-22 05:00:00,162.2157202395136
2012-06-22 06:00:00,191.81754946995216
2012-06-22 07:00:00,218.92406725680456
2012-06-22 08:00:00,261.86881302418533
2012-06-22 09:00:00,303.2449466365633
2012-06-22 10:00:00,343.7388892435419
2012-06-22 11:00:00,381.5611417054955
2012-06-22 12:00:00,414.7115953547683
2012-06-22 13:00:00,435.51109198303743
2012-06-22 14:00:00,446.5423353304466
2012-06-22 15:00:00,448.17355208585843
2012-06-22 16:00:00,441.1055711603317
2012-06-22 17:00:00,367.98114373465046
2012-06-22 18:00:00,351.86983286000805
2012-06-22 19:00:00,319.05644523641575
2012-06-22 20:00:00,296.52228430639434
2012-06-22 21:00:00,211.4494972191291
2012-06-22 22:00:00,266.03749636575543
2012-06-22 23:00:00,237.21947406820237
2012-06-23 00:00:00,185.50594784993504
2012-06-23 01:00:00,148.511599353716
2012-06-23 02:00:00,127.79918349059223
2012-06-23 03:00:00,114.74620972717372
2012-06-23 04:00:00,110.00151096634471
2012-06-23 05:00:00,116.89856538308396
2012-06-23 06:00:00,128.34656514031752
2012-06-23 07:00:00,160.3538615783119
2012-06-23 08:00:00,210.2348542978391
2012-06-23 09:00:00,263.2715865726011
2012-06-23 10:00:00,312.18691423570954
2012-06-23 11:00:00,359.10930318752355
2012-06-23 12:00:00,407.2395134353592
2012-06-23 13:00:00,442.0201599400651
2012-06-23 14:00:00,460.2717650547571
2012-06-23 15:00:00,474.8033027295585
2012-06-23 16:00:00,471.86364666071347
2012-06-23 17:00:00,458.29011602265507
2012-06-23 18:00:00,430.03318256143524
2012-06-23 19:00:00,391.8109667892615
2012-06-23 20:00:00,343.2236597765668
2012-06-23 21:00:00,290.58287417732254
2012-06-23 22:00:00,235.20121767342962
2012-06-23 23:00:00,184.13043901095273
2012-06-24 00:00:00,181.19011083174712
2012-06-24 01:00:00,147.91241257129658
2012-06-24 02:00:00,125.07468310968198
2012-06-24 03:00:00,105.45024889721915
2012-06-24 04:00:00,103.09933376641953
2012-06-24 05:00:00,95.02967236513561
2012-06-24 06:00:00,116.72616577695926
2012-06-24 07:00:00,149.97938192112656
2012-06-24 08:00:00,198.57391427365508
2012-06-24 09:00:00,247.75352159939936
2012-06-24 10:00:00,298.6176974978222
2012-06-24 11:00:00,343.71961447748595
2012-06-24 12:00:00,386.0805290536649
2012-06-24 13:00:00,419.3363721092242
2012-06-24 14:00:00,445.7723583423373
2012-06-24 15:00:00,459.7997664910989
2012-06-24 16:00:00,455.8837487348883
2012-06-24 17:00:00,440.3536604913097
2012-06-24 18:00:00,413.3413167564424
2012-06-24 19:00:00,372.3940946916508
2012-06-24 20:00:00,323.7624007960749
2012-06-24 21:00:00,271.62411907679035
2012-06-24 22:00:00,218.26066073982787
2012-06-24 23:00:00,165.4309420475085
2012-06-25 00:00:00,100.00031976939553
2012-06-25 01:00:00,86.74268470467831
2012-06-25 02:00:00,85.135459460347
2012-06-25 03:00:00,92.33032057461179
2012-06-25 04:00:00,105.14570286622575
2012-06-25 05:00:00,135.49939142335822
2012-06-25 06:00:00,164.37311655495404
2012-06-25 07:00:00,205.64170322992152
2012-06-25 08:00:00,247.6910867283343
2012-06-25 09:00:00,291.92328693850607
2012-06-25 10:00:00,336.77286941693035
2012-06-25 11:00:00,373.4632803832467
2012-06-25 12:00:00,356.4992063721037
2012-06-25 13:00:00,415.56266538856926
2012-06-25 14:00:00,430.21173251582934
2012-06-25 15:00:00,427.4817694433235
2012-06-25 16:00:00,423.5275907932381
2012-06-25 17:00:00,405.6485451026422
2012-06-25 18:00:00,382.3349518079168
2012-06-25 19:00:00,353.18910617007066
2012-06-25 20:00:00,323.41025822921563
2012-06-25 21:00:00,291.9446723363975
2012-06-25 22:00:00,263.61812439831976
2012-06-25 23:00:00,240.5778725121557
2012-06-26 00:00:00,97.25720960042713
2012-06-26 01:00:00,87.25594734283173
2012-06-26 02:00:00,75.38365761881259
2012-06-26 03:00:00,82.47898102208691
2012-06-26 04:00:00,100.11476669937
2012-06-26 05:00:00,123.1758139820025
2012-06-26 06:00:00,156.79146415809532
2012-06-26 07:00:00,193.91238819716065
2012-06-26 08:00:00,238.0925661443656
2012-06-26 09:00:00,279.605116752149
2012-06-26 10:00:00,329.31678137474114
2012-06-26 11:00:00,362.8490031827349
2012-06-26 12:00:00,389.8491443598827
2012-06-26 13:00:00,410.68416621037534
2012-06-26 14:00:00,421.7154095577846
2012-06-26 15:00:00,424.9340641065479
2012-06-26 16:00:00,415.13223931011646
2012-06-26 17:00:00,402.20952585471565
2012-06-26 18:00:00,380.3724502823295
2012-06-26 19:00:00,354.65305753756854
2012-06-26 20:00:00,321.7803045110468
2012-06-26 21:00:00,292.6040072974098
2012-06-26 22:00:00,261.9006578239429
2012-06-26 23:00:00,240.14422279353192
2012-06-27 00:00:00,103.8258804093758
2012-06-27 01:00:00,95.12939059323978
2012-06-27 02:00:00,82.52553146653784
2012-06-27 03:00:00,93.6507082510293
2012-06-27 04:00:00,120.1825259762557
2012-06-27 05:00:00,145.3652585455045
2012-06-27 06:00:00,167.8494834899015
2012-06-27 07:00:00,215.2903512528751
2012-06-27 08:00:00,255.50085853396993
2012-06-27 09:00:00,294.5594833273832
2012-06-27 10:00:00,335.994435253882
2012-06-27 11:00:00,370.90084924710067
2012-06-27 12:00:00,400.7935952744406
2012-06-27 13:00:00,423.2382999530453
2012-06-27 14:00:00,432.17027144584785
2012-06-27 15:00:00,434.11543310294826
2012-06-27 16:00:00,426.2021507952319
2012-06-27 17:00:00,411.23385846703025
2012-06-27 18:00:00,389.81026550732327
2012-06-27 19:00:00,360.5256501940954
2012-06-27 20:00:00,330.4825768422916
2012-06-27 21:00:00,298.6715788533592
2012-06-27 22:00:00,270.97706260697385
2012-06-27 23:00:00,244.46596610985284
2012-06-28 00:00:00,107.91642278032771
2012-06-28 01:00:00,99.00550169112282
2012-06-28 02:00:00,97.69397388715636
2012-06-28 03:00:00,106.38216642115162
2012-06-28 04:00:00,121.77061376164119
2012-06-28 05:00:00,151.03674897650697
2012-06-28 06:00:00,184.05813674400486
2012-06-28 07:00:00,218.93586433459183
2012-06-28 08:00:00,261.4722920777644
2012-06-28 09:00:00,303.84466048491186
2012-06-28 10:00:00,343.6777087656538
2012-06-28 11:00:00,382.70439985391386
2012-06-28 12:00:00,410.60506788850046
2012-06-28 13:00:00,434.94747743733905
2012-06-28 14:00:00,442.44891965439285
2012-06-28 15:00:00,444.0747050724352
2012-06-28 16:00:00,440.0878928103622
2012-06-28 17:00:00,424.42725820887847
2012-06-28 18:00:00,399.5130912482168
2012-06-28 19:00:00,370.8057562489437
2012-06-28 20:00:00,342.1551466260594
2012-06-28 21:00:00,306.1585194035173
2012-06-28 22:00:00,278.54526932442786
2012-06-28 23:00:00,252.1113665544152
2012-06-29 00:00:00,108.40353749774954
2012-06-29 01:00:00,97.71126294669259
2012-06-29 02:00:00,96.26107408644697
2012-06-29 03:00:00,104.94926662044223
2012-06-29 04:00:00,120.73941476321743
2012-06-29 05:00:00,148.47432140877257
2012-06-29 06:00:00,188.3414579911924
2012-06-29 07:00:00,219.48696745840988
2012-06-29 08:00:00,257.0845279718592
2012-06-29 09:00:00,305.17969117840767
2012-06-29 10:00:00,358.0500644225907
2012-06-29 11:00:00,361.57319087686693
2012-06-29 12:00:00,386.26280149221304
2012-06-29 13:00:00,446.96249382212477
2012-06-29 14:00:00,461.34951982116365
2012-06-29 15:00:00,466.2394231123095
2012-06-29 16:00:00,458.7003962878714
2012-06-29 17:00:00,441.6264170189019
2012-06-29 18:00:00,414.46235690570893
2012-06-29 19:00:00,386.1501731972739
2012-06-29 20:00:00,356.9971295065793
2012-06-29 21:00:00,297.3334929210277
2012-06-29 22:00:00,226.92544340328124
2012-06-29 23:00:00,219.8409827705142
2012-06-30 00:00:00,153.07605129576382
2012-06-30 01:00:00,125.01272107148938
2012-06-30 02:00:00,132.27423160284175
2012-06-30 03:00:00,117.69926629877119
2012-06-30 04:00:00,109.71646627451486
2012-06-30 05:00:00,106.53795798248615
2012-06-30 06:00:00,128.9058380818856
2012-06-30 07:00:00,162.00068786214666
2012-06-30 08:00:00,203.38873773419203
2012-06-30 09:00:00,250.07105022785044
2012-06-30 10:00:00,324.9984026870133
2012-06-30 11:00:00,372.0582072520177
2012-06-30 12:00:00,414.1755158059284
2012-06-30 13:00:00,448.30169310456176
2012-06-30 14:00:00,471.9326862928124
2012-06-30 15:00:00,483.2796719685863
2012-06-30 16:00:00,484.12507699627565
2012-06-30 17:00:00,467.6015417840515
2012-06-30 18:00:00,443.62044470827516
2012-06-30 19:00:00,397.5009366757794
2012-06-30 20:00:00,353.88958750416555
2012-06-30 21:00:00,301.9713367925682
2012-06-30 22:00:00,243.8504002454107
2012-06-30 23:00:00,192.64221080473385
2012-07-20 00:00:00,78.17752346328388
2012-07-20 01:00:00,99.48640277669
2012-07-20 02:00:00,112.77129907073052
2012-07-20 03:00:00,123.25023109517548
2012-07-20 04:00:00,139.92298400084968
2012-07-20 05:00:00,163.9048110979207
2012-07-20 06:00:00,191.76451399590795
2012-07-20 07:00:00,222.79848459962528
2012-07-20 08:00:00,262.7835178211528
2012-07-20 09:00:00,299.7078393594513
2012-07-20 10:00:00,329.25280088139226
2012-07-20 11:00:00,288.4174459564845
2012-07-20 12:00:00,293.2751365276256
2012-07-20 13:00:00,302.0127317843579
2012-07-20 14:00:00,307.0533521807621
2012-07-20 15:00:00,393.2081360206222
2012-07-20 16:00:00,382.2854279922807
2012-07-20 17:00:00,361.0462463093934
2012-07-20 18:00:00,348.5261189935233
2012-07-20 19:00:00,323.6991486816457
2012-07-20 20:00:00,231.17935330444828
2012-07-20 21:00:00,219.6615944025242
2012-07-20 22:00:00,261.72501204118004
2012-07-20 23:00:00,244.8035130509712
2012-07-21 00:00:00,168.6290138227811
2012-07-21 01:00:00,170.54724220327142
2012-07-21 02:00:00,116.62142332457023
2012-07-21 03:00:00,104.49031265483076
2012-07-21 04:00:00,101.0348169208977
2012-07-21 05:00:00,106.19553210978003
2012-07-21 06:00:00,119.11183455953548
2012-07-21 07:00:00,175.80458876316328
2012-07-21 08:00:00,210.20720976146296
2012-07-21 09:00:00,249.06862325957846
2012-07-21 10:00:00,224.88537707488462
2012-07-21 11:00:00,327.66622369233744
2012-07-21 12:00:00,284.4312102679774
2012-07-21 13:00:00,307.2586022743128
2012-07-21 14:00:00,406.6273725608798
2012-07-21 15:00:00,325.46359646056806
2012-07-21 16:00:00,325.0650555319929
2012-07-21 17:00:00,315.5387363682455
2012-07-21 18:00:00,379.8124807651284
2012-07-21 19:00:00,348.43898044535035
2012-07-21 20:00:00,241.22819601785068
2012-07-21 21:00:00,266.46336360509076
2012-07-21 22:00:00,222.39570180586475
2012-07-21 23:00:00,180.1542164795557
2012-07-22 00:00:00,183.55439527486124
2012-07-22 01:00:00,149.40650528290087
2012-07-22 02:00:00,125.59890386722176
2012-07-22 03:00:00,111.0239385631512
2012-07-22 04:00:00,93.84169717779534
2012-07-22 05:00:00,103.77986326385091
2012-07-22 06:00:00,136.8832507391777
2012-07-22 07:00:00,164.76148132716474
2012-07-22 08:00:00,200.40098751660148
2012-07-22 09:00:00,243.42968925650473
2012-07-22 10:00:00,282.2417872319061
2012-07-22 11:00:00,320.77078372723145
2012-07-22 12:00:00,356.999375913056
2012-07-22 13:00:00,386.1481723921558
2012-07-22 14:00:00,459.28866115612084
2012-07-22 15:00:00,470.63564683189475
2012-07-22 16:00:00,469.9982874483328
2012-07-22 17:00:00,453.08351465819
2012-07-22 18:00:00,426.3500305839256
2012-07-22 19:00:00,386.0559236630154
2012-07-22 20:00:00,337.48308250272595
2012-07-22 21:00:00,285.5452061852429
2012-07-22 22:00:00,231.27761297818452
2012-07-22 23:00:00,175.09065378793233
2012-07-23 00:00:00,105.27277687348128
2012-07-23 01:00:00,94.02838273583677
2012-07-23 02:00:00,107.29365342399157
2012-07-23 03:00:00,117.98980454762923
2012-07-23 04:00:00,134.88123439879942
2012-07-23 05:00:00,158.4271654511818
2012-07-23 06:00:00,193.89888586272696
2012-07-23 07:00:00,227.84805839498642
2012-07-23 08:00:00,273.3316788038303
2012-07-23 09:00:00,300.68269335850323
2012-07-23 10:00:00,337.2455735476657
2012-07-23 11:00:00,361.61349774798475
2012-07-23 12:00:00,382.07553845731445
2012-07-23 13:00:00,396.8976934817327
2012-07-23 14:00:00,402.5711215721425
2012-07-23 15:00:00,456.38379534991105
2012-07-23 16:00:00,451.48596386905996
2012-07-23 17:00:00,435.6473372977843
2012-07-23 18:00:00,412.2579737862693
2012-07-23 19:00:00,380.0862839093402
2012-07-23 20:00:00,346.7133507654739
2012-07-23 21:00:00,315.56089442280177
2012-07-23 22:00:00,283.54354031420735
2012-07-23 23:00:00,260.06739238335456
2012-07-24 00:00:00,113.5743460447871
2012-07-24 01:00:00,99.09039279741197
2012-07-24 02:00:00,94.22546476613832
2012-07-24 03:00:00,102.91365730013355
2012-07-24 04:00:00,121.85421541887601
2012-07-24 05:00:00,147.78960084299666
2012-07-24 06:00:00,180.3765504121092
2012-07-24 07:00:00,226.40522989115607
2012-07-24 08:00:00,269.89452341138224
2012-07-24 09:00:00,327.37711092687914
2012-07-24 10:00:00,360.1502207498845
2012-07-24 11:00:00,363.12625950457084
2012-07-24 12:00:00,383.340888500343
2012-07-24 13:00:00,397.97601703993337
2012-07-24 14:00:00,405.9058179821726
2012-07-24 15:00:00,454.37833081578333
2012-07-24 16:00:00,444.53446698145655
2012-07-24 17:00:00,426.5951107092708
2012-07-24 18:00:00,399.6195449612119
2012-07-24 19:00:00,374.3360482611396
2012-07-24 20:00:00,341.97765037309836
2012-07-24 21:00:00,310.3892979857375
2012-07-24 22:00:00,281.3731956005016
2012-07-24 23:00:00,255.36323383254464
2012-07-25 00:00:00,119.1142365450142
2012-07-25 01:00:00,109.66393229143483
2012-07-25 02:00:00,106.7399097508617
2012-07-25 03:00:00,113.46478336214685
2012-07-25 04:00:00,130.08090294748558
2012-07-25 05:00:00,157.10384171387292
2012-07-25 06:00:00,189.69079128298546
2012-07-25 07:00:00,229.62946887149712
2012-07-25 08:00:00,273.16983594465444
2012-07-25 09:00:00,315.6755619371945
2012-07-25 10:00:00,357.97541676939795
2012-07-25 11:00:00,394.39878558128055
2012-07-25 12:00:00,422.4262973855881
2012-07-25 13:00:00,441.6617634353098
2012-07-25 14:00:00,454.73623781053385
2012-07-25 15:00:00,455.40634554302824
2012-07-25 16:00:00,448.3871003594497
2012-07-25 17:00:00,434.5862734786195
2012-07-25 18:00:00,410.6329439569865
2012-07-25 19:00:00,379.39947557345374
2012-07-25 20:00:00,346.05673987894284
2012-07-25 21:00:00,315.83211645243983
2012-07-25 22:00:00,285.8840151803489
2012-07-25 23:00:00,258.28526155684915
2012-07-26 00:00:00,121.93476956693425
2012-07-26 01:00:00,111.77647092525314
2012-07-26 02:00:00,109.91279945232841
2012-07-26 03:00:00,119.03543018470903
2012-07-26 04:00:00,136.4343711569137
2012-07-26 05:00:00,162.58697568022703
2012-07-26 06:00:00,191.84171761229112
2012-07-26 07:00:00,237.4163332870669
2012-07-26 08:00:00,271.45770574708513
2012-07-26 09:00:00,307.4879901612457
2012-07-26 10:00:00,361.70214143927666
2012-07-26 11:00:00,409.36558719101185
2012-07-26 12:00:00,439.04247301634086
2012-07-26 13:00:00,460.1965995220026
2012-07-26 14:00:00,477.63595563232144
2012-07-26 15:00:00,480.73546611158895
2012-07-26 16:00:00,469.4703746433089
2012-07-26 17:00:00,451.6474783986074
2012-07-26 18:00:00,431.9517088837329
2012-07-26 19:00:00,402.567560694505
2012-07-26 20:00:00,367.6844824335171
2012-07-26 21:00:00,323.79971024356723
2012-07-26 22:00:00,295.21804605671673
2012-07-26 23:00:00,269.32034422918446
2012-07-27 00:00:00,127.57040275785951
2012-07-27 01:00:00,116.32455077391171
2012-07-27 02:00:00,112.3340342608902
2012-07-27 03:00:00,121.47629059915653
2012-07-27 04:00:00,140.8331191567019
2012-07-27 05:00:00,166.0957638310555
2012-07-27 06:00:00,200.00711144751315
2012-07-27 07:00:00,238.0089608205024
2012-07-27 08:00:00,285.6534888103727
2012-07-27 09:00:00,330.60824799056206
2012-07-27 10:00:00,373.0468676631567
2012-07-27 11:00:00,402.719355127261
2012-07-27 12:00:00,432.15525435919653
2012-07-27 13:00:00,451.43636262448
2012-07-27 14:00:00,465.6860816294309
2012-07-27 15:00:00,467.28302849529973
2012-07-27 16:00:00,457.42469880856765
2012-07-27 17:00:00,443.03504085651207
2012-07-27 18:00:00,418.69010344356093
2012-07-27 19:00:00,391.6947768095141
2012-07-27 20:00:00,358.8558195750237
2012-07-27 21:00:00,328.1378014307369
2012-07-27 22:00:00,299.121699045501
2012-07-27 23:00:00,274.4506808790357
2012-07-28 00:00:00,218.5901794470418
2012-07-28 01:00:00,179.40324399176689
2012-07-28 02:00:00,151.84254287333977
2012-07-28 03:00:00,135.2596189796268
2012-07-28 04:00:00,126.2453564411127
2012-07-28 05:00:00,133.18226596881937
2012-07-28 06:00:00,159.25929323055743
2012-07-28 07:00:00,195.35539956916745
2012-07-28 08:00:00,238.27087231923423
2012-07-28 09:00:00,291.74203795739106
2012-07-28 10:00:00,342.35239189108574
2012-07-28 11:00:00,386.39548026254135
2012-07-28 12:00:00,430.35561444246537
2012-07-28 13:00:00,467.047152254759
2012-07-28 14:00:00,489.27121586168494
2012-07-28 15:00:00,500.48079075925887
2012-07-28 16:00:00,499.16392930873997
2012-07-28 17:00:00,482.89035059180816
2012-07-28 18:00:00,452.3154683304857
2012-07-28 19:00:00,402.29786459660045
2012-07-28 20:00:00,348.97406387677813
2012-07-28 21:00:00,299.9036605994813
2012-07-28 22:00:00,246.0508799849226
2012-07-28 23:00:00,192.8651773530193
2012-07-29 00:00:00,186.30491575837536
2012-07-29 01:00:00,150.64399982453733
2012-07-29 02:00:00,125.1289016612817
2012-07-29 03:00:00,108.1297073287658
2012-07-29 04:00:00,103.98149039148265
2012-07-29 05:00:00,111.0663777058684
2012-07-29 06:00:00,136.01000689615523
2012-07-29 07:00:00,169.7489373052618
2012-07-29 08:00:00,214.77162948953963
2012-07-29 09:00:00,264.98917445092286
2012-07-29 10:00:00,316.3571143969764
2012-07-29 11:00:00,362.65009108597286
2012-07-29 12:00:00,403.24395025292824
2012-07-29 13:00:00,444.6341087051399
2012-07-29 14:00:00,467.05063013426303
2012-07-29 15:00:00,479.80192596248685
2012-07-29 16:00:00,477.9132155353826
2012-07-29 17:00:00,463.8960843174201
2012-07-29 18:00:00,430.8986836580067
2012-07-29 19:00:00,391.74446899897794
2012-07-29 20:00:00,344.9803668414014
2012-07-29 21:00:00,290.66435900870863
2012-07-29 22:00:00,233.81032183580095
2012-07-29 23:00:00,183.0380284398128
2012-07-30 00:00:00,119.72763360201279
2012-07-30 01:00:00,111.31146129278302
2012-07-30 02:00:00,107.15850114067717
2012-07-30 03:00:00,110.8090711898106
2012-07-30 04:00:00,128.66207596628635
2012-07-30 05:00:00,153.2912311026443
2012-07-30 06:00:00,185.44228462706818
2012-07-30 07:00:00,232.10445364411066
2012-07-30 08:00:00,270.2542616106303
2012-07-30 09:00:00,303.88298321240615
2012-07-30 10:00:00,331.3116907851002
2012-07-30 11:00:00,362.993310794747
2012-07-30 12:00:00,382.1044627495439
2012-07-30 13:00:00,445.7451251385857
2012-07-30 14:00:00,455.9060342429208
2012-07-30 15:00:00,457.09738146257797
2012-07-30 16:00:00,449.12245859345126
2012-07-30 17:00:00,426.89018511167126
2012-07-30 18:00:00,404.52837065856795
2012-07-30 19:00:00,387.5415292101203
2012-07-30 20:00:00,344.6456274669619
2012-07-30 21:00:00,314.36350536736376
2012-07-30 22:00:00,270.3777617775741
2012-07-30 23:00:00,259.686911338083
2012-07-31 00:00:00,111.96346954167953
2012-07-31 01:00:00,98.09340430878501
2012-07-31 02:00:00,97.37613891341344
2012-07-31 03:00:00,106.71598874498673
2012-07-31 04:00:00,124.56899352146249
2012-07-31 05:00:00,149.63404470250913
2012-07-31 06:00:00,178.15178589452103
2012-07-31 07:00:00,223.21205126580668
2012-07-31 08:00:00,269.3894717942359
2012-07-31 09:00:00,313.6947190082104
2012-07-31 10:00:00,354.8257784132219
2012-07-31 11:00:00,393.19800029540926
2012-07-31 12:00:00,423.66530825870757
2012-07-31 13:00:00,442.34846224222207
2012-07-31 14:00:00,453.37970558963116
2012-07-31 15:00:00,451.24906594969013
2012-07-31 16:00:00,443.11577671665725
2012-07-31 17:00:00,427.39764344207833
2012-07-31 18:00:00,402.04903828303134
2012-07-31 19:00:00,255.94860400911494
2012-07-31 20:00:00,239.7714434388134
2012-07-31 21:00:00,305.3021455343037
2012-07-31 22:00:00,276.7401069533389
2012-07-31 23:00:00,244.37265791954465
2012-08-20 00:00:00,111.27343147119454
2012-08-20 01:00:00,97.60374575441668
2012-08-20 02:00:00,96.8864803590451
2012-08-20 03:00:00,103.37070357396263
2012-08-20 04:00:00,139.56377636553174
2012-08-20 05:00:00,164.41593770567675
2012-08-20 06:00:00,193.84241847756894
2012-08-20 07:00:00,226.54771247080868
2012-08-20 08:00:00,260.72024940021277
2012-08-20 09:00:00,296.5477805675859
2012-08-20 10:00:00,325.2224078464528
2012-08-20 11:00:00,385.7022694973498
2012-08-20 12:00:00,374.0572970605464
2012-08-20 13:00:00,437.06590367552513
2012-08-20 14:00:00,449.62456990095575
2012-08-20 15:00:00,449.94558287753887
2012-08-20 16:00:00,442.4065560531008
2012-08-20 17:00:00,424.1687145144264
2012-08-20 18:00:00,348.33730257689405
2012-08-20 19:00:00,328.05320596990316
2012-08-20 20:00:00,301.13851118996723
2012-08-20 21:00:00,303.92894221713664
2012-08-20 22:00:00,262.32794774234054
2012-08-20 23:00:00,246.71267903989437
2012-08-21 00:00:00,108.70379841332604
2012-08-21 01:00:00,104.41429828644152
2012-08-21 02:00:00,103.58262390256364
2012-08-21 03:00:00,101.80341311735998
2012-08-21 04:00:00,119.65641789383574
2012-08-21 05:00:00,145.3927519783461
2012-08-21 06:00:00,178.19692064665134
2012-08-21 07:00:00,221.76517974303655
2012-08-21 08:00:00,262.05426914941563
2012-08-21 09:00:00,309.1343167938878
2012-08-21 10:00:00,349.1673304952934
2012-08-21 11:00:00,388.8850146296347
2012-08-21 12:00:00,417.56699564001485
2012-08-21 13:00:00,437.5458775159499
2012-08-21 14:00:00,449.0562126935239
2012-08-21 15:00:00,451.9882283993291
2012-08-21 16:00:00,444.4492015748911
2012-08-21 17:00:00,422.9316986673962
2012-08-21 18:00:00,401.5081057076892
2012-08-21 19:00:00,251.12351232033504
2012-08-21 20:00:00,338.3270737025584
2012-08-21 21:00:00,307.60905555827156
2012-08-21 22:00:00,275.93862195686404
2012-08-21 23:00:00,249.66570014464193
2012-08-22 00:00:00,112.6942426166045
2012-08-22 01:00:00,107.56959296871915
2012-08-22 02:00:00,106.8523275733476
2012-08-22 03:00:00,115.54052010734284
2012-08-22 04:00:00,126.30754053502264
2012-08-22 05:00:00,158.30924421599485
2012-08-22 06:00:00,193.45747702358955
2012-08-22 07:00:00,230.55877545676924
2012-08-22 08:00:00,272.117383666273
2012-08-22 09:00:00,318.3677820433752
2012-08-22 10:00:00,357.9060469648056
2012-08-22 11:00:00,394.1514286418868
2012-08-22 12:00:00,423.7836560004457
2012-08-22 13:00:00,444.0674434280429
2012-08-22 14:00:00,455.6326626848279
2012-08-22 15:00:00,456.2900339951092
2012-08-22 16:00:00,304.59736229537845
2012-08-22 17:00:00,293.9720826659647
2012-08-22 18:00:00,274.67182621203824
2012-08-22 19:00:00,337.328040890744
2012-08-22 20:00:00,341.53211300978387
2012-08-22 21:00:00,313.6423166939118
2012-08-22 22:00:00,285.06065250706126
2012-08-22 23:00:00,254.75150275822722
2012-08-23 00:00:00,122.62715174538661
2012-08-23 01:00:00,110.77790410829735
2012-08-23 02:00:00,110.0606387129258
2012-08-23 03:00:00,117.44260095915837
2012-08-23 04:00:00,136.6018360233968
2012-08-23 05:00:00,162.75444054671013
2012-08-23 06:00:00,197.86002647874727
2012-08-23 07:00:00,233.65408988654397
2012-08-23 08:00:00,272.77673644460185
2012-08-23 09:00:00,309.62393370391936
2012-08-23 10:00:00,367.2108738105908
2012-08-23 11:00:00,402.50338487562783
2012-08-23 12:00:00,432.6695881435626
2012-08-23 13:00:00,456.08678420510665
2012-08-23 14:00:00,461.24796797416025
2012-08-23 15:00:00,464.1799836799654
2012-08-23 16:00:00,454.59772582771245
2012-08-23 17:00:00,438.4227409227386
2012-08-23 18:00:00,413.9444748417561
2012-08-23 19:00:00,388.6385647096743
2012-08-23 20:00:00,354.980525216293
2012-08-23 21:00:00,323.8280688736208
2012-08-23 22:00:00,281.424627406073
2012-08-23 23:00:00,264.6575212887043
2012-08-24 00:00:00,128.51516332701647
2012-08-24 01:00:00,122.92846742740514
2012-08-24 02:00:00,114.99854645794105
2012-08-24 03:00:00,121.73788592163146
2012-08-24 04:00:00,154.63943605185614
2012-08-24 05:00:00,162.65472580686355
2012-08-24 06:00:00,201.26535159226063
2012-08-24 07:00:00,234.86060543446013
2012-08-24 08:00:00,271.8564069524212
2012-08-24 09:00:00,310.7846286050217
2012-08-24 10:00:00,342.83482770366237
2012-08-24 11:00:00,367.24062497119087
2012-08-24 12:00:00,388.4538606890891
2012-08-24 13:00:00,405.38866648508775
2012-08-24 14:00:00,461.2960525897407
2012-08-24 15:00:00,407.68012269185203
2012-08-24 16:00:00,400.4510134951415
2012-08-24 17:00:00,384.14197384151186
2012-08-24 18:00:00,367.77013946309785
2012-08-24 19:00:00,345.57777097739404
2012-08-24 20:00:00,319.67598097221264
2012-08-24 21:00:00,299.2314981887845
2012-08-24 22:00:00,281.958402204222
2012-08-24 23:00:00,262.3760822645405
2012-08-25 00:00:00,224.92852235827377
2012-08-25 01:00:00,188.99014565991473
2012-08-25 02:00:00,160.86466882089692
2012-08-25 03:00:00,131.82120038430966
2012-08-25 04:00:00,143.3052988480311
2012-08-25 05:00:00,147.8176041497769
2012-08-25 06:00:00,162.37092600979736
2012-08-25 07:00:00,188.50848811163635
2012-08-25 08:00:00,225.29847765380438
2012-08-25 09:00:00,264.9949717566592
2012-08-25 10:00:00,306.42866355213243
2012-08-25 11:00:00,349.1445498127606
2012-08-25 12:00:00,303.1912408482035
2012-08-25 13:00:00,410.4240194148935
2012-08-25 14:00:00,336.6631467905531
2012-08-25 15:00:00,430.7471863354428
2012-08-25 16:00:00,430.6631828020998
2012-08-25 17:00:00,417.6598559243475
2012-08-25 18:00:00,393.71389869545
2012-08-25 19:00:00,359.26212132245416
2012-08-25 20:00:00,250.577606998739
2012-08-25 21:00:00,296.223440059228
2012-08-25 22:00:00,242.3706594446693
2012-08-25 23:00:00,187.10984383041466
2012-08-26 00:00:00,186.9411127951575
2012-08-26 01:00:00,148.4493315216592
2012-08-26 02:00:00,132.49700846261482
2012-08-26 03:00:00,117.48760496015888
2012-08-26 04:00:00,114.7007937846706
2012-08-26 05:00:00,109.59041451697723
2012-08-26 06:00:00,129.36148615567103
2012-08-26 07:00:00,165.05314439663778
2012-08-26 08:00:00,213.7862731923085
2012-08-26 09:00:00,260.90448173065556
2012-08-26 10:00:00,315.79980529434033
2012-08-26 11:00:00,363.29550590403335
2012-08-26 12:00:00,286.3305960197065
2012-08-26 13:00:00,296.3982673905232
2012-08-26 14:00:00,449.9794052062198
2012-08-26 15:00:00,315.5466187412846
2012-08-26 16:00:00,314.2777435696354
2012-08-26 17:00:00,442.52290766474664
2012-08-26 18:00:00,371.8533906311857
2012-08-26 19:00:00,338.9578987707555
2012-08-26 20:00:00,330.8346475022975
2012-08-26 21:00:00,280.42024465414056
2012-08-26 22:00:00,225.07781044465787
2012-08-26 23:00:00,175.8708370762713
2012-08-27 00:00:00,113.68606112756726
2012-08-27 01:00:00,99.56865882825514
2012-08-27 02:00:00,98.19973613530553
2012-08-27 03:00:00,107.5395859668788
2012-08-27 04:00:00,129.78759044567425
2012-08-27 05:00:00,152.85142555443056
2012-08-27 06:00:00,185.87281332192848
2012-08-27 07:00:00,229.4410772533042
2012-08-27 08:00:00,268.85837457030595
2012-08-27 09:00:00,309.67315156743786
2012-08-27 10:00:00,360.04336750627124
2012-08-27 11:00:00,394.10956522364086
2012-08-27 12:00:00,426.9141470916775
2012-08-27 13:00:00,445.446703859638
2012-08-27 14:00:00,461.47767254232883
2012-08-27 15:00:00,461.1888747796094
2012-08-27 16:00:00,454.3029630990527
2012-08-27 17:00:00,436.1175491755007
2012-08-27 18:00:00,410.6563982993613
2012-08-27 19:00:00,379.9202788772983
2012-08-27 20:00:00,349.94662526926015
2012-08-27 21:00:00,319.46409776786044
2012-08-27 22:00:00,285.66681912635613
2012-08-27 23:00:00,261.9551805526162
2012-08-28 00:00:00,116.38228667737327
2012-08-28 01:00:00,103.20456371776082
2012-08-28 02:00:00,102.68491589806693
2012-08-28 03:00:00,106.411320777127
2012-08-28 04:00:00,127.5310869379517
2012-08-28 05:00:00,166.77722064166102
2012-08-28 06:00:00,191.5888391007953
2012-08-28 07:00:00,226.3240092872469
2012-08-28 08:00:00,261.00050794291406
2012-08-28 09:00:00,298.22593417657595
2012-08-28 10:00:00,354.5054824129132
2012-08-28 11:00:00,394.8985218909059
2012-08-28 12:00:00,424.7949746604135
2012-08-28 13:00:00,444.73462940694776
2012-08-28 14:00:00,455.27247803657303
2012-08-28 15:00:00,456.8092421873349
2012-08-28 16:00:00,446.813501722403
2012-08-28 17:00:00,428.51167177733237
2012-08-28 18:00:00,407.8211060666115
2012-08-28 19:00:00,378.0704069293206
2012-08-28 20:00:00,348.9446741323469
2012-08-28 21:00:00,318.44387508725276
2012-08-28 22:00:00,288.84913832587085
2012-08-28 23:00:00,262.93220045323267
2012-08-29 00:00:00,124.09693763110492
2012-08-29 01:00:00,111.1797622576347
2012-08-29 02:00:00,108.49917793955308
2012-08-29 03:00:00,117.62180867193369
2012-08-29 04:00:00,134.68160348431635
2012-08-29 05:00:00,161.27010405231835
2012-08-29 06:00:00,194.29149181981626
2012-08-29 07:00:00,235.5325699224306
2012-08-29 08:00:00,277.1173972552332
2012-08-29 09:00:00,321.98311108577127
2012-08-29 10:00:00,363.098518375963
2012-08-29 11:00:00,398.28752307393404
2012-08-29 12:00:00,429.6932261268902
2012-08-29 13:00:00,448.13674238018984
2012-08-29 14:00:00,459.45461973556684
2012-08-29 15:00:00,459.5584136129572
2012-08-29 16:00:00,451.2393532277771
2012-08-29 17:00:00,435.6873654994597
2012-08-29 18:00:00,412.31492430443836
2012-08-29 19:00:00,381.7634096169606
2012-08-29 20:00:00,352.4112206921356
2012-08-29 21:00:00,319.452378026727
2012-08-29 22:00:00,292.3941632268318
2012-08-29 23:00:00,267.71411054533064
2012-08-30 00:00:00,129.14266714169784
2012-08-30 01:00:00,120.13223242387319
2012-08-30 02:00:00,116.73968022662376
2012-08-30 03:00:00,125.42787276061901
2012-08-30 04:00:00,143.28087753709474
2012-08-30 05:00:00,169.43348206040807
2012-08-30 06:00:00,194.84547174322284
2012-08-30 07:00:00,241.69747915358766
2012-08-30 08:00:00,285.08182770782474
2012-08-30 09:00:00,329.8480038273723
2012-08-30 10:00:00,370.7069648889707
2012-08-30 11:00:00,406.6420987365499
2012-08-30 12:00:00,433.1279933943196
2012-08-30 13:00:00,453.0648362323594
2012-08-30 14:00:00,463.6616413813831
2012-08-30 15:00:00,469.8945604945975
2012-08-30 16:00:00,462.88950957953523
2012-08-30 17:00:00,446.83501797125814
2012-08-30 18:00:00,423.47051952085064
2012-08-30 19:00:00,391.5250832581502
2012-08-30 20:00:00,359.8471812198606
2012-08-30 21:00:00,329.08858188398176
2012-08-30 22:00:00,298.3171426465699
2012-08-30 23:00:00,274.1344581739187
2012-08-31 00:00:00,124.51867238931716
2012-08-31 01:00:00,114.79626979232471
2012-08-31 02:00:00,107.81244430055861
2012-08-31 03:00:00,116.93507503293921
2012-08-31 04:00:00,133.11675641989254
2012-08-31 05:00:00,158.8334648985172
2012-08-31 06:00:00,199.57093572401106
2012-08-31 07:00:00,232.12689786838047
2012-08-31 08:00:00,279.2582308552843
2012-08-31 09:00:00,330.17258621020216
2012-08-31 10:00:00,370.4228141758099
2012-08-31 11:00:00,407.5350156138062
2012-08-31 12:00:00,436.571626501579
2012-08-31 13:00:00,456.59235493578956
2012-08-31 14:00:00,470.739916800875
2012-08-31 15:00:00,473.1209745026642
2012-08-31 16:00:00,466.23506282210735
2012-08-31 17:00:00,449.55989779978916
2012-08-31 18:00:00,423.5988624725648
2012-08-31 19:00:00,395.9919210218834
2012-08-31 20:00:00,365.58237136915653
2012-08-31 21:00:00,329.90385501898885
2012-08-31 22:00:00,301.3221908321383
2012-08-31 23:00:00,274.33322870056077
2012-09-20 00:00:00,109.66431714048659
2012-09-20 01:00:00,94.32830119373193
2012-09-20 02:00:00,93.82825489755304
2012-09-20 03:00:00,101.69583509670943
2012-09-20 04:00:00,118.02539048622981
2012-09-20 05:00:00,144.1779950095431
2012-09-20 06:00:00,178.7228321639964
2012-09-20 07:00:00,215.5375639838625
2012-09-20 08:00:00,261.4584344995862
2012-09-20 09:00:00,307.653953632468
2012-09-20 10:00:00,349.0468906034422
2012-09-20 11:00:00,395.6488237049575
2012-09-20 12:00:00,421.7184479239243
2012-09-20 13:00:00,440.6293779811076
2012-09-20 14:00:00,450.2563111760669
2012-09-20 15:00:00,450.93463807205444
2012-09-20 16:00:00,444.77750796805674
2012-09-20 17:00:00,427.53457124433123
2012-09-20 18:00:00,405.21968845584394
2012-09-20 19:00:00,367.2616915312348
2012-09-20 20:00:00,336.19505324356055
2012-09-20 21:00:00,304.6067008561997
2012-09-20 22:00:00,274.49099619154396
2012-09-20 23:00:00,251.2348792683784
2012-09-21 00:00:00,109.05049959866807
2012-09-21 01:00:00,97.36477807896554
2012-09-21 02:00:00,96.64751268359397
2012-09-21 03:00:00,101.88816403732451
2012-09-21 04:00:00,121.04739910156295
2012-09-21 05:00:00,146.31004377591654
2012-09-21 06:00:00,178.91516110461149
2012-09-21 07:00:00,219.46400071805584
2012-09-21 08:00:00,260.1929596601897
2012-09-21 09:00:00,304.6031518401533
2012-09-21 10:00:00,350.3098921583007
2012-09-21 11:00:00,385.77134143071356
2012-09-21 12:00:00,415.92053852163735
2012-09-21 13:00:00,437.7277801711805
2012-09-21 14:00:00,446.80113593324893
2012-09-21 15:00:00,449.51447469355816
2012-09-21 16:00:00,442.41134391380876
2012-09-21 17:00:00,423.49562595425755
2012-09-21 18:00:00,399.26079326077604
2012-09-21 19:00:00,369.63465986036954
2012-09-21 20:00:00,340.33093509360384
2012-09-21 21:00:00,306.7792637835329
2012-09-21 22:00:00,279.06793383975634
2012-09-21 23:00:00,252.96251163598703
2012-09-22 00:00:00,204.6355445413884
2012-09-22 01:00:00,157.6562565927681
2012-09-22 02:00:00,127.3011294379576
2012-09-22 03:00:00,111.17226934851574
2012-09-22 04:00:00,107.82504155768098
2012-09-22 05:00:00,117.1100924998552
2012-09-22 06:00:00,139.91386864394332
2012-09-22 07:00:00,175.80314446058776
2012-09-22 08:00:00,223.04807267264732
2012-09-22 09:00:00,271.3993607108422
2012-09-22 10:00:00,320.87604498919677
2012-09-22 11:00:00,372.32314472130565
2012-09-22 12:00:00,416.1865530987336
2012-09-22 13:00:00,449.02891354161386
2012-09-22 14:00:00,475.5183163376536
2012-09-22 15:00:00,484.10497227032556
2012-09-22 16:00:00,482.5526201769195
2012-09-22 17:00:00,467.3785158729247
2012-09-22 18:00:00,440.84129531214677
2012-09-22 19:00:00,401.8534186789992
2012-09-22 20:00:00,355.0710642251085
2012-09-22 21:00:00,301.0780598915109
2012-09-22 22:00:00,249.04307204208115
2012-09-22 23:00:00,197.99327304768124
2012-09-23 00:00:00,189.4367949156072
2012-09-23 01:00:00,133.65381342401153
2012-09-23 02:00:00,104.61524072060769
2012-09-23 03:00:00,84.40238972349525
2012-09-23 04:00:00,82.55610796886816
2012-09-23 05:00:00,93.8563572450078
2012-09-23 06:00:00,118.6883869532918
2012-09-23 07:00:00,158.15229876582492
2012-09-23 08:00:00,204.3728525266702
2012-09-23 09:00:00,258.5788730995968
2012-09-23 10:00:00,316.41816226547417
2012-09-23 11:00:00,369.19395793727216
2012-09-23 12:00:00,418.43338111481876
2012-09-23 13:00:00,466.1573729077351
2012-09-23 14:00:00,491.4520620213639
2012-09-23 15:00:00,503.95782998420265
2012-09-23 16:00:00,499.8233530366283
2012-09-23 17:00:00,472.42822015933245
2012-09-23 18:00:00,441.9820579353297
2012-09-23 19:00:00,398.20340117107753
2012-09-23 20:00:00,346.6554472485708
2012-09-23 21:00:00,267.36815400942174
2012-09-23 22:00:00,231.7936027435495
2012-09-23 23:00:00,166.0422944201204
2012-09-24 00:00:00,94.51068842612443
2012-09-24 01:00:00,82.00644803828645
2012-09-24 02:00:00,93.67628745159176
2012-09-24 03:00:00,88.29612772770885
2012-09-24 04:00:00,106.73535741443706
2012-09-24 05:00:00,138.34909372011768
2012-09-24 06:00:00,175.7978001336507
2012-09-24 07:00:00,215.09065774801775
2012-09-24 08:00:00,263.8754035907913
2012-09-24 09:00:00,311.83314345061206
2012-09-24 10:00:00,357.16065811511123
2012-09-24 11:00:00,400.08649559805184
2012-09-24 12:00:00,431.3595739847146
2012-09-24 13:00:00,465.6861113013099
2012-09-24 14:00:00,481.5167921840364
2012-09-24 15:00:00,485.4976638886889
2012-09-24 16:00:00,464.23222402285387
2012-09-24 17:00:00,450.0064309168682
2012-09-24 18:00:00,418.9177980627776
2012-09-24 19:00:00,386.328082722303
2012-09-24 20:00:00,349.115109828144
2012-09-24 21:00:00,312.17164426258176
2012-09-24 22:00:00,277.1044148894954
2012-09-24 23:00:00,245.9257572514702
2012-09-25 00:00:00,91.44630658828083
2012-09-25 01:00:00,77.61241078365862
2012-09-25 02:00:00,73.59813181098062
2012-09-25 03:00:00,83.72398163995018
2012-09-25 04:00:00,102.07041291380108
2012-09-25 05:00:00,130.31521218357793
2012-09-25 06:00:00,165.8257493986241
2012-09-25 07:00:00,208.9363264013561
2012-09-25 08:00:00,258.23542254761975
2012-09-25 09:00:00,308.1956802723213
2012-09-25 10:00:00,353.4695019550145
2012-09-25 11:00:00,404.3894843981148
2012-09-25 12:00:00,436.11410477613254
2012-09-25 13:00:00,457.7702658422888
2012-09-25 14:00:00,469.76744941864183
2012-09-25 15:00:00,472.631929228854
2012-09-25 16:00:00,464.272505406214
2012-09-25 17:00:00,446.5653753279323
2012-09-25 18:00:00,422.5468501751185
2012-09-25 19:00:00,390.0396663686235
2012-09-25 20:00:00,354.4522023853265
2012-09-25 21:00:00,318.4968741493699
2012-09-25 22:00:00,284.9530941632389
2012-09-25 23:00:00,255.3999110806921
2012-09-26 00:00:00,100.41686611422827
2012-09-26 01:00:00,87.31836331779539
2012-09-26 02:00:00,98.92934999581422
2012-09-26 03:00:00,109.34354929809645
2012-09-26 04:00:00,111.08545693858835
2012-09-26 05:00:00,140.18098892792426
2012-09-26 06:00:00,176.6363982583712
2012-09-26 07:00:00,219.46944558032075
2012-09-26 08:00:00,264.57511517679114
2012-09-26 09:00:00,322.42343950032193
2012-09-26 10:00:00,361.8142156176343
2012-09-26 11:00:00,405.471744201587
2012-09-26 12:00:00,437.61129887043376
2012-09-26 13:00:00,462.2618465586464
2012-09-26 14:00:00,475.5653821210916
2012-09-26 15:00:00,477.67866692273526
2012-09-26 16:00:00,470.16851797335096
2012-09-26 17:00:00,451.4929737873081
2012-09-26 18:00:00,426.5805332086857
2012-09-26 19:00:00,395.1804066520138
2012-09-26 20:00:00,355.29366190687153
2012-09-26 21:00:00,320.05030155008274
2012-09-26 22:00:00,222.4517302642788
2012-09-26 23:00:00,247.5503408592318
2012-09-27 00:00:00,110.16906898068254
2012-09-27 01:00:00,97.50646222893835
2012-09-27 02:00:00,95.11382937124175
2012-09-27 03:00:00,104.82630037164427
2012-09-27 04:00:00,115.37090876083545
2012-09-27 05:00:00,148.67948807085983
2012-09-27 06:00:00,182.48835020248094
2012-09-27 07:00:00,231.8969022264323
2012-09-27 08:00:00,280.8229106401425
2012-09-27 09:00:00,329.1392723801115
2012-09-27 10:00:00,349.1551900988281
2012-09-27 11:00:00,382.7335541684507
2012-09-27 12:00:00,407.1113803969866
2012-09-27 13:00:00,426.3840595798616
2012-09-27 14:00:00,435.2694121738178
2012-09-27 15:00:00,436.8981877727743
2012-09-27 16:00:00,422.5951917911731
2012-09-27 17:00:00,403.5748978459661
2012-09-27 18:00:00,383.38824609216573
2012-09-27 19:00:00,398.49209421609237
2012-09-27 20:00:00,329.7978072164848
2012-09-27 21:00:00,236.26728466398322
2012-09-27 22:00:00,220.3358547231769
2012-09-27 23:00:00,210.45529050921044
2012-09-28 00:00:00,69.00894367378717
2012-09-28 01:00:00,70.90924008744423
2012-09-28 02:00:00,72.54292750925092
2012-09-28 03:00:00,112.91154657327967
2012-09-28 04:00:00,106.90699274412759
2012-09-28 05:00:00,144.83128217593503
2012-09-28 06:00:00,186.90992166178182
2012-09-28 07:00:00,224.36798342755117
2012-09-28 08:00:00,271.3456028428943
2012-09-28 09:00:00,303.17875931078356
2012-09-28 10:00:00,339.93446533650604
2012-09-28 11:00:00,377.51631994664086
2012-09-28 12:00:00,402.8116276757163
2012-09-28 13:00:00,420.66039518262653
2012-09-28 14:00:00,429.06680099698673
2012-09-28 15:00:00,428.2362298498755
2012-09-28 16:00:00,421.1354145408799
2012-09-28 17:00:00,404.01821761290194
2012-09-28 18:00:00,386.01065220285443
2012-09-28 19:00:00,285.2906718215978
2012-09-28 20:00:00,267.94584877842817
2012-09-28 21:00:00,248.93854882131998
2012-09-28 22:00:00,273.94385827898464
2012-09-28 23:00:00,252.74483227928943
2012-09-29 00:00:00,197.3247177810631
2012-09-29 01:00:00,155.02239810973902
2012-09-29 02:00:00,138.54257151222603
2012-09-29 03:00:00,122.85588342110071
2012-09-29 04:00:00,104.42494220066862
2012-09-29 05:00:00,116.29827281725548
2012-09-29 06:00:00,141.5111694404482
2012-09-29 07:00:00,177.42435272414986
2012-09-29 08:00:00,224.69836836897082
2012-09-29 09:00:00,279.2369477524598
2012-09-29 10:00:00,335.29488345648514
2012-09-29 11:00:00,388.52474293255415
2012-09-29 12:00:00,445.54387569233234
2012-09-29 13:00:00,483.0330238071558
2012-09-29 14:00:00,511.06037669742835
2012-09-29 15:00:00,522.5781049466201
2012-09-29 16:00:00,518.855942861
2012-09-29 17:00:00,502.0737609378121
2012-09-29 18:00:00,461.9319883145314
2012-09-29 19:00:00,416.7241384225045
2012-09-29 20:00:00,364.74174630161247
2012-09-29 21:00:00,308.45651974141936
2012-09-29 22:00:00,247.70321556742513
2012-09-29 23:00:00,191.58266859630191
2012-09-30 00:00:00,181.1835906657982
2012-09-30 01:00:00,138.88127099447414
2012-09-30 02:00:00,106.90977899818459
2012-09-30 03:00:00,87.29501401517359
2012-09-30 04:00:00,85.09287001929198
2012-09-30 05:00:00,97.23857056318076
2012-09-30 06:00:00,122.01557114168486
2012-09-30 07:00:00,160.2101140366528
2012-09-30 08:00:00,208.65028306324203
2012-09-30 09:00:00,263.1535565387955
2012-09-30 10:00:00,321.7086323543567
2012-09-30 11:00:00,383.0923682198269
2012-09-30 12:00:00,427.4240209361964
2012-09-30 13:00:00,465.5662841949013
2012-09-30 14:00:00,491.29541150691534
2012-09-30 15:00:00,502.7699570498577
2012-09-30 16:00:00,500.5933676876241
2012-09-30 17:00:00,484.1083169687337
2012-09-30 18:00:00,436.349307683689
2012-09-30 19:00:00,280.44431451912953
2012-09-30 20:00:00,244.64713804203356
2012-09-30 21:00:00,289.24896586231665
2012-09-30 22:00:00,228.78765722151013
2012-09-30 23:00:00,170.43169298426375
2012-10-20 00:00:00,178.311431837292
2012-10-20 01:00:00,137.78903186388737
2012-10-20 02:00:00,106.07398609619122
2012-10-20 03:00:00,88.04298591671582
2012-10-20 04:00:00,89.42037562115637
2012-10-20 05:00:00,98.63819976230107
2012-10-20 06:00:00,127.3965675448862
2012-10-20 07:00:00,162.49970308473286
2012-10-20 08:00:00,212.11261417551287
2012-10-20 09:00:00,267.32785553023416
2012-10-20 10:00:00,323.5244343763213
2012-10-20 11:00:00,375.18645758255377
2012-10-20 12:00:00,425.2426437196978
2012-10-20 13:00:00,462.3954335008232
2012-10-20 14:00:00,491.0523203522424
2012-10-20 15:00:00,502.5700486014343
2012-10-20 16:00:00,495.2853356458229
2012-10-20 17:00:00,479.78580282766325
2012-10-20 18:00:00,447.8017253642998
2012-10-20 19:00:00,404.716868719633
2012-10-20 20:00:00,352.93063632811527
2012-10-20 21:00:00,292.90222341689343
2012-10-20 22:00:00,234.18158326223494
2012-10-20 23:00:00,176.67766864514132
2012-10-21 00:00:00,164.02223094203504
2012-10-21 01:00:00,119.40592288244746
2012-10-21 02:00:00,88.3047651292319
2012-10-21 03:00:00,71.0837837762503
2012-10-21 04:00:00,61.80374806174606
2012-10-21 05:00:00,81.32829513406148
2012-10-21 06:00:00,110.1614152682709
2012-10-21 07:00:00,147.9396877244359
2012-10-21 08:00:00,194.5017354900891
2012-10-21 09:00:00,248.0351562589583
2012-10-21 10:00:00,302.9910727683116
2012-10-21 11:00:00,356.2353980967859
2012-10-21 12:00:00,404.38738963039515
2012-10-21 13:00:00,444.03875812197947
2012-10-21 14:00:00,470.9942036166516
2012-10-21 15:00:00,481.0865623435752
2012-10-21 16:00:00,478.9257749817208
2012-10-21 17:00:00,460.1438348325459
2012-10-21 18:00:00,430.11776665285254
2012-10-21 19:00:00,386.6950938281843
2012-10-21 20:00:00,333.6394925191014
2012-10-21 21:00:00,272.9578476006593
2012-10-21 22:00:00,216.31951571765688
2012-10-21 23:00:00,160.0014680341949
2012-10-22 00:00:00,84.57414921921452
2012-10-22 01:00:00,70.30961473934279
2012-10-22 02:00:00,67.18529078063405
2012-10-22 03:00:00,77.92515032241357
2012-10-22 04:00:00,95.47957991366256
2012-10-22 05:00:00,121.05452371893091
2012-10-22 06:00:00,154.87522743909193
2012-10-22 07:00:00,202.24586290925896
2012-10-22 08:00:00,251.62496394159552
2012-10-22 09:00:00,298.43999963104034
2012-10-22 10:00:00,347.1168257255576
2012-10-22 11:00:00,389.7443175545561
2012-10-22 12:00:00,425.6663152242253
2012-10-22 13:00:00,455.7562481197683
2012-10-22 14:00:00,466.62282761894755
2012-10-22 15:00:00,469.7490110271922
2012-10-22 16:00:00,462.2428176546567
2012-10-22 17:00:00,445.18880272025626
2012-10-22 18:00:00,404.2057328795879
2012-10-22 19:00:00,373.672009071512
2012-10-22 20:00:00,336.3608586967071
2012-10-22 21:00:00,298.48158855300073
2012-10-22 22:00:00,260.66736152220756
2012-10-22 23:00:00,232.2017317819275
2012-10-23 00:00:00,76.93185898076885
2012-10-23 01:00:00,66.2271638967361
2012-10-23 02:00:00,61.5952901674098
2012-10-23 03:00:00,71.95944254776106
2012-10-23 04:00:00,90.66028305155368
2012-10-23 05:00:00,120.27028220771857
2012-10-23 06:00:00,154.6681493784954
2012-10-23 07:00:00,200.65771617889368
2012-10-23 08:00:00,240.6769917516727
2012-10-23 09:00:00,279.909528612915
2012-10-23 10:00:00,344.903395921561
2012-10-23 11:00:00,396.71859558306016
2012-10-23 12:00:00,387.24728233301164
2012-10-23 13:00:00,404.75716969330756
2012-10-23 14:00:00,461.7603239682184
2012-10-23 15:00:00,463.2204936259807
2012-10-23 16:00:00,456.3830613439928
2012-10-23 17:00:00,440.298918363657
2012-10-23 18:00:00,413.0593363456598
2012-10-23 19:00:00,380.40943212192485
2012-10-23 20:00:00,335.16190220895373
2012-10-23 21:00:00,299.72080741314846
2012-10-23 22:00:00,264.4363589408694
2012-10-23 23:00:00,233.9291059046373
2012-10-24 00:00:00,89.63485155719849
2012-10-24 01:00:00,79.1684349421767
2012-10-24 02:00:00,76.77580208448012
2012-10-24 03:00:00,80.81050257920539
2012-10-24 04:00:00,99.80859115063433
2012-10-24 05:00:00,128.8859553803878
2012-10-24 06:00:00,163.38201927919073
2012-10-24 07:00:00,205.92319276628197
2012-10-24 08:00:00,246.7157295710401
2012-10-24 09:00:00,286.0017400998004
2012-10-24 10:00:00,324.3345884942842
2012-10-24 11:00:00,391.3104132448036
2012-10-24 12:00:00,428.81077232885934
2012-10-24 13:00:00,454.0124045544079
2012-10-24 14:00:00,466.22970781455706
2012-10-24 15:00:00,469.88328388777734
2012-10-24 16:00:00,461.50556033421276
2012-10-24 17:00:00,444.53253657953326
2012-10-24 18:00:00,419.0665185680202
2012-10-24 19:00:00,347.1868058506212
2012-10-24 20:00:00,317.58751808113516
2012-10-24 21:00:00,290.1062039846027
2012-10-24 22:00:00,265.75869382836163
2012-10-24 23:00:00,238.02993528479215
2012-10-25 00:00:00,109.12722337219675
2012-10-25 01:00:00,86.89996115853529
2012-10-25 02:00:00,81.45648905808255
2012-10-25 03:00:00,100.57370239813453
2012-10-25 04:00:00,119.69631154022127
2012-10-25 05:00:00,144.88039761716684
2012-10-25 06:00:00,176.4569091283247
2012-10-25 07:00:00,212.6087406063313
2012-10-25 08:00:00,252.12801002969601
2012-10-25 09:00:00,289.6944114421266
2012-10-25 10:00:00,326.879395912754
2012-10-25 11:00:00,358.41983859360175
2012-10-25 12:00:00,384.9020964302248
2012-10-25 13:00:00,403.74033741471453
2012-10-25 14:00:00,468.10286383088874
2012-10-25 15:00:00,472.58899459107283
2012-10-25 16:00:00,462.4480956082514
2012-10-25 17:00:00,444.52374643077695
2012-10-25 18:00:00,411.07013438245684
2012-10-25 19:00:00,377.11020034782337
2012-10-25 20:00:00,310.4000200568553
2012-10-25 21:00:00,283.13592505951556
2012-10-25 22:00:00,260.5630187940005
2012-10-25 23:00:00,239.54210162743624
2012-10-26 00:00:00,97.36211776429141
2012-10-26 01:00:00,86.78823772374685
2012-10-26 02:00:00,88.3673815142943
2012-10-26 03:00:00,97.9112465735025
2012-10-26 04:00:00,116.59941751720388
2012-10-26 05:00:00,143.52417208029752
2012-10-26 06:00:00,175.75234088903335
2012-10-26 07:00:00,211.6869532678473
2012-10-26 08:00:00,250.17907754649377
2012-10-26 09:00:00,288.17991715730966
2012-10-26 10:00:00,324.1973144822362
2012-10-26 11:00:00,356.93012966815104
2012-10-26 12:00:00,382.9924103238035
2012-10-26 13:00:00,402.0674960133716
2012-10-26 14:00:00,419.0190337092688
2012-10-26 15:00:00,418.84287466363884
2012-10-26 16:00:00,402.0531408244278
2012-10-26 17:00:00,385.03536474410157
2012-10-26 18:00:00,364.2755099515246
2012-10-26 19:00:00,336.8173419447388
2012-10-26 20:00:00,309.3592151821952
2012-10-26 21:00:00,283.59896804829583
2012-10-26 22:00:00,256.953110615467
2012-10-26 23:00:00,240.63647692005844
2012-10-27 00:00:00,181.40717447074582
2012-10-27 01:00:00,148.26636344381913
2012-10-27 02:00:00,121.04272607966693
2012-10-27 03:00:00,91.2617841711499
2012-10-27 04:00:00,104.10818552901722
2012-10-27 05:00:00,114.5816810321454
2012-10-27 06:00:00,135.93912307359017
2012-10-27 07:00:00,165.1060952533603
2012-10-27 08:00:00,212.75572044365092
2012-10-27 09:00:00,265.09810969041746
2012-10-27 10:00:00,321.0565076834523
2012-10-27 11:00:00,375.6122230531697
2012-10-27 12:00:00,434.75158942141434
2012-10-27 13:00:00,474.0206572341574
2012-10-27 14:00:00,499.2158086367956
2012-10-27 15:00:00,445.4585448763364
2012-10-27 16:00:00,442.4454670642771
2012-10-27 17:00:00,427.7923136250147
2012-10-27 18:00:00,401.62170002706927
2012-10-27 19:00:00,363.5505876295598
2012-10-27 20:00:00,319.8780224297584
2012-10-27 21:00:00,271.41369486510825
2012-10-27 22:00:00,220.8619257259497
2012-10-27 23:00:00,171.09562229366895
2012-10-28 00:00:00,133.5021273734551
2012-10-28 01:00:00,130.81781567351769
2012-10-28 02:00:00,104.95926133241466
2012-10-28 03:00:00,90.55640801125978
2012-10-28 04:00:00,87.60990818926527
2012-10-28 05:00:00,98.32022431510114
2012-10-28 06:00:00,119.95373819102505
2012-10-28 07:00:00,151.645057211842
2012-10-28 08:00:00,186.80589478365383
2012-10-28 09:00:00,233.126906256312
2012-10-28 10:00:00,278.42580827114546
2012-10-28 11:00:00,323.2832260414416
2012-10-28 12:00:00,358.5849429825066
2012-10-28 13:00:00,391.07708467191077
2012-10-28 14:00:00,412.8985454404065
2012-10-28 15:00:00,421.5786658325859
2012-10-28 16:00:00,328.0899154115896
2012-10-28 17:00:00,312.6614904012523
2012-10-28 18:00:00,287.1777866717258
2012-10-28 19:00:00,259.58992920447446
2012-10-28 20:00:00,222.26930334042316
2012-10-28 21:00:00,184.94896224304452
2012-10-28 22:00:00,144.61675011760406
2012-10-28 23:00:00,102.82899422270526
2012-10-29 00:00:00,47.20510295541824
2012-10-30 13:00:00,285.6590648252511
2012-10-30 14:00:00,290.4104508015505
2012-10-30 15:00:00,291.37934465690284
2012-10-30 16:00:00,283.7378359544051
2012-10-30 17:00:00,271.461271917178
2012-10-30 18:00:00,258.4034296468876
2012-10-30 19:00:00,329.9880070026919
2012-10-30 20:00:00,286.4039131452619
2012-10-30 21:00:00,263.75979204941916
2012-10-30 22:00:00,250.36761187906887
2012-10-30 23:00:00,221.4675439404034
2012-10-31 00:00:00,82.66626713446593
2012-10-31 01:00:00,76.30543924960037
2012-10-31 02:00:00,75.25133527616522
2012-10-31 03:00:00,88.29878234243003
2012-10-31 04:00:00,100.23107574713111
2012-10-31 05:00:00,130.4081258421684
2012-10-31 06:00:00,154.26709644902695
2012-10-31 07:00:00,197.50295521096655
2012-10-31 08:00:00,246.36396836468816
2012-10-31 09:00:00,292.4788825984956
2012-10-31 10:00:00,334.22290073333824
2012-10-31 11:00:00,344.99983591780995
2012-10-31 12:00:00,417.9512622085776
2012-10-31 13:00:00,443.0558785360518
2012-10-31 14:00:00,405.52724837182313
2012-10-31 15:00:00,458.67412627196705
2012-10-31 16:00:00,397.186399473624
2012-10-31 17:00:00,381.3098648823799
2012-10-31 18:00:00,360.0356597863128
2012-10-31 19:00:00,335.6100704817326
2012-10-31 20:00:00,308.1519437191889
2012-10-31 21:00:00,280.8878487218493
2012-10-31 22:00:00,262.8532853228519
2012-10-31 23:00:00,236.7892183949565
2012-11-20 00:00:00,56.1196072618383
2012-11-20 01:00:00,45.335097688659445
2012-11-20 02:00:00,53.99857752305792
2012-11-20 03:00:00,65.81720867611938
2012-11-20 04:00:00,81.8917574617239
2012-11-20 05:00:00,108.8165120248175
2012-11-20 06:00:00,139.50160584071233
2012-11-20 07:00:00,176.1249156986517
2012-11-20 08:00:00,220.9663598841734
2012-11-20 09:00:00,259.35777389789
2012-11-20 10:00:00,295.9733789352474
2012-11-20 11:00:00,327.6186166965248
2012-11-20 12:00:00,353.7999197233438
2012-11-20 13:00:00,373.44832531502743
2012-11-20 14:00:00,380.86525765180807
2012-11-20 15:00:00,382.43900412098475
2012-11-20 16:00:00,372.0099415867799
2012-11-20 17:00:00,353.28555956123523
2012-11-20 18:00:00,333.9888676563947
2012-11-20 19:00:00,308.9900512306672
2012-11-20 20:00:00,279.91027351815166
2012-11-20 21:00:00,274.75302798136903
2012-11-20 22:00:00,240.99202889604538
2012-11-20 23:00:00,205.14086837478396
2012-11-21 00:00:00,65.06887912931202
2012-11-21 01:00:00,47.9667881764083
2012-11-21 02:00:00,40.87294585464416
2012-11-21 03:00:00,49.27918656728397
2012-11-21 04:00:00,68.27727513871292
2012-11-21 05:00:00,96.93836892966343
2012-11-21 06:00:00,136.07667027641332
2012-11-21 07:00:00,178.03412598584976
2012-11-21 08:00:00,219.20740800718727
2012-11-21 09:00:00,274.9205097824498
2012-11-21 10:00:00,326.8640948438207
2012-11-21 11:00:00,367.25750555467
2012-11-21 12:00:00,402.7488886314604
2012-11-21 13:00:00,426.78029577074375
2012-11-21 14:00:00,441.41877847479594
2012-11-21 15:00:00,444.7372980069084
2012-11-21 16:00:00,435.6410474121466
2012-11-21 17:00:00,414.5859468868112
2012-11-21 18:00:00,390.529496397187
2012-11-21 19:00:00,354.9479114125817
2012-11-21 20:00:00,314.08205526722105
2012-11-21 21:00:00,284.5241204826402
2012-11-21 22:00:00,250.20942468359155
2012-11-21 23:00:00,218.4562278588158
2012-11-22 00:00:00,155.9590949473484
2012-11-22 01:00:00,112.38585331369242
2012-11-22 02:00:00,76.430374684447
2012-11-22 03:00:00,59.34827987018596
2012-11-22 04:00:00,52.90570301275508
2012-11-22 05:00:00,69.59279122799717
2012-11-22 06:00:00,97.2832071918306
2012-11-22 07:00:00,130.1038215378394
2012-11-22 08:00:00,177.5558291524523
2012-11-22 09:00:00,242.3841277075964
2012-11-22 10:00:00,296.48535350304667
2012-11-22 11:00:00,356.15195767571686
2012-11-22 12:00:00,405.78816663189025
2012-11-22 13:00:00,444.70650787448847
2012-11-22 14:00:00,471.52331022709865
2012-11-22 15:00:00,483.57501438566635
2012-11-22 16:00:00,479.52032784486744
2012-11-22 17:00:00,461.1872917464832
2012-11-22 18:00:00,427.4180420507516
2012-11-22 19:00:00,377.5039466853326
2012-11-22 20:00:00,326.11426392826866
2012-11-22 21:00:00,267.24804882196634
2012-11-22 22:00:00,210.98928206128227
2012-11-22 23:00:00,151.60592928265885
2012-11-23 00:00:00,69.806666387039
2012-11-23 01:00:00,50.7911482652637
2012-11-23 02:00:00,48.74924197771192
2012-11-23 03:00:00,61.53601654026613
2012-11-23 04:00:00,73.02031734838381
2012-11-23 05:00:00,106.52006198632722
2012-11-23 06:00:00,143.25680052069242
2012-11-23 07:00:00,185.9314814787358
2012-11-23 08:00:00,225.24440619215721
2012-11-23 09:00:00,275.30407992951984
2012-11-23 10:00:00,323.5895161430637
2012-11-23 11:00:00,371.3135604764566
2012-11-23 12:00:00,406.4685852195488
2012-11-23 13:00:00,430.14926578868744
2012-11-23 14:00:00,445.5194395937517
2012-11-23 15:00:00,446.24275839702136
2012-11-23 16:00:00,387.8004725262858
2012-11-23 17:00:00,373.05599985851893
2012-11-23 18:00:00,351.46637410024266
2012-11-23 19:00:00,323.12352769630695
2012-11-23 20:00:00,328.44625419360284
2012-11-23 21:00:00,289.0306483551685
2012-11-23 22:00:00,253.12707858134047
2012-11-23 23:00:00,223.6929178699603
2012-11-24 00:00:00,165.5460330918046
2012-11-24 01:00:00,108.13494492534755
2012-11-24 02:00:00,75.65426237904836
2012-11-24 03:00:00,62.88185442935824
2012-11-24 04:00:00,54.258635765912544
2012-11-24 05:00:00,70.64476917135062
2012-11-24 06:00:00,96.11544817111071
2012-11-24 07:00:00,135.69950607174167
2012-11-24 08:00:00,169.86822665472843
2012-11-24 09:00:00,214.2705776714466
2012-11-24 10:00:00,263.4161352427774
2012-11-24 11:00:00,310.57190028966124
2012-11-24 12:00:00,344.3907184306374
2012-11-24 13:00:00,431.49769146300986
2012-11-24 14:00:00,453.6185633858671
2012-11-24 15:00:00,464.40460053404684
2012-11-24 16:00:00,458.73877573632774
2012-11-24 17:00:00,441.0980819112255
2012-11-24 18:00:00,410.73565539783397
2012-11-24 19:00:00,371.7539246206286
2012-11-24 20:00:00,316.3200639298531
2012-11-24 21:00:00,262.66954297994596
2012-11-24 22:00:00,202.7670932238401
2012-11-24 23:00:00,146.58769351743047
2012-11-25 00:00:00,132.74638404570203
2012-11-25 01:00:00,94.04718409242504
2012-11-25 02:00:00,56.72794831509158
2012-11-25 03:00:00,56.03572832923783
2012-11-25 04:00:00,53.833584333356214
2012-11-25 05:00:00,69.22685503848054
2012-11-25 06:00:00,93.63897503619131
2012-11-25 07:00:00,124.1824301331518
2012-11-25 08:00:00,159.552707621801
2012-11-25 09:00:00,201.8348250300528
2012-11-25 10:00:00,270.9927191715618
2012-11-25 11:00:00,295.0067173403771
2012-11-25 12:00:00,333.97158682903665
2012-11-25 13:00:00,366.2465094192481
2012-11-25 14:00:00,387.75279050469817
2012-11-25 15:00:00,450.46250229866723
2012-11-25 16:00:00,448.81988884580943
2012-11-25 17:00:00,431.34272355558915
2012-11-25 18:00:00,399.19511997483903
2012-11-25 19:00:00,366.09893249355997
2012-11-25 20:00:00,310.45190589639924
2012-11-25 21:00:00,256.14947397924243
2012-11-25 22:00:00,194.26422958010028
2012-11-25 23:00:00,131.3903028005222
2012-11-26 00:00:00,62.326405259460714
2012-11-26 01:00:00,48.94657567660482
2012-11-26 02:00:00,46.55394281890828
2012-11-26 03:00:00,54.96018353154808
2012-11-26 04:00:00,74.67549493408872
2012-11-26 05:00:00,94.3753081030286
2012-11-26 06:00:00,140.07332725940444
2012-11-26 07:00:00,184.19166719762777
2012-11-26 08:00:00,230.26192729635278
2012-11-26 09:00:00,276.49980437017234
2012-11-26 10:00:00,327.1974456429996
2012-11-26 11:00:00,367.5163208990174
2012-11-26 12:00:00,403.85829574965715
2012-11-26 13:00:00,427.2576471148775
2012-11-26 14:00:00,441.91047397300554
2012-11-26 15:00:00,442.93474758607914
2012-11-26 16:00:00,437.6012800308705
2012-11-26 17:00:00,418.58926064779047
2012-11-26 18:00:00,380.44233276360177
2012-11-26 19:00:00,354.0156687349604
2012-11-26 20:00:00,319.3941211288792
2012-11-26 21:00:00,283.4387928929226
2012-11-26 22:00:00,246.82466492148865
2012-11-26 23:00:00,208.82385596304437
2012-11-27 00:00:00,63.274959417882016
2012-11-27 01:00:00,55.33328725707793
2012-11-27 02:00:00,54.50941038893738
2012-11-27 03:00:00,45.06547546917734
2012-11-27 04:00:00,55.51510434696959
2012-11-27 05:00:00,103.92192022995097
2012-11-27 06:00:00,138.9875478957602
2012-11-27 07:00:00,138.93167203501525
2012-11-27 08:00:00,169.5469497446531
2012-11-27 09:00:00,254.6870212194952
2012-11-27 10:00:00,225.09029247274918
2012-11-27 11:00:00,239.959243300024
2012-11-27 12:00:00,255.24539182522813
2012-11-27 13:00:00,270.61931279991256
2012-11-27 14:00:00,271.66290567606455
2012-11-27 15:00:00,364.20375629574835
2012-11-27 16:00:00,356.25232996552313
2012-11-27 17:00:00,339.62842397121693
2012-11-27 18:00:00,359.1124917573343
2012-11-27 19:00:00,333.851978692966
2012-11-27 20:00:00,293.3434299446551
2012-11-27 21:00:00,256.24157393281604
2012-11-27 22:00:00,228.60439661242964
2012-11-27 23:00:00,192.44391554945332
2012-11-28 00:00:00,56.565865016551385
2012-11-28 01:00:00,52.62106579647572
2012-11-28 02:00:00,54.41742868621583
2012-11-28 03:00:00,65.7215878374578
2012-11-28 04:00:00,84.84565482584787
2012-11-28 05:00:00,113.95475310213345
2012-11-28 06:00:00,143.36508865968176
2012-11-28 07:00:00,181.55474391050453
2012-11-28 08:00:00,219.29872788453844
2012-11-28 09:00:00,274.55303640847785
2012-11-28 10:00:00,326.00437042041915
2012-11-28 11:00:00,364.0156981440694
2012-11-28 12:00:00,390.06017198419374
2012-11-28 13:00:00,420.67235630292134
2012-11-28 14:00:00,431.1671474446423
2012-11-28 15:00:00,434.4856910591255
2012-11-28 16:00:00,427.84733419911856
2012-11-28 17:00:00,412.7747904502886
2012-11-28 18:00:00,381.32621324477486
2012-11-28 19:00:00,352.7937790425771
2012-11-28 20:00:00,320.0805033152087
2012-11-28 21:00:00,280.23926831098345
2012-11-28 22:00:00,242.49428501019918
2012-11-28 23:00:00,214.96325567143157
2012-11-29 00:00:00,69.21163208152532
2012-11-29 01:00:00,56.59220803603061
2012-11-29 02:00:00,57.690149179288724
2012-11-29 04:00:00,76.72365883871367
2012-11-29 05:00:00,112.1420880149678
2012-11-29 06:00:00,149.5960493804447
2012-11-29 07:00:00,192.4434673563361
2012-11-29 08:00:00,231.71716494035678
2012-11-29 09:00:00,287.3666821157856
2012-11-29 10:00:00,328.9183424618849
2012-11-29 11:00:00,372.294526733916
2012-11-29 12:00:00,405.0714289016484
2012-11-29 13:00:00,435.43099059728917
2012-11-29 14:00:00,440.1958475855916
2012-11-29 15:00:00,439.4572076777566
2012-11-29 16:00:00,434.798983437851
2012-11-29 17:00:00,416.7568335913402
2012-11-29 18:00:00,388.69413292231013
2012-11-29 19:00:00,352.87174765577754
2012-11-29 20:00:00,320.1570140821059
2012-11-29 21:00:00,280.87477235141876
2012-11-29 22:00:00,249.07428028031063
2012-11-29 23:00:00,225.9984051717396
2012-11-30 00:00:00,61.93221135837416
2012-11-30 01:00:00,51.82427641348171
2012-11-30 02:00:00,54.23106727337735
2012-11-30 03:00:00,62.63730798601716
2012-11-30 04:00:00,80.90370545643394
2012-11-30 05:00:00,107.957616567313
2012-11-30 06:00:00,143.6264032829265
2012-11-30 07:00:00,188.08625889083325
2012-11-30 08:00:00,223.98378984385747
2012-11-30 09:00:00,276.7808592224111
2012-11-30 10:00:00,306.62587241079143
2012-11-30 11:00:00,337.82612287942163
2012-11-30 12:00:00,368.8866273401002
2012-11-30 13:00:00,385.607278227369
2012-11-30 14:00:00,395.4179941941791
2012-11-30 15:00:00,396.81374869356375
2012-11-30 16:00:00,439.17674766470276
2012-11-30 17:00:00,413.3040508272023
2012-11-30 18:00:00,346.8022453607257
2012-11-30 19:00:00,358.2807102201551
2012-11-30 20:00:00,322.947194734906
2012-11-30 21:00:00,281.16767366885506
2012-11-30 22:00:00,250.89724858448608
2012-11-30 23:00:00,214.0180844265995
2012-12-20 00:00:00,56.544849334692216
2012-12-20 01:00:00,47.14897988492626
2012-12-20 02:00:00,44.756347027229694
2012-12-20 03:00:00,63.58681774021131
2012-12-20 04:00:00,82.27498868391271
2012-12-20 05:00:00,108.11218990473958
2012-12-20 06:00:00,144.7208925633899
2012-12-20 07:00:00,179.98276419243678
2012-12-20 08:00:00,218.17763556845642
2012-12-20 09:00:00,256.1784751792723
2012-12-20 10:00:00,291.00628372039625
2012-12-20 11:00:00,316.7986358801057
2012-12-20 12:00:00,346.1720431381128
2012-12-20 13:00:00,362.340428658094
2012-12-20 14:00:00,371.99277826099785
2012-12-20 15:00:00,370.87166700950706
2012-12-20 16:00:00,357.2897098480163
2012-12-20 17:00:00,346.00063724461074
2012-12-20 18:00:00,323.836472299584
2012-12-20 19:00:00,219.02913369586156
2012-12-20 20:00:00,202.04555196171498
2012-12-20 21:00:00,183.47269020299217
2012-12-20 22:00:00,165.14891039608906
2012-12-20 23:00:00,159.2407273707115
2012-12-21 00:00:00,86.10491126352645
2012-12-21 01:00:00,95.41647594350161
2012-12-21 02:00:00,107.63619022509909
2012-12-21 03:00:00,120.90420358108997
2012-12-21 04:00:00,141.03105844978978
2012-12-21 05:00:00,157.46693413597603
2012-12-21 06:00:00,177.13555162774287
2012-12-21 07:00:00,209.1863084969545
2012-12-21 08:00:00,227.83594253773234
2012-12-21 09:00:00,242.69352707725636
2012-12-21 10:00:00,289.79591239611705
2012-12-21 11:00:00,281.73658558290344
2012-12-21 12:00:00,294.77687238522964
2012-12-21 13:00:00,301.13241729111945
2012-12-21 14:00:00,303.3425005988765
2012-12-21 15:00:00,299.59657786678446
2012-12-21 16:00:00,295.21641308955327
2012-12-21 17:00:00,276.37882260152514
2012-12-21 18:00:00,265.41826586643344
2012-12-21 19:00:00,297.7188101763319
2012-12-21 20:00:00,280.7066189248906
2012-12-21 21:00:00,251.4100789789274
2012-12-21 22:00:00,234.39377716579529
2012-12-21 23:00:00,222.15724553913486
2012-12-22 00:00:00,182.56926941759446
2012-12-22 01:00:00,151.04544979586638
2012-12-22 02:00:00,124.4416999720599
2012-12-22 03:00:00,108.79826518415666
2012-12-22 04:00:00,113.4428465655941
2012-12-22 05:00:00,110.7167629644826
2012-12-22 06:00:00,126.36590940931521
2012-12-22 07:00:00,150.09391383776847
2012-12-22 08:00:00,175.76146732788055
2012-12-22 09:00:00,215.87312802855212
2012-12-22 10:00:00,254.15610154842278
2012-12-22 11:00:00,296.14891068942296
2012-12-22 12:00:00,326.0703045761014
2012-12-22 13:00:00,360.9909958117562
2012-12-22 14:00:00,380.2085016532873
2012-12-22 15:00:00,386.740548221104
2012-12-22 16:00:00,387.0945464646131
2012-12-22 17:00:00,375.6362634924453
2012-12-22 18:00:00,345.0160296391676
2012-12-22 19:00:00,315.92617381468074
2012-12-22 20:00:00,286.3614924969446
2012-12-22 21:00:00,238.16820293136834
2012-12-22 22:00:00,194.67409211375588
2012-12-22 23:00:00,155.39137151725248
2012-12-23 00:00:00,168.08338724144227
2012-12-23 01:00:00,138.1067198877334
2012-12-23 02:00:00,110.02232340118246
2012-12-23 03:00:00,94.439199194869
2012-12-23 04:00:00,89.51377169329567
2012-12-23 05:00:00,102.26284179463624
2012-12-23 06:00:00,104.62986548384092
2012-12-23 07:00:00,128.35786991229415
2012-12-23 08:00:00,153.4702615086582
2012-12-23 09:00:00,199.6542302362402
2012-12-23 10:00:00,234.96399798124918
2012-12-23 11:00:00,273.8980518908052
2012-12-23 12:00:00,318.01110612540253
2012-12-23 13:00:00,347.78562673253987
2012-12-23 14:00:00,367.6485954523379
2012-12-23 15:00:00,383.8291051619668
2012-12-23 16:00:00,382.514694758818
2012-12-23 17:00:00,366.5659510441444
2012-12-23 18:00:00,344.40303608661435
2012-12-23 19:00:00,321.9044729355397
2012-12-23 20:00:00,276.4677258049587
2012-12-23 21:00:00,231.8579303515438
2012-12-23 22:00:00,184.23713656610624
2012-12-23 23:00:00,147.35597878198755
2012-12-24 00:00:00,98.09930449988963
2012-12-24 01:00:00,94.25731021240071
2012-12-24 02:00:00,93.54662345110404
2012-12-24 03:00:00,102.7987196278101
2012-12-24 05:00:00,127.78486588826541
2012-12-24 06:00:00,165.08156747691288
2012-12-24 07:00:00,194.77393222599613
2012-12-24 08:00:00,227.08019931466274
2012-12-24 09:00:00,238.51468966343361
2012-12-24 10:00:00,265.474151852182
2012-12-24 11:00:00,272.9785620776579
2012-12-24 12:00:00,293.07341830395524
2012-12-24 13:00:00,204.57521054157178
2012-12-24 14:00:00,201.9642423278291
2012-12-24 15:00:00,192.04085183606173
2012-12-24 16:00:00,186.56629453410824
2012-12-24 17:00:00,182.09918625460642
2012-12-24 18:00:00,178.49766610831932
2012-12-24 19:00:00,246.09172278616543
2012-12-24 20:00:00,164.94330846096784
2012-12-24 21:00:00,164.93284384042957
2012-12-24 22:00:00,221.08496941093955
2012-12-24 23:00:00,172.6523238619077
2012-12-25 00:00:00,142.112678334021
2012-12-25 01:00:00,149.54767881881645
2012-12-25 02:00:00,128.22047808471333
2012-12-25 04:00:00,109.25149383487759
2012-12-25 05:00:00,105.37138415660357
2012-12-25 06:00:00,115.58277389744637
2012-12-25 07:00:00,132.3520328011742
2012-12-25 08:00:00,167.49113233195777
2012-12-25 09:00:00,189.77890480199363
2012-12-25 10:00:00,252.582913564494
2012-12-25 11:00:00,289.14278476316184
2012-12-25 12:00:00,324.53224236402446
2012-12-25 13:00:00,364.41149324339494
2012-12-25 14:00:00,382.7034111793728
2012-12-25 15:00:00,383.72393923368867
2012-12-25 16:00:00,330.9238144762977
2012-12-25 17:00:00,316.71500966666196
2012-12-25 18:00:00,298.8202206568757
2012-12-25 19:00:00,275.9680323660286
2012-12-25 20:00:00,246.19703042071987
2012-12-25 21:00:00,212.65265031243624
2012-12-25 22:00:00,179.80214612970008
2012-12-25 23:00:00,140.65536711959555
2012-12-26 00:00:00,101.6990551333374
2012-12-26 01:00:00,96.62914711466658
2012-12-26 02:00:00,103.45161239138176
2012-12-26 03:00:00,110.66070213709395
2012-12-26 04:00:00,108.76686323578156
2012-12-26 05:00:00,145.61625816209715
2012-12-26 06:00:00,167.35148981411243
2012-12-26 07:00:00,143.78512297012787
2012-12-26 08:00:00,158.06440814156028
2012-12-26 09:00:00,170.39378425443468
2012-12-26 10:00:00,180.69155017367115
2012-12-26 11:00:00,183.1583457592974
2012-12-26 12:00:00,193.48376096716538
2012-12-26 13:00:00,194.62508034844322
2012-12-26 14:00:00,195.28746703646257
2012-12-26 15:00:00,193.4149330330366
2012-12-26 16:00:00,187.94037573108307
2012-12-26 17:00:00,180.41858949531525
2012-12-26 18:00:00,179.09327442522545
2012-12-26 19:00:00,180.04942032725592
2012-12-26 20:00:00,175.57649879935587
2012-12-26 21:00:00,228.42634117032182
2012-12-26 22:00:00,153.7912139983303
2012-12-26 23:00:00,163.9342666900264
2012-12-27 00:00:00,61.99348491608866
2012-12-27 01:00:00,62.601079172588705
2012-12-27 02:00:00,99.16682458505764
2012-12-27 03:00:00,118.07415050329872
2012-12-27 04:00:00,129.60481110958798
2012-12-27 05:00:00,144.6047322902
2012-12-27 06:00:00,159.73177196718626
2012-12-27 07:00:00,196.65511334698851
2012-12-27 08:00:00,225.70910959045597
2012-12-27 09:00:00,252.15421487858598
2012-12-27 10:00:00,282.41239666073284
2012-12-27 11:00:00,276.9718517590965
2012-12-27 12:00:00,334.49601925602326
2012-12-27 13:00:00,347.80645817267305
2012-12-27 14:00:00,292.91711892632117
2012-12-27 15:00:00,292.2130621314002
2012-12-27 16:00:00,293.9174919897056
2012-12-27 17:00:00,284.8569841017585
2012-12-27 18:00:00,270.19628653213397
2012-12-27 19:00:00,293.42919892224063
2012-12-27 20:00:00,278.99140269949544
2012-12-27 21:00:00,233.3247737236925
2012-12-27 22:00:00,221.38185829576094
2012-12-27 23:00:00,217.90927753668092
2012-12-28 00:00:00,103.38296634074334
2012-12-28 01:00:00,93.84524126496567
2012-12-28 02:00:00,95.60837655117012
2012-12-28 03:00:00,123.70805186400402
2012-12-28 04:00:00,142.03011523151713
2012-12-28 05:00:00,160.77628684781774
2012-12-28 06:00:00,163.71108728378874
2012-12-28 07:00:00,196.27497826586563
2012-12-28 08:00:00,223.04695473801632
2012-12-28 09:00:00,237.50784627988173
2012-12-28 10:00:00,261.9073792923392
2012-12-28 11:00:00,283.1045310102136
2012-12-28 12:00:00,301.0557278946492
2012-12-28 13:00:00,308.281607043613
2012-12-28 14:00:00,310.9275863960587
2012-12-28 15:00:00,313.292673409809
2012-12-28 16:00:00,355.70754992650626
2012-12-28 17:00:00,333.04056685769626
2012-12-28 18:00:00,316.9183252530939
2012-12-28 19:00:00,255.31698232517087
2012-12-28 20:00:00,248.31867878044247
2012-12-28 21:00:00,233.24330644516968
2012-12-28 22:00:00,226.78556349069936
2012-12-28 23:00:00,221.56823697029313
2012-12-29 00:00:00,196.49801731109562
2012-12-29 01:00:00,166.90467973499034
2012-12-29 02:00:00,147.77366913760966
2012-12-29 03:00:00,132.8726476272902
2012-12-29 04:00:00,125.61910433105885
2012-12-29 05:00:00,127.93361841090906
2012-12-29 06:00:00,138.90961026452422
2012-12-29 07:00:00,155.68032701455536
2012-12-29 08:00:00,178.49949909360336
2012-12-29 09:00:00,205.17042484242847
2012-12-29 10:00:00,169.5853820446045
2012-12-29 11:00:00,187.47022498972626
2012-12-29 12:00:00,205.69081379344692
2012-12-29 13:00:00,220.92192992432794
2012-12-29 14:00:00,321.6648954081486
2012-12-29 15:00:00,330.900715816455
2012-12-29 16:00:00,384.01064361661406
2012-12-29 17:00:00,372.1122945242124
2012-12-29 18:00:00,351.5745218260366
2012-12-29 19:00:00,283.9959025202944
2012-12-29 20:00:00,251.6335234516493
2012-12-29 21:00:00,219.65959964645086
2012-12-29 22:00:00,184.71088235730937
2012-12-29 23:00:00,157.1993848225247
2012-12-30 00:00:00,180.0549695514523
2012-12-30 01:00:00,145.28808064095927
2012-12-30 02:00:00,128.1031112053889
2012-12-30 03:00:00,109.94981824549647
2012-12-30 04:00:00,111.21388034423177
2012-12-30 05:00:00,109.48162356136163
2012-12-30 06:00:00,112.76536229509409
2012-12-30 07:00:00,131.11999374264957
2012-12-30 08:00:00,158.8187534057941
2012-12-30 09:00:00,197.4528094486948
2012-12-30 10:00:00,234.0869999277934
2012-12-30 11:00:00,275.3858820324674
2012-12-30 12:00:00,307.2651641088604
2012-12-30 13:00:00,338.0528604702672
2012-12-30 14:00:00,362.50015095259783
2012-12-30 15:00:00,371.7633988367174
2012-12-30 16:00:00,367.8157406695859
2012-12-30 17:00:00,355.3076730338751
2012-12-30 18:00:00,286.8766858325414
2012-12-30 19:00:00,325.79167649834136
2012-12-30 20:00:00,262.06866270963366
2012-12-30 21:00:00,224.3993308867979
2012-12-30 22:00:00,177.5744702784403
2012-12-30 23:00:00,135.06278166305611
2012-12-31 00:00:00,106.12146858358726
2012-12-31 01:00:00,102.27947429609833
2012-12-31 02:00:00,102.35920937058404
2012-12-31 03:00:00,114.66598350355613
2012-12-31 04:00:00,126.17269621819565
2012-12-31 05:00:00,144.78656110895602
2012-12-31 06:00:00,173.0104951067019
2012-12-31 07:00:00,204.25514779491414
2012-12-31 08:00:00,228.9202362231899
2012-12-31 09:00:00,253.53311715649542
2012-12-31 10:00:00,271.07723491896206
2012-12-31 11:00:00,289.6752297267711
2012-12-31 12:00:00,302.11503561882057
2012-12-31 13:00:00,316.3862712454676
2012-12-31 14:00:00,320.26012946124456
2012-12-31 15:00:00,321.97355917741686
2012-12-31 16:00:00,310.30975945349144
2012-12-31 17:00:00,307.1543963849856
2012-12-31 18:00:00,292.90747674203
2012-12-31 19:00:00,275.5182145255119
2012-12-31 20:00:00,262.8319852605349
2012-12-31 21:00:00,273.2139353984087
2012-12-31 22:00:00,258.3231486455529
2012-12-31 23:00:00,242.08312647838025
