row_index,oof_pred
0,
1,
2,
3,
4,
5,
6,
7,
8,
9,
10,
11,
12,
13,
14,
15,
16,
17,
18,
19,
20,
21,
22,
23,
24,
25,
26,
27,
28,
29,
30,
31,
32,
33,
34,
35,
36,
37,
38,
39,
40,
41,
42,
43,
44,
45,
46,
47,
48,
49,
50,
51,
52,
53,
54,
55,
56,
57,
58,
59,
60,
61,
62,
63,
64,
65,
66,
67,
68,
69,
70,
71,
72,
73,
74,
75,
76,
77,
78,
79,
80,
81,
82,
83,
84,
85,
86,
87,
88,
89,
90,
91,
92,
93,
94,
95,
96,
97,
98,
99,
100,
101,
102,
103,
104,
105,
106,
107,
108,
109,
110,
111,
112,
113,
114,
115,
116,
117,
118,
119,
120,
121,
122,
123,
124,
125,
126,
127,
128,
129,
130,
131,
132,
133,
134,
135,
136,
137,
138,
139,
140,
141,
142,
143,
144,
145,
146,
147,
148,
149,
150,
151,
152,
153,
154,
155,
156,
157,
158,
159,
160,
161,
162,
163,
164,
165,
166,
167,
168,
169,
170,
171,
172,
173,
174,
175,
176,
177,
178,
179,
180,
181,
182,
183,
184,
185,
186,
187,
188,
189,
190,
191,
192,
193,
194,
195,
196,
197,
198,
199,
200,
201,
202,
203,
204,
205,
206,
207,
208,
209,
210,
211,
212,
213,
214,
215,
216,
217,
218,
219,
220,
221,
222,
223,
224,
225,
226,
227,
228,
229,
230,
231,
232,
233,
234,
235,
236,
237,
238,
239,
240,
241,
242,
243,
244,
245,
246,
247,
248,
249,
250,
251,
252,
253,
254,
255,
256,
257,
258,
259,
260,
261,
262,
263,
264,
265,
266,
267,
268,
269,
270,
271,
272,
273,
274,
275,
276,
277,
278,
279,
280,
281,
282,
283,
284,
285,
286,
287,
288,
289,
290,
291,
292,
293,
294,
295,
296,
297,
298,
299,
300,
301,9.273651314810602
302,4.619752677363918
303,2.440720474440935
304,1.8424340667448083
305,3.7507745081574106
306,24.92172536874725
307,74.92936897828548
308,180.0475838085442
309,116.98048062805655
310,50.3303556212314
311,52.69325632171128
312,70.03211827411387
313,69.71396823570227
314,60.885417445827585
315,73.47643067576445
316,88.91258962097346
317,170.0393012009951
318,138.18624151180734
319,94.01812122830829
320,56.514308410191674
321,46.50251414060688
322,36.09597558750622
323,27.92125038299806
324,27.55679291303924
325,19.30758890737952
326,12.785670987740886
327,6.914365865024784
328,2.4377211329025807
329,2.024201724451324
330,2.275714228413867
331,9.321000244239716
332,19.323017033434805
333,40.45507254358157
334,63.50140784065255
335,68.1888731374494
336,102.96560304556833
337,112.48401373959945
338,113.77047589599442
339,124.96675342716937
340,118.86636459317266
341,100.37887141691586
342,84.14347710528578
343,58.21321870554096
344,52.38345087505948
345,49.151707451903256
346,42.68888296890415
347,28.126317011602428
348,32.04062832433574
349,30.61318708322566
350,22.95612848984593
351,10.484472775667083
352,3.3156239798044482
353,2.0383976774964325
354,1.7300583256889208
355,4.57593425156823
356,16.548782049262304
357,31.42753576944281
358,61.131336000827375
359,74.72626439191109
360,99.5782660239355
361,105.61483726078158
362,100.88231695576923
363,102.25201613148428
364,94.04783006677305
365,75.61760093104537
366,61.38987008334488
367,36.759507678127676
368,32.87263927094452
369,29.250458965716877
370,22.610534448127723
371,14.951449741640891
372,16.972817251231653
373,13.417126750852358
374,9.05900282248801
375,4.994855161897637
376,2.931041941264635
377,2.470623207414858
378,3.368918454124945
379,9.403072812005753
380,14.676997062919058
381,29.51894569200095
382,41.45496152278083
383,46.665482181985496
384,69.5584584187278
385,65.75150521552848
386,68.2410655857578
387,69.70843890735449
388,74.8993741564387
389,76.8851997192096
390,71.520895259073
391,40.34538975804387
392,28.114644272995474
393,25.599089065820404
394,19.550020928514964
395,12.706985012406014
396,43.87148939278702
397,48.894963014676094
398,51.58706707293401
399,51.74806246417655
400,63.74855475598378
401,158.1391213034635
402,152.61006167564955
403,108.53862395684536
404,58.65284365661644
405,47.33615939805318
406,33.26966421343165
407,19.16074837319332
408,7.386084400555968
409,1.6868341885263294
410,1.199541886548367
411,0.6603813072685494
412,4.428938028860611
413,26.57785708078524
414,89.96562944058037
415,193.30888182108194
416,108.01996147503714
417,45.157873016203034
418,45.695133204490155
419,63.22895636501987
420,70.02998099014633
421,64.72588300360596
422,65.21360094270024
423,88.90744658996456
424,179.37933118478693
425,169.43706037555114
426,110.19777860703688
427,76.71074193451628
428,65.92032769683219
429,47.38838478113944
430,24.644763994989997
431,
432,
433,
434,
435,
436,
437,
438,
439,
440,
441,
442,
443,
444,
445,
446,
447,
448,
449,
450,
451,
452,
453,
454,
455,
456,
457,
458,
459,
460,
461,
462,
463,
464,
465,
466,
467,
468,
469,
470,
471,
472,
473,
474,
475,
476,
477,
478,
479,
480,
481,
482,
483,
484,
485,
486,
487,
488,
489,
490,
491,
492,
493,
494,
495,
496,
497,
498,
499,
500,
501,
502,
503,
504,
505,
506,
507,
508,
509,
510,
511,
512,
513,
514,
515,
516,
517,
518,
519,
520,
521,
522,
523,
524,
525,
526,
527,
528,
529,
530,
531,
532,
533,
534,
535,
536,
537,
538,
539,
540,
541,
542,
543,
544,
545,
546,
547,
548,
549,
550,
551,
552,
553,
554,
555,
556,
557,
558,
559,
560,
561,
562,
563,
564,
565,
566,
567,
568,
569,
570,
571,
572,
573,
574,
575,
576,
577,
578,
579,
580,
581,
582,
583,
584,
585,
586,
587,
588,
589,
590,
591,
592,
593,
594,
595,
596,
597,
598,
599,
600,
601,
602,
603,
604,
605,
606,
607,
608,
609,
610,
611,
612,
613,
614,
615,
616,
617,
618,
619,
620,
621,
622,
623,
624,
625,
626,
627,
628,
629,
630,
631,
632,
633,
634,
635,
636,
637,
638,
639,
640,
641,
642,
643,
644,
645,
646,
647,
648,
649,
650,
651,
652,
653,
654,
655,
656,
657,
658,
659,
660,
661,
662,
663,
664,
665,
666,
667,
668,
669,
670,
671,
672,
673,
674,
675,
676,
677,
678,
679,
680,
681,
682,
683,
684,
685,
686,
687,
688,
689,
690,
691,
692,
693,
694,
695,
696,
697,
698,
699,
700,
701,
702,
703,
704,
705,
706,
707,
708,
709,
710,
711,
712,
713,
714,
715,
716,
717,
718,
719,
720,
721,
722,
723,
724,
725,
726,
727,
728,
729,
730,
731,
732,
733,
734,
735,13.287831175228845
736,5.2620504922564875
737,3.242240083274596
738,2.4979154047487144
739,1.6846471121606441
740,6.367040396664811
741,37.46406409213219
742,98.56504872023199
743,212.22485008030745
744,129.9304685353779
745,64.88198955853785
746,93.93632047949599
747,116.87023193295127
748,111.79319541401303
749,97.924327575003
750,100.79837061237473
751,153.25101172242597
752,263.1326460730805
753,187.31746138179594
754,131.06573977116005
755,84.32339447168816
756,68.79408211829212
757,37.3089756807297
758,21.458394844055622
759,10.357140139910433
760,3.5332525690844423
761,1.8883313586026034
762,1.3205864798791622
763,4.2786799459604214
764,32.67259086464747
765,92.96547278145866
766,200.2015145591467
767,126.17241145916222
768,51.760463631608076
769,55.287685438255814
770,69.71020562442504
771,78.10431577847032
772,68.7042140607367
773,71.6840447067706
774,99.28348349477565
775,202.80530606386674
776,191.9070951938014
777,121.04676229855191
778,78.51046413586067
779,63.226539475040525
780,46.26573442355694
781,23.16106086731929
782,11.251527550767058
783,4.09653401465723
784,1.9612253268484694
785,1.402302613485644
786,6.065156570151946
787,37.13026810721078
788,101.95788151400845
789,214.92760578708362
790,140.86381377070535
791,54.875864791822686
792,66.3331187014805
793,80.50330449155307
794,82.15820395919542
795,85.51876202183516
796,89.02518480713316
797,130.98211476628646
798,248.5062995531033
799,189.29213917924076
800,135.16912120843983
801,98.44441848324637
802,81.25888914921654
803,58.18720647406372
804,37.6388437147111
805,13.986668345867361
806,6.3305678705864326
807,3.915329995674314
808,3.1150949102710617
809,2.0085316583042525
810,7.972792447185399
811,43.28578507172549
812,107.87659637455025
813,235.00695276873836
814,142.8701966310624
815,66.67163413033725
816,72.80830406200303
817,116.41994381243732
818,125.6787705709219
819,114.65014547063035
820,115.81187305064014
821,165.71746398829944
822,300.5621854982666
823,278.98215692736176
824,192.70582780658924
825,138.5189827978987
826,116.4993475096336
827,87.2734875641656
828,53.08669779010607
829,28.67776827305549
830,17.93116783147437
831,8.385801195287504
832,4.6068323513466
833,2.7420256284384528
834,8.015528021228894
835,41.730009518518116
836,111.10115445839965
837,217.61438527180837
838,141.1570228318402
839,74.82386024152888
840,94.08081587823175
841,149.27676080416038
842,169.31915787624922
843,156.2731045255912
844,166.51691003812618
845,202.78981965839577
846,316.2468996904293
847,258.6046864919765
848,195.9028712532657
849,141.5376204569631
850,101.12335695061856
851,100.4365658608603
852,79.2146149349071
853,43.81589403279177
854,35.44676062443319
855,24.183020921741573
856,10.828485806020755
857,4.187143744627261
858,3.800996360449901
859,4.399072813845411
860,14.606115416741734
861,30.111700252823344
862,49.43937572147573
863,98.28223746663602
864,117.40800989367494
865,151.0191467340423
866,146.82009719559395
867,192.5823303319266
868,143.7129825198969
869,139.3782016803781
870,129.4373033044507
871,97.5402300323335
872,67.83604526728728
873,58.708376485442244
874,56.773589402615045
875,39.92991590619865
876,30.84466802707441
877,
878,
879,
880,
881,
882,
883,
884,
885,
886,
887,
888,
889,
890,
891,
892,
893,
894,
895,
896,
897,
898,
899,
900,
901,
902,
903,
904,
905,
906,
907,
908,
909,
910,
911,
912,
913,
914,
915,
916,
917,
918,
919,
920,
921,
922,
923,
924,
925,
926,
927,
928,
929,
930,
931,
932,
933,
934,
935,
936,
937,
938,
939,
940,
941,
942,
943,
944,
945,
946,
947,
948,
949,
950,
951,
952,
953,
954,
955,
956,
957,
958,
959,
960,
961,
962,
963,
964,
965,
966,
967,
968,
969,
970,
971,
972,
973,
974,
975,
976,
977,
978,
979,
980,
981,
982,
983,
984,
985,
986,
987,
988,
989,
990,
991,
992,
993,
994,
995,
996,
997,
998,
999,
1000,
1001,
1002,
1003,
1004,
1005,
1006,
1007,
1008,
1009,
1010,
1011,
1012,
1013,
1014,
1015,
1016,
1017,
1018,
1019,
1020,
1021,
1022,
1023,
1024,
1025,
1026,
1027,
1028,
1029,
1030,
1031,
1032,
1033,
1034,
1035,
1036,
1037,
1038,
1039,
1040,
1041,
1042,
1043,
1044,
1045,
1046,
1047,
1048,
1049,
1050,
1051,
1052,
1053,
1054,
1055,
1056,
1057,
1058,
1059,
1060,
1061,
1062,
1063,
1064,
1065,
1066,
1067,
1068,
1069,
1070,
1071,
1072,
1073,
1074,
1075,
1076,
1077,
1078,
1079,
1080,
1081,
1082,
1083,
1084,
1085,
1086,
1087,
1088,
1089,
1090,
1091,
1092,
1093,
1094,
1095,
1096,
1097,
1098,
1099,
1100,
1101,
1102,
1103,
1104,
1105,
1106,
1107,
1108,
1109,
1110,
1111,
1112,
1113,
1114,
1115,
1116,
1117,
1118,
1119,
1120,
1121,
1122,
1123,
1124,
1125,
1126,
1127,
1128,
1129,
1130,
1131,
1132,
1133,
1134,
1135,
1136,
1137,
1138,
1139,
1140,
1141,
1142,
1143,
1144,
1145,
1146,
1147,
1148,
1149,
1150,
1151,
1152,
1153,
1154,
1155,
1156,
1157,
1158,
1159,
1160,
1161,
1162,
1163,
1164,
1165,
1166,
1167,
1168,
1169,
1170,
1171,
1172,
1173,
1174,
1175,
1176,
1177,
1178,
1179,
1180,
1181,
1182,
1183,10.366653835562689
1184,4.895518396492302
1185,3.387475735755
1186,3.1084892838085443
1187,8.972030080455525
1188,41.00600938197593
1189,108.55911069190127
1190,224.074041965512
1191,147.88840822929714
1192,65.30073269905326
1193,68.93489359528303
1194,89.42384428485012
1195,81.52155050716102
1196,78.2589213056124
1197,81.36142249090727
1198,111.55122449996263
1199,237.43469435371918
1200,216.3638396636974
1201,148.1439968598168
1202,94.41638007618272
1203,75.04660793393934
1204,52.44533361892681
1205,33.907495485750616
1206,11.029912309694563
1207,5.258969627403091
1208,3.3639017823888717
1209,2.573630891235319
1210,7.810320990654473
1211,42.99986415322785
1212,119.00034993729501
1213,263.20728470239874
1214,134.0252562715781
1215,59.341681465059104
1216,65.6348908144145
1217,81.6996159966028
1218,76.33085919425065
1219,70.84094012135039
1220,74.96868451107404
1221,96.89314039284169
1222,224.7758758492143
1223,205.36697278457268
1224,127.56981463490202
1225,90.57951451465956
1226,51.73077125592614
1227,54.11197646779905
1228,31.251967571690468
1229,4.147965184232044
1230,1.8612766595084573
1231,2.1574222025493155
1232,1.956477370772774
1233,8.26595652126075
1234,42.729771886158126
1235,109.83016794971742
1236,225.46422332941066
1237,114.78341708214134
1238,59.65225975234705
1239,64.40525008512904
1240,87.70668035567499
1241,84.81003924872367
1242,74.60000678190345
1243,75.03870582144434
1244,100.63463025687182
1245,206.094207721332
1246,212.19655571480945
1247,134.84973089326738
1248,108.16036882336384
1249,84.80848357316346
1250,60.0945808443721
1251,43.55941564885371
1252,14.793758124468194
1253,7.125381436906682
1254,3.911690629605916
1255,3.4420410549965097
1256,3.0030575551749448
1257,10.31142387911228
1258,47.67728961095359
1259,120.56784704759974
1260,255.0076527101921
1261,146.688174569454
1262,72.73952310495731
1263,77.1150877036674
1264,119.64187145631703
1265,122.22241022219175
1266,108.43861020543962
1267,120.51032830409798
1268,153.2976617958453
1269,309.8165278551787
1270,267.31415167384944
1271,157.80493818269588
1272,111.36481618530229
1273,95.16391018011191
1274,65.91454627889435
1275,48.28414943737712
1276,25.24598012914208
1277,15.214279427307863
1278,8.508761719737995
1279,5.47815233328533
1280,9.194758266055192
1281,38.29185702689627
1282,99.37589105284793
1283,248.34163147093204
1284,165.77843835976773
1285,116.52306650730941
1286,141.75326862616765
1287,164.5614509494251
1288,176.18614615759154
1289,161.28553254106976
1290,174.7985807573793
1291,215.10237710865053
1292,327.0093524582864
1293,281.2499630930112
1294,207.9476994393652
1295,145.6331568187482
1296,116.3188383047862
1297,110.07306495784077
1298,90.71853844947772
1299,49.815018513474136
1300,36.19967793873714
1301,27.993093477579144
1302,14.57892434048452
1303,5.475365449224631
1304,5.510019241954477
1305,8.667576177496528
1306,17.638223800993053
1307,48.24011542580555
1308,82.86728713048551
1309,138.26986101837133
1310,196.2678997891558
1311,253.1416407095211
1312,253.58411508341038
1313,253.7097724386775
1314,261.8528554295894
1315,258.2598702417741
1316,223.45227604392124
1317,181.05192242982977
1318,108.80798305623217
1319,83.50286187157623
1320,65.74699572655655
1321,51.62747927317048
1322,44.17300059422044
1323,
1324,
1325,
1326,
1327,
1328,
1329,
1330,
1331,
1332,
1333,
1334,
1335,
1336,
1337,
1338,
1339,
1340,
1341,
1342,
1343,
1344,
1345,
1346,
1347,
1348,
1349,
1350,
1351,
1352,
1353,
1354,
1355,
1356,
1357,
1358,
1359,
1360,
1361,
1362,
1363,
1364,
1365,
1366,
1367,
1368,
1369,
1370,
1371,
1372,
1373,
1374,
1375,
1376,
1377,
1378,
1379,
1380,
1381,
1382,
1383,
1384,
1385,
1386,
1387,
1388,
1389,
1390,
1391,
1392,
1393,
1394,
1395,
1396,
1397,
1398,
1399,
1400,
1401,
1402,
1403,
1404,
1405,
1406,
1407,
1408,
1409,
1410,
1411,
1412,
1413,
1414,
1415,
1416,
1417,
1418,
1419,
1420,
1421,
1422,
1423,
1424,
1425,
1426,
1427,
1428,
1429,
1430,
1431,
1432,
1433,
1434,
1435,
1436,
1437,
1438,
1439,
1440,
1441,
1442,
1443,
1444,
1445,
1446,
1447,
1448,
1449,
1450,
1451,
1452,
1453,
1454,
1455,
1456,
1457,
1458,
1459,
1460,
1461,
1462,
1463,
1464,
1465,
1466,
1467,
1468,
1469,
1470,
1471,
1472,
1473,
1474,
1475,
1476,
1477,
1478,
1479,
1480,
1481,
1482,
1483,
1484,
1485,
1486,
1487,
1488,
1489,
1490,
1491,
1492,
1493,
1494,
1495,
1496,
1497,
1498,
1499,
1500,
1501,
1502,
1503,
1504,
1505,
1506,
1507,
1508,
1509,
1510,
1511,
1512,
1513,
1514,
1515,
1516,
1517,
1518,
1519,
1520,
1521,
1522,
1523,
1524,
1525,
1526,
1527,
1528,
1529,
1530,
1531,
1532,
1533,
1534,
1535,
1536,
1537,
1538,
1539,
1540,
1541,
1542,
1543,
1544,
1545,
1546,
1547,
1548,
1549,
1550,
1551,
1552,
1553,
1554,
1555,
1556,
1557,
1558,
1559,
1560,
1561,
1562,
1563,
1564,
1565,
1566,
1567,
1568,
1569,
1570,
1571,
1572,
1573,
1574,
1575,
1576,
1577,
1578,
1579,
1580,
1581,
1582,
1583,
1584,
1585,
1586,
1587,
1588,
1589,
1590,
1591,
1592,
1593,
1594,
1595,
1596,
1597,
1598,
1599,
1600,
1601,
1602,
1603,
1604,
1605,
1606,
1607,
1608,
1609,
1610,
1611,
1612,
1613,
1614,
1615,
1616,
1617,
1618,
1619,
1620,
1621,
1622,
1623,
1624,
1625,
1626,
1627,
1628,
1629,
1630,
1631,
1632,
1633,
1634,26.29157022760042
1635,11.921099655144692
1636,7.282441560652423
1637,4.171574043300953
1638,3.2770487884163417
1639,13.97531501430812
1640,61.33719592443592
1641,172.07510465527997
1642,297.1115012061676
1643,162.91797705761147
1644,95.04440286435772
1645,123.52039325953454
1646,156.62249010152217
1647,151.47209280032686
1648,140.5123492052105
1649,154.00138608479054
1650,209.61071370853105
1651,420.28103844739644
1652,397.6014963035441
1653,293.2270357660052
1654,167.47549415291851
1655,140.20049785714284
1656,116.8164588835565
1657,82.96223156158513
1658,76.79386609576743
1659,65.39277027547101
1660,40.447381821632945
1661,18.664368121574565
1662,9.746094512447394
1663,9.221054795678242
1664,17.654026628502333
1665,48.090731790294164
1666,92.13301757937214
1667,180.2916553175756
1668,209.97761665886674
1669,249.92148720904564
1670,307.2221222052159
1671,303.53984627041694
1672,298.7657010343361
1673,297.3260964236942
1674,297.23277169885216
1675,256.66447536659786
1676,214.6909339992911
1677,144.1216165589828
1678,102.53372077723266
1679,84.32282616030034
1680,63.33316419612204
1681,65.20299558336862
1682,60.398793749158834
1683,51.31619642607937
1684,40.526313751550056
1685,18.849812745536607
1686,6.990929882932228
1687,6.326065966645757
1688,11.986718151066642
1689,31.984602139631782
1690,57.54958784872908
1691,52.02766908910595
1692,62.081366063646826
1693,68.5924154382158
1694,222.1722352379919
1695,117.4465638059816
1696,205.7846642856469
1697,224.2011643157045
1698,171.14901281472257
1699,184.050345039939
1700,153.2704132635205
1701,143.81534199920702
1702,73.29447276672734
1703,94.56802820450334
1704,55.31410375343378
1705,72.07690825361074
1706,69.90022803820955
1707,65.5909491533436
1708,47.12944618557499
1709,23.610976262988945
1710,8.40979144343145
1711,8.579386270667609
1712,14.239557523657643
1713,29.346876309436826
1714,66.10913757706992
1715,113.78234237211385
1716,178.20266072849907
1717,236.36852885544369
1718,282.3864031011656
1719,295.2533144005488
1720,289.2207390690992
1721,294.2149465279972
1722,285.9840568619119
1723,274.57128455841035
1724,237.92223088601966
1725,199.04514818767944
1726,152.47760558977765
1727,100.13146075147517
1728,76.3237257514554
1729,53.960487142723885
1730,30.513295900658036
1731,14.701592035414077
1732,7.596714703512251
1733,5.310900325642522
1734,4.147643446979268
1735,14.529101994216054
1736,58.76967275165316
1737,201.6100587428367
1738,309.0754781718239
1739,151.80866276006216
1740,96.20203289616292
1741,105.30594941314695
1742,135.906909438853
1743,130.7569791642065
1744,132.64003238929914
1745,150.57273132298266
1746,213.8298273184997
1747,410.86859723620154
1748,399.7657171937507
1749,304.50047500075493
1750,190.55088661867956
1751,123.0308967807484
1752,92.16153297063349
1753,55.48476173238877
1754,27.99443023218317
1755,13.497080071506153
1756,6.46032974984935
1757,4.614642287036535
1758,4.290906618356389
1759,14.563518474724155
1760,65.19222088635294
1761,210.39358450177832
1762,312.91805189444983
1763,123.14374194695884
1764,81.5767434716598
1765,104.60742491306551
1766,131.81057712263996
1767,120.28194338894905
1768,120.60892543072238
1769,129.31861636738648
1770,179.37676555815827
1771,417.4644645224033
1772,413.0926937425381
1773,247.4047256088071
1774,166.94156164522434
1775,132.39738675651705
1776,106.97235918751669
1777,71.92853399923467
1778,
1779,
1780,
1781,
1782,
1783,
1784,
1785,
1786,
1787,
1788,
1789,
1790,
1791,
1792,
1793,
1794,
1795,
1796,
1797,
1798,
1799,
1800,
1801,
1802,
1803,
1804,
1805,
1806,
1807,
1808,
1809,
1810,
1811,
1812,
1813,
1814,
1815,
1816,
1817,
1818,
1819,
1820,
1821,
1822,
1823,
1824,
1825,
1826,
1827,
1828,
1829,
1830,
1831,
1832,
1833,
1834,
1835,
1836,
1837,
1838,
1839,
1840,
1841,
1842,
1843,
1844,
1845,
1846,
1847,
1848,
1849,
1850,
1851,
1852,
1853,
1854,
1855,
1856,
1857,
1858,
1859,
1860,
1861,
1862,
1863,
1864,
1865,
1866,
1867,
1868,
1869,
1870,
1871,
1872,
1873,
1874,
1875,
1876,
1877,
1878,
1879,
1880,
1881,
1882,
1883,
1884,
1885,
1886,
1887,
1888,
1889,
1890,
1891,
1892,
1893,
1894,
1895,
1896,
1897,
1898,
1899,
1900,
1901,
1902,
1903,
1904,
1905,
1906,
1907,
1908,
1909,
1910,
1911,
1912,
1913,
1914,
1915,
1916,
1917,
1918,
1919,
1920,
1921,
1922,
1923,
1924,
1925,
1926,
1927,
1928,
1929,
1930,
1931,
1932,
1933,
1934,
1935,
1936,
1937,
1938,
1939,
1940,
1941,
1942,
1943,
1944,
1945,
1946,
1947,
1948,
1949,
1950,
1951,
1952,
1953,
1954,
1955,
1956,
1957,
1958,
1959,
1960,
1961,
1962,
1963,
1964,
1965,
1966,
1967,
1968,
1969,
1970,
1971,
1972,
1973,
1974,
1975,
1976,
1977,
1978,
1979,
1980,
1981,
1982,
1983,
1984,
1985,
1986,
1987,
1988,
1989,
1990,
1991,
1992,
1993,
1994,
1995,
1996,
1997,
1998,
1999,
2000,
2001,
2002,
2003,
2004,
2005,
2006,
2007,
2008,
2009,
2010,
2011,
2012,
2013,
2014,
2015,
2016,
2017,
2018,
2019,
2020,
2021,
2022,
2023,
2024,
2025,
2026,
2027,
2028,
2029,
2030,
2031,
2032,
2033,
2034,
2035,
2036,
2037,
2038,
2039,
2040,
2041,
2042,
2043,
2044,
2045,
2046,
2047,
2048,
2049,
2050,
2051,
2052,
2053,
2054,
2055,
2056,
2057,
2058,
2059,
2060,
2061,
2062,
2063,
2064,
2065,
2066,
2067,
2068,
2069,
2070,
2071,
2072,
2073,
2074,
2075,
2076,
2077,
2078,
2079,
2080,
2081,
2082,
2083,
2084,
2085,
2086,
2087,
2088,
2089,
2090,91.82489453074793
2091,76.39701047221911
2092,55.09354673153847
2093,22.907436123245656
2094,8.407199170223056
2095,7.899432590235142
2096,18.45366882612029
2097,33.31780698173508
2098,73.96259181954396
2099,162.81300199904575
2100,210.55866995670164
2101,244.14819941459484
2102,202.06136253370087
2103,210.08771583810446
2104,287.1803082840231
2105,287.4159963012932
2106,252.70012459691992
2107,270.0675813252293
2108,253.81136720422916
2109,173.87369407324115
2110,124.56348605284084
2111,103.07893072282839
2112,94.865543076895
2113,100.30927566273597
2114,80.9703076782498
2115,70.76565872966607
2116,54.24690997596943
2117,23.253615308264298
2118,7.450341582295395
2119,6.263356478024472
2120,12.032725486733241
2121,29.913366440125113
2122,83.25751530259494
2123,179.64567335107412
2124,248.83719947885282
2125,273.82326925546914
2126,319.31245867670896
2127,321.7760598312055
2128,320.0626656557463
2129,365.8366704824801
2130,348.5968992364296
2131,237.38552756980266
2132,246.14178118943224
2133,218.71630532762558
2134,185.26157815289392
2135,157.46735431476475
2136,137.10445115381455
2137,100.1993576933273
2138,29.550291576642774
2139,13.818051925806284
2140,7.655619783425625
2141,4.7641354247992345
2142,4.518968415252835
2143,23.47799919319
2144,106.83851041779079
2145,279.99659508933996
2146,441.2293759367612
2147,204.25243851576096
2148,117.60071142772907
2149,145.77095163414316
2150,194.76379130165157
2151,200.72081582588493
2152,182.4437406543193
2153,180.16223953574604
2154,185.34932955110435
2155,391.214982066893
2156,353.76484691350373
2157,339.95768757918967
2158,255.37508185351257
2159,201.2438054944707
2160,141.9048810593789
2161,88.57489146951357
2162,27.469417840377027
2163,10.089318624937546
2164,5.745311988179589
2165,3.09689223931075
2166,4.374695732930143
2167,19.240496578579357
2168,75.90782779312497
2169,226.01356828503384
2170,374.4683820605988
2171,195.81216368393999
2172,78.34944035261024
2173,105.15653664541433
2174,89.51253129418937
2175,131.6514724911746
2176,147.92528821506815
2177,158.1718284888947
2178,267.18202738260646
2179,534.7481169989446
2180,503.68869710653206
2181,385.5912961571366
2182,207.22071880807445
2183,191.898290372174
2184,120.60910960592118
2185,82.67546578976733
2186,27.912508645723225
2187,10.529225741828467
2188,4.44126867491573
2189,2.7170609674085044
2190,3.5900308257114206
2191,20.000943553011684
2192,92.86444434744196
2193,295.16158777656796
2194,425.5603275409385
2195,159.3985005832167
2196,77.28118279371047
2197,91.60060317535901
2198,116.23168630402849
2199,139.35795289155755
2200,142.28531647794205
2201,153.61547855575017
2202,256.7696511567078
2203,526.6506330375817
2204,508.41098238653734
2205,236.10350437297035
2206,116.372547278746
2207,199.12612975185561
2208,164.44151029152457
2209,97.23120729185653
2210,31.85750019070411
2211,16.183347524681327
2212,9.460795231953709
2213,5.567899235480141
2214,5.07876664173863
2215,27.197997854342574
2216,107.62231697684854
2217,233.17350864340136
2218,440.1365921178283
2219,211.4023215173056
2220,103.22196850554576
2221,101.59261086449649
2222,180.85198501980062
2223,139.0947293254369
2224,116.55660210708035
2225,171.85358237775552
2226,287.2718168422076
2227,554.9451221833594
2228,531.4468685627163
2229,394.32062168209507
2230,244.03909784621544
2231,186.6622337476723
2232,100.09134446097653
2233,115.17457600133078
2234,
2235,
2236,
2237,
2238,
2239,
2240,
2241,
2242,
2243,
2244,
2245,
2246,
2247,
2248,
2249,
2250,
2251,
2252,
2253,
2254,
2255,
2256,
2257,
2258,
2259,
2260,
2261,
2262,
2263,
2264,
2265,
2266,
2267,
2268,
2269,
2270,
2271,
2272,
2273,
2274,
2275,
2276,
2277,
2278,
2279,
2280,
2281,
2282,
2283,
2284,
2285,
2286,
2287,
2288,
2289,
2290,
2291,
2292,
2293,
2294,
2295,
2296,
2297,
2298,
2299,
2300,
2301,
2302,
2303,
2304,
2305,
2306,
2307,
2308,
2309,
2310,
2311,
2312,
2313,
2314,
2315,
2316,
2317,
2318,
2319,
2320,
2321,
2322,
2323,
2324,
2325,
2326,
2327,
2328,
2329,
2330,
2331,
2332,
2333,
2334,
2335,
2336,
2337,
2338,
2339,
2340,
2341,
2342,
2343,
2344,
2345,
2346,
2347,
2348,
2349,
2350,
2351,
2352,
2353,
2354,
2355,
2356,
2357,
2358,
2359,
2360,
2361,
2362,
2363,
2364,
2365,
2366,
2367,
2368,
2369,
2370,
2371,
2372,
2373,
2374,
2375,
2376,
2377,
2378,
2379,
2380,
2381,
2382,
2383,
2384,
2385,
2386,
2387,
2388,
2389,
2390,
2391,
2392,
2393,
2394,
2395,
2396,
2397,
2398,
2399,
2400,
2401,
2402,
2403,
2404,
2405,
2406,
2407,
2408,
2409,
2410,
2411,
2412,
2413,
2414,
2415,
2416,
2417,
2418,
2419,
2420,
2421,
2422,
2423,
2424,
2425,
2426,
2427,
2428,
2429,
2430,
2431,
2432,
2433,
2434,
2435,
2436,
2437,
2438,
2439,
2440,
2441,
2442,
2443,
2444,
2445,
2446,
2447,
2448,
2449,
2450,
2451,
2452,
2453,
2454,
2455,
2456,
2457,
2458,
2459,
2460,
2461,
2462,
2463,
2464,
2465,
2466,
2467,
2468,
2469,
2470,
2471,
2472,
2473,
2474,
2475,
2476,
2477,
2478,
2479,
2480,
2481,
2482,
2483,
2484,
2485,
2486,
2487,
2488,
2489,
2490,
2491,
2492,
2493,
2494,
2495,
2496,
2497,
2498,
2499,
2500,
2501,
2502,
2503,
2504,
2505,
2506,
2507,
2508,
2509,
2510,
2511,
2512,
2513,
2514,
2515,
2516,
2517,
2518,
2519,
2520,
2521,
2522,
2523,
2524,
2525,
2526,
2527,
2528,
2529,
2530,
2531,
2532,
2533,
2534,
2535,
2536,
2537,
2538,
2539,
2540,
2541,
2542,
2543,
2544,
2545,
2546,34.626410389705406
2547,15.205584984181886
2548,7.506799737916807
2549,5.931324864945092
2550,5.376905277160011
2551,28.275185345082246
2552,122.37719619076093
2553,326.2052505739835
2554,472.47730956114873
2555,208.05861775675365
2556,123.81675895672035
2557,149.38898182321955
2558,204.23896406366183
2559,196.92425168419624
2560,179.49034539765844
2561,177.3930421937478
2562,308.6333210196713
2563,499.80830468016813
2564,543.5571145030411
2565,401.95469353857743
2566,311.5268788396181
2567,221.73902755758562
2568,150.41817939564177
2569,84.33402580533769
2570,33.636322704871986
2571,14.12336036827683
2572,8.018406780801188
2573,4.226754071425053
2574,4.702836403923137
2575,25.83871347693423
2576,118.68525026098365
2577,327.3127222245212
2578,465.60609713269025
2579,200.41845870416108
2580,117.17245222873252
2581,155.91190887906507
2582,206.1009464458381
2583,199.1703253548578
2584,176.54940767314267
2585,178.26273903063563
2586,291.0331749813892
2587,547.6569779186212
2588,536.2124856001011
2589,398.9185801724944
2590,313.73914410866206
2591,223.06286096561345
2592,162.21824587979722
2593,102.01248926354866
2594,40.89955815700993
2595,17.305797796454673
2596,9.47181368444288
2597,5.189551555118171
2598,5.12013270152653
2599,27.568861025410783
2600,81.92962954235357
2601,205.091827773557
2602,477.7916693434455
2603,217.347734617366
2604,136.7408985441299
2605,155.82496698515453
2606,209.61458198356016
2607,209.16696889002787
2608,195.796611556803
2609,198.03134962797162
2610,265.2802143188437
2611,534.0380682339377
2612,402.38070821663973
2613,299.4506957908684
2614,209.44207132066452
2615,105.04796455035209
2616,102.31587103526219
2617,83.79644506312918
2618,53.26540945308487
2619,20.878746455563064
2620,11.72796550839006
2621,6.824224931979421
2622,6.058109761055289
2623,22.466102350465395
2624,99.08890573505889
2625,293.21696473555636
2626,447.66095135454714
2627,233.0734997717717
2628,153.38914905574345
2629,189.9701819846003
2630,247.16929638125382
2631,242.83931452528643
2632,222.65522579663374
2633,228.7335056257245
2634,340.22384572267225
2635,514.4571754600022
2636,456.2621992133906
2637,229.24950095491508
2638,238.70462798819023
2639,193.6059269317575
2640,165.40443997643348
2641,146.00472231102472
2642,100.50388690487912
2643,85.32378311959944
2644,60.56285498455601
2645,25.84122611905287
2646,10.18796623223375
2647,12.052108199434558
2648,27.53874777912092
2649,55.26387774355556
2650,106.26055642260893
2651,220.7623122874631
2652,283.0210373449119
2653,342.86834904865196
2654,364.1716445692709
2655,394.8762513436493
2656,395.13763619889625
2657,384.57287430356877
2658,390.93529982451633
2659,369.3558435796
2660,337.85494789113244
2661,300.4770992065552
2662,231.84819088025154
2663,183.8039992097794
2664,173.66358746221644
2665,140.6849162032351
2666,109.63602158232375
2667,87.04440455450927
2668,68.16714583103328
2669,31.00917919681359
2670,10.692938267374691
2671,8.688355229512519
2672,20.396548785530822
2673,35.70124332359523
2674,107.45957365685982
2675,187.03944859709853
2676,276.4402602646046
2677,326.88310529562295
2678,408.8000575821224
2679,423.901603827355
2680,367.30146045497685
2681,400.3722289377323
2682,415.3867103076542
2683,378.44812833029096
2684,322.89074984817546
2685,297.7546030703524
2686,251.98255580410418
2687,170.97234869065858
2688,143.00064151117596
2689,99.88932878024168
2690,
2691,
2692,
2693,
2694,
2695,
2696,
2697,
2698,
2699,
2700,
2701,
2702,
2703,
2704,
2705,
2706,
2707,
2708,
2709,
2710,
2711,
2712,
2713,
2714,
2715,
2716,
2717,
2718,
2719,
2720,
2721,
2722,
2723,
2724,
2725,
2726,
2727,
2728,
2729,
2730,
2731,
2732,
2733,
2734,
2735,
2736,
2737,
2738,
2739,
2740,
2741,
2742,
2743,
2744,
2745,
2746,
2747,
2748,
2749,
2750,
2751,
2752,
2753,
2754,
2755,
2756,
2757,
2758,
2759,
2760,
2761,
2762,
2763,
2764,
2765,
2766,
2767,
2768,
2769,
2770,
2771,
2772,
2773,
2774,
2775,
2776,
2777,
2778,
2779,
2780,
2781,
2782,
2783,
2784,
2785,
2786,
2787,
2788,
2789,
2790,
2791,
2792,
2793,
2794,
2795,
2796,
2797,
2798,
2799,
2800,
2801,
2802,
2803,
2804,
2805,
2806,
2807,
2808,
2809,
2810,
2811,
2812,
2813,
2814,
2815,
2816,
2817,
2818,
2819,
2820,
2821,
2822,
2823,
2824,
2825,
2826,
2827,
2828,
2829,
2830,
2831,
2832,
2833,
2834,
2835,
2836,
2837,
2838,
2839,
2840,
2841,
2842,
2843,
2844,
2845,
2846,
2847,
2848,
2849,
2850,
2851,
2852,
2853,
2854,
2855,
2856,
2857,
2858,
2859,
2860,
2861,
2862,
2863,
2864,
2865,
2866,
2867,
2868,
2869,
2870,
2871,
2872,
2873,
2874,
2875,
2876,
2877,
2878,
2879,
2880,
2881,
2882,
2883,
2884,
2885,
2886,
2887,
2888,
2889,
2890,
2891,
2892,
2893,
2894,
2895,
2896,
2897,
2898,
2899,
2900,
2901,
2902,
2903,
2904,
2905,
2906,
2907,
2908,
2909,
2910,
2911,
2912,
2913,
2914,
2915,
2916,
2917,
2918,
2919,
2920,
2921,
2922,
2923,
2924,
2925,
2926,
2927,
2928,
2929,
2930,
2931,
2932,
2933,
2934,
2935,
2936,
2937,
2938,
2939,
2940,
2941,
2942,
2943,
2944,
2945,
2946,
2947,
2948,
2949,
2950,
2951,
2952,
2953,
2954,
2955,
2956,
2957,
2958,
2959,
2960,
2961,
2962,
2963,
2964,
2965,
2966,
2967,
2968,
2969,
2970,
2971,
2972,
2973,
2974,
2975,
2976,
2977,
2978,
2979,
2980,
2981,
2982,
2983,
2984,
2985,
2986,
2987,
2988,
2989,
2990,
2991,
2992,
2993,
2994,
2995,
2996,
2997,
2998,
2999,
3000,
3001,
3002,37.40677421452235
3003,18.4242922713827
3004,9.843069311954233
3005,6.845282618527055
3006,6.608053617449971
3007,26.899850462824094
3008,115.58376533466122
3009,312.4686500674601
3010,427.1414619951759
3011,205.81677191250407
3012,128.8772664277638
3013,161.8575859103556
3014,205.64176290786762
3015,192.33900704274853
3016,169.93173421139187
3017,184.3242631666553
3018,302.79268394887663
3019,559.5235812836643
3020,541.0194426292709
3021,402.4053349119209
3022,317.49904914064285
3023,234.57777290738377
3024,189.3310525983817
3025,123.50701953454762
3026,57.42434856867614
3027,23.97975551936686
3028,13.284541228799476
3029,8.186199258177735
3030,6.237554626080639
3031,24.821759149787837
3032,92.21562911947179
3033,267.49962863840324
3034,428.6918701804734
3035,226.38884801116825
3036,169.57062635851906
3037,198.00222677584415
3038,242.46801735826668
3039,234.94418866679638
3040,221.60262920558952
3041,248.52169988821862
3042,335.14760270675924
3043,552.951505951576
3044,485.1523937479926
3045,356.76909385582087
3046,280.1863583883524
3047,220.9301426973949
3048,208.09635987760112
3049,161.6877709031361
3050,103.4138521495037
3051,84.14354998053271
3052,64.5530880525744
3053,28.795638333657763
3054,10.182019003681404
3055,13.126711317452765
3056,25.20216205759372
3057,57.37907941750968
3058,135.02603616958632
3059,233.13298327950335
3060,296.40233057870824
3061,341.88322406916495
3062,383.9690101400941
3063,373.63413189944606
3064,364.2509619095412
3065,371.5959524456107
3066,391.2881928119094
3067,367.50851055101595
3068,345.96303214441554
3069,313.14585219466346
3070,281.9567781249008
3071,244.49178460585438
3072,176.44654362603626
3073,150.30859802520123
3074,107.13097735943722
3075,85.0182694862034
3076,66.67599837721482
3077,28.649016896335734
3078,10.079505440276694
3079,10.208537914997622
3080,18.89002983004513
3081,46.10293389847644
3082,115.59066568240151
3083,207.72576698856352
3084,286.4472926868067
3085,328.069573596137
3086,361.69452126938677
3087,363.15743908877346
3088,346.18781330659726
3089,373.24712592237046
3090,372.8790142944627
3091,338.84598916485675
3092,334.809489413036
3093,298.5158517859695
3094,271.6324686078489
3095,224.18780686560495
3096,145.1091787402438
3097,89.74768572895735
3098,35.47694371553571
3099,13.893468115696248
3100,7.953033735643893
3101,6.1314625076518245
3102,5.402185848130625
3103,25.829554774497044
3104,107.55987990002359
3105,298.7548260344436
3106,408.2494544424558
3107,190.96178241213684
3108,115.65735244819045
3109,133.20524960437223
3110,170.71954617455378
3111,149.05536873150595
3112,133.7262610603288
3113,145.79666348622618
3114,249.1175332012962
3115,512.3990511192823
3116,512.4691307158718
3117,393.00448718415095
3118,297.4218237334717
3119,203.91011851218224
3120,139.14268128897567
3121,65.48030543785158
3122,33.75884671997018
3123,13.651835731469586
3124,8.214746926563022
3125,5.5531289199187315
3126,5.982968361403708
3127,28.075283199710032
3128,119.34409688137856
3129,314.94935004763516
3130,415.3562114498978
3131,181.06670714850705
3132,123.95818703268152
3133,126.45014789720902
3134,152.6653172299063
3135,147.93061206820127
3136,129.57796430274777
3137,129.66341578160936
3138,232.57899105746145
3139,493.03130988825706
3140,493.38873310344616
3141,378.1017589944875
3142,293.93809162135835
3143,219.22901665357483
3144,159.80897521898723
3145,99.89460547240488
3146,
3147,
3148,
3149,
3150,
3151,
3152,
3153,
3154,
3155,
3156,
3157,
3158,
3159,
3160,
3161,
3162,
3163,
3164,
3165,
3166,
3167,
3168,
3169,
3170,
3171,
3172,
3173,
3174,
3175,
3176,
3177,
3178,
3179,
3180,
3181,
3182,
3183,
3184,
3185,
3186,
3187,
3188,
3189,
3190,
3191,
3192,
3193,
3194,
3195,
3196,
3197,
3198,
3199,
3200,
3201,
3202,
3203,
3204,
3205,
3206,
3207,
3208,
3209,
3210,
3211,
3212,
3213,
3214,
3215,
3216,
3217,
3218,
3219,
3220,
3221,
3222,
3223,
3224,
3225,
3226,
3227,
3228,
3229,
3230,
3231,
3232,
3233,
3234,
3235,
3236,
3237,
3238,
3239,
3240,
3241,
3242,
3243,
3244,
3245,
3246,
3247,
3248,
3249,
3250,
3251,
3252,
3253,
3254,
3255,
3256,
3257,
3258,
3259,
3260,
3261,
3262,
3263,
3264,
3265,
3266,
3267,
3268,
3269,
3270,
3271,
3272,
3273,
3274,
3275,
3276,
3277,
3278,
3279,
3280,
3281,
3282,
3283,
3284,
3285,
3286,
3287,
3288,
3289,
3290,
3291,
3292,
3293,
3294,
3295,
3296,
3297,
3298,
3299,
3300,
3301,
3302,
3303,
3304,
3305,
3306,
3307,
3308,
3309,
3310,
3311,
3312,
3313,
3314,
3315,
3316,
3317,
3318,
3319,
3320,
3321,
3322,
3323,
3324,
3325,
3326,
3327,
3328,
3329,
3330,
3331,
3332,
3333,
3334,
3335,
3336,
3337,
3338,
3339,
3340,
3341,
3342,
3343,
3344,
3345,
3346,
3347,
3348,
3349,
3350,
3351,
3352,
3353,
3354,
3355,
3356,
3357,
3358,
3359,
3360,
3361,
3362,
3363,
3364,
3365,
3366,
3367,
3368,
3369,
3370,
3371,
3372,
3373,
3374,
3375,
3376,
3377,
3378,
3379,
3380,
3381,
3382,
3383,
3384,
3385,
3386,
3387,
3388,
3389,
3390,
3391,
3392,
3393,
3394,
3395,
3396,
3397,
3398,
3399,
3400,
3401,
3402,
3403,
3404,
3405,
3406,
3407,
3408,
3409,
3410,
3411,
3412,
3413,
3414,
3415,
3416,
3417,
3418,
3419,
3420,
3421,
3422,
3423,
3424,
3425,
3426,
3427,
3428,
3429,
3430,
3431,
3432,
3433,
3434,
3435,
3436,
3437,
3438,
3439,
3440,
3441,
3442,
3443,
3444,
3445,
3446,
3447,
3448,
3449,
3450,
3451,
3452,
3453,
3454,
3455,
3456,
3457,
3458,80.35355870392846
3459,62.082670526888805
3460,54.298046602402685
3461,21.86069606961332
3462,3.968387471100139
3463,6.534815080954645
3464,9.454177453657268
3465,34.9486164125094
3466,93.28215523568093
3467,146.61236521374232
3468,240.5329160955244
3469,259.3844629659371
3470,304.2508762302823
3471,265.7511125176123
3472,295.7752395452298
3473,331.64445244211026
3474,329.66410093489657
3475,343.45710054873535
3476,310.31004055042246
3477,252.87792897595935
3478,199.52250569508817
3479,90.89917844509091
3480,72.60369048223761
3481,71.36092540409963
3482,19.41180836628881
3483,9.465383679168946
3484,5.300545145715372
3485,5.418206038792401
3486,5.445960718665109
3487,20.519787507695
3488,96.41186536764513
3489,259.55128521578297
3490,392.1203115897789
3491,188.34473328994093
3492,124.03582291696397
3493,138.63899297949027
3494,173.9475676524136
3495,167.27770463597204
3496,159.00326955611064
3497,175.87976086501737
3498,285.4404867541097
3499,549.7502954144367
3500,541.8808273930035
3501,388.7228566486434
3502,277.14879367679464
3503,214.04332900664116
3504,152.18365841526813
3505,83.84593649703702
3506,32.02712416040902
3507,13.829224962187878
3508,7.82724313573355
3509,5.749469854012239
3510,4.598689835387945
3511,25.13644164754185
3512,107.62771712065665
3513,301.1992310797769
3514,416.71819525358944
3515,198.55092201882354
3516,123.96357513964708
3517,149.7993317445261
3518,188.33551722442294
3519,174.91765589220117
3520,168.08830065802837
3521,175.7820209386667
3522,294.8297576576002
3523,552.8670482264423
3524,548.4916245613517
3525,396.6732753785707
3526,298.54853736438935
3527,224.4556195389057
3528,169.20212621435033
3529,93.95687412465927
3530,36.467227054984825
3531,14.52329613136549
3532,8.314194113267755
3533,5.2987426166733
3534,5.72523565124976
3535,28.907083593688153
3536,118.58890439460943
3537,307.7033789405473
3538,422.7715433597565
3539,188.07079180234632
3540,115.310709042172
3541,144.38618788696147
3542,189.73520774628585
3543,183.2651067180319
3544,166.4656967900109
3545,178.67397911182874
3546,285.09358180199
3547,557.306681789929
3548,540.1931009688037
3549,409.3662230555568
3550,316.6350327952277
3551,241.83309581819853
3552,173.18634598477544
3553,95.32024363951246
3554,39.72263784737389
3555,17.22992800895064
3556,9.709765559545518
3557,6.539839218372635
3558,5.735489074040451
3559,26.35611105939663
3560,105.12168094799058
3561,300.5067589132675
3562,434.03864228749
3563,199.0208426312605
3564,110.49645551668897
3565,144.66009708076433
3566,187.8748926720717
3567,178.4672538880561
3568,153.64405015816305
3569,177.02346414587745
3570,290.3520871323551
3571,479.68297364818494
3572,454.18701001584134
3573,334.226580882745
3574,250.4296717465223
3575,183.86320869098753
3576,193.11554396577537
3577,113.75773141955914
3578,52.81594682920106
3579,15.434973543441133
3580,11.540089287700338
3581,8.43973661741752
3582,5.263354753457933
3583,22.981003299240008
3584,89.76479777503988
3585,261.47802892857385
3586,420.67663124148856
3587,219.78475993123516
3588,142.9036376565838
3589,174.76452388411545
3590,235.95135583648013
3591,211.15393600465114
3592,198.80878205876044
3593,226.35138708571395
3594,313.9424411199055
3595,520.765498028027
3596,472.3958031837004
3597,254.61457968553236
3598,127.8624541884877
3599,195.38927595361653
3600,163.58360355648324
3601,104.739917808452
3602,
3603,
3604,
3605,
3606,
3607,
3608,
3609,
3610,
3611,
3612,
3613,
3614,
3615,
3616,
3617,
3618,
3619,
3620,
3621,
3622,
3623,
3624,
3625,
3626,
3627,
3628,
3629,
3630,
3631,
3632,
3633,
3634,
3635,
3636,
3637,
3638,
3639,
3640,
3641,
3642,
3643,
3644,
3645,
3646,
3647,
3648,
3649,
3650,
3651,
3652,
3653,
3654,
3655,
3656,
3657,
3658,
3659,
3660,
3661,
3662,
3663,
3664,
3665,
3666,
3667,
3668,
3669,
3670,
3671,
3672,
3673,
3674,
3675,
3676,
3677,
3678,
3679,
3680,
3681,
3682,
3683,
3684,
3685,
3686,
3687,
3688,
3689,
3690,
3691,
3692,
3693,
3694,
3695,
3696,
3697,
3698,
3699,
3700,
3701,
3702,
3703,
3704,
3705,
3706,
3707,
3708,
3709,
3710,
3711,
3712,
3713,
3714,
3715,
3716,
3717,
3718,
3719,
3720,
3721,
3722,
3723,
3724,
3725,
3726,
3727,
3728,
3729,
3730,
3731,
3732,
3733,
3734,
3735,
3736,
3737,
3738,
3739,
3740,
3741,
3742,
3743,
3744,
3745,
3746,
3747,
3748,
3749,
3750,
3751,
3752,
3753,
3754,
3755,
3756,
3757,
3758,
3759,
3760,
3761,
3762,
3763,
3764,
3765,
3766,
3767,
3768,
3769,
3770,
3771,
3772,
3773,
3774,
3775,
3776,
3777,
3778,
3779,
3780,
3781,
3782,
3783,
3784,
3785,
3786,
3787,
3788,
3789,
3790,
3791,
3792,
3793,
3794,
3795,
3796,
3797,
3798,
3799,
3800,
3801,
3802,
3803,
3804,
3805,
3806,
3807,
3808,
3809,
3810,
3811,
3812,
3813,
3814,
3815,
3816,
3817,
3818,
3819,
3820,
3821,
3822,
3823,
3824,
3825,
3826,
3827,
3828,
3829,
3830,
3831,
3832,
3833,
3834,
3835,
3836,
3837,
3838,
3839,
3840,
3841,
3842,
3843,
3844,
3845,
3846,
3847,
3848,
3849,
3850,
3851,
3852,
3853,
3854,
3855,
3856,
3857,
3858,
3859,
3860,
3861,
3862,
3863,
3864,
3865,
3866,
3867,
3868,
3869,
3870,
3871,
3872,
3873,
3874,
3875,
3876,
3877,
3878,
3879,
3880,
3881,
3882,
3883,
3884,
3885,
3886,
3887,
3888,
3889,
3890,
3891,
3892,
3893,
3894,
3895,
3896,
3897,
3898,
3899,
3900,
3901,
3902,
3903,
3904,
3905,
3906,
3907,
3908,
3909,
3910,
3911,31.700614240249163
3912,12.158863497437325
3913,3.72808770057101
3914,4.763415306662436
3915,4.813910102245194
3916,27.094251342094722
3917,120.0622886049729
3918,314.97787137114835
3919,461.1520191727301
3920,213.70690891937946
3921,126.63515909529826
3922,147.369746223146
3923,179.97059699849726
3924,172.17948585805985
3925,164.7979780557411
3926,175.53732835725552
3927,283.1695763561179
3928,549.9334444768639
3929,551.1980275007388
3930,381.37429684966787
3931,270.7680182193308
3932,195.28697703729696
3933,154.929132794615
3934,82.26819932184307
3935,35.79397084101668
3936,15.091051368688786
3937,8.4467344062293
3938,6.9225771588023886
3939,5.973678231355807
3940,27.64426268124552
3941,106.31172857147723
3942,287.950807628877
3943,464.1869472280823
3944,196.68090441383958
3945,144.8727848471948
3946,159.49725934010607
3947,201.49743358920517
3948,185.0851115187621
3949,183.26539971513
3950,195.11534362598053
3951,218.5543828830634
3952,256.9275833913395
3953,346.79151956702935
3954,302.64882124200625
3955,227.24950595936517
3956,186.42790267143036
3957,112.68134225593799
3958,80.455418427667
3959,47.13104789979436
3960,19.947530327761722
3961,11.093060770618028
3962,7.362494153120469
3963,5.3339196490982825
3964,23.748650965105707
3965,88.60801788353423
3966,234.90349168443146
3967,400.0813609140927
3968,215.7099269708828
3969,145.15599104239791
3970,166.36096112930943
3971,239.6221378097531
3972,230.95337026944884
3973,226.01695630646793
3974,256.1929937716512
3975,311.3412603582793
3976,549.7679105947263
3977,495.8043547980386
3978,317.89142673549077
3979,185.84212941565366
3980,163.24634921239002
3981,157.93780340561835
3982,121.6496361331104
3983,90.03030804390819
3984,74.37537125345804
3985,55.95720948533534
3986,28.768540936169735
3987,10.903585140865188
3988,14.141773532541597
3989,16.489353786961317
3990,33.587576568642824
3991,97.53562966061614
3992,200.26227745870614
3993,255.58028689564006
3994,309.4411661445932
3995,371.71048119532304
3996,347.69050810068586
3997,314.9921995639393
3998,330.29078651740383
3999,353.29459109107336
4000,301.3262490740817
4001,262.15779143220016
4002,258.9140267019319
4003,212.4558295263628
4004,147.97730535400524
4005,141.90061406461535
4006,101.35610946360475
4007,91.65406248005998
4008,75.47186061131262
4009,60.45370667700156
4010,29.30910506958479
4011,10.3833100353722
4012,13.960225438911612
4013,15.75015249482549
4014,41.458027341044435
4015,96.267826042198
4016,190.33865427454825
4017,267.0591624471853
4018,330.261686145776
4019,378.96858381554307
4020,368.156358508221
4021,375.19638452023725
4022,379.14893971784824
4023,351.4898318693545
4024,317.5866579880406
4025,297.3877677670608
4026,255.36471422546768
4027,177.57827632917824
4028,137.7946887454628
4029,115.73949878169975
4030,74.96468995210225
4031,24.530164884559234
4032,11.210619279935887
4033,6.5340445636603395
4034,5.211333574333049
4035,4.522452481975143
4036,21.329279206682756
4037,101.98628017094518
4038,250.62287699967865
4039,421.8304159149179
4040,189.51331567039168
4041,124.563251922098
4042,140.69196545879734
4043,185.2444175708852
4044,173.4968662382901
4045,171.3189487407481
4046,194.06800731495014
4047,279.21548528768693
4048,572.4277869218026
4049,554.6175641507862
4050,388.10637673412987
4051,231.34107496540966
4052,177.38668579969004
4053,130.89316418214636
4054,59.725125453721105
4055,
4056,
4057,
4058,
4059,
4060,
4061,
4062,
4063,
4064,
4065,
4066,
4067,
4068,
4069,
4070,
4071,
4072,
4073,
4074,
4075,
4076,
4077,
4078,
4079,
4080,
4081,
4082,
4083,
4084,
4085,
4086,
4087,
4088,
4089,
4090,
4091,
4092,
4093,
4094,
4095,
4096,
4097,
4098,
4099,
4100,
4101,
4102,
4103,
4104,
4105,
4106,
4107,
4108,
4109,
4110,
4111,
4112,
4113,
4114,
4115,
4116,
4117,
4118,
4119,
4120,
4121,
4122,
4123,
4124,
4125,
4126,
4127,
4128,
4129,
4130,
4131,
4132,
4133,
4134,
4135,
4136,
4137,
4138,
4139,
4140,
4141,
4142,
4143,
4144,
4145,
4146,
4147,
4148,
4149,
4150,
4151,
4152,
4153,
4154,
4155,
4156,
4157,
4158,
4159,
4160,
4161,
4162,
4163,
4164,
4165,
4166,
4167,
4168,
4169,
4170,
4171,
4172,
4173,
4174,
4175,
4176,
4177,
4178,
4179,
4180,
4181,
4182,
4183,
4184,
4185,
4186,
4187,
4188,
4189,
4190,
4191,
4192,
4193,
4194,
4195,
4196,
4197,
4198,
4199,
4200,
4201,
4202,
4203,
4204,
4205,
4206,
4207,
4208,
4209,
4210,
4211,
4212,
4213,
4214,
4215,
4216,
4217,
4218,
4219,
4220,
4221,
4222,
4223,
4224,
4225,
4226,
4227,
4228,
4229,
4230,
4231,
4232,
4233,
4234,
4235,
4236,
4237,
4238,
4239,
4240,
4241,
4242,
4243,
4244,
4245,
4246,
4247,
4248,
4249,
4250,
4251,
4252,
4253,
4254,
4255,
4256,
4257,
4258,
4259,
4260,
4261,
4262,
4263,
4264,
4265,
4266,
4267,
4268,
4269,
4270,
4271,
4272,
4273,
4274,
4275,
4276,
4277,
4278,
4279,
4280,
4281,
4282,
4283,
4284,
4285,
4286,
4287,
4288,
4289,
4290,
4291,
4292,
4293,
4294,
4295,
4296,
4297,
4298,
4299,
4300,
4301,
4302,
4303,
4304,
4305,
4306,
4307,
4308,
4309,
4310,
4311,
4312,
4313,
4314,
4315,
4316,
4317,
4318,
4319,
4320,
4321,
4322,
4323,
4324,
4325,
4326,
4327,
4328,
4329,
4330,
4331,
4332,
4333,
4334,
4335,
4336,
4337,
4338,
4339,
4340,
4341,
4342,
4343,
4344,
4345,
4346,
4347,
4348,
4349,
4350,
4351,
4352,
4353,
4354,
4355,
4356,
4357,
4358,
4359,
4360,
4361,
4362,
4363,
4364,
4365,
4366,
4367,43.10649685619401
4368,17.58169711904523
4369,7.827093837094685
4370,5.856665421336723
4371,4.692690497885726
4372,17.46846306526588
4373,56.979638076377945
4374,125.99630214050335
4375,397.10050646648097
4376,176.6935671782291
4377,92.20516408932771
4378,111.83643725137473
4379,120.60974616923066
4380,194.7662228348324
4381,239.08322574990186
4382,262.42574897009086
4383,364.74455293256125
4384,565.2578681822503
4385,477.84875487982
4386,308.25715501620596
4387,210.14345028284475
4388,168.57627472070592
4389,137.59523860342605
4390,106.38312627523072
4391,98.72610082231964
4392,74.38133022002842
4393,52.19257389192187
4394,22.653027081439305
4395,8.771764348348823
4396,10.305979572954604
4397,23.100637651064623
4398,57.30407328174389
4399,134.462816226682
4400,236.09205489401432
4401,303.3384987882884
4402,347.02829356810344
4403,400.76643883794344
4404,416.33146452435705
4405,413.8635799775316
4406,414.6597291800563
4407,413.2295305792248
4408,370.02693086425194
4409,296.2382578914117
4410,225.33385193845098
4411,182.8325453532861
4412,163.0170599367234
4413,127.9554185013865
4414,110.76263676247076
4415,96.61089016107132
4416,78.33534697909626
4417,57.44440164482275
4418,23.783501306787635
4419,7.77631853227104
4420,8.267832546804057
4421,16.696400846699856
4422,56.39793580133106
4423,107.49472851034018
4424,195.58782792362388
4425,298.62369991800387
4426,356.00166088945434
4427,404.43992717959696
4428,419.3724238028064
4429,416.3215462900843
4430,403.234576388832
4431,413.1432261710046
4432,363.02592917457457
4433,296.6889437702595
4434,230.29686168364958
4435,183.97933017173668
4436,143.27229749854206
4437,107.70264062514062
4438,80.2755368243656
4439,29.4429634968298
4440,11.388537568020528
4441,5.191752849268863
4442,3.6874363497908536
4443,6.20395708343618
4444,22.189400188049873
4445,110.98199087534147
4446,305.7241094071944
4447,434.8862595252618
4448,197.11406853276682
4449,121.45064206190908
4450,144.10909555566988
4451,187.34613234719967
4452,179.71981315246873
4453,176.44492447333693
4454,166.95566718122296
4455,297.61440178928154
4456,560.2590596039735
4457,503.5662221599005
4458,353.1976921555313
4459,234.4961078160882
4460,178.68484602867295
4461,121.16283699921141
4462,63.02279332880836
4463,23.59694450951743
4464,7.09846583302681
4465,4.439703460757519
4466,4.554425807304042
4467,5.357721121144575
4468,22.237407204885052
4469,117.7604512437421
4470,296.6355988227877
4471,453.9090589804264
4472,212.9354130898907
4473,125.06718370828277
4474,138.8040668490918
4475,196.4768387765015
4476,200.78918443415728
4477,186.6073057035775
4478,185.6927873500748
4479,314.8303964483981
4480,572.4571418291758
4481,511.2411973819112
4482,358.20150234080216
4483,248.08831478166965
4484,166.84893715525615
4485,129.99573410636225
4486,61.4984969324583
4487,27.312631953828344
4488,10.841151694935142
4489,5.404734921856287
4490,3.8178765492844504
4491,12.396502199481398
4492,69.685010407745
4493,160.6542918459779
4494,349.90076250795687
4495,132.72053675254693
4496,78.23978908774646
4497,86.51416675091939
4498,81.70626867406187
4499,111.96237314926456
4500,78.26530839483303
4501,55.0217478815691
4502,90.63885319727854
4503,250.48627529936758
4504,195.67360481966074
4505,212.62112496737146
4506,89.70560588132821
4507,102.05228063011288
4508,76.00400880998905
4509,44.126292336380466
4510,
4511,
4512,
4513,
4514,
4515,
4516,
4517,
4518,
4519,
4520,
4521,
4522,
4523,
4524,
4525,
4526,
4527,
4528,
4529,
4530,
4531,
4532,
4533,
4534,
4535,
4536,
4537,
4538,
4539,
4540,
4541,
4542,
4543,
4544,
4545,
4546,
4547,
4548,
4549,
4550,
4551,
4552,
4553,
4554,
4555,
4556,
4557,
4558,
4559,
4560,
4561,
4562,
4563,
4564,
4565,
4566,
4567,
4568,
4569,
4570,
4571,
4572,
4573,
4574,
4575,
4576,
4577,
4578,
4579,
4580,
4581,
4582,
4583,
4584,
4585,
4586,
4587,
4588,
4589,
4590,
4591,
4592,
4593,
4594,
4595,
4596,
4597,
4598,
4599,
4600,
4601,
4602,
4603,
4604,
4605,
4606,
4607,
4608,
4609,
4610,
4611,
4612,
4613,
4614,
4615,
4616,
4617,
4618,
4619,
4620,
4621,
4622,
4623,
4624,
4625,
4626,
4627,
4628,
4629,
4630,
4631,
4632,
4633,
4634,
4635,
4636,
4637,
4638,
4639,
4640,
4641,
4642,
4643,
4644,
4645,
4646,
4647,
4648,
4649,
4650,
4651,
4652,
4653,
4654,
4655,
4656,
4657,
4658,
4659,
4660,
4661,
4662,
4663,
4664,
4665,
4666,
4667,
4668,
4669,
4670,
4671,
4672,
4673,
4674,
4675,
4676,
4677,
4678,
4679,
4680,
4681,
4682,
4683,
4684,
4685,
4686,
4687,
4688,
4689,
4690,
4691,
4692,
4693,
4694,
4695,
4696,
4697,
4698,
4699,
4700,
4701,
4702,
4703,
4704,
4705,
4706,
4707,
4708,
4709,
4710,
4711,
4712,
4713,
4714,
4715,
4716,
4717,
4718,
4719,
4720,
4721,
4722,
4723,
4724,
4725,
4726,
4727,
4728,
4729,
4730,
4731,
4732,
4733,
4734,
4735,
4736,
4737,
4738,
4739,
4740,
4741,
4742,
4743,
4744,
4745,
4746,
4747,
4748,
4749,
4750,
4751,
4752,
4753,
4754,
4755,
4756,
4757,
4758,
4759,
4760,
4761,
4762,
4763,
4764,
4765,
4766,
4767,
4768,
4769,
4770,
4771,
4772,
4773,
4774,
4775,
4776,
4777,
4778,
4779,
4780,
4781,
4782,
4783,
4784,
4785,
4786,
4787,
4788,
4789,
4790,
4791,
4792,
4793,
4794,
4795,
4796,
4797,
4798,
4799,
4800,
4801,
4802,
4803,
4804,
4805,
4806,
4807,
4808,
4809,
4810,
4811,
4812,
4813,
4814,
4815,
4816,
4817,
4818,
4819,
4820,
4821,
4822,27.09108304671435
4823,11.658495325738807
4824,5.044896456979133
4825,3.4617235564066218
4826,4.791883978127851
4827,20.440100280602433
4828,100.13488650585346
4829,289.09220638767533
4830,423.05147946636714
4831,188.87084339747963
4832,119.09762617937416
4833,136.93725810575572
4834,179.41167940504963
4835,179.0743193175117
4836,168.5699140793503
4837,177.24972720854197
4838,292.9303131501702
4839,541.3091899095839
4840,493.6517007991912
4841,343.7365067633911
4842,260.5823891420122
4843,189.0524617064305
4844,115.89766498080617
4845,57.89676169571542
4846,24.582037399924975
4847,8.958018395719662
4848,3.779868016188661
4849,3.893223511913072
4850,3.5742360412464484
4851,22.022649330224738
4852,112.8234075052851
4853,290.8630231539342
4854,421.34107557042654
4855,190.07088785183385
4856,124.29731140188153
4857,131.60795090946573
4858,176.54087981989392
4859,136.36594065538972
4860,158.49102900305544
4861,165.185683310083
4862,241.52761212313004
4863,497.8459186467117
4864,475.67831514471686
4865,302.11468422336776
4866,196.55798018202415
4867,161.09380879273672
4868,116.05691662960312
4869,61.04828543343972
4870,18.28362004960839
4871,7.01535340916964
4872,4.57745778688721
4873,4.210752873565803
4874,4.08941864224408
4875,13.851241707506125
4876,100.8422701874678
4877,88.64193132747711
4878,170.5636087654558
4879,80.08115208559293
4880,46.32049289648139
4881,60.76124329090156
4882,47.54704353313412
4883,63.58819662461188
4884,104.59406300158452
4885,51.59422202806468
4886,71.3298295266487
4887,301.24537766557955
4888,130.65582315965509
4889,95.64708378519497
4890,69.52319689849712
4891,62.94302611277445
4892,57.738576077423325
4893,39.0762305360621
4894,21.3191631579234
4895,9.815926452586263
4896,5.949653245794213
4897,4.803930754634218
4898,5.5020202027223855
4899,14.250816223871578
4900,61.79138574311153
4901,153.1279906399275
4902,300.0284631762127
4903,202.61264808154135
4904,116.356159678476
4905,78.95662462067578
4906,151.28145077435508
4907,141.50917069539062
4908,135.55179235478383
4909,140.70180735186244
4910,202.65630242502957
4911,365.23385958476956
4912,365.16588508930414
4913,242.49267540728803
4914,160.48632074944226
4915,123.32754124309315
4916,86.5707502519445
4917,68.9130724042742
4918,31.168166520057145
4919,10.916045169979967
4920,6.228731755088501
4921,3.60582735989909
4922,4.620687768490302
4923,18.0470493357494
4924,74.3450233014701
4925,231.4099665337723
4926,428.4888140309071
4927,229.2490814078212
4928,117.76408536447674
4929,139.14669561738918
4930,181.4128122355545
4931,173.9756567503201
4932,169.2992248836614
4933,183.05748008105346
4934,237.3223326431851
4935,383.50266787047997
4936,338.510134784409
4937,228.92741643047023
4938,149.75566486745097
4939,111.83813270415894
4940,93.87878884627656
4941,77.78780650309383
4942,67.03509812210609
4943,53.01263751207947
4944,43.43388527446379
4945,13.32488765468574
4946,5.484783329931565
4947,4.4318087144485085
4948,12.80369346328923
4949,30.930829381769477
4950,90.20695894619855
4951,155.76519127133488
4952,216.26123009828459
4953,285.87602526760867
4954,326.36900321965396
4955,330.46991275724196
4956,332.42668392204854
4957,328.70907630655535
4958,306.76454086327817
4959,267.6785058501045
4960,203.88775512126358
4961,152.33666347766342
4962,114.3825648216089
4963,101.37930882575637
4964,121.29886446883903
4965,103.09829857571563
4966,
4967,
4968,
4969,
4970,
4971,
4972,
4973,
4974,
4975,
4976,
4977,
4978,
4979,
4980,
4981,
4982,
4983,
4984,
4985,
4986,
4987,
4988,
4989,
4990,
4991,
4992,
4993,
4994,
4995,
4996,
4997,
4998,
4999,
5000,
5001,
5002,
5003,
5004,
5005,
5006,
5007,
5008,
5009,
5010,
5011,
5012,
5013,
5014,
5015,
5016,
5017,
5018,
5019,
5020,
5021,
5022,
5023,
5024,
5025,
5026,
5027,
5028,
5029,
5030,
5031,
5032,
5033,
5034,
5035,
5036,
5037,
5038,
5039,
5040,
5041,
5042,
5043,
5044,
5045,
5046,
5047,
5048,
5049,
5050,
5051,
5052,
5053,
5054,
5055,
5056,
5057,
5058,
5059,
5060,
5061,
5062,
5063,
5064,
5065,
5066,
5067,
5068,
5069,
5070,
5071,
5072,
5073,
5074,
5075,
5076,
5077,
5078,
5079,
5080,
5081,
5082,
5083,
5084,
5085,
5086,
5087,
5088,
5089,
5090,
5091,
5092,
5093,
5094,
5095,
5096,
5097,
5098,
5099,
5100,
5101,
5102,
5103,
5104,
5105,
5106,
5107,
5108,
5109,
5110,
5111,
5112,
5113,
5114,
5115,
5116,
5117,
5118,
5119,
5120,
5121,
5122,
5123,
5124,
5125,
5126,
5127,
5128,
5129,
5130,
5131,
5132,
5133,
5134,
5135,
5136,
5137,
5138,
5139,
5140,
5141,
5142,
5143,
5144,
5145,
5146,
5147,
5148,
5149,
5150,
5151,
5152,
5153,
5154,
5155,
5156,
5157,
5158,
5159,
5160,
5161,
5162,
5163,
5164,
5165,
5166,
5167,
5168,
5169,
5170,
5171,
5172,
5173,
5174,
5175,
5176,
5177,
5178,
5179,
5180,
5181,
5182,
5183,
5184,
5185,
5186,
5187,
5188,
5189,
5190,
5191,
5192,
5193,
5194,
5195,
5196,
5197,
5198,
5199,
5200,
5201,
5202,
5203,
5204,
5205,
5206,
5207,
5208,
5209,
5210,
5211,
5212,
5213,
5214,
5215,
5216,
5217,
5218,
5219,
5220,
5221,
5222,
5223,
5224,
5225,
5226,
5227,
5228,
5229,
5230,
5231,
5232,
5233,
5234,
5235,
5236,
5237,
5238,
5239,
5240,
5241,
5242,
5243,
5244,
5245,
5246,
5247,
5248,
5249,
5250,
5251,
5252,
5253,
5254,
5255,
5256,
5257,
5258,
5259,
5260,
5261,
5262,
5263,
5264,
5265,
5266,
5267,
5268,
5269,
5270,
5271,
5272,
5273,
5274,
5275,
5276,
5277,
5278,21.15739015254319
5279,9.470703796368667
5280,4.441131215673888
5281,3.761268314224862
5282,3.5919781410171314
5283,19.691961158450596
5284,84.23602268777832
5285,267.0373018848192
5286,405.3764887144902
5287,197.50822063347638
5288,107.390609086331
5289,121.37428565463146
5290,162.99558943863323
5291,153.93497496680612
5292,142.2741798293238
5293,147.4153953012188
5294,185.52085883046294
5295,363.6715088186633
5296,356.5494044154896
5297,242.35773845977718
5298,146.34317514369252
5299,101.08179850179421
5300,91.19135423409934
5301,57.36663270385662
5302,21.075766626839794
5303,9.914267896092735
5304,6.220103603038352
5305,4.811484599227017
5306,3.693594449677098
5307,15.830185942734847
5308,83.88156936142227
5309,249.41074277421976
5310,403.15693533798856
5311,204.75366580573768
5312,118.33132696470092
5313,124.9573553974196
5314,167.34254684624446
5315,159.9198561686338
5316,161.76866355461084
5317,131.22243076715966
5318,146.16905539186672
5319,482.1926133079792
5320,465.05706173501534
5321,302.8186789276058
5322,224.84051811840433
5323,178.7291880230275
5324,131.38869622284048
5325,86.19944708834659
5326,48.008844749026125
5327,21.19558320660067
5328,10.905148610756168
5329,8.155356802316915
5330,5.000015424206372
5331,21.778839914204422
5332,88.41380285723568
5333,234.49809523781744
5334,418.06882264546306
5335,217.82211406450534
5336,128.56360081307304
5337,134.55184350270974
5338,170.38958708629485
5339,163.20292466354672
5340,159.742894043022
5341,159.0774204612866
5342,211.34932858234814
5343,382.72793491974045
5344,345.6338748049695
5345,228.71898607065987
5346,132.97085981770408
5347,100.88262537082228
5348,95.9371105556946
5349,73.39479714330218
5350,68.81709630689438
5351,66.65321139317689
5352,49.601981036061126
5353,15.761412023073856
5354,4.977202883863661
5355,4.46506191557466
5356,9.418576634980411
5357,22.28340899293472
5358,75.41937922622182
5359,132.37874705580174
5360,177.7775071766606
5361,213.0334487859847
5362,257.27534825822954
5363,250.78835906323803
5364,249.4103803458195
5365,250.5870283121529
5366,230.27233149719248
5367,183.18152978712232
5368,155.0445687659403
5369,82.71193223506302
5370,102.821590093751
5371,85.1501743555971
5372,73.76797554087969
5373,71.01816286313495
5374,66.01453887441318
5375,63.14231153165781
5376,50.637089958275915
5377,15.860970498120945
5378,4.781342508892698
5379,4.772141262755033
5380,9.120525516538315
5381,23.1139724262329
5382,64.47655465771061
5383,110.44379643037051
5384,171.44784923488737
5385,184.76546882264424
5386,223.62809433339726
5387,234.91733233341054
5388,244.2454940804571
5389,263.56330340902355
5390,215.23073977605839
5391,180.4878347315411
5392,144.86350004396888
5393,108.10903295567414
5394,86.15089266657057
5395,65.20736884989803
5396,51.52561710719406
5397,37.158789357885695
5398,17.543800967723367
5399,7.778250089544972
5400,3.7641112116738107
5401,3.205586134537098
5402,4.430982309490522
5403,16.75615299029924
5404,73.58325631457399
5405,227.66497693894695
5406,411.4699617525737
5407,201.1440880331452
5408,97.82140373778606
5409,104.27805308811848
5410,140.07004729156301
5411,143.72983125567097
5412,147.4195520593169
5413,158.50271357681692
5414,214.99803469878435
5415,404.6011307670038
5416,375.1156659555845
5417,263.5441506692103
5418,186.02022447145762
5419,118.76875583076773
5420,93.92485496455409
5421,53.01871406578714
5422,
5423,
5424,
5425,
5426,
5427,
5428,
5429,
5430,
5431,
5432,
5433,
5434,
5435,
5436,
5437,
5438,
5439,
5440,
5441,
5442,
5443,
5444,
5445,
5446,
5447,
5448,
5449,
5450,
5451,
5452,
5453,
5454,
5455,
5456,
5457,
5458,
5459,
5460,
5461,
5462,
5463,
5464,
5465,
5466,
5467,
5468,
5469,
5470,
5471,
5472,
5473,
5474,
5475,
5476,
5477,
5478,
5479,
5480,
5481,
5482,
5483,
5484,
5485,
5486,
5487,
5488,
5489,
5490,
5491,
5492,
5493,
5494,
5495,
5496,
5497,
5498,
5499,
5500,
5501,
5502,
5503,
5504,
5505,
5506,
5507,
5508,
5509,
5510,
5511,
5512,
5513,
5514,
5515,
5516,
5517,
5518,
5519,
5520,
5521,
5522,
5523,
5524,
5525,
5526,
5527,
5528,
5529,
5530,
5531,
5532,
5533,
5534,
5535,
5536,
5537,
5538,
5539,
5540,
5541,
5542,
5543,
5544,
5545,
5546,
5547,
5548,
5549,
5550,
5551,
5552,
5553,
5554,
5555,
5556,
5557,
5558,
5559,
5560,
5561,
5562,
5563,
5564,
5565,
5566,
5567,
5568,
5569,
5570,
5571,
5572,
5573,
5574,
5575,
5576,
5577,
5578,
5579,
5580,
5581,
5582,
5583,
5584,
5585,
5586,
5587,
5588,
5589,
5590,
5591,
5592,
5593,
5594,
5595,
5596,
5597,
5598,
5599,
5600,
5601,
5602,
5603,
5604,
5605,
5606,
5607,
5608,
5609,
5610,
5611,
5612,
5613,
5614,
5615,
5616,
5617,
5618,
5619,
5620,
5621,
5622,
5623,
5624,
5625,
5626,
5627,
5628,
5629,
5630,
5631,
5632,
5633,
5634,
5635,
5636,
5637,
5638,
5639,
5640,
5641,
5642,
5643,
5644,
5645,
5646,
5647,
5648,
5649,
5650,
5651,
5652,
5653,
5654,
5655,
5656,
5657,
5658,
5659,
5660,
5661,
5662,
5663,
5664,
5665,
5666,
5667,
5668,
5669,
5670,
5671,
5672,
5673,
5674,
5675,
5676,
5677,
5678,
5679,
5680,
5681,
5682,
5683,
5684,
5685,
5686,
5687,
5688,
5689,
5690,
5691,
5692,
5693,
5694,
5695,
5696,
5697,
5698,
5699,
5700,
5701,
5702,
5703,
5704,
5705,
5706,
5707,
5708,
5709,
5710,
5711,
5712,
5713,
5714,
5715,
5716,
5717,
5718,
5719,
5720,
5721,
5722,
5723,
5724,
5725,
5726,
5727,
5728,
5729,
5730,
5731,
5732,47.76560385091614
5733,40.77952641876112
5734,28.76830908172068
5735,13.22552884392873
5736,4.215215332979823
5737,3.222284041035872
5738,5.126047845905136
5739,21.499287425187124
5740,50.01851595650358
5741,103.71363426575532
5742,152.19173475127891
5743,172.67631946539092
5744,197.1708936435259
5745,192.78735242111844
5746,195.8372082021984
5747,198.57871819796966
5748,181.43199313068445
5749,158.71702271509497
5750,125.90931199541699
5751,90.8847555129757
5752,79.29703659113395
5753,72.07118181023664
5754,53.29585251528373
5755,49.04600037597901
5756,43.555651482910335
5757,40.05825006348345
5758,30.972027648774013
5759,12.868539299540707
5760,3.6176682866047387
5761,2.6581003884876004
5762,2.035594101309336
5763,14.372457098178026
5764,34.2032847091971
5765,69.64428475286982
5766,102.00310902754642
5767,125.3669523428652
5768,172.76861915788848
5769,173.91608438637658
5770,156.37447520025682
5771,169.7062282968352
5772,157.75787047806693
5773,128.7895747991907
5774,107.92982135424275
5775,77.58750467384937
5776,60.99608049551022
5777,57.22434337284526
5778,54.384628536586376
5779,28.371966404752776
5780,22.11083396568387
5781,19.663630190581383
5782,15.897650468450598
5783,7.68177381277348
5784,3.6080550398327333
5785,3.565227747234467
5786,5.615478389950241
5787,22.293423256175743
5788,46.2026130900273
5789,79.81173255921692
5790,99.30777833127243
5791,121.48246383430367
5792,153.52034484313353
5793,154.64526726053532
5794,150.3839456364226
5795,165.83970521795837
5796,165.51389560015528
5797,161.60038863891998
5798,146.74382670176462
5799,109.55197841106609
5800,88.71681868688103
5801,78.97503140919632
5802,70.17254193136695
5803,25.624670106363702
5804,13.606378206810994
5805,5.751642196865327
5806,2.2938324766733094
5807,1.304333774645499
5808,11.328819614315918
5809,58.573409827935706
5810,170.11940355141337
5811,340.1909246573876
5812,150.92014533792687
5813,61.38842865173058
5814,102.6308277132828
5815,105.90336463881063
5816,135.3233716419605
5817,131.42671521742693
5818,144.16186663687625
5819,252.08440611801248
5820,488.3044070266839
5821,459.4122118060894
5822,303.85459083741773
5823,241.2679654350817
5824,182.11514774013344
5825,119.06939020031564
5826,58.14433994345199
5827,23.624287243051977
5828,8.896150973575715
5829,6.389784289060733
5830,3.5975048697477425
5831,3.386276051101886
5832,18.51495091141813
5833,95.15392063436502
5834,241.21150554821597
5835,441.8431259481137
5836,230.36622953542755
5837,106.36872777631203
5838,114.02465993378128
5839,136.1042934016441
5840,130.98824426697297
5841,116.29033092373108
5842,120.86238972257077
5843,186.54796824029174
5844,298.5651984199523
5845,286.9294609746899
5846,207.0660925125748
5847,153.87071507520454
5848,106.24560732673801
5849,70.42755123289339
5850,32.17682108538547
5851,13.255625813008017
5852,5.134965657954609
5853,2.8665525055554473
5854,2.238979938234603
5855,2.301953519610001
5856,12.938059612357002
5857,74.72562452122945
5858,213.16265601284655
5859,390.7428318429606
5860,220.29198985926652
5861,89.89130900803268
5862,99.45026204762809
5863,120.62427123707337
5864,117.06775667713448
5865,114.69749643854871
5866,122.04537420194684
5867,183.3306377906077
5868,303.1763542097513
5869,302.8769900024983
5870,221.73349280523865
5871,163.26058212671114
5872,122.52303925551459
5873,88.84819676604131
5874,52.34266601396595
5875,
5876,
5877,
5878,
5879,
5880,
5881,
5882,
5883,
5884,
5885,
5886,
5887,
5888,
5889,
5890,
5891,
5892,
5893,
5894,
5895,
5896,
5897,
5898,
5899,
5900,
5901,
5902,
5903,
5904,
5905,
5906,
5907,
5908,
5909,
5910,
5911,
5912,
5913,
5914,
5915,
5916,
5917,
5918,
5919,
5920,
5921,
5922,
5923,
5924,
5925,
5926,
5927,
5928,
5929,
5930,
5931,
5932,
5933,
5934,
5935,
5936,
5937,
5938,
5939,
5940,
5941,
5942,
5943,
5944,
5945,
5946,
5947,
5948,
5949,
5950,
5951,
5952,
5953,
5954,
5955,
5956,
5957,
5958,
5959,
5960,
5961,
5962,
5963,
5964,
5965,
5966,
5967,
5968,
5969,
5970,
5971,
5972,
5973,
5974,
5975,
5976,
5977,
5978,
5979,
5980,
5981,
5982,
5983,
5984,
5985,
5986,
5987,
5988,
5989,
5990,
5991,
5992,
5993,
5994,
5995,
5996,
5997,
5998,
5999,
6000,
6001,
6002,
6003,
6004,
6005,
6006,
6007,
6008,
6009,
6010,
6011,
6012,
6013,
6014,
6015,
6016,
6017,
6018,
6019,
6020,
6021,
6022,
6023,
6024,
6025,
6026,
6027,
6028,
6029,
6030,
6031,
6032,
6033,
6034,
6035,
6036,
6037,
6038,
6039,
6040,
6041,
6042,
6043,
6044,
6045,
6046,
6047,
6048,
6049,
6050,
6051,
6052,
6053,
6054,
6055,
6056,
6057,
6058,
6059,
6060,
6061,
6062,
6063,
6064,
6065,
6066,
6067,
6068,
6069,
6070,
6071,
6072,
6073,
6074,
6075,
6076,
6077,
6078,
6079,
6080,
6081,
6082,
6083,
6084,
6085,
6086,
6087,
6088,
6089,
6090,
6091,
6092,
6093,
6094,
6095,
6096,
6097,
6098,
6099,
6100,
6101,
6102,
6103,
6104,
6105,
6106,
6107,
6108,
6109,
6110,
6111,
6112,
6113,
6114,
6115,
6116,
6117,
6118,
6119,
6120,
6121,
6122,
6123,
6124,
6125,
6126,
6127,
6128,
6129,
6130,
6131,
6132,
6133,
6134,
6135,
6136,
6137,
6138,
6139,
6140,
6141,
6142,
6143,
6144,
6145,
6146,
6147,
6148,
6149,
6150,
6151,
6152,
6153,
6154,
6155,
6156,
6157,
6158,
6159,
6160,
6161,
6162,
6163,
6164,
6165,
6166,
6167,
6168,
6169,
6170,
6171,
6172,
6173,
6174,
6175,
6176,
6177,
6178,
6179,
6180,
6181,
6182,
6183,
6184,
6185,
6186,16.25164392091165
6187,6.609116509916335
6188,5.3415138538436375
6189,3.1708292273084644
6190,3.0117003321965896
6191,18.955011344518123
6192,86.93762677504843
6193,250.8754222752839
6194,475.48928862550247
6195,229.1997333137138
6196,97.599937919659
6197,117.51532344548971
6198,132.4876379420393
6199,150.2133073568319
6200,141.4356060287378
6201,149.5926066614284
6202,230.5823183726552
6203,480.21895645451707
6204,432.763365052363
6205,302.63463480228495
6206,201.47434791632134
6207,144.41186236536058
6208,113.44539749069337
6209,59.77963613066904
6210,21.61017521056707
6211,8.677887940736435
6212,4.286134334046273
6213,3.9814983565083706
6214,3.3038770358383474
6215,22.35362858469075
6216,99.63256434197812
6217,245.74404858234186
6218,485.6869356775941
6219,249.1831282471849
6220,111.58314850672706
6221,129.63736197519995
6222,164.80166973826456
6223,162.1076842058997
6224,141.2885518140839
6225,159.4924331511718
6226,231.8833239918613
6227,474.9980843307423
6228,432.7360807541451
6229,306.0298507614759
6230,207.8338036671551
6231,154.21087654895965
6232,112.97003885126352
6233,66.897915258104
6234,20.41310879784078
6235,8.505618038117928
6236,4.935337912160217
6237,3.7681988004100275
6238,2.3731479272238585
6239,21.430906681831683
6240,99.4491158124883
6241,253.248915558382
6242,495.76250159405834
6243,254.38265595374767
6244,85.97556560279217
6245,105.5153397664683
6246,114.76635835938508
6247,113.3221594126718
6248,83.47345421032658
6249,92.37905177581791
6250,101.23071240405652
6251,212.85869660537995
6252,221.3252886307176
6253,225.95157363670612
6254,150.70129969566662
6255,137.4208238270135
6256,105.9586975210249
6257,78.2345990965923
6258,32.94227670603196
6259,10.946159497409234
6260,7.63996444546857
6261,4.393341087325393
6262,2.916492039012599
6263,17.66400285486626
6264,79.03962293741594
6265,232.29923373030823
6266,427.64845178401015
6267,221.5648188325557
6268,127.06165962663472
6269,150.71999614806472
6270,198.42496490131415
6271,201.32064253865678
6272,169.73345124152038
6273,194.67508872738625
6274,280.32440434747315
6275,469.7112524653541
6276,393.8849200533205
6277,261.9532411213031
6278,177.31965335339945
6279,148.3226232039485
6280,113.42649333251521
6281,81.86085378902446
6282,67.76372915787495
6283,52.13798124549129
6284,37.01695364502706
6285,18.904532324733797
6286,6.407893292440546
6287,5.543940232620138
6288,9.016546064539167
6289,30.93951334680437
6290,77.72917968822303
6291,132.42531630641716
6292,184.99708102438603
6293,267.1854868123525
6294,338.63369689841755
6295,350.9630707975924
6296,356.3764902559842
6297,369.77053721298813
6298,361.48749513920757
6299,336.31686782385293
6300,256.20883717324045
6301,185.02189428972602
6302,144.03870277962983
6303,132.94867383744744
6304,114.3714562558571
6305,75.83899198559367
6306,60.35924416980937
6307,56.2841795269614
6308,46.39810524166092
6309,22.420772967379687
6310,6.2370619708748
6311,3.686503855018865
6312,4.857291662570195
6313,13.442832190427577
6314,46.820682731623656
6315,90.82470573513464
6316,146.63195191788583
6317,167.20097341236342
6318,224.96660782340302
6319,248.2189005306064
6320,276.47275550918005
6321,225.46661335384312
6322,244.42679879740209
6323,171.73961206223188
6324,140.6807270249254
6325,113.35967887911507
6326,84.08686592539338
6327,59.77686570512111
6328,64.6116940818957
6329,37.55564743289722
6330,
6331,
6332,
6333,
6334,
6335,
6336,
6337,
6338,
6339,
6340,
6341,
6342,
6343,
6344,
6345,
6346,
6347,
6348,
6349,
6350,
6351,
6352,
6353,
6354,
6355,
6356,
6357,
6358,
6359,
6360,
6361,
6362,
6363,
6364,
6365,
6366,
6367,
6368,
6369,
6370,
6371,
6372,
6373,
6374,
6375,
6376,
6377,
6378,
6379,
6380,
6381,
6382,
6383,
6384,
6385,
6386,
6387,
6388,
6389,
6390,
6391,
6392,
6393,
6394,
6395,
6396,
6397,
6398,
6399,
6400,
6401,
6402,
6403,
6404,
6405,
6406,
6407,
6408,
6409,
6410,
6411,
6412,
6413,
6414,
6415,
6416,
6417,
6418,
6419,
6420,
6421,
6422,
6423,
6424,
6425,
6426,
6427,
6428,
6429,
6430,
6431,
6432,
6433,
6434,
6435,
6436,
6437,
6438,
6439,
6440,
6441,
6442,
6443,
6444,
6445,
6446,
6447,
6448,
6449,
6450,
6451,
6452,
6453,
6454,
6455,
6456,
6457,
6458,
6459,
6460,
6461,
6462,
6463,
6464,
6465,
6466,
6467,
6468,
6469,
6470,
6471,
6472,
6473,
6474,
6475,
6476,
6477,
6478,
6479,
6480,
6481,
6482,
6483,
6484,
6485,
6486,
6487,
6488,
6489,
6490,
6491,
6492,
6493,
6494,
6495,
6496,
6497,
6498,
6499,
6500,
6501,
6502,
6503,
6504,
6505,
6506,
6507,
6508,
6509,
6510,
6511,
6512,
6513,
6514,
6515,
6516,
6517,
6518,
6519,
6520,
6521,
6522,
6523,
6524,
6525,
6526,
6527,
6528,
6529,
6530,
6531,
6532,
6533,
6534,
6535,
6536,
6537,
6538,
6539,
6540,
6541,
6542,
6543,
6544,
6545,
6546,
6547,
6548,
6549,
6550,
6551,
6552,
6553,
6554,
6555,
6556,
6557,
6558,
6559,
6560,
6561,
6562,
6563,
6564,
6565,
6566,
6567,
6568,
6569,
6570,
6571,
6572,
6573,
6574,
6575,
6576,
6577,
6578,
6579,
6580,
6581,
6582,
6583,
6584,
6585,
6586,
6587,
6588,
6589,
6590,
6591,
6592,
6593,
6594,
6595,
6596,
6597,
6598,
6599,
6600,
6601,
6602,
6603,
6604,
6605,
6606,
6607,
6608,
6609,
6610,
6611,
6612,
6613,
6614,
6615,
6616,
6617,
6618,
6619,
6620,
6621,
6622,
6623,
6624,
6625,
6626,
6627,
6628,
6629,
6630,
6631,
6632,
6633,
6634,
6635,
6636,
6637,
6638,
6639,
6640,
6641,33.66071437300128
6642,14.0479114444472
6643,5.8888288658966
6644,4.886190001041678
6645,3.546400775387616
6646,26.8110821073349
6647,123.28113719350958
6648,348.30882619746984
6649,649.9813389817671
6650,326.03645054266025
6651,180.17547690704083
6652,206.1789104555578
6653,271.85156227792817
6654,259.26656637481204
6655,237.93509539532715
6656,265.3990109408153
6657,375.53230049070226
6658,676.8542402582256
6659,662.8847699531367
6660,476.40266214754973
6661,346.35213384705315
6662,258.08937337883236
6663,177.423703426877
6664,102.8401689121634
6665,35.89317214740799
6666,16.414337022043345
6667,7.33405154818273
6668,5.641423431110332
6669,4.759537865836862
6670,25.02380902302193
6671,121.51667366805724
6672,346.1859923399186
6673,642.1911190830683
6674,338.2515699287078
6675,181.5489382728915
6676,221.16871916828822
6677,267.6061631253879
6678,265.0129039744178
6679,255.97865468970815
6680,256.3406868985526
6681,376.71567730876626
6682,697.4505515414058
6683,664.9151776717963
6684,455.06649816450044
6685,296.0657892490702
6686,246.08150323652637
6687,184.68928166825245
6688,116.64460124469693
6689,57.15826118557439
6690,17.24699795598434
6691,10.658225275459413
6692,4.305988743364295
6693,3.2224747479615536
6694,19.481059044503777
6695,92.20457626243369
6696,270.9114610405737
6697,559.298600927618
6698,324.2071880327093
6699,159.024577409557
6700,198.36752272797722
6701,247.70161682898302
6702,258.4997570416176
6703,239.57234332051866
6704,152.99993161887494
6705,227.01933767394732
6706,444.3259307101731
6707,431.9533557882576
6708,347.6557966189124
6709,288.8289889797594
6710,167.98355189708982
6711,134.18291270147878
6712,102.82994345359143
6713,59.34905742469396
6714,55.04247535454732
6715,47.1858185473976
6716,23.738441606811
6717,7.914275898012784
6718,7.972329817476039
6719,15.790966306357204
6720,52.20549895337501
6721,135.2078239758294
6722,220.63501477536286
6723,322.2848912450528
6724,432.8215547447587
6725,523.3023671551894
6726,532.269358689092
6727,527.2853283811579
6728,522.7281191884107
6729,506.3785774690765
6730,467.3481251898224
6731,396.586072763667
6732,325.9734821210074
6733,266.59299051162856
6734,239.86642494358122
6735,199.30085586551726
6736,149.68214037834323
6737,81.62606302027531
6738,74.7461351244463
6739,63.81159288090406
6740,30.844761787693187
6741,9.526300997181993
6742,7.982880593091118
6743,11.1773281769969
6744,35.59946432829394
6745,99.72386990652957
6746,176.04005387323775
6747,242.43435228786305
6748,342.6517848426209
6749,369.0623808480295
6750,446.3294877674292
6751,454.5795768707884
6752,470.466806150288
6753,450.67404397836316
6754,444.6828040404527
6755,386.74922967069944
6756,313.3546956472298
6757,236.38666505669616
6758,187.71112644354795
6759,144.8353096987323
6760,91.16428197706259
6761,22.354779840052352
6762,8.717962310589648
6763,5.603961198581801
6764,4.471391411227912
6765,4.154798879625202
6766,24.373039900166233
6767,109.35604917432028
6768,324.4102883816521
6769,629.3993711539587
6770,312.4238049829237
6771,172.1761569930247
6772,204.60682916603093
6773,236.34576668832605
6774,231.3605742934217
6775,214.5837913945397
6776,231.54902372644662
6777,352.24443931100336
6778,678.6055327068066
6779,655.9430552995366
6780,471.1502889352309
6781,345.02246750529605
6782,251.7756976226372
6783,143.3206490317352
6784,74.07572911801111
6785,
6786,
6787,
6788,
6789,
6790,
6791,
6792,
6793,
6794,
6795,
6796,
6797,
6798,
6799,
6800,
6801,
6802,
6803,
6804,
6805,
6806,
6807,
6808,
6809,
6810,
6811,
6812,
6813,
6814,
6815,
6816,
6817,
6818,
6819,
6820,
6821,
6822,
6823,
6824,
6825,
6826,
6827,
6828,
6829,
6830,
6831,
6832,
6833,
6834,
6835,
6836,
6837,
6838,
6839,
6840,
6841,
6842,
6843,
6844,
6845,
6846,
6847,
6848,
6849,
6850,
6851,
6852,
6853,
6854,
6855,
6856,
6857,
6858,
6859,
6860,
6861,
6862,
6863,
6864,
6865,
6866,
6867,
6868,
6869,
6870,
6871,
6872,
6873,
6874,
6875,
6876,
6877,
6878,
6879,
6880,
6881,
6882,
6883,
6884,
6885,
6886,
6887,
6888,
6889,
6890,
6891,
6892,
6893,
6894,
6895,
6896,
6897,
6898,
6899,
6900,
6901,
6902,
6903,
6904,
6905,
6906,
6907,
6908,
6909,
6910,
6911,
6912,
6913,
6914,
6915,
6916,
6917,
6918,
6919,
6920,
6921,
6922,
6923,
6924,
6925,
6926,
6927,
6928,
6929,
6930,
6931,
6932,
6933,
6934,
6935,
6936,
6937,
6938,
6939,
6940,
6941,
6942,
6943,
6944,
6945,
6946,
6947,
6948,
6949,
6950,
6951,
6952,
6953,
6954,
6955,
6956,
6957,
6958,
6959,
6960,
6961,
6962,
6963,
6964,
6965,
6966,
6967,
6968,
6969,
6970,
6971,
6972,
6973,
6974,
6975,
6976,
6977,
6978,
6979,
6980,
6981,
6982,
6983,
6984,
6985,
6986,
6987,
6988,
6989,
6990,
6991,
6992,
6993,
6994,
6995,
6996,
6997,
6998,
6999,
7000,
7001,
7002,
7003,
7004,
7005,
7006,
7007,
7008,
7009,
7010,
7011,
7012,
7013,
7014,
7015,
7016,
7017,
7018,
7019,
7020,
7021,
7022,
7023,
7024,
7025,
7026,
7027,
7028,
7029,
7030,
7031,
7032,
7033,
7034,
7035,
7036,
7037,
7038,
7039,
7040,
7041,
7042,
7043,
7044,
7045,
7046,
7047,
7048,
7049,
7050,
7051,
7052,
7053,
7054,
7055,
7056,
7057,
7058,
7059,
7060,
7061,
7062,
7063,
7064,
7065,
7066,
7067,
7068,
7069,
7070,
7071,
7072,
7073,
7074,
7075,
7076,
7077,
7078,
7079,
7080,
7081,
7082,
7083,
7084,
7085,
7086,
7087,
7088,
7089,
7090,
7091,
7092,
7093,
7094,
7095,86.72488600593857
7096,72.08973565458868
7097,47.99854160178139
7098,22.84825254716425
7099,9.01199301271749
7100,9.81744944126899
7101,22.22244064070011
7102,62.0906879886274
7103,150.058569510755
7104,278.2637370313629
7105,389.2972210330961
7106,493.25014893621403
7107,553.8971502906252
7108,568.6417897893303
7109,564.769854535352
7110,562.5200749346087
7111,553.382944620946
7112,522.0889913553564
7113,443.7429978405607
7114,389.66206328563567
7115,234.99317057239148
7116,198.77604578407747
7117,172.38190379464163
7118,144.41917079583936
7119,94.27039399725615
7120,80.31578764061108
7121,60.95640687060097
7122,29.649110118897276
7123,9.29484988577235
7124,9.53618733588925
7125,22.344144524808108
7126,49.066951771996955
7127,125.89792503964982
7128,226.90223884850244
7129,356.9605622835161
7130,442.0780170498759
7131,517.8467509113761
7132,527.7060030961001
7133,525.4289437856181
7134,515.6240503959474
7135,519.7175046078102
7136,490.7947577887504
7137,430.8139633267607
7138,361.569036750956
7139,253.9332726333683
7140,198.7140167442133
7141,138.90358059742948
7142,87.97915725830862
7143,67.95400218148035
7144,51.690205568848164
7145,34.42799264301028
7146,18.66422778420847
7147,8.476169503996418
7148,11.507103909030889
7149,25.549043006134823
7150,83.07301895398065
7151,175.2297924034514
7152,262.9401615001668
7153,347.9443325090389
7154,416.51564381266473
7155,482.7147670226562
7156,481.83329953473043
7157,478.8571803429462
7158,480.94376647158225
7159,492.30971991897275
7160,494.7283601018871
7161,461.2706117934548
7162,416.8534697888638
7163,311.3772219963245
7164,274.9882490274467
7165,199.1711935479185
7166,106.21239720328234
7167,32.64384909941484
7168,14.158248296196003
7169,5.617765850185643
7170,4.522178146468703
7171,3.574231965436717
7172,24.008940301427693
7173,112.23234964911218
7174,374.30016566458954
7175,609.2878153817269
7176,306.3202352814016
7177,167.32888111972406
7178,203.79556514438818
7179,257.40294136214584
7180,257.04499437939256
7181,239.37372759200164
7182,255.32325737297745
7183,387.7747223975413
7184,744.1407388955893
7185,737.3153931420354
7186,538.7276773358059
7187,357.61898617679515
7188,248.37667289622982
7189,169.81361394710487
7190,85.6921148533402
7191,36.4618334829288
7192,13.351667086829432
7193,9.010015456450578
7194,4.721684569940937
7195,3.924257320459384
7196,20.956774566609297
7197,103.30918161500344
7198,360.0478458179871
7199,466.2211929819383
7200,187.13832535060294
7201,118.87126448171259
7202,143.39983182391865
7203,180.0043715884181
7204,153.04185424579413
7205,128.56102841213223
7206,124.27313640874004
7207,286.87105415693355
7208,580.4388509577419
7209,569.2448727930238
7210,402.4927862263876
7211,240.1807017166638
7212,171.1991835045088
7213,156.9230900356614
7214,83.17559204830279
7215,24.333483122704113
7216,12.229068138590804
7217,7.716011706471031
7218,4.472805298985007
7219,4.469645646368725
7220,27.798858035967072
7221,110.51333567427402
7222,351.16041407517554
7223,648.9328954106835
7224,327.17824279462985
7225,163.26737531938156
7226,221.51901186073908
7227,280.99373351780815
7228,274.8505472462024
7229,252.2553183542858
7230,271.1325780945146
7231,397.92307940767375
7232,735.8143094701985
7233,733.7333338839333
7234,500.3559890764475
7235,346.41044284082824
7236,252.19406826426115
7237,196.22401992107416
7238,139.2301978461114
7239,
7240,
7241,
7242,
7243,
7244,
7245,
7246,
7247,
7248,
7249,
7250,
7251,
7252,
7253,
7254,
7255,
7256,
7257,
7258,
7259,
7260,
7261,
7262,
7263,
7264,
7265,
7266,
7267,
7268,
7269,
7270,
7271,
7272,
7273,
7274,
7275,
7276,
7277,
7278,
7279,
7280,
7281,
7282,
7283,
7284,
7285,
7286,
7287,
7288,
7289,
7290,
7291,
7292,
7293,
7294,
7295,
7296,
7297,
7298,
7299,
7300,
7301,
7302,
7303,
7304,
7305,
7306,
7307,
7308,
7309,
7310,
7311,
7312,
7313,
7314,
7315,
7316,
7317,
7318,
7319,
7320,
7321,
7322,
7323,
7324,
7325,
7326,
7327,
7328,
7329,
7330,
7331,
7332,
7333,
7334,
7335,
7336,
7337,
7338,
7339,
7340,
7341,
7342,
7343,
7344,
7345,
7346,
7347,
7348,
7349,
7350,
7351,
7352,
7353,
7354,
7355,
7356,
7357,
7358,
7359,
7360,
7361,
7362,
7363,
7364,
7365,
7366,
7367,
7368,
7369,
7370,
7371,
7372,
7373,
7374,
7375,
7376,
7377,
7378,
7379,
7380,
7381,
7382,
7383,
7384,
7385,
7386,
7387,
7388,
7389,
7390,
7391,
7392,
7393,
7394,
7395,
7396,
7397,
7398,
7399,
7400,
7401,
7402,
7403,
7404,
7405,
7406,
7407,
7408,
7409,
7410,
7411,
7412,
7413,
7414,
7415,
7416,
7417,
7418,
7419,
7420,
7421,
7422,
7423,
7424,
7425,
7426,
7427,
7428,
7429,
7430,
7431,
7432,
7433,
7434,
7435,
7436,
7437,
7438,
7439,
7440,
7441,
7442,
7443,
7444,
7445,
7446,
7447,
7448,
7449,
7450,
7451,
7452,
7453,
7454,
7455,
7456,
7457,
7458,
7459,
7460,
7461,
7462,
7463,
7464,
7465,
7466,
7467,
7468,
7469,
7470,
7471,
7472,
7473,
7474,
7475,
7476,
7477,
7478,
7479,
7480,
7481,
7482,
7483,
7484,
7485,
7486,
7487,
7488,
7489,
7490,
7491,
7492,
7493,
7494,
7495,
7496,
7497,
7498,
7499,
7500,
7501,
7502,
7503,
7504,
7505,
7506,
7507,
7508,
7509,
7510,
7511,
7512,
7513,
7514,
7515,
7516,
7517,
7518,
7519,
7520,
7521,
7522,
7523,
7524,
7525,
7526,
7527,
7528,
7529,
7530,
7531,
7532,
7533,
7534,
7535,
7536,
7537,
7538,
7539,
7540,
7541,
7542,
7543,
7544,
7545,
7546,
7547,
7548,
7549,
7550,
7551,35.76440719419863
7552,15.827018719634916
7553,8.490131516299568
7554,4.756476689449921
7555,5.368983079948622
7556,29.940229452415988
7557,97.14214943516072
7558,246.69619243126616
7559,397.3496504433942
7560,175.72852734165787
7561,109.27335006783795
7562,177.76145379154124
7563,214.43132156078582
7564,254.3726080732885
7565,236.8280114802056
7566,258.2869406059952
7567,312.61178609650955
7568,477.6106658313849
7569,616.9469560565428
7570,284.1852745886072
7571,217.64062945177594
7572,194.58340903459714
7573,152.72557814987417
7574,88.2002528865002
7575,26.229541985119607
7576,9.688570425910585
7577,5.1891129327059895
7578,3.393080877122169
7579,4.211077921316781
7580,29.343459878793862
7581,109.98077421388672
7582,271.8014603855636
7583,610.0968051888685
7584,297.0522799437376
7585,170.62714519307926
7586,198.51544774892974
7587,262.41791643077426
7588,159.3730591076289
7589,235.20478151239408
7590,262.4022821695658
7591,396.63232205980745
7592,729.270043134592
7593,728.5234493518011
7594,523.2867028101869
7595,196.98788090424065
7596,148.3426722188545
7597,193.5756680853351
7598,70.34606404953584
7599,34.21496634046443
7600,10.845092926093848
7601,6.923779877195457
7602,5.716008834291839
7603,5.24599968021446
7604,34.90297065961914
7605,158.97988167341234
7606,478.61098634457363
7607,657.9275766160637
7608,332.8518191992623
7609,186.3884020866647
7610,229.62112220867226
7611,281.0980647057649
7612,292.67037292674235
7613,262.2151313966082
7614,271.6554901516742
7615,390.7612437901487
7616,700.6022576885506
7617,707.7442433512231
7618,523.8492708240831
7619,409.2659253420363
7620,290.3286319043066
7621,233.10220121160808
7622,140.47248588404278
7623,48.049941216746646
7624,18.65260251455651
7625,10.121330137223556
7626,6.962745047483451
7627,6.2125725544353125
7628,32.57775804430813
7629,156.43468127007932
7630,461.622679045092
7631,650.051130265643
7632,324.5390526309162
7633,191.4191176616941
7634,240.8868720091625
7635,296.31344643708997
7636,293.5798207655288
7637,269.02551878716946
7638,293.60116121576533
7639,431.0748711518567
7640,772.2610331243521
7641,763.6015762854958
7642,558.1119480788941
7643,411.3097547074942
7644,285.3859191203801
7645,225.5077846355776
7646,164.5332007069863
7647,75.20368163981598
7648,33.05239185801917
7649,15.778752884830274
7650,8.787822434210804
7651,5.551447355398643
7652,30.0722954414255
7653,140.6457202568975
7654,388.7054139107807
7655,622.4168523503572
7656,339.0859595683576
7657,225.8725915130236
7658,283.9110276923222
7659,360.34829906225855
7660,377.52544767712715
7661,361.04951989628023
7662,392.4526715162615
7663,496.3531281350577
7664,740.4719682830207
7665,662.417078272488
7666,467.9769404405858
7667,360.84108112844507
7668,282.5145384519352
7669,221.82879680859028
7670,175.70623751442406
7671,130.0569022339364
7672,100.59567460574725
7673,70.41226352022518
7674,29.047791760722024
7675,10.4084470308122
7676,12.108883793310593
7677,32.309035451707715
7678,64.87572054603126
7679,179.08830347243327
7680,307.91645543358607
7681,424.63962047461183
7682,530.6727550372784
7683,615.9780889358351
7684,619.4453103865233
7685,600.9669811609199
7686,595.4177705668376
7687,583.0216651044852
7688,555.0032736599775
7689,493.4838010166532
7690,426.9951548958157
7691,314.19781722889337
7692,274.03961549784117
7693,227.94292033775167
7694,183.83728555946686
7695,
7696,
7697,
7698,
7699,
7700,
7701,
7702,
7703,
7704,
7705,
7706,
7707,
7708,
7709,
7710,
7711,
7712,
7713,
7714,
7715,
7716,
7717,
7718,
7719,
7720,
7721,
7722,
7723,
7724,
7725,
7726,
7727,
7728,
7729,
7730,
7731,
7732,
7733,
7734,
7735,
7736,
7737,
7738,
7739,
7740,
7741,
7742,
7743,
7744,
7745,
7746,
7747,
7748,
7749,
7750,
7751,
7752,
7753,
7754,
7755,
7756,
7757,
7758,
7759,
7760,
7761,
7762,
7763,
7764,
7765,
7766,
7767,
7768,
7769,
7770,
7771,
7772,
7773,
7774,
7775,
7776,
7777,
7778,
7779,
7780,
7781,
7782,
7783,
7784,
7785,
7786,
7787,
7788,
7789,
7790,
7791,
7792,
7793,
7794,
7795,
7796,
7797,
7798,
7799,
7800,
7801,
7802,
7803,
7804,
7805,
7806,
7807,
7808,
7809,
7810,
7811,
7812,
7813,
7814,
7815,
7816,
7817,
7818,
7819,
7820,
7821,
7822,
7823,
7824,
7825,
7826,
7827,
7828,
7829,
7830,
7831,
7832,
7833,
7834,
7835,
7836,
7837,
7838,
7839,
7840,
7841,
7842,
7843,
7844,
7845,
7846,
7847,
7848,
7849,
7850,
7851,
7852,
7853,
7854,
7855,
7856,
7857,
7858,
7859,
7860,
7861,
7862,
7863,
7864,
7865,
7866,
7867,
7868,
7869,
7870,
7871,
7872,
7873,
7874,
7875,
7876,
7877,
7878,
7879,
7880,
7881,
7882,
7883,
7884,
7885,
7886,
7887,
7888,
7889,
7890,
7891,
7892,
7893,
7894,
7895,
7896,
7897,
7898,
7899,
7900,
7901,
7902,
7903,
7904,
7905,
7906,
7907,
7908,
7909,
7910,
7911,
7912,
7913,
7914,
7915,
7916,
7917,
7918,
7919,
7920,
7921,
7922,
7923,
7924,
7925,
7926,
7927,
7928,
7929,
7930,
7931,
7932,
7933,
7934,
7935,
7936,
7937,
7938,
7939,
7940,
7941,
7942,
7943,
7944,
7945,
7946,
7947,
7948,
7949,
7950,
7951,
7952,
7953,
7954,
7955,
7956,
7957,
7958,
7959,
7960,
7961,
7962,
7963,
7964,
7965,
7966,
7967,
7968,
7969,
7970,
7971,
7972,
7973,
7974,
7975,
7976,
7977,
7978,
7979,
7980,
7981,
7982,
7983,
7984,
7985,
7986,
7987,
7988,
7989,
7990,
7991,
7992,
7993,
7994,
7995,
7996,
7997,
7998,
7999,
8000,
8001,
8002,
8003,
8004,
8005,
8006,
8007,61.54728517864566
8008,24.846706599905733
8009,13.037048718829851
8010,7.945066463670076
8011,8.373502128173282
8012,36.627290727101766
8013,172.73157437731422
8014,510.1470968897291
8015,699.5692937009728
8016,351.1025418202667
8017,199.82379976623835
8018,244.4927528332637
8019,302.6677960627407
8020,297.37988257843756
8021,266.7571894733568
8022,295.88345833186054
8023,431.7757831346487
8024,806.9160331813533
8025,800.0931866824574
8026,618.9989860774318
8027,444.1110650684455
8028,320.12583121470715
8029,220.97620605832296
8030,161.17117336009812
8031,80.1263153812675
8032,34.6595728301471
8033,15.414633845448744
8034,9.118225468792115
8035,7.6513715855023845
8036,36.11553316256094
8037,155.4627964215315
8038,442.8914371611817
8039,680.8035678392358
8040,359.41518235216637
8041,227.35218744308875
8042,283.0637952775745
8043,373.65021096167214
8044,387.69609158352944
8045,373.6606253697249
8046,401.07369963662666
8047,514.4247196392946
8048,788.8173439554809
8049,715.5317347736188
8050,547.2705639808197
8051,408.30641201900414
8052,320.0801161519279
8053,270.0019454589729
8054,208.70342838398628
8055,144.30346176686598
8056,112.26646713477443
8057,77.64870106606779
8058,34.85714410959106
8059,14.29262617756334
8060,17.353538333701767
8061,41.672028027213315
8062,83.3083181226949
8063,205.9179903814548
8064,328.70829875865354
8065,437.4405228343266
8066,553.1972015486857
8067,621.8623718355273
8068,639.3697534309381
8069,625.6377061545535
8070,616.4548593998771
8071,614.0715316106839
8072,580.6783058248262
8073,493.0510053189251
8074,435.6349808819002
8075,289.7534816117958
8076,261.57966793780906
8077,259.12590089615367
8078,208.60227130447873
8079,137.68979855770442
8080,109.40982851491589
8081,76.70143775089912
8082,35.32654959790029
8083,13.27689826120806
8084,14.276724427417394
8085,30.03979483136949
8086,59.999761738037414
8087,149.17583904821757
8088,256.70634921108575
8089,382.014542535782
8090,471.0863856826538
8091,554.7194474780792
8092,552.0739517159677
8093,552.1859505005025
8094,547.36141529864
8095,548.0665688595388
8096,504.88608699921343
8097,447.23298223100267
8098,387.50715061202294
8099,295.9720135490809
8100,225.00991908578754
8101,166.74915072738486
8102,102.14287128265265
8103,35.5315872477572
8104,16.23430160380494
8105,8.9664987405099
8106,4.899654626518641
8107,6.959550439470325
8108,33.58683903551064
8109,108.6092314398921
8110,246.8146813218249
8111,625.4893825034293
8112,310.67260545680176
8113,100.31349104186258
8114,179.63975851850256
8115,143.64229690105455
8116,258.82217182719626
8117,244.80093853574692
8118,269.02074037288037
8119,408.9503094106965
8120,799.6751189424139
8121,784.2265738642066
8122,544.4575603579373
8123,313.37505579695033
8124,232.23628016322226
8125,152.72788570442813
8126,74.24242142196833
8127,31.42605655812734
8128,12.651505412134778
8129,6.669320474498301
8130,5.022445414176763
8131,6.5817779951107775
8132,35.67562497584244
8133,155.97764404941873
8134,487.28332117991545
8135,676.9992695061381
8136,332.2326393861734
8137,183.6751917724831
8138,221.24549328742236
8139,278.4624276761632
8140,265.5711175003728
8141,244.2318886281202
8142,259.0554817014617
8143,418.3329733045297
8144,797.8729399620228
8145,785.8122823293156
8146,581.1733058520107
8147,453.3885336370973
8148,300.1226814786026
8149,211.42065329433134
8150,121.58525878003283
8151,
8152,
8153,
8154,
8155,
8156,
8157,
8158,
8159,
8160,
8161,
8162,
8163,
8164,
8165,
8166,
8167,
8168,
8169,
8170,
8171,
8172,
8173,
8174,
8175,
8176,
8177,
8178,
8179,
8180,
8181,
8182,
8183,
8184,
8185,
8186,
8187,
8188,
8189,
8190,
8191,
8192,
8193,
8194,
8195,
8196,
8197,
8198,
8199,
8200,
8201,
8202,
8203,
8204,
8205,
8206,
8207,
8208,
8209,
8210,
8211,
8212,
8213,
8214,
8215,
8216,
8217,
8218,
8219,
8220,
8221,
8222,
8223,
8224,
8225,
8226,
8227,
8228,
8229,
8230,
8231,
8232,
8233,
8234,
8235,
8236,
8237,
8238,
8239,
8240,
8241,
8242,
8243,
8244,
8245,
8246,
8247,
8248,
8249,
8250,
8251,
8252,
8253,
8254,
8255,
8256,
8257,
8258,
8259,
8260,
8261,
8262,
8263,
8264,
8265,
8266,
8267,
8268,
8269,
8270,
8271,
8272,
8273,
8274,
8275,
8276,
8277,
8278,
8279,
8280,
8281,
8282,
8283,
8284,
8285,
8286,
8287,
8288,
8289,
8290,
8291,
8292,
8293,
8294,
8295,
8296,
8297,
8298,
8299,
8300,
8301,
8302,
8303,
8304,
8305,
8306,
8307,
8308,
8309,
8310,
8311,
8312,
8313,
8314,
8315,
8316,
8317,
8318,
8319,
8320,
8321,
8322,
8323,
8324,
8325,
8326,
8327,
8328,
8329,
8330,
8331,
8332,
8333,
8334,
8335,
8336,
8337,
8338,
8339,
8340,
8341,
8342,
8343,
8344,
8345,
8346,
8347,
8348,
8349,
8350,
8351,
8352,
8353,
8354,
8355,
8356,
8357,
8358,
8359,
8360,
8361,
8362,
8363,
8364,
8365,
8366,
8367,
8368,
8369,
8370,
8371,
8372,
8373,
8374,
8375,
8376,
8377,
8378,
8379,
8380,
8381,
8382,
8383,
8384,
8385,
8386,
8387,
8388,
8389,
8390,
8391,
8392,
8393,
8394,
8395,
8396,
8397,
8398,
8399,
8400,
8401,
8402,
8403,
8404,
8405,
8406,
8407,
8408,
8409,
8410,
8411,
8412,
8413,
8414,
8415,
8416,
8417,
8418,
8419,
8420,
8421,
8422,
8423,
8424,
8425,
8426,
8427,
8428,
8429,
8430,
8431,
8432,
8433,
8434,
8435,
8436,
8437,
8438,
8439,
8440,
8441,
8442,
8443,
8444,
8445,
8446,
8447,
8448,
8449,
8450,
8451,
8452,
8453,
8454,
8455,
8456,
8457,
8458,
8459,
8460,
8461,
8462,
8463,155.76788278647243
8464,117.35369905373432
8465,83.10767788111934
8466,43.15956100039351
8467,10.75715045264127
8468,16.97300166971561
8469,32.00532464772558
8470,77.37792596838723
8471,198.31487030086097
8472,304.04809971391194
8473,380.8089331276329
8474,483.9343716405776
8475,539.5276579707433
8476,528.7205296906229
8477,504.51146957695084
8478,496.71401569499045
8479,412.1126457357829
8480,320.07515101637625
8481,356.5468089688011
8482,276.4580517018883
8483,249.8883709495389
8484,244.43717058416667
8485,249.17530023279707
8486,179.50745940604563
8487,139.24255960398034
8488,96.0563460336409
8489,71.33103207398277
8490,33.51971353619322
8491,11.41430398875662
8492,16.402625365395785
8493,27.839124635144895
8494,60.396479817676386
8495,116.31865753944956
8496,243.4261975305237
8497,355.7913446563556
8498,432.5332021965009
8499,490.8404465601659
8500,484.53095542236537
8501,407.69639881071083
8502,421.4581667946405
8503,442.5815168331072
8504,389.5562950146701
8505,221.92714853858104
8506,230.4666671359928
8507,243.04032531903985
8508,201.38608625664668
8509,168.09170132661103
8510,98.10732078840942
8511,33.57669511167105
8512,17.849835359907555
8513,10.963358598056216
8514,7.187267586438792
8515,7.241220416565318
8516,37.50079064241664
8517,159.76370247314108
8518,453.9835082432575
8519,635.8250870822752
8520,306.98862038309744
8521,184.50059331507038
8522,227.5842199791382
8523,265.7163707003957
8524,251.74948205480555
8525,237.56200252797578
8526,255.66673290570637
8527,391.4869013954898
8528,799.8216395582671
8529,744.3110383327157
8530,579.5920474463469
8531,424.1810224336874
8532,295.1635760865321
8533,204.14583349430507
8534,103.15187999447373
8535,38.24029765317499
8536,15.966766001628677
8537,10.769596683623405
8538,5.9166148207139795
8539,6.013017789503991
8540,41.80319490399365
8541,176.4583848288795
8542,483.68087962195375
8543,638.6851037657132
8544,314.2089869606051
8545,201.23111581716083
8546,231.4653604058396
8547,293.81178127825547
8548,271.34242665239435
8549,242.4990966456634
8550,267.4959720785207
8551,398.67978804645367
8552,733.1488091076766
8553,735.6670100438383
8554,561.0920382164825
8555,450.3663887196454
8556,345.25022684511737
8557,253.38092590595247
8558,125.67999159627105
8559,51.9970543960582
8560,21.299126588704475
8561,9.178565270206962
8562,6.315070385965599
8563,7.950788767257225
8564,44.471187792256856
8565,184.1989062016032
8566,496.2309331243161
8567,660.4096921772098
8568,299.88147340614415
8569,204.18227147486917
8570,241.4022388632999
8571,293.72729309951524
8572,284.1653911792336
8573,248.43728125577928
8574,226.13923205907363
8575,413.5808148838208
8576,786.3360753473306
8577,810.5113607466285
8578,596.4681795999873
8579,486.62253407986003
8580,350.3562906329062
8581,273.1380437282271
8582,155.83939507512557
8583,57.37307036380593
8584,22.192653997579303
8585,13.867106556803439
8586,9.476560582348565
8587,8.478400039577693
8588,44.25990240321222
8589,176.61150839170412
8590,487.01275669003167
8591,659.6967025598335
8592,335.97204395732604
8593,198.12826380955812
8594,237.92720556676315
8595,270.1413818102985
8596,274.8428283485575
8597,237.2567035400815
8598,271.013442681591
8599,414.08132942596524
8600,744.3366890587151
8601,721.7493290834009
8602,574.571468830468
8603,452.03061479995995
8604,136.14406497108172
8605,127.7241502819553
8606,123.8268492584067
8607,
8608,
8609,
8610,
8611,
8612,
8613,
8614,
8615,
8616,
8617,
8618,
8619,
8620,
8621,
8622,
8623,
8624,
8625,
8626,
8627,
8628,
8629,
8630,
8631,
8632,
8633,
8634,
8635,
8636,
8637,
8638,
8639,
8640,
8641,
8642,
8643,
8644,
8645,
8646,
8647,
8648,
8649,
8650,
8651,
8652,
8653,
8654,
8655,
8656,
8657,
8658,
8659,
8660,
8661,
8662,
8663,
8664,
8665,
8666,
8667,
8668,
8669,
8670,
8671,
8672,
8673,
8674,
8675,
8676,
8677,
8678,
8679,
8680,
8681,
8682,
8683,
8684,
8685,
8686,
8687,
8688,
8689,
8690,
8691,
8692,
8693,
8694,
8695,
8696,
8697,
8698,
8699,
8700,
8701,
8702,
8703,
8704,
8705,
8706,
8707,
8708,
8709,
8710,
8711,
8712,
8713,
8714,
8715,
8716,
8717,
8718,
8719,
8720,
8721,
8722,
8723,
8724,
8725,
8726,
8727,
8728,
8729,
8730,
8731,
8732,
8733,
8734,
8735,
8736,
8737,
8738,
8739,
8740,
8741,
8742,
8743,
8744,
8745,
8746,
8747,
8748,
8749,
8750,
8751,
8752,
8753,
8754,
8755,
8756,
8757,
8758,
8759,
8760,
8761,
8762,
8763,
8764,
8765,
8766,
8767,
8768,
8769,
8770,
8771,
8772,
8773,
8774,
8775,
8776,
8777,
8778,
8779,
8780,
8781,
8782,
8783,
8784,
8785,
8786,
8787,
8788,
8789,
8790,
8791,
8792,
8793,
8794,
8795,
8796,
8797,
8798,
8799,
8800,
8801,
8802,
8803,
8804,
8805,
8806,
8807,
8808,
8809,
8810,
8811,
8812,
8813,
8814,
8815,
8816,
8817,
8818,
8819,
8820,
8821,
8822,
8823,
8824,
8825,
8826,
8827,
8828,
8829,
8830,
8831,
8832,
8833,
8834,
8835,
8836,
8837,
8838,
8839,
8840,
8841,
8842,
8843,
8844,
8845,
8846,
8847,
8848,
8849,
8850,
8851,
8852,
8853,
8854,
8855,
8856,
8857,
8858,
8859,
8860,
8861,
8862,
8863,
8864,
8865,
8866,
8867,
8868,
8869,
8870,
8871,
8872,
8873,
8874,
8875,
8876,
8877,
8878,
8879,
8880,
8881,
8882,
8883,
8884,
8885,
8886,
8887,
8888,
8889,
8890,
8891,
8892,
8893,
8894,
8895,
8896,
8897,
8898,
8899,
8900,
8901,
8902,
8903,
8904,
8905,
8906,
8907,
8908,
8909,
8910,
8911,
8912,
8913,
8914,
8915,
8916,
8917,
8918,
8919,41.59338724722657
8920,15.9187375039408
8921,7.3763707982134425
8922,6.101759827565584
8923,6.977321365236203
8924,33.71497968180154
8925,108.63413886051836
8926,467.36412809489525
8927,579.2185596137541
8928,324.49935367047226
8929,174.75859263184364
8930,230.9242543375467
8931,277.5229949354567
8932,272.1165522185298
8933,248.47190113378198
8934,275.98422860985374
8935,432.27324138591354
8936,865.6618190295421
8937,820.7667600574738
8938,607.239713351439
8939,436.84224115019265
8940,311.32958037253206
8941,220.0734739027013
8942,113.64707359248234
8943,58.87863297148057
8944,23.025420219713897
8945,9.99900027967024
8946,8.08881571630674
8947,6.685263854213012
8948,45.304072068449216
8949,186.25850299333425
8950,488.14680801525856
8951,704.058910907268
8952,331.57893689938095
8953,195.8700705742362
8954,214.50674040100887
8955,270.5237794774619
8956,264.5095490471335
8957,243.29452548039393
8958,269.3970160290074
8959,428.5660634432791
8960,843.5723096895672
8961,849.6130249001752
8962,638.8294379342705
8963,474.595812235972
8964,341.51160332710776
8965,260.9021765203455
8966,159.3195042860253
8967,62.03966802249202
8968,25.33567848399926
8969,12.882494719071554
8970,8.684450868717272
8971,7.627822926547313
8972,38.84670494360047
8973,169.14479552753468
8974,493.6189611784784
8975,701.2457035972313
8976,329.6914737397967
8977,205.02284491441387
8978,251.98628952275766
8979,284.2796126868599
8980,272.2939788936589
8981,245.68945245167313
8982,279.61480400662884
8983,438.3288824422622
8984,843.8950140037517
8985,832.8376990635367
8986,620.7597355366233
8987,458.19087849786575
8988,331.8006580673537
8989,277.0157766170649
8990,183.1732174302723
8991,77.57136812659289
8992,31.782910638604857
8993,15.444890052211617
8994,8.891963726514437
8995,6.901932022603036
8996,30.54141307836279
8997,128.0419173034201
8998,371.63843306188903
8999,630.5278349631733
9000,317.75852670135083
9001,201.30202088794385
9002,237.45956807194594
9003,313.18175780166337
9004,314.1586085336207
9005,294.33056188254227
9006,331.01336458718987
9007,428.4197265344426
9008,711.3250387929878
9009,663.2403545856844
9010,419.2795890466097
9011,279.6244125072208
9012,209.85826609227038
9013,112.7691328617727
9014,92.74820468817386
9015,130.83900826855188
9016,74.03767541902437
9017,61.305226619786744
9018,32.284144138543226
9019,14.090715036433615
9020,19.282139231118038
9021,34.55626330222077
9022,78.06868101199319
9023,190.39732035656385
9024,291.4258741834367
9025,401.75316788888483
9026,518.3124244587135
9027,574.9549030871963
9028,568.5791654306903
9029,570.4533723242257
9030,586.2854336595244
9031,577.5834347298724
9032,557.0786910229789
9033,494.6674778064908
9034,391.071063055681
9035,312.6823474529496
9036,273.4910689642194
9037,242.45593333947286
9038,190.56076972024636
9039,150.69322249106105
9040,107.75361684223132
9041,73.68564578921972
9042,33.42079160194074
9043,9.389403047453111
9044,16.210482681594048
9045,20.624832291601006
9046,44.88176395683158
9047,137.28670299573966
9048,247.20979673529786
9049,342.3465562050564
9050,268.37458111309917
9051,400.77447638424957
9052,280.68470513697787
9053,393.79470645629175
9054,474.92007731487644
9055,462.2257735308272
9056,362.0417710774744
9057,301.69223333019676
9058,334.09916098705014
9059,221.83130209408787
9060,134.44030165475272
9061,128.63707952503768
9062,88.55552798078726
9063,
9064,
9065,
9066,
9067,
9068,
9069,
9070,
9071,
9072,
9073,
9074,
9075,
9076,
9077,
9078,
9079,
9080,
9081,
9082,
9083,
9084,
9085,
9086,
9087,
9088,
9089,
9090,
9091,
9092,
9093,
9094,
9095,
9096,
9097,
9098,
9099,
9100,
9101,
9102,
9103,
9104,
9105,
9106,
9107,
9108,
9109,
9110,
9111,
9112,
9113,
9114,
9115,
9116,
9117,
9118,
9119,
9120,
9121,
9122,
9123,
9124,
9125,
9126,
9127,
9128,
9129,
9130,
9131,
9132,
9133,
9134,
9135,
9136,
9137,
9138,
9139,
9140,
9141,
9142,
9143,
9144,
9145,
9146,
9147,
9148,
9149,
9150,
9151,
9152,
9153,
9154,
9155,
9156,
9157,
9158,
9159,
9160,
9161,
9162,
9163,
9164,
9165,
9166,
9167,
9168,
9169,
9170,
9171,
9172,
9173,
9174,
9175,
9176,
9177,
9178,
9179,
9180,
9181,
9182,
9183,
9184,
9185,
9186,
9187,
9188,
9189,
9190,
9191,
9192,
9193,
9194,
9195,
9196,
9197,
9198,
9199,
9200,
9201,
9202,
9203,
9204,
9205,
9206,
9207,
9208,
9209,
9210,
9211,
9212,
9213,
9214,
9215,
9216,
9217,
9218,
9219,
9220,
9221,
9222,
9223,
9224,
9225,
9226,
9227,
9228,
9229,
9230,
9231,
9232,
9233,
9234,
9235,
9236,
9237,
9238,
9239,
9240,
9241,
9242,
9243,
9244,
9245,
9246,
9247,
9248,
9249,
9250,
9251,
9252,
9253,
9254,
9255,
9256,
9257,
9258,
9259,
9260,
9261,
9262,
9263,
9264,
9265,
9266,
9267,
9268,
9269,
9270,
9271,
9272,
9273,
9274,
9275,
9276,
9277,
9278,
9279,
9280,
9281,
9282,
9283,
9284,
9285,
9286,
9287,
9288,
9289,
9290,
9291,
9292,
9293,
9294,
9295,
9296,
9297,
9298,
9299,
9300,
9301,
9302,
9303,
9304,
9305,
9306,
9307,
9308,
9309,
9310,
9311,
9312,
9313,
9314,
9315,
9316,
9317,
9318,
9319,
9320,
9321,
9322,
9323,
9324,
9325,
9326,
9327,
9328,
9329,
9330,
9331,
9332,
9333,
9334,
9335,
9336,
9337,
9338,
9339,
9340,
9341,
9342,
9343,
9344,
9345,
9346,
9347,
9348,
9349,
9350,
9351,
9352,
9353,
9354,
9355,
9356,
9357,
9358,
9359,
9360,
9361,
9362,
9363,
9364,
9365,
9366,
9367,
9368,
9369,
9370,
9371,
9372,
9373,
9374,
9375,82.87139232702717
9376,36.78503217367356
9377,15.868803300948924
9378,10.774184475659167
9379,10.028891403009672
9380,43.20740803432989
9381,155.87240083831745
9382,400.2469920231039
9383,690.5729887357036
9384,363.8557611055982
9385,237.35073720543238
9386,277.8888362296462
9387,361.82066185421417
9388,348.0461582531497
9389,353.04173917727945
9390,398.1063330462085
9391,525.3614125978459
9392,829.0327150750834
9393,759.2044425182949
9394,553.0519399059066
9395,407.81208222646757
9396,301.72427893979665
9397,226.48141876148577
9398,192.92215950980074
9399,155.64272195015664
9400,118.03239182574862
9401,82.00864445313599
9402,41.21370425399204
9403,14.096948720468141
9404,22.805922096880263
9405,37.66507091586369
9406,90.02383774403378
9407,248.31583695432363
9408,356.61103266545683
9409,479.0314917155169
9410,601.4330770806939
9411,683.4873944072681
9412,675.7598064764318
9413,666.040092657658
9414,672.0274040771169
9415,646.0565210385886
9416,611.6091276253525
9417,526.1880449624045
9418,449.2624530125834
9419,327.1660162486039
9420,260.083244125103
9421,223.99506234247687
9422,176.97972799284625
9423,139.31215633527412
9424,112.76281840168731
9425,78.8145680673928
9426,36.26888731622769
9427,15.352979820523814
9428,23.45341595296623
9429,32.02739059620827
9430,71.1825084583654
9431,174.943805440296
9432,289.3009505696601
9433,459.6197893954764
9434,567.9779038614156
9435,647.0388795374181
9436,644.6066386485472
9437,637.1666637150475
9438,636.748464203878
9439,594.6519922446821
9440,615.3510746214646
9441,485.0382327412704
9442,421.0882259998333
9443,308.2941537980208
9444,231.03990129041333
9445,153.4570778830623
9446,97.16314563666855
9447,33.89909736600651
9448,16.522071068600848
9449,7.676283348870532
9450,6.6334269993686314
9451,7.159790378944808
9452,41.51933353687355
9453,179.67974418769003
9454,513.1781115500684
9455,704.7706916054798
9456,326.2232743827872
9457,199.18151784810308
9458,222.90364024728981
9459,273.39564654545387
9460,277.4352997043989
9461,262.57880631365344
9462,294.5867915091504
9463,460.8650461750471
9464,862.6461020251427
9465,849.1397039312366
9466,577.8516610448705
9467,328.3698528089094
9468,145.6315755056315
9469,118.1864046870924
9470,82.27501201990374
9471,24.912783597307815
9472,11.16552030612481
9473,5.771690875354608
9474,4.847313063291507
9475,4.416075297201495
9476,29.936070573786036
9477,136.9100049946634
9478,424.59017037652836
9479,620.2590711032897
9480,318.6494174353179
9481,146.86967209423332
9482,184.75277171671357
9483,142.98845969216927
9484,250.68545385370604
9485,101.01817688722001
9486,182.88585089007938
9487,276.3882935381445
9488,650.6718500773007
9489,697.9111865090955
9490,439.44972664319397
9491,236.03055173208236
9492,195.62316268754523
9493,102.58589580614573
9494,92.51903077363104
9495,50.75273747051874
9496,20.46996461604639
9497,12.28352727060516
9498,8.78589390654903
9499,8.969900712982186
9500,42.293698086770505
9501,193.4624535598961
9502,541.958197222578
9503,750.1876339390299
9504,339.0040144522386
9505,204.14324324562645
9506,248.20915016723814
9507,315.1873216360094
9508,306.7421445771894
9509,282.97573530894977
9510,321.2589342769966
9511,492.60936515564407
9512,906.0647286635343
9513,861.5772016366769
9514,621.8615634264959
9515,417.37895446999823
9516,285.5714757382385
9517,206.18651269887192
9518,126.05573746948002
9519,
9520,
9521,
9522,
9523,
9524,
9525,
9526,
9527,
9528,
9529,
9530,
9531,
9532,
9533,
9534,
9535,
9536,
9537,
9538,
9539,
9540,
9541,
9542,
9543,
9544,
9545,
9546,
9547,
9548,
9549,
9550,
9551,
9552,
9553,
9554,
9555,
9556,
9557,
9558,
9559,
9560,
9561,
9562,
9563,
9564,
9565,
9566,
9567,
9568,
9569,
9570,
9571,
9572,
9573,
9574,
9575,
9576,
9577,
9578,
9579,
9580,
9581,
9582,
9583,
9584,
9585,
9586,
9587,
9588,
9589,
9590,
9591,
9592,
9593,
9594,
9595,
9596,
9597,
9598,
9599,
9600,
9601,
9602,
9603,
9604,
9605,
9606,
9607,
9608,
9609,
9610,
9611,
9612,
9613,
9614,
9615,
9616,
9617,
9618,
9619,
9620,
9621,
9622,
9623,
9624,
9625,
9626,
9627,
9628,
9629,
9630,
9631,
9632,
9633,
9634,
9635,
9636,
9637,
9638,
9639,
9640,
9641,
9642,
9643,
9644,
9645,
9646,
9647,
9648,
9649,
9650,
9651,
9652,
9653,
9654,
9655,
9656,
9657,
9658,
9659,
9660,
9661,
9662,
9663,
9664,
9665,
9666,
9667,
9668,
9669,
9670,
9671,
9672,
9673,
9674,
9675,
9676,
9677,
9678,
9679,
9680,
9681,
9682,
9683,
9684,
9685,
9686,
9687,
9688,
9689,
9690,
9691,
9692,
9693,
9694,
9695,
9696,
9697,
9698,
9699,
9700,
9701,
9702,
9703,
9704,
9705,
9706,
9707,
9708,
9709,
9710,
9711,
9712,
9713,
9714,
9715,
9716,
9717,
9718,
9719,
9720,
9721,
9722,
9723,
9724,
9725,
9726,
9727,
9728,
9729,
9730,
9731,
9732,
9733,
9734,
9735,
9736,
9737,
9738,
9739,
9740,
9741,
9742,
9743,
9744,
9745,
9746,
9747,
9748,
9749,
9750,
9751,
9752,
9753,
9754,
9755,
9756,
9757,
9758,
9759,
9760,
9761,
9762,
9763,
9764,
9765,
9766,
9767,
9768,
9769,
9770,
9771,
9772,
9773,
9774,
9775,
9776,
9777,
9778,
9779,
9780,
9781,
9782,
9783,
9784,
9785,
9786,
9787,
9788,
9789,
9790,
9791,
9792,
9793,
9794,
9795,
9796,
9797,
9798,
9799,
9800,
9801,
9802,
9803,
9804,
9805,
9806,
9807,
9808,
9809,
9810,
9811,
9812,
9813,
9814,
9815,
9816,
9817,
9818,
9819,
9820,
9821,
9822,
9823,
9824,
9825,
9826,
9827,
9828,
9829,
9830,
9831,134.1308590120607
9832,107.93898176817191
9833,67.89135235770969
9834,28.60101201777334
9835,12.687348764130586
9836,13.403228312843867
9837,27.18085981468606
9838,79.20503446620833
9839,183.2791161679503
9840,230.2826489476955
9841,421.9343901763266
9842,535.1790232481356
9843,638.2341219991296
9844,646.6036713670569
9845,626.160315706605
9846,629.7484206974511
9847,648.2841669361026
9848,562.2548135081748
9849,432.4262087593276
9850,331.58549849463486
9851,263.22221901509863
9852,183.06289996813618
9853,136.06066937334742
9854,97.32408093542118
9855,35.51963019099677
9856,17.19910421747751
9857,9.334946815890316
9858,7.448813129813206
9859,12.233774633686455
9860,34.71365398332403
9861,156.70042035187666
9862,455.13404847420645
9863,740.1793555459512
9864,187.83182084032705
9865,183.2611074861117
9866,198.11990154448657
9867,166.65691446103983
9868,187.30691479947998
9869,212.92821175290882
9870,245.9821605932186
9871,445.72382502599476
9872,855.5526885734284
9873,690.88659403707
9874,432.45486363151883
9875,347.01459916731153
9876,247.31636747536854
9877,158.4800173285987
9878,94.25803579466103
9879,38.28769672391667
9880,13.764349154099875
9881,7.828533669337793
9882,6.532791531140176
9883,7.4734510689884335
9884,36.47117580352193
9885,167.6082550591012
9886,480.94904139149276
9887,753.8541025235481
9888,338.9663787572188
9889,202.55915865790672
9890,226.84196911484156
9891,276.9261160675455
9892,286.29797258873094
9893,287.96152134054864
9894,314.36979923241137
9895,489.6624285586396
9896,867.9807331638931
9897,778.2911362295142
9898,532.8244515513926
9899,395.9460974118234
9900,270.014479559638
9901,163.79628389684845
9902,100.27296433330105
9903,51.127332404135466
9904,21.660496306357985
9905,8.235728928489923
9906,6.757456267693415
9907,7.038301496697406
9908,36.989471775692245
9909,169.49866355892013
9910,452.35484053626584
9911,698.9020330372613
9912,368.91488050367786
9913,178.7758784164591
9914,216.17079511162717
9915,302.36477456498295
9916,303.6268970279154
9917,279.98796025682583
9918,319.5538068321097
9919,473.6311337116059
9920,860.7770025367719
9921,803.0580030916198
9922,564.1785781675878
9923,420.5917469477299
9924,248.95457142791554
9925,187.13564299100778
9926,131.63462020225455
9927,49.708861915344514
9928,21.30309605402388
9929,10.158121778776644
9930,7.5755766507403415
9931,7.7640145385495405
9932,37.91449880862934
9933,160.0348194585143
9934,459.004472497975
9935,736.9779711156492
9936,379.0577027887756
9937,207.19111672391037
9938,231.21091521393038
9939,311.2557390515701
9940,308.56694462178586
9941,281.5419910135543
9942,313.06946644392093
9943,499.0985690263911
9944,844.8148642520933
9945,778.6818224830074
9946,507.12644527863495
9947,358.4799214647126
9948,256.07101833307865
9949,198.13467306718596
9950,152.40116080592637
9951,76.69340166390475
9952,31.301157004800977
9953,13.571824135462661
9954,10.295887322518862
9955,9.905946398478932
9956,33.32482325100317
9957,90.67526373532858
9958,163.05033008649414
9959,629.3463607399913
9960,334.21456008742433
9961,180.30174113421066
9962,249.9502513544701
9963,358.53847029252177
9964,341.5162020151282
9965,337.7463610695315
9966,374.0244866627238
9967,438.9730638457577
9968,797.7882891327085
9969,637.6657414374719
9970,465.4691946612504
9971,349.4375245975468
9972,255.0589233660142
9973,223.67126032914715
9974,188.0152367744978
9975,
9976,
9977,
9978,
9979,
9980,
9981,
9982,
9983,
9984,
9985,
9986,
9987,
9988,
9989,
9990,
9991,
9992,
9993,
9994,
9995,
9996,
9997,
9998,
9999,
10000,
10001,
10002,
10003,
10004,
10005,
10006,
10007,
10008,
10009,
10010,
10011,
10012,
10013,
10014,
10015,
10016,
10017,
10018,
10019,
10020,
10021,
10022,
10023,
10024,
10025,
10026,
10027,
10028,
10029,
10030,
10031,
10032,
10033,
10034,
10035,
10036,
10037,
10038,
10039,
10040,
10041,
10042,
10043,
10044,
10045,
10046,
10047,
10048,
10049,
10050,
10051,
10052,
10053,
10054,
10055,
10056,
10057,
10058,
10059,
10060,
10061,
10062,
10063,
10064,
10065,
10066,
10067,
10068,
10069,
10070,
10071,
10072,
10073,
10074,
10075,
10076,
10077,
10078,
10079,
10080,
10081,
10082,
10083,
10084,
10085,
10086,
10087,
10088,
10089,
10090,
10091,
10092,
10093,
10094,
10095,
10096,
10097,
10098,
10099,
10100,
10101,
10102,
10103,
10104,
10105,
10106,
10107,
10108,
10109,
10110,
10111,
10112,
10113,
10114,
10115,
10116,
10117,
10118,
10119,
10120,
10121,
10122,
10123,
10124,
10125,
10126,
10127,
10128,
10129,
10130,
10131,
10132,
10133,
10134,
10135,
10136,
10137,
10138,
10139,
10140,
10141,
10142,
10143,
10144,
10145,
10146,
10147,
10148,
10149,
10150,
10151,
10152,
10153,
10154,
10155,
10156,
10157,
10158,
10159,
10160,
10161,
10162,
10163,
10164,
10165,
10166,
10167,
10168,
10169,
10170,
10171,
10172,
10173,
10174,
10175,
10176,
10177,
10178,
10179,
10180,
10181,
10182,
10183,
10184,
10185,
10186,
10187,
10188,
10189,
10190,
10191,
10192,
10193,
10194,
10195,
10196,
10197,
10198,
10199,
10200,
10201,
10202,
10203,
10204,
10205,
10206,
10207,
10208,
10209,
10210,
10211,
10212,
10213,
10214,
10215,
10216,
10217,
10218,
10219,
10220,
10221,
10222,
10223,
10224,
10225,
10226,
10227,
10228,
10229,
10230,
10231,
10232,
10233,
10234,
10235,
10236,
10237,
10238,
10239,
10240,
10241,
10242,
10243,
10244,
10245,
10246,
10247,
10248,
10249,
10250,
10251,
10252,
10253,
10254,
10255,
10256,
10257,
10258,
10259,
10260,
10261,
10262,
10263,
10264,
10265,
10266,
10267,
10268,
10269,
10270,
10271,
10272,
10273,
10274,
10275,
10276,
10277,
10278,
10279,
10280,
10281,
10282,
10283,
10284,
10285,
10286,48.060489292341906
10287,16.554929204584223
10288,7.803967619363768
10289,4.9056864972569585
10290,5.829335500203361
10291,28.537158957577518
10292,128.46073892851797
10293,365.7332409846974
10294,648.629857445163
10295,301.39276663918764
10296,153.57166311005628
10297,172.84742734236642
10298,245.67522817500253
10299,222.55669372373757
10300,215.30218756340386
10301,224.4904380210128
10302,349.6188806975861
10303,576.7254367521621
10304,540.035036795939
10305,388.5628795933846
10306,266.68086085969503
10307,208.14225293751045
10308,151.83751983251358
10309,87.15626297756617
10310,35.348340707849694
10311,16.46325079067835
10312,8.826866235679987
10313,4.59701804953167
10314,6.419991572663668
10315,28.467451811539433
10316,112.61013979584206
10317,347.85036225402155
10318,606.4873445576949
10319,318.6334665909237
10320,157.0564000913602
10321,187.24201639931238
10322,241.04946749281362
10323,238.31995622468725
10324,217.31467608525884
10325,250.6921081303298
10326,338.3930336636712
10327,604.4141796073723
10328,566.1036659249686
10329,384.58897918971263
10330,286.03949298998634
10331,177.67686207855897
10332,140.87270210718344
10333,104.14349601663493
10334,61.19202111388628
10335,20.459016778882198
10336,9.967487279185296
10337,5.58159816920498
10338,6.53033130397388
10339,26.828928901466085
10340,112.84141539866742
10341,312.75706394475566
10342,605.4473976962978
10343,350.18321893982915
10344,191.17786061109172
10345,230.94889203987137
10346,290.38162955138745
10347,304.8975106908002
10348,305.01741325597555
10349,346.41112297226465
10350,419.87726674899267
10351,602.9679117553102
10352,523.6049073544768
10353,368.96609105975557
10354,250.8830623459986
10355,193.64493435739683
10356,145.11445201955553
10357,111.17236075044497
10358,101.50334228568317
10359,84.2095730783898
10360,52.206560127919865
10361,18.628301831016174
10362,7.533501680168833
10363,8.495813430170875
10364,21.144629279828525
10365,64.28380286165122
10366,153.15930186159662
10367,246.20594925585272
10368,343.62396592660485
10369,445.1995201936472
10370,522.2320143896659
10371,547.1652886815197
10372,537.8615095451328
10373,541.8513508386064
10374,484.9102142002331
10375,419.54354417156856
10376,331.30404728853483
10377,251.28622415286816
10378,208.24234902560195
10379,163.1479733219651
10380,147.58941421001862
10381,115.24979922814327
10382,104.64184331939144
10383,92.14939641195468
10384,60.05377082348651
10385,25.08501003360462
10386,8.890323418090297
10387,10.885170239252362
10388,19.768460817781428
10389,57.814190334437704
10390,126.13984886553229
10391,193.62657973684946
10392,301.85177249564066
10393,392.49258583854674
10394,445.0938226302009
10395,430.5441455999541
10396,424.64300729720384
10397,462.3820706847502
10398,396.4882287977496
10399,349.928585410921
10400,285.7212281860074
10401,220.87809997508822
10402,164.63499485239853
10403,131.49045883123978
10404,100.48689345085575
10405,67.32106495540833
10406,24.314208742138906
10407,8.691533691961999
10408,6.977691730603339
10409,4.944141681985179
10410,8.877079735964646
10411,32.357096363343665
10412,132.59375979343926
10413,393.5326251904501
10414,661.7457911678662
10415,329.26860769167894
10416,150.0385637914712
10417,173.6057632334775
10418,218.85085394573895
10419,228.34325538897886
10420,212.20139949827595
10421,248.29220156963746
10422,371.159407395606
10423,645.5050834953814
10424,577.2003229861742
10425,417.5664361548275
10426,278.0188579589498
10427,191.57245232473252
10428,134.1875914123849
10429,73.70092429106782
10430,
10431,
10432,
10433,
10434,
10435,
10436,
10437,
10438,
10439,
10440,
10441,
10442,
10443,
10444,
10445,
10446,
10447,
10448,
10449,
10450,
10451,
10452,
10453,
10454,
10455,
10456,
10457,
10458,
10459,
10460,
10461,
10462,
10463,
10464,
10465,
10466,
10467,
10468,
10469,
10470,
10471,
10472,
10473,
10474,
10475,
10476,
10477,
10478,
10479,
10480,
10481,
10482,
10483,
10484,
10485,
10486,
10487,
10488,
10489,
10490,
10491,
10492,
10493,
10494,
10495,
10496,
10497,
10498,
10499,
10500,
10501,
10502,
10503,
10504,
10505,
10506,
10507,
10508,
10509,
10510,
10511,
10512,
10513,
10514,
10515,
10516,
10517,
10518,
10519,
10520,
10521,
10522,
10523,
10524,
10525,
10526,
10527,
10528,
10529,
10530,
10531,
10532,
10533,
10534,
10535,
10536,
10537,
10538,
10539,
10540,
10541,
10542,
10543,
10544,
10545,
10546,
10547,
10548,
10549,
10550,
10551,
10552,
10553,
10554,
10555,
10556,
10557,
10558,
10559,
10560,
10561,
10562,
10563,
10564,
10565,
10566,
10567,
10568,
10569,
10570,
10571,
10572,
10573,
10574,
10575,
10576,
10577,
10578,
10579,
10580,
10581,
10582,
10583,
10584,
10585,
10586,
10587,
10588,
10589,
10590,
10591,
10592,
10593,
10594,
10595,
10596,
10597,
10598,
10599,
10600,
10601,
10602,
10603,
10604,
10605,
10606,
10607,
10608,
10609,
10610,
10611,
10612,
10613,
10614,
10615,
10616,
10617,
10618,
10619,
10620,
10621,
10622,
10623,
10624,
10625,
10626,
10627,
10628,
10629,
10630,
10631,
10632,
10633,
10634,
10635,
10636,
10637,
10638,
10639,
10640,
10641,
10642,
10643,
10644,
10645,
10646,
10647,
10648,
10649,
10650,
10651,
10652,
10653,
10654,
10655,
10656,
10657,
10658,
10659,
10660,
10661,
10662,
10663,
10664,
10665,
10666,
10667,
10668,
10669,
10670,
10671,
10672,
10673,
10674,
10675,
10676,
10677,
10678,
10679,
10680,
10681,
10682,
10683,
10684,
10685,
10686,
10687,
10688,
10689,
10690,
10691,
10692,
10693,
10694,
10695,
10696,
10697,
10698,
10699,
10700,
10701,
10702,
10703,
10704,
10705,
10706,
10707,
10708,
10709,
10710,
10711,
10712,
10713,
10714,
10715,
10716,
10717,
10718,
10719,
10720,
10721,
10722,
10723,
10724,
10725,
10726,
10727,
10728,
10729,
10730,
10731,
10732,
10733,
10734,
10735,
10736,
10737,
10738,
10739,
10740,
10741,
10742,51.134625012631815
10743,21.45138052114976
10744,8.573342166503346
10745,5.265316855227248
10746,6.020969687795718
10747,26.306142388605938
10748,104.47306648982025
10749,328.6619956111055
10750,635.9129946744895
10751,330.08235152983576
10752,159.76853904854113
10753,207.67714794520901
10754,286.3118358463278
10755,284.914381039096
10756,281.9155972918652
10757,327.11024890031916
10758,399.94248795558326
10759,595.6417159803726
10760,517.5006979252386
10761,376.7372072364633
10762,243.99039542751035
10763,173.6820233137096
10764,142.81520981571697
10765,119.64630192252633
10766,113.78810037006103
10767,82.71405778732728
10768,52.50542866068057
10769,18.48684178322529
10770,8.288915303183868
10771,7.5145412580045745
10772,14.513683974218358
10773,38.121570668505655
10774,120.76503261971675
10775,213.69424995997733
10776,319.26979510180075
10777,431.57026349873155
10778,514.8226276597248
10779,506.0862580325266
10780,506.973166011259
10781,531.5599158574535
10782,484.2945716085296
10783,421.5866095230495
10784,348.25306301130655
10785,262.40701199933727
10786,209.06586935974366
10787,199.59731449202624
10788,164.02251431969748
10789,128.46340557570144
10790,108.30188194517832
10791,73.73107980621884
10792,64.9125838308336
10793,26.688086818947266
10794,11.021102716939357
10795,9.63260226825756
10796,18.231812909562798
10797,49.909714677063526
10798,116.08170430481556
10799,168.17317332054714
10800,234.32410060708708
10801,312.08917381791105
10802,355.0981881821625
10803,372.4503647896833
10804,365.58325967034284
10805,356.7919329127575
10806,345.11913869912183
10807,276.33700221211916
10808,179.29557263672137
10809,188.05136617972394
10810,130.98560912745523
10811,112.4161743763875
10812,93.06284672498593
10813,67.81446082146141
10814,23.39091281872964
10815,9.331955658583713
10816,5.117906936093053
10817,5.1967543869133355
10818,5.4632043604026
10819,34.209182150229054
10820,132.14896959817838
10821,385.7397549056217
10822,633.4630170490868
10823,324.86898526150276
10824,144.2531551469299
10825,179.80176693838442
10826,216.80509196395585
10827,227.53431244063466
10828,203.67209210941542
10829,238.87985124361174
10830,292.01068605723094
10831,497.28645313681034
10832,504.01681078799317
10833,421.95720559316686
10834,236.76601760576506
10835,198.88818082497485
10836,136.45448692724483
10837,72.48095813287992
10838,26.80463457657249
10839,9.971716551384063
10840,4.770671906708683
10841,6.06268202995422
10842,8.393608763262408
10843,37.601765371815304
10844,142.9606293307568
10845,423.08858404233564
10846,664.5462816762771
10847,342.59706636013414
10848,159.33698481376646
10849,216.03161564475624
10850,211.7868809863145
10851,260.5969490613409
10852,237.65066142223776
10853,270.4743369468443
10854,360.9449681103246
10855,601.1936254142347
10856,559.4074985780912
10857,402.2589238718791
10858,279.2721453147307
10859,216.56888984428383
10860,141.35265987234655
10861,84.53589131246818
10862,39.2343817861219
10863,16.468439604217966
10864,7.421207473134899
10865,5.383656487598587
10866,5.973726940795064
10867,31.632996815803956
10868,126.50166687526243
10869,385.91125010378835
10870,650.0739391488236
10871,316.49796630031074
10872,154.86015409874489
10873,192.69452279085738
10874,237.93349725282346
10875,246.53504936959519
10876,224.29707395827455
10877,253.3140339050869
10878,362.9099216917385
10879,589.7741626269994
10880,550.1791792898321
10881,404.4385912368672
10882,289.50443943003575
10883,210.7715048418183
10884,157.65359090173715
10885,86.80508113348397
