row_index,oof_pred
0,18.24225180062578
1,8.367257560394576
2,4.990369649571097
3,
4,
5,
6,
7,
8,21.26293056100098
9,9.596147681816483
10,5.913864974538799
11,
12,
13,
14,
15,
16,19.693027594543178
17,9.001951237090555
18,5.49449925570133
19,
20,
21,
22,
23,
24,17.856298454921706
25,7.982190211191449
26,5.083208404185426
27,
28,
29,
30,
31,
32,14.842511100944783
33,6.900768696981457
34,4.36080933393244
35,
36,
37,
38,
39,
40,17.504503110040126
41,8.092400840665837
42,4.995436056306131
43,
44,
45,
46,
47,
48,17.072777249568013
49,7.953742031608501
50,4.9103179136057085
51,
52,
53,
54,
55,
56,25.745338662095886
57,11.744124906460534
58,6.825097423941474
59,
60,
61,
62,
63,
64,29.43219705055517
65,13.079014059035455
66,7.295179881042117
67,
68,
69,
70,
71,
72,15.288917461728511
73,7.395923740732279
74,4.272596259000573
75,
76,
77,
78,
79,
80,21.406706057617054
81,9.777114219569281
82,5.735057063943796
83,
84,
85,
86,
87,
88,13.335155321331
89,6.0508823994587395
90,3.287540399284624
91,
92,
93,
94,
95,
96,15.642615212482106
97,7.040371123404037
98,4.366006443798484
99,
100,
101,
102,
103,
104,17.60023051664999
105,8.148898649189546
106,4.957787506182192
107,
108,
109,
110,
111,
112,18.954894864849415
113,8.631759267763858
114,5.331345347208522
115,
116,
117,
118,
119,
120,26.200832086405217
121,12.180084042740106
122,7.3562705859164526
123,
124,
125,
126,
127,
128,15.444486037705007
129,7.235299782514138
130,4.453925004503694
131,
132,
133,
134,
135,
136,40.19819361276337
137,17.8995937736309
138,10.42161887426789
139,
140,
141,
142,
143,
144,20.641899536097057
145,9.257644436114923
146,5.515659050595846
147,
148,
149,
150,
151,
152,24.009132743812085
153,11.334139836498903
154,6.274803851846542
155,
156,
157,
158,
159,
160,38.02193521870869
161,16.964514541150223
162,9.78973593592483
163,
164,
165,
166,
167,
168,32.744133093202166
169,14.236231619226587
170,8.817577748732804
171,
172,
173,
174,
175,
176,21.06768752900213
177,9.146604362421364
178,5.374549888338093
179,
180,
181,
182,
183,
184,14.99690738128679
185,6.760610269469291
186,3.9485136729973296
187,
188,
189,
190,
191,
192,28.072788007442124
193,11.945190800432725
194,6.980519462809906
195,
196,
197,
198,
199,
200,22.0154922292092
201,9.906022771817147
202,6.087071705153293
203,
204,
205,
206,
207,
208,15.523980296720902
209,7.370544122137058
210,4.3637581580799765
211,
212,
213,
214,
215,
216,22.058032613544587
217,10.122946114968515
218,5.871728708304085
219,
220,
221,
222,
223,
224,14.605766357675444
225,6.198782271668812
226,3.7327622053969955
227,
228,
229,
230,
231,
232,14.746813535633047
233,6.514728151864154
234,4.024141018085305
235,
236,
237,
238,
239,
240,31.58690129717148
241,13.56640419767575
242,8.278981833940765
243,
244,
245,
246,
247,
248,15.473346281651652
249,7.234229902701988
250,4.384660521024223
251,
252,
253,
254,
255,
256,34.61610844878554
257,14.04636187946698
258,8.448880916580626
259,
260,
261,
262,
263,
264,23.308338766062345
265,10.475867485671065
266,6.267333927799695
267,
268,
269,
270,
271,
272,16.69523770160545
273,7.6186786397605575
274,4.635420246623621
275,
276,
277,
278,
279,
280,42.895566982910495
281,19.663138914690006
282,11.425942510047902
283,
284,
285,
286,
287,
288,19.700061911793114
289,9.114863133593714
290,5.4794076891999905
291,
292,
293,
294,
295,
296,24.07763712980508
297,10.474812457231906
298,6.479518282946878
299,
300,
301,
302,
303,
304,29.093300907205556
305,12.46123520535915
306,7.53336265277006
307,
308,
309,
310,
311,
312,21.26012387004207
313,9.461070286368974
314,5.499167475189962
315,
316,
317,
318,
319,
320,23.93828568928049
321,10.816734405128505
322,6.535858812260257
323,
324,
325,
326,
327,
328,15.222520443136306
329,6.774434418902293
330,3.9780029578552987
331,
332,
333,
334,
335,
336,35.90573265013384
337,16.141388211831007
338,9.379721354708966
339,
340,
341,
342,
343,
344,14.39648768918745
345,6.4656186912728675
346,3.8738912817205824
347,
348,
349,
350,
351,
352,15.31121873921376
353,6.851023750535514
354,4.440688126001068
355,
356,
357,
358,
359,
360,23.593238767111384
361,10.334855637124022
362,6.109815326404349
363,
364,
365,
366,
367,
368,26.379773116946335
369,11.719034914171848
370,6.871431164137844
371,
372,
373,
374,
375,
376,17.809529231006326
377,8.14015420373008
378,4.7803666835192455
379,
380,
381,
382,
383,
384,19.537933563417266
385,8.581134823014763
386,5.147107608251282
387,
388,
389,
390,
391,
392,57.31514456840702
393,26.636405744168894
394,15.397727857099046
395,
396,
397,
398,
399,
400,15.778466727101895
401,6.865646645852809
402,4.4533184588913475
403,
404,
405,
406,
407,
408,
409,
410,
411,
412,
413,
414,
415,
416,
417,
418,
419,
420,
421,
422,
423,
424,
425,
426,
427,
428,
429,
430,
431,
432,
433,
434,
435,
436,
437,
438,
439,
440,
441,
442,
443,
444,
445,
446,
447,
448,
449,
450,
451,
452,
453,
454,
455,
456,
457,
458,
459,
460,
461,
462,
463,
464,
465,
466,
467,
468,
469,
470,
471,
472,
473,
474,
475,
476,
477,
478,
479,
480,
481,
482,
483,
484,
485,
486,
487,
488,
489,
490,
491,
492,
493,
494,
495,
496,
497,
498,
499,
500,
501,
502,
503,
504,
505,
506,
507,
508,
509,
510,
511,
512,
513,
514,
515,
516,
517,
518,
519,
520,
521,
522,
523,
524,
525,
526,
527,
528,
529,
530,
531,
532,
533,
534,
535,
536,
537,
538,
539,
540,
541,
542,
543,
544,
545,
546,
547,
548,
549,
550,
551,
552,
553,
554,
555,
556,
557,
558,
559,
560,
561,
562,
563,
564,
565,
566,
567,
568,
569,
570,
571,
572,
573,
574,
575,
576,
577,
578,
579,
580,
581,
582,
583,
584,
585,
586,
587,
588,
589,
590,
591,
592,
593,
594,
595,
596,
597,
598,
599,
600,
601,
602,
603,
604,
605,
606,
607,
608,
609,
610,
611,
612,
613,
614,
615,
616,
617,
618,
619,
620,
621,
622,
623,
624,
625,
626,
627,
628,
629,
630,
631,
632,
633,
634,
635,
636,
637,
638,
639,
640,
641,
642,
643,
644,
645,
646,
647,
648,
649,
650,
651,
652,
653,
654,
655,
656,
657,
658,
659,
660,
661,
662,
663,
664,
665,
666,
667,
668,
669,
670,
671,
672,
673,
674,
675,
676,
677,
678,
679,
680,
681,
682,
683,
684,
685,
686,
687,
688,
689,
690,
691,
692,
693,
694,
695,
696,
697,
698,
699,
700,
701,
702,
703,
704,
705,
706,
707,
708,
709,
710,
711,
712,
713,
714,
715,
716,
717,
718,
719,
720,
721,
722,
723,
724,
725,
726,
727,
728,
729,
730,
731,
732,
733,
734,
735,
736,
737,
738,
739,
740,
741,
742,
743,
744,
745,
746,
747,
748,
749,
750,
751,
752,
753,
754,
755,
756,
757,
758,
759,
760,
761,
762,
763,
764,
765,
766,
767,
768,
769,
770,
771,
772,
773,
774,
775,
776,
777,
778,
779,
780,
781,
782,
783,
784,
785,
786,
787,
788,
789,
790,
791,
792,
793,
794,
795,
796,
797,
798,
799,
800,
801,
802,
803,
804,
805,
806,
807,
808,
809,
810,
811,
812,
813,
814,
815,
816,17.762991417749117
817,8.104780418389387
818,4.94608768542875
819,
820,
821,
822,
823,
824,19.482512020166045
825,9.075842423537484
826,5.656002665896637
827,
828,
829,
830,
831,
832,18.4326423126704
833,8.699600189040455
834,5.227992297155422
835,
836,
837,
838,
839,
840,16.7387684484963
841,7.884747158799235
842,5.02086660905524
843,
844,
845,
846,
847,
848,15.447905519403173
849,7.074881827356431
850,4.376427055967189
851,
852,
853,
854,
855,
856,17.3160068320854
857,8.248044970412352
858,4.93131714845958
859,
860,
861,
862,
863,
864,16.815999696310346
865,8.096118228450527
866,4.814193524763483
867,
868,
869,
870,
871,
872,25.637635770440532
873,11.56267317663458
874,6.969928158455801
875,
876,
877,
878,
879,
880,27.914760012924578
881,12.62326090086723
882,7.1895545503306755
883,
884,
885,
886,
887,
888,14.850912744140288
889,7.157658060290578
890,4.140868888750284
891,
892,
893,
894,
895,
896,20.488827733203376
897,9.455107285562969
898,5.560603309567904
899,
900,
901,
902,
903,
904,12.910083935488833
905,5.884021212240718
906,3.428504266829396
907,
908,
909,
910,
911,
912,15.240055640971185
913,6.91404686058941
914,4.209773934229216
915,
916,
917,
918,
919,
920,16.7015226386953
921,7.802664909804315
922,4.734610573739032
923,
924,
925,
926,
927,
928,19.083049293752836
929,8.561597929227581
930,5.2306231717185385
931,
932,
933,
934,
935,
936,26.169614620945204
937,11.874493003895267
938,7.125928330039336
939,
940,
941,
942,
943,
944,14.863709217203821
945,7.125369567895861
946,4.360715650152109
947,
948,
949,
950,
951,
952,40.04989965861921
953,17.9406157555594
954,10.440912460476525
955,
956,
957,
958,
959,
960,19.24761262015015
961,8.680960512948332
962,5.294741479946457
963,
964,
965,
966,
967,
968,24.35898306873329
969,11.826743664929817
970,6.359078211932979
971,
972,
973,
974,
975,
976,35.85920097376746
977,16.55987748234374
978,9.808099665581329
979,
980,
981,
982,
983,
984,31.818185450121124
985,14.284395575598065
986,8.991448922273662
987,
988,
989,
990,
991,
992,20.89961084640982
993,9.26604713202034
994,5.370763345039954
995,
996,
997,
998,
999,
1000,14.92217272790927
1001,6.875986376823643
1002,3.874726580145915
1003,
1004,
1005,
1006,
1007,
1008,27.239941877672457
1009,11.874111464380755
1010,6.86376257297147
1011,
1012,
1013,
1014,
1015,
1016,20.689766730066513
1017,9.319951746806801
1018,5.743237126979959
1019,
1020,
1021,
1022,
1023,
1024,15.542285244014966
1025,7.342599426302062
1026,4.242309962914607
1027,
1028,
1029,
1030,
1031,
1032,21.01794519852931
1033,9.753173956601493
1034,5.6369420019742025
1035,
1036,
1037,
1038,
1039,
1040,13.857940280063328
1041,6.313328096620303
1042,3.7083439425363114
1043,
1044,
1045,
1046,
1047,
1048,14.603050162135634
1049,6.394247037299574
1050,3.9677848661017783
1051,
1052,
1053,
1054,
1055,
1056,30.606139204832218
1057,13.604121559541857
1058,8.303757510778562
1059,
1060,
1061,
1062,
1063,
1064,15.349628944955313
1065,7.215103625508801
1066,4.300500609817975
1067,
1068,
1069,
1070,
1071,
1072,33.363933618135896
1073,14.149078160049756
1074,8.631238967677296
1075,
1076,
1077,
1078,
1079,
1080,22.73956749791682
1081,10.339583518505881
1082,6.225396727650401
1083,
1084,
1085,
1086,
1087,
1088,16.157247266173716
1089,7.6157058065087515
1090,4.574625930968449
1091,
1092,
1093,
1094,
1095,
1096,42.88544434567633
1097,19.973864139416097
1098,11.482375716641824
1099,
1100,
1101,
1102,
1103,
1104,18.74513965449594
1105,8.63400952963504
1106,5.204979957352722
1107,
1108,
1109,
1110,
1111,
1112,23.544821195783697
1113,10.789060697645873
1114,6.5259689070668445
1115,
1116,
1117,
1118,
1119,
1120,28.002851938732594
1121,12.140047908656085
1122,7.297065782455274
1123,
1124,
1125,
1126,
1127,
1128,20.297884399812062
1129,9.253879947313578
1130,5.411009706208172
1131,
1132,
1133,
1134,
1135,
1136,22.25333139985637
1137,10.160333883650548
1138,6.17339013546431
1139,
1140,
1141,
1142,
1143,
1144,14.843297045621705
1145,6.488356406292348
1146,3.8967861950596645
1147,
1148,
1149,
1150,
1151,
1152,32.97984846009385
1153,15.467902889545885
1154,9.198557619472956
1155,
1156,
1157,
1158,
1159,
1160,14.03236907569868
1161,6.513919607854463
1162,3.7270884967642575
1163,
1164,
1165,
1166,
1167,
1168,15.349086376085207
1169,6.713804125083351
1170,4.3142951655568025
1171,
1172,
1173,
1174,
1175,
1176,22.544597508018683
1177,9.963608331029723
1178,5.898381627973098
1179,
1180,
1181,
1182,
1183,
1184,24.71573005490994
1185,11.288360878539915
1186,6.502654375104647
1187,
1188,
1189,
1190,
1191,
1192,17.051436801168553
1193,8.11806179870314
1194,4.707635771270624
1195,
1196,
1197,
1198,
1199,
1200,19.452213940336588
1201,8.482455812373948
1202,5.172286443343801
1203,
1204,
1205,
1206,
1207,
1208,58.51683799436752
1209,26.631652907182932
1210,14.723188573982702
1211,
1212,
1213,
1214,
1215,
1216,15.65028555424707
1217,7.071303333855815
1218,4.478509743278574
1219,
1220,
1221,
1222,
1223,
1224,
1225,
1226,
1227,
1228,
1229,
1230,
1231,
1232,
1233,
1234,
1235,
1236,
1237,
1238,
1239,
1240,
1241,
1242,
1243,
1244,
1245,
1246,
1247,
1248,
1249,
1250,
1251,
1252,
1253,
1254,
1255,
1256,
1257,
1258,
1259,
1260,
1261,
1262,
1263,
1264,
1265,
1266,
1267,
1268,
1269,
1270,
1271,
1272,
1273,
1274,
1275,
1276,
1277,
1278,
1279,
1280,
1281,
1282,
1283,
1284,
1285,
1286,
1287,
1288,
1289,
1290,
1291,
1292,
1293,
1294,
1295,
1296,
1297,
1298,
1299,
1300,
1301,
1302,
1303,
1304,
1305,
1306,
1307,
1308,
1309,
1310,
1311,
1312,
1313,
1314,
1315,
1316,
1317,
1318,
1319,
1320,
1321,
1322,
1323,
1324,
1325,
1326,
1327,
1328,
1329,
1330,
1331,
1332,
1333,
1334,
1335,
1336,
1337,
1338,
1339,
1340,
1341,
1342,
1343,
1344,
1345,
1346,
1347,
1348,
1349,
1350,
1351,
1352,
1353,
1354,
1355,
1356,
1357,
1358,
1359,
1360,
1361,
1362,
1363,
1364,
1365,
1366,
1367,
1368,
1369,
1370,
1371,
1372,
1373,
1374,
1375,
1376,
1377,
1378,
1379,
1380,
1381,
1382,
1383,
1384,
1385,
1386,
1387,
1388,
1389,
1390,
1391,
1392,
1393,
1394,
1395,
1396,
1397,
1398,
1399,
1400,
1401,
1402,
1403,
1404,
1405,
1406,
1407,
1408,
1409,
1410,
1411,
1412,
1413,
1414,
1415,
1416,
1417,
1418,
1419,
1420,
1421,
1422,
1423,
1424,
1425,
1426,
1427,
1428,
1429,
1430,
1431,
1432,
1433,
1434,
1435,
1436,
1437,
1438,
1439,
1440,
1441,
1442,
1443,
1444,
1445,
1446,
1447,
1448,
1449,
1450,
1451,
1452,
1453,
1454,
1455,
1456,
1457,
1458,
1459,
1460,
1461,
1462,
1463,
1464,
1465,
1466,
1467,
1468,
1469,
1470,
1471,
1472,
1473,
1474,
1475,
1476,
1477,
1478,
1479,
1480,
1481,
1482,
1483,
1484,
1485,
1486,
1487,
1488,
1489,
1490,
1491,
1492,
1493,
1494,
1495,
1496,
1497,
1498,
1499,
1500,
1501,
1502,
1503,
1504,
1505,
1506,
1507,
1508,
1509,
1510,
1511,
1512,
1513,
1514,
1515,
1516,
1517,
1518,
1519,
1520,
1521,
1522,
1523,
1524,
1525,
1526,
1527,
1528,
1529,
1530,
1531,
1532,
1533,
1534,
1535,
1536,
1537,
1538,
1539,
1540,
1541,
1542,
1543,
1544,
1545,
1546,
1547,
1548,
1549,
1550,
1551,
1552,
1553,
1554,
1555,
1556,
1557,
1558,
1559,
1560,
1561,
1562,
1563,
1564,
1565,
1566,
1567,
1568,
1569,
1570,
1571,
1572,
1573,
1574,
1575,
1576,
1577,
1578,
1579,
1580,
1581,
1582,
1583,
1584,
1585,
1586,
1587,
1588,
1589,
1590,
1591,
1592,
1593,
1594,
1595,
1596,
1597,
1598,
1599,
1600,
1601,
1602,
1603,
1604,
1605,
1606,
1607,
1608,
1609,
1610,
1611,
1612,
1613,
1614,
1615,
1616,
1617,
1618,
1619,
1620,
1621,
1622,
1623,
1624,
1625,
1626,
1627,
1628,
1629,
1630,
1631,
1632,
1633,
1634,
1635,
1636,
1637,
1638,
1639,
1640,
1641,
1642,
1643,
1644,
1645,
1646,
1647,
1648,
1649,
1650,
1651,
1652,
1653,
1654,
1655,
1656,
1657,
1658,
1659,
1660,
1661,
1662,
1663,
1664,
1665,
1666,
1667,
1668,
1669,
1670,
1671,
1672,
1673,
1674,
1675,
1676,
1677,
1678,
1679,
1680,
1681,
1682,
1683,
1684,
1685,
1686,
1687,
1688,
1689,
1690,
1691,
1692,
1693,
1694,
1695,
1696,
1697,
1698,
1699,
1700,
1701,
1702,
1703,
1704,
1705,
1706,
1707,
1708,
1709,
1710,
1711,
1712,
1713,
1714,
1715,
1716,
1717,
1718,
1719,
1720,
1721,
1722,
1723,
1724,
1725,
1726,
1727,
1728,
1729,
1730,
1731,
1732,
1733,
1734,
1735,
1736,
1737,
1738,
1739,
1740,
1741,
1742,
1743,
1744,
1745,
1746,
1747,
1748,
1749,
1750,
1751,
1752,
1753,
1754,
1755,
1756,
1757,
1758,
1759,
1760,
1761,
1762,
1763,
1764,
1765,
1766,
1767,
1768,
1769,
1770,
1771,
1772,
1773,
1774,
1775,
1776,
1777,
1778,
1779,
1780,
1781,
1782,
1783,
1784,
1785,
1786,
1787,
1788,
1789,
1790,
1791,
1792,
1793,
1794,
1795,
1796,
1797,
1798,
1799,
1800,
1801,
1802,
1803,
1804,
1805,
1806,
1807,
1808,
1809,
1810,
1811,
1812,
1813,
1814,
1815,
1816,
1817,
1818,
1819,
1820,
1821,
1822,
1823,
1824,
1825,
1826,
1827,
1828,
1829,
1830,
1831,
1832,
1833,
1834,
1835,
1836,
1837,
1838,
1839,
1840,
1841,
1842,
1843,
1844,
1845,
1846,
1847,
1848,
1849,
1850,
1851,
1852,
1853,
1854,
1855,
1856,
1857,
1858,
1859,
1860,
1861,
1862,
1863,
1864,
1865,
1866,
1867,
1868,
1869,
1870,
1871,
1872,
1873,
1874,
1875,
1876,
1877,
1878,
1879,
1880,
1881,
1882,
1883,
1884,
1885,
1886,
1887,
1888,
1889,
1890,
1891,
1892,
1893,
1894,
1895,
1896,
1897,
1898,
1899,
1900,
1901,
1902,
1903,
1904,
1905,
1906,
1907,
1908,
1909,
1910,
1911,
1912,
1913,
1914,
1915,
1916,
1917,
1918,
1919,
1920,
1921,
1922,
1923,
1924,
1925,
1926,
1927,
1928,
1929,
1930,
1931,
1932,
1933,
1934,
1935,
1936,
1937,
1938,
1939,
1940,
1941,
1942,
1943,
1944,
1945,
1946,
1947,
1948,
1949,
1950,
1951,
1952,
1953,
1954,
1955,
1956,
1957,
1958,
1959,
1960,
1961,
1962,
1963,
1964,
1965,
1966,
1967,
1968,
1969,
1970,
1971,
1972,
1973,
1974,
1975,
1976,
1977,
1978,
1979,
1980,
1981,
1982,
1983,
1984,
1985,
1986,
1987,
1988,
1989,
1990,
1991,
1992,
1993,
1994,
1995,
1996,
1997,
1998,
1999,
2000,
2001,
2002,
2003,
2004,
2005,
2006,
2007,
2008,
2009,
2010,
2011,
2012,
2013,
2014,
2015,
2016,
2017,
2018,
2019,
2020,
2021,
2022,
2023,
2024,
2025,
2026,
2027,
2028,
2029,
2030,
2031,
2032,
2033,
2034,
2035,
2036,
2037,
2038,
2039,
2040,19.100462770798014
2041,8.445011528590276
2042,4.553458726694008
2043,
2044,
2045,
2046,
2047,
2048,23.367898836556595
2049,10.190590465139437
2050,5.934255260076493
2051,
2052,
2053,
2054,
2055,
2056,20.575055865604728
2057,9.485232404910962
2058,5.2960666845743045
2059,
2060,
2061,
2062,
2063,
2064,19.27292742717619
2065,8.647878075258054
2066,5.008778956864165
2067,
2068,
2069,
2070,
2071,
2072,16.743929887020126
2073,7.675492009111679
2074,4.4184104356711495
2075,
2076,
2077,
2078,
2079,
2080,18.77186272256055
2081,8.723158834277442
2082,5.08729733623984
2083,
2084,
2085,
2086,
2087,
2088,18.530919593736918
2089,8.780113608286655
2090,4.876384663269839
2091,
2092,
2093,
2094,
2095,
2096,26.64915601433592
2097,11.829611656671075
2098,6.785889619935039
2099,
2100,
2101,
2102,
2103,
2104,30.567843440034466
2105,13.929868130781955
2106,7.512655377432377
2107,
2108,
2109,
2110,
2111,
2112,15.605287568252477
2113,7.347464390539928
2114,4.211847076711903
2115,
2116,
2117,
2118,
2119,
2120,22.676677513769036
2121,10.036047926178762
2122,5.623380568891676
2123,
2124,
2125,
2126,
2127,
2128,13.282183711071857
2129,5.856927031607448
2130,3.1580724908685647
2131,
2132,
2133,
2134,
2135,
2136,16.48556415231117
2137,7.409319738135949
2138,4.49336602654939
2139,
2140,
2141,
2142,
2143,
2144,18.42071930451705
2145,8.833250232009746
2146,4.854232275049277
2147,
2148,
2149,
2150,
2151,
2152,21.08390737116345
2153,9.302434403315475
2154,5.257398712540076
2155,
2156,
2157,
2158,
2159,
2160,28.781383232956262
2161,13.215864778241919
2162,7.087074205282592
2163,
2164,
2165,
2166,
2167,
2168,17.21781027426441
2169,7.904118786394712
2170,4.468290771012407
2171,
2172,
2173,
2174,
2175,
2176,45.393504079831004
2177,20.18551708620036
2178,10.562277134590236
2179,
2180,
2181,
2182,
2183,
2184,21.152278279058308
2185,9.88304516072634
2186,5.2513426345028575
2187,
2188,
2189,
2190,
2191,
2192,27.254581415559066
2193,12.206898005862632
2194,6.679801529819746
2195,
2196,
2197,
2198,
2199,
2200,39.92875384489802
2201,17.87962463529981
2202,9.490248804933442
2203,
2204,
2205,
2206,
2207,
2208,35.36282846415751
2209,15.11467895398524
2210,9.387792543644265
2211,
2212,
2213,
2214,
2215,
2216,22.997442291556876
2217,10.395243119587857
2218,5.646207495018484
2219,
2220,
2221,
2222,
2223,
2224,15.992254281824895
2225,7.182359193360726
2226,3.867915606193373
2227,
2228,
2229,
2230,
2231,
2232,30.81839707256917
2233,13.27914497339107
2234,7.028370667036596
2235,
2236,
2237,
2238,
2239,
2240,23.442098154962288
2241,10.589492076025529
2242,5.741698277233961
2243,
2244,
2245,
2246,
2247,
2248,17.061015483994375
2249,7.7217965266694515
2250,4.319228887704626
2251,
2252,
2253,
2254,
2255,
2256,23.455926893555663
2257,10.861995473489989
2258,5.825306795953772
2259,
2260,
2261,
2262,
2263,
2264,15.552943755938747
2265,6.603496724292028
2266,3.657541657056231
2267,
2268,
2269,
2270,
2271,
2272,16.30193944893198
2273,7.2698747078125825
2274,4.028712527614517
2275,
2276,
2277,
2278,
2279,
2280,34.752318137215404
2281,14.443286321025884
2282,8.538656279993532
2283,
2284,
2285,
2286,
2287,
2288,17.44018149367723
2289,7.8566744102217365
2290,4.419262139424814
2291,
2292,
2293,
2294,
2295,
2296,37.66807010125638
2297,15.547294730540793
2298,8.75038281668416
2299,
2300,
2301,
2302,
2303,
2304,24.881570024929633
2305,11.193558226502713
2306,6.391778435162117
2307,
2308,
2309,
2310,
2311,
2312,17.891637976376245
2313,8.226032309812437
2314,4.5861471235850875
2315,
2316,
2317,
2318,
2319,
2320,47.756988569226074
2321,21.475510212549242
2322,11.439477508112974
2323,
2324,
2325,
2326,
2327,
2328,20.008855574248983
2329,9.488383529437364
2330,5.507034874170556
2331,
2332,
2333,
2334,
2335,
2336,26.521341738706234
2337,11.551754658171612
2338,6.584977116313045
2339,
2340,
2341,
2342,
2343,
2344,31.184406338863095
2345,13.54127960792565
2346,7.869665088820652
2347,
2348,
2349,
2350,
2351,
2352,23.68150351115421
2353,10.330691600185741
2354,5.607023770984831
2355,
2356,
2357,
2358,
2359,
2360,24.773255729050128
2361,11.60127536373115
2362,6.195636737688023
2363,
2364,
2365,
2366,
2367,
2368,16.265462067321604
2369,7.05628011523132
2370,3.9411344476983117
2371,
2372,
2373,
2374,
2375,
2376,39.72133021073254
2377,16.698727485092736
2378,9.354482443789102
2379,
2380,
2381,
2382,
2383,
2384,15.034562580340854
2385,6.840279988357121
2386,3.8016108378785956
2387,
2388,
2389,
2390,
2391,
2392,16.91007322036393
2393,7.434263234253335
2394,4.585919106203039
2395,
2396,
2397,
2398,
2399,
2400,24.5696605394443
2401,10.862412633162796
2402,6.078378668203725
2403,
2404,
2405,
2406,
2407,
2408,27.72385026315328
2409,12.525376789987831
2410,6.964065997914505
2411,
2412,
2413,
2414,
2415,
2416,18.289138155709367
2417,8.563904009766052
2418,4.716937255826216
2419,
2420,
2421,
2422,
2423,
2424,20.51604305004923
2425,9.241049457836713
2426,5.1995453849239395
2427,
2428,
2429,
2430,
2431,
2432,58.652976963583505
2433,28.497669329846033
2434,14.880482075214447
2435,
2436,
2437,
2438,
2439,
2440,16.562296645130726
2441,7.603711249300183
2442,4.497943686689692
2443,
2444,
2445,
2446,
2447,
2448,
2449,
2450,
2451,
2452,
2453,
2454,
2455,
2456,
2457,
2458,
2459,
2460,
2461,
2462,
2463,
2464,
2465,
2466,
2467,
2468,
2469,
2470,
2471,
2472,
2473,
2474,
2475,
2476,
2477,
2478,
2479,
2480,
2481,
2482,
2483,
2484,
2485,
2486,
2487,
2488,
2489,
2490,
2491,
2492,
2493,
2494,
2495,
2496,
2497,
2498,
2499,
2500,
2501,
2502,
2503,
2504,
2505,
2506,
2507,
2508,
2509,
2510,
2511,
2512,
2513,
2514,
2515,
2516,
2517,
2518,
2519,
2520,
2521,
2522,
2523,
2524,
2525,
2526,
2527,
2528,
2529,
2530,
2531,
2532,
2533,
2534,
2535,
2536,
2537,
2538,
2539,
2540,
2541,
2542,
2543,
2544,
2545,
2546,
2547,
2548,
2549,
2550,
2551,
2552,
2553,
2554,
2555,
2556,
2557,
2558,
2559,
2560,
2561,
2562,
2563,
2564,
2565,
2566,
2567,
2568,
2569,
2570,
2571,
2572,
2573,
2574,
2575,
2576,
2577,
2578,
2579,
2580,
2581,
2582,
2583,
2584,
2585,
2586,
2587,
2588,
2589,
2590,
2591,
2592,
2593,
2594,
2595,
2596,
2597,
2598,
2599,
2600,
2601,
2602,
2603,
2604,
2605,
2606,
2607,
2608,
2609,
2610,
2611,
2612,
2613,
2614,
2615,
2616,
2617,
2618,
2619,
2620,
2621,
2622,
2623,
2624,
2625,
2626,
2627,
2628,
2629,
2630,
2631,
2632,
2633,
2634,
2635,
2636,
2637,
2638,
2639,
2640,
2641,
2642,
2643,
2644,
2645,
2646,
2647,
2648,
2649,
2650,
2651,
2652,
2653,
2654,
2655,
2656,
2657,
2658,
2659,
2660,
2661,
2662,
2663,
2664,
2665,
2666,
2667,
2668,
2669,
2670,
2671,
2672,
2673,
2674,
2675,
2676,
2677,
2678,
2679,
2680,
2681,
2682,
2683,
2684,
2685,
2686,
2687,
2688,
2689,
2690,
2691,
2692,
2693,
2694,
2695,
2696,
2697,
2698,
2699,
2700,
2701,
2702,
2703,
2704,
2705,
2706,
2707,
2708,
2709,
2710,
2711,
2712,
2713,
2714,
2715,
2716,
2717,
2718,
2719,
2720,
2721,
2722,
2723,
2724,
2725,
2726,
2727,
2728,
2729,
2730,
2731,
2732,
2733,
2734,
2735,
2736,
2737,
2738,
2739,
2740,
2741,
2742,
2743,
2744,
2745,
2746,
2747,
2748,
2749,
2750,
2751,
2752,
2753,
2754,
2755,
2756,
2757,
2758,
2759,
2760,
2761,
2762,
2763,
2764,
2765,
2766,
2767,
2768,
2769,
2770,
2771,
2772,
2773,
2774,
2775,
2776,
2777,
2778,
2779,
2780,
2781,
2782,
2783,
2784,
2785,
2786,
2787,
2788,
2789,
2790,
2791,
2792,
2793,
2794,
2795,
2796,
2797,
2798,
2799,
2800,
2801,
2802,
2803,
2804,
2805,
2806,
2807,
2808,
2809,
2810,
2811,
2812,
2813,
2814,
2815,
2816,
2817,
2818,
2819,
2820,
2821,
2822,
2823,
2824,
2825,
2826,
2827,
2828,
2829,
2830,
2831,
2832,
2833,
2834,
2835,
2836,
2837,
2838,
2839,
2840,
2841,
2842,
2843,
2844,
2845,
2846,
2847,
2848,
2849,
2850,
2851,
2852,
2853,
2854,
2855,
2856,20.05570936328514
2857,9.48873071528464
2858,4.543558243742988
2859,
2860,
2861,
2862,
2863,
2864,23.53662151882051
2865,10.99025799143944
2866,5.718656432936409
2867,
2868,
2869,
2870,
2871,
2872,21.035831984983297
2873,10.129394994280409
2874,4.945904870600269
2875,
2876,
2877,
2878,
2879,
2880,20.3157796947233
2881,8.700194075782175
2882,4.541432640387659
2883,
2884,
2885,
2886,
2887,
2888,18.112917424267554
2889,7.817350631646358
2890,4.011971326663723
2891,
2892,
2893,
2894,
2895,
2896,19.406160285032954
2897,8.938406643837215
2898,4.569930287543825
2899,
2900,
2901,
2902,
2903,
2904,19.416148101832015
2905,9.150677598535843
2906,4.501847693219068
2907,
2908,
2909,
2910,
2911,
2912,26.595287408600353
2913,11.914493228211924
2914,5.961474802229109
2915,
2916,
2917,
2918,
2919,
2920,30.762656765590293
2921,14.449897439903278
2922,6.671969062718184
2923,
2924,
2925,
2926,
2927,
2928,16.204276242293087
2929,7.789362033039126
2930,3.8344410150531627
2931,
2932,
2933,
2934,
2935,
2936,22.630575049437496
2937,10.334980811261197
2938,5.422202126446793
2939,
2940,
2941,
2942,
2943,
2944,13.858505470605127
2945,6.357808839881281
2946,3.210847632760328
2947,
2948,
2949,
2950,
2951,
2952,16.794523435265013
2953,7.505442245514092
2954,4.08901705307302
2955,
2956,
2957,
2958,
2959,
2960,19.633324813069912
2961,9.088539876012298
2962,4.571276953767221
2963,
2964,
2965,
2966,
2967,
2968,21.98722759753293
2969,9.7688472890797
2970,4.890095673233542
2971,
2972,
2973,
2974,
2975,
2976,27.945559527554657
2977,12.990096352588301
2978,6.8353363753325365
2979,
2980,
2981,
2982,
2983,
2984,16.67560429990229
2985,8.20788142345563
2986,4.2108383199253385
2987,
2988,
2989,
2990,
2991,
2992,46.37063723578915
2993,20.322594240034977
2994,10.14509033339244
2995,
2996,
2997,
2998,
2999,
3000,22.44633493593065
3001,10.045597513221454
3002,4.985487305922429
3003,
3004,
3005,
3006,
3007,
3008,26.737557696051134
3009,12.163951939196819
3010,6.014293073694105
3011,
3012,
3013,
3014,
3015,
3016,38.62643814018763
3017,17.949313050596974
3018,8.795555788314692
3019,
3020,
3021,
3022,
3023,
3024,36.52615361026006
3025,15.787861495937813
3026,8.61227566061403
3027,
3028,
3029,
3030,
3031,
3032,24.053718543758325
3033,10.936064368440809
3034,5.467348864389273
3035,
3036,
3037,
3038,
3039,
3040,16.701149418248633
3041,7.208863776065265
3042,3.6328740221521323
3043,
3044,
3045,
3046,
3047,
3048,29.817753958565326
3049,13.390651123616276
3050,6.705772494949177
3051,
3052,
3053,
3054,
3055,
3056,24.715570533804183
3057,10.909736379020417
3058,5.375736035429666
3059,
3060,
3061,
3062,
3063,
3064,17.538963069901133
3065,8.016303359844
3066,4.046758264827055
3067,
3068,
3069,
3070,
3071,
3072,22.223078615675263
3073,11.022680871819778
3074,5.33514344958735
3075,
3076,
3077,
3078,
3079,
3080,16.178334248851943
3081,7.164334983430576
3082,3.4902584650386466
3083,
3084,
3085,
3086,
3087,
3088,17.240079415182702
3089,7.337493557614168
3090,3.8216049638649214
3091,
3092,
3093,
3094,
3095,
3096,35.48885597719947
3097,15.088335819802609
3098,7.9263820752843355
3099,
3100,
3101,
3102,
3103,
3104,17.728624385371106
3105,8.031483158781928
3106,4.032678385176386
3107,
3108,
3109,
3110,
3111,
3112,38.96927765988493
3113,16.03838247163091
3114,8.192191558000047
3115,
3116,
3117,
3118,
3119,
3120,25.48309343958674
3121,11.768998499178062
3122,5.646520038559485
3123,
3124,
3125,
3126,
3127,
3128,18.965033084089505
3129,8.389946228620474
3130,4.461653433655631
3131,
3132,
3133,
3134,
3135,
3136,47.86602318128004
3137,21.76782887314129
3138,10.864426382093878
3139,
3140,
3141,
3142,
3143,
3144,21.243563948393593
3145,10.37440522228743
3146,5.116147267311423
3147,
3148,
3149,
3150,
3151,
3152,26.862718540074233
3153,11.602815038472603
3154,6.086996574205771
3155,
3156,
3157,
3158,
3159,
3160,30.136594232417586
3161,13.53570421557941
3162,6.97952827641059
3163,
3164,
3165,
3166,
3167,
3168,23.39934735785739
3169,10.648381395008599
3170,5.19038238567561
3171,
3172,
3173,
3174,
3175,
3176,25.961785610952862
3177,11.502727302960174
3178,5.614974085048493
3179,
3180,
3181,
3182,
3183,
3184,17.63185140601247
3185,7.642409350409081
3186,4.149618797755098
3187,
3188,
3189,
3190,
3191,
3192,39.119608851160365
3193,17.8962537981978
3194,9.222888116179435
3195,
3196,
3197,
3198,
3199,
3200,15.025841736370552
3201,7.0482833914365655
3202,3.4571339235767473
3203,
3204,
3205,
3206,
3207,
3208,17.387300838411548
3209,7.652228625691308
3210,4.1899948135801015
3211,
3212,
3213,
3214,
3215,
3216,24.909055945128497
3217,11.373814969108688
3218,5.672674130121708
3219,
3220,
3221,
3222,
3223,
3224,27.473473982127654
3225,12.585444246452514
3226,6.4382834866641865
3227,
3228,
3229,
3230,
3231,
3232,19.529754272386263
3233,8.974787191298171
3234,4.339198153874278
3235,
3236,
3237,
3238,
3239,
3240,22.863435303044575
3241,9.907988288228797
3242,5.009107574970861
3243,
3244,
3245,
3246,
3247,
3248,62.29569230175773
3249,29.54766459247912
3250,14.024052054541546
3251,
3252,
3253,
3254,
3255,
3256,17.478740152202008
3257,7.567660558829481
3258,4.180291134267435
3259,
3260,
3261,
3262,
3263,
3264,19.187528683523634
3265,8.66124172901961
3266,4.383853081684254
3267,
3268,
3269,
3270,
3271,
3272,22.61733218325166
3273,10.763946233710382
3274,5.614898315116662
3275,
3276,
3277,
3278,
3279,
3280,20.86890235358953
3281,9.942487567333288
3282,4.946933935924109
3283,
3284,
3285,
3286,
3287,
3288,20.56137742957034
3289,9.284912326289046
3290,4.799147155376966
3291,
3292,
3293,
3294,
3295,
3296,18.017519766221156
3297,8.20476732315754
3298,4.132324213764304
3299,
3300,
3301,
3302,
3303,
3304,19.325638073233286
3305,8.984717978988364
3306,4.606391553091421
3307,
3308,
3309,
3310,
3311,
3312,18.713973528387374
3313,9.070831613785652
3314,4.490626682125813
3315,
3316,
3317,
3318,
3319,
3320,26.286752631769954
3321,11.777281219764333
3322,5.897690235106585
3323,
3324,
3325,
3326,
3327,
3328,31.01459779856625
3329,14.343185357090302
3330,6.689601330765778
3331,
3332,
3333,
3334,
3335,
3336,17.0891718114025
3337,8.253476534180628
3338,3.948596294493565
3339,
3340,
3341,
3342,
3343,
3344,23.310532934448176
3345,10.417245494812384
3346,5.447813872029412
3347,
3348,
3349,
3350,
3351,
3352,13.520389506820042
3353,6.1215711239443715
3354,3.2442996361809673
3355,
3356,
3357,
3358,
3359,
3360,17.218410653492306
3361,7.682686015190902
3362,4.176701252373409
3363,
3364,
3365,
3366,
3367,
3368,19.888345712491844
3369,9.501842885302956
3370,4.763075552032838
3371,
3372,
3373,
3374,
3375,
3376,22.388650742745696
3377,9.817367650230464
3378,4.921861815723478
3379,
3380,
3381,
3382,
3383,
3384,27.731856827851104
3385,12.458944520100061
3386,6.718453745330601
3387,
3388,
3389,
3390,
3391,
3392,16.97495966180842
3393,8.274190639467747
3394,4.214554192922594
3395,
3396,
3397,
3398,
3399,
3400,45.694590959142445
3401,20.362361897123208
3402,10.412644597831385
3403,
3404,
3405,
3406,
3407,
3408,22.70605512598792
3409,10.302608284252557
3410,4.925022561987643
3411,
3412,
3413,
3414,
3415,
3416,27.067546982374004
3417,12.14843908764771
3418,5.913350452471714
3419,
3420,
3421,
3422,
3423,
3424,39.840640507404025
3425,18.361680041929656
3426,9.350089014868349
3427,
3428,
3429,
3430,
3431,
3432,37.129080717047884
3433,16.06835452107921
3434,8.937721651472014
3435,
3436,
3437,
3438,
3439,
3440,23.617453093125157
3441,10.935346055991891
3442,5.410957240958799
3443,
3444,
3445,
3446,
3447,
3448,17.100163462335946
3449,7.934998167323966
3450,3.832338334882151
3451,
3452,
3453,
3454,
3455,
3456,29.127867460029194
3457,13.11214351535435
3458,6.680267672410494
3459,
3460,
3461,
3462,
3463,
3464,24.266239563119527
3465,10.909964544710867
3466,5.313807299114818
3467,
3468,
3469,
3470,
3471,
3472,17.10010039997795
3473,8.003383948025348
3474,4.122985886619008
3475,
3476,
3477,
3478,
3479,
3480,22.677341122582863
3481,11.333348837884557
3482,5.485611753114919
3483,
3484,
3485,
3486,
3487,
3488,16.364694898998145
3489,7.211647666166652
3490,3.6257429201067803
3491,
3492,
3493,
3494,
3495,
3496,17.091812648297005
3497,7.528793627440249
3498,4.046336901330095
3499,
3500,
3501,
3502,
3503,
3504,34.63934188570899
3505,15.006728065542973
3506,8.12408208888961
3507,
3508,
3509,
3510,
3511,
3512,18.213872798358643
3513,8.272949296907692
3514,4.062647390874299
3515,
3516,
3517,
3518,
3519,
3520,40.12702587244771
3521,16.506731158942706
3522,8.388290920610467
3523,
3524,
3525,
3526,
3527,
3528,25.585532833094184
3529,11.307581791066786
3530,5.464677761725776
3531,
3532,
3533,
3534,
3535,
3536,18.749624327930228
3537,8.794471555010023
3538,4.506318116251746
3539,
3540,
3541,
3542,
3543,
3544,49.046680690987706
3545,22.02818708325427
3546,11.032290582545288
3547,
3548,
3549,
3550,
3551,
3552,21.216686036891865
3553,10.316560157073775
3554,5.034089459834858
3555,
3556,
3557,
3558,
3559,
3560,26.144109345880405
3561,11.318592839849234
3562,5.948778197088582
3563,
3564,
3565,
3566,
3567,
3568,31.05269289015221
3569,13.829131119572466
3570,7.257036896210218
3571,
3572,
3573,
3574,
3575,
3576,23.365915910542732
3577,10.648308976904968
3578,5.151139613238744
3579,
3580,
3581,
3582,
3583,
3584,25.311780061075257
3585,11.647660380326625
3586,5.677246853433077
3587,
3588,
3589,
3590,
3591,
3592,16.934711218171255
3593,7.367292378221565
3594,4.042423043408188
3595,
3596,
3597,
3598,
3599,
3600,39.29579640136144
3601,18.004312231423377
3602,9.579267181597439
3603,
3604,
3605,
3606,
3607,
3608,15.158857341375553
3609,7.18766243788753
3610,3.6503044243584615
3611,
3612,
3613,
3614,
3615,
3616,17.792619097393192
3617,8.04180596769021
3618,4.369658195338445
3619,
3620,
3621,
3622,
3623,
3624,25.30707364692327
3625,11.214326851834459
3626,5.472885673992368
3627,
3628,
3629,
3630,
3631,
3632,27.871791959406217
3633,12.977873273661654
3634,6.854082780756936
3635,
3636,
3637,
3638,
3639,
3640,19.652753617146402
3641,8.991122910493266
3642,4.3543313484231065
3643,
3644,
3645,
3646,
3647,
3648,22.1089798957015
3649,10.098997287698136
3650,5.079790717927821
3651,
3652,
3653,
3654,
3655,
3656,62.374455437620675
3657,29.58512780483751
3658,14.14606666036906
3659,
3660,
3661,
3662,
3663,
3664,17.56810612475307
3665,7.698797139662369
3666,4.25865718305708
3667,
3668,
3669,
3670,
3671,
3672,19.09388319062405
3673,8.4201433464303
3674,4.761881598382869
3675,
3676,
3677,
3678,
3679,
3680,21.882002278028896
3681,9.752662107524191
3682,6.013562116464425
3683,
3684,
3685,
3686,
3687,
3688,19.29977289126436
3689,9.365767696546323
3690,5.422773699056596
3691,
3692,
3693,
3694,
3695,
3696,18.70402119447081
3697,8.361614494429054
3698,5.188406613842246
3699,
3700,
3701,
3702,
3703,
3704,16.411948173294277
3705,7.450398734909229
3706,4.459470111848909
3707,
3708,
3709,
3710,
3711,
3712,18.492523030426312
3713,8.563918591804478
3714,5.223290521410726
3715,
3716,
3717,
3718,
3719,
3720,18.05366436776766
3721,8.463934581564187
3722,5.023357906115183
3723,
3724,
3725,
3726,
3727,
3728,25.72684575611704
3729,11.54220997280271
3730,6.981205093863734
3731,
3732,
3733,
3734,
3735,
3736,30.301042819258054
3737,13.676691000052195
3738,7.590531186551583
3739,
3740,
3741,
3742,
3743,
3744,15.475722918534888
3745,7.3115026883275975
3746,4.389747399475932
3747,
3748,
3749,
3750,
3751,
3752,22.410550614132575
3753,9.827444094996126
3754,5.956660123271173
3755,
3756,
3757,
3758,
3759,
3760,13.263304272149773
3761,5.894213213659226
3762,3.226192930280404
3763,
3764,
3765,
3766,
3767,
3768,16.35343752238378
3769,7.475364588308342
3770,4.580882544503035
3771,
3772,
3773,
3774,
3775,
3776,18.61921220357757
3777,8.624418326868835
3778,4.972932996407038
3779,
3780,
3781,
3782,
3783,
3784,19.98213899300104
3785,8.955210440860029
3786,5.5972079412588895
3787,
3788,
3789,
3790,
3791,
3792,28.111025909672087
3793,12.573685822976495
3794,7.072026184480645
3795,
3796,
3797,
3798,
3799,
3800,16.582711543139702
3801,7.607311229595284
3802,4.609591778651576
3803,
3804,
3805,
3806,
3807,
3808,44.2294866721274
3809,20.067042201566117
3810,11.152757615806303
3811,
3812,
3813,
3814,
3815,
3816,20.921932286985633
3817,9.36791955046094
3818,5.6705376229639235
3819,
3820,
3821,
3822,
3823,
3824,26.354776692198207
3825,12.2936614117344
3826,6.830977484611286
3827,
3828,
3829,
3830,
3831,
3832,40.44058592932857
3833,17.6640504457638
3834,10.180640577062832
3835,
3836,
3837,
3838,
3839,
3840,34.28749919767251
3841,14.813895619659927
3842,9.25368600320741
3843,
3844,
3845,
3846,
3847,
3848,22.268906925353427
3849,10.073740635720197
3850,5.828080037662527
3851,
3852,
3853,
3854,
3855,
3856,16.22693940058038
3857,7.289885040380096
3858,4.056464530382638
3859,
3860,
3861,
3862,
3863,
3864,29.73028450220154
3865,13.098136615622439
3866,7.239668441723823
3867,
3868,
3869,
3870,
3871,
3872,22.831118275669045
3873,10.39476857016634
3874,5.914076429028208
3875,
3876,
3877,
3878,
3879,
3880,17.144512544798722
3881,7.71829080742741
3882,4.518348780034362
3883,
3884,
3885,
3886,
3887,
3888,23.070950083406363
3889,10.537742054087142
3890,5.913753779396984
3891,
3892,
3893,
3894,
3895,
3896,15.618992593450274
3897,6.592667496206679
3898,3.6962081828228586
3899,
3900,
3901,
3902,
3903,
3904,16.111738963558505
3905,7.225787586888562
3906,4.072255312532684
3907,
3908,
3909,
3910,
3911,
3912,33.33573057223938
3913,14.288765054727905
3914,8.488780337478529
3915,
3916,
3917,
3918,
3919,
3920,16.84182506870424
3921,7.7334911283331405
3922,4.42693920490148
3923,
3924,
3925,
3926,
3927,
3928,38.10110906399796
3929,15.505362602385075
3930,8.85047138488903
3931,
3932,
3933,
3934,
3935,
3936,24.636594679676396
3937,11.020873871558134
3938,6.364456388983947
3939,
3940,
3941,
3942,
3943,
3944,17.47531581109534
3945,8.046197457135431
3946,4.549454060540882
3947,
3948,
3949,
3950,
3951,
3952,47.09908318997597
3953,21.378776921997588
3954,11.81094174926993
3955,
3956,
3957,
3958,
3959,
3960,20.322991463327586
3961,9.274799809922817
3962,5.594005762736603
3963,
3964,
3965,
3966,
3967,
3968,27.067205999108726
3969,11.728694137242181
3970,6.731507778618204
3971,
3972,
3973,
3974,
3975,
3976,30.078814774981872
3977,13.241440498581296
3978,8.016672851195711
3979,
3980,
3981,
3982,
3983,
3984,22.788296798453953
3985,10.051001868768752
3986,5.795233196531872
3987,
3988,
3989,
3990,
3991,
3992,24.0603227756207
3993,11.123929591375596
3994,6.462724173368748
3995,
3996,
3997,
3998,
3999,
4000,16.25486660250372
4001,7.127626620501393
4002,4.184618452778326
4003,
4004,
4005,
4006,
4007,
4008,37.057440318972375
4009,16.398046579162095
4010,9.429833956233395
4011,
4012,
4013,
4014,
4015,
4016,14.665921298190733
4017,6.829272683258331
4018,3.9076157383855485
4019,
4020,
4021,
4022,
4023,
4024,16.65565470187413
4025,7.463737182121158
4026,4.709494057015907
4027,
4028,
4029,
4030,
4031,
4032,24.08912175796712
4033,11.020645745848128
4034,6.2208805320161185
4035,
4036,
4037,
4038,
4039,
4040,27.566146179115762
4041,12.475786160262176
4042,7.201091951756888
4043,
4044,
4045,
4046,
4047,
4048,18.928878509262947
4049,8.647463203763284
4050,4.923848195045997
4051,
4052,
4053,
4054,
4055,
4056,20.367392687024605
4057,9.058037413917033
4058,5.301685535627328
4059,
4060,
4061,
4062,
4063,
4064,56.28383104207138
4065,28.037528023362547
4066,15.169074693399399
4067,
4068,
4069,
4070,
4071,
4072,17.392716826713087
4073,7.58210706144582
4074,4.590431849429921
4075,
4076,
4077,
4078,
4079,
4080,
4081,
4082,
4083,
4084,
4085,
4086,
4087,
4088,
4089,
4090,
4091,
4092,
4093,
4094,
4095,
4096,
4097,
4098,
4099,
4100,
4101,
4102,
4103,
4104,
4105,
4106,
4107,
4108,
4109,
4110,
4111,
4112,
4113,
4114,
4115,
4116,
4117,
4118,
4119,
4120,
4121,
4122,
4123,
4124,
4125,
4126,
4127,
4128,
4129,
4130,
4131,
4132,
4133,
4134,
4135,
4136,
4137,
4138,
4139,
4140,
4141,
4142,
4143,
4144,
4145,
4146,
4147,
4148,
4149,
4150,
4151,
4152,
4153,
4154,
4155,
4156,
4157,
4158,
4159,
4160,
4161,
4162,
4163,
4164,
4165,
4166,
4167,
4168,
4169,
4170,
4171,
4172,
4173,
4174,
4175,
4176,
4177,
4178,
4179,
4180,
4181,
4182,
4183,
4184,
4185,
4186,
4187,
4188,
4189,
4190,
4191,
4192,
4193,
4194,
4195,
4196,
4197,
4198,
4199,
4200,
4201,
4202,
4203,
4204,
4205,
4206,
4207,
4208,
4209,
4210,
4211,
4212,
4213,
4214,
4215,
4216,
4217,
4218,
4219,
4220,
4221,
4222,
4223,
4224,
4225,
4226,
4227,
4228,
4229,
4230,
4231,
4232,
4233,
4234,
4235,
4236,
4237,
4238,
4239,
4240,
4241,
4242,
4243,
4244,
4245,
4246,
4247,
4248,
4249,
4250,
4251,
4252,
4253,
4254,
4255,
4256,
4257,
4258,
4259,
4260,
4261,
4262,
4263,
4264,
4265,
4266,
4267,
4268,
4269,
4270,
4271,
4272,
4273,
4274,
4275,
4276,
4277,
4278,
4279,
4280,
4281,
4282,
4283,
4284,
4285,
4286,
4287,
4288,
4289,
4290,
4291,
4292,
4293,
4294,
4295,
4296,
4297,
4298,
4299,
4300,
4301,
4302,
4303,
4304,
4305,
4306,
4307,
4308,
4309,
4310,
4311,
4312,
4313,
4314,
4315,
4316,
4317,
4318,
4319,
4320,
4321,
4322,
4323,
4324,
4325,
4326,
4327,
4328,
4329,
4330,
4331,
4332,
4333,
4334,
4335,
4336,
4337,
4338,
4339,
4340,
4341,
4342,
4343,
4344,
4345,
4346,
4347,
4348,
4349,
4350,
4351,
4352,
4353,
4354,
4355,
4356,
4357,
4358,
4359,
4360,
4361,
4362,
4363,
4364,
4365,
4366,
4367,
4368,
4369,
4370,
4371,
4372,
4373,
4374,
4375,
4376,
4377,
4378,
4379,
4380,
4381,
4382,
4383,
4384,
4385,
4386,
4387,
4388,
4389,
4390,
4391,
4392,
4393,
4394,
4395,
4396,
4397,
4398,
4399,
4400,
4401,
4402,
4403,
4404,
4405,
4406,
4407,
4408,
4409,
4410,
4411,
4412,
4413,
4414,
4415,
4416,
4417,
4418,
4419,
4420,
4421,
4422,
4423,
4424,
4425,
4426,
4427,
4428,
4429,
4430,
4431,
4432,
4433,
4434,
4435,
4436,
4437,
4438,
4439,
4440,
4441,
4442,
4443,
4444,
4445,
4446,
4447,
4448,
4449,
4450,
4451,
4452,
4453,
4454,
4455,
4456,
4457,
4458,
4459,
4460,
4461,
4462,
4463,
4464,
4465,
4466,
4467,
4468,
4469,
4470,
4471,
4472,
4473,
4474,
4475,
4476,
4477,
4478,
4479,
4480,
4481,
4482,
4483,
4484,
4485,
4486,
4487,
4488,
4489,
4490,
4491,
4492,
4493,
4494,
4495,
4496,
4497,
4498,
4499,
4500,
4501,
4502,
4503,
4504,
4505,
4506,
4507,
4508,
4509,
4510,
4511,
4512,
4513,
4514,
4515,
4516,
4517,
4518,
4519,
4520,
4521,
4522,
4523,
4524,
4525,
4526,
4527,
4528,
4529,
4530,
4531,
4532,
4533,
4534,
4535,
4536,
4537,
4538,
4539,
4540,
4541,
4542,
4543,
4544,
4545,
4546,
4547,
4548,
4549,
4550,
4551,
4552,
4553,
4554,
4555,
4556,
4557,
4558,
4559,
4560,
4561,
4562,
4563,
4564,
4565,
4566,
4567,
4568,
4569,
4570,
4571,
4572,
4573,
4574,
4575,
4576,
4577,
4578,
4579,
4580,
4581,
4582,
4583,
4584,
4585,
4586,
4587,
4588,
4589,
4590,
4591,
4592,
4593,
4594,
4595,
4596,
4597,
4598,
4599,
4600,
4601,
4602,
4603,
4604,
4605,
4606,
4607,
4608,
4609,
4610,
4611,
4612,
4613,
4614,
4615,
4616,
4617,
4618,
4619,
4620,
4621,
4622,
4623,
4624,
4625,
4626,
4627,
4628,
4629,
4630,
4631,
4632,
4633,
4634,
4635,
4636,
4637,
4638,
4639,
4640,
4641,
4642,
4643,
4644,
4645,
4646,
4647,
4648,
4649,
4650,
4651,
4652,
4653,
4654,
4655,
4656,
4657,
4658,
4659,
4660,
4661,
4662,
4663,
4664,
4665,
4666,
4667,
4668,
4669,
4670,
4671,
4672,
4673,
4674,
4675,
4676,
4677,
4678,
4679,
4680,
4681,
4682,
4683,
4684,
4685,
4686,
4687,
4688,
4689,
4690,
4691,
4692,
4693,
4694,
4695,
4696,
4697,
4698,
4699,
4700,
4701,
4702,
4703,
4704,
4705,
4706,
4707,
4708,
4709,
4710,
4711,
4712,
4713,
4714,
4715,
4716,
4717,
4718,
4719,
4720,
4721,
4722,
4723,
4724,
4725,
4726,
4727,
4728,
4729,
4730,
4731,
4732,
4733,
4734,
4735,
4736,
4737,
4738,
4739,
4740,
4741,
4742,
4743,
4744,
4745,
4746,
4747,
4748,
4749,
4750,
4751,
4752,
4753,
4754,
4755,
4756,
4757,
4758,
4759,
4760,
4761,
4762,
4763,
4764,
4765,
4766,
4767,
4768,
4769,
4770,
4771,
4772,
4773,
4774,
4775,
4776,
4777,
4778,
4779,
4780,
4781,
4782,
4783,
4784,
4785,
4786,
4787,
4788,
4789,
4790,
4791,
4792,
4793,
4794,
4795,
4796,
4797,
4798,
4799,
4800,
4801,
4802,
4803,
4804,
4805,
4806,
4807,
4808,
4809,
4810,
4811,
4812,
4813,
4814,
4815,
4816,
4817,
4818,
4819,
4820,
4821,
4822,
4823,
4824,
4825,
4826,
4827,
4828,
4829,
4830,
4831,
4832,
4833,
4834,
4835,
4836,
4837,
4838,
4839,
4840,
4841,
4842,
4843,
4844,
4845,
4846,
4847,
4848,
4849,
4850,
4851,
4852,
4853,
4854,
4855,
4856,
4857,
4858,
4859,
4860,
4861,
4862,
4863,
4864,
4865,
4866,
4867,
4868,
4869,
4870,
4871,
4872,
4873,
4874,
4875,
4876,
4877,
4878,
4879,
4880,
4881,
4882,
4883,
4884,
4885,
4886,
4887,
4888,
4889,
4890,
4891,
4892,
4893,
4894,
4895,
4896,
4897,
4898,
4899,
4900,
4901,
4902,
4903,
4904,
4905,
4906,
4907,
4908,
4909,
4910,
4911,
4912,
4913,
4914,
4915,
4916,
4917,
4918,
4919,
4920,
4921,
4922,
4923,
4924,
4925,
4926,
4927,
4928,
4929,
4930,
4931,
4932,
4933,
4934,
4935,
4936,
4937,
4938,
4939,
4940,
4941,
4942,
4943,
4944,
4945,
4946,
4947,
4948,
4949,
4950,
4951,
4952,
4953,
4954,
4955,
4956,
4957,
4958,
4959,
4960,
4961,
4962,
4963,
4964,
4965,
4966,
4967,
4968,
4969,
4970,
4971,
4972,
4973,
4974,
4975,
4976,
4977,
4978,
4979,
4980,
4981,
4982,
4983,
4984,
4985,
4986,
4987,
4988,
4989,
4990,
4991,
4992,
4993,
4994,
4995,
4996,
4997,
4998,
4999,
5000,
5001,
5002,
5003,
5004,
5005,
5006,
5007,
5008,
5009,
5010,
5011,
5012,
5013,
5014,
5015,
5016,
5017,
5018,
5019,
5020,
5021,
5022,
5023,
5024,
5025,
5026,
5027,
5028,
5029,
5030,
5031,
5032,
5033,
5034,
5035,
5036,
5037,
5038,
5039,
5040,
5041,
5042,
5043,
5044,
5045,
5046,
5047,
5048,
5049,
5050,
5051,
5052,
5053,
5054,
5055,
5056,
5057,
5058,
5059,
5060,
5061,
5062,
5063,
5064,
5065,
5066,
5067,
5068,
5069,
5070,
5071,
5072,
5073,
5074,
5075,
5076,
5077,
5078,
5079,
5080,
5081,
5082,
5083,
5084,
5085,
5086,
5087,
5088,
5089,
5090,
5091,
5092,
5093,
5094,
5095,
5096,
5097,
5098,
5099,
5100,
5101,
5102,
5103,
5104,
5105,
5106,
5107,
5108,
5109,
5110,
5111,
5112,
5113,
5114,
5115,
5116,
5117,
5118,
5119,
5120,
5121,
5122,
5123,
5124,
5125,
5126,
5127,
5128,
5129,
5130,
5131,
5132,
5133,
5134,
5135,
5136,
5137,
5138,
5139,
5140,
5141,
5142,
5143,
5144,
5145,
5146,
5147,
5148,
5149,
5150,
5151,
5152,
5153,
5154,
5155,
5156,
5157,
5158,
5159,
5160,
5161,
5162,
5163,
5164,
5165,
5166,
5167,
5168,
5169,
5170,
5171,
5172,
5173,
5174,
5175,
5176,
5177,
5178,
5179,
5180,
5181,
5182,
5183,
5184,
5185,
5186,
5187,
5188,
5189,
5190,
5191,
5192,
5193,
5194,
5195,
5196,
5197,
5198,
5199,
5200,
5201,
5202,
5203,
5204,
5205,
5206,
5207,
5208,
5209,
5210,
5211,
5212,
5213,
5214,
5215,
5216,
5217,
5218,
5219,
5220,
5221,
5222,
5223,
5224,
5225,
5226,
5227,
5228,
5229,
5230,
5231,
5232,
5233,
5234,
5235,
5236,
5237,
5238,
5239,
5240,
5241,
5242,
5243,
5244,
5245,
5246,
5247,
5248,
5249,
5250,
5251,
5252,
5253,
5254,
5255,
5256,
5257,
5258,
5259,
5260,
5261,
5262,
5263,
5264,
5265,
5266,
5267,
5268,
5269,
5270,
5271,
5272,
5273,
5274,
5275,
5276,
5277,
5278,
5279,
5280,
5281,
5282,
5283,
5284,
5285,
5286,
5287,
5288,
5289,
5290,
5291,
5292,
5293,
5294,
5295,
5296,
5297,
5298,
5299,
5300,
5301,
5302,
5303,
5304,20.4580120606257
5305,9.306461526123822
5306,4.2653682006139295
5307,
5308,
5309,
5310,
5311,
5312,22.541665596521618
5313,10.491125646363656
5314,5.16601406692619
5315,
5316,
5317,
5318,
5319,
5320,20.19242727540516
5321,9.286623057571717
5322,4.50692148341229
5323,
5324,
5325,
5326,
5327,
5328,19.20684519137577
5329,8.44896214665431
5330,4.297856170965693
5331,
5332,
5333,
5334,
5335,
5336,17.165100914734865
5337,7.50771169677973
5338,3.7460939568357627
5339,
5340,
5341,
5342,
5343,
5344,18.505255754603134
5345,8.554777918697102
5346,4.178265256155587
5347,
5348,
5349,
5350,
5351,
5352,18.87343332439002
5353,8.9159280249905
5354,4.177353306475987
5355,
5356,
5357,
5358,
5359,
5360,26.599714931165906
5361,12.219187599383638
5362,5.950010441784844
5363,
5364,
5365,
5366,
5367,
5368,30.604784546196544
5369,14.232023032546287
5370,6.684088516938344
5371,
5372,
5373,
5374,
5375,
5376,15.676449885512257
5377,7.457424050060868
5378,3.415190369948671
5379,
5380,
5381,
5382,
5383,
5384,23.137630195423423
5385,10.468918837100327
5386,4.966943657364229
5387,
5388,
5389,
5390,
5391,
5392,13.825659524327254
5393,6.006299292171296
5394,3.2118382515062596
5395,
5396,
5397,
5398,
5399,
5400,16.974395326171706
5401,7.488990050161129
5402,3.8661101733812955
5403,
5404,
5405,
5406,
5407,
5408,18.660098638981527
5409,8.601515047078482
5410,4.192164721994913
5411,
5412,
5413,
5414,
5415,
5416,21.555466924449398
5417,9.650703510177806
5418,4.680338760691216
5419,
5420,
5421,
5422,
5423,
5424,27.25834391023771
5425,12.419954827544903
5426,6.1525464066297735
5427,
5428,
5429,
5430,
5431,
5432,17.325940539647036
5433,8.223803558617892
5434,3.8751822271978207
5435,
5436,
5437,
5438,
5439,
5440,44.05978191273402
5441,19.96407212483519
5442,9.176483370553669
5443,
5444,
5445,
5446,
5447,
5448,21.108068054733796
5449,9.084716636234111
5450,4.3657798511507835
5451,
5452,
5453,
5454,
5455,
5456,26.15787430617873
5457,12.335801222366028
5458,5.884693728245552
5459,
5460,
5461,
5462,
5463,
5464,38.694911635103466
5465,17.809948085879164
5466,8.472120259447475
5467,
5468,
5469,
5470,
5471,
5472,35.651997287928886
5473,15.33446595908917
5474,7.623074507550494
5475,
5476,
5477,
5478,
5479,
5480,23.174997456469278
5481,9.926717658042833
5482,4.822348443415334
5483,
5484,
5485,
5486,
5487,
5488,15.719864736067818
5489,7.304347255936908
5490,3.4237137616556548
5491,
5492,
5493,
5494,
5495,
5496,29.739484917704896
5497,13.717803042425917
5498,6.262902796503849
5499,
5500,
5501,
5502,
5503,
5504,24.040091331793878
5505,10.843124150530057
5506,4.933360481039048
5507,
5508,
5509,
5510,
5511,
5512,16.75439353982459
5513,7.736331962516539
5514,3.7558706356411387
5515,
5516,
5517,
5518,
5519,
5520,22.658490270113415
5521,10.57725277970213
5522,4.970658232868946
5523,
5524,
5525,
5526,
5527,
5528,15.033843246306606
5529,6.65361833845567
5530,3.1678365971683666
5531,
5532,
5533,
5534,
5535,
5536,16.842409479690637
5537,7.318779723587141
5538,3.555292361456276
5539,
5540,
5541,
5542,
5543,
5544,34.54784298912208
5545,15.552227767439447
5546,7.511705639338184
5547,
5548,
5549,
5550,
5551,
5552,17.22701827913682
5553,8.129079968935843
5554,3.891017381551495
5555,
5556,
5557,
5558,
5559,
5560,36.84066973803762
5561,15.856763690049107
5562,7.8116429837288655
5563,
5564,
5565,
5566,
5567,
5568,24.808859219225585
5569,11.278737723490654
5570,5.280548893477143
5571,
5572,
5573,
5574,
5575,
5576,18.16531060754655
5577,8.295505065416672
5578,4.051521904593345
5579,
5580,
5581,
5582,
5583,
5584,45.52784079180011
5585,20.355203937448895
5586,9.815364245372441
5587,
5588,
5589,
5590,
5591,
5592,20.956837393902383
5593,10.351900249311585
5594,4.8174696839616455
5595,
5596,
5597,
5598,
5599,
5600,26.602652617053206
5601,11.312120270545268
5602,5.681608919544639
5603,
5604,
5605,
5606,
5607,
5608,29.54843647137648
5609,13.060621354770793
5610,5.884368987575873
5611,
5612,
5613,
5614,
5615,
5616,23.162497843122065
5617,10.398064638423378
5618,5.269483245419826
5619,
5620,
5621,
5622,
5623,
5624,25.03994158647591
5625,11.050323669880894
5626,5.266763013886944
5627,
5628,
5629,
5630,
5631,
5632,15.378692274424054
5633,7.0362386701208965
5634,3.5380765385789936
5635,
5636,
5637,
5638,
5639,
5640,37.64167308715753
5641,17.673357329500472
5642,8.358764709166248
5643,
5644,
5645,
5646,
5647,
5648,15.668819210296828
5649,7.068393453247669
5650,3.425633549531014
5651,
5652,
5653,
5654,
5655,
5656,17.057726804347585
5657,7.58655262163299
5658,3.8656248340757946
5659,
5660,
5661,
5662,
5663,
5664,24.115985535561705
5665,11.139444083669789
5666,5.207874845872346
5667,
5668,
5669,
5670,
5671,
5672,27.21603658344523
5673,12.815274232232335
5674,6.053021138078679
5675,
5676,
5677,
5678,
5679,
5680,20.12431816527468
5681,8.966081836727604
5682,4.198352145411898
5683,
5684,
5685,
5686,
5687,
5688,21.327653424530098
5689,9.623284428719481
5690,4.638479871095264
5691,
5692,
5693,
5694,
5695,
5696,55.79086712301366
5697,26.813900949992377
5698,12.539544949271358
5699,
5700,
5701,
5702,
5703,
5704,17.171631037565007
5705,7.428600202000108
5706,3.787384641567946
5707,
5708,
5709,
5710,
5711,
5712,
5713,
5714,
5715,
5716,
5717,
5718,
5719,
5720,
5721,
5722,
5723,
5724,
5725,
5726,
5727,
5728,
5729,
5730,
5731,
5732,
5733,
5734,
5735,
5736,
5737,
5738,
5739,
5740,
5741,
5742,
5743,
5744,
5745,
5746,
5747,
5748,
5749,
5750,
5751,
5752,
5753,
5754,
5755,
5756,
5757,
5758,
5759,
5760,
5761,
5762,
5763,
5764,
5765,
5766,
5767,
5768,
5769,
5770,
5771,
5772,
5773,
5774,
5775,
5776,
5777,
5778,
5779,
5780,
5781,
5782,
5783,
5784,
5785,
5786,
5787,
5788,
5789,
5790,
5791,
5792,
5793,
5794,
5795,
5796,
5797,
5798,
5799,
5800,
5801,
5802,
5803,
5804,
5805,
5806,
5807,
5808,
5809,
5810,
5811,
5812,
5813,
5814,
5815,
5816,
5817,
5818,
5819,
5820,
5821,
5822,
5823,
5824,
5825,
5826,
5827,
5828,
5829,
5830,
5831,
5832,
5833,
5834,
5835,
5836,
5837,
5838,
5839,
5840,
5841,
5842,
5843,
5844,
5845,
5846,
5847,
5848,
5849,
5850,
5851,
5852,
5853,
5854,
5855,
5856,
5857,
5858,
5859,
5860,
5861,
5862,
5863,
5864,
5865,
5866,
5867,
5868,
5869,
5870,
5871,
5872,
5873,
5874,
5875,
5876,
5877,
5878,
5879,
5880,
5881,
5882,
5883,
5884,
5885,
5886,
5887,
5888,
5889,
5890,
5891,
5892,
5893,
5894,
5895,
5896,
5897,
5898,
5899,
5900,
5901,
5902,
5903,
5904,
5905,
5906,
5907,
5908,
5909,
5910,
5911,
5912,
5913,
5914,
5915,
5916,
5917,
5918,
5919,
5920,
5921,
5922,
5923,
5924,
5925,
5926,
5927,
5928,
5929,
5930,
5931,
5932,
5933,
5934,
5935,
5936,
5937,
5938,
5939,
5940,
5941,
5942,
5943,
5944,
5945,
5946,
5947,
5948,
5949,
5950,
5951,
5952,
5953,
5954,
5955,
5956,
5957,
5958,
5959,
5960,
5961,
5962,
5963,
5964,
5965,
5966,
5967,
5968,
5969,
5970,
5971,
5972,
5973,
5974,
5975,
5976,
5977,
5978,
5979,
5980,
5981,
5982,
5983,
5984,
5985,
5986,
5987,
5988,
5989,
5990,
5991,
5992,
5993,
5994,
5995,
5996,
5997,
5998,
5999,
6000,
6001,
6002,
6003,
6004,
6005,
6006,
6007,
6008,
6009,
6010,
6011,
6012,
6013,
6014,
6015,
6016,
6017,
6018,
6019,
6020,
6021,
6022,
6023,
6024,
6025,
6026,
6027,
6028,
6029,
6030,
6031,
6032,
6033,
6034,
6035,
6036,
6037,
6038,
6039,
6040,
6041,
6042,
6043,
6044,
6045,
6046,
6047,
6048,
6049,
6050,
6051,
6052,
6053,
6054,
6055,
6056,
6057,
6058,
6059,
6060,
6061,
6062,
6063,
6064,
6065,
6066,
6067,
6068,
6069,
6070,
6071,
6072,
6073,
6074,
6075,
6076,
6077,
6078,
6079,
6080,
6081,
6082,
6083,
6084,
6085,
6086,
6087,
6088,
6089,
6090,
6091,
6092,
6093,
6094,
6095,
6096,
6097,
6098,
6099,
6100,
6101,
6102,
6103,
6104,
6105,
6106,
6107,
6108,
6109,
6110,
6111,
6112,
6113,
6114,
6115,
6116,
6117,
6118,
6119,
6120,17.407491914394665
6121,8.000948664764156
6122,4.991201678130548
6123,
6124,
6125,
6126,
6127,
6128,20.182479028433853
6129,9.308698228099939
6130,5.707772856130985
6131,
6132,
6133,
6134,
6135,
6136,18.367115805361326
6137,8.781053037981156
6138,5.227175713911945
6139,
6140,
6141,
6142,
6143,
6144,16.36655212709475
6145,7.567984323489649
6146,4.956538837517315
6147,
6148,
6149,
6150,
6151,
6152,15.465204960911118
6153,7.232699766128256
6154,4.398655942057942
6155,
6156,
6157,
6158,
6159,
6160,17.06407512132206
6161,8.276209377688042
6162,4.951858625894398
6163,
6164,
6165,
6166,
6167,
6168,16.906798815653822
6169,8.058291449046218
6170,4.818070534993609
6171,
6172,
6173,
6174,
6175,
6176,25.288500944901223
6177,11.798711445605205
6178,7.046653553781493
6179,
6180,
6181,
6182,
6183,
6184,27.009904524679172
6185,12.308702698596015
6186,7.125412270663977
6187,
6188,
6189,
6190,
6191,
6192,15.236455957974039
6193,7.365545220984048
6194,4.239865132262174
6195,
6196,
6197,
6198,
6199,
6200,20.40972510221181
6201,9.563647363220667
6202,5.660451081864268
6203,
6204,
6205,
6206,
6207,
6208,13.109627102058559
6209,5.90354640813217
6210,3.4379097731604387
6211,
6212,
6213,
6214,
6215,
6216,14.916819919460872
6217,6.890392776600531
6218,4.1713245371481555
6219,
6220,
6221,
6222,
6223,
6224,16.85848274789609
6225,7.995518428492984
6226,4.9048412907164005
6227,
6228,
6229,
6230,
6231,
6232,19.030636733035553
6233,8.524160647097235
6234,5.26846539545139
6235,
6236,
6237,
6238,
6239,
6240,25.643551309259795
6241,12.026386568879134
6242,7.068218675805405
6243,
6244,
6245,
6246,
6247,
6248,14.853365284929042
6249,6.96256141936736
6250,4.324664102679234
6251,
6252,
6253,
6254,
6255,
6256,39.65837789277223
6257,17.739704545616373
6258,10.274162565659838
6259,
6260,
6261,
6262,
6263,
6264,18.914735336819604
6265,8.660577357851164
6266,5.2801055374933075
6267,
6268,
6269,
6270,
6271,
6272,23.802679483853293
6273,11.806742898785975
6274,6.442093470880381
6275,
6276,
6277,
6278,
6279,
6280,34.70765840954951
6281,16.534881405482857
6282,9.47919256005843
6283,
6284,
6285,
6286,
6287,
6288,30.69939919932691
6289,13.982196887291327
6290,8.869019230876908
6291,
6292,
6293,
6294,
6295,
6296,20.417161891490792
6297,9.003412943748005
6298,5.280425188166679
6299,
6300,
6301,
6302,
6303,
6304,14.709503614424088
6305,6.745501506397096
6306,3.9122334543069575
6307,
6308,
6309,
6310,
6311,
6312,26.536258937796894
6313,11.925064655165201
6314,6.8279418866025035
6315,
6316,
6317,
6318,
6319,
6320,20.799520782619528
6321,9.531167694811876
6322,5.876180763184991
6323,
6324,
6325,
6326,
6327,
6328,15.379606670915516
6329,7.293984437089983
6330,4.373361261792663
6331,
6332,
6333,
6334,
6335,
6336,21.25070520532908
6337,10.037368728128776
6338,5.751260488217792
6339,
6340,
6341,
6342,
6343,
6344,13.870777874783174
6345,6.050823748591724
6346,3.76698571357374
6347,
6348,
6349,
6350,
6351,
6352,14.822365033254032
6353,6.56701389660626
6354,4.078886318659061
6355,
6356,
6357,
6358,
6359,
6360,31.01328059835643
6361,13.65775856916291
6362,8.312647577222224
6363,
6364,
6365,
6366,
6367,
6368,15.211740652313273
6369,7.234877712110583
6370,4.365435738849144
6371,
6372,
6373,
6374,
6375,
6376,33.75562402977478
6377,13.90255777825652
6378,8.372968292770226
6379,
6380,
6381,
6382,
6383,
6384,22.863365323071758
6385,10.542885441666247
6386,6.2837895628386855
6387,
6388,
6389,
6390,
6391,
6392,15.986151184837167
6393,7.579122854355277
6394,4.599145505544352
6395,
6396,
6397,
6398,
6399,
6400,41.69015678426531
6401,19.650310559704
6402,11.379619475665674
6403,
6404,
6405,
6406,
6407,
6408,17.96097157212845
6409,8.703711188871218
6410,5.300942932095305
6411,
6412,
6413,
6414,
6415,
6416,23.306899860676793
6417,10.849561316600019
6418,6.5214921530135435
6419,
6420,
6421,
6422,
6423,
6424,27.944679527126606
6425,12.164712831295525
6426,7.3151291738452615
6427,
6428,
6429,
6430,
6431,
6432,19.90689735852033
6433,9.262960590208316
6434,5.434037608534128
6435,
6436,
6437,
6438,
6439,
6440,22.35528534164841
6441,10.419656899243586
6442,6.414143308305996
6443,
6444,
6445,
6446,
6447,
6448,14.684186265912254
6449,6.371758079041685
6450,4.017616027131889
6451,
6452,
6453,
6454,
6455,
6456,34.07883263170959
6457,15.643257493939709
6458,9.425267421741207
6459,
6460,
6461,
6462,
6463,
6464,13.342371018199
6465,6.352642960260586
6466,3.7623668679790376
6467,
6468,
6469,
6470,
6471,
6472,14.854535930685888
6473,6.65799803589426
6474,4.38763267664372
6475,
6476,
6477,
6478,
6479,
6480,22.15450800679826
6481,10.158638442699312
6482,6.086091149288408
6483,
6484,
6485,
6486,
6487,
6488,25.43558834276803
6489,11.766728189286232
6490,6.7326678235609005
6491,
6492,
6493,
6494,
6495,
6496,17.517600781077274
6497,8.451812166666148
6498,4.754230615220658
6499,
6500,
6501,
6502,
6503,
6504,19.58076999315423
6505,8.708169444551372
6506,5.324052813598959
6507,
6508,
6509,
6510,
6511,
6512,57.36735108825992
6513,27.12790316307337
6514,15.091652076807236
6515,
6516,
6517,
6518,
6519,
6520,15.43277951148896
6521,6.798488296551303
6522,4.490738720134523
6523,
6524,
6525,
6526,
6527,
6528,
6529,
6530,
6531,
6532,
6533,
6534,
6535,
6536,
6537,
6538,
6539,
6540,
6541,
6542,
6543,
6544,
6545,
6546,
6547,
6548,
6549,
6550,
6551,
6552,
6553,
6554,
6555,
6556,
6557,
6558,
6559,
6560,
6561,
6562,
6563,
6564,
6565,
6566,
6567,
6568,
6569,
6570,
6571,
6572,
6573,
6574,
6575,
6576,
6577,
6578,
6579,
6580,
6581,
6582,
6583,
6584,
6585,
6586,
6587,
6588,
6589,
6590,
6591,
6592,
6593,
6594,
6595,
6596,
6597,
6598,
6599,
6600,
6601,
6602,
6603,
6604,
6605,
6606,
6607,
6608,
6609,
6610,
6611,
6612,
6613,
6614,
6615,
6616,
6617,
6618,
6619,
6620,
6621,
6622,
6623,
6624,
6625,
6626,
6627,
6628,
6629,
6630,
6631,
6632,
6633,
6634,
6635,
6636,
6637,
6638,
6639,
6640,
6641,
6642,
6643,
6644,
6645,
6646,
6647,
6648,
6649,
6650,
6651,
6652,
6653,
6654,
6655,
6656,
6657,
6658,
6659,
6660,
6661,
6662,
6663,
6664,
6665,
6666,
6667,
6668,
6669,
6670,
6671,
6672,
6673,
6674,
6675,
6676,
6677,
6678,
6679,
6680,
6681,
6682,
6683,
6684,
6685,
6686,
6687,
6688,
6689,
6690,
6691,
6692,
6693,
6694,
6695,
6696,
6697,
6698,
6699,
6700,
6701,
6702,
6703,
6704,
6705,
6706,
6707,
6708,
6709,
6710,
6711,
6712,
6713,
6714,
6715,
6716,
6717,
6718,
6719,
6720,
6721,
6722,
6723,
6724,
6725,
6726,
6727,
6728,
6729,
6730,
6731,
6732,
6733,
6734,
6735,
6736,
6737,
6738,
6739,
6740,
6741,
6742,
6743,
6744,
6745,
6746,
6747,
6748,
6749,
6750,
6751,
6752,
6753,
6754,
6755,
6756,
6757,
6758,
6759,
6760,
6761,
6762,
6763,
6764,
6765,
6766,
6767,
6768,
6769,
6770,
6771,
6772,
6773,
6774,
6775,
6776,
6777,
6778,
6779,
6780,
6781,
6782,
6783,
6784,
6785,
6786,
6787,
6788,
6789,
6790,
6791,
6792,
6793,
6794,
6795,
6796,
6797,
6798,
6799,
6800,
6801,
6802,
6803,
6804,
6805,
6806,
6807,
6808,
6809,
6810,
6811,
6812,
6813,
6814,
6815,
6816,
6817,
6818,
6819,
6820,
6821,
6822,
6823,
6824,
6825,
6826,
6827,
6828,
6829,
6830,
6831,
6832,
6833,
6834,
6835,
6836,
6837,
6838,
6839,
6840,
6841,
6842,
6843,
6844,
6845,
6846,
6847,
6848,
6849,
6850,
6851,
6852,
6853,
6854,
6855,
6856,
6857,
6858,
6859,
6860,
6861,
6862,
6863,
6864,
6865,
6866,
6867,
6868,
6869,
6870,
6871,
6872,
6873,
6874,
6875,
6876,
6877,
6878,
6879,
6880,
6881,
6882,
6883,
6884,
6885,
6886,
6887,
6888,
6889,
6890,
6891,
6892,
6893,
6894,
6895,
6896,
6897,
6898,
6899,
6900,
6901,
6902,
6903,
6904,
6905,
6906,
6907,
6908,
6909,
6910,
6911,
6912,
6913,
6914,
6915,
6916,
6917,
6918,
6919,
6920,
6921,
6922,
6923,
6924,
6925,
6926,
6927,
6928,
6929,
6930,
6931,
6932,
6933,
6934,
6935,
6936,20.00558608413643
6937,8.498027589433937
6938,4.079830057985443
6939,
6940,
6941,
6942,
6943,
6944,22.639525124302775
6945,10.525680053381869
6946,5.3364328029409185
6947,
6948,
6949,
6950,
6951,
6952,20.621400650077696
6953,9.846519304991464
6954,4.610170035555536
6955,
6956,
6957,
6958,
6959,
6960,19.311697127404276
6961,8.92173739666858
6962,4.432008358494495
6963,
6964,
6965,
6966,
6967,
6968,17.472444452891686
6969,8.100883384398806
6970,3.8898185583983813
6971,
6972,
6973,
6974,
6975,
6976,18.307092181701645
6977,8.5986703198629
6978,4.080873511384192
6979,
6980,
6981,
6982,
6983,
6984,18.327794434839262
6985,8.908258161788156
6986,4.189227019472366
6987,
6988,
6989,
6990,
6991,
6992,27.530806240548678
6993,12.836817115249172
6994,6.229952955134164
6995,
6996,
6997,
6998,
6999,
7000,31.08289714299532
7001,14.506528317438258
7002,6.714089725112124
7003,
7004,
7005,
7006,
7007,
7008,17.15462822732071
7009,7.889746548713881
7010,3.483863096417373
7011,
7012,
7013,
7014,
7015,
7016,22.53482020705229
7017,10.214466148351995
7018,4.793382274776521
7019,
7020,
7021,
7022,
7023,
7024,13.592195246230368
7025,6.058141348915757
7026,3.3035969305503685
7027,
7028,
7029,
7030,
7031,
7032,17.341296904967667
7033,7.594611847505346
7034,3.8681882550365265
7035,
7036,
7037,
7038,
7039,
7040,18.506492700588424
7041,8.947306614038062
7042,4.278965279096138
7043,
7044,
7045,
7046,
7047,
7048,21.066890364439903
7049,9.36969540005291
7050,4.643107043191995
7051,
7052,
7053,
7054,
7055,
7056,27.83411044713608
7057,12.158968310650748
7058,5.6494062420363
7059,
7060,
7061,
7062,
7063,
7064,17.119484173411887
7065,8.090856274301661
7066,3.9309909544170023
7067,
7068,
7069,
7070,
7071,
7072,43.28478918965395
7073,19.93898480665952
7074,9.394420560528413
7075,
7076,
7077,
7078,
7079,
7080,21.43299960914632
7081,9.430348146154943
7082,4.4717021571112125
7083,
7084,
7085,
7086,
7087,
7088,26.355896775184775
7089,12.230157956802916
7090,5.758192122047564
7091,
7092,
7093,
7094,
7095,
7096,40.50860004480849
7097,18.070267252313045
7098,8.614130240223162
7099,
7100,
7101,
7102,
7103,
7104,35.29024776070404
7105,15.094781590665276
7106,7.604666749266703
7107,
7108,
7109,
7110,
7111,
7112,23.296145925288496
7113,9.977729299237053
7114,4.805888646627615
7115,
7116,
7117,
7118,
7119,
7120,16.062915157238447
7121,7.410820011283428
7122,3.439612121167979
7123,
7124,
7125,
7126,
7127,
7128,30.12058477921474
7129,13.674353719221061
7130,6.34598727377567
7131,
7132,
7133,
7134,
7135,
7136,22.669208555535562
7137,10.431407773723336
7138,4.685173479641965
7139,
7140,
7141,
7142,
7143,
7144,17.260182236180302
7145,7.843647889245516
7146,3.8414901730759614
7147,
7148,
7149,
7150,
7151,
7152,22.236608937514497
7153,10.261770648673535
7154,4.925257354973855
7155,
7156,
7157,
7158,
7159,
7160,15.827684891709746
7161,7.161615519552001
7162,3.305081926490862
7163,
7164,
7165,
7166,
7167,
7168,17.293528532043553
7169,7.465193606267225
7170,3.5969733767312024
7171,
7172,
7173,
7174,
7175,
7176,34.02933457253167
7177,15.282192217628822
7178,7.26056583094771
7179,
7180,
7181,
7182,
7183,
7184,17.187888833753263
7185,7.807124469642777
7186,3.875239672685917
7187,
7188,
7189,
7190,
7191,
7192,36.55184876598915
7193,15.807095322636783
7194,7.826069342500902
7195,
7196,
7197,
7198,
7199,
7200,24.82789373717757
7201,11.4509550150518
7202,5.317076493585961
7203,
7204,
7205,
7206,
7207,
7208,18.17633578529521
7209,8.48094760052205
7210,4.140355680553636
7211,
7212,
7213,
7214,
7215,
7216,45.351825923474486
7217,20.242653056731747
7218,9.755460485846974
7219,
7220,
7221,
7222,
7223,
7224,20.446825420554433
7225,10.160207588023415
7226,4.747604076940624
7227,
7228,
7229,
7230,
7231,
7232,27.093755298921597
7233,11.851145608754445
7234,5.935658890250656
7235,
7236,
7237,
7238,
7239,
7240,29.79861137448477
7241,13.213683929773223
7242,6.457232000900983
7243,
7244,
7245,
7246,
7247,
7248,22.884637519836375
7249,10.484357469111108
7250,5.040149195014869
7251,
7252,
7253,
7254,
7255,
7256,24.496558856431616
7257,10.812575538345895
7258,5.232135268906921
7259,
7260,
7261,
7262,
7263,
7264,15.966843646643662
7265,7.2513987972434855
7266,3.709867812759164
7267,
7268,
7269,
7270,
7271,
7272,38.30727668354377
7273,18.1443651022379
7274,8.678347162750995
7275,
7276,
7277,
7278,
7279,
7280,14.975122960571126
7281,7.105833350045995
7282,3.4213325293710355
7283,
7284,
7285,
7286,
7287,
7288,17.72849659365704
7289,7.872941282979063
7290,4.031864621472437
7291,
7292,
7293,
7294,
7295,
7296,24.88553788498385
7297,11.65724946008371
7298,5.4150539233006265
7299,
7300,
7301,
7302,
7303,
7304,27.089714731732926
7305,12.926315614407697
7306,6.148755886053745
7307,
7308,
7309,
7310,
7311,
7312,20.02017887559879
7313,9.230005066865496
7314,4.071484642229574
7315,
7316,
7317,
7318,
7319,
7320,21.07677745449623
7321,9.441485643915813
7322,4.545224849978056
7323,
7324,
7325,
7326,
7327,
7328,56.71887896495708
7329,26.097913554559316
7330,12.266035340460542
7331,
7332,
7333,
7334,
7335,
7336,17.156806801250994
7337,7.648917604009495
7338,3.967795927512137
7339,
7340,
7341,
7342,
7343,
7344,
7345,
7346,
7347,
7348,
7349,
7350,
7351,
7352,
7353,
7354,
7355,
7356,
7357,
7358,
7359,
7360,
7361,
7362,
7363,
7364,
7365,
7366,
7367,
7368,
7369,
7370,
7371,
7372,
7373,
7374,
7375,
7376,
7377,
7378,
7379,
7380,
7381,
7382,
7383,
7384,
7385,
7386,
7387,
7388,
7389,
7390,
7391,
7392,
7393,
7394,
7395,
7396,
7397,
7398,
7399,
7400,
7401,
7402,
7403,
7404,
7405,
7406,
7407,
7408,
7409,
7410,
7411,
7412,
7413,
7414,
7415,
7416,
7417,
7418,
7419,
7420,
7421,
7422,
7423,
7424,
7425,
7426,
7427,
7428,
7429,
7430,
7431,
7432,
7433,
7434,
7435,
7436,
7437,
7438,
7439,
7440,
7441,
7442,
7443,
7444,
7445,
7446,
7447,
7448,
7449,
7450,
7451,
7452,
7453,
7454,
7455,
7456,
7457,
7458,
7459,
7460,
7461,
7462,
7463,
7464,
7465,
7466,
7467,
7468,
7469,
7470,
7471,
7472,
7473,
7474,
7475,
7476,
7477,
7478,
7479,
7480,
7481,
7482,
7483,
7484,
7485,
7486,
7487,
7488,
7489,
7490,
7491,
7492,
7493,
7494,
7495,
7496,
7497,
7498,
7499,
7500,
7501,
7502,
7503,
7504,
7505,
7506,
7507,
7508,
7509,
7510,
7511,
7512,
7513,
7514,
7515,
7516,
7517,
7518,
7519,
7520,
7521,
7522,
7523,
7524,
7525,
7526,
7527,
7528,
7529,
7530,
7531,
7532,
7533,
7534,
7535,
7536,
7537,
7538,
7539,
7540,
7541,
7542,
7543,
7544,
7545,
7546,
7547,
7548,
7549,
7550,
7551,
7552,
7553,
7554,
7555,
7556,
7557,
7558,
7559,
7560,
7561,
7562,
7563,
7564,
7565,
7566,
7567,
7568,
7569,
7570,
7571,
7572,
7573,
7574,
7575,
7576,
7577,
7578,
7579,
7580,
7581,
7582,
7583,
7584,
7585,
7586,
7587,
7588,
7589,
7590,
7591,
7592,
7593,
7594,
7595,
7596,
7597,
7598,
7599,
7600,
7601,
7602,
7603,
7604,
7605,
7606,
7607,
7608,
7609,
7610,
7611,
7612,
7613,
7614,
7615,
7616,
7617,
7618,
7619,
7620,
7621,
7622,
7623,
7624,
7625,
7626,
7627,
7628,
7629,
7630,
7631,
7632,
7633,
7634,
7635,
7636,
7637,
7638,
7639,
7640,
7641,
7642,
7643,
7644,
7645,
7646,
7647,
7648,
7649,
7650,
7651,
7652,
7653,
7654,
7655,
7656,
7657,
7658,
7659,
7660,
7661,
7662,
7663,
7664,
7665,
7666,
7667,
7668,
7669,
7670,
7671,
7672,
7673,
7674,
7675,
7676,
7677,
7678,
7679,
7680,
7681,
7682,
7683,
7684,
7685,
7686,
7687,
7688,
7689,
7690,
7691,
7692,
7693,
7694,
7695,
7696,
7697,
7698,
7699,
7700,
7701,
7702,
7703,
7704,
7705,
7706,
7707,
7708,
7709,
7710,
7711,
7712,
7713,
7714,
7715,
7716,
7717,
7718,
7719,
7720,
7721,
7722,
7723,
7724,
7725,
7726,
7727,
7728,
7729,
7730,
7731,
7732,
7733,
7734,
7735,
7736,
7737,
7738,
7739,
7740,
7741,
7742,
7743,
7744,
7745,
7746,
7747,
7748,
7749,
7750,
7751,
7752,
7753,
7754,
7755,
7756,
7757,
7758,
7759,
7760,
7761,
7762,
7763,
7764,
7765,
7766,
7767,
7768,
7769,
7770,
7771,
7772,
7773,
7774,
7775,
7776,
7777,
7778,
7779,
7780,
7781,
7782,
7783,
7784,
7785,
7786,
7787,
7788,
7789,
7790,
7791,
7792,
7793,
7794,
7795,
7796,
7797,
7798,
7799,
7800,
7801,
7802,
7803,
7804,
7805,
7806,
7807,
7808,
7809,
7810,
7811,
7812,
7813,
7814,
7815,
7816,
7817,
7818,
7819,
7820,
7821,
7822,
7823,
7824,
7825,
7826,
7827,
7828,
7829,
7830,
7831,
7832,
7833,
7834,
7835,
7836,
7837,
7838,
7839,
7840,
7841,
7842,
7843,
7844,
7845,
7846,
7847,
7848,
7849,
7850,
7851,
7852,
7853,
7854,
7855,
7856,
7857,
7858,
7859,
7860,
7861,
7862,
7863,
7864,
7865,
7866,
7867,
7868,
7869,
7870,
7871,
7872,
7873,
7874,
7875,
7876,
7877,
7878,
7879,
7880,
7881,
7882,
7883,
7884,
7885,
7886,
7887,
7888,
7889,
7890,
7891,
7892,
7893,
7894,
7895,
7896,
7897,
7898,
7899,
7900,
7901,
7902,
7903,
7904,
7905,
7906,
7907,
7908,
7909,
7910,
7911,
7912,
7913,
7914,
7915,
7916,
7917,
7918,
7919,
7920,
7921,
7922,
7923,
7924,
7925,
7926,
7927,
7928,
7929,
7930,
7931,
7932,
7933,
7934,
7935,
7936,
7937,
7938,
7939,
7940,
7941,
7942,
7943,
7944,
7945,
7946,
7947,
7948,
7949,
7950,
7951,
7952,
7953,
7954,
7955,
7956,
7957,
7958,
7959,
7960,
7961,
7962,
7963,
7964,
7965,
7966,
7967,
7968,
7969,
7970,
7971,
7972,
7973,
7974,
7975,
7976,
7977,
7978,
7979,
7980,
7981,
7982,
7983,
7984,
7985,
7986,
7987,
7988,
7989,
7990,
7991,
7992,
7993,
7994,
7995,
7996,
7997,
7998,
7999,
8000,
8001,
8002,
8003,
8004,
8005,
8006,
8007,
8008,
8009,
8010,
8011,
8012,
8013,
8014,
8015,
8016,
8017,
8018,
8019,
8020,
8021,
8022,
8023,
8024,
8025,
8026,
8027,
8028,
8029,
8030,
8031,
8032,
8033,
8034,
8035,
8036,
8037,
8038,
8039,
8040,
8041,
8042,
8043,
8044,
8045,
8046,
8047,
8048,
8049,
8050,
8051,
8052,
8053,
8054,
8055,
8056,
8057,
8058,
8059,
8060,
8061,
8062,
8063,
8064,
8065,
8066,
8067,
8068,
8069,
8070,
8071,
8072,
8073,
8074,
8075,
8076,
8077,
8078,
8079,
8080,
8081,
8082,
8083,
8084,
8085,
8086,
8087,
8088,
8089,
8090,
8091,
8092,
8093,
8094,
8095,
8096,
8097,
8098,
8099,
8100,
8101,
8102,
8103,
8104,
8105,
8106,
8107,
8108,
8109,
8110,
8111,
8112,
8113,
8114,
8115,
8116,
8117,
8118,
8119,
8120,
8121,
8122,
8123,
8124,
8125,
8126,
8127,
8128,
8129,
8130,
8131,
8132,
8133,
8134,
8135,
8136,
8137,
8138,
8139,
8140,
8141,
8142,
8143,
8144,
8145,
8146,
8147,
8148,
8149,
8150,
8151,
8152,
8153,
8154,
8155,
8156,
8157,
8158,
8159,
8160,
8161,
8162,
8163,
8164,
8165,
8166,
8167,
8168,
8169,
8170,
8171,
8172,
8173,
8174,
8175,
8176,
8177,
8178,
8179,
8180,
8181,
8182,
8183,
8184,
8185,
8186,
8187,
8188,
8189,
8190,
8191,
8192,
8193,
8194,
8195,
8196,
8197,
8198,
8199,
8200,
8201,
8202,
8203,
8204,
8205,
8206,
8207,
8208,
8209,
8210,
8211,
8212,
8213,
8214,
8215,
8216,
8217,
8218,
8219,
8220,
8221,
8222,
8223,
8224,
8225,
8226,
8227,
8228,
8229,
8230,
8231,
8232,
8233,
8234,
8235,
8236,
8237,
8238,
8239,
8240,
8241,
8242,
8243,
8244,
8245,
8246,
8247,
8248,
8249,
8250,
8251,
8252,
8253,
8254,
8255,
8256,
8257,
8258,
8259,
8260,
8261,
8262,
8263,
8264,
8265,
8266,
8267,
8268,
8269,
8270,
8271,
8272,
8273,
8274,
8275,
8276,
8277,
8278,
8279,
8280,
8281,
8282,
8283,
8284,
8285,
8286,
8287,
8288,
8289,
8290,
8291,
8292,
8293,
8294,
8295,
8296,
8297,
8298,
8299,
8300,
8301,
8302,
8303,
8304,
8305,
8306,
8307,
8308,
8309,
8310,
8311,
8312,
8313,
8314,
8315,
8316,
8317,
8318,
8319,
8320,
8321,
8322,
8323,
8324,
8325,
8326,
8327,
8328,
8329,
8330,
8331,
8332,
8333,
8334,
8335,
8336,
8337,
8338,
8339,
8340,
8341,
8342,
8343,
8344,
8345,
8346,
8347,
8348,
8349,
8350,
8351,
8352,
8353,
8354,
8355,
8356,
8357,
8358,
8359,
8360,
8361,
8362,
8363,
8364,
8365,
8366,
8367,
8368,
8369,
8370,
8371,
8372,
8373,
8374,
8375,
8376,
8377,
8378,
8379,
8380,
8381,
8382,
8383,
8384,
8385,
8386,
8387,
8388,
8389,
8390,
8391,
8392,
8393,
8394,
8395,
8396,
8397,
8398,
8399,
8400,
8401,
8402,
8403,
8404,
8405,
8406,
8407,
8408,
8409,
8410,
8411,
8412,
8413,
8414,
8415,
8416,
8417,
8418,
8419,
8420,
8421,
8422,
8423,
8424,
8425,
8426,
8427,
8428,
8429,
8430,
8431,
8432,
8433,
8434,
8435,
8436,
8437,
8438,
8439,
8440,
8441,
8442,
8443,
8444,
8445,
8446,
8447,
8448,
8449,
8450,
8451,
8452,
8453,
8454,
8455,
8456,
8457,
8458,
8459,
8460,
8461,
8462,
8463,
8464,
8465,
8466,
8467,
8468,
8469,
8470,
8471,
8472,
8473,
8474,
8475,
8476,
8477,
8478,
8479,
8480,
8481,
8482,
8483,
8484,
8485,
8486,
8487,
8488,
8489,
8490,
8491,
8492,
8493,
8494,
8495,
8496,
8497,
8498,
8499,
8500,
8501,
8502,
8503,
8504,
8505,
8506,
8507,
8508,
8509,
8510,
8511,
8512,
8513,
8514,
8515,
8516,
8517,
8518,
8519,
8520,
8521,
8522,
8523,
8524,
8525,
8526,
8527,
8528,
8529,
8530,
8531,
8532,
8533,
8534,
8535,
8536,
8537,
8538,
8539,
8540,
8541,
8542,
8543,
8544,
8545,
8546,
8547,
8548,
8549,
8550,
8551,
8552,
8553,
8554,
8555,
8556,
8557,
8558,
8559,
8560,
8561,
8562,
8563,
8564,
8565,
8566,
8567,
8568,17.735676415057103
8569,8.193012657424475
8570,4.916830255806732
8571,
8572,
8573,
8574,
8575,
8576,20.348187963971636
8577,9.269400689644748
8578,5.748967673269068
8579,
8580,
8581,
8582,
8583,
8584,18.186839567641105
8585,8.637785180827843
8586,5.265601669338754
8587,
8588,
8589,
8590,
8591,
8592,17.551306859346912
8593,8.12974705292914
8594,5.044140228860716
8595,
8596,
8597,
8598,
8599,
8600,15.74570787828333
8601,7.054974084131315
8602,4.440794781347821
8603,
8604,
8605,
8606,
8607,
8608,17.441589721046395
8609,8.05203253276303
8610,4.968646035794606
8611,
8612,
8613,
8614,
8615,
8616,16.997772670072596
8617,8.084559581089943
8618,4.839577456191646
8619,
8620,
8621,
8622,
8623,
8624,25.613308891796393
8625,11.633817951940268
8626,6.819240409435957
8627,
8628,
8629,
8630,
8631,
8632,28.47468056060602
8633,12.362653491891546
8634,7.068689877180801
8635,
8636,
8637,
8638,
8639,
8640,15.31844401453386
8641,7.308596918174621
8642,4.24880656326429
8643,
8644,
8645,
8646,
8647,
8648,21.16342456950982
8649,9.644105545463365
8650,5.673385517747181
8651,
8652,
8653,
8654,
8655,
8656,13.214136426462607
8657,5.981836592273759
8658,3.2736648645868662
8659,
8660,
8661,
8662,
8663,
8664,15.1610594697732
8665,6.828156124092037
8666,4.319723376508216
8667,
8668,
8669,
8670,
8671,
8672,17.504317934715708
8673,8.115818023231729
8674,4.962882444540273
8675,
8676,
8677,
8678,
8679,
8680,19.258973164543224
8681,8.626162364656498
8682,5.350692832100806
8683,
8684,
8685,
8686,
8687,
8688,26.20676606615276
8689,12.03758598612142
8690,7.277223826538322
8691,
8692,
8693,
8694,
8695,
8696,15.205259812616585
8697,7.102069397686157
8698,4.441097543529953
8699,
8700,
8701,
8702,
8703,
8704,40.138844421764006
8705,18.128941006160158
8706,10.358214484151086
8707,
8708,
8709,
8710,
8711,
8712,20.156524421319507
8713,8.884719882194394
8714,5.3365039821050395
8715,
8716,
8717,
8718,
8719,
8720,24.203484340625916
8721,11.35547954017273
8722,6.40191814639243
8723,
8724,
8725,
8726,
8727,
8728,36.16270820530236
8729,16.811538284582213
8730,9.789319899469376
8731,
8732,
8733,
8734,
8735,
8736,32.061656461026345
8737,14.372540291699323
8738,8.811403608399226
8739,
8740,
8741,
8742,
8743,
8744,21.028885084850373
8745,9.399898950555306
8746,5.582305004775722
8747,
8748,
8749,
8750,
8751,
8752,14.950943441023218
8753,6.678995483913205
8754,3.909069674780496
8755,
8756,
8757,
8758,
8759,
8760,27.46864047344577
8761,12.073318027861497
8762,7.056614544701963
8763,
8764,
8765,
8766,
8767,
8768,21.646107360172593
8769,9.668363629311262
8770,5.904786167920502
8771,
8772,
8773,
8774,
8775,
8776,15.114909008874902
8777,7.208417942627344
8778,4.330065943430599
8779,
8780,
8781,
8782,
8783,
8784,21.147528106937163
8785,9.678980347910965
8786,5.601031946393487
8787,
8788,
8789,
8790,
8791,
8792,13.953186278762319
8793,6.219546129362601
8794,3.751429022933615
8795,
8796,
8797,
8798,
8799,
8800,14.394189236844468
8801,6.229506968472662
8802,3.953227182389858
8803,
8804,
8805,
8806,
8807,
8808,31.259499609253876
8809,13.513601541984462
8810,8.300778906983478
8811,
8812,
8813,
8814,
8815,
8816,15.263195118463056
8817,7.182014049647798
8818,4.406637217559904
8819,
8820,
8821,
8822,
8823,
8824,35.27489367665143
8825,14.36992103432057
8826,8.39691920383459
8827,
8828,
8829,
8830,
8831,
8832,23.44699805842347
8833,10.218161565962056
8834,6.224748481483905
8835,
8836,
8837,
8838,
8839,
8840,16.22905073674635
8841,7.471675877649342
8842,4.612029538740916
8843,
8844,
8845,
8846,
8847,
8848,41.82262985005143
8849,19.320098405888842
8850,11.353947510811613
8851,
8852,
8853,
8854,
8855,
8856,18.744181062419138
8857,8.771608420531685
8858,5.380139461822554
8859,
8860,
8861,
8862,
8863,
8864,24.277073226363488
8865,10.93541817332367
8866,6.59304112335901
8867,
8868,
8869,
8870,
8871,
8872,28.63037760684761
8873,12.104563061180482
8874,7.4969310388527
8875,
8876,
8877,
8878,
8879,
8880,21.048895761166424
8881,9.462470499782775
8882,5.506408148075123
8883,
8884,
8885,
8886,
8887,
8888,23.09063413082857
8889,10.525621853512808
8890,6.334905498071389
8891,
8892,
8893,
8894,
8895,
8896,15.046473108153
8897,6.6723848529034235
8898,3.9409742549676765
8899,
8900,
8901,
8902,
8903,
8904,33.87984842121232
8905,15.638829147000259
8906,9.18126728256449
8907,
8908,
8909,
8910,
8911,
8912,14.20373089105761
8913,6.50339036395451
8914,3.869327022806537
8915,
8916,
8917,
8918,
8919,
8920,15.471547482442785
8921,6.768123451074176
8922,4.416543860885783
8923,
8924,
8925,
8926,
8927,
8928,22.897574782806803
8929,10.135346031889167
8930,6.090292763354872
8931,
8932,
8933,
8934,
8935,
8936,26.02110694386514
8937,11.703472693208289
8938,6.844920382188157
8939,
8940,
8941,
8942,
8943,
8944,17.740136750625865
8945,8.135327710943358
8946,4.820242818602832
8947,
8948,
8949,
8950,
8951,
8952,19.404553726678866
8953,8.60407597109079
8954,5.15928712297364
8955,
8956,
8957,
8958,
8959,
8960,49.962608183837844
8961,25.79425076477898
8962,14.906923087779951
8963,
8964,
8965,
8966,
8967,
8968,15.437768840717638
8969,6.840004147583093
8970,4.456231088475633
8971,
8972,
8973,
8974,
8975,
8976,
8977,
8978,
8979,
8980,
8981,
8982,
8983,
8984,
8985,
8986,
8987,
8988,
8989,
8990,
8991,
8992,
8993,
8994,
8995,
8996,
8997,
8998,
8999,
9000,
9001,
9002,
9003,
9004,
9005,
9006,
9007,
9008,
9009,
9010,
9011,
9012,
9013,
9014,
9015,
9016,
9017,
9018,
9019,
9020,
9021,
9022,
9023,
9024,
9025,
9026,
9027,
9028,
9029,
9030,
9031,
9032,
9033,
9034,
9035,
9036,
9037,
9038,
9039,
9040,
9041,
9042,
9043,
9044,
9045,
9046,
9047,
9048,
9049,
9050,
9051,
9052,
9053,
9054,
9055,
9056,
9057,
9058,
9059,
9060,
9061,
9062,
9063,
9064,
9065,
9066,
9067,
9068,
9069,
9070,
9071,
9072,
9073,
9074,
9075,
9076,
9077,
9078,
9079,
9080,
9081,
9082,
9083,
9084,
9085,
9086,
9087,
9088,
9089,
9090,
9091,
9092,
9093,
9094,
9095,
9096,
9097,
9098,
9099,
9100,
9101,
9102,
9103,
9104,
9105,
9106,
9107,
9108,
9109,
9110,
9111,
9112,
9113,
9114,
9115,
9116,
9117,
9118,
9119,
9120,
9121,
9122,
9123,
9124,
9125,
9126,
9127,
9128,
9129,
9130,
9131,
9132,
9133,
9134,
9135,
9136,
9137,
9138,
9139,
9140,
9141,
9142,
9143,
9144,
9145,
9146,
9147,
9148,
9149,
9150,
9151,
9152,
9153,
9154,
9155,
9156,
9157,
9158,
9159,
9160,
9161,
9162,
9163,
9164,
9165,
9166,
9167,
9168,
9169,
9170,
9171,
9172,
9173,
9174,
9175,
9176,
9177,
9178,
9179,
9180,
9181,
9182,
9183,
9184,
9185,
9186,
9187,
9188,
9189,
9190,
9191,
9192,
9193,
9194,
9195,
9196,
9197,
9198,
9199,
9200,
9201,
9202,
9203,
9204,
9205,
9206,
9207,
9208,
9209,
9210,
9211,
9212,
9213,
9214,
9215,
9216,
9217,
9218,
9219,
9220,
9221,
9222,
9223,
9224,
9225,
9226,
9227,
9228,
9229,
9230,
9231,
9232,
9233,
9234,
9235,
9236,
9237,
9238,
9239,
9240,
9241,
9242,
9243,
9244,
9245,
9246,
9247,
9248,
9249,
9250,
9251,
9252,
9253,
9254,
9255,
9256,
9257,
9258,
9259,
9260,
9261,
9262,
9263,
9264,
9265,
9266,
9267,
9268,
9269,
9270,
9271,
9272,
9273,
9274,
9275,
9276,
9277,
9278,
9279,
9280,
9281,
9282,
9283,
9284,
9285,
9286,
9287,
9288,
9289,
9290,
9291,
9292,
9293,
9294,
9295,
9296,
9297,
9298,
9299,
9300,
9301,
9302,
9303,
9304,
9305,
9306,
9307,
9308,
9309,
9310,
9311,
9312,
9313,
9314,
9315,
9316,
9317,
9318,
9319,
9320,
9321,
9322,
9323,
9324,
9325,
9326,
9327,
9328,
9329,
9330,
9331,
9332,
9333,
9334,
9335,
9336,
9337,
9338,
9339,
9340,
9341,
9342,
9343,
9344,
9345,
9346,
9347,
9348,
9349,
9350,
9351,
9352,
9353,
9354,
9355,
9356,
9357,
9358,
9359,
9360,
9361,
9362,
9363,
9364,
9365,
9366,
9367,
9368,
9369,
9370,
9371,
9372,
9373,
9374,
9375,
9376,
9377,
9378,
9379,
9380,
9381,
9382,
9383,
9384,
9385,
9386,
9387,
9388,
9389,
9390,
9391,
9392,
9393,
9394,
9395,
9396,
9397,
9398,
9399,
9400,
9401,
9402,
9403,
9404,
9405,
9406,
9407,
9408,
9409,
9410,
9411,
9412,
9413,
9414,
9415,
9416,
9417,
9418,
9419,
9420,
9421,
9422,
9423,
9424,
9425,
9426,
9427,
9428,
9429,
9430,
9431,
9432,
9433,
9434,
9435,
9436,
9437,
9438,
9439,
9440,
9441,
9442,
9443,
9444,
9445,
9446,
9447,
9448,
9449,
9450,
9451,
9452,
9453,
9454,
9455,
9456,
9457,
9458,
9459,
9460,
9461,
9462,
9463,
9464,
9465,
9466,
9467,
9468,
9469,
9470,
9471,
9472,
9473,
9474,
9475,
9476,
9477,
9478,
9479,
9480,
9481,
9482,
9483,
9484,
9485,
9486,
9487,
9488,
9489,
9490,
9491,
9492,
9493,
9494,
9495,
9496,
9497,
9498,
9499,
9500,
9501,
9502,
9503,
9504,
9505,
9506,
9507,
9508,
9509,
9510,
9511,
9512,
9513,
9514,
9515,
9516,
9517,
9518,
9519,
9520,
9521,
9522,
9523,
9524,
9525,
9526,
9527,
9528,
9529,
9530,
9531,
9532,
9533,
9534,
9535,
9536,
9537,
9538,
9539,
9540,
9541,
9542,
9543,
9544,
9545,
9546,
9547,
9548,
9549,
9550,
9551,
9552,
9553,
9554,
9555,
9556,
9557,
9558,
9559,
9560,
9561,
9562,
9563,
9564,
9565,
9566,
9567,
9568,
9569,
9570,
9571,
9572,
9573,
9574,
9575,
9576,
9577,
9578,
9579,
9580,
9581,
9582,
9583,
9584,
9585,
9586,
9587,
9588,
9589,
9590,
9591,
9592,
9593,
9594,
9595,
9596,
9597,
9598,
9599,
9600,
9601,
9602,
9603,
9604,
9605,
9606,
9607,
9608,
9609,
9610,
9611,
9612,
9613,
9614,
9615,
9616,
9617,
9618,
9619,
9620,
9621,
9622,
9623,
9624,
9625,
9626,
9627,
9628,
9629,
9630,
9631,
9632,
9633,
9634,
9635,
9636,
9637,
9638,
9639,
9640,
9641,
9642,
9643,
9644,
9645,
9646,
9647,
9648,
9649,
9650,
9651,
9652,
9653,
9654,
9655,
9656,
9657,
9658,
9659,
9660,
9661,
9662,
9663,
9664,
9665,
9666,
9667,
9668,
9669,
9670,
9671,
9672,
9673,
9674,
9675,
9676,
9677,
9678,
9679,
9680,
9681,
9682,
9683,
9684,
9685,
9686,
9687,
9688,
9689,
9690,
9691,
9692,
9693,
9694,
9695,
9696,
9697,
9698,
9699,
9700,
9701,
9702,
9703,
9704,
9705,
9706,
9707,
9708,
9709,
9710,
9711,
9712,
9713,
9714,
9715,
9716,
9717,
9718,
9719,
9720,
9721,
9722,
9723,
9724,
9725,
9726,
9727,
9728,
9729,
9730,
9731,
9732,
9733,
9734,
9735,
9736,
9737,
9738,
9739,
9740,
9741,
9742,
9743,
9744,
9745,
9746,
9747,
9748,
9749,
9750,
9751,
9752,
9753,
9754,
9755,
9756,
9757,
9758,
9759,
9760,
9761,
9762,
9763,
9764,
9765,
9766,
9767,
9768,
9769,
9770,
9771,
9772,
9773,
9774,
9775,
9776,
9777,
9778,
9779,
9780,
9781,
9782,
9783,
9784,
9785,
9786,
9787,
9788,
9789,
9790,
9791,
9792,17.47019451065688
9793,8.022879736761212
9794,4.5585174102984185
9795,
9796,
9797,
9798,
9799,
9800,21.232873486748193
9801,10.059803640785209
9802,5.784596310043273
9803,
9804,
9805,
9806,
9807,
9808,19.493457323991485
9809,9.909146017664726
9810,5.177294105118473
9811,
9812,
9813,
9814,
9815,
9816,17.88712197250422
9817,8.38038038960205
9818,4.991255608975384
9819,
9820,
9821,
9822,
9823,
9824,16.0293341423729
9825,7.492137199590911
9826,4.130546283184869
9827,
9828,
9829,
9830,
9831,
9832,17.94130551358119
9833,8.608768882989441
9834,4.852560883869168
9835,
9836,
9837,
9838,
9839,
9840,17.168268067656083
9841,8.373402532130996
9842,4.626198459382038
9843,
9844,
9845,
9846,
9847,
9848,26.57357135452899
9849,12.069659673254623
9850,6.634679284445105
9851,
9852,
9853,
9854,
9855,
9856,30.152779345020196
9857,13.351551148386616
9858,7.47559923123196
9859,
9860,
9861,
9862,
9863,
9864,15.886825355444058
9865,7.76090119838413
9866,4.280626909445029
9867,
9868,
9869,
9870,
9871,
9872,21.4074387995941
9873,9.645807239609109
9874,5.6365038073220095
9875,
9876,
9877,
9878,
9879,
9880,13.110143158664435
9881,6.034643813500136
9882,3.335885505816537
9883,
9884,
9885,
9886,
9887,
9888,15.784683324154104
9889,7.379764369104425
9890,4.43774856418464
9891,
9892,
9893,
9894,
9895,
9896,18.366661617895666
9897,8.42979919441232
9898,4.840342348856495
9899,
9900,
9901,
9902,
9903,
9904,20.200798367224117
9905,9.119760329555723
9906,5.3027102837873334
9907,
9908,
9909,
9910,
9911,
9912,27.8824683897947
9913,12.543711794872072
9914,7.113725162320701
9915,
9916,
9917,
9918,
9919,
9920,15.65586096541205
9921,7.774147035289521
9922,4.32621297239605
9923,
9924,
9925,
9926,
9927,
9928,44.40569569771503
9929,20.258508151378543
9930,10.789302143575854
9931,
9932,
9933,
9934,
9935,
9936,20.64647424798278
9937,9.205499238774907
9938,5.1378766377486365
9939,
9940,
9941,
9942,
9943,
9944,25.487749715396255
9945,11.936281024823868
9946,6.18549338949947
9947,
9948,
9949,
9950,
9951,
9952,37.85581139676855
9953,17.51543382341877
9954,10.233430420397507
9955,
9956,
9957,
9958,
9959,
9960,33.70559438517377
9961,15.065184627511844
9962,9.019812320198145
9963,
9964,
9965,
9966,
9967,
9968,21.965276118349884
9969,9.964480423977303
9970,5.5509549539262615
9971,
9972,
9973,
9974,
9975,
9976,15.255004585390402
9977,7.23587242395929
9978,3.877894612451779
9979,
9980,
9981,
9982,
9983,
9984,28.341855026838058
9985,12.690072894569253
9986,7.062612035070407
9987,
9988,
9989,
9990,
9991,
9992,22.805725973171768
9993,10.372300281162472
9994,5.6551073556190765
9995,
9996,
9997,
9998,
9999,
10000,15.91477573003398
10001,7.620748791072017
10002,4.384407582475386
10003,
10004,
10005,
10006,
10007,
10008,21.75937781456415
10009,10.113580291574829
10010,5.4060263708420555
10011,
10012,
10013,
10014,
10015,
10016,14.217779587176313
10017,6.525462442768587
10018,3.5565521628705357
10019,
10020,
10021,
10022,
10023,
10024,15.657973679914193
10025,6.9230548801250835
10026,4.055031335649971
10027,
10028,
10029,
10030,
10031,
10032,31.993910110965185
10033,14.763711848718756
10034,7.891390049683174
10035,
10036,
10037,
10038,
10039,
10040,16.46369684624005
10041,7.680089293805314
10042,4.338296191772914
10043,
10044,
10045,
10046,
10047,
10048,35.91933730429336
10049,14.685937080834316
10050,8.871289899544676
10051,
10052,
10053,
10054,
10055,
10056,24.095597494683307
10057,10.915618582083217
10058,6.228968192382516
10059,
10060,
10061,
10062,
10063,
10064,16.76021538501598
10065,7.977137631251401
10066,4.436923301149064
10067,
10068,
10069,
10070,
10071,
10072,46.07689714601285
10073,21.118835118303664
10074,11.37889332149422
10075,
10076,
10077,
10078,
10079,
10080,19.679912710033644
10081,9.803355044747718
10082,5.556979669150246
10083,
10084,
10085,
10086,
10087,
10088,26.750957169445677
10089,11.228982335677504
10090,6.459924024582363
10091,
10092,
10093,
10094,
10095,
10096,29.222920966349683
10097,12.735736051824793
10098,7.363770368159724
10099,
10100,
10101,
10102,
10103,
10104,21.2243999639613
10105,9.665533653931003
10106,5.336743254945175
10107,
10108,
10109,
10110,
10111,
10112,23.43190383289823
10113,10.848597592758612
10114,6.277278792953631
10115,
10116,
10117,
10118,
10119,
10120,15.515892277614325
10121,6.5971727732087935
10122,4.116277399280663
10123,
10124,
10125,
10126,
10127,
10128,36.267401296837996
10129,16.533859723878745
10130,9.528126324935714
10131,
10132,
10133,
10134,
10135,
10136,14.382399739609408
10137,6.895513039849801
10138,3.9854585123025323
10139,
10140,
10141,
10142,
10143,
10144,16.021230204059563
10145,7.1536267291245235
10146,4.55861435666833
10147,
10148,
10149,
10150,
10151,
10152,23.804187653564234
10153,10.587471175561692
10154,5.890034069051835
10155,
10156,
10157,
10158,
10159,
10160,27.871745026687382
10161,12.877653064822617
10162,7.1866464103035295
10163,
10164,
10165,
10166,
10167,
10168,18.886027782944296
10169,9.214742493684096
10170,4.7639171756593255
10171,
10172,
10173,
10174,
10175,
10176,19.436216834950574
10177,8.903835614483615
10178,5.121425584108793
10179,
10180,
10181,
10182,
10183,
10184,58.01502296120833
10185,28.116975468076475
10186,13.995812459789962
10187,
10188,
10189,
10190,
10191,
10192,16.21338203937559
10193,7.434443606276369
10194,4.40129022035271
10195,
10196,
10197,
10198,
10199,
10200,
10201,
10202,
10203,
10204,
10205,
10206,
10207,
10208,
10209,
10210,
10211,
10212,
10213,
10214,
10215,
10216,
10217,
10218,
10219,
10220,
10221,
10222,
10223,
10224,
10225,
10226,
10227,
10228,
10229,
10230,
10231,
10232,
10233,
10234,
10235,
10236,
10237,
10238,
10239,
10240,
10241,
10242,
10243,
10244,
10245,
10246,
10247,
10248,
10249,
10250,
10251,
10252,
10253,
10254,
10255,
10256,
10257,
10258,
10259,
10260,
10261,
10262,
10263,
10264,
10265,
10266,
10267,
10268,
10269,
10270,
10271,
10272,
10273,
10274,
10275,
10276,
10277,
10278,
10279,
10280,
10281,
10282,
10283,
10284,
10285,
10286,
10287,
10288,
10289,
10290,
10291,
10292,
10293,
10294,
10295,
10296,
10297,
10298,
10299,
10300,
10301,
10302,
10303,
10304,
10305,
10306,
10307,
10308,
10309,
10310,
10311,
10312,
10313,
10314,
10315,
10316,
10317,
10318,
10319,
10320,
10321,
10322,
10323,
10324,
10325,
10326,
10327,
10328,
10329,
10330,
10331,
10332,
10333,
10334,
10335,
10336,
10337,
10338,
10339,
10340,
10341,
10342,
10343,
10344,
10345,
10346,
10347,
10348,
10349,
10350,
10351,
10352,
10353,
10354,
10355,
10356,
10357,
10358,
10359,
10360,
10361,
10362,
10363,
10364,
10365,
10366,
10367,
10368,
10369,
10370,
10371,
10372,
10373,
10374,
10375,
10376,
10377,
10378,
10379,
10380,
10381,
10382,
10383,
10384,
10385,
10386,
10387,
10388,
10389,
10390,
10391,
10392,
10393,
10394,
10395,
10396,
10397,
10398,
10399,
10400,
10401,
10402,
10403,
10404,
10405,
10406,
10407,
10408,
10409,
10410,
10411,
10412,
10413,
10414,
10415,
10416,
10417,
10418,
10419,
10420,
10421,
10422,
10423,
10424,
10425,
10426,
10427,
10428,
10429,
10430,
10431,
10432,
10433,
10434,
10435,
10436,
10437,
10438,
10439,
10440,
10441,
10442,
10443,
10444,
10445,
10446,
10447,
10448,
10449,
10450,
10451,
10452,
10453,
10454,
10455,
10456,
10457,
10458,
10459,
10460,
10461,
10462,
10463,
10464,
10465,
10466,
10467,
10468,
10469,
10470,
10471,
10472,
10473,
10474,
10475,
10476,
10477,
10478,
10479,
10480,
10481,
10482,
10483,
10484,
10485,
10486,
10487,
10488,
10489,
10490,
10491,
10492,
10493,
10494,
10495,
10496,
10497,
10498,
10499,
10500,
10501,
10502,
10503,
10504,
10505,
10506,
10507,
10508,
10509,
10510,
10511,
10512,
10513,
10514,
10515,
10516,
10517,
10518,
10519,
10520,
10521,
10522,
10523,
10524,
10525,
10526,
10527,
10528,
10529,
10530,
10531,
10532,
10533,
10534,
10535,
10536,
10537,
10538,
10539,
10540,
10541,
10542,
10543,
10544,
10545,
10546,
10547,
10548,
10549,
10550,
10551,
10552,
10553,
10554,
10555,
10556,
10557,
10558,
10559,
10560,
10561,
10562,
10563,
10564,
10565,
10566,
10567,
10568,
10569,
10570,
10571,
10572,
10573,
10574,
10575,
10576,
10577,
10578,
10579,
10580,
10581,
10582,
10583,
10584,
10585,
10586,
10587,
10588,
10589,
10590,
10591,
10592,
10593,
10594,
10595,
10596,
10597,
10598,
10599,
10600,
10601,
10602,
10603,
10604,
10605,
10606,
10607,
10608,20.276728134177105
10609,9.35303136001419
10610,4.398728615964214
10611,
10612,
10613,
10614,
10615,
10616,21.785271344104224
10617,10.081711534368342
10618,4.94784436173819
10619,
10620,
10621,
10622,
10623,
10624,20.355321312642804
10625,9.603591297491624
10626,4.640983303506025
10627,
10628,
10629,
10630,
10631,
10632,18.993717499506804
10633,8.577113753835501
10634,4.3173517890984545
10635,
10636,
10637,
10638,
10639,
10640,17.079916477251338
10641,7.844508163413598
10642,3.827253819263085
10643,
10644,
10645,
10646,
10647,
10648,18.766523729300737
10649,8.999532346135062
10650,4.046850400304409
10651,
10652,
10653,
10654,
10655,
10656,18.234372096117102
10657,8.424001556774478
10658,4.0523685344621
10659,
10660,
10661,
10662,
10663,
10664,26.842398559500875
10665,12.935848571516436
10666,6.226169725750484
10667,
10668,
10669,
10670,
10671,
10672,30.97389994793185
10673,14.340378206089365
10674,6.720561998308206
10675,
10676,
10677,
10678,
10679,
10680,16.975892281102947
10681,7.757441294871455
10682,3.42453029476951
10683,
10684,
10685,
10686,
10687,
10688,22.036359490968806
10689,9.83122746226162
10690,4.729435422861295
10691,
10692,
10693,
10694,
10695,
10696,13.485265055561433
10697,5.960170614264639
10698,3.2054792424407537
10699,
10700,
10701,
10702,
10703,
10704,17.35518778114103
10705,7.436946667985605
10706,3.8345593126560975
10707,
10708,
10709,
10710,
10711,
10712,18.694979010558047
10713,8.885240087378753
10714,4.245323192017886
10715,
10716,
10717,
10718,
10719,
10720,20.995855101190095
10721,9.307561608099691
10722,4.55941704461618
10723,
10724,
10725,
10726,
10727,
10728,27.8087692454939
10729,12.522612226204723
10730,6.1627939394128655
10731,
10732,
10733,
10734,
10735,
10736,16.68493621194718
10737,7.895236271521398
10738,3.832468399821777
10739,
10740,
10741,
10742,
10743,
10744,43.01933040043382
10745,19.760289431645088
10746,9.242697361287997
10747,
10748,
10749,
10750,
10751,
10752,21.11243703166121
10753,9.155078552545724
10754,4.376918480927594
10755,
10756,
10757,
10758,
10759,
10760,26.528099415429878
10761,12.519983860513955
10762,5.760647763322771
10763,
10764,
10765,
10766,
10767,
10768,39.53222698065078
10769,17.820781120520795
10770,8.509752789216876
10771,
10772,
10773,
10774,
10775,
10776,35.71151961938612
10777,15.31438141983184
10778,7.471984999831676
10779,
10780,
10781,
10782,
10783,
10784,23.431202682426512
10785,10.139169896306095
10786,4.801860771984145
10787,
10788,
10789,
10790,
10791,
10792,15.820886085510296
10793,6.973663319033549
10794,3.413324849903432
10795,
10796,
10797,
10798,
10799,
10800,30.128423771210763
10801,13.747195255131645
10802,6.336230638814517
10803,
10804,
10805,
10806,
10807,
10808,22.47048244362457
10809,10.057940371400877
10810,4.541767307100397
10811,
10812,
10813,
10814,
10815,
10816,17.251787005320452
10817,7.632945660042711
10818,3.7966197227515055
10819,
10820,
10821,
10822,
10823,
10824,22.435197624632615
10825,10.446343667604044
10826,4.917552735694024
10827,
10828,
10829,
10830,
10831,
10832,15.246183854910598
10833,7.148189240353413
10834,3.2899082887481277
10835,
10836,
10837,
10838,
10839,
10840,17.19212438556077
10841,7.310312671863661
10842,3.5404418498731838
10843,
10844,
10845,
10846,
10847,
10848,34.55287373421132
10849,15.330215484293749
10850,7.302726967527324
10851,
10852,
10853,
10854,
10855,
10856,17.46660755079167
10857,8.044228345952657
10858,3.9644900101003273
10859,
10860,
10861,
10862,
10863,
10864,35.63287098240248
10865,15.51553838604951
10866,7.711577655197723
10867,
10868,
10869,
10870,
10871,
10872,25.063811704581934
10873,11.508484541685437
10874,5.315939876240817
10875,
10876,
10877,
10878,
10879,
10880,18.0475819595032
10881,8.257278206909453
10882,4.077544478532625
10883,
10884,
10885,
10886,
10887,
10888,46.02934880451799
10889,20.311440345799273
10890,10.045498405984567
10891,
10892,
10893,
10894,
10895,
10896,21.006329287396333
10897,10.140813612009968
10898,4.86736241745013
10899,
10900,
10901,
10902,
10903,
10904,27.3312897602232
10905,11.587315111076114
10906,5.717876420487913
10907,
10908,
10909,
10910,
10911,
10912,31.03566908309856
10913,13.961550310393877
10914,6.582601551127412
10915,
10916,
10917,
10918,
10919,
10920,22.953449185599958
10921,10.286231576763605
10922,4.942676924415292
10923,
10924,
10925,
10926,
10927,
10928,24.432630493488542
10929,10.838961668054727
10930,5.199761667175395
10931,
10932,
10933,
10934,
10935,
10936,16.521379279997905
10937,7.262455461584691
10938,3.6527129163457057
10939,
10940,
10941,
10942,
10943,
10944,37.25393169632429
10945,17.23864487852194
10946,8.298019665720997
10947,
10948,
10949,
10950,
10951,
10952,14.988318127198061
10953,6.949838564739535
10954,3.371381970394198
10955,
10956,
10957,
10958,
10959,
10960,18.170235350532604
10961,7.72764645579657
10962,4.027649273596132
10963,
10964,
10965,
10966,
10967,
10968,24.7298110445952
10969,11.131415149249968
10970,5.290739148848765
10971,
10972,
10973,
10974,
10975,
10976,27.18947484280246
10977,13.015450615163896
10978,6.372766292023377
10979,
10980,
10981,
10982,
10983,
10984,20.20531756589032
10985,9.308280255841925
10986,4.107605103293553
10987,
10988,
10989,
10990,
10991,
10992,21.181320242916637
10993,9.505956211763712
10994,4.597316773109306
10995,
10996,
10997,
10998,
10999,
11000,58.29628107524864
11001,25.90731199168494
11002,12.078740732999886
11003,
11004,
11005,
11006,
11007,
11008,16.743509998024876
11009,7.305981198901286
11010,3.8308004557657527
11011,
11012,
11013,
11014,
11015,
11016,19.635500417692242
11017,8.698699742709172
11018,4.700627024183011
11019,
11020,
11021,
11022,
11023,
11024,22.631589082921348
11025,10.214231901958186
11026,6.0428370744021125
11027,
11028,
11029,
11030,
11031,
11032,19.921709455026548
11033,9.38594137287408
11034,5.390734002317336
11035,
11036,
11037,
11038,
11039,
11040,18.996984638276125
11041,8.195006288482237
11042,5.088789914403714
11043,
11044,
11045,
11046,
11047,
11048,16.20990549646227
11049,7.386301665785988
11050,4.387144465433701
11051,
11052,
11053,
11054,
11055,
11056,18.572854382850764
11057,8.671572969528716
11058,5.1465192412410055
11059,
11060,
11061,
11062,
11063,
11064,18.084022593044526
11065,8.655103689171694
11066,4.966109791363707
11067,
11068,
11069,
11070,
11071,
11072,25.859660174920243
11073,11.632431022669783
11074,6.935242277075884
11075,
11076,
11077,
11078,
11079,
11080,30.801069676965795
11081,13.89484484288565
11082,7.633485952570858
11083,
11084,
11085,
11086,
11087,
11088,15.654571372925346
11089,7.112982049334956
11090,4.303823811850058
11091,
11092,
11093,
11094,
11095,
11096,22.187964400655417
11097,9.864758544836791
11098,5.890927321276925
11099,
11100,
11101,
11102,
11103,
11104,13.13920502898848
11105,6.024594254889451
11106,3.2847506063083
11107,
11108,
11109,
11110,
11111,
11112,16.621024075204446
11113,7.515961952903498
11114,4.576995242198206
11115,
11116,
11117,
11118,
11119,
11120,18.751523679317522
11121,8.890902283596745
11122,5.006164588852446
11123,
11124,
11125,
11126,
11127,
11128,20.486997870611912
11129,9.071496542836437
11130,5.54287819726819
11131,
11132,
11133,
11134,
11135,
11136,28.517150470147957
11137,13.148050967950049
11138,7.258746975243769
11139,
11140,
11141,
11142,
11143,
11144,16.64677490609873
11145,7.757807756781474
11146,4.614790541346864
11147,
11148,
11149,
11150,
11151,
11152,46.757610169847055
11153,20.064489779139244
11154,10.849777971850383
11155,
11156,
11157,
11158,
11159,
11160,20.160599387313436
11161,9.433717655510264
11162,5.404968749009853
11163,
11164,
11165,
11166,
11167,
11168,27.00298560510217
11169,12.4538286545153
11170,6.928336637488743
11171,
11172,
11173,
11174,
11175,
11176,40.03746986805456
11177,17.855806405952503
11178,9.91163514366903
11179,
11180,
11181,
11182,
11183,
11184,35.07020564194738
11185,14.95028483425103
11186,9.379925586798597
11187,
11188,
11189,
11190,
11191,
11192,22.256605626738427
11193,10.310035755189368
11194,5.686201005089317
11195,
11196,
11197,
11198,
11199,
11200,16.444902262565726
11201,7.364183019205393
11202,4.059306319600904
11203,
11204,
11205,
11206,
11207,
11208,29.89824032710301
11209,13.12320486947876
11210,7.127227259401522
11211,
11212,
11213,
11214,
11215,
11216,23.184563396281142
11217,10.379955640052408
11218,5.71589048601838
11219,
11220,
11221,
11222,
11223,
11224,17.291157193900474
11225,7.778811610976643
11226,4.5001847430364075
11227,
11228,
11229,
11230,
11231,
11232,23.14891416188221
11233,10.610178066932688
11234,5.839692613137912
11235,
11236,
11237,
11238,
11239,
11240,15.53698434926282
11241,6.874179609191135
11242,3.851898350289828
11243,
11244,
11245,
11246,
11247,
11248,16.223853457571455
11249,7.315236977515781
11250,4.147428822100798
11251,
11252,
11253,
11254,
11255,
11256,35.53512546374309
11257,14.402739577003251
11258,8.63778657747334
11259,
11260,
11261,
11262,
11263,
11264,17.526096580005078
11265,8.070550782465538
11266,4.605316740160248
11267,
11268,
11269,
11270,
11271,
11272,36.96405298271019
11273,15.068789136189963
11274,8.8549974639656
11275,
11276,
11277,
11278,
11279,
11280,25.6001559848855
11281,11.381561328786512
11282,6.544738424712471
11283,
11284,
11285,
11286,
11287,
11288,17.872097955488286
11289,8.148270474680524
11290,4.590127219548859
11291,
11292,
11293,
11294,
11295,
11296,47.003220529679304
11297,21.167110008779876
11298,11.993378394768799
11299,
11300,
11301,
11302,
11303,
11304,20.154337967148333
11305,9.486297609636273
11306,5.568958612667111
11307,
11308,
11309,
11310,
11311,
11312,27.142285850565766
11313,11.85042796934138
11314,6.821953367751022
11315,
11316,
11317,
11318,
11319,
11320,30.72958894928151
11321,13.518528327680563
11322,7.817507222442516
11323,
11324,
11325,
11326,
11327,
11328,22.892882685721673
11329,10.312015024754448
11330,5.737814865734491
11331,
11332,
11333,
11334,
11335,
11336,24.52934235588052
11337,11.626146637255493
11338,6.555328329369511
11339,
11340,
11341,
11342,
11343,
11344,16.54965941682258
11345,7.148680751469952
11346,4.141337442640922
11347,
11348,
11349,
11350,
11351,
11352,38.72922585249098
11353,17.2409850969901
11354,9.863042591206794
11355,
11356,
11357,
11358,
11359,
11360,14.94535133679418
11361,6.751124363441961
11362,3.849225189385717
11363,
11364,
11365,
11366,
11367,
11368,16.908452117318127
11369,7.53960875290557
11370,4.82305755239859
11371,
11372,
11373,
11374,
11375,
11376,24.428351483125265
11377,10.9920196557933
11378,6.257601659420573
11379,
11380,
11381,
11382,
11383,
11384,27.636953450309374
11385,12.53855839892843
11386,7.095948249031911
11387,
11388,
11389,
11390,
11391,
11392,19.571825854983963
11393,8.829586504847796
11394,5.068150945904208
11395,
11396,
11397,
11398,
11399,
11400,20.09425316257083
11401,9.15827706278955
11402,5.298579832076848
11403,
11404,
11405,
11406,
11407,
11408,57.80397985117228
11409,28.414263607404624
11410,15.114294790489625
11411,
11412,
11413,
11414,
11415,
11416,16.955277595020256
11417,7.4703364958425835
11418,4.656579352967456
11419,
11420,
11421,
11422,
11423,
11424,18.25198952543628
11425,8.368069004218185
11426,4.620404077269525
11427,
11428,
11429,
11430,
11431,
11432,22.728806652071132
11433,10.17466032619146
11434,6.069701224821128
11435,
11436,
11437,
11438,
11439,
11440,20.360672617167822
11441,9.452906702191717
11442,5.3884554498686095
11443,
11444,
11445,
11446,
11447,
11448,19.250686501774787
11449,8.793428419933237
11450,5.2702429431965765
11451,
11452,
11453,
11454,
11455,
11456,16.703212098452457
11457,7.621575738789032
11458,4.5201364707312885
11459,
11460,
11461,
11462,
11463,
11464,18.760700599386332
11465,8.758172805282802
11466,5.055606846195179
11467,
11468,
11469,
11470,
11471,
11472,18.150525580549125
11473,8.555258997308062
11474,4.956293518519061
11475,
11476,
11477,
11478,
11479,
11480,26.268531260248928
11481,11.878927810376029
11482,6.918529760378361
11483,
11484,
11485,
11486,
11487,
11488,30.305189377681376
11489,13.707338702882764
11490,7.568768112788727
11491,
11492,
11493,
11494,
11495,
11496,15.429576582258132
11497,7.260850092697387
11498,4.210032371859045
11499,
11500,
11501,
11502,
11503,
11504,22.801446363709996
11505,9.99570417105336
11506,5.916883197738986
11507,
11508,
11509,
11510,
11511,
11512,13.455834498609939
11513,6.088290191831392
11514,3.2795979634004473
11515,
11516,
11517,
11518,
11519,
11520,15.897228163670894
11521,7.224081844738396
11522,4.523790179498123
11523,
11524,
11525,
11526,
11527,
11528,17.895280584809633
11529,8.506950195775694
11530,5.080833790529765
11531,
11532,
11533,
11534,
11535,
11536,20.28258355421738
11537,9.05595250736895
11538,5.450956918377774
11539,
11540,
11541,
11542,
11543,
11544,28.979867073919255
11545,12.874685587864676
11546,7.082527775167208
11547,
11548,
11549,
11550,
11551,
11552,16.51176913695826
11553,7.716551225436617
11554,4.623941584659774
11555,
11556,
11557,
11558,
11559,
11560,44.994810110319
11561,19.62612119582721
11562,10.523720240007416
11563,
11564,
11565,
11566,
11567,
11568,20.11378336151348
11569,9.48600228600439
11570,5.2108086093113
11571,
11572,
11573,
11574,
11575,
11576,26.57430314707198
11577,12.292979860656136
11578,6.576879451029721
11579,
11580,
11581,
11582,
11583,
11584,40.18176977965872
11585,17.804839892251696
11586,9.961099468371597
11587,
11588,
11589,
11590,
11591,
11592,34.64110489901687
11593,14.668034366205239
11594,9.219389718367125
11595,
11596,
11597,
11598,
11599,
11600,22.48315384610225
11601,10.051551514523991
11602,5.85482795494307
11603,
11604,
11605,
11606,
11607,
11608,15.871960468215791
11609,7.204357390302511
11610,3.9607492848627275
11611,
11612,
11613,
11614,
11615,
11616,30.24372235541542
11617,13.172365059897981
11618,7.150309663343719
11619,
11620,
11621,
11622,
11623,
11624,24.185614008429138
11625,10.60029018518824
11626,5.897170882570865
11627,
11628,
11629,
11630,
11631,
11632,17.098501755716352
11633,7.788665616956865
11634,4.481317469644543
11635,
11636,
11637,
11638,
11639,
11640,23.270382924548173
11641,10.570724436227474
11642,5.85740467557249
11643,
11644,
11645,
11646,
11647,
11648,15.573330328512322
11649,6.790136196976203
11650,3.878174630684318
11651,
11652,
11653,
11654,
11655,
11656,15.841481434035648
11657,7.0982486436659595
11658,4.019046607609097
11659,
11660,
11661,
11662,
11663,
11664,34.53907419710682
11665,14.384666309889637
11666,8.516897046590476
11667,
11668,
11669,
11670,
11671,
11672,16.273670899003765
11673,7.71779278266243
11674,4.3337243587649805
11675,
11676,
11677,
11678,
11679,
11680,37.626014869074865
11681,15.643852006758227
11682,8.848604621232065
11683,
11684,
11685,
11686,
11687,
11688,24.84787242800729
11689,11.279337840868129
11690,6.310064076343025
11691,
11692,
11693,
11694,
11695,
11696,17.48803118870841
11697,8.014125573523016
11698,4.677579352662723
11699,
11700,
11701,
11702,
11703,
11704,47.95266881676008
11705,21.26281978075901
11706,11.621473089496767
11707,
11708,
11709,
11710,
11711,
11712,20.369481315097907
11713,9.56014576242618
11714,5.614761194160238
11715,
11716,
11717,
11718,
11719,
11720,26.08823260132959
11721,11.085596698680769
11722,6.354910405829594
11723,
11724,
11725,
11726,
11727,
11728,30.36312374324391
11729,13.240070740305567
11730,7.820405168234402
11731,
11732,
11733,
11734,
11735,
11736,22.67668425729503
11737,9.8922608773732
11738,5.5857322988411315
11739,
11740,
11741,
11742,
11743,
11744,24.33459982012754
11745,11.41452931060759
11746,6.5598723973412145
11747,
11748,
11749,
11750,
11751,
11752,16.419462089997506
11753,7.22688662273729
11754,4.210777690764707
11755,
11756,
11757,
11758,
11759,
11760,38.69414983916267
11761,16.66528699638681
11762,9.205728635702538
11763,
11764,
11765,
11766,
11767,
11768,14.754100995133989
11769,6.967006114900837
11770,3.9140389430790457
11771,
11772,
11773,
11774,
11775,
11776,16.35931959289073
11777,7.451139766293125
11778,4.639314551863393
11779,
11780,
11781,
11782,
11783,
11784,24.2274413414547
11785,10.999013494056355
11786,6.051085181517256
11787,
11788,
11789,
11790,
11791,
11792,27.67361011347355
11793,12.314505391756182
11794,6.982319622349884
11795,
11796,
11797,
11798,
11799,
11800,18.72348743014128
11801,8.386864213904667
11802,4.925663948239406
11803,
11804,
11805,
11806,
11807,
11808,20.308939942551106
11809,9.138255858131995
11810,5.2075977831700815
11811,
11812,
11813,
11814,
11815,
11816,59.53786548461013
11817,27.890321274446762
11818,15.417532237645107
11819,
11820,
11821,
11822,
11823,
11824,16.549186717612976
11825,7.435324127229357
11826,4.569146510895216
11827,
11828,
11829,
11830,
11831,
11832,18.159105931402102
11833,8.179067409446953
11834,4.84479421400489
11835,
11836,
11837,
11838,
11839,
11840,21.597767483295712
11841,9.78140339242577
11842,5.885859554874198
11843,
11844,
11845,
11846,
11847,
11848,18.920361960777235
11849,8.892333314653937
11850,5.279962242261315
11851,
11852,
11853,
11854,
11855,
11856,17.59552665826377
11857,8.064223794233147
11858,4.954949131054502
11859,
11860,
11861,
11862,
11863,
11864,15.551225486137827
11865,7.1316079400363765
11866,4.438382308739744
11867,
11868,
11869,
11870,
11871,
11872,17.27941930173622
11873,8.201728451771798
11874,4.962968276346302
11875,
11876,
11877,
11878,
11879,
11880,17.183241723830285
11881,8.166507559283042
11882,4.858523820676026
11883,
11884,
11885,
11886,
11887,
11888,25.211306355091587
11889,11.566779207873141
11890,6.990334748045367
11891,
11892,
11893,
11894,
11895,
11896,28.02929850289457
11897,12.722257889338273
11898,7.341630151458349
11899,
11900,
11901,
11902,
11903,
11904,15.157899751042764
11905,7.2676295298348785
11906,4.282595338632026
11907,
11908,
11909,
11910,
11911,
11912,22.218081857374376
11913,9.581711144158254
11914,5.769644949278237
11915,
11916,
11917,
11918,
11919,
11920,12.638742669546884
11921,5.722027505551776
11922,3.2992803914776365
11923,
11924,
11925,
11926,
11927,
11928,15.305954900321469
11929,6.8864081919391475
11930,4.3818186476882905
11931,
11932,
11933,
11934,
11935,
11936,17.122152775456843
11937,8.02114524686114
11938,4.870738513013936
11939,
11940,
11941,
11942,
11943,
11944,18.814571549423917
11945,8.526006456500655
11946,5.313673262364578
11947,
11948,
11949,
11950,
11951,
11952,26.236653275544686
11953,12.233979131895968
11954,6.946758339027545
11955,
11956,
11957,
11958,
11959,
11960,15.577218285584495
11961,7.211800731741562
11962,4.435425811464398
11963,
11964,
11965,
11966,
11967,
11968,41.32003968809406
11969,18.90398506257575
11970,10.564227700207269
11971,
11972,
11973,
11974,
11975,
11976,19.26014869976705
11977,8.881376439941715
11978,5.190756888557256
11979,
11980,
11981,
11982,
11983,
11984,24.566795695378765
11985,11.805674755895962
11986,6.533131904613276
11987,
11988,
11989,
11990,
11991,
11992,36.01888843012891
11993,16.515554366557087
11994,9.751552807983739
11995,
11996,
11997,
11998,
11999,
12000,31.64090068876142
12001,13.919149159521403
12002,9.1577895414259
12003,
12004,
12005,
12006,
12007,
12008,20.971855435590605
12009,9.562128109903895
12010,5.495035616732034
12011,
12012,
12013,
12014,
12015,
12016,14.87153575266245
12017,6.761688328695852
12018,3.919188029320089
12019,
12020,
12021,
12022,
12023,
12024,28.109829948614987
12025,12.149561255114826
12026,6.819240771875286
12027,
12028,
12029,
12030,
12031,
12032,21.798791288487465
12033,9.602949474183532
12034,5.416803287525726
12035,
12036,
12037,
12038,
12039,
12040,15.978846572448033
12041,7.163504840843469
12042,4.295416690930454
12043,
12044,
12045,
12046,
12047,
12048,21.36147134896626
12049,10.043615826662885
12050,5.691976488358103
12051,
12052,
12053,
12054,
12055,
12056,14.248914658494305
12057,6.151505516223762
12058,3.654415196330465
12059,
12060,
12061,
12062,
12063,
12064,14.760139714644009
12065,6.650825271620816
12066,4.007598238052036
12067,
12068,
12069,
12070,
12071,
12072,30.975067226743537
12073,13.346044572111072
12074,8.27063903492749
12075,
12076,
12077,
12078,
12079,
12080,15.740940406111017
12081,7.286164006052389
12082,4.408561093058417
12083,
12084,
12085,
12086,
12087,
12088,33.91982782936056
12089,14.003822595811396
12090,8.259788427400276
12091,
12092,
12093,
12094,
12095,
12096,22.879744408992778
12097,10.376315035656365
12098,6.186545345867099
12099,
12100,
12101,
12102,
12103,
12104,16.186353859758395
12105,7.6165413337804795
12106,4.486792028361441
12107,
12108,
12109,
12110,
12111,
12112,43.518704417913234
12113,20.24736119779579
12114,11.364724744295179
12115,
12116,
12117,
12118,
12119,
12120,18.98228625356149
12121,8.807684990471648
12122,5.360713169389296
12123,
12124,
12125,
12126,
12127,
12128,24.23650256208524
12129,10.657783269748382
12130,6.362964534410421
12131,
12132,
12133,
12134,
12135,
12136,27.530109476888587
12137,12.553620173409586
12138,7.5396206473333764
12139,
12140,
12141,
12142,
12143,
12144,21.16542488691867
12145,9.471950942996994
12146,5.63603340519002
12147,
12148,
12149,
12150,
12151,
12152,23.11784634546266
12153,10.88851918730488
12154,6.350570489971591
12155,
12156,
12157,
12158,
12159,
12160,15.383799499087159
12161,6.782948762599942
12162,4.01188498460041
12163,
12164,
12165,
12166,
12167,
12168,36.34801076873472
12169,16.235009193468958
12170,9.619899819511343
12171,
12172,
12173,
12174,
12175,
12176,13.899033669246654
12177,6.607015880185078
12178,3.899632315500838
12179,
12180,
12181,
12182,
12183,
12184,15.625274238601467
12185,7.012788212457626
12186,4.499615430556232
12187,
12188,
12189,
12190,
12191,
12192,22.91404187679417
12193,10.41229250007342
12194,5.96894085168745
12195,
12196,
12197,
12198,
12199,
12200,26.13511269959351
12201,11.5595439130274
12202,6.843552040162294
12203,
12204,
12205,
12206,
12207,
12208,16.93027124447879
12209,8.206645738089653
12210,4.724949875328415
12211,
12212,
12213,
12214,
12215,
12216,20.05157288607905
12217,8.495219190416721
12218,5.157930064723614
12219,
12220,
12221,
12222,
12223,
12224,53.952871286139235
12225,25.71393458596346
12226,14.720321740030426
12227,
12228,
12229,
12230,
12231,
12232,15.491490709083141
12233,6.93930154961764
12234,4.418020181254431
12235,
12236,
12237,
12238,
12239,
12240,20.228760415860894
12241,9.387374390292795
12242,4.594262438069199
12243,
12244,
12245,
12246,
12247,
12248,22.897189716021185
12249,11.043142425432002
12250,5.570053471834605
12251,
12252,
12253,
12254,
12255,
12256,21.828610196719445
12257,10.252619540389151
12258,5.175084877153324
12259,
12260,
12261,
12262,
12263,
12264,20.378964569449522
12265,9.56178708447283
12266,4.687594623507953
12267,
12268,
12269,
12270,
12271,
12272,18.38538378981229
12273,8.157116267503993
12274,4.097411192484077
12275,
12276,
12277,
12278,
12279,
12280,19.27307146603874
12281,8.801098049944732
12282,4.500535031359826
12283,
12284,
12285,
12286,
12287,
12288,19.017127528482867
12289,9.115984937079174
12290,4.556471551610255
12291,
12292,
12293,
12294,
12295,
12296,25.779203346541276
12297,11.598850287018019
12298,5.774806520636565
12299,
12300,
12301,
12302,
12303,
12304,31.823106047892775
12305,14.588903637973425
12306,7.011148867633086
12307,
12308,
12309,
12310,
12311,
12312,16.783875715439404
12313,8.086280973195695
12314,3.959687336858654
12315,
12316,
12317,
12318,
12319,
12320,23.53677868064263
12321,10.719428182626297
12322,5.529474165992516
12323,
12324,
12325,
12326,
12327,
12328,13.860627373676362
12329,6.222674305525876
12330,3.2438923114697347
12331,
12332,
12333,
12334,
12335,
12336,17.097546883339344
12337,7.606469058065375
12338,4.128130470611463
12339,
12340,
12341,
12342,
12343,
12344,20.001887094706596
12345,9.453233925748922
12346,4.792026157598499
12347,
12348,
12349,
12350,
12351,
12352,22.41275011144913
12353,10.1625089456014
12354,5.0969713804126195
12355,
12356,
12357,
12358,
12359,
12360,28.13289169044017
12361,12.814021102550758
12362,6.901108822631993
12363,
12364,
12365,
12366,
12367,
12368,16.530257283716058
12369,8.255044149330205
12370,4.213219497579865
12371,
12372,
12373,
12374,
12375,
12376,48.20826130982574
12377,20.751727084471618
12378,10.33528710654839
12379,
12380,
12381,
12382,
12383,
12384,22.69870577981961
12385,10.049497788111319
12386,4.965240454382008
12387,
12388,
12389,
12390,
12391,
12392,27.494063797990894
12393,12.382589840245842
12394,6.127358546098206
12395,
12396,
12397,
12398,
12399,
12400,38.914499732469395
12401,18.32313749769535
12402,9.24639122933
12403,
12404,
12405,
12406,
12407,
12408,36.736897389393135
12409,15.797158605624364
12410,8.69981462299483
12411,
12412,
12413,
12414,
12415,
12416,24.543558061538523
12417,11.194506276313042
12418,5.568962246578722
12419,
12420,
12421,
12422,
12423,
12424,16.77313450449248
12425,7.557182009831286
12426,3.6995800529740634
12427,
12428,
12429,
12430,
12431,
12432,31.228594447856768
12433,13.340481855343395
12434,6.636721145107087
12435,
12436,
12437,
12438,
12439,
12440,24.427672162489326
12441,11.41669222101071
12442,5.38687550124964
12443,
12444,
12445,
12446,
12447,
12448,17.251196129141913
12449,8.076504212341852
12450,4.087681802481617
12451,
12452,
12453,
12454,
12455,
12456,23.303285987454018
12457,11.337487974202856
12458,5.476146989548066
12459,
12460,
12461,
12462,
12463,
12464,16.060310557721316
12465,7.168084292523899
12466,3.5705531732942988
12467,
12468,
12469,
12470,
12471,
12472,17.29733046677463
12473,7.59201750143961
12474,3.924653827941391
12475,
12476,
12477,
12478,
12479,
12480,35.637577703922744
12481,15.05754557213954
12482,7.982653031635591
12483,
12484,
12485,
12486,
12487,
12488,17.761399598126307
12489,8.066616555293608
12490,4.078583307405011
12491,
12492,
12493,
12494,
12495,
12496,39.63112199761178
12497,16.80006074432112
12498,8.931080627067772
12499,
12500,
12501,
12502,
12503,
12504,25.765459923742245
12505,11.787776547805743
12506,5.647813439649703
12507,
12508,
12509,
12510,
12511,
12512,18.442133093003804
12513,8.489027736115732
12514,4.437362970602638
12515,
12516,
12517,
12518,
12519,
12520,49.987450335646756
12521,21.990401097176328
12522,10.915846766276239
12523,
12524,
12525,
12526,
12527,
12528,21.85345244631128
12529,10.59759025109917
12530,5.359100995799699
12531,
12532,
12533,
12534,
12535,
12536,26.977592026187498
12537,11.78503796422222
12538,6.119256588811244
12539,
12540,
12541,
12542,
12543,
12544,30.575153202781195
12545,13.726033017818807
12546,7.179055724913199
12547,
12548,
12549,
12550,
12551,
12552,23.55529302025989
12553,10.887809578165347
12554,5.345847114880752
12555,
12556,
12557,
12558,
12559,
12560,25.008725837103864
12561,12.016554005933951
12562,5.827541437506651
12563,
12564,
12565,
12566,
12567,
12568,17.069890364897823
12569,7.492716904532323
12570,4.054671232932321
12571,
12572,
12573,
12574,
12575,
12576,40.32389114645136
12577,17.986534131616274
12578,9.332409800806394
12579,
12580,
12581,
12582,
12583,
12584,14.499627469931854
12585,6.799212327873374
12586,3.4540217954907497
12587,
12588,
12589,
12590,
12591,
12592,17.121823724824672
12593,7.7774426650914465
12594,4.312118948348315
12595,
12596,
12597,
12598,
12599,
12600,25.760459207276735
12601,11.490844512649184
12602,5.761495376335968
12603,
12604,
12605,
12606,
12607,
12608,28.896508087158143
12609,13.077339883220233
12610,6.92304618172851
12611,
12612,
12613,
12614,
12615,
12616,20.015164094260058
12617,9.1392795048373
12618,4.420249096230954
12619,
12620,
12621,
12622,
12623,
12624,22.81333743773752
12625,10.417111419734002
12626,5.296417115592669
12627,
12628,
12629,
12630,
12631,
12632,62.02665440498526
12633,30.287545603712264
12634,14.590753922828364
12635,
12636,
12637,
12638,
12639,
12640,16.979508322141953
12641,7.276272133211894
12642,4.0887486281157335
12643,
12644,
12645,
12646,
12647,
12648,
12649,
12650,
12651,
12652,
12653,
12654,
12655,
12656,
12657,
12658,
12659,
12660,
12661,
12662,
12663,
12664,
12665,
12666,
12667,
12668,
12669,
12670,
12671,
12672,
12673,
12674,
12675,
12676,
12677,
12678,
12679,
12680,
12681,
12682,
12683,
12684,
12685,
12686,
12687,
12688,
12689,
12690,
12691,
12692,
12693,
12694,
12695,
12696,
12697,
12698,
12699,
12700,
12701,
12702,
12703,
12704,
12705,
12706,
12707,
12708,
12709,
12710,
12711,
12712,
12713,
12714,
12715,
12716,
12717,
12718,
12719,
12720,
12721,
12722,
12723,
12724,
12725,
12726,
12727,
12728,
12729,
12730,
12731,
12732,
12733,
12734,
12735,
12736,
12737,
12738,
12739,
12740,
12741,
12742,
12743,
12744,
12745,
12746,
12747,
12748,
12749,
12750,
12751,
12752,
12753,
12754,
12755,
12756,
12757,
12758,
12759,
12760,
12761,
12762,
12763,
12764,
12765,
12766,
12767,
12768,
12769,
12770,
12771,
12772,
12773,
12774,
12775,
12776,
12777,
12778,
12779,
12780,
12781,
12782,
12783,
12784,
12785,
12786,
12787,
12788,
12789,
12790,
12791,
12792,
12793,
12794,
12795,
12796,
12797,
12798,
12799,
12800,
12801,
12802,
12803,
12804,
12805,
12806,
12807,
12808,
12809,
12810,
12811,
12812,
12813,
12814,
12815,
12816,
12817,
12818,
12819,
12820,
12821,
12822,
12823,
12824,
12825,
12826,
12827,
12828,
12829,
12830,
12831,
12832,
12833,
12834,
12835,
12836,
12837,
12838,
12839,
12840,
12841,
12842,
12843,
12844,
12845,
12846,
12847,
12848,
12849,
12850,
12851,
12852,
12853,
12854,
12855,
12856,
12857,
12858,
12859,
12860,
12861,
12862,
12863,
12864,
12865,
12866,
12867,
12868,
12869,
12870,
12871,
12872,
12873,
12874,
12875,
12876,
12877,
12878,
12879,
12880,
12881,
12882,
12883,
12884,
12885,
12886,
12887,
12888,
12889,
12890,
12891,
12892,
12893,
12894,
12895,
12896,
12897,
12898,
12899,
12900,
12901,
12902,
12903,
12904,
12905,
12906,
12907,
12908,
12909,
12910,
12911,
12912,
12913,
12914,
12915,
12916,
12917,
12918,
12919,
12920,
12921,
12922,
12923,
12924,
12925,
12926,
12927,
12928,
12929,
12930,
12931,
12932,
12933,
12934,
12935,
12936,
12937,
12938,
12939,
12940,
12941,
12942,
12943,
12944,
12945,
12946,
12947,
12948,
12949,
12950,
12951,
12952,
12953,
12954,
12955,
12956,
12957,
12958,
12959,
12960,
12961,
12962,
12963,
12964,
12965,
12966,
12967,
12968,
12969,
12970,
12971,
12972,
12973,
12974,
12975,
12976,
12977,
12978,
12979,
12980,
12981,
12982,
12983,
12984,
12985,
12986,
12987,
12988,
12989,
12990,
12991,
12992,
12993,
12994,
12995,
12996,
12997,
12998,
12999,
13000,
13001,
13002,
13003,
13004,
13005,
13006,
13007,
13008,
13009,
13010,
13011,
13012,
13013,
13014,
13015,
13016,
13017,
13018,
13019,
13020,
13021,
13022,
13023,
13024,
13025,
13026,
13027,
13028,
13029,
13030,
13031,
13032,
13033,
13034,
13035,
13036,
13037,
13038,
13039,
13040,
13041,
13042,
13043,
13044,
13045,
13046,
13047,
13048,
13049,
13050,
13051,
13052,
13053,
13054,
13055,
13056,
13057,
13058,
13059,
13060,
13061,
13062,
13063,
13064,
13065,
13066,
13067,
13068,
13069,
13070,
13071,
13072,
13073,
13074,
13075,
13076,
13077,
13078,
13079,
13080,
13081,
13082,
13083,
13084,
13085,
13086,
13087,
13088,
13089,
13090,
13091,
13092,
13093,
13094,
13095,
13096,
13097,
13098,
13099,
13100,
13101,
13102,
13103,
13104,
13105,
13106,
13107,
13108,
13109,
13110,
13111,
13112,
13113,
13114,
13115,
13116,
13117,
13118,
13119,
13120,
13121,
13122,
13123,
13124,
13125,
13126,
13127,
13128,
13129,
13130,
13131,
13132,
13133,
13134,
13135,
13136,
13137,
13138,
13139,
13140,
13141,
13142,
13143,
13144,
13145,
13146,
13147,
13148,
13149,
13150,
13151,
13152,
13153,
13154,
13155,
13156,
13157,
13158,
13159,
13160,
13161,
13162,
13163,
13164,
13165,
13166,
13167,
13168,
13169,
13170,
13171,
13172,
13173,
13174,
13175,
13176,
13177,
13178,
13179,
13180,
13181,
13182,
13183,
13184,
13185,
13186,
13187,
13188,
13189,
13190,
13191,
13192,
13193,
13194,
13195,
13196,
13197,
13198,
13199,
13200,
13201,
13202,
13203,
13204,
13205,
13206,
13207,
13208,
13209,
13210,
13211,
13212,
13213,
13214,
13215,
13216,
13217,
13218,
13219,
13220,
13221,
13222,
13223,
13224,
13225,
13226,
13227,
13228,
13229,
13230,
13231,
13232,
13233,
13234,
13235,
13236,
13237,
13238,
13239,
13240,
13241,
13242,
13243,
13244,
13245,
13246,
13247,
13248,
13249,
13250,
13251,
13252,
13253,
13254,
13255,
13256,
13257,
13258,
13259,
13260,
13261,
13262,
13263,
13264,
13265,
13266,
13267,
13268,
13269,
13270,
13271,
13272,
13273,
13274,
13275,
13276,
13277,
13278,
13279,
13280,
13281,
13282,
13283,
13284,
13285,
13286,
13287,
13288,
13289,
13290,
13291,
13292,
13293,
13294,
13295,
13296,
13297,
13298,
13299,
13300,
13301,
13302,
13303,
13304,
13305,
13306,
13307,
13308,
13309,
13310,
13311,
13312,
13313,
13314,
13315,
13316,
13317,
13318,
13319,
13320,
13321,
13322,
13323,
13324,
13325,
13326,
13327,
13328,
13329,
13330,
13331,
13332,
13333,
13334,
13335,
13336,
13337,
13338,
13339,
13340,
13341,
13342,
13343,
13344,
13345,
13346,
13347,
13348,
13349,
13350,
13351,
13352,
13353,
13354,
13355,
13356,
13357,
13358,
13359,
13360,
13361,
13362,
13363,
13364,
13365,
13366,
13367,
13368,
13369,
13370,
13371,
13372,
13373,
13374,
13375,
13376,
13377,
13378,
13379,
13380,
13381,
13382,
13383,
13384,
13385,
13386,
13387,
13388,
13389,
13390,
13391,
13392,
13393,
13394,
13395,
13396,
13397,
13398,
13399,
13400,
13401,
13402,
13403,
13404,
13405,
13406,
13407,
13408,
13409,
13410,
13411,
13412,
13413,
13414,
13415,
13416,
13417,
13418,
13419,
13420,
13421,
13422,
13423,
13424,
13425,
13426,
13427,
13428,
13429,
13430,
13431,
13432,
13433,
13434,
13435,
13436,
13437,
13438,
13439,
13440,
13441,
13442,
13443,
13444,
13445,
13446,
13447,
13448,
13449,
13450,
13451,
13452,
13453,
13454,
13455,
13456,
13457,
13458,
13459,
13460,
13461,
13462,
13463,
13464,18.013668292363427
13465,8.156161714818712
13466,4.431255138190436
13467,
13468,
13469,
13470,
13471,
13472,22.061434512552914
13473,10.186787813148817
13474,5.819828710907997
13475,
13476,
13477,
13478,
13479,
13480,20.012793153968378
13481,9.600317907434846
13482,5.080081781320715
13483,
13484,
13485,
13486,
13487,
13488,18.94326740192723
13489,8.661698619170664
13490,5.021601272898702
13491,
13492,
13493,
13494,
13495,
13496,16.63063221619401
13497,7.679552841425659
13498,4.204643287623328
13499,
13500,
13501,
13502,
13503,
13504,18.831989513957513
13505,8.584589145102496
13506,4.90040908136507
13507,
13508,
13509,
13510,
13511,
13512,18.407988101040274
13513,8.685086450845208
13514,4.848805749731115
13515,
13516,
13517,
13518,
13519,
13520,26.256122901659918
13521,11.73122599947552
13522,6.472000672841813
13523,
13524,
13525,
13526,
13527,
13528,31.654029591205283
13529,13.904000900808333
13530,7.377092203852399
13531,
13532,
13533,
13534,
13535,
13536,16.02960420701781
13537,7.5583709911517
13538,4.113351611173314
13539,
13540,
13541,
13542,
13543,
13544,22.09503440308795
13545,9.891117818872814
13546,5.861355855640253
13547,
13548,
13549,
13550,
13551,
13552,12.735997250589444
13553,6.032388465715605
13554,3.219124793850531
13555,
13556,
13557,
13558,
13559,
13560,16.032325387989587
13561,7.4506813031493655
13562,4.263473697680478
13563,
13564,
13565,
13566,
13567,
13568,18.46939559815407
13569,8.625782993838833
13570,4.760367913269656
13571,
13572,
13573,
13574,
13575,
13576,20.964096158073623
13577,9.466669906395012
13578,5.445411818123241
13579,
13580,
13581,
13582,
13583,
13584,29.41637769795405
13585,13.162466594552857
13586,7.362872979113578
13587,
13588,
13589,
13590,
13591,
13592,16.292756544221213
13593,7.850874392931218
13594,4.2687556645613665
13595,
13596,
13597,
13598,
13599,
13600,45.51317481813614
13601,20.45704344544025
13602,10.986246002832624
13603,
13604,
13605,
13606,
13607,
13608,21.35893276339073
13609,9.321478257290005
13610,5.225981719387019
13611,
13612,
13613,
13614,
13615,
13616,27.097701109026975
13617,12.529142460490922
13618,6.453395221476575
13619,
13620,
13621,
13622,
13623,
13624,41.17407022653028
13625,18.23060955485066
13626,10.029806933324162
13627,
13628,
13629,
13630,
13631,
13632,35.293205338016264
13633,15.46361332715203
13634,9.552085511745936
13635,
13636,
13637,
13638,
13639,
13640,23.026922138185398
13641,10.113645649697808
13642,5.515831980991584
13643,
13644,
13645,
13646,
13647,
13648,15.803826838089869
13649,7.472400006524833
13650,3.842024453430461
13651,
13652,
13653,
13654,
13655,
13656,30.56665651592261
13657,13.381764150743834
13658,7.247145538260809
13659,
13660,
13661,
13662,
13663,
13664,23.377862628313117
13665,10.467880515768579
13666,5.6747895863920546
13667,
13668,
13669,
13670,
13671,
13672,16.34602913967591
13673,7.794158803875257
13674,4.285301775452408
13675,
13676,
13677,
13678,
13679,
13680,22.9842842235999
13681,10.805795333176993
13682,5.761757874817389
13683,
13684,
13685,
13686,
13687,
13688,15.29465555717699
13689,6.82184723203397
13690,3.8545420535718344
13691,
13692,
13693,
13694,
13695,
13696,16.51757905151145
13697,7.229120009042208
13698,4.067835872483028
13699,
13700,
13701,
13702,
13703,
13704,34.0590262895503
13705,15.227163896999508
13706,8.337562538491811
13707,
13708,
13709,
13710,
13711,
13712,17.18271311184718
13713,8.005727058265272
13714,4.36805882575245
13715,
13716,
13717,
13718,
13719,
13720,37.70902217121549
13721,15.745456602397093
13722,8.836574592084798
13723,
13724,
13725,
13726,
13727,
13728,24.349631406759325
13729,10.96869277322321
13730,6.124721261041289
13731,
13732,
13733,
13734,
13735,
13736,17.793129236443665
13737,8.258845363312384
13738,4.586236857974471
13739,
13740,
13741,
13742,
13743,
13744,48.659716191765185
13745,21.769277457378138
13746,11.776533878279885
13747,
13748,
13749,
13750,
13751,
13752,20.526634582379618
13753,9.827687497891688
13754,5.55403051848414
13755,
13756,
13757,
13758,
13759,
13760,27.112940635513286
13761,11.362136526265893
13762,6.4266544702900905
13763,
13764,
13765,
13766,
13767,
13768,30.915502308178063
13769,13.14982897788845
13770,7.628379086492783
13771,
13772,
13773,
13774,
13775,
13776,23.11827041367429
13777,10.168705753418953
13778,5.535525523006139
13779,
13780,
13781,
13782,
13783,
13784,25.144486729807635
13785,11.432848260749221
13786,6.321377009888575
13787,
13788,
13789,
13790,
13791,
13792,16.29049821878333
13793,6.893450507673061
13794,4.21071151968398
13795,
13796,
13797,
13798,
13799,
13800,40.02045627968357
13801,17.028241062056473
13802,9.496290582007203
13803,
13804,
13805,
13806,
13807,
13808,14.851503689661131
13809,6.816059034149022
13810,3.830693466072702
13811,
13812,
13813,
13814,
13815,
13816,16.48253657359636
13817,7.416251903563046
13818,4.480924418503141
13819,
13820,
13821,
13822,
13823,
13824,24.839070186535672
13825,10.933600933440564
13826,5.962452903651705
13827,
13828,
13829,
13830,
13831,
13832,28.5040551527278
13833,12.819527111155226
13834,6.994158201654793
13835,
13836,
13837,
13838,
13839,
13840,19.222295304459664
13841,8.65108932239196
13842,4.6358492244493394
13843,
13844,
13845,
13846,
13847,
13848,19.61593879276969
13849,8.929650030923701
13850,5.1347113922028935
13851,
13852,
13853,
13854,
13855,
13856,61.35228501010892
13857,28.92754406602573
13858,14.317521812670257
13859,
13860,
13861,
13862,
13863,
13864,16.94345351169632
13865,7.489619298813024
13866,4.253978748432945
13867,
13868,
13869,
13870,
13871,
13872,
13873,
13874,
13875,
13876,
13877,
13878,
13879,
13880,
13881,
13882,
13883,
13884,
13885,
13886,
13887,
13888,
13889,
13890,
13891,
13892,
13893,
13894,
13895,
13896,
13897,
13898,
13899,
13900,
13901,
13902,
13903,
13904,
13905,
13906,
13907,
13908,
13909,
13910,
13911,
13912,
13913,
13914,
13915,
13916,
13917,
13918,
13919,
13920,
13921,
13922,
13923,
13924,
13925,
13926,
13927,
13928,
13929,
13930,
13931,
13932,
13933,
13934,
13935,
13936,
13937,
13938,
13939,
13940,
13941,
13942,
13943,
13944,
13945,
13946,
13947,
13948,
13949,
13950,
13951,
13952,
13953,
13954,
13955,
13956,
13957,
13958,
13959,
13960,
13961,
13962,
13963,
13964,
13965,
13966,
13967,
13968,
13969,
13970,
13971,
13972,
13973,
13974,
13975,
13976,
13977,
13978,
13979,
13980,
13981,
13982,
13983,
13984,
13985,
13986,
13987,
13988,
13989,
13990,
13991,
13992,
13993,
13994,
13995,
13996,
13997,
13998,
13999,
14000,
14001,
14002,
14003,
14004,
14005,
14006,
14007,
14008,
14009,
14010,
14011,
14012,
14013,
14014,
14015,
14016,
14017,
14018,
14019,
14020,
14021,
14022,
14023,
14024,
14025,
14026,
14027,
14028,
14029,
14030,
14031,
14032,
14033,
14034,
14035,
14036,
14037,
14038,
14039,
14040,
14041,
14042,
14043,
14044,
14045,
14046,
14047,
14048,
14049,
14050,
14051,
14052,
14053,
14054,
14055,
14056,
14057,
14058,
14059,
14060,
14061,
14062,
14063,
14064,
14065,
14066,
14067,
14068,
14069,
14070,
14071,
14072,
14073,
14074,
14075,
14076,
14077,
14078,
14079,
14080,
14081,
14082,
14083,
14084,
14085,
14086,
14087,
14088,
14089,
14090,
14091,
14092,
14093,
14094,
14095,
14096,
14097,
14098,
14099,
14100,
14101,
14102,
14103,
14104,
14105,
14106,
14107,
14108,
14109,
14110,
14111,
14112,
14113,
14114,
14115,
14116,
14117,
14118,
14119,
14120,
14121,
14122,
14123,
14124,
14125,
14126,
14127,
14128,
14129,
14130,
14131,
14132,
14133,
14134,
14135,
14136,
14137,
14138,
14139,
14140,
14141,
14142,
14143,
14144,
14145,
14146,
14147,
14148,
14149,
14150,
14151,
14152,
14153,
14154,
14155,
14156,
14157,
14158,
14159,
14160,
14161,
14162,
14163,
14164,
14165,
14166,
14167,
14168,
14169,
14170,
14171,
14172,
14173,
14174,
14175,
14176,
14177,
14178,
14179,
14180,
14181,
14182,
14183,
14184,
14185,
14186,
14187,
14188,
14189,
14190,
14191,
14192,
14193,
14194,
14195,
14196,
14197,
14198,
14199,
14200,
14201,
14202,
14203,
14204,
14205,
14206,
14207,
14208,
14209,
14210,
14211,
14212,
14213,
14214,
14215,
14216,
14217,
14218,
14219,
14220,
14221,
14222,
14223,
14224,
14225,
14226,
14227,
14228,
14229,
14230,
14231,
14232,
14233,
14234,
14235,
14236,
14237,
14238,
14239,
14240,
14241,
14242,
14243,
14244,
14245,
14246,
14247,
14248,
14249,
14250,
14251,
14252,
14253,
14254,
14255,
14256,
14257,
14258,
14259,
14260,
14261,
14262,
14263,
14264,
14265,
14266,
14267,
14268,
14269,
14270,
14271,
14272,
14273,
14274,
14275,
14276,
14277,
14278,
14279,
14280,19.54506129664572
14281,8.431290783622872
14282,4.239581501321596
14283,
14284,
14285,
14286,
14287,
14288,21.91953601173268
14289,10.292850902332997
14290,5.020392020913217
14291,
14292,
14293,
14294,
14295,
14296,20.452819601402688
14297,9.575388450577552
14298,4.609385018227271
14299,
14300,
14301,
14302,
14303,
14304,19.019611748829107
14305,8.573117519391722
14306,4.3580694733509215
14307,
14308,
14309,
14310,
14311,
14312,16.917396425690395
14313,7.718587742097994
14314,3.73067178254563
14315,
14316,
14317,
14318,
14319,
14320,19.086104695001424
14321,9.08460548772041
14322,4.056943448869406
14323,
14324,
14325,
14326,
14327,
14328,19.05183110362229
14329,8.999846817730647
14330,4.15642229385601
14331,
14332,
14333,
14334,
14335,
14336,27.08364932745688
14337,12.784946537673637
14338,6.131782806202454
14339,
14340,
14341,
14342,
14343,
14344,30.052916290970515
14345,14.163835860845928
14346,6.393884948419467
14347,
14348,
14349,
14350,
14351,
14352,17.109590201065366
14353,7.798380887804644
14354,3.3962974326216178
14355,
14356,
14357,
14358,
14359,
14360,22.437827000484056
14361,10.130979539333978
14362,4.834490566201284
14363,
14364,
14365,
14366,
14367,
14368,13.43869091620863
14369,5.894350214447886
14370,3.178527073851044
14371,
14372,
14373,
14374,
14375,
14376,17.118505497959625
14377,7.479279937755374
14378,3.8391445251809526
14379,
14380,
14381,
14382,
14383,
14384,18.51874818077465
14385,8.747244763546263
14386,4.209222454521967
14387,
14388,
14389,
14390,
14391,
14392,21.310234789808256
14393,9.460163161614261
14394,4.602199556961001
14395,
14396,
14397,
14398,
14399,
14400,27.41408005322801
14401,12.469672620859239
14402,6.236891093509685
14403,
14404,
14405,
14406,
14407,
14408,17.423981413528647
14409,8.141625873086236
14410,3.8881621808654248
14411,
14412,
14413,
14414,
14415,
14416,42.5662476897109
14417,19.43525468181114
14418,8.977653172560409
14419,
14420,
14421,
14422,
14423,
14424,21.08158667598249
14425,9.356408447933376
14426,4.432172621345365
14427,
14428,
14429,
14430,
14431,
14432,26.433379158036363
14433,12.509955114797974
14434,5.755831963237174
14435,
14436,
14437,
14438,
14439,
14440,39.57314704010733
14441,17.79529037035606
14442,8.321543900542611
14443,
14444,
14445,
14446,
14447,
14448,35.9688883096841
14449,15.63442744254851
14450,7.649800417565328
14451,
14452,
14453,
14454,
14455,
14456,23.448780904147554
14457,10.154456597765233
14458,4.847675920932634
14459,
14460,
14461,
14462,
14463,
14464,15.952090683588276
14465,7.329393396704985
14466,3.455949110053772
14467,
14468,
14469,
14470,
14471,
14472,29.72033331447781
14473,13.506665066210054
14474,6.256541397648745
14475,
14476,
14477,
14478,
14479,
14480,22.02146650122004
14481,9.951860141189485
14482,4.537561289349292
14483,
14484,
14485,
14486,
14487,
14488,17.463864441402826
14489,7.860014385759993
14490,3.7747628415002583
14491,
14492,
14493,
14494,
14495,
14496,22.214856519352395
14497,10.116363102563417
14498,4.871138955001594
14499,
14500,
14501,
14502,
14503,
14504,15.6363602087503
14505,7.042537329325754
14506,3.2624953659745706
14507,
14508,
14509,
14510,
14511,
14512,16.614696536587388
14513,7.294764941749272
14514,3.543987022544023
14515,
14516,
14517,
14518,
14519,
14520,35.65533538962016
14521,15.866191480854772
14522,7.354561860534642
14523,
14524,
14525,
14526,
14527,
14528,17.08962990358041
14529,7.835429407052501
14530,3.9174688885190196
14531,
14532,
14533,
14534,
14535,
14536,35.382218718361656
14537,15.458304576379302
14538,7.776608639350403
14539,
14540,
14541,
14542,
14543,
14544,25.26119169188737
14545,11.215740768848073
14546,5.2535624169841135
14547,
14548,
14549,
14550,
14551,
14552,17.978355652535146
14553,8.329144579722028
14554,4.084135960867061
14555,
14556,
14557,
14558,
14559,
14560,44.593029311576636
14561,20.5269007120457
14562,10.004880007389414
14563,
14564,
14565,
14566,
14567,
14568,20.665772825665304
14569,9.862463283975002
14570,4.73594019438487
14571,
14572,
14573,
14574,
14575,
14576,26.730760493876733
14577,11.316650129182605
14578,5.6289024420909985
14579,
14580,
14581,
14582,
14583,
14584,30.54983636037732
14585,14.188062537437098
14586,6.723344168978319
14587,
14588,
14589,
14590,
14591,
14592,22.891657590344273
14593,10.153534173892458
14594,4.870734259705921
14595,
14596,
14597,
14598,
14599,
14600,24.41477743505913
14601,10.821890093968136
14602,5.13939723648689
14603,
14604,
14605,
14606,
14607,
14608,16.618817167741263
14609,7.297598092538217
14610,3.669986034565654
14611,
14612,
14613,
14614,
14615,
14616,38.293605395416854
14617,17.94904028292662
14618,8.516538934975646
14619,
14620,
14621,
14622,
14623,
14624,14.632033749332772
14625,6.958585812683113
14626,3.3586349380462326
14627,
14628,
14629,
14630,
14631,
14632,17.581308736315627
14633,7.444298177441801
14634,3.9908837476856824
14635,
14636,
14637,
14638,
14639,
14640,24.956789935604313
14641,11.142860351038653
14642,5.245148297557774
14643,
14644,
14645,
14646,
14647,
14648,27.547577027141237
14649,13.084067783449527
14650,6.148447254929273
14651,
14652,
14653,
14654,
14655,
14656,19.749081841692377
14657,9.119537921892228
14658,4.004357523353428
14659,
14660,
14661,
14662,
14663,
14664,20.889199787080756
14665,9.446600711719578
14666,4.552439585170663
14667,
14668,
14669,
14670,
14671,
14672,57.16005546046913
14673,26.63429817874255
14674,12.341747461353425
14675,
14676,
14677,
14678,
14679,
14680,16.68886177797683
14681,7.372968019651286
14682,3.900109568690759
14683,
14684,
14685,
14686,
14687,
14688,
14689,
14690,
14691,
14692,
14693,
14694,
14695,
14696,
14697,
14698,
14699,
14700,
14701,
14702,
14703,
14704,
14705,
14706,
14707,
14708,
14709,
14710,
14711,
14712,
14713,
14714,
14715,
14716,
14717,
14718,
14719,
14720,
14721,
14722,
14723,
14724,
14725,
14726,
14727,
14728,
14729,
14730,
14731,
14732,
14733,
14734,
14735,
14736,
14737,
14738,
14739,
14740,
14741,
14742,
14743,
14744,
14745,
14746,
14747,
14748,
14749,
14750,
14751,
14752,
14753,
14754,
14755,
14756,
14757,
14758,
14759,
14760,
14761,
14762,
14763,
14764,
14765,
14766,
14767,
14768,
14769,
14770,
14771,
14772,
14773,
14774,
14775,
14776,
14777,
14778,
14779,
14780,
14781,
14782,
14783,
14784,
14785,
14786,
14787,
14788,
14789,
14790,
14791,
14792,
14793,
14794,
14795,
14796,
14797,
14798,
14799,
14800,
14801,
14802,
14803,
14804,
14805,
14806,
14807,
14808,
14809,
14810,
14811,
14812,
14813,
14814,
14815,
14816,
14817,
14818,
14819,
14820,
14821,
14822,
14823,
14824,
14825,
14826,
14827,
14828,
14829,
14830,
14831,
14832,
14833,
14834,
14835,
14836,
14837,
14838,
14839,
14840,
14841,
14842,
14843,
14844,
14845,
14846,
14847,
14848,
14849,
14850,
14851,
14852,
14853,
14854,
14855,
14856,
14857,
14858,
14859,
14860,
14861,
14862,
14863,
14864,
14865,
14866,
14867,
14868,
14869,
14870,
14871,
14872,
14873,
14874,
14875,
14876,
14877,
14878,
14879,
14880,
14881,
14882,
14883,
14884,
14885,
14886,
14887,
14888,
14889,
14890,
14891,
14892,
14893,
14894,
14895,
14896,
14897,
14898,
14899,
14900,
14901,
14902,
14903,
14904,
14905,
14906,
14907,
14908,
14909,
14910,
14911,
14912,
14913,
14914,
14915,
14916,
14917,
14918,
14919,
14920,
14921,
14922,
14923,
14924,
14925,
14926,
14927,
14928,
14929,
14930,
14931,
14932,
14933,
14934,
14935,
14936,
14937,
14938,
14939,
14940,
14941,
14942,
14943,
14944,
14945,
14946,
14947,
14948,
14949,
14950,
14951,
14952,
14953,
14954,
14955,
14956,
14957,
14958,
14959,
14960,
14961,
14962,
14963,
14964,
14965,
14966,
14967,
14968,
14969,
14970,
14971,
14972,
14973,
14974,
14975,
14976,
14977,
14978,
14979,
14980,
14981,
14982,
14983,
14984,
14985,
14986,
14987,
14988,
14989,
14990,
14991,
14992,
14993,
14994,
14995,
14996,
14997,
14998,
14999,
15000,
15001,
15002,
15003,
15004,
15005,
15006,
15007,
15008,
15009,
15010,
15011,
15012,
15013,
15014,
15015,
15016,
15017,
15018,
15019,
15020,
15021,
15022,
15023,
15024,
15025,
15026,
15027,
15028,
15029,
15030,
15031,
15032,
15033,
15034,
15035,
15036,
15037,
15038,
15039,
15040,
15041,
15042,
15043,
15044,
15045,
15046,
15047,
15048,
15049,
15050,
15051,
15052,
15053,
15054,
15055,
15056,
15057,
15058,
15059,
15060,
15061,
15062,
15063,
15064,
15065,
15066,
15067,
15068,
15069,
15070,
15071,
15072,
15073,
15074,
15075,
15076,
15077,
15078,
15079,
15080,
15081,
15082,
15083,
15084,
15085,
15086,
15087,
15088,
15089,
15090,
15091,
15092,
15093,
15094,
15095,
15096,18.703973896367547
15097,8.497297067424357
15098,4.8768821561909474
15099,
15100,
15101,
15102,
15103,
15104,21.646388509475084
15105,9.817724929495004
15106,5.771127025061476
15107,
15108,
15109,
15110,
15111,
15112,19.71767802658437
15113,9.173915470084408
15114,5.480761997688433
15115,
15116,
15117,
15118,
15119,
15120,18.280608318407506
15121,8.350589670885846
15122,5.008461702470625
15123,
15124,
15125,
15126,
15127,
15128,15.888696905518062
15129,7.282327249731542
15130,4.419490859407957
15131,
15132,
15133,
15134,
15135,
15136,17.41990364679043
15137,7.907571809438272
15138,4.910362803091145
15139,
15140,
15141,
15142,
15143,
15144,17.813665637106524
15145,8.521245653701012
15146,4.898713851630857
15147,
15148,
15149,
15150,
15151,
15152,25.976816127692608
15153,11.82721203698843
15154,6.879952963081332
15155,
15156,
15157,
15158,
15159,
15160,31.543613765451926
15161,13.66333765669109
15162,7.3367280414834095
15163,
15164,
15165,
15166,
15167,
15168,15.353541780128475
15169,7.3750196834969195
15170,4.104552983604927
15171,
15172,
15173,
15174,
15175,
15176,22.36406187516433
15177,10.22661758073985
15178,5.7091002418289145
15179,
15180,
15181,
15182,
15183,
15184,13.460721982050407
15185,6.133774205372976
15186,3.337239986129965
15187,
15188,
15189,
15190,
15191,
15192,16.438874377915663
15193,7.43445193809064
15194,4.467997777382603
15195,
15196,
15197,
15198,
15199,
15200,17.851886511250473
15201,8.51884382846302
15202,4.961666995947072
15203,
15204,
15205,
15206,
15207,
15208,21.022912420782653
15209,9.155197281514909
15210,5.379189686307343
15211,
15212,
15213,
15214,
15215,
15216,27.696670836981127
15217,12.504723774664658
15218,7.396710326071635
15219,
15220,
15221,
15222,
15223,
15224,16.010033447444197
15225,7.537976040794886
15226,4.4601923721837915
15227,
15228,
15229,
15230,
15231,
15232,42.96136505768286
15233,19.016432394370067
15234,10.591011674641614
15235,
15236,
15237,
15238,
15239,
15240,20.97973935394416
15241,9.415962444792157
15242,5.332841979271884
15243,
15244,
15245,
15246,
15247,
15248,25.268836674496537
15249,11.77955796750123
15250,6.5948274976591295
15251,
15252,
15253,
15254,
15255,
15256,39.041779466134756
15257,17.57973524223336
15258,9.799486009919619
15259,
15260,
15261,
15262,
15263,
15264,32.80909446137044
15265,14.564532558217573
15266,8.926931454574946
15267,
15268,
15269,
15270,
15271,
15272,21.939730108007875
15273,9.59346252580956
15274,5.383800949079133
15275,
15276,
15277,
15278,
15279,
15280,15.767587701873145
15281,7.110096319048557
15282,3.976394978784828
15283,
15284,
15285,
15286,
15287,
15288,28.956523859159315
15289,12.502391441127251
15290,6.961236142560889
15291,
15292,
15293,
15294,
15295,
15296,22.741724175678986
15297,10.252441656573371
15298,6.032828454985401
15299,
15300,
15301,
15302,
15303,
15304,16.056199639826445
15305,7.702015088418625
15306,4.429811596272951
15307,
15308,
15309,
15310,
15311,
15312,22.619422203014086
15313,10.313279775461503
15314,5.925672391281218
15315,
15316,
15317,
15318,
15319,
15320,15.423179664663767
15321,6.648103392882005
15322,3.7555617101092067
15323,
15324,
15325,
15326,
15327,
15328,15.700911581177479
15329,6.864110910067512
15330,4.066155577972042
15331,
15332,
15333,
15334,
15335,
15336,31.800016673078602
15337,13.854720377125647
15338,8.370692029933933
15339,
15340,
15341,
15342,
15343,
15344,16.362463793026645
15345,7.7544213762050145
15346,4.49074680470465
15347,
15348,
15349,
15350,
15351,
15352,36.27241207007953
15353,15.00340116793122
15354,8.533686446984001
15355,
15356,
15357,
15358,
15359,
15360,24.242348387626706
15361,10.613922691925742
15362,6.3297947111645865
15363,
15364,
15365,
15366,
15367,
15368,16.891032961441383
15369,7.885921195634905
15370,4.701653179371765
15371,
15372,
15373,
15374,
15375,
15376,43.407441322994906
15377,19.774213772605318
15378,11.55048685662652
15379,
15380,
15381,
15382,
15383,
15384,19.93082533845266
15385,9.159108380399056
15386,5.433941652717902
15387,
15388,
15389,
15390,
15391,
15392,25.031654348057742
15393,11.03565511834209
15394,6.680974613235599
15395,
15396,
15397,
15398,
15399,
15400,29.63645728071176
15401,12.45223125929554
15402,7.563736501342085
15403,
15404,
15405,
15406,
15407,
15408,22.45093207316006
15409,9.995861583536986
15410,5.649364001434009
15411,
15412,
15413,
15414,
15415,
15416,24.6196807362481
15417,11.091361994800767
15418,6.311378367695803
15419,
15420,
15421,
15422,
15423,
15424,16.234568147463193
15425,6.956562648071194
15426,4.074029619549714
15427,
15428,
15429,
15430,
15431,
15432,36.652210711996645
15433,16.37222994837092
15434,9.54217003221932
15435,
15436,
15437,
15438,
15439,
15440,14.118884321304453
15441,6.608158928689618
15442,3.9166173561891875
15443,
15444,
15445,
15446,
15447,
15448,15.895642975862046
15449,7.181570922973146
15450,4.442210766666746
15451,
15452,
15453,
15454,
15455,
15456,24.0292556188682
15457,10.304128070508611
15458,5.990450086659918
15459,
15460,
15461,
15462,
15463,
15464,26.45988826526152
15465,11.727863558295809
15466,6.905627781774273
15467,
15468,
15469,
15470,
15471,
15472,17.89531864961259
15473,8.025803545158205
15474,4.769015707911256
15475,
15476,
15477,
15478,
15479,
15480,20.049903087496798
15481,8.81594212248164
15482,5.20926318770503
15483,
15484,
15485,
15486,
15487,
15488,54.336778061592774
15489,26.525485106571548
15490,15.347728725140565
15491,
15492,
15493,
15494,
15495,
15496,16.271606956072652
15497,7.190743282778724
15498,4.478271902113524
15499,
15500,
15501,
15502,
15503,
15504,
15505,
15506,
15507,
15508,
15509,
15510,
15511,
15512,
15513,
15514,
15515,
15516,
15517,
15518,
15519,
15520,
15521,
15522,
15523,
15524,
15525,
15526,
15527,
15528,
15529,
15530,
15531,
15532,
15533,
15534,
15535,
15536,
15537,
15538,
15539,
15540,
15541,
15542,
15543,
15544,
15545,
15546,
15547,
15548,
15549,
15550,
15551,
15552,
15553,
15554,
15555,
15556,
15557,
15558,
15559,
15560,
15561,
15562,
15563,
15564,
15565,
15566,
15567,
15568,
15569,
15570,
15571,
15572,
15573,
15574,
15575,
15576,
15577,
15578,
15579,
15580,
15581,
15582,
15583,
15584,
15585,
15586,
15587,
15588,
15589,
15590,
15591,
15592,
15593,
15594,
15595,
15596,
15597,
15598,
15599,
15600,
15601,
15602,
15603,
15604,
15605,
15606,
15607,
15608,
15609,
15610,
15611,
15612,
15613,
15614,
15615,
15616,
15617,
15618,
15619,
15620,
15621,
15622,
15623,
15624,
15625,
15626,
15627,
15628,
15629,
15630,
15631,
15632,
15633,
15634,
15635,
15636,
15637,
15638,
15639,
15640,
15641,
15642,
15643,
15644,
15645,
15646,
15647,
15648,
15649,
15650,
15651,
15652,
15653,
15654,
15655,
15656,
15657,
15658,
15659,
15660,
15661,
15662,
15663,
15664,
15665,
15666,
15667,
15668,
15669,
15670,
15671,
15672,
15673,
15674,
15675,
15676,
15677,
15678,
15679,
15680,
15681,
15682,
15683,
15684,
15685,
15686,
15687,
15688,
15689,
15690,
15691,
15692,
15693,
15694,
15695,
15696,
15697,
15698,
15699,
15700,
15701,
15702,
15703,
15704,
15705,
15706,
15707,
15708,
15709,
15710,
15711,
15712,
15713,
15714,
15715,
15716,
15717,
15718,
15719,
15720,
15721,
15722,
15723,
15724,
15725,
15726,
15727,
15728,
15729,
15730,
15731,
15732,
15733,
15734,
15735,
15736,
15737,
15738,
15739,
15740,
15741,
15742,
15743,
15744,
15745,
15746,
15747,
15748,
15749,
15750,
15751,
15752,
15753,
15754,
15755,
15756,
15757,
15758,
15759,
15760,
15761,
15762,
15763,
15764,
15765,
15766,
15767,
15768,
15769,
15770,
15771,
15772,
15773,
15774,
15775,
15776,
15777,
15778,
15779,
15780,
15781,
15782,
15783,
15784,
15785,
15786,
15787,
15788,
15789,
15790,
15791,
15792,
15793,
15794,
15795,
15796,
15797,
15798,
15799,
15800,
15801,
15802,
15803,
15804,
15805,
15806,
15807,
15808,
15809,
15810,
15811,
15812,
15813,
15814,
15815,
15816,
15817,
15818,
15819,
15820,
15821,
15822,
15823,
15824,
15825,
15826,
15827,
15828,
15829,
15830,
15831,
15832,
15833,
15834,
15835,
15836,
15837,
15838,
15839,
15840,
15841,
15842,
15843,
15844,
15845,
15846,
15847,
15848,
15849,
15850,
15851,
15852,
15853,
15854,
15855,
15856,
15857,
15858,
15859,
15860,
15861,
15862,
15863,
15864,
15865,
15866,
15867,
15868,
15869,
15870,
15871,
15872,
15873,
15874,
15875,
15876,
15877,
15878,
15879,
15880,
15881,
15882,
15883,
15884,
15885,
15886,
15887,
15888,
15889,
15890,
15891,
15892,
15893,
15894,
15895,
15896,
15897,
15898,
15899,
15900,
15901,
15902,
15903,
15904,
15905,
15906,
15907,
15908,
15909,
15910,
15911,
15912,
15913,
15914,
15915,
15916,
15917,
15918,
15919,
15920,
15921,
15922,
15923,
15924,
15925,
15926,
15927,
15928,
15929,
15930,
15931,
15932,
15933,
15934,
15935,
15936,
15937,
15938,
15939,
15940,
15941,
15942,
15943,
15944,
15945,
15946,
15947,
15948,
15949,
15950,
15951,
15952,
15953,
15954,
15955,
15956,
15957,
15958,
15959,
15960,
15961,
15962,
15963,
15964,
15965,
15966,
15967,
15968,
15969,
15970,
15971,
15972,
15973,
15974,
15975,
15976,
15977,
15978,
15979,
15980,
15981,
15982,
15983,
15984,
15985,
15986,
15987,
15988,
15989,
15990,
15991,
15992,
15993,
15994,
15995,
15996,
15997,
15998,
15999,
16000,
16001,
16002,
16003,
16004,
16005,
16006,
16007,
16008,
16009,
16010,
16011,
16012,
16013,
16014,
16015,
16016,
16017,
16018,
16019,
16020,
16021,
16022,
16023,
16024,
16025,
16026,
16027,
16028,
16029,
16030,
16031,
16032,
16033,
16034,
16035,
16036,
16037,
16038,
16039,
16040,
16041,
16042,
16043,
16044,
16045,
16046,
16047,
16048,
16049,
16050,
16051,
16052,
16053,
16054,
16055,
16056,
16057,
16058,
16059,
16060,
16061,
16062,
16063,
16064,
16065,
16066,
16067,
16068,
16069,
16070,
16071,
16072,
16073,
16074,
16075,
16076,
16077,
16078,
16079,
16080,
16081,
16082,
16083,
16084,
16085,
16086,
16087,
16088,
16089,
16090,
16091,
16092,
16093,
16094,
16095,
16096,
16097,
16098,
16099,
16100,
16101,
16102,
16103,
16104,
16105,
16106,
16107,
16108,
16109,
16110,
16111,
16112,
16113,
16114,
16115,
16116,
16117,
16118,
16119,
16120,
16121,
16122,
16123,
16124,
16125,
16126,
16127,
16128,
16129,
16130,
16131,
16132,
16133,
16134,
16135,
16136,
16137,
16138,
16139,
16140,
16141,
16142,
16143,
16144,
16145,
16146,
16147,
16148,
16149,
16150,
16151,
16152,
16153,
16154,
16155,
16156,
16157,
16158,
16159,
16160,
16161,
16162,
16163,
16164,
16165,
16166,
16167,
16168,
16169,
16170,
16171,
16172,
16173,
16174,
16175,
16176,
16177,
16178,
16179,
16180,
16181,
16182,
16183,
16184,
16185,
16186,
16187,
16188,
16189,
16190,
16191,
16192,
16193,
16194,
16195,
16196,
16197,
16198,
16199,
16200,
16201,
16202,
16203,
16204,
16205,
16206,
16207,
16208,
16209,
16210,
16211,
16212,
16213,
16214,
16215,
16216,
16217,
16218,
16219,
16220,
16221,
16222,
16223,
16224,
16225,
16226,
16227,
16228,
16229,
16230,
16231,
16232,
16233,
16234,
16235,
16236,
16237,
16238,
16239,
16240,
16241,
16242,
16243,
16244,
16245,
16246,
16247,
16248,
16249,
16250,
16251,
16252,
16253,
16254,
16255,
16256,
16257,
16258,
16259,
16260,
16261,
16262,
16263,
16264,
16265,
16266,
16267,
16268,
16269,
16270,
16271,
16272,
16273,
16274,
16275,
16276,
16277,
16278,
16279,
16280,
16281,
16282,
16283,
16284,
16285,
16286,
16287,
16288,
16289,
16290,
16291,
16292,
16293,
16294,
16295,
16296,
16297,
16298,
16299,
16300,
16301,
16302,
16303,
16304,
16305,
16306,
16307,
16308,
16309,
16310,
16311,
16312,
16313,
16314,
16315,
16316,
16317,
16318,
16319,
16320,19.410039197051745
16321,8.422955831042875
16322,4.161867447891315
16323,
16324,
16325,
16326,
16327,
16328,22.93084595950495
16329,10.482614886247104
16330,5.168376831771717
16331,
16332,
16333,
16334,
16335,
16336,20.615064442651743
16337,9.873661798870355
16338,4.76938428119366
16339,
16340,
16341,
16342,
16343,
16344,19.443941349561335
16345,8.774419438742456
16346,4.424773847765947
16347,
16348,
16349,
16350,
16351,
16352,17.68201503804921
16353,8.016546745295011
16354,3.906610016190217
16355,
16356,
16357,
16358,
16359,
16360,19.181912764843283
16361,9.000139871688138
16362,4.267007036915334
16363,
16364,
16365,
16366,
16367,
16368,19.114054894718972
16369,9.014754040147348
16370,4.239185822633096
16371,
16372,
16373,
16374,
16375,
16376,26.593469881191073
16377,12.051282756397976
16378,6.049709069892701
16379,
16380,
16381,
16382,
16383,
16384,31.88774069654498
16385,14.791428781866804
16386,6.726525521121706
16387,
16388,
16389,
16390,
16391,
16392,17.036887924711134
16393,7.79414586918055
16394,3.5122730629712082
16395,
16396,
16397,
16398,
16399,
16400,22.871650110631588
16401,10.07563258879331
16402,4.823209506415583
16403,
16404,
16405,
16406,
16407,
16408,13.993755567081505
16409,6.15496699674376
16410,3.250963047084662
16411,
16412,
16413,
16414,
16415,
16416,17.071693160098903
16417,7.311960873862972
16418,3.9006886181326252
16419,
16420,
16421,
16422,
16423,
16424,19.198889441151746
16425,9.090279767671253
16426,4.37579407849704
16427,
16428,
16429,
16430,
16431,
16432,21.58958326028684
16433,9.65653148992153
16434,4.759792463579272
16435,
16436,
16437,
16438,
16439,
16440,28.042422477572487
16441,12.870336862154774
16442,6.445014111714479
16443,
16444,
16445,
16446,
16447,
16448,17.354120355977003
16449,8.130219472775707
16450,3.9540573614576062
16451,
16452,
16453,
16454,
16455,
16456,45.135932547458246
16457,20.12259687483068
16458,9.63772302735847
16459,
16460,
16461,
16462,
16463,
16464,20.846104341056247
16465,9.435415335205805
16466,4.387759530782005
16467,
16468,
16469,
16470,
16471,
16472,25.92106356086541
16473,12.899509226260626
16474,6.007801037678773
16475,
16476,
16477,
16478,
16479,
16480,41.765264331687085
16481,18.32793742882302
16482,8.630071203085516
16483,
16484,
16485,
16486,
16487,
16488,36.12493676461412
16489,15.606951890233061
16490,7.990965117517966
16491,
16492,
16493,
16494,
16495,
16496,23.473353766143127
16497,10.358673235393702
16498,4.943191844206116
16499,
16500,
16501,
16502,
16503,
16504,16.0404581787734
16505,7.2133911239553195
16506,3.410948188081352
16507,
16508,
16509,
16510,
16511,
16512,29.965962924510936
16513,13.90437056905878
16514,6.415904765231385
16515,
16516,
16517,
16518,
16519,
16520,23.62824768146609
16521,10.596673894900388
16522,4.718634490034795
16523,
16524,
16525,
16526,
16527,
16528,17.116149162276653
16529,7.791072329734396
16530,3.879080709267001
16531,
16532,
16533,
16534,
16535,
16536,23.1279899662143
16537,10.550625177015855
16538,5.040527794174817
16539,
16540,
16541,
16542,
16543,
16544,15.37724377532568
16545,6.936531785249237
16546,3.238530278097177
16547,
16548,
16549,
16550,
16551,
16552,16.93239735882476
16553,7.250164993682102
16554,3.599324514703792
16555,
16556,
16557,
16558,
16559,
16560,36.518761330136805
16561,15.907490464705276
16562,7.680019478359393
16563,
16564,
16565,
16566,
16567,
16568,17.725806384343485
16569,8.095586963881532
16570,3.9574493449516353
16571,
16572,
16573,
16574,
16575,
16576,36.405372618823634
16577,16.254100402865433
16578,7.890876743602108
16579,
16580,
16581,
16582,
16583,
16584,25.127752239008963
16585,11.852046209206309
16586,5.4531464102975225
16587,
16588,
16589,
16590,
16591,
16592,18.19345756354533
16593,8.41883458012541
16594,4.132698367930445
16595,
16596,
16597,
16598,
16599,
16600,45.24827986124205
16601,20.91538819499686
16602,10.0510419125558
16603,
16604,
16605,
16606,
16607,
16608,21.40413213511075
16609,10.465327340073243
16610,4.889118330240479
16611,
16612,
16613,
16614,
16615,
16616,26.58107978016535
16617,11.078956007350072
16618,5.604825887761109
16619,
16620,
16621,
16622,
16623,
16624,30.11424714233857
16625,13.646754429909118
16626,6.764127496874996
16627,
16628,
16629,
16630,
16631,
16632,23.368239962814286
16633,10.626933705028726
16634,5.051209871772093
16635,
16636,
16637,
16638,
16639,
16640,25.584014961859445
16641,11.400887174063739
16642,5.429576409896401
16643,
16644,
16645,
16646,
16647,
16648,15.834161341056868
16649,6.582716015010652
16650,3.4885490490190505
16651,
16652,
16653,
16654,
16655,
16656,39.136582752304825
16657,17.859261162274652
16658,8.706372508422781
16659,
16660,
16661,
16662,
16663,
16664,15.669157857013431
16665,6.970447762947626
16666,3.3982041555469897
16667,
16668,
16669,
16670,
16671,
16672,17.833319017902607
16673,7.717565343932371
16674,3.9630748912106384
16675,
16676,
16677,
16678,
16679,
16680,25.14289007332354
16681,11.39126498183129
16682,5.34395504060113
16683,
16684,
16685,
16686,
16687,
16688,27.8631893869615
16689,13.42816606347763
16690,6.320872659799548
16691,
16692,
16693,
16694,
16695,
16696,20.319152584938564
16697,9.09501393228107
16698,4.166785051918801
16699,
16700,
16701,
16702,
16703,
16704,21.82803022132411
16705,9.808478320790583
16706,4.786520786710194
16707,
16708,
16709,
16710,
16711,
16712,56.34910678843417
16713,27.292756931299277
16714,13.496803012948414
16715,
16716,
16717,
16718,
16719,
16720,17.395751352842968
16721,7.5928468651551855
16722,3.9397075994415216
16723,
16724,
16725,
16726,
16727,
16728,
16729,
16730,
16731,
16732,
16733,
16734,
16735,
16736,
16737,
16738,
16739,
16740,
16741,
16742,
16743,
16744,
16745,
16746,
16747,
16748,
16749,
16750,
16751,
16752,
16753,
16754,
16755,
16756,
16757,
16758,
16759,
16760,
16761,
16762,
16763,
16764,
16765,
16766,
16767,
16768,
16769,
16770,
16771,
16772,
16773,
16774,
16775,
16776,
16777,
16778,
16779,
16780,
16781,
16782,
16783,
16784,
16785,
16786,
16787,
16788,
16789,
16790,
16791,
16792,
16793,
16794,
16795,
16796,
16797,
16798,
16799,
16800,
16801,
16802,
16803,
16804,
16805,
16806,
16807,
16808,
16809,
16810,
16811,
16812,
16813,
16814,
16815,
16816,
16817,
16818,
16819,
16820,
16821,
16822,
16823,
16824,
16825,
16826,
16827,
16828,
16829,
16830,
16831,
16832,
16833,
16834,
16835,
16836,
16837,
16838,
16839,
16840,
16841,
16842,
16843,
16844,
16845,
16846,
16847,
16848,
16849,
16850,
16851,
16852,
16853,
16854,
16855,
16856,
16857,
16858,
16859,
16860,
16861,
16862,
16863,
16864,
16865,
16866,
16867,
16868,
16869,
16870,
16871,
16872,
16873,
16874,
16875,
16876,
16877,
16878,
16879,
16880,
16881,
16882,
16883,
16884,
16885,
16886,
16887,
16888,
16889,
16890,
16891,
16892,
16893,
16894,
16895,
16896,
16897,
16898,
16899,
16900,
16901,
16902,
16903,
16904,
16905,
16906,
16907,
16908,
16909,
16910,
16911,
16912,
16913,
16914,
16915,
16916,
16917,
16918,
16919,
16920,
16921,
16922,
16923,
16924,
16925,
16926,
16927,
16928,
16929,
16930,
16931,
16932,
16933,
16934,
16935,
16936,
16937,
16938,
16939,
16940,
16941,
16942,
16943,
16944,
16945,
16946,
16947,
16948,
16949,
16950,
16951,
16952,
16953,
16954,
16955,
16956,
16957,
16958,
16959,
16960,
16961,
16962,
16963,
16964,
16965,
16966,
16967,
16968,
16969,
16970,
16971,
16972,
16973,
16974,
16975,
16976,
16977,
16978,
16979,
16980,
16981,
16982,
16983,
16984,
16985,
16986,
16987,
16988,
16989,
16990,
16991,
16992,
16993,
16994,
16995,
16996,
16997,
16998,
16999,
17000,
17001,
17002,
17003,
17004,
17005,
17006,
17007,
17008,
17009,
17010,
17011,
17012,
17013,
17014,
17015,
17016,
17017,
17018,
17019,
17020,
17021,
17022,
17023,
17024,
17025,
17026,
17027,
17028,
17029,
17030,
17031,
17032,
17033,
17034,
17035,
17036,
17037,
17038,
17039,
17040,
17041,
17042,
17043,
17044,
17045,
17046,
17047,
17048,
17049,
17050,
17051,
17052,
17053,
17054,
17055,
17056,
17057,
17058,
17059,
17060,
17061,
17062,
17063,
17064,
17065,
17066,
17067,
17068,
17069,
17070,
17071,
17072,
17073,
17074,
17075,
17076,
17077,
17078,
17079,
17080,
17081,
17082,
17083,
17084,
17085,
17086,
17087,
17088,
17089,
17090,
17091,
17092,
17093,
17094,
17095,
17096,
17097,
17098,
17099,
17100,
17101,
17102,
17103,
17104,
17105,
17106,
17107,
17108,
17109,
17110,
17111,
17112,
17113,
17114,
17115,
17116,
17117,
17118,
17119,
17120,
17121,
17122,
17123,
17124,
17125,
17126,
17127,
17128,
17129,
17130,
17131,
17132,
17133,
17134,
17135,
17136,
17137,
17138,
17139,
17140,
17141,
17142,
17143,
17144,
17145,
17146,
17147,
17148,
17149,
17150,
17151,
17152,
17153,
17154,
17155,
17156,
17157,
17158,
17159,
17160,
17161,
17162,
17163,
17164,
17165,
17166,
17167,
17168,
17169,
17170,
17171,
17172,
17173,
17174,
17175,
17176,
17177,
17178,
17179,
17180,
17181,
17182,
17183,
17184,
17185,
17186,
17187,
17188,
17189,
17190,
17191,
17192,
17193,
17194,
17195,
17196,
17197,
17198,
17199,
17200,
17201,
17202,
17203,
17204,
17205,
17206,
17207,
17208,
17209,
17210,
17211,
17212,
17213,
17214,
17215,
17216,
17217,
17218,
17219,
17220,
17221,
17222,
17223,
17224,
17225,
17226,
17227,
17228,
17229,
17230,
17231,
17232,
17233,
17234,
17235,
17236,
17237,
17238,
17239,
17240,
17241,
17242,
17243,
17244,
17245,
17246,
17247,
17248,
17249,
17250,
17251,
17252,
17253,
17254,
17255,
17256,
17257,
17258,
17259,
17260,
17261,
17262,
17263,
17264,
17265,
17266,
17267,
17268,
17269,
17270,
17271,
17272,
17273,
17274,
17275,
17276,
17277,
17278,
17279,
17280,
17281,
17282,
17283,
17284,
17285,
17286,
17287,
17288,
17289,
17290,
17291,
17292,
17293,
17294,
17295,
17296,
17297,
17298,
17299,
17300,
17301,
17302,
17303,
17304,
17305,
17306,
17307,
17308,
17309,
17310,
17311,
17312,
17313,
17314,
17315,
17316,
17317,
17318,
17319,
17320,
17321,
17322,
17323,
17324,
17325,
17326,
17327,
17328,
17329,
17330,
17331,
17332,
17333,
17334,
17335,
17336,
17337,
17338,
17339,
17340,
17341,
17342,
17343,
17344,
17345,
17346,
17347,
17348,
17349,
17350,
17351,
17352,
17353,
17354,
17355,
17356,
17357,
17358,
17359,
17360,
17361,
17362,
17363,
17364,
17365,
17366,
17367,
17368,
17369,
17370,
17371,
17372,
17373,
17374,
17375,
17376,
17377,
17378,
17379,
17380,
17381,
17382,
17383,
17384,
17385,
17386,
17387,
17388,
17389,
17390,
17391,
17392,
17393,
17394,
17395,
17396,
17397,
17398,
17399,
17400,
17401,
17402,
17403,
17404,
17405,
17406,
17407,
17408,
17409,
17410,
17411,
17412,
17413,
17414,
17415,
17416,
17417,
17418,
17419,
17420,
17421,
17422,
17423,
17424,
17425,
17426,
17427,
17428,
17429,
17430,
17431,
17432,
17433,
17434,
17435,
17436,
17437,
17438,
17439,
17440,
17441,
17442,
17443,
17444,
17445,
17446,
17447,
17448,
17449,
17450,
17451,
17452,
17453,
17454,
17455,
17456,
17457,
17458,
17459,
17460,
17461,
17462,
17463,
17464,
17465,
17466,
17467,
17468,
17469,
17470,
17471,
17472,
17473,
17474,
17475,
17476,
17477,
17478,
17479,
17480,
17481,
17482,
17483,
17484,
17485,
17486,
17487,
17488,
17489,
17490,
17491,
17492,
17493,
17494,
17495,
17496,
17497,
17498,
17499,
17500,
17501,
17502,
17503,
17504,
17505,
17506,
17507,
17508,
17509,
17510,
17511,
17512,
17513,
17514,
17515,
17516,
17517,
17518,
17519,
17520,
17521,
17522,
17523,
17524,
17525,
17526,
17527,
17528,
17529,
17530,
17531,
17532,
17533,
17534,
17535,
17536,
17537,
17538,
17539,
17540,
17541,
17542,
17543,
17544,
17545,
17546,
17547,
17548,
17549,
17550,
17551,
17552,
17553,
17554,
17555,
17556,
17557,
17558,
17559,
17560,
17561,
17562,
17563,
17564,
17565,
17566,
17567,
17568,
17569,
17570,
17571,
17572,
17573,
17574,
17575,
17576,
17577,
17578,
17579,
17580,
17581,
17582,
17583,
17584,
17585,
17586,
17587,
17588,
17589,
17590,
17591,
17592,
17593,
17594,
17595,
17596,
17597,
17598,
17599,
17600,
17601,
17602,
17603,
17604,
17605,
17606,
17607,
17608,
17609,
17610,
17611,
17612,
17613,
17614,
17615,
17616,
17617,
17618,
17619,
17620,
17621,
17622,
17623,
17624,
17625,
17626,
17627,
17628,
17629,
17630,
17631,
17632,
17633,
17634,
17635,
17636,
17637,
17638,
17639,
17640,
17641,
17642,
17643,
17644,
17645,
17646,
17647,
17648,
17649,
17650,
17651,
17652,
17653,
17654,
17655,
17656,
17657,
17658,
17659,
17660,
17661,
17662,
17663,
17664,
17665,
17666,
17667,
17668,
17669,
17670,
17671,
17672,
17673,
17674,
17675,
17676,
17677,
17678,
17679,
17680,
17681,
17682,
17683,
17684,
17685,
17686,
17687,
17688,
17689,
17690,
17691,
17692,
17693,
17694,
17695,
17696,
17697,
17698,
17699,
17700,
17701,
17702,
17703,
17704,
17705,
17706,
17707,
17708,
17709,
17710,
17711,
17712,
17713,
17714,
17715,
17716,
17717,
17718,
17719,
17720,
17721,
17722,
17723,
17724,
17725,
17726,
17727,
17728,
17729,
17730,
17731,
17732,
17733,
17734,
17735,
17736,
17737,
17738,
17739,
17740,
17741,
17742,
17743,
17744,
17745,
17746,
17747,
17748,
17749,
17750,
17751,
17752,
17753,
17754,
17755,
17756,
17757,
17758,
17759,
17760,
17761,
17762,
17763,
17764,
17765,
17766,
17767,
17768,
17769,
17770,
17771,
17772,
17773,
17774,
17775,
17776,
17777,
17778,
17779,
17780,
17781,
17782,
17783,
17784,
17785,
17786,
17787,
17788,
17789,
17790,
17791,
17792,
17793,
17794,
17795,
17796,
17797,
17798,
17799,
17800,
17801,
17802,
17803,
17804,
17805,
17806,
17807,
17808,
17809,
17810,
17811,
17812,
17813,
17814,
17815,
17816,
17817,
17818,
17819,
17820,
17821,
17822,
17823,
17824,
17825,
17826,
17827,
17828,
17829,
17830,
17831,
17832,
17833,
17834,
17835,
17836,
17837,
17838,
17839,
17840,
17841,
17842,
17843,
17844,
17845,
17846,
17847,
17848,
17849,
17850,
17851,
17852,
17853,
17854,
17855,
17856,
17857,
17858,
17859,
17860,
17861,
17862,
17863,
17864,
17865,
17866,
17867,
17868,
17869,
17870,
17871,
17872,
17873,
17874,
17875,
17876,
17877,
17878,
17879,
17880,
17881,
17882,
17883,
17884,
17885,
17886,
17887,
17888,
17889,
17890,
17891,
17892,
17893,
17894,
17895,
17896,
17897,
17898,
17899,
17900,
17901,
17902,
17903,
17904,
17905,
17906,
17907,
17908,
17909,
17910,
17911,
17912,
17913,
17914,
17915,
17916,
17917,
17918,
17919,
17920,
17921,
17922,
17923,
17924,
17925,
17926,
17927,
17928,
17929,
17930,
17931,
17932,
17933,
17934,
17935,
17936,
17937,
17938,
17939,
17940,
17941,
17942,
17943,
17944,
17945,
17946,
17947,
17948,
17949,
17950,
17951,
17952,
17953,
17954,
17955,
17956,
17957,
17958,
17959,
17960,
17961,
17962,
17963,
17964,
17965,
17966,
17967,
17968,
17969,
17970,
17971,
17972,
17973,
17974,
17975,
17976,
17977,
17978,
17979,
17980,
17981,
17982,
17983,
17984,
17985,
17986,
17987,
17988,
17989,
17990,
17991,
17992,
17993,
17994,
17995,
17996,
17997,
17998,
17999,
18000,
18001,
18002,
18003,
18004,
18005,
18006,
18007,
18008,
18009,
18010,
18011,
18012,
18013,
18014,
18015,
18016,
18017,
18018,
18019,
18020,
18021,
18022,
18023,
18024,
18025,
18026,
18027,
18028,
18029,
18030,
18031,
18032,
18033,
18034,
18035,
18036,
18037,
18038,
18039,
18040,
18041,
18042,
18043,
18044,
18045,
18046,
18047,
18048,
18049,
18050,
18051,
18052,
18053,
18054,
18055,
18056,
18057,
18058,
18059,
18060,
18061,
18062,
18063,
18064,
18065,
18066,
18067,
18068,
18069,
18070,
18071,
18072,
18073,
18074,
18075,
18076,
18077,
18078,
18079,
18080,
18081,
18082,
18083,
18084,
18085,
18086,
18087,
18088,
18089,
18090,
18091,
18092,
18093,
18094,
18095,
18096,
18097,
18098,
18099,
18100,
18101,
18102,
18103,
18104,
18105,
18106,
18107,
18108,
18109,
18110,
18111,
18112,
18113,
18114,
18115,
18116,
18117,
18118,
18119,
18120,
18121,
18122,
18123,
18124,
18125,
18126,
18127,
18128,
18129,
18130,
18131,
18132,
18133,
18134,
18135,
18136,
18137,
18138,
18139,
18140,
18141,
18142,
18143,
18144,
18145,
18146,
18147,
18148,
18149,
18150,
18151,
18152,
18153,
18154,
18155,
18156,
18157,
18158,
18159,
18160,
18161,
18162,
18163,
18164,
18165,
18166,
18167,
18168,
18169,
18170,
18171,
18172,
18173,
18174,
18175,
18176,
18177,
18178,
18179,
18180,
18181,
18182,
18183,
18184,
18185,
18186,
18187,
18188,
18189,
18190,
18191,
18192,
18193,
18194,
18195,
18196,
18197,
18198,
18199,
18200,
18201,
18202,
18203,
18204,
18205,
18206,
18207,
18208,
18209,
18210,
18211,
18212,
18213,
18214,
18215,
18216,
18217,
18218,
18219,
18220,
18221,
18222,
18223,
18224,
18225,
18226,
18227,
18228,
18229,
18230,
18231,
18232,
18233,
18234,
18235,
18236,
18237,
18238,
18239,
18240,
18241,
18242,
18243,
18244,
18245,
18246,
18247,
18248,
18249,
18250,
18251,
18252,
18253,
18254,
18255,
18256,
18257,
18258,
18259,
18260,
18261,
18262,
18263,
18264,
18265,
18266,
18267,
18268,
18269,
18270,
18271,
18272,
18273,
18274,
18275,
18276,
18277,
18278,
18279,
18280,
18281,
18282,
18283,
18284,
18285,
18286,
18287,
18288,
18289,
18290,
18291,
18292,
18293,
18294,
18295,
18296,
18297,
18298,
18299,
18300,
18301,
18302,
18303,
18304,
18305,
18306,
18307,
18308,
18309,
18310,
18311,
18312,
18313,
18314,
18315,
18316,
18317,
18318,
18319,
18320,
18321,
18322,
18323,
18324,
18325,
18326,
18327,
18328,
18329,
18330,
18331,
18332,
18333,
18334,
18335,
18336,
18337,
18338,
18339,
18340,
18341,
18342,
18343,
18344,
18345,
18346,
18347,
18348,
18349,
18350,
18351,
18352,
18353,
18354,
18355,
18356,
18357,
18358,
18359,
18360,17.04865178802192
18361,7.845874189780754
18362,4.9950430431254516
18363,
18364,
18365,
18366,
18367,
18368,19.494629064094067
18369,9.060972777832214
18370,5.540536234580065
18371,
18372,
18373,
18374,
18375,
18376,18.46551848479075
18377,8.796653148943351
18378,5.2611921300349085
18379,
18380,
18381,
18382,
18383,
18384,16.53016996082526
18385,7.586092345596532
18386,4.9330034391173845
18387,
18388,
18389,
18390,
18391,
18392,15.10369498014069
18393,7.142329116386116
18394,4.406911689618585
18395,
18396,
18397,
18398,
18399,
18400,16.99803422752526
18401,8.137492068054543
18402,5.033476322134924
18403,
18404,
18405,
18406,
18407,
18408,16.353355519358452
18409,7.8306255299401135
18410,4.8547054332256225
18411,
18412,
18413,
18414,
18415,
18416,25.057298337549273
18417,11.642451258910324
18418,6.998521876131052
18419,
18420,
18421,
18422,
18423,
18424,27.243439877900904
18425,12.440211669600046
18426,7.202423655248415
18427,
18428,
18429,
18430,
18431,
18432,14.699700415279946
18433,7.085194954749475
18434,4.1103294931591625
18435,
18436,
18437,
18438,
18439,
18440,20.166575275977923
18441,9.223879951547666
18442,5.592714578150341
18443,
18444,
18445,
18446,
18447,
18448,13.055072947830912
18449,5.937711292718471
18450,3.4297419240173896
18451,
18452,
18453,
18454,
18455,
18456,14.88182999272653
18457,6.789538733275476
18458,4.2458865382570545
18459,
18460,
18461,
18462,
18463,
18464,16.910352425030705
18465,8.005421773237492
18466,4.942804506431461
18467,
18468,
18469,
18470,
18471,
18472,18.833289443962713
18473,8.5224553773039
18474,5.30799026553532
18475,
18476,
18477,
18478,
18479,
18480,25.98319271450208
18481,12.068898904696562
18482,7.263389156923847
18483,
18484,
18485,
18486,
18487,
18488,14.897612531906361
18489,6.9864777508891045
18490,4.318453595579529
18491,
18492,
18493,
18494,
18495,
18496,39.1883651038967
18497,17.77482223622844
18498,10.221214873391594
18499,
18500,
18501,
18502,
18503,
18504,18.831813854331575
18505,8.53483572790591
18506,5.2380029157077495
18507,
18508,
18509,
18510,
18511,
18512,24.215283456945635
18513,11.69757465150584
18514,6.424419244989711
18515,
18516,
18517,
18518,
18519,
18520,34.373040973809765
18521,16.096939090037065
18522,9.882048808838734
18523,
18524,
18525,
18526,
18527,
18528,31.53970563232059
18529,14.06626204005518
18530,8.912243011292128
18531,
18532,
18533,
18534,
18535,
18536,20.797177411895262
18537,9.386295411052835
18538,5.480681884000198
18539,
18540,
18541,
18542,
18543,
18544,14.580514661119041
18545,6.855113128411374
18546,3.9398762003600813
18547,
18548,
18549,
18550,
18551,
18552,26.518132916495166
18553,11.874508106647559
18554,6.839346975173936
18555,
18556,
18557,
18558,
18559,
18560,20.333200142412828
18561,9.393633159169228
18562,5.782163066376474
18563,
18564,
18565,
18566,
18567,
18568,14.914578775483827
18569,6.964981617689342
18570,4.35194351182136
18571,
18572,
18573,
18574,
18575,
18576,20.642468341188728
18577,9.774509308293176
18578,5.6772696122508695
18579,
18580,
18581,
18582,
18583,
18584,13.951377274544187
18585,6.2234204949435945
18586,3.7990055945717796
18587,
18588,
18589,
18590,
18591,
18592,14.239788577218064
18593,6.450298859722152
18594,4.032685543992565
18595,
18596,
18597,
18598,
18599,
18600,30.496368531798975
18601,13.52635938309962
18602,8.309522748790108
18603,
18604,
18605,
18606,
18607,
18608,14.925677907276196
18609,7.226899478197179
18610,4.364850749798834
18611,
18612,
18613,
18614,
18615,
18616,33.10858730147059
18617,13.981051835064278
18618,8.459523517892789
18619,
18620,
18621,
18622,
18623,
18624,22.506111534823212
18625,10.416460779947613
18626,6.205717563742297
18627,
18628,
18629,
18630,
18631,
18632,15.950821393339664
18633,7.528324020233834
18634,4.6590826659446405
18635,
18636,
18637,
18638,
18639,
18640,39.59289670678075
18641,19.175132668151285
18642,11.40566213077095
18643,
18644,
18645,
18646,
18647,
18648,18.558942571901422
18649,8.820306759138463
18650,5.275543582569649
18651,
18652,
18653,
18654,
18655,
18656,23.593178221067806
18657,10.792054199031488
18658,6.660974766516072
18659,
18660,
18661,
18662,
18663,
18664,27.898659180911366
18665,11.892779550217373
18666,7.238162239666309
18667,
18668,
18669,
18670,
18671,
18672,20.320478223046155
18673,9.590617608419288
18674,5.54789813254125
18675,
18676,
18677,
18678,
18679,
18680,22.00269911319315
18681,10.23303591515556
18682,6.34565362165119
18683,
18684,
18685,
18686,
18687,
18688,14.674101714619768
18689,6.604094075232877
18690,3.9722751808597483
18691,
18692,
18693,
18694,
18695,
18696,32.1930901249262
18697,15.389066499956803
18698,9.134402110053747
18699,
18700,
18701,
18702,
18703,
18704,13.389503325408048
18705,6.376696531147577
18706,3.7747898374496596
18707,
18708,
18709,
18710,
18711,
18712,15.210926597867404
18713,6.799023948834061
18714,4.40107874396509
18715,
18716,
18717,
18718,
18719,
18720,22.216604169510934
18721,9.871611775506958
18722,5.902975408869393
18723,
18724,
18725,
18726,
18727,
18728,25.898349033606667
18729,11.775054865521927
18730,6.8865601674280965
18731,
18732,
18733,
18734,
18735,
18736,17.369146024605346
18737,8.38374799886631
18738,4.765840393202336
18739,
18740,
18741,
18742,
18743,
18744,19.68614221967349
18745,8.45767196897047
18746,5.358396339127773
18747,
18748,
18749,
18750,
18751,
18752,57.4005320945396
18753,26.133030575612228
18754,14.909751541074662
18755,
18756,
18757,
18758,
18759,
18760,15.420354015347415
18761,6.829961721191976
18762,4.50874072340866
18763,
18764,
18765,
18766,
18767,
18768,
18769,
18770,
18771,
18772,
18773,
18774,
18775,
18776,
18777,
18778,
18779,
18780,
18781,
18782,
18783,
18784,
18785,
18786,
18787,
18788,
18789,
18790,
18791,
18792,
18793,
18794,
18795,
18796,
18797,
18798,
18799,
18800,
18801,
18802,
18803,
18804,
18805,
18806,
18807,
18808,
18809,
18810,
18811,
18812,
18813,
18814,
18815,
18816,
18817,
18818,
18819,
18820,
18821,
18822,
18823,
18824,
18825,
18826,
18827,
18828,
18829,
18830,
18831,
18832,
18833,
18834,
18835,
18836,
18837,
18838,
18839,
18840,
18841,
18842,
18843,
18844,
18845,
18846,
18847,
18848,
18849,
18850,
18851,
18852,
18853,
18854,
18855,
18856,
18857,
18858,
18859,
18860,
18861,
18862,
18863,
18864,
18865,
18866,
18867,
18868,
18869,
18870,
18871,
18872,
18873,
18874,
18875,
18876,
18877,
18878,
18879,
18880,
18881,
18882,
18883,
18884,
18885,
18886,
18887,
18888,
18889,
18890,
18891,
18892,
18893,
18894,
18895,
18896,
18897,
18898,
18899,
18900,
18901,
18902,
18903,
18904,
18905,
18906,
18907,
18908,
18909,
18910,
18911,
18912,
18913,
18914,
18915,
18916,
18917,
18918,
18919,
18920,
18921,
18922,
18923,
18924,
18925,
18926,
18927,
18928,
18929,
18930,
18931,
18932,
18933,
18934,
18935,
18936,
18937,
18938,
18939,
18940,
18941,
18942,
18943,
18944,
18945,
18946,
18947,
18948,
18949,
18950,
18951,
18952,
18953,
18954,
18955,
18956,
18957,
18958,
18959,
18960,
18961,
18962,
18963,
18964,
18965,
18966,
18967,
18968,
18969,
18970,
18971,
18972,
18973,
18974,
18975,
18976,
18977,
18978,
18979,
18980,
18981,
18982,
18983,
18984,
18985,
18986,
18987,
18988,
18989,
18990,
18991,
18992,
18993,
18994,
18995,
18996,
18997,
18998,
18999,
19000,
19001,
19002,
19003,
19004,
19005,
19006,
19007,
19008,
19009,
19010,
19011,
19012,
19013,
19014,
19015,
19016,
19017,
19018,
19019,
19020,
19021,
19022,
19023,
19024,
19025,
19026,
19027,
19028,
19029,
19030,
19031,
19032,
19033,
19034,
19035,
19036,
19037,
19038,
19039,
19040,
19041,
19042,
19043,
19044,
19045,
19046,
19047,
19048,
19049,
19050,
19051,
19052,
19053,
19054,
19055,
19056,
19057,
19058,
19059,
19060,
19061,
19062,
19063,
19064,
19065,
19066,
19067,
19068,
19069,
19070,
19071,
19072,
19073,
19074,
19075,
19076,
19077,
19078,
19079,
19080,
19081,
19082,
19083,
19084,
19085,
19086,
19087,
19088,
19089,
19090,
19091,
19092,
19093,
19094,
19095,
19096,
19097,
19098,
19099,
19100,
19101,
19102,
19103,
19104,
19105,
19106,
19107,
19108,
19109,
19110,
19111,
19112,
19113,
19114,
19115,
19116,
19117,
19118,
19119,
19120,
19121,
19122,
19123,
19124,
19125,
19126,
19127,
19128,
19129,
19130,
19131,
19132,
19133,
19134,
19135,
19136,
19137,
19138,
19139,
19140,
19141,
19142,
19143,
19144,
19145,
19146,
19147,
19148,
19149,
19150,
19151,
19152,
19153,
19154,
19155,
19156,
19157,
19158,
19159,
19160,
19161,
19162,
19163,
19164,
19165,
19166,
19167,
19168,
19169,
19170,
19171,
19172,
19173,
19174,
19175,
19176,
19177,
19178,
19179,
19180,
19181,
19182,
19183,
19184,
19185,
19186,
19187,
19188,
19189,
19190,
19191,
19192,
19193,
19194,
19195,
19196,
19197,
19198,
19199,
19200,
19201,
19202,
19203,
19204,
19205,
19206,
19207,
19208,
19209,
19210,
19211,
19212,
19213,
19214,
19215,
19216,
19217,
19218,
19219,
19220,
19221,
19222,
19223,
19224,
19225,
19226,
19227,
19228,
19229,
19230,
19231,
19232,
19233,
19234,
19235,
19236,
19237,
19238,
19239,
19240,
19241,
19242,
19243,
19244,
19245,
19246,
19247,
19248,
19249,
19250,
19251,
19252,
19253,
19254,
19255,
19256,
19257,
19258,
19259,
19260,
19261,
19262,
19263,
19264,
19265,
19266,
19267,
19268,
19269,
19270,
19271,
19272,
19273,
19274,
19275,
19276,
19277,
19278,
19279,
19280,
19281,
19282,
19283,
19284,
19285,
19286,
19287,
19288,
19289,
19290,
19291,
19292,
19293,
19294,
19295,
19296,
19297,
19298,
19299,
19300,
19301,
19302,
19303,
19304,
19305,
19306,
19307,
19308,
19309,
19310,
19311,
19312,
19313,
19314,
19315,
19316,
19317,
19318,
19319,
19320,
19321,
19322,
19323,
19324,
19325,
19326,
19327,
19328,
19329,
19330,
19331,
19332,
19333,
19334,
19335,
19336,
19337,
19338,
19339,
19340,
19341,
19342,
19343,
19344,
19345,
19346,
19347,
19348,
19349,
19350,
19351,
19352,
19353,
19354,
19355,
19356,
19357,
19358,
19359,
19360,
19361,
19362,
19363,
19364,
19365,
19366,
19367,
19368,
19369,
19370,
19371,
19372,
19373,
19374,
19375,
19376,
19377,
19378,
19379,
19380,
19381,
19382,
19383,
19384,
19385,
19386,
19387,
19388,
19389,
19390,
19391,
19392,
19393,
19394,
19395,
19396,
19397,
19398,
19399,
19400,
19401,
19402,
19403,
19404,
19405,
19406,
19407,
19408,
19409,
19410,
19411,
19412,
19413,
19414,
19415,
19416,
19417,
19418,
19419,
19420,
19421,
19422,
19423,
19424,
19425,
19426,
19427,
19428,
19429,
19430,
19431,
19432,
19433,
19434,
19435,
19436,
19437,
19438,
19439,
19440,
19441,
19442,
19443,
19444,
19445,
19446,
19447,
19448,
19449,
19450,
19451,
19452,
19453,
19454,
19455,
19456,
19457,
19458,
19459,
19460,
19461,
19462,
19463,
19464,
19465,
19466,
19467,
19468,
19469,
19470,
19471,
19472,
19473,
19474,
19475,
19476,
19477,
19478,
19479,
19480,
19481,
19482,
19483,
19484,
19485,
19486,
19487,
19488,
19489,
19490,
19491,
19492,
19493,
19494,
19495,
19496,
19497,
19498,
19499,
19500,
19501,
19502,
19503,
19504,
19505,
19506,
19507,
19508,
19509,
19510,
19511,
19512,
19513,
19514,
19515,
19516,
19517,
19518,
19519,
19520,
19521,
19522,
19523,
19524,
19525,
19526,
19527,
19528,
19529,
19530,
19531,
19532,
19533,
19534,
19535,
19536,
19537,
19538,
19539,
19540,
19541,
19542,
19543,
19544,
19545,
19546,
19547,
19548,
19549,
19550,
19551,
19552,
19553,
19554,
19555,
19556,
19557,
19558,
19559,
19560,
19561,
19562,
19563,
19564,
19565,
19566,
19567,
19568,
19569,
19570,
19571,
19572,
19573,
19574,
19575,
19576,
19577,
19578,
19579,
19580,
19581,
19582,
19583,
19584,
19585,
19586,
19587,
19588,
19589,
19590,
19591,
19592,
19593,
19594,
19595,
19596,
19597,
19598,
19599,
19600,
19601,
19602,
19603,
19604,
19605,
19606,
19607,
19608,
19609,
19610,
19611,
19612,
19613,
19614,
19615,
19616,
19617,
19618,
19619,
19620,
19621,
19622,
19623,
19624,
19625,
19626,
19627,
19628,
19629,
19630,
19631,
19632,
19633,
19634,
19635,
19636,
19637,
19638,
19639,
19640,
19641,
19642,
19643,
19644,
19645,
19646,
19647,
19648,
19649,
19650,
19651,
19652,
19653,
19654,
19655,
19656,
19657,
19658,
19659,
19660,
19661,
19662,
19663,
19664,
19665,
19666,
19667,
19668,
19669,
19670,
19671,
19672,
19673,
19674,
19675,
19676,
19677,
19678,
19679,
19680,
19681,
19682,
19683,
19684,
19685,
19686,
19687,
19688,
19689,
19690,
19691,
19692,
19693,
19694,
19695,
19696,
19697,
19698,
19699,
19700,
19701,
19702,
19703,
19704,
19705,
19706,
19707,
19708,
19709,
19710,
19711,
19712,
19713,
19714,
19715,
19716,
19717,
19718,
19719,
19720,
19721,
19722,
19723,
19724,
19725,
19726,
19727,
19728,
19729,
19730,
19731,
19732,
19733,
19734,
19735,
19736,
19737,
19738,
19739,
19740,
19741,
19742,
19743,
19744,
19745,
19746,
19747,
19748,
19749,
19750,
19751,
19752,
19753,
19754,
19755,
19756,
19757,
19758,
19759,
19760,
19761,
19762,
19763,
19764,
19765,
19766,
19767,
19768,
19769,
19770,
19771,
19772,
19773,
19774,
19775,
19776,
19777,
19778,
19779,
19780,
19781,
19782,
19783,
19784,
19785,
19786,
19787,
19788,
19789,
19790,
19791,
19792,
19793,
19794,
19795,
19796,
19797,
19798,
19799,
19800,
19801,
19802,
19803,
19804,
19805,
19806,
19807,
19808,
19809,
19810,
19811,
19812,
19813,
19814,
19815,
19816,
19817,
19818,
19819,
19820,
19821,
19822,
19823,
19824,
19825,
19826,
19827,
19828,
19829,
19830,
19831,
19832,
19833,
19834,
19835,
19836,
19837,
19838,
19839,
19840,
19841,
19842,
19843,
19844,
19845,
19846,
19847,
19848,
19849,
19850,
19851,
19852,
19853,
19854,
19855,
19856,
19857,
19858,
19859,
19860,
19861,
19862,
19863,
19864,
19865,
19866,
19867,
19868,
19869,
19870,
19871,
19872,
19873,
19874,
19875,
19876,
19877,
19878,
19879,
19880,
19881,
19882,
19883,
19884,
19885,
19886,
19887,
19888,
19889,
19890,
19891,
19892,
19893,
19894,
19895,
19896,
19897,
19898,
19899,
19900,
19901,
19902,
19903,
19904,
19905,
19906,
19907,
19908,
19909,
19910,
19911,
19912,
19913,
19914,
19915,
19916,
19917,
19918,
19919,
19920,
19921,
19922,
19923,
19924,
19925,
19926,
19927,
19928,
19929,
19930,
19931,
19932,
19933,
19934,
19935,
19936,
19937,
19938,
19939,
19940,
19941,
19942,
19943,
19944,
19945,
19946,
19947,
19948,
19949,
19950,
19951,
19952,
19953,
19954,
19955,
19956,
19957,
19958,
19959,
19960,
19961,
19962,
19963,
19964,
19965,
19966,
19967,
19968,
19969,
19970,
19971,
19972,
19973,
19974,
19975,
19976,
19977,
19978,
19979,
19980,
19981,
19982,
19983,
19984,
19985,
19986,
19987,
19988,
19989,
19990,
19991,
19992,
19993,
19994,
19995,
19996,
19997,
19998,
19999,
20000,
20001,
20002,
20003,
20004,
20005,
20006,
20007,
20008,
20009,
20010,
20011,
20012,
20013,
20014,
20015,
20016,
20017,
20018,
20019,
20020,
20021,
20022,
20023,
20024,
20025,
20026,
20027,
20028,
20029,
20030,
20031,
20032,
20033,
20034,
20035,
20036,
20037,
20038,
20039,
20040,
20041,
20042,
20043,
20044,
20045,
20046,
20047,
20048,
20049,
20050,
20051,
20052,
20053,
20054,
20055,
20056,
20057,
20058,
20059,
20060,
20061,
20062,
20063,
20064,
20065,
20066,
20067,
20068,
20069,
20070,
20071,
20072,
20073,
20074,
20075,
20076,
20077,
20078,
20079,
20080,
20081,
20082,
20083,
20084,
20085,
20086,
20087,
20088,
20089,
20090,
20091,
20092,
20093,
20094,
20095,
20096,
20097,
20098,
20099,
20100,
20101,
20102,
20103,
20104,
20105,
20106,
20107,
20108,
20109,
20110,
20111,
20112,
20113,
20114,
20115,
20116,
20117,
20118,
20119,
20120,
20121,
20122,
20123,
20124,
20125,
20126,
20127,
20128,
20129,
20130,
20131,
20132,
20133,
20134,
20135,
20136,
20137,
20138,
20139,
20140,
20141,
20142,
20143,
20144,
20145,
20146,
20147,
20148,
20149,
20150,
20151,
20152,
20153,
20154,
20155,
20156,
20157,
20158,
20159,
20160,
20161,
20162,
20163,
20164,
20165,
20166,
20167,
20168,
20169,
20170,
20171,
20172,
20173,
20174,
20175,
20176,
20177,
20178,
20179,
20180,
20181,
20182,
20183,
20184,
20185,
20186,
20187,
20188,
20189,
20190,
20191,
20192,
20193,
20194,
20195,
20196,
20197,
20198,
20199,
20200,
20201,
20202,
20203,
20204,
20205,
20206,
20207,
20208,
20209,
20210,
20211,
20212,
20213,
20214,
20215,
20216,
20217,
20218,
20219,
20220,
20221,
20222,
20223,
20224,
20225,
20226,
20227,
20228,
20229,
20230,
20231,
20232,
20233,
20234,
20235,
20236,
20237,
20238,
20239,
20240,
20241,
20242,
20243,
20244,
20245,
20246,
20247,
20248,
20249,
20250,
20251,
20252,
20253,
20254,
20255,
20256,
20257,
20258,
20259,
20260,
20261,
20262,
20263,
20264,
20265,
20266,
20267,
20268,
20269,
20270,
20271,
20272,
20273,
20274,
20275,
20276,
20277,
20278,
20279,
20280,
20281,
20282,
20283,
20284,
20285,
20286,
20287,
20288,
20289,
20290,
20291,
20292,
20293,
20294,
20295,
20296,
20297,
20298,
20299,
20300,
20301,
20302,
20303,
20304,
20305,
20306,
20307,
20308,
20309,
20310,
20311,
20312,
20313,
20314,
20315,
20316,
20317,
20318,
20319,
20320,
20321,
20322,
20323,
20324,
20325,
20326,
20327,
20328,
20329,
20330,
20331,
20332,
20333,
20334,
20335,
20336,
20337,
20338,
20339,
20340,
20341,
20342,
20343,
20344,
20345,
20346,
20347,
20348,
20349,
20350,
20351,
20352,
20353,
20354,
20355,
20356,
20357,
20358,
20359,
20360,
20361,
20362,
20363,
20364,
20365,
20366,
20367,
20368,
20369,
20370,
20371,
20372,
20373,
20374,
20375,
20376,
20377,
20378,
20379,
20380,
20381,
20382,
20383,
20384,
20385,
20386,
20387,
20388,
20389,
20390,
20391,
20392,
20393,
20394,
20395,
20396,
20397,
20398,
20399,
20400,
20401,
20402,
20403,
20404,
20405,
20406,
20407,
20408,
20409,
20410,
20411,
20412,
20413,
20414,
20415,
20416,
20417,
20418,
20419,
20420,
20421,
20422,
20423,
20424,
20425,
20426,
20427,
20428,
20429,
20430,
20431,
20432,
20433,
20434,
20435,
20436,
20437,
20438,
20439,
20440,
20441,
20442,
20443,
20444,
20445,
20446,
20447,
20448,
20449,
20450,
20451,
20452,
20453,
20454,
20455,
20456,
20457,
20458,
20459,
20460,
20461,
20462,
20463,
20464,
20465,
20466,
20467,
20468,
20469,
20470,
20471,
20472,
20473,
20474,
20475,
20476,
20477,
20478,
20479,
20480,
20481,
20482,
20483,
20484,
20485,
20486,
20487,
20488,
20489,
20490,
20491,
20492,
20493,
20494,
20495,
20496,
20497,
20498,
20499,
20500,
20501,
20502,
20503,
20504,
20505,
20506,
20507,
20508,
20509,
20510,
20511,
20512,
20513,
20514,
20515,
20516,
20517,
20518,
20519,
20520,
20521,
20522,
20523,
20524,
20525,
20526,
20527,
20528,
20529,
20530,
20531,
20532,
20533,
20534,
20535,
20536,
20537,
20538,
20539,
20540,
20541,
20542,
20543,
20544,
20545,
20546,
20547,
20548,
20549,
20550,
20551,
20552,
20553,
20554,
20555,
20556,
20557,
20558,
20559,
20560,
20561,
20562,
20563,
20564,
20565,
20566,
20567,
20568,
20569,
20570,
20571,
20572,
20573,
20574,
20575,
20576,
20577,
20578,
20579,
20580,
20581,
20582,
20583,
20584,
20585,
20586,
20587,
20588,
20589,
20590,
20591,
20592,
20593,
20594,
20595,
20596,
20597,
20598,
20599,
20600,
20601,
20602,
20603,
20604,
20605,
20606,
20607,
20608,
20609,
20610,
20611,
20612,
20613,
20614,
20615,
20616,
20617,
20618,
20619,
20620,
20621,
20622,
20623,
20624,
20625,
20626,
20627,
20628,
20629,
20630,
20631,
20632,
20633,
20634,
20635,
20636,
20637,
20638,
20639,
20640,
20641,
20642,
20643,
20644,
20645,
20646,
20647,
20648,
20649,
20650,
20651,
20652,
20653,
20654,
20655,
20656,
20657,
20658,
20659,
20660,
20661,
20662,
20663,
20664,
20665,
20666,
20667,
20668,
20669,
20670,
20671,
20672,
20673,
20674,
20675,
20676,
20677,
20678,
20679,
20680,
20681,
20682,
20683,
20684,
20685,
20686,
20687,
20688,
20689,
20690,
20691,
20692,
20693,
20694,
20695,
20696,
20697,
20698,
20699,
20700,
20701,
20702,
20703,
20704,
20705,
20706,
20707,
20708,
20709,
20710,
20711,
20712,
20713,
20714,
20715,
20716,
20717,
20718,
20719,
20720,
20721,
20722,
20723,
20724,
20725,
20726,
20727,
20728,
20729,
20730,
20731,
20732,
20733,
20734,
20735,
20736,
20737,
20738,
20739,
20740,
20741,
20742,
20743,
20744,
20745,
20746,
20747,
20748,
20749,
20750,
20751,
20752,
20753,
20754,
20755,
20756,
20757,
20758,
20759,
20760,
20761,
20762,
20763,
20764,
20765,
20766,
20767,
20768,
20769,
20770,
20771,
20772,
20773,
20774,
20775,
20776,
20777,
20778,
20779,
20780,
20781,
20782,
20783,
20784,
20785,
20786,
20787,
20788,
20789,
20790,
20791,
20792,
20793,
20794,
20795,
20796,
20797,
20798,
20799,
20800,
20801,
20802,
20803,
20804,
20805,
20806,
20807,
20808,
20809,
20810,
20811,
20812,
20813,
20814,
20815,
20816,
20817,
20818,
20819,
20820,
20821,
20822,
20823,
20824,
20825,
20826,
20827,
20828,
20829,
20830,
20831,
20832,
20833,
20834,
20835,
20836,
20837,
20838,
20839,
20840,
20841,
20842,
20843,
20844,
20845,
20846,
20847,
20848,
20849,
20850,
20851,
20852,
20853,
20854,
20855,
20856,
20857,
20858,
20859,
20860,
20861,
20862,
20863,
20864,
20865,
20866,
20867,
20868,
20869,
20870,
20871,
20872,
20873,
20874,
20875,
20876,
20877,
20878,
20879,
20880,
20881,
20882,
20883,
20884,
20885,
20886,
20887,
20888,
20889,
20890,
20891,
20892,
20893,
20894,
20895,
20896,
20897,
20898,
20899,
20900,
20901,
20902,
20903,
20904,
20905,
20906,
20907,
20908,
20909,
20910,
20911,
20912,
20913,
20914,
20915,
20916,
20917,
20918,
20919,
20920,
20921,
20922,
20923,
20924,
20925,
20926,
20927,
20928,
20929,
20930,
20931,
20932,
20933,
20934,
20935,
20936,
20937,
20938,
20939,
20940,
20941,
20942,
20943,
20944,
20945,
20946,
20947,
20948,
20949,
20950,
20951,
20952,
20953,
20954,
20955,
20956,
20957,
20958,
20959,
20960,
20961,
20962,
20963,
20964,
20965,
20966,
20967,
20968,
20969,
20970,
20971,
20972,
20973,
20974,
20975,
20976,
20977,
20978,
20979,
20980,
20981,
20982,
20983,
20984,
20985,
20986,
20987,
20988,
20989,
20990,
20991,
20992,
20993,
20994,
20995,
20996,
20997,
20998,
20999,
21000,
21001,
21002,
21003,
21004,
21005,
21006,
21007,
21008,
21009,
21010,
21011,
21012,
21013,
21014,
21015,
21016,
21017,
21018,
21019,
21020,
21021,
21022,
21023,
21024,
21025,
21026,
21027,
21028,
21029,
21030,
21031,
21032,
21033,
21034,
21035,
21036,
21037,
21038,
21039,
21040,
21041,
21042,
21043,
21044,
21045,
21046,
21047,
21048,
21049,
21050,
21051,
21052,
21053,
21054,
21055,
21056,
21057,
21058,
21059,
21060,
21061,
21062,
21063,
21064,
21065,
21066,
21067,
21068,
21069,
21070,
21071,
21072,
21073,
21074,
21075,
21076,
21077,
21078,
21079,
21080,
21081,
21082,
21083,
21084,
21085,
21086,
21087,
21088,
21089,
21090,
21091,
21092,
21093,
21094,
21095,
21096,
21097,
21098,
21099,
21100,
21101,
21102,
21103,
21104,
21105,
21106,
21107,
21108,
21109,
21110,
21111,
21112,
21113,
21114,
21115,
21116,
21117,
21118,
21119,
21120,
21121,
21122,
21123,
21124,
21125,
21126,
21127,
21128,
21129,
21130,
21131,
21132,
21133,
21134,
21135,
21136,
21137,
21138,
21139,
21140,
21141,
21142,
21143,
21144,
21145,
21146,
21147,
21148,
21149,
21150,
21151,
21152,
21153,
21154,
21155,
21156,
21157,
21158,
21159,
21160,
21161,
21162,
21163,
21164,
21165,
21166,
21167,
21168,
21169,
21170,
21171,
21172,
21173,
21174,
21175,
21176,
21177,
21178,
21179,
21180,
21181,
21182,
21183,
21184,
21185,
21186,
21187,
21188,
21189,
21190,
21191,
21192,
21193,
21194,
21195,
21196,
21197,
21198,
21199,
21200,
21201,
21202,
21203,
21204,
21205,
21206,
21207,
21208,
21209,
21210,
21211,
21212,
21213,
21214,
21215,
21216,
21217,
21218,
21219,
21220,
21221,
21222,
21223,
21224,
21225,
21226,
21227,
21228,
21229,
21230,
21231,
21232,
21233,
21234,
21235,
21236,
21237,
21238,
21239,
21240,
21241,
21242,
21243,
21244,
21245,
21246,
21247,
21248,
21249,
21250,
21251,
21252,
21253,
21254,
21255,
21256,
21257,
21258,
21259,
21260,
21261,
21262,
21263,
21264,
21265,
21266,
21267,
21268,
21269,
21270,
21271,
21272,
21273,
21274,
21275,
21276,
21277,
21278,
21279,
21280,
21281,
21282,
21283,
21284,
21285,
21286,
21287,
21288,
21289,
21290,
21291,
21292,
21293,
21294,
21295,
21296,
21297,
21298,
21299,
21300,
21301,
21302,
21303,
21304,
21305,
21306,
21307,
21308,
21309,
21310,
21311,
21312,
21313,
21314,
21315,
21316,
21317,
21318,
21319,
21320,
21321,
21322,
21323,
21324,
21325,
21326,
21327,
21328,
21329,
21330,
21331,
21332,
21333,
21334,
21335,
21336,
21337,
21338,
21339,
21340,
21341,
21342,
21343,
21344,
21345,
21346,
21347,
21348,
21349,
21350,
21351,
21352,
21353,
21354,
21355,
21356,
21357,
21358,
21359,
21360,
21361,
21362,
21363,
21364,
21365,
21366,
21367,
21368,
21369,
21370,
21371,
21372,
21373,
21374,
21375,
21376,
21377,
21378,
21379,
21380,
21381,
21382,
21383,
21384,
21385,
21386,
21387,
21388,
21389,
21390,
21391,
21392,
21393,
21394,
21395,
21396,
21397,
21398,
21399,
21400,
21401,
21402,
21403,
21404,
21405,
21406,
21407,
21408,
21409,
21410,
21411,
21412,
21413,
21414,
21415,
21416,
21417,
21418,
21419,
21420,
21421,
21422,
21423,
21424,
21425,
21426,
21427,
21428,
21429,
21430,
21431,
21432,
21433,
21434,
21435,
21436,
21437,
21438,
21439,
21440,
21441,
21442,
21443,
21444,
21445,
21446,
21447,
21448,
21449,
21450,
21451,
21452,
21453,
21454,
21455,
21456,
21457,
21458,
21459,
21460,
21461,
21462,
21463,
21464,
21465,
21466,
21467,
21468,
21469,
21470,
21471,
21472,
21473,
21474,
21475,
21476,
21477,
21478,
21479,
21480,
21481,
21482,
21483,
21484,
21485,
21486,
21487,
21488,
21489,
21490,
21491,
21492,
21493,
21494,
21495,
21496,
21497,
21498,
21499,
21500,
21501,
21502,
21503,
21504,
21505,
21506,
21507,
21508,
21509,
21510,
21511,
21512,
21513,
21514,
21515,
21516,
21517,
21518,
21519,
21520,
21521,
21522,
21523,
21524,
21525,
21526,
21527,
21528,
21529,
21530,
21531,
21532,
21533,
21534,
21535,
21536,
21537,
21538,
21539,
21540,
21541,
21542,
21543,
21544,
21545,
21546,
21547,
21548,
21549,
21550,
21551,
21552,
21553,
21554,
21555,
21556,
21557,
21558,
21559,
21560,
21561,
21562,
21563,
21564,
21565,
21566,
21567,
21568,
21569,
21570,
21571,
21572,
21573,
21574,
21575,
21576,
21577,
21578,
21579,
21580,
21581,
21582,
21583,
21584,
21585,
21586,
21587,
21588,
21589,
21590,
21591,
21592,
21593,
21594,
21595,
21596,
21597,
21598,
21599,
21600,
21601,
21602,
21603,
21604,
21605,
21606,
21607,
21608,
21609,
21610,
21611,
21612,
21613,
21614,
21615,
21616,
21617,
21618,
21619,
21620,
21621,
21622,
21623,
21624,19.649855863961196
21625,9.368323970767475
21626,4.4253264105900705
21627,
21628,
21629,
21630,
21631,
21632,23.493836290799198
21633,11.027489645538763
21634,5.727416639135601
21635,
21636,
21637,
21638,
21639,
21640,21.57695189274229
21641,10.126605258603217
21642,5.039780111863092
21643,
21644,
21645,
21646,
21647,
21648,20.13355966828813
21649,9.306811124219871
21650,4.670404385755186
21651,
21652,
21653,
21654,
21655,
21656,17.989647759660212
21657,8.001557575693656
21658,4.0205995879873
21659,
21660,
21661,
21662,
21663,
21664,19.869820322896523
21665,9.121270487486463
21666,4.591528519669723
21667,
21668,
21669,
21670,
21671,
21672,18.894710009963497
21673,8.99287200147863
21674,4.52979587825426
21675,
21676,
21677,
21678,
21679,
21680,26.16012749499989
21681,11.956052002222844
21682,5.850674136940132
21683,
21684,
21685,
21686,
21687,
21688,31.968971762203136
21689,14.817732252133313
21690,6.807103501855513
21691,
21692,
21693,
21694,
21695,
21696,17.007774622559367
21697,7.727801265404673
21698,3.8558481859539184
21699,
21700,
21701,
21702,
21703,
21704,23.38080692544762
21705,10.730932230846904
21706,5.441923688913847
21707,
21708,
21709,
21710,
21711,
21712,13.688601339821469
21713,6.3154857846278
21714,3.2590749690992973
21715,
21716,
21717,
21718,
21719,
21720,17.18404052854685
21721,7.707322998412482
21722,4.092484563556302
21723,
21724,
21725,
21726,
21727,
21728,19.945838293809242
21729,9.152755275757825
21730,4.623943431321231
21731,
21732,
21733,
21734,
21735,
21736,21.671601131012803
21737,9.77691330396369
21738,4.868018761967956
21739,
21740,
21741,
21742,
21743,
21744,28.158541796143844
21745,13.190458303897877
21746,6.864149367040002
21747,
21748,
21749,
21750,
21751,
21752,17.205592084191334
21753,8.28123844326796
21754,4.183285023676337
21755,
21756,
21757,
21758,
21759,
21760,47.49857086536733
21761,20.688003077838616
21762,10.258125353420976
21763,
21764,
21765,
21766,
21767,
21768,22.903069256424693
21769,10.019630370627212
21770,4.888503022747256
21771,
21772,
21773,
21774,
21775,
21776,26.624635704710673
21777,12.169370603244191
21778,5.977699463881264
21779,
21780,
21781,
21782,
21783,
21784,40.92614243673268
21785,18.893513194500358
21786,9.162074234408543
21787,
21788,
21789,
21790,
21791,
21792,37.38893028199615
21793,16.107885531780955
21794,8.665555823870505
21795,
21796,
21797,
21798,
21799,
21800,24.02483254729939
21801,10.94792271820863
21802,5.5053425252448305
21803,
21804,
21805,
21806,
21807,
21808,16.850664789176214
21809,7.545061140720558
21810,3.636924664529811
21811,
21812,
21813,
21814,
21815,
21816,30.622111831348665
21817,13.693811786462799
21818,6.6857248880965345
21819,
21820,
21821,
21822,
21823,
21824,25.121738740110132
21825,11.391820889667898
21826,5.437629258232637
21827,
21828,
21829,
21830,
21831,
21832,17.561404109611516
21833,8.064798268375714
21834,4.043505837004684
21835,
21836,
21837,
21838,
21839,
21840,23.05809959110184
21841,11.273782683032724
21842,5.469472517262943
21843,
21844,
21845,
21846,
21847,
21848,16.165326501125186
21849,7.172411843406236
21850,3.557359944434097
21851,
21852,
21853,
21854,
21855,
21856,17.012445087373845
21857,7.473256257245087
21858,3.857943315124727
21859,
21860,
21861,
21862,
21863,
21864,35.51877160808434
21865,15.013075979543736
21866,7.714191203418829
21867,
21868,
21869,
21870,
21871,
21872,17.707499126434946
21873,7.857994473096506
21874,4.002146566056522
21875,
21876,
21877,
21878,
21879,
21880,39.98051508140513
21881,16.714822650373925
21882,8.654072703811813
21883,
21884,
21885,
21886,
21887,
21888,25.256083919403256
21889,11.923996580838427
21890,5.702340016379155
21891,
21892,
21893,
21894,
21895,
21896,17.94393345398376
21897,8.283881792791044
21898,4.2128833332105255
21899,
21900,
21901,
21902,
21903,
21904,49.963483382660854
21905,21.965352274940106
21906,10.867887189323412
21907,
21908,
21909,
21910,
21911,
21912,21.447511784823057
21913,10.27167814769334
21914,5.172745589162401
21915,
21916,
21917,
21918,
21919,
21920,26.945199079646745
21921,12.009072697426355
21922,6.090726378798609
21923,
21924,
21925,
21926,
21927,
21928,30.570964915738486
21929,13.56213858243834
21930,6.96913150655529
21931,
21932,
21933,
21934,
21935,
21936,24.06181472172265
21937,10.727549636661074
21938,5.293273200904122
21939,
21940,
21941,
21942,
21943,
21944,25.323744321653525
21945,11.84811201139453
21946,5.6731179114889265
21947,
21948,
21949,
21950,
21951,
21952,17.45573697255675
21953,7.654859696782327
21954,4.054747749234716
21955,
21956,
21957,
21958,
21959,
21960,39.37833772499547
21961,17.75161486801964
21962,9.210910770081309
21963,
21964,
21965,
21966,
21967,
21968,15.358173314016547
21969,7.092107170798193
21970,3.53741519125295
21971,
21972,
21973,
21974,
21975,
21976,17.88976117985964
21977,8.010538332645819
21978,4.363278059314386
21979,
21980,
21981,
21982,
21983,
21984,25.88848780050334
21985,11.644948423891718
21986,5.886180546064909
21987,
21988,
21989,
21990,
21991,
21992,28.126748483083492
21993,12.597729331223311
21994,6.325407865728055
21995,
21996,
21997,
21998,
21999,
22000,19.872172247578124
22001,9.147529112779347
22002,4.266218557931593
22003,
22004,
22005,
22006,
22007,
22008,22.344486943145576
22009,9.984893187005813
22010,5.13007389805149
22011,
22012,
22013,
22014,
22015,
22016,63.137414027211584
22017,30.074120650568563
22018,14.539649250166798
22019,
22020,
22021,
22022,
22023,
22024,17.930553107218643
22025,7.9339262267896125
22026,4.2599103093879584
22027,
22028,
22029,
22030,
22031,
22032,
22033,
22034,
22035,
22036,
22037,
22038,
22039,
22040,
22041,
22042,
22043,
22044,
22045,
22046,
22047,
22048,
22049,
22050,
22051,
22052,
22053,
22054,
22055,
22056,
22057,
22058,
22059,
22060,
22061,
22062,
22063,
22064,
22065,
22066,
22067,
22068,
22069,
22070,
22071,
22072,
22073,
22074,
22075,
22076,
22077,
22078,
22079,
22080,
22081,
22082,
22083,
22084,
22085,
22086,
22087,
22088,
22089,
22090,
22091,
22092,
22093,
22094,
22095,
22096,
22097,
22098,
22099,
22100,
22101,
22102,
22103,
22104,
22105,
22106,
22107,
22108,
22109,
22110,
22111,
22112,
22113,
22114,
22115,
22116,
22117,
22118,
22119,
22120,
22121,
22122,
22123,
22124,
22125,
22126,
22127,
22128,
22129,
22130,
22131,
22132,
22133,
22134,
22135,
22136,
22137,
22138,
22139,
22140,
22141,
22142,
22143,
22144,
22145,
22146,
22147,
22148,
22149,
22150,
22151,
22152,
22153,
22154,
22155,
22156,
22157,
22158,
22159,
22160,
22161,
22162,
22163,
22164,
22165,
22166,
22167,
22168,
22169,
22170,
22171,
22172,
22173,
22174,
22175,
22176,
22177,
22178,
22179,
22180,
22181,
22182,
22183,
22184,
22185,
22186,
22187,
22188,
22189,
22190,
22191,
22192,
22193,
22194,
22195,
22196,
22197,
22198,
22199,
22200,
22201,
22202,
22203,
22204,
22205,
22206,
22207,
22208,
22209,
22210,
22211,
22212,
22213,
22214,
22215,
22216,
22217,
22218,
22219,
22220,
22221,
22222,
22223,
22224,
22225,
22226,
22227,
22228,
22229,
22230,
22231,
22232,
22233,
22234,
22235,
22236,
22237,
22238,
22239,
22240,
22241,
22242,
22243,
22244,
22245,
22246,
22247,
22248,
22249,
22250,
22251,
22252,
22253,
22254,
22255,
22256,
22257,
22258,
22259,
22260,
22261,
22262,
22263,
22264,
22265,
22266,
22267,
22268,
22269,
22270,
22271,
22272,
22273,
22274,
22275,
22276,
22277,
22278,
22279,
22280,
22281,
22282,
22283,
22284,
22285,
22286,
22287,
22288,
22289,
22290,
22291,
22292,
22293,
22294,
22295,
22296,
22297,
22298,
22299,
22300,
22301,
22302,
22303,
22304,
22305,
22306,
22307,
22308,
22309,
22310,
22311,
22312,
22313,
22314,
22315,
22316,
22317,
22318,
22319,
22320,
22321,
22322,
22323,
22324,
22325,
22326,
22327,
22328,
22329,
22330,
22331,
22332,
22333,
22334,
22335,
22336,
22337,
22338,
22339,
22340,
22341,
22342,
22343,
22344,
22345,
22346,
22347,
22348,
22349,
22350,
22351,
22352,
22353,
22354,
22355,
22356,
22357,
22358,
22359,
22360,
22361,
22362,
22363,
22364,
22365,
22366,
22367,
22368,
22369,
22370,
22371,
22372,
22373,
22374,
22375,
22376,
22377,
22378,
22379,
22380,
22381,
22382,
22383,
22384,
22385,
22386,
22387,
22388,
22389,
22390,
22391,
22392,
22393,
22394,
22395,
22396,
22397,
22398,
22399,
22400,
22401,
22402,
22403,
22404,
22405,
22406,
22407,
22408,
22409,
22410,
22411,
22412,
22413,
22414,
22415,
22416,
22417,
22418,
22419,
22420,
22421,
22422,
22423,
22424,
22425,
22426,
22427,
22428,
22429,
22430,
22431,
22432,
22433,
22434,
22435,
22436,
22437,
22438,
22439,
22440,19.961554860215564
22441,9.330138793558046
22442,4.243414410751326
22443,
22444,
22445,
22446,
22447,
22448,22.938448122792384
22449,10.761317442890734
22450,5.320557662315104
22451,
22452,
22453,
22454,
22455,
22456,21.27396408824888
22457,10.084203201293592
22458,4.804988753677148
22459,
22460,
22461,
22462,
22463,
22464,20.06089917108875
22465,8.882459489886124
22466,4.540229517103666
22467,
22468,
22469,
22470,
22471,
22472,17.28938918237676
22473,7.870029966958979
22474,3.7711846790533565
22475,
22476,
22477,
22478,
22479,
22480,19.29939355499839
22481,8.963985525818142
22482,4.304100377821586
22483,
22484,
22485,
22486,
22487,
22488,18.552904105743714
22489,8.935646700894349
22490,4.218873057954931
22491,
22492,
22493,
22494,
22495,
22496,26.543999902289812
22497,12.230837648928501
22498,6.034752485215134
22499,
22500,
22501,
22502,
22503,
22504,32.36727730513854
22505,14.86980687222207
22506,6.8077431854990325
22507,
22508,
22509,
22510,
22511,
22512,16.781595614104102
22513,7.662616370148543
22514,3.520553081560244
22515,
22516,
22517,
22518,
22519,
22520,22.80908842388322
22521,10.501707477719437
22522,4.980106523649211
22523,
22524,
22525,
22526,
22527,
22528,14.489569623561085
22529,6.313062905878552
22530,3.239869123142926
22531,
22532,
22533,
22534,
22535,
22536,17.350895879011397
22537,7.709575301055635
22538,3.9215902035635963
22539,
22540,
22541,
22542,
22543,
22544,18.96557644039702
22545,9.346015096030792
22546,4.406096172352145
22547,
22548,
22549,
22550,
22551,
22552,22.614020621922755
22553,9.851177083415205
22554,4.8238250728301155
22555,
22556,
22557,
22558,
22559,
22560,27.99886225539704
22561,12.847970907244129
22562,6.552388490183329
22563,
22564,
22565,
22566,
22567,
22568,17.4327223822572
22569,8.055443863151853
22570,3.8762341255397184
22571,
22572,
22573,
22574,
22575,
22576,45.6517611163018
22577,20.63016292427078
22578,9.908355809169695
22579,
22580,
22581,
22582,
22583,
22584,22.13297973772971
22585,9.835969760788373
22586,4.477833024102254
22587,
22588,
22589,
22590,
22591,
22592,26.330082898184738
22593,12.67522328584806
22594,5.9931839653061925
22595,
22596,
22597,
22598,
22599,
22600,40.63350015204996
22601,18.3311897381353
22602,8.507190511492634
22603,
22604,
22605,
22606,
22607,
22608,36.66427491446773
22609,15.946924814529153
22610,8.105870335656205
22611,
22612,
22613,
22614,
22615,
22616,23.561892852520504
22617,10.320416501030568
22618,4.931878566069221
22619,
22620,
22621,
22622,
22623,
22624,16.50918008864937
22625,7.446661844687653
22626,3.4622023119249103
22627,
22628,
22629,
22630,
22631,
22632,31.666768090813807
22633,14.388827006654006
22634,6.714865886903202
22635,
22636,
22637,
22638,
22639,
22640,24.185706546121168
22641,10.838963918067874
22642,4.964524462590725
22643,
22644,
22645,
22646,
22647,
22648,17.58619425659865
22649,8.049185258741222
22650,3.8189937718268565
22651,
22652,
22653,
22654,
22655,
22656,23.150994011302572
22657,10.786172058663167
22658,5.039636744603261
22659,
22660,
22661,
22662,
22663,
22664,16.07655745840542
22665,7.452358366940612
22666,3.4670302901567447
22667,
22668,
22669,
22670,
22671,
22672,17.33962172191708
22673,7.562018582740857
22674,3.561804184561344
22675,
22676,
22677,
22678,
22679,
22680,35.137861462508965
22681,15.790168766715347
22682,7.570936928343758
22683,
22684,
22685,
22686,
22687,
22688,17.446534130125404
22689,7.98620732554412
22690,3.8796287611051503
22691,
22692,
22693,
22694,
22695,
22696,36.95385389449137
22697,16.35320160405045
22698,7.853581299106602
22699,
22700,
22701,
22702,
22703,
22704,25.595854816517356
22705,11.94627451991409
22706,5.467768680929774
22707,
22708,
22709,
22710,
22711,
22712,18.417015571217394
22713,8.347642815005083
22714,4.081539524182385
22715,
22716,
22717,
22718,
22719,
22720,45.478960822971565
22721,20.677964605541053
22722,10.296471809739604
22723,
22724,
22725,
22726,
22727,
22728,21.619623502724014
22729,10.476766556138484
22730,4.904456227419311
22731,
22732,
22733,
22734,
22735,
22736,26.581587018801837
22737,11.584105235476027
22738,5.738866719621384
22739,
22740,
22741,
22742,
22743,
22744,30.21632950654392
22745,13.852970551526392
22746,6.65698685076879
22747,
22748,
22749,
22750,
22751,
22752,23.954922343119026
22753,10.749203092111912
22754,5.086616813432864
22755,
22756,
22757,
22758,
22759,
22760,25.91105618144865
22761,11.54247548253952
22762,5.493608944798561
22763,
22764,
22765,
22766,
22767,
22768,16.758219665597384
22769,7.483785457374405
22770,3.7227581354377617
22771,
22772,
22773,
22774,
22775,
22776,39.85315697691353
22777,18.20582358825524
22778,8.875002436425328
22779,
22780,
22781,
22782,
22783,
22784,15.853243970032784
22785,7.33557285460941
22786,3.4941673088561744
22787,
22788,
22789,
22790,
22791,
22792,17.931510951651816
22793,7.859918203412214
22794,4.051071302752713
22795,
22796,
22797,
22798,
22799,
22800,25.708312261710475
22801,11.446913220804738
22802,5.4406298363323495
22803,
22804,
22805,
22806,
22807,
22808,28.09558480672074
22809,13.292208067269646
22810,6.440997349738644
22811,
22812,
22813,
22814,
22815,
22816,20.465296802429105
22817,9.387842424588218
22818,4.345390200889726
22819,
22820,
22821,
22822,
22823,
22824,22.302030484846746
22825,9.837560442994487
22826,4.764036518850453
22827,
22828,
22829,
22830,
22831,
22832,60.518782736605345
22833,28.14389477220055
22834,13.51127688495883
22835,
22836,
22837,
22838,
22839,
22840,17.677921635884697
22841,7.574892247576953
22842,3.846771933089106
22843,
22844,
22845,
22846,
22847,
22848,
22849,
22850,
22851,
22852,
22853,
22854,
22855,
22856,
22857,
22858,
22859,
22860,
22861,
22862,
22863,
22864,
22865,
22866,
22867,
22868,
22869,
22870,
22871,
22872,
22873,
22874,
22875,
22876,
22877,
22878,
22879,
22880,
22881,
22882,
22883,
22884,
22885,
22886,
22887,
22888,
22889,
22890,
22891,
22892,
22893,
22894,
22895,
22896,
22897,
22898,
22899,
22900,
22901,
22902,
22903,
22904,
22905,
22906,
22907,
22908,
22909,
22910,
22911,
22912,
22913,
22914,
22915,
22916,
22917,
22918,
22919,
22920,
22921,
22922,
22923,
22924,
22925,
22926,
22927,
22928,
22929,
22930,
22931,
22932,
22933,
22934,
22935,
22936,
22937,
22938,
22939,
22940,
22941,
22942,
22943,
22944,
22945,
22946,
22947,
22948,
22949,
22950,
22951,
22952,
22953,
22954,
22955,
22956,
22957,
22958,
22959,
22960,
22961,
22962,
22963,
22964,
22965,
22966,
22967,
22968,
22969,
22970,
22971,
22972,
22973,
22974,
22975,
22976,
22977,
22978,
22979,
22980,
22981,
22982,
22983,
22984,
22985,
22986,
22987,
22988,
22989,
22990,
22991,
22992,
22993,
22994,
22995,
22996,
22997,
22998,
22999,
23000,
23001,
23002,
23003,
23004,
23005,
23006,
23007,
23008,
23009,
23010,
23011,
23012,
23013,
23014,
23015,
23016,
23017,
23018,
23019,
23020,
23021,
23022,
23023,
23024,
23025,
23026,
23027,
23028,
23029,
23030,
23031,
23032,
23033,
23034,
23035,
23036,
23037,
23038,
23039,
23040,
23041,
23042,
23043,
23044,
23045,
23046,
23047,
23048,
23049,
23050,
23051,
23052,
23053,
23054,
23055,
23056,
23057,
23058,
23059,
23060,
23061,
23062,
23063,
23064,
23065,
23066,
23067,
23068,
23069,
23070,
23071,
23072,
23073,
23074,
23075,
23076,
23077,
23078,
23079,
23080,
23081,
23082,
23083,
23084,
23085,
23086,
23087,
23088,
23089,
23090,
23091,
23092,
23093,
23094,
23095,
23096,
23097,
23098,
23099,
23100,
23101,
23102,
23103,
23104,
23105,
23106,
23107,
23108,
23109,
23110,
23111,
23112,
23113,
23114,
23115,
23116,
23117,
23118,
23119,
23120,
23121,
23122,
23123,
23124,
23125,
23126,
23127,
23128,
23129,
23130,
23131,
23132,
23133,
23134,
23135,
23136,
23137,
23138,
23139,
23140,
23141,
23142,
23143,
23144,
23145,
23146,
23147,
23148,
23149,
23150,
23151,
23152,
23153,
23154,
23155,
23156,
23157,
23158,
23159,
23160,
23161,
23162,
23163,
23164,
23165,
23166,
23167,
23168,
23169,
23170,
23171,
23172,
23173,
23174,
23175,
23176,
23177,
23178,
23179,
23180,
23181,
23182,
23183,
23184,
23185,
23186,
23187,
23188,
23189,
23190,
23191,
23192,
23193,
23194,
23195,
23196,
23197,
23198,
23199,
23200,
23201,
23202,
23203,
23204,
23205,
23206,
23207,
23208,
23209,
23210,
23211,
23212,
23213,
23214,
23215,
23216,
23217,
23218,
23219,
23220,
23221,
23222,
23223,
23224,
23225,
23226,
23227,
23228,
23229,
23230,
23231,
23232,
23233,
23234,
23235,
23236,
23237,
23238,
23239,
23240,
23241,
23242,
23243,
23244,
23245,
23246,
23247,
23248,
23249,
23250,
23251,
23252,
23253,
23254,
23255,
23256,
23257,
23258,
23259,
23260,
23261,
23262,
23263,
23264,
23265,
23266,
23267,
23268,
23269,
23270,
23271,
23272,
23273,
23274,
23275,
23276,
23277,
23278,
23279,
23280,
23281,
23282,
23283,
23284,
23285,
23286,
23287,
23288,
23289,
23290,
23291,
23292,
23293,
23294,
23295,
23296,
23297,
23298,
23299,
23300,
23301,
23302,
23303,
23304,
23305,
23306,
23307,
23308,
23309,
23310,
23311,
23312,
23313,
23314,
23315,
23316,
23317,
23318,
23319,
23320,
23321,
23322,
23323,
23324,
23325,
23326,
23327,
23328,
23329,
23330,
23331,
23332,
23333,
23334,
23335,
23336,
23337,
23338,
23339,
23340,
23341,
23342,
23343,
23344,
23345,
23346,
23347,
23348,
23349,
23350,
23351,
23352,
23353,
23354,
23355,
23356,
23357,
23358,
23359,
23360,
23361,
23362,
23363,
23364,
23365,
23366,
23367,
23368,
23369,
23370,
23371,
23372,
23373,
23374,
23375,
23376,
23377,
23378,
23379,
23380,
23381,
23382,
23383,
23384,
23385,
23386,
23387,
23388,
23389,
23390,
23391,
23392,
23393,
23394,
23395,
23396,
23397,
23398,
23399,
23400,
23401,
23402,
23403,
23404,
23405,
23406,
23407,
23408,
23409,
23410,
23411,
23412,
23413,
23414,
23415,
23416,
23417,
23418,
23419,
23420,
23421,
23422,
23423,
23424,
23425,
23426,
23427,
23428,
23429,
23430,
23431,
23432,
23433,
23434,
23435,
23436,
23437,
23438,
23439,
23440,
23441,
23442,
23443,
23444,
23445,
23446,
23447,
23448,
23449,
23450,
23451,
23452,
23453,
23454,
23455,
23456,
23457,
23458,
23459,
23460,
23461,
23462,
23463,
23464,
23465,
23466,
23467,
23468,
23469,
23470,
23471,
23472,
23473,
23474,
23475,
23476,
23477,
23478,
23479,
23480,
23481,
23482,
23483,
23484,
23485,
23486,
23487,
23488,
23489,
23490,
23491,
23492,
23493,
23494,
23495,
23496,
23497,
23498,
23499,
23500,
23501,
23502,
23503,
23504,
23505,
23506,
23507,
23508,
23509,
23510,
23511,
23512,
23513,
23514,
23515,
23516,
23517,
23518,
23519,
23520,
23521,
23522,
23523,
23524,
23525,
23526,
23527,
23528,
23529,
23530,
23531,
23532,
23533,
23534,
23535,
23536,
23537,
23538,
23539,
23540,
23541,
23542,
23543,
23544,
23545,
23546,
23547,
23548,
23549,
23550,
23551,
23552,
23553,
23554,
23555,
23556,
23557,
23558,
23559,
23560,
23561,
23562,
23563,
23564,
23565,
23566,
23567,
23568,
23569,
23570,
23571,
23572,
23573,
23574,
23575,
23576,
23577,
23578,
23579,
23580,
23581,
23582,
23583,
23584,
23585,
23586,
23587,
23588,
23589,
23590,
23591,
23592,
23593,
23594,
23595,
23596,
23597,
23598,
23599,
23600,
23601,
23602,
23603,
23604,
23605,
23606,
23607,
23608,
23609,
23610,
23611,
23612,
23613,
23614,
23615,
23616,
23617,
23618,
23619,
23620,
23621,
23622,
23623,
23624,
23625,
23626,
23627,
23628,
23629,
23630,
23631,
23632,
23633,
23634,
23635,
23636,
23637,
23638,
23639,
23640,
23641,
23642,
23643,
23644,
23645,
23646,
23647,
23648,
23649,
23650,
23651,
23652,
23653,
23654,
23655,
23656,
23657,
23658,
23659,
23660,
23661,
23662,
23663,
23664,19.312268606390035
23665,9.210992943128215
23666,4.485650751446122
23667,
23668,
23669,
23670,
23671,
23672,21.372226663599424
23673,10.152755795690418
23674,5.319146260715885
23675,
23676,
23677,
23678,
23679,
23680,19.536331711695812
23681,9.42430569046842
23682,4.868300604926376
23683,
23684,
23685,
23686,
23687,
23688,18.810341960036972
23689,8.76236811914779
23690,4.533123480879002
23691,
23692,
23693,
23694,
23695,
23696,17.351381743938926
23697,7.874299303464273
23698,3.948990813727745
23699,
23700,
23701,
23702,
23703,
23704,17.86479929015715
23705,8.620613322512924
23706,4.309377981434054
23707,
23708,
23709,
23710,
23711,
23712,17.621754534678924
23713,8.436520618245536
23714,4.3925092525850475
23715,
23716,
23717,
23718,
23719,
23720,26.320598441961184
23721,11.796968087965523
23722,5.545021961178902
23723,
23724,
23725,
23726,
23727,
23728,28.62314516094438
23729,13.542746371082956
23730,6.469780758272597
23731,
23732,
23733,
23734,
23735,
23736,16.373529229737876
23737,8.062085340543987
23738,3.7994878454801477
23739,
23740,
23741,
23742,
23743,
23744,22.165417496412694
23745,9.843318940205522
23746,5.2473043345966905
23747,
23748,
23749,
23750,
23751,
23752,13.524956074170557
23753,6.272103599619608
23754,3.2607579782132152
23755,
23756,
23757,
23758,
23759,
23760,16.731453365050818
23761,7.506654267614972
23762,4.0614449249774065
23763,
23764,
23765,
23766,
23767,
23768,18.734436874252197
23769,8.690177431200159
23770,4.4332093809053665
23771,
23772,
23773,
23774,
23775,
23776,20.16120259307668
23777,9.206154886842647
23778,4.723328547245909
23779,
23780,
23781,
23782,
23783,
23784,26.348599900402153
23785,12.302265508316863
23786,6.587700083614606
23787,
23788,
23789,
23790,
23791,
23792,16.494801018793453
23793,8.134288403857317
23794,4.133717021296603
23795,
23796,
23797,
23798,
23799,
23800,43.370963856529
23801,19.34459653509466
23802,10.145160436644645
23803,
23804,
23805,
23806,
23807,
23808,20.245744790786482
23809,9.228905079432545
23810,4.628730816769828
23811,
23812,
23813,
23814,
23815,
23816,25.496473673997066
23817,11.831146874221167
23818,5.7049902802905255
23819,
23820,
23821,
23822,
23823,
23824,37.33718085604439
23825,17.280157521378797
23826,8.745801192987093
23827,
23828,
23829,
23830,
23831,
23832,34.914476854819895
23833,15.503564111079372
23834,8.555264843876396
23835,
23836,
23837,
23838,
23839,
23840,23.028745909327014
23841,10.052785830436537
23842,5.272615588365958
23843,
23844,
23845,
23846,
23847,
23848,16.146240110160562
23849,7.413077447342294
23850,3.6479952210524194
23851,
23852,
23853,
23854,
23855,
23856,27.402375282412418
23857,12.48821840941259
23858,6.439680306554691
23859,
23860,
23861,
23862,
23863,
23864,22.89905302630202
23865,10.436720497639623
23866,5.144766839441583
23867,
23868,
23869,
23870,
23871,
23872,17.246855740339846
23873,7.850207420894696
23874,4.041408405947873
23875,
23876,
23877,
23878,
23879,
23880,21.606246701918913
23881,10.170945625062249
23882,5.175618473550707
23883,
23884,
23885,
23886,
23887,
23888,15.353155095164096
23889,6.916461797920283
23890,3.4411410228528023
23891,
23892,
23893,
23894,
23895,
23896,16.60447677951082
23897,7.156130394980535
23898,3.9636909768157103
23899,
23900,
23901,
23902,
23903,
23904,32.85757889856034
23905,14.618741163399362
23906,7.529580072779906
23907,
23908,
23909,
23910,
23911,
23912,17.29679668268718
23913,7.988066979208326
23914,3.9313424847678657
23915,
23916,
23917,
23918,
23919,
23920,35.54592705194596
23921,15.56968298668824
23922,8.324173935076933
23923,
23924,
23925,
23926,
23927,
23928,23.113364867808272
23929,10.896664862025224
23930,5.261358757658104
23931,
23932,
23933,
23934,
23935,
23936,17.467798620066002
23937,8.246492575467581
23938,4.333432548267312
23939,
23940,
23941,
23942,
23943,
23944,49.082966054323144
23945,21.242609389917806
23946,10.941028336895254
23947,
23948,
23949,
23950,
23951,
23952,19.38558664619635
23953,9.488256955037068
23954,4.869042577780904
23955,
23956,
23957,
23958,
23959,
23960,25.420717980518344
23961,11.187923995212214
23962,5.807763628077635
23963,
23964,
23965,
23966,
23967,
23968,29.16938988517207
23969,13.057559617722166
23970,6.881576570557096
23971,
23972,
23973,
23974,
23975,
23976,22.025050410038848
23977,10.039818720691471
23978,4.99455352894099
23979,
23980,
23981,
23982,
23983,
23984,24.21654947199195
23985,11.175973594587536
23986,5.3803954634803555
23987,
23988,
23989,
23990,
23991,
23992,15.865237564244676
23993,6.963280607044586
23994,3.960920585699202
23995,
23996,
23997,
23998,
23999,
24000,36.96936236716719
24001,17.28798275319171
24002,8.843711737082813
24003,
24004,
24005,
24006,
24007,
24008,14.500098734458033
24009,6.836913239044938
24010,3.5303928350502147
24011,
24012,
24013,
24014,
24015,
24016,17.10715683316553
24017,7.640298300971871
24018,4.203580221930565
24019,
24020,
24021,
24022,
24023,
24024,23.69757896878909
24025,10.453558232618915
24026,5.322788958263315
24027,
24028,
24029,
24030,
24031,
24032,25.95010288872757
24033,11.804978737260669
24034,6.334371535025428
24035,
24036,
24037,
24038,
24039,
24040,18.704533991188256
24041,8.646958112034202
24042,4.243037957345009
24043,
24044,
24045,
24046,
24047,
24048,19.781003667619913
24049,9.282192653953889
24050,4.739261764929
24051,
24052,
24053,
24054,
24055,
24056,59.972276691441
24057,27.911998052200744
24058,13.870698780833186
24059,
24060,
24061,
24062,
24063,
24064,17.163453089537413
24065,7.551483377379927
24066,4.173185201161337
24067,
24068,
24069,
24070,
24071,
24072,
24073,
24074,
24075,
24076,
24077,
24078,
24079,
24080,
24081,
24082,
24083,
24084,
24085,
24086,
24087,
24088,
24089,
24090,
24091,
24092,
24093,
24094,
24095,
24096,
24097,
24098,
24099,
24100,
24101,
24102,
24103,
24104,
24105,
24106,
24107,
24108,
24109,
24110,
24111,
24112,
24113,
24114,
24115,
24116,
24117,
24118,
24119,
24120,
24121,
24122,
24123,
24124,
24125,
24126,
24127,
24128,
24129,
24130,
24131,
24132,
24133,
24134,
24135,
24136,
24137,
24138,
24139,
24140,
24141,
24142,
24143,
24144,
24145,
24146,
24147,
24148,
24149,
24150,
24151,
24152,
24153,
24154,
24155,
24156,
24157,
24158,
24159,
24160,
24161,
24162,
24163,
24164,
24165,
24166,
24167,
24168,
24169,
24170,
24171,
24172,
24173,
24174,
24175,
24176,
24177,
24178,
24179,
24180,
24181,
24182,
24183,
24184,
24185,
24186,
24187,
24188,
24189,
24190,
24191,
24192,
24193,
24194,
24195,
24196,
24197,
24198,
24199,
24200,
24201,
24202,
24203,
24204,
24205,
24206,
24207,
24208,
24209,
24210,
24211,
24212,
24213,
24214,
24215,
24216,
24217,
24218,
24219,
24220,
24221,
24222,
24223,
24224,
24225,
24226,
24227,
24228,
24229,
24230,
24231,
24232,
24233,
24234,
24235,
24236,
24237,
24238,
24239,
24240,
24241,
24242,
24243,
24244,
24245,
24246,
24247,
24248,
24249,
24250,
24251,
24252,
24253,
24254,
24255,
24256,
24257,
24258,
24259,
24260,
24261,
24262,
24263,
24264,
24265,
24266,
24267,
24268,
24269,
24270,
24271,
24272,
24273,
24274,
24275,
24276,
24277,
24278,
24279,
24280,
24281,
24282,
24283,
24284,
24285,
24286,
24287,
24288,
24289,
24290,
24291,
24292,
24293,
24294,
24295,
24296,
24297,
24298,
24299,
24300,
24301,
24302,
24303,
24304,
24305,
24306,
24307,
24308,
24309,
24310,
24311,
24312,
24313,
24314,
24315,
24316,
24317,
24318,
24319,
24320,
24321,
24322,
24323,
24324,
24325,
24326,
24327,
24328,
24329,
24330,
24331,
24332,
24333,
24334,
24335,
24336,
24337,
24338,
24339,
24340,
24341,
24342,
24343,
24344,
24345,
24346,
24347,
24348,
24349,
24350,
24351,
24352,
24353,
24354,
24355,
24356,
24357,
24358,
24359,
24360,
24361,
24362,
24363,
24364,
24365,
24366,
24367,
24368,
24369,
24370,
24371,
24372,
24373,
24374,
24375,
24376,
24377,
24378,
24379,
24380,
24381,
24382,
24383,
24384,
24385,
24386,
24387,
24388,
24389,
24390,
24391,
24392,
24393,
24394,
24395,
24396,
24397,
24398,
24399,
24400,
24401,
24402,
24403,
24404,
24405,
24406,
24407,
24408,
24409,
24410,
24411,
24412,
24413,
24414,
24415,
24416,
24417,
24418,
24419,
24420,
24421,
24422,
24423,
24424,
24425,
24426,
24427,
24428,
24429,
24430,
24431,
24432,
24433,
24434,
24435,
24436,
24437,
24438,
24439,
24440,
24441,
24442,
24443,
24444,
24445,
24446,
24447,
24448,
24449,
24450,
24451,
24452,
24453,
24454,
24455,
24456,
24457,
24458,
24459,
24460,
24461,
24462,
24463,
24464,
24465,
24466,
24467,
24468,
24469,
24470,
24471,
24472,
24473,
24474,
24475,
24476,
24477,
24478,
24479,
24480,
24481,
24482,
24483,
24484,
24485,
24486,
24487,
24488,
24489,
24490,
24491,
24492,
24493,
24494,
24495,
24496,
24497,
24498,
24499,
24500,
24501,
24502,
24503,
24504,
24505,
24506,
24507,
24508,
24509,
24510,
24511,
24512,
24513,
24514,
24515,
24516,
24517,
24518,
24519,
24520,
24521,
24522,
24523,
24524,
24525,
24526,
24527,
24528,
24529,
24530,
24531,
24532,
24533,
24534,
24535,
24536,
24537,
24538,
24539,
24540,
24541,
24542,
24543,
24544,
24545,
24546,
24547,
24548,
24549,
24550,
24551,
24552,
24553,
24554,
24555,
24556,
24557,
24558,
24559,
24560,
24561,
24562,
24563,
24564,
24565,
24566,
24567,
24568,
24569,
24570,
24571,
24572,
24573,
24574,
24575,
24576,
24577,
24578,
24579,
24580,
24581,
24582,
24583,
24584,
24585,
24586,
24587,
24588,
24589,
24590,
24591,
24592,
24593,
24594,
24595,
24596,
24597,
24598,
24599,
24600,
24601,
24602,
24603,
24604,
24605,
24606,
24607,
24608,
24609,
24610,
24611,
24612,
24613,
24614,
24615,
24616,
24617,
24618,
24619,
24620,
24621,
24622,
24623,
24624,
24625,
24626,
24627,
24628,
24629,
24630,
24631,
24632,
24633,
24634,
24635,
24636,
24637,
24638,
24639,
24640,
24641,
24642,
24643,
24644,
24645,
24646,
24647,
24648,
24649,
24650,
24651,
24652,
24653,
24654,
24655,
24656,
24657,
24658,
24659,
24660,
24661,
24662,
24663,
24664,
24665,
24666,
24667,
24668,
24669,
24670,
24671,
24672,
24673,
24674,
24675,
24676,
24677,
24678,
24679,
24680,
24681,
24682,
24683,
24684,
24685,
24686,
24687,
24688,
24689,
24690,
24691,
24692,
24693,
24694,
24695,
24696,
24697,
24698,
24699,
24700,
24701,
24702,
24703,
24704,
24705,
24706,
24707,
24708,
24709,
24710,
24711,
24712,
24713,
24714,
24715,
24716,
24717,
24718,
24719,
24720,
24721,
24722,
24723,
24724,
24725,
24726,
24727,
24728,
24729,
24730,
24731,
24732,
24733,
24734,
24735,
24736,
24737,
24738,
24739,
24740,
24741,
24742,
24743,
24744,
24745,
24746,
24747,
24748,
24749,
24750,
24751,
24752,
24753,
24754,
24755,
24756,
24757,
24758,
24759,
24760,
24761,
24762,
24763,
24764,
24765,
24766,
24767,
24768,
24769,
24770,
24771,
24772,
24773,
24774,
24775,
24776,
24777,
24778,
24779,
24780,
24781,
24782,
24783,
24784,
24785,
24786,
24787,
24788,
24789,
24790,
24791,
24792,
24793,
24794,
24795,
24796,
24797,
24798,
24799,
24800,
24801,
24802,
24803,
24804,
24805,
24806,
24807,
24808,
24809,
24810,
24811,
24812,
24813,
24814,
24815,
24816,
24817,
24818,
24819,
24820,
24821,
24822,
24823,
24824,
24825,
24826,
24827,
24828,
24829,
24830,
24831,
24832,
24833,
24834,
24835,
24836,
24837,
24838,
24839,
24840,
24841,
24842,
24843,
24844,
24845,
24846,
24847,
24848,
24849,
24850,
24851,
24852,
24853,
24854,
24855,
24856,
24857,
24858,
24859,
24860,
24861,
24862,
24863,
24864,
24865,
24866,
24867,
24868,
24869,
24870,
24871,
24872,
24873,
24874,
24875,
24876,
24877,
24878,
24879,
24880,
24881,
24882,
24883,
24884,
24885,
24886,
24887,
24888,19.833446826403883
24889,9.151545686109705
24890,4.4431141655889315
24891,
24892,
24893,
24894,
24895,
24896,21.715711026070924
24897,10.106409136161204
24898,5.251729023489671
24899,
24900,
24901,
24902,
24903,
24904,20.52229641687585
24905,9.922774074125474
24906,4.811448264287584
24907,
24908,
24909,
24910,
24911,
24912,19.493572339741412
24913,8.739340709636561
24914,4.632368367416881
24915,
24916,
24917,
24918,
24919,
24920,17.956655265221702
24921,8.25678915650591
24922,4.065178685732017
24923,
24924,
24925,
24926,
24927,
24928,18.41170331185222
24929,8.750784410688555
24930,4.331074949063719
24931,
24932,
24933,
24934,
24935,
24936,18.00913606879372
24937,8.785276978684976
24938,4.4078274039170005
24939,
24940,
24941,
24942,
24943,
24944,27.6856100394553
24945,12.262338373526715
24946,6.1469107271716315
24947,
24948,
24949,
24950,
24951,
24952,31.815767640532087
24953,14.15058764773464
24954,6.861286090638682
24955,
24956,
24957,
24958,
24959,
24960,16.471508436715837
24961,7.998497817342532
24962,3.7896685663532796
24963,
24964,
24965,
24966,
24967,
24968,21.940999823214476
24969,10.006547098060267
24970,5.237535728595805
24971,
24972,
24973,
24974,
24975,
24976,13.558296711774407
24977,6.308936602670988
24978,3.2108500600816456
24979,
24980,
24981,
24982,
24983,
24984,16.828431089059684
24985,7.478155876349621
24986,4.0129847554828135
24987,
24988,
24989,
24990,
24991,
24992,18.692457495785245
24993,8.698817286048676
24994,4.534660829632563
24995,
24996,
24997,
24998,
24999,
25000,21.221468972944347
25001,9.555034935152806
25002,4.844117049305993
25003,
25004,
25005,
25006,
25007,
25008,29.002271974378935
25009,12.867023127826842
25010,6.781584583047659
25011,
25012,
25013,
25014,
25015,
25016,16.40432448140187
25017,7.974457647653613
25018,4.1142096056886235
25019,
25020,
25021,
25022,
25023,
25024,45.174030136926504
25025,19.850417055959564
25026,10.305974102588028
25027,
25028,
25029,
25030,
25031,
25032,20.932584659732584
25033,9.382182163255289
25034,4.720051005327316
25035,
25036,
25037,
25038,
25039,
25040,26.737526201294518
25041,12.202698716240038
25042,6.008215400630673
25043,
25044,
25045,
25046,
25047,
25048,39.163829438708404
25049,18.046893190959327
25050,9.223111342130673
25051,
25052,
25053,
25054,
25055,
25056,34.9009743508615
25057,15.36272444192563
25058,8.488498865640295
25059,
25060,
25061,
25062,
25063,
25064,23.040468270957824
25065,10.440784483062211
25066,5.253565439287065
25067,
25068,
25069,
25070,
25071,
25072,16.626061982303447
25073,7.453967475011377
25074,3.715616719972886
25075,
25076,
25077,
25078,
25079,
25080,30.037321652262555
25081,13.215143111121114
25082,6.693646269796159
25083,
25084,
25085,
25086,
25087,
25088,23.03285997494489
25089,10.467339613860505
25090,5.118094531270197
25091,
25092,
25093,
25094,
25095,
25096,16.51760903188965
25097,7.833153623629384
25098,3.977110917746398
25099,
25100,
25101,
25102,
25103,
25104,22.279361779459418
25105,10.953313421979413
25106,5.370241517020839
25107,
25108,
25109,
25110,
25111,
25112,15.285868984649333
25113,7.049858983033776
25114,3.4210207097966574
25115,
25116,
25117,
25118,
25119,
25120,16.902131855829857
25121,7.179747719802155
25122,3.729928788514503
25123,
25124,
25125,
25126,
25127,
25128,34.89006585618788
25129,15.197370742217693
25130,8.015914576702569
25131,
25132,
25133,
25134,
25135,
25136,17.45417371853721
25137,7.749515610140562
25138,3.994322459161846
25139,
25140,
25141,
25142,
25143,
25144,37.103687407677995
25145,15.700167912449848
25146,8.293804291352373
25147,
25148,
25149,
25150,
25151,
25152,23.817535185733316
25153,11.359292239998197
25154,5.434750286184181
25155,
25156,
25157,
25158,
25159,
25160,17.6764623852734
25161,8.201016878823372
25162,4.262906825813925
25163,
25164,
25165,
25166,
25167,
25168,47.85491895968232
25169,21.99382523260469
25170,11.178677714870329
25171,
25172,
25173,
25174,
25175,
25176,21.038402630365912
25177,10.287056703149622
25178,5.034370760205813
25179,
25180,
25181,
25182,
25183,
25184,26.278128827704105
25185,11.314700951382713
25186,5.890464067442305
25187,
25188,
25189,
25190,
25191,
25192,30.544629808697906
25193,13.162846738554155
25194,7.014007927478571
25195,
25196,
25197,
25198,
25199,
25200,22.75110239115867
25201,10.279672918512555
25202,4.979014049919268
25203,
25204,
25205,
25206,
25207,
25208,24.618819792261462
25209,11.005581807923571
25210,5.374102658661406
25211,
25212,
25213,
25214,
25215,
25216,17.08297256766429
25217,7.325203586200463
25218,3.9714718862378207
25219,
25220,
25221,
25222,
25223,
25224,37.69709447547059
25225,17.74352023307474
25226,9.187979893971697
25227,
25228,
25229,
25230,
25231,
25232,15.226275832380972
25233,7.227473238803331
25234,3.5410473341654845
25235,
25236,
25237,
25238,
25239,
25240,17.153354109949273
25241,7.651563113668717
25242,4.186393645273352
25243,
25244,
25245,
25246,
25247,
25248,24.418953991676478
25249,10.763887348239507
25250,5.391928165463477
25251,
25252,
25253,
25254,
25255,
25256,27.600469837515195
25257,12.350052847605903
25258,6.4303123076070134
25259,
25260,
25261,
25262,
25263,
25264,19.71506445497428
25265,8.762586088469229
25266,4.280183408656462
25267,
25268,
25269,
25270,
25271,
25272,21.14155428308366
25273,9.470072636598408
25274,4.9191436808505635
25275,
25276,
25277,
25278,
25279,
25280,59.85408663684396
25281,28.50230368786733
25282,14.041195505906026
25283,
25284,
25285,
25286,
25287,
25288,17.367091641047434
25289,7.509844354574362
25290,4.10266952091938
25291,
25292,
25293,
25294,
25295,
25296,18.14851124067378
25297,8.469005448331536
25298,4.6000599237466675
25299,
25300,
25301,
25302,
25303,
25304,21.6213468873494
25305,9.709196352035338
25306,5.8451856303918035
25307,
25308,
25309,
25310,
25311,
25312,20.183680929150007
25313,9.767308540426777
25314,5.080185664245406
25315,
25316,
25317,
25318,
25319,
25320,18.18105506820182
25321,8.430866205570329
25322,4.971502184584841
25323,
25324,
25325,
25326,
25327,
25328,16.27418982486265
25329,7.586391308851156
25330,4.241597362138744
25331,
25332,
25333,
25334,
25335,
25336,18.646390028937926
25337,8.734558653887982
25338,4.9685218023596205
25339,
25340,
25341,
25342,
25343,
25344,17.751599746165855
25345,8.4903493678837
25346,4.661913466670363
25347,
25348,
25349,
25350,
25351,
25352,27.72797691671114
25353,12.453545346896766
25354,7.045841342736336
25355,
25356,
25357,
25358,
25359,
25360,30.268968553637723
25361,13.711137873173355
25362,7.530918778176439
25363,
25364,
25365,
25366,
25367,
25368,15.91772376009662
25369,7.597026711117401
25370,4.180367603692597
25371,
25372,
25373,
25374,
25375,
25376,22.168218014771856
25377,9.801533723976208
25378,5.711834544191092
25379,
25380,
25381,
25382,
25383,
25384,13.142223834354269
25385,5.928236713641707
25386,3.230206506896342
25387,
25388,
25389,
25390,
25391,
25392,16.035240409205947
25393,7.498392653503504
25394,4.4511193817586285
25395,
25396,
25397,
25398,
25399,
25400,18.43527741837391
25401,8.495613116534981
25402,4.85121455316841
25403,
25404,
25405,
25406,
25407,
25408,20.551884247920796
25409,9.205637839657228
25410,5.203766330980346
25411,
25412,
25413,
25414,
25415,
25416,27.61196063677209
25417,12.69974820722903
25418,7.1200442076890385
25419,
25420,
25421,
25422,
25423,
25424,16.495355550805346
25425,8.068272557890955
25426,4.419746178639532
25427,
25428,
25429,
25430,
25431,
25432,46.45371264598968
25433,20.59467626927678
25434,11.036629557099749
25435,
25436,
25437,
25438,
25439,
25440,21.174504554620565
25441,9.355736813212067
25442,5.284698627715137
25443,
25444,
25445,
25446,
25447,
25448,25.869630824729544
25449,12.290011306120501
25450,6.293995919324023
25451,
25452,
25453,
25454,
25455,
25456,40.62156831235844
25457,18.028343385413912
25458,10.529947409620178
25459,
25460,
25461,
25462,
25463,
25464,33.7899243983299
25465,15.23026824070334
25466,9.329408830957297
25467,
25468,
25469,
25470,
25471,
25472,22.22692670180907
25473,9.90399504443327
25474,5.4743441995595274
25475,
25476,
25477,
25478,
25479,
25480,15.490935831081442
25481,7.370749657735966
25482,3.898964961099309
25483,
25484,
25485,
25486,
25487,
25488,30.060069552622622
25489,13.260087924655348
25490,7.276483392986504
25491,
25492,
25493,
25494,
25495,
25496,22.67287207803365
25497,10.198394663763036
25498,5.547731410861999
25499,
25500,
25501,
25502,
25503,
25504,16.47966269064605
25505,7.955916915712402
25506,4.495853130667377
25507,
25508,
25509,
25510,
25511,
25512,22.536427288145376
25513,10.450184562747976
25514,5.73308684434312
25515,
25516,
25517,
25518,
25519,
25520,14.883183926729526
25521,6.516365199772646
25522,3.710625673869201
25523,
25524,
25525,
25526,
25527,
25528,15.838366035006404
25529,6.971369571038422
25530,4.056862353506911
25531,
25532,
25533,
25534,
25535,
25536,33.3361349799521
25537,15.063376381285588
25538,8.280674236777378
25539,
25540,
25541,
25542,
25543,
25544,16.434566576473284
25545,7.760897491198721
25546,4.430536921451168
25547,
25548,
25549,
25550,
25551,
25552,37.00589867706312
25553,15.536099925785686
25554,8.953357208407224
25555,
25556,
25557,
25558,
25559,
25560,24.830534789814863
25561,10.882626445462947
25562,6.133102386133504
25563,
25564,
25565,
25566,
25567,
25568,16.934135001304483
25569,7.992695373416692
25570,4.5734450709893295
25571,
25572,
25573,
25574,
25575,
25576,48.02245094779952
25577,21.170435757962156
25578,11.467454185913878
25579,
25580,
25581,
25582,
25583,
25584,20.57701536783605
25585,9.811107447157264
25586,5.619952294516918
25587,
25588,
25589,
25590,
25591,
25592,27.007040961948544
25593,11.359920244227904
25594,6.510374684295979
25595,
25596,
25597,
25598,
25599,
25600,28.82707186377222
25601,12.591909836515633
25602,7.441659992892173
25603,
25604,
25605,
25606,
25607,
25608,22.15000575780046
25609,10.037138988514444
25610,5.561743014042055
25611,
25612,
25613,
25614,
25615,
25616,24.798179950289885
25617,11.254132654931752
25618,6.364723235732644
25619,
25620,
25621,
25622,
25623,
25624,15.847837389131502
25625,6.783488398787244
25626,4.157757816502357
25627,
25628,
25629,
25630,
25631,
25632,38.829609399795366
25633,17.48403500818155
25634,9.899934816557804
25635,
25636,
25637,
25638,
25639,
25640,14.424220780197993
25641,6.812496512402988
25642,3.905691330818121
25643,
25644,
25645,
25646,
25647,
25648,16.149937320947696
25649,7.34941525437843
25650,4.5562580387952565
25651,
25652,
25653,
25654,
25655,
25656,24.412897556591325
25657,10.817939057626985
25658,5.918728217431377
25659,
25660,
25661,
25662,
25663,
25664,27.18700884669937
25665,12.382197307184617
25666,7.126591910657686
25667,
25668,
25669,
25670,
25671,
25672,19.241919096470003
25673,9.223157108703766
25674,4.788539774558901
25675,
25676,
25677,
25678,
25679,
25680,20.03775710909188
25681,9.03451736876593
25682,5.244159712903699
25683,
25684,
25685,
25686,
25687,
25688,59.76597746495822
25689,27.8232773721964
25690,14.161917414122621
25691,
25692,
25693,
25694,
25695,
25696,16.05688529851747
25697,6.9146333031333524
25698,4.222816695611767
25699,
25700,
25701,
25702,
25703,
25704,
25705,
25706,
25707,
25708,
25709,
25710,
25711,
25712,
25713,
25714,
25715,
25716,
25717,
25718,
25719,
25720,
25721,
25722,
25723,
25724,
25725,
25726,
25727,
25728,
25729,
25730,
25731,
25732,
25733,
25734,
25735,
25736,
25737,
25738,
25739,
25740,
25741,
25742,
25743,
25744,
25745,
25746,
25747,
25748,
25749,
25750,
25751,
25752,
25753,
25754,
25755,
25756,
25757,
25758,
25759,
25760,
25761,
25762,
25763,
25764,
25765,
25766,
25767,
25768,
25769,
25770,
25771,
25772,
25773,
25774,
25775,
25776,
25777,
25778,
25779,
25780,
25781,
25782,
25783,
25784,
25785,
25786,
25787,
25788,
25789,
25790,
25791,
25792,
25793,
25794,
25795,
25796,
25797,
25798,
25799,
25800,
25801,
25802,
25803,
25804,
25805,
25806,
25807,
25808,
25809,
25810,
25811,
25812,
25813,
25814,
25815,
25816,
25817,
25818,
25819,
25820,
25821,
25822,
25823,
25824,
25825,
25826,
25827,
25828,
25829,
25830,
25831,
25832,
25833,
25834,
25835,
25836,
25837,
25838,
25839,
25840,
25841,
25842,
25843,
25844,
25845,
25846,
25847,
25848,
25849,
25850,
25851,
25852,
25853,
25854,
25855,
25856,
25857,
25858,
25859,
25860,
25861,
25862,
25863,
25864,
25865,
25866,
25867,
25868,
25869,
25870,
25871,
25872,
25873,
25874,
25875,
25876,
25877,
25878,
25879,
25880,
25881,
25882,
25883,
25884,
25885,
25886,
25887,
25888,
25889,
25890,
25891,
25892,
25893,
25894,
25895,
25896,
25897,
25898,
25899,
25900,
25901,
25902,
25903,
25904,
25905,
25906,
25907,
25908,
25909,
25910,
25911,
25912,
25913,
25914,
25915,
25916,
25917,
25918,
25919,
25920,
25921,
25922,
25923,
25924,
25925,
25926,
25927,
25928,
25929,
25930,
25931,
25932,
25933,
25934,
25935,
25936,
25937,
25938,
25939,
25940,
25941,
25942,
25943,
25944,
25945,
25946,
25947,
25948,
25949,
25950,
25951,
25952,
25953,
25954,
25955,
25956,
25957,
25958,
25959,
25960,
25961,
25962,
25963,
25964,
25965,
25966,
25967,
25968,
25969,
25970,
25971,
25972,
25973,
25974,
25975,
25976,
25977,
25978,
25979,
25980,
25981,
25982,
25983,
25984,
25985,
25986,
25987,
25988,
25989,
25990,
25991,
25992,
25993,
25994,
25995,
25996,
25997,
25998,
25999,
26000,
26001,
26002,
26003,
26004,
26005,
26006,
26007,
26008,
26009,
26010,
26011,
26012,
26013,
26014,
26015,
26016,
26017,
26018,
26019,
26020,
26021,
26022,
26023,
26024,
26025,
26026,
26027,
26028,
26029,
26030,
26031,
26032,
26033,
26034,
26035,
26036,
26037,
26038,
26039,
26040,
26041,
26042,
26043,
26044,
26045,
26046,
26047,
26048,
26049,
26050,
26051,
26052,
26053,
26054,
26055,
26056,
26057,
26058,
26059,
26060,
26061,
26062,
26063,
26064,
26065,
26066,
26067,
26068,
26069,
26070,
26071,
26072,
26073,
26074,
26075,
26076,
26077,
26078,
26079,
26080,
26081,
26082,
26083,
26084,
26085,
26086,
26087,
26088,
26089,
26090,
26091,
26092,
26093,
26094,
26095,
26096,
26097,
26098,
26099,
26100,
26101,
26102,
26103,
26104,
26105,
26106,
26107,
26108,
26109,
26110,
26111,
26112,
26113,
26114,
26115,
26116,
26117,
26118,
26119,
26120,
26121,
26122,
26123,
26124,
26125,
26126,
26127,
26128,
26129,
26130,
26131,
26132,
26133,
26134,
26135,
26136,
26137,
26138,
26139,
26140,
26141,
26142,
26143,
26144,
26145,
26146,
26147,
26148,
26149,
26150,
26151,
26152,
26153,
26154,
26155,
26156,
26157,
26158,
26159,
26160,
26161,
26162,
26163,
26164,
26165,
26166,
26167,
26168,
26169,
26170,
26171,
26172,
26173,
26174,
26175,
26176,
26177,
26178,
26179,
26180,
26181,
26182,
26183,
26184,
26185,
26186,
26187,
26188,
26189,
26190,
26191,
26192,
26193,
26194,
26195,
26196,
26197,
26198,
26199,
26200,
26201,
26202,
26203,
26204,
26205,
26206,
26207,
26208,
26209,
26210,
26211,
26212,
26213,
26214,
26215,
26216,
26217,
26218,
26219,
26220,
26221,
26222,
26223,
26224,
26225,
26226,
26227,
26228,
26229,
26230,
26231,
26232,
26233,
26234,
26235,
26236,
26237,
26238,
26239,
26240,
26241,
26242,
26243,
26244,
26245,
26246,
26247,
26248,
26249,
26250,
26251,
26252,
26253,
26254,
26255,
26256,
26257,
26258,
26259,
26260,
26261,
26262,
26263,
26264,
26265,
26266,
26267,
26268,
26269,
26270,
26271,
26272,
26273,
26274,
26275,
26276,
26277,
26278,
26279,
26280,
26281,
26282,
26283,
26284,
26285,
26286,
26287,
26288,
26289,
26290,
26291,
26292,
26293,
26294,
26295,
26296,
26297,
26298,
26299,
26300,
26301,
26302,
26303,
26304,
26305,
26306,
26307,
26308,
26309,
26310,
26311,
26312,
26313,
26314,
26315,
26316,
26317,
26318,
26319,
26320,
26321,
26322,
26323,
26324,
26325,
26326,
26327,
26328,
26329,
26330,
26331,
26332,
26333,
26334,
26335,
26336,
26337,
26338,
26339,
26340,
26341,
26342,
26343,
26344,
26345,
26346,
26347,
26348,
26349,
26350,
26351,
26352,
26353,
26354,
26355,
26356,
26357,
26358,
26359,
26360,
26361,
26362,
26363,
26364,
26365,
26366,
26367,
26368,
26369,
26370,
26371,
26372,
26373,
26374,
26375,
26376,
26377,
26378,
26379,
26380,
26381,
26382,
26383,
26384,
26385,
26386,
26387,
26388,
26389,
26390,
26391,
26392,
26393,
26394,
26395,
26396,
26397,
26398,
26399,
26400,
26401,
26402,
26403,
26404,
26405,
26406,
26407,
26408,
26409,
26410,
26411,
26412,
26413,
26414,
26415,
26416,
26417,
26418,
26419,
26420,
26421,
26422,
26423,
26424,
26425,
26426,
26427,
26428,
26429,
26430,
26431,
26432,
26433,
26434,
26435,
26436,
26437,
26438,
26439,
26440,
26441,
26442,
26443,
26444,
26445,
26446,
26447,
26448,
26449,
26450,
26451,
26452,
26453,
26454,
26455,
26456,
26457,
26458,
26459,
26460,
26461,
26462,
26463,
26464,
26465,
26466,
26467,
26468,
26469,
26470,
26471,
26472,
26473,
26474,
26475,
26476,
26477,
26478,
26479,
26480,
26481,
26482,
26483,
26484,
26485,
26486,
26487,
26488,
26489,
26490,
26491,
26492,
26493,
26494,
26495,
26496,
26497,
26498,
26499,
26500,
26501,
26502,
26503,
26504,
26505,
26506,
26507,
26508,
26509,
26510,
26511,
26512,
26513,
26514,
26515,
26516,
26517,
26518,
26519,
26520,19.04463794801491
26521,8.629579814474486
26522,4.653237714651222
26523,
26524,
26525,
26526,
26527,
26528,20.811385776654156
26529,9.697543888088088
26530,5.438100310438223
26531,
26532,
26533,
26534,
26535,
26536,19.313569019093926
26537,9.333216251246204
26538,4.957307425524717
26539,
26540,
26541,
26542,
26543,
26544,17.815350761938053
26545,8.106186073519108
26546,4.758225285197298
26547,
26548,
26549,
26550,
26551,
26552,16.188869269254894
26553,7.439997400666583
26554,4.064544393557988
26555,
26556,
26557,
26558,
26559,
26560,18.507385753004733
26561,8.696844659109244
26562,4.764416074994874
26563,
26564,
26565,
26566,
26567,
26568,17.296698541302142
26569,8.372816917175335
26570,4.553274487605833
26571,
26572,
26573,
26574,
26575,
26576,27.268131409633583
26577,12.533378258002738
26578,6.9115873332644515
26579,
26580,
26581,
26582,
26583,
26584,29.575181485144427
26585,13.394388894048525
26586,7.237017336615626
26587,
26588,
26589,
26590,
26591,
26592,15.722295736967236
26593,7.645009083487166
26594,4.03040138988962
26595,
26596,
26597,
26598,
26599,
26600,21.381276008945857
26601,9.64089486791425
26602,5.444260757959047
26603,
26604,
26605,
26606,
26607,
26608,12.8201718881334
26609,6.0601992766649735
26610,3.326311402194984
26611,
26612,
26613,
26614,
26615,
26616,15.77439634905323
26617,7.206136543869195
26618,4.210478261875321
26619,
26620,
26621,
26622,
26623,
26624,18.48082059398893
26625,8.457451036238632
26626,4.695868725043801
26627,
26628,
26629,
26630,
26631,
26632,20.2639824514989
26633,9.121373741758985
26634,4.963646052714223
26635,
26636,
26637,
26638,
26639,
26640,27.95190470057993
26641,12.677405966237883
26642,7.082879645870429
26643,
26644,
26645,
26646,
26647,
26648,15.969925053988668
26649,7.856798361826732
26650,4.08209681705221
26651,
26652,
26653,
26654,
26655,
26656,44.00344084391099
26657,19.858287096651225
26658,10.491185453513014
26659,
26660,
26661,
26662,
26663,
26664,20.16056098259344
26665,8.851529130830468
26666,4.998621546544785
26667,
26668,
26669,
26670,
26671,
26672,25.559854920343355
26673,12.015846421245755
26674,6.083146707409288
26675,
26676,
26677,
26678,
26679,
26680,38.25910546116838
26681,17.396882730932486
26682,9.800345606624978
26683,
26684,
26685,
26686,
26687,
26688,33.05314076117255
26689,14.701964950949822
26690,8.487582735168843
26691,
26692,
26693,
26694,
26695,
26696,21.805219822639987
26697,9.535658697533364
26698,5.19790031040251
26699,
26700,
26701,
26702,
26703,
26704,15.47894204839099
26705,7.071436169299148
26706,3.7208737405052656
26707,
26708,
26709,
26710,
26711,
26712,28.489482887820714
26713,12.654149283651655
26714,6.929622956116435
26715,
26716,
26717,
26718,
26719,
26720,22.651085549139783
26721,9.969694621142526
26722,5.231460316397896
26723,
26724,
26725,
26726,
26727,
26728,15.533548996651716
26729,7.421075558858589
26730,4.249194054031288
26731,
26732,
26733,
26734,
26735,
26736,21.421735126316428
26737,9.945522756204262
26738,5.217252800228957
26739,
26740,
26741,
26742,
26743,
26744,14.629466087903612
26745,6.530830763972066
26746,3.6197130875287984
26747,
26748,
26749,
26750,
26751,
26752,15.793202826395639
26753,6.771909537882501
26754,3.9420169648977694
26755,
26756,
26757,
26758,
26759,
26760,29.884501932054572
26761,13.92448726955207
26762,7.650065405910312
26763,
26764,
26765,
26766,
26767,
26768,16.439003166534224
26769,7.69907373418599
26770,4.199730191763378
26771,
26772,
26773,
26774,
26775,
26776,35.39890322201438
26777,15.00022379374431
26778,8.376773225488993
26779,
26780,
26781,
26782,
26783,
26784,24.33064987988518
26785,10.894768512006587
26786,6.104733063282951
26787,
26788,
26789,
26790,
26791,
26792,16.911812318931307
26793,7.938491750850413
26794,4.408284011382605
26795,
26796,
26797,
26798,
26799,
26800,46.345472630165595
26801,20.627142365272345
26802,11.51214782652268
26803,
26804,
26805,
26806,
26807,
26808,19.675646204053685
26809,9.392096170192378
26810,5.251038585493469
26811,
26812,
26813,
26814,
26815,
26816,26.59605308196018
26817,11.15475813183159
26818,6.211019058107072
26819,
26820,
26821,
26822,
26823,
26824,29.92594953709711
26825,12.589626953870841
26826,7.174693194492424
26827,
26828,
26829,
26830,
26831,
26832,22.236136002580942
26833,9.829860190138746
26834,5.315192352167576
26835,
26836,
26837,
26838,
26839,
26840,23.64466540047306
26841,10.774192328189681
26842,6.010835940998137
26843,
26844,
26845,
26846,
26847,
26848,15.817445274086582
26849,6.690853516835456
26850,4.0643068169233585
26851,
26852,
26853,
26854,
26855,
26856,36.310297608789384
26857,16.469066567160812
26858,9.617444638110298
26859,
26860,
26861,
26862,
26863,
26864,14.065515082920545
26865,6.697564798451481
26866,3.7423026284323266
26867,
26868,
26869,
26870,
26871,
26872,16.21156796944688
26873,7.243635170347642
26874,4.4008429325637275
26875,
26876,
26877,
26878,
26879,
26880,23.40252805530602
26881,10.519314128552658
26882,5.502233978068512
26883,
26884,
26885,
26886,
26887,
26888,26.198099688925524
26889,12.049208365373062
26890,6.627137655762637
26891,
26892,
26893,
26894,
26895,
26896,18.70880296006281
26897,8.863679677454005
26898,4.585421613218693
26899,
26900,
26901,
26902,
26903,
26904,19.336022924093978
26905,8.751258677758456
26906,4.881055207313632
26907,
26908,
26909,
26910,
26911,
26912,56.59740635848796
26913,28.005571791265975
26914,13.91162851825457
26915,
26916,
26917,
26918,
26919,
26920,16.235579443102502
26921,7.394111403650428
26922,4.265100101763758
26923,
26924,
26925,
26926,
26927,
26928,
26929,
26930,
26931,
26932,
26933,
26934,
26935,
26936,
26937,
26938,
26939,
26940,
26941,
26942,
26943,
26944,
26945,
26946,
26947,
26948,
26949,
26950,
26951,
26952,
26953,
26954,
26955,
26956,
26957,
26958,
26959,
26960,
26961,
26962,
26963,
26964,
26965,
26966,
26967,
26968,
26969,
26970,
26971,
26972,
26973,
26974,
26975,
26976,
26977,
26978,
26979,
26980,
26981,
26982,
26983,
26984,
26985,
26986,
26987,
26988,
26989,
26990,
26991,
26992,
26993,
26994,
26995,
26996,
26997,
26998,
26999,
27000,
27001,
27002,
27003,
27004,
27005,
27006,
27007,
27008,
27009,
27010,
27011,
27012,
27013,
27014,
27015,
27016,
27017,
27018,
27019,
27020,
27021,
27022,
27023,
27024,
27025,
27026,
27027,
27028,
27029,
27030,
27031,
27032,
27033,
27034,
27035,
27036,
27037,
27038,
27039,
27040,
27041,
27042,
27043,
27044,
27045,
27046,
27047,
27048,
27049,
27050,
27051,
27052,
27053,
27054,
27055,
27056,
27057,
27058,
27059,
27060,
27061,
27062,
27063,
27064,
27065,
27066,
27067,
27068,
27069,
27070,
27071,
27072,
27073,
27074,
27075,
27076,
27077,
27078,
27079,
27080,
27081,
27082,
27083,
27084,
27085,
27086,
27087,
27088,
27089,
27090,
27091,
27092,
27093,
27094,
27095,
27096,
27097,
27098,
27099,
27100,
27101,
27102,
27103,
27104,
27105,
27106,
27107,
27108,
27109,
27110,
27111,
27112,
27113,
27114,
27115,
27116,
27117,
27118,
27119,
27120,
27121,
27122,
27123,
27124,
27125,
27126,
27127,
27128,
27129,
27130,
27131,
27132,
27133,
27134,
27135,
27136,
27137,
27138,
27139,
27140,
27141,
27142,
27143,
27144,
27145,
27146,
27147,
27148,
27149,
27150,
27151,
27152,
27153,
27154,
27155,
27156,
27157,
27158,
27159,
27160,
27161,
27162,
27163,
27164,
27165,
27166,
27167,
27168,
27169,
27170,
27171,
27172,
27173,
27174,
27175,
27176,
27177,
27178,
27179,
27180,
27181,
27182,
27183,
27184,
27185,
27186,
27187,
27188,
27189,
27190,
27191,
27192,
27193,
27194,
27195,
27196,
27197,
27198,
27199,
27200,
27201,
27202,
27203,
27204,
27205,
27206,
27207,
27208,
27209,
27210,
27211,
27212,
27213,
27214,
27215,
27216,
27217,
27218,
27219,
27220,
27221,
27222,
27223,
27224,
27225,
27226,
27227,
27228,
27229,
27230,
27231,
27232,
27233,
27234,
27235,
27236,
27237,
27238,
27239,
27240,
27241,
27242,
27243,
27244,
27245,
27246,
27247,
27248,
27249,
27250,
27251,
27252,
27253,
27254,
27255,
27256,
27257,
27258,
27259,
27260,
27261,
27262,
27263,
27264,
27265,
27266,
27267,
27268,
27269,
27270,
27271,
27272,
27273,
27274,
27275,
27276,
27277,
27278,
27279,
27280,
27281,
27282,
27283,
27284,
27285,
27286,
27287,
27288,
27289,
27290,
27291,
27292,
27293,
27294,
27295,
27296,
27297,
27298,
27299,
27300,
27301,
27302,
27303,
27304,
27305,
27306,
27307,
27308,
27309,
27310,
27311,
27312,
27313,
27314,
27315,
27316,
27317,
27318,
27319,
27320,
27321,
27322,
27323,
27324,
27325,
27326,
27327,
27328,
27329,
27330,
27331,
27332,
27333,
27334,
27335,
27336,
27337,
27338,
27339,
27340,
27341,
27342,
27343,
27344,
27345,
27346,
27347,
27348,
27349,
27350,
27351,
27352,
27353,
27354,
27355,
27356,
27357,
27358,
27359,
27360,
27361,
27362,
27363,
27364,
27365,
27366,
27367,
27368,
27369,
27370,
27371,
27372,
27373,
27374,
27375,
27376,
27377,
27378,
27379,
27380,
27381,
27382,
27383,
27384,
27385,
27386,
27387,
27388,
27389,
27390,
27391,
27392,
27393,
27394,
27395,
27396,
27397,
27398,
27399,
27400,
27401,
27402,
27403,
27404,
27405,
27406,
27407,
27408,
27409,
27410,
27411,
27412,
27413,
27414,
27415,
27416,
27417,
27418,
27419,
27420,
27421,
27422,
27423,
27424,
27425,
27426,
27427,
27428,
27429,
27430,
27431,
27432,
27433,
27434,
27435,
27436,
27437,
27438,
27439,
27440,
27441,
27442,
27443,
27444,
27445,
27446,
27447,
27448,
27449,
27450,
27451,
27452,
27453,
27454,
27455,
27456,
27457,
27458,
27459,
27460,
27461,
27462,
27463,
27464,
27465,
27466,
27467,
27468,
27469,
27470,
27471,
27472,
27473,
27474,
27475,
27476,
27477,
27478,
27479,
27480,
27481,
27482,
27483,
27484,
27485,
27486,
27487,
27488,
27489,
27490,
27491,
27492,
27493,
27494,
27495,
27496,
27497,
27498,
27499,
27500,
27501,
27502,
27503,
27504,
27505,
27506,
27507,
27508,
27509,
27510,
27511,
27512,
27513,
27514,
27515,
27516,
27517,
27518,
27519,
27520,
27521,
27522,
27523,
27524,
27525,
27526,
27527,
27528,
27529,
27530,
27531,
27532,
27533,
27534,
27535,
27536,
27537,
27538,
27539,
27540,
27541,
27542,
27543,
27544,
27545,
27546,
27547,
27548,
27549,
27550,
27551,
27552,
27553,
27554,
27555,
27556,
27557,
27558,
27559,
27560,
27561,
27562,
27563,
27564,
27565,
27566,
27567,
27568,
27569,
27570,
27571,
27572,
27573,
27574,
27575,
27576,
27577,
27578,
27579,
27580,
27581,
27582,
27583,
27584,
27585,
27586,
27587,
27588,
27589,
27590,
27591,
27592,
27593,
27594,
27595,
27596,
27597,
27598,
27599,
27600,
27601,
27602,
27603,
27604,
27605,
27606,
27607,
27608,
27609,
27610,
27611,
27612,
27613,
27614,
27615,
27616,
27617,
27618,
27619,
27620,
27621,
27622,
27623,
27624,
27625,
27626,
27627,
27628,
27629,
27630,
27631,
27632,
27633,
27634,
27635,
27636,
27637,
27638,
27639,
27640,
27641,
27642,
27643,
27644,
27645,
27646,
27647,
27648,
27649,
27650,
27651,
27652,
27653,
27654,
27655,
27656,
27657,
27658,
27659,
27660,
27661,
27662,
27663,
27664,
27665,
27666,
27667,
27668,
27669,
27670,
27671,
27672,
27673,
27674,
27675,
27676,
27677,
27678,
27679,
27680,
27681,
27682,
27683,
27684,
27685,
27686,
27687,
27688,
27689,
27690,
27691,
27692,
27693,
27694,
27695,
27696,
27697,
27698,
27699,
27700,
27701,
27702,
27703,
27704,
27705,
27706,
27707,
27708,
27709,
27710,
27711,
27712,
27713,
27714,
27715,
27716,
27717,
27718,
27719,
27720,
27721,
27722,
27723,
27724,
27725,
27726,
27727,
27728,
27729,
27730,
27731,
27732,
27733,
27734,
27735,
27736,
27737,
27738,
27739,
27740,
27741,
27742,
27743,
27744,
27745,
27746,
27747,
27748,
27749,
27750,
27751,
27752,
27753,
27754,
27755,
27756,
27757,
27758,
27759,
27760,
27761,
27762,
27763,
27764,
27765,
27766,
27767,
27768,
27769,
27770,
27771,
27772,
27773,
27774,
27775,
27776,
27777,
27778,
27779,
27780,
27781,
27782,
27783,
27784,
27785,
27786,
27787,
27788,
27789,
27790,
27791,
27792,
27793,
27794,
27795,
27796,
27797,
27798,
27799,
27800,
27801,
27802,
27803,
27804,
27805,
27806,
27807,
27808,
27809,
27810,
27811,
27812,
27813,
27814,
27815,
27816,
27817,
27818,
27819,
27820,
27821,
27822,
27823,
27824,
27825,
27826,
27827,
27828,
27829,
27830,
27831,
27832,
27833,
27834,
27835,
27836,
27837,
27838,
27839,
27840,
27841,
27842,
27843,
27844,
27845,
27846,
27847,
27848,
27849,
27850,
27851,
27852,
27853,
27854,
27855,
27856,
27857,
27858,
27859,
27860,
27861,
27862,
27863,
27864,
27865,
27866,
27867,
27868,
27869,
27870,
27871,
27872,
27873,
27874,
27875,
27876,
27877,
27878,
27879,
27880,
27881,
27882,
27883,
27884,
27885,
27886,
27887,
27888,
27889,
27890,
27891,
27892,
27893,
27894,
27895,
27896,
27897,
27898,
27899,
27900,
27901,
27902,
27903,
27904,
27905,
27906,
27907,
27908,
27909,
27910,
27911,
27912,
27913,
27914,
27915,
27916,
27917,
27918,
27919,
27920,
27921,
27922,
27923,
27924,
27925,
27926,
27927,
27928,
27929,
27930,
27931,
27932,
27933,
27934,
27935,
27936,
27937,
27938,
27939,
27940,
27941,
27942,
27943,
27944,
27945,
27946,
27947,
27948,
27949,
27950,
27951,
27952,
27953,
27954,
27955,
27956,
27957,
27958,
27959,
27960,
27961,
27962,
27963,
27964,
27965,
27966,
27967,
27968,
27969,
27970,
27971,
27972,
27973,
27974,
27975,
27976,
27977,
27978,
27979,
27980,
27981,
27982,
27983,
27984,
27985,
27986,
27987,
27988,
27989,
27990,
27991,
27992,
27993,
27994,
27995,
27996,
27997,
27998,
27999,
28000,
28001,
28002,
28003,
28004,
28005,
28006,
28007,
28008,
28009,
28010,
28011,
28012,
28013,
28014,
28015,
28016,
28017,
28018,
28019,
28020,
28021,
28022,
28023,
28024,
28025,
28026,
28027,
28028,
28029,
28030,
28031,
28032,
28033,
28034,
28035,
28036,
28037,
28038,
28039,
28040,
28041,
28042,
28043,
28044,
28045,
28046,
28047,
28048,
28049,
28050,
28051,
28052,
28053,
28054,
28055,
28056,
28057,
28058,
28059,
28060,
28061,
28062,
28063,
28064,
28065,
28066,
28067,
28068,
28069,
28070,
28071,
28072,
28073,
28074,
28075,
28076,
28077,
28078,
28079,
28080,
28081,
28082,
28083,
28084,
28085,
28086,
28087,
28088,
28089,
28090,
28091,
28092,
28093,
28094,
28095,
28096,
28097,
28098,
28099,
28100,
28101,
28102,
28103,
28104,
28105,
28106,
28107,
28108,
28109,
28110,
28111,
28112,
28113,
28114,
28115,
28116,
28117,
28118,
28119,
28120,
28121,
28122,
28123,
28124,
28125,
28126,
28127,
28128,
28129,
28130,
28131,
28132,
28133,
28134,
28135,
28136,
28137,
28138,
28139,
28140,
28141,
28142,
28143,
28144,
28145,
28146,
28147,
28148,
28149,
28150,
28151,
28152,19.11742450555127
28153,8.695504004308235
28154,4.795880834130429
28155,
28156,
28157,
28158,
28159,
28160,20.914372935596294
28161,10.022824885102064
28162,5.646237500467126
28163,
28164,
28165,
28166,
28167,
28168,19.31651118715523
28169,9.965371448440264
28170,5.041381848586506
28171,
28172,
28173,
28174,
28175,
28176,17.806422448848952
28177,8.356241636727038
28178,4.802523195869597
28179,
28180,
28181,
28182,
28183,
28184,16.104492055559
28185,7.503600820620333
28186,4.069514961368975
28187,
28188,
28189,
28190,
28191,
28192,18.534876641514558
28193,8.991230935815054
28194,4.776857307369354
28195,
28196,
28197,
28198,
28199,
28200,17.281999278765724
28201,8.411549257496652
28202,4.557180695293752
28203,
28204,
28205,
28206,
28207,
28208,26.96145747622595
28209,12.601949294371986
28210,6.729633466307886
28211,
28212,
28213,
28214,
28215,
28216,30.110151043367598
28217,13.28896208021255
28218,7.277221028338444
28219,
28220,
28221,
28222,
28223,
28224,15.385444410884546
28225,7.648004025018617
28226,4.091184254694008
28227,
28228,
28229,
28230,
28231,
28232,21.963665384857574
28233,9.560865830400074
28234,5.420372613402582
28235,
28236,
28237,
28238,
28239,
28240,13.026772985514945
28241,6.244089531683512
28242,3.418532296099854
28243,
28244,
28245,
28246,
28247,
28248,16.03819148953101
28249,7.528378179678208
28250,4.406162700218918
28251,
28252,
28253,
28254,
28255,
28256,18.31835922984563
28257,8.44082266602117
28258,4.746341291777488
28259,
28260,
28261,
28262,
28263,
28264,19.96462756136834
28265,9.150225640366537
28266,5.178181649636763
28267,
28268,
28269,
28270,
28271,
28272,27.925511284801015
28273,12.764989737342065
28274,7.074306548441527
28275,
28276,
28277,
28278,
28279,
28280,15.685582215320387
28281,7.850044660194145
28282,4.22071944524872
28283,
28284,
28285,
28286,
28287,
28288,45.276809853202195
28289,20.510392837020607
28290,10.678396168489678
28291,
28292,
28293,
28294,
28295,
28296,20.901053337241564
28297,9.373594492578967
28298,5.212807646189462
28299,
28300,
28301,
28302,
28303,
28304,25.597177931183293
28305,12.303267439135455
28306,6.0274966841323305
28307,
28308,
28309,
28310,
28311,
28312,38.484514306340714
28313,17.56119327961109
28314,10.126124976819618
28315,
28316,
28317,
28318,
28319,
28320,33.80599545235618
28321,15.124388171159417
28322,8.973840311972149
28323,
28324,
28325,
28326,
28327,
28328,22.200903690733348
28329,9.9811939474695
28330,5.444783110025695
28331,
28332,
28333,
28334,
28335,
28336,14.97973746938071
28337,6.949482077208487
28338,3.6660119637016857
28339,
28340,
28341,
28342,
28343,
28344,28.74685458276577
28345,12.636856407700137
28346,7.020908115623756
28347,
28348,
28349,
28350,
28351,
28352,22.124466736960873
28353,10.018406526462757
28354,5.338500249853173
28355,
28356,
28357,
28358,
28359,
28360,15.87230474516965
28361,7.741987347879446
28362,4.279729197011522
28363,
28364,
28365,
28366,
28367,
28368,21.23934754465123
28369,10.059798120740851
28370,5.316707794761338
28371,
28372,
28373,
28374,
28375,
28376,14.70474415713988
28377,6.576327725679919
28378,3.6125878611995828
28379,
28380,
28381,
28382,
28383,
28384,16.243593109137084
28385,6.967232700030988
28386,4.023947223201244
28387,
28388,
28389,
28390,
28391,
28392,32.81607027424078
28393,15.086217993224114
28394,8.041520113896922
28395,
28396,
28397,
28398,
28399,
28400,16.437359971783653
28401,7.922498315224145
28402,4.228510241749167
28403,
28404,
28405,
28406,
28407,
28408,35.393130740673676
28409,15.043382611027704
28410,8.397214164831153
28411,
28412,
28413,
28414,
28415,
28416,24.340063088646467
28417,10.944346925663332
28418,6.006826770686839
28419,
28420,
28421,
28422,
28423,
28424,16.866022975306574
28425,8.058775264671153
28426,4.452391326573462
28427,
28428,
28429,
28430,
28431,
28432,46.61743212598717
28433,21.322117721565643
28434,11.393483226327898
28435,
28436,
28437,
28438,
28439,
28440,20.04645692194905
28441,9.936598477871478
28442,5.368612990629746
28443,
28444,
28445,
28446,
28447,
28448,26.887962648177208
28449,11.516208186556932
28450,6.345732784998698
28451,
28452,
28453,
28454,
28455,
28456,29.895963410107395
28457,12.847616945148879
28458,7.187201428663631
28459,
28460,
28461,
28462,
28463,
28464,22.262849380243573
28465,10.044857171670072
28466,5.441953448881277
28467,
28468,
28469,
28470,
28471,
28472,23.51690088416625
28473,10.972689455133379
28474,6.059202376074146
28475,
28476,
28477,
28478,
28479,
28480,15.734484995435535
28481,6.721121405637076
28482,4.156199670063587
28483,
28484,
28485,
28486,
28487,
28488,37.94673654460394
28489,17.239460714719883
28490,9.62615292773476
28491,
28492,
28493,
28494,
28495,
28496,14.163564357425262
28497,6.878909993387027
28498,3.794609222535032
28499,
28500,
28501,
28502,
28503,
28504,16.278150311706007
28505,7.390615945449963
28506,4.441234671269391
28507,
28508,
28509,
28510,
28511,
28512,23.354248148122355
28513,10.5721437880767
28514,5.511888804550669
28515,
28516,
28517,
28518,
28519,
28520,26.610925696350034
28521,12.373369295714335
28522,6.666492431312913
28523,
28524,
28525,
28526,
28527,
28528,19.291226473293282
28529,9.742308229899951
28530,4.716896217478217
28531,
28532,
28533,
28534,
28535,
28536,20.10727607115305
28537,9.16762893796759
28538,5.147248153959039
28539,
28540,
28541,
28542,
28543,
28544,57.22660619869219
28545,27.74631527333172
28546,13.786236198399322
28547,
28548,
28549,
28550,
28551,
28552,16.377326841185987
28553,7.318325748957745
28554,4.259703581247501
28555,
28556,
28557,
28558,
28559,
28560,
28561,
28562,
28563,
28564,
28565,
28566,
28567,
28568,
28569,
28570,
28571,
28572,
28573,
28574,
28575,
28576,
28577,
28578,
28579,
28580,
28581,
28582,
28583,
28584,
28585,
28586,
28587,
28588,
28589,
28590,
28591,
28592,
28593,
28594,
28595,
28596,
28597,
28598,
28599,
28600,
28601,
28602,
28603,
28604,
28605,
28606,
28607,
28608,
28609,
28610,
28611,
28612,
28613,
28614,
28615,
28616,
28617,
28618,
28619,
28620,
28621,
28622,
28623,
28624,
28625,
28626,
28627,
28628,
28629,
28630,
28631,
28632,
28633,
28634,
28635,
28636,
28637,
28638,
28639,
28640,
28641,
28642,
28643,
28644,
28645,
28646,
28647,
28648,
28649,
28650,
28651,
28652,
28653,
28654,
28655,
28656,
28657,
28658,
28659,
28660,
28661,
28662,
28663,
28664,
28665,
28666,
28667,
28668,
28669,
28670,
28671,
28672,
28673,
28674,
28675,
28676,
28677,
28678,
28679,
28680,
28681,
28682,
28683,
28684,
28685,
28686,
28687,
28688,
28689,
28690,
28691,
28692,
28693,
28694,
28695,
28696,
28697,
28698,
28699,
28700,
28701,
28702,
28703,
28704,
28705,
28706,
28707,
28708,
28709,
28710,
28711,
28712,
28713,
28714,
28715,
28716,
28717,
28718,
28719,
28720,
28721,
28722,
28723,
28724,
28725,
28726,
28727,
28728,
28729,
28730,
28731,
28732,
28733,
28734,
28735,
28736,
28737,
28738,
28739,
28740,
28741,
28742,
28743,
28744,
28745,
28746,
28747,
28748,
28749,
28750,
28751,
28752,
28753,
28754,
28755,
28756,
28757,
28758,
28759,
28760,
28761,
28762,
28763,
28764,
28765,
28766,
28767,
28768,
28769,
28770,
28771,
28772,
28773,
28774,
28775,
28776,
28777,
28778,
28779,
28780,
28781,
28782,
28783,
28784,
28785,
28786,
28787,
28788,
28789,
28790,
28791,
28792,
28793,
28794,
28795,
28796,
28797,
28798,
28799,
28800,
28801,
28802,
28803,
28804,
28805,
28806,
28807,
28808,
28809,
28810,
28811,
28812,
28813,
28814,
28815,
28816,
28817,
28818,
28819,
28820,
28821,
28822,
28823,
28824,
28825,
28826,
28827,
28828,
28829,
28830,
28831,
28832,
28833,
28834,
28835,
28836,
28837,
28838,
28839,
28840,
28841,
28842,
28843,
28844,
28845,
28846,
28847,
28848,
28849,
28850,
28851,
28852,
28853,
28854,
28855,
28856,
28857,
28858,
28859,
28860,
28861,
28862,
28863,
28864,
28865,
28866,
28867,
28868,
28869,
28870,
28871,
28872,
28873,
28874,
28875,
28876,
28877,
28878,
28879,
28880,
28881,
28882,
28883,
28884,
28885,
28886,
28887,
28888,
28889,
28890,
28891,
28892,
28893,
28894,
28895,
28896,
28897,
28898,
28899,
28900,
28901,
28902,
28903,
28904,
28905,
28906,
28907,
28908,
28909,
28910,
28911,
28912,
28913,
28914,
28915,
28916,
28917,
28918,
28919,
28920,
28921,
28922,
28923,
28924,
28925,
28926,
28927,
28928,
28929,
28930,
28931,
28932,
28933,
28934,
28935,
28936,
28937,
28938,
28939,
28940,
28941,
28942,
28943,
28944,
28945,
28946,
28947,
28948,
28949,
28950,
28951,
28952,
28953,
28954,
28955,
28956,
28957,
28958,
28959,
28960,
28961,
28962,
28963,
28964,
28965,
28966,
28967,
28968,19.50968298302021
28969,8.899278160573791
28970,4.7578208494728615
28971,
28972,
28973,
28974,
28975,
28976,20.30111845595657
28977,9.454097807033646
28978,5.3136449564729125
28979,
28980,
28981,
28982,
28983,
28984,18.894357187432043
28985,9.092214646768205
28986,4.860963903245528
28987,
28988,
28989,
28990,
28991,
28992,17.399875500787637
28993,8.10144540730137
28994,4.7014980667388535
28995,
28996,
28997,
28998,
28999,
29000,16.10264806170751
29001,7.531725126213923
29002,4.093748139977662
29003,
29004,
29005,
29006,
29007,
29008,18.455674650633306
29009,8.93359415701818
29010,4.790926534239913
29011,
29012,
29013,
29014,
29015,
29016,17.259946629180348
29017,8.32242966217706
29018,4.519411970453118
29019,
29020,
29021,
29022,
29023,
29024,26.786452429471233
29025,12.379278192773514
29026,6.795819140746099
29027,
29028,
29029,
29030,
29031,
29032,28.988358715795556
29033,13.296420324333853
29034,7.103706022418536
29035,
29036,
29037,
29038,
29039,
29040,15.309748488852582
29041,7.524479727162647
29042,4.046354551058282
29043,
29044,
29045,
29046,
29047,
29048,21.091779574589793
29049,9.506961224653208
29050,5.38166938086323
29051,
29052,
29053,
29054,
29055,
29056,13.068649784544998
29057,6.000965068836954
29058,3.329148163334881
29059,
29060,
29061,
29062,
29063,
29064,15.870459524273915
29065,7.305889924747266
29066,4.300861742231552
29067,
29068,
29069,
29070,
29071,
29072,17.861710584553634
29073,8.19703345686894
29074,4.569888353696666
29075,
29076,
29077,
29078,
29079,
29080,19.867280267646386
29081,9.227421005820629
29082,5.074794635698983
29083,
29084,
29085,
29086,
29087,
29088,26.972559015167924
29089,12.546659265154476
29090,6.761004248599223
29091,
29092,
29093,
29094,
29095,
29096,15.274146802136062
29097,7.58029124481467
29098,4.101946109171916
29099,
29100,
29101,
29102,
29103,
29104,43.40246494105378
29105,19.436738191238017
29106,10.0430147147391
29107,
29108,
29109,
29110,
29111,
29112,19.94567956111152
29113,8.879967112362388
29114,4.919158652771561
29115,
29116,
29117,
29118,
29119,
29120,26.01082458508118
29121,12.373355202317578
29122,6.051852911795819
29123,
29124,
29125,
29126,
29127,
29128,39.2013576662758
29129,17.482441810381175
29130,10.017285055217487
29131,
29132,
29133,
29134,
29135,
29136,34.48909084199473
29137,15.212345537640113
29138,8.948011791801168
29139,
29140,
29141,
29142,
29143,
29144,22.248809053156965
29145,9.946978915710904
29146,5.381541557451783
29147,
29148,
29149,
29150,
29151,
29152,15.296912823295486
29153,7.21799584143676
29154,3.807792196651233
29155,
29156,
29157,
29158,
29159,
29160,27.83901399799014
29161,12.406554652101654
29162,6.59516807789163
29163,
29164,
29165,
29166,
29167,
29168,21.295347236391603
29169,9.714806575162621
29170,4.961859363957567
29171,
29172,
29173,
29174,
29175,
29176,16.105994558108097
29177,7.685898754396979
29178,4.287457073491006
29179,
29180,
29181,
29182,
29183,
29184,21.295339124332433
29185,10.082964270559012
29186,5.360215164620725
29187,
29188,
29189,
29190,
29191,
29192,14.458229044498083
29193,6.364880002906993
29194,3.5281757246932224
29195,
29196,
29197,
29198,
29199,
29200,15.418249066971558
29201,6.467404133938055
29202,3.818556935207053
29203,
29204,
29205,
29206,
29207,
29208,32.36834827803158
29209,14.767035757802068
29210,7.847561129020154
29211,
29212,
29213,
29214,
29215,
29216,16.186097334371347
29217,7.651928984782683
29218,4.088398503087292
29219,
29220,
29221,
29222,
29223,
29224,34.164572999916
29225,14.679932008152866
29226,8.13878551108628
29227,
29228,
29229,
29230,
29231,
29232,24.266795310703586
29233,10.968428729352059
29234,6.06306552275457
29235,
29236,
29237,
29238,
29239,
29240,16.98134283104372
29241,7.9493559684895905
29242,4.439048733266532
29243,
29244,
29245,
29246,
29247,
29248,46.80439150233599
29249,20.581234018365066
29250,11.108535363195557
29251,
29252,
29253,
29254,
29255,
29256,19.41890028076994
29257,9.409242415327544
29258,5.185018853573047
29259,
29260,
29261,
29262,
29263,
29264,26.215227199185083
29265,11.070070621984078
29266,6.18653156455968
29267,
29268,
29269,
29270,
29271,
29272,28.697192408688856
29273,12.740770703921626
29274,7.00139033837376
29275,
29276,
29277,
29278,
29279,
29280,22.249787904419467
29281,9.88334243393459
29282,5.337756444193437
29283,
29284,
29285,
29286,
29287,
29288,23.031789661019765
29289,10.737629156558729
29290,5.982661113975755
29291,
29292,
29293,
29294,
29295,
29296,15.569963022681462
29297,6.552046038830499
29298,4.072762461525363
29299,
29300,
29301,
29302,
29303,
29304,36.16076365199484
29305,16.281727833618277
29306,8.883534453033423
29307,
29308,
29309,
29310,
29311,
29312,13.852515571428203
29313,6.670771497515112
29314,3.766775787280748
29315,
29316,
29317,
29318,
29319,
29320,15.794975587384533
29321,7.040971376699034
29322,4.234677069308508
29323,
29324,
29325,
29326,
29327,
29328,23.39261411375856
29329,10.48274736375541
29330,5.624926056002199
29331,
29332,
29333,
29334,
29335,
29336,27.214045098795047
29337,12.371742086465325
29338,6.733672064829025
29339,
29340,
29341,
29342,
29343,
29344,18.83795790283551
29345,9.100443776688158
29346,4.656403197581709
29347,
29348,
29349,
29350,
29351,
29352,20.120735872596512
29353,9.105817313780355
29354,5.094124777409476
29355,
29356,
29357,
29358,
29359,
29360,57.08416278381258
29361,27.577322828735504
29362,13.55872963733934
29363,
29364,
29365,
29366,
29367,
29368,16.184358577808652
29369,7.339933314015471
29370,4.304437631002473
29371,
29372,
29373,
29374,
29375,
29376,
29377,
29378,
29379,
29380,
29381,
29382,
29383,
29384,
29385,
29386,
29387,
29388,
29389,
29390,
29391,
29392,
29393,
29394,
29395,
29396,
29397,
29398,
29399,
29400,
29401,
29402,
29403,
29404,
29405,
29406,
29407,
29408,
29409,
29410,
29411,
29412,
29413,
29414,
29415,
29416,
29417,
29418,
29419,
29420,
29421,
29422,
29423,
29424,
29425,
29426,
29427,
29428,
29429,
29430,
29431,
29432,
29433,
29434,
29435,
29436,
29437,
29438,
29439,
29440,
29441,
29442,
29443,
29444,
29445,
29446,
29447,
29448,
29449,
29450,
29451,
29452,
29453,
29454,
29455,
29456,
29457,
29458,
29459,
29460,
29461,
29462,
29463,
29464,
29465,
29466,
29467,
29468,
29469,
29470,
29471,
29472,
29473,
29474,
29475,
29476,
29477,
29478,
29479,
29480,
29481,
29482,
29483,
29484,
29485,
29486,
29487,
29488,
29489,
29490,
29491,
29492,
29493,
29494,
29495,
29496,
29497,
29498,
29499,
29500,
29501,
29502,
29503,
29504,
29505,
29506,
29507,
29508,
29509,
29510,
29511,
29512,
29513,
29514,
29515,
29516,
29517,
29518,
29519,
29520,
29521,
29522,
29523,
29524,
29525,
29526,
29527,
29528,
29529,
29530,
29531,
29532,
29533,
29534,
29535,
29536,
29537,
29538,
29539,
29540,
29541,
29542,
29543,
29544,
29545,
29546,
29547,
29548,
29549,
29550,
29551,
29552,
29553,
29554,
29555,
29556,
29557,
29558,
29559,
29560,
29561,
29562,
29563,
29564,
29565,
29566,
29567,
29568,
29569,
29570,
29571,
29572,
29573,
29574,
29575,
29576,
29577,
29578,
29579,
29580,
29581,
29582,
29583,
29584,
29585,
29586,
29587,
29588,
29589,
29590,
29591,
29592,
29593,
29594,
29595,
29596,
29597,
29598,
29599,
29600,
29601,
29602,
29603,
29604,
29605,
29606,
29607,
29608,
29609,
29610,
29611,
29612,
29613,
29614,
29615,
29616,
29617,
29618,
29619,
29620,
29621,
29622,
29623,
29624,
29625,
29626,
29627,
29628,
29629,
29630,
29631,
29632,
29633,
29634,
29635,
29636,
29637,
29638,
29639,
29640,
29641,
29642,
29643,
29644,
29645,
29646,
29647,
29648,
29649,
29650,
29651,
29652,
29653,
29654,
29655,
29656,
29657,
29658,
29659,
29660,
29661,
29662,
29663,
29664,
29665,
29666,
29667,
29668,
29669,
29670,
29671,
29672,
29673,
29674,
29675,
29676,
29677,
29678,
29679,
29680,
29681,
29682,
29683,
29684,
29685,
29686,
29687,
29688,
29689,
29690,
29691,
29692,
29693,
29694,
29695,
29696,
29697,
29698,
29699,
29700,
29701,
29702,
29703,
29704,
29705,
29706,
29707,
29708,
29709,
29710,
29711,
29712,
29713,
29714,
29715,
29716,
29717,
29718,
29719,
29720,
29721,
29722,
29723,
29724,
29725,
29726,
29727,
29728,
29729,
29730,
29731,
29732,
29733,
29734,
29735,
29736,
29737,
29738,
29739,
29740,
29741,
29742,
29743,
29744,
29745,
29746,
29747,
29748,
29749,
29750,
29751,
29752,
29753,
29754,
29755,
29756,
29757,
29758,
29759,
29760,
29761,
29762,
29763,
29764,
29765,
29766,
29767,
29768,
29769,
29770,
29771,
29772,
29773,
29774,
29775,
29776,
29777,
29778,
29779,
29780,
29781,
29782,
29783,
29784,
29785,
29786,
29787,
29788,
29789,
29790,
29791,
29792,
29793,
29794,
29795,
29796,
29797,
29798,
29799,
29800,
29801,
29802,
29803,
29804,
29805,
29806,
29807,
29808,
29809,
29810,
29811,
29812,
29813,
29814,
29815,
29816,
29817,
29818,
29819,
29820,
29821,
29822,
29823,
29824,
29825,
29826,
29827,
29828,
29829,
29830,
29831,
29832,
29833,
29834,
29835,
29836,
29837,
29838,
29839,
29840,
29841,
29842,
29843,
29844,
29845,
29846,
29847,
29848,
29849,
29850,
29851,
29852,
29853,
29854,
29855,
29856,
29857,
29858,
29859,
29860,
29861,
29862,
29863,
29864,
29865,
29866,
29867,
29868,
29869,
29870,
29871,
29872,
29873,
29874,
29875,
29876,
29877,
29878,
29879,
29880,
29881,
29882,
29883,
29884,
29885,
29886,
29887,
29888,
29889,
29890,
29891,
29892,
29893,
29894,
29895,
29896,
29897,
29898,
29899,
29900,
29901,
29902,
29903,
29904,
29905,
29906,
29907,
29908,
29909,
29910,
29911,
29912,
29913,
29914,
29915,
29916,
29917,
29918,
29919,
29920,
29921,
29922,
29923,
29924,
29925,
29926,
29927,
29928,
29929,
29930,
29931,
29932,
29933,
29934,
29935,
29936,
29937,
29938,
29939,
29940,
29941,
29942,
29943,
29944,
29945,
29946,
29947,
29948,
29949,
29950,
29951,
29952,
29953,
29954,
29955,
29956,
29957,
29958,
29959,
29960,
29961,
29962,
29963,
29964,
29965,
29966,
29967,
29968,
29969,
29970,
29971,
29972,
29973,
29974,
29975,
29976,
29977,
29978,
29979,
29980,
29981,
29982,
29983,
29984,
29985,
29986,
29987,
29988,
29989,
29990,
29991,
29992,
29993,
29994,
29995,
29996,
29997,
29998,
29999,
30000,
30001,
30002,
30003,
30004,
30005,
30006,
30007,
30008,
30009,
30010,
30011,
30012,
30013,
30014,
30015,
30016,
30017,
30018,
30019,
30020,
30021,
30022,
30023,
30024,
30025,
30026,
30027,
30028,
30029,
30030,
30031,
30032,
30033,
30034,
30035,
30036,
30037,
30038,
30039,
30040,
30041,
30042,
30043,
30044,
30045,
30046,
30047,
30048,
30049,
30050,
30051,
30052,
30053,
30054,
30055,
30056,
30057,
30058,
30059,
30060,
30061,
30062,
30063,
30064,
30065,
30066,
30067,
30068,
30069,
30070,
30071,
30072,
30073,
30074,
30075,
30076,
30077,
30078,
30079,
30080,
30081,
30082,
30083,
30084,
30085,
30086,
30087,
30088,
30089,
30090,
30091,
30092,
30093,
30094,
30095,
30096,
30097,
30098,
30099,
30100,
30101,
30102,
30103,
30104,
30105,
30106,
30107,
30108,
30109,
30110,
30111,
30112,
30113,
30114,
30115,
30116,
30117,
30118,
30119,
30120,
30121,
30122,
30123,
30124,
30125,
30126,
30127,
30128,
30129,
30130,
30131,
30132,
30133,
30134,
30135,
30136,
30137,
30138,
30139,
30140,
30141,
30142,
30143,
30144,
30145,
30146,
30147,
30148,
30149,
30150,
30151,
30152,
30153,
30154,
30155,
30156,
30157,
30158,
30159,
30160,
30161,
30162,
30163,
30164,
30165,
30166,
30167,
30168,
30169,
30170,
30171,
30172,
30173,
30174,
30175,
30176,
30177,
30178,
30179,
30180,
30181,
30182,
30183,
30184,
30185,
30186,
30187,
30188,
30189,
30190,
30191,
30192,
30193,
30194,
30195,
30196,
30197,
30198,
30199,
30200,
30201,
30202,
30203,
30204,
30205,
30206,
30207,
30208,
30209,
30210,
30211,
30212,
30213,
30214,
30215,
30216,
30217,
30218,
30219,
30220,
30221,
30222,
30223,
30224,
30225,
30226,
30227,
30228,
30229,
30230,
30231,
30232,
30233,
30234,
30235,
30236,
30237,
30238,
30239,
30240,
30241,
30242,
30243,
30244,
30245,
30246,
30247,
30248,
30249,
30250,
30251,
30252,
30253,
30254,
30255,
30256,
30257,
30258,
30259,
30260,
30261,
30262,
30263,
30264,
30265,
30266,
30267,
30268,
30269,
30270,
30271,
30272,
30273,
30274,
30275,
30276,
30277,
30278,
30279,
30280,
30281,
30282,
30283,
30284,
30285,
30286,
30287,
30288,
30289,
30290,
30291,
30292,
30293,
30294,
30295,
30296,
30297,
30298,
30299,
30300,
30301,
30302,
30303,
30304,
30305,
30306,
30307,
30308,
30309,
30310,
30311,
30312,
30313,
30314,
30315,
30316,
30317,
30318,
30319,
30320,
30321,
30322,
30323,
30324,
30325,
30326,
30327,
30328,
30329,
30330,
30331,
30332,
30333,
30334,
30335,
30336,
30337,
30338,
30339,
30340,
30341,
30342,
30343,
30344,
30345,
30346,
30347,
30348,
30349,
30350,
30351,
30352,
30353,
30354,
30355,
30356,
30357,
30358,
30359,
30360,
30361,
30362,
30363,
30364,
30365,
30366,
30367,
30368,
30369,
30370,
30371,
30372,
30373,
30374,
30375,
30376,
30377,
30378,
30379,
30380,
30381,
30382,
30383,
30384,
30385,
30386,
30387,
30388,
30389,
30390,
30391,
30392,
30393,
30394,
30395,
30396,
30397,
30398,
30399,
30400,
30401,
30402,
30403,
30404,
30405,
30406,
30407,
30408,
30409,
30410,
30411,
30412,
30413,
30414,
30415,
30416,
30417,
30418,
30419,
30420,
30421,
30422,
30423,
30424,
30425,
30426,
30427,
30428,
30429,
30430,
30431,
30432,
30433,
30434,
30435,
30436,
30437,
30438,
30439,
30440,
30441,
30442,
30443,
30444,
30445,
30446,
30447,
30448,
30449,
30450,
30451,
30452,
30453,
30454,
30455,
30456,
30457,
30458,
30459,
30460,
30461,
30462,
30463,
30464,
30465,
30466,
30467,
30468,
30469,
30470,
30471,
30472,
30473,
30474,
30475,
30476,
30477,
30478,
30479,
30480,
30481,
30482,
30483,
30484,
30485,
30486,
30487,
30488,
30489,
30490,
30491,
30492,
30493,
30494,
30495,
30496,
30497,
30498,
30499,
30500,
30501,
30502,
30503,
30504,
30505,
30506,
30507,
30508,
30509,
30510,
30511,
30512,
30513,
30514,
30515,
30516,
30517,
30518,
30519,
30520,
30521,
30522,
30523,
30524,
30525,
30526,
30527,
30528,
30529,
30530,
30531,
30532,
30533,
30534,
30535,
30536,
30537,
30538,
30539,
30540,
30541,
30542,
30543,
30544,
30545,
30546,
30547,
30548,
30549,
30550,
30551,
30552,
30553,
30554,
30555,
30556,
30557,
30558,
30559,
30560,
30561,
30562,
30563,
30564,
30565,
30566,
30567,
30568,
30569,
30570,
30571,
30572,
30573,
30574,
30575,
30576,
30577,
30578,
30579,
30580,
30581,
30582,
30583,
30584,
30585,
30586,
30587,
30588,
30589,
30590,
30591,
30592,
30593,
30594,
30595,
30596,
30597,
30598,
30599,
30600,20.06999145376797
30601,8.993101223928496
30602,4.880124485775974
30603,
30604,
30605,
30606,
30607,
30608,22.819240807662208
30609,10.22117487609851
30610,5.916475938015933
30611,
30612,
30613,
30614,
30615,
30616,19.720458484868207
30617,9.357915664882038
30618,5.278900010535941
30619,
30620,
30621,
30622,
30623,
30624,18.931899687720595
30625,8.60406029153737
30626,5.054728261024742
30627,
30628,
30629,
30630,
30631,
30632,16.829675760234995
30633,7.776818563901515
30634,4.343062368674918
30635,
30636,
30637,
30638,
30639,
30640,17.706027684354897
30641,8.33385670791283
30642,4.95420677479127
30643,
30644,
30645,
30646,
30647,
30648,17.762445144057047
30649,8.477152907244083
30650,4.756376829265561
30651,
30652,
30653,
30654,
30655,
30656,26.07624684032384
30657,11.63887373965067
30658,6.890079241991211
30659,
30660,
30661,
30662,
30663,
30664,30.85516793387432
30665,13.640868978975348
30666,7.47249331574781
30667,
30668,
30669,
30670,
30671,
30672,15.72694606126463
30673,7.4755714123982635
30674,4.075247483920219
30675,
30676,
30677,
30678,
30679,
30680,22.65891342251376
30681,9.849903371719083
30682,5.66480797347809
30683,
30684,
30685,
30686,
30687,
30688,13.628728052899762
30689,6.105981846894165
30690,3.3852127397349476
30691,
30692,
30693,
30694,
30695,
30696,16.312554808442346
30697,7.360707955919094
30698,4.349136913769478
30699,
30700,
30701,
30702,
30703,
30704,18.28577871562992
30705,8.839540124262562
30706,4.834570986238627
30707,
30708,
30709,
30710,
30711,
30712,20.46533673902727
30713,9.21459803799905
30714,5.403400753416091
30715,
30716,
30717,
30718,
30719,
30720,27.82112083553835
30721,12.673981575699559
30722,7.007307669468697
30723,
30724,
30725,
30726,
30727,
30728,16.33766790049958
30729,7.737179197146151
30730,4.405466804944468
30731,
30732,
30733,
30734,
30735,
30736,45.29421023237026
30737,19.761305665149276
30738,10.678910313991496
30739,
30740,
30741,
30742,
30743,
30744,20.095428863705894
30745,9.794582604557462
30746,5.168898081975266
30747,
30748,
30749,
30750,
30751,
30752,25.51886285648215
30753,12.050026411284627
30754,6.547228859622631
30755,
30756,
30757,
30758,
30759,
30760,39.28343388310119
30761,17.576302142346048
30762,9.683853875947959
30763,
30764,
30765,
30766,
30767,
30768,33.02710668482844
30769,14.476987643605918
30770,9.168686178385418
30771,
30772,
30773,
30774,
30775,
30776,22.20642250652304
30777,10.029287888173082
30778,5.5387193557449645
30779,
30780,
30781,
30782,
30783,
30784,15.321877730445022
30785,7.157963077327561
30786,3.812186319502423
30787,
30788,
30789,
30790,
30791,
30792,29.175599101392347
30793,12.840410990559604
30794,6.838295612029709
30795,
30796,
30797,
30798,
30799,
30800,22.31197883838378
30801,10.052205706585651
30802,5.524186928358125
30803,
30804,
30805,
30806,
30807,
30808,16.424247669778353
30809,7.602264846037136
30810,4.245468080497928
30811,
30812,
30813,
30814,
30815,
30816,23.363698267436064
30817,10.685218031191399
30818,5.712391306774384
30819,
30820,
30821,
30822,
30823,
30824,15.293341875170405
30825,6.791502853116956
30826,3.6571056598017644
30827,
30828,
30829,
30830,
30831,
30832,15.762461540158332
30833,7.006087162341248
30834,3.915031693075212
30835,
30836,
30837,
30838,
30839,
30840,33.54363054702015
30841,14.093511504186775
30842,8.297826262899871
30843,
30844,
30845,
30846,
30847,
30848,16.916677631778715
30849,7.981197557870624
30850,4.301843543247368
30851,
30852,
30853,
30854,
30855,
30856,37.58439109229447
30857,15.173805987369974
30858,8.804988881884887
30859,
30860,
30861,
30862,
30863,
30864,24.15922886027421
30865,10.858621987917505
30866,6.060614390476753
30867,
30868,
30869,
30870,
30871,
30872,16.726171899425246
30873,7.990222406032293
30874,4.418702069946807
30875,
30876,
30877,
30878,
30879,
30880,44.8301575002583
30881,20.202635240201737
30882,11.172654844614405
30883,
30884,
30885,
30886,
30887,
30888,20.430282537765496
30889,9.561450650588013
30890,5.467826107875103
30891,
30892,
30893,
30894,
30895,
30896,25.11761636634958
30897,11.006720878401696
30898,6.222278985353531
30899,
30900,
30901,
30902,
30903,
30904,28.93557679851532
30905,12.69006246582789
30906,7.593277581074721
30907,
30908,
30909,
30910,
30911,
30912,22.250601246168056
30913,10.028290725545464
30914,5.5172399762282724
30915,
30916,
30917,
30918,
30919,
30920,24.19726613145439
30921,11.351672266564922
30922,6.323711574300103
30923,
30924,
30925,
30926,
30927,
30928,16.221172106754803
30929,7.204854541624565
30930,4.095543913731758
30931,
30932,
30933,
30934,
30935,
30936,37.63416700238306
30937,16.97460940943206
30938,9.574234992846868
30939,
30940,
30941,
30942,
30943,
30944,14.44465328535803
30945,6.934359100919688
30946,3.736362428732132
30947,
30948,
30949,
30950,
30951,
30952,16.37315980167295
30953,7.387902409098886
30954,4.4346581839036725
30955,
30956,
30957,
30958,
30959,
30960,24.26240170589663
30961,10.896722250495023
30962,5.898887602902793
30963,
30964,
30965,
30966,
30967,
30968,26.6292846229413
30969,11.978463791346766
30970,6.6295156949488465
30971,
30972,
30973,
30974,
30975,
30976,18.212857956262926
30977,8.468552743302649
30978,4.674647674223639
30979,
30980,
30981,
30982,
30983,
30984,19.74476494132773
30985,8.911181068226727
30986,5.077982358346409
30987,
30988,
30989,
30990,
30991,
30992,55.70266461697357
30993,27.18994803798638
30994,14.980499734155469
30995,
30996,
30997,
30998,
30999,
31000,16.297665165848713
31001,7.355060103593488
31002,4.338934986396775
31003,
31004,
31005,
31006,
31007,
31008,
31009,
31010,
31011,
31012,
31013,
31014,
31015,
31016,
31017,
31018,
31019,
31020,
31021,
31022,
31023,
31024,
31025,
31026,
31027,
31028,
31029,
31030,
31031,
31032,
31033,
31034,
31035,
31036,
31037,
31038,
31039,
31040,
31041,
31042,
31043,
31044,
31045,
31046,
31047,
31048,
31049,
31050,
31051,
31052,
31053,
31054,
31055,
31056,
31057,
31058,
31059,
31060,
31061,
31062,
31063,
31064,
31065,
31066,
31067,
31068,
31069,
31070,
31071,
31072,
31073,
31074,
31075,
31076,
31077,
31078,
31079,
31080,
31081,
31082,
31083,
31084,
31085,
31086,
31087,
31088,
31089,
31090,
31091,
31092,
31093,
31094,
31095,
31096,
31097,
31098,
31099,
31100,
31101,
31102,
31103,
31104,
31105,
31106,
31107,
31108,
31109,
31110,
31111,
31112,
31113,
31114,
31115,
31116,
31117,
31118,
31119,
31120,
31121,
31122,
31123,
31124,
31125,
31126,
31127,
31128,
31129,
31130,
31131,
31132,
31133,
31134,
31135,
31136,
31137,
31138,
31139,
31140,
31141,
31142,
31143,
31144,
31145,
31146,
31147,
31148,
31149,
31150,
31151,
31152,
31153,
31154,
31155,
31156,
31157,
31158,
31159,
31160,
31161,
31162,
31163,
31164,
31165,
31166,
31167,
31168,
31169,
31170,
31171,
31172,
31173,
31174,
31175,
31176,
31177,
31178,
31179,
31180,
31181,
31182,
31183,
31184,
31185,
31186,
31187,
31188,
31189,
31190,
31191,
31192,
31193,
31194,
31195,
31196,
31197,
31198,
31199,
31200,
31201,
31202,
31203,
31204,
31205,
31206,
31207,
31208,
31209,
31210,
31211,
31212,
31213,
31214,
31215,
31216,
31217,
31218,
31219,
31220,
31221,
31222,
31223,
31224,
31225,
31226,
31227,
31228,
31229,
31230,
31231,
31232,
31233,
31234,
31235,
31236,
31237,
31238,
31239,
31240,
31241,
31242,
31243,
31244,
31245,
31246,
31247,
31248,
31249,
31250,
31251,
31252,
31253,
31254,
31255,
31256,
31257,
31258,
31259,
31260,
31261,
31262,
31263,
31264,
31265,
31266,
31267,
31268,
31269,
31270,
31271,
31272,
31273,
31274,
31275,
31276,
31277,
31278,
31279,
31280,
31281,
31282,
31283,
31284,
31285,
31286,
31287,
31288,
31289,
31290,
31291,
31292,
31293,
31294,
31295,
31296,
31297,
31298,
31299,
31300,
31301,
31302,
31303,
31304,
31305,
31306,
31307,
31308,
31309,
31310,
31311,
31312,
31313,
31314,
31315,
31316,
31317,
31318,
31319,
31320,
31321,
31322,
31323,
31324,
31325,
31326,
31327,
31328,
31329,
31330,
31331,
31332,
31333,
31334,
31335,
31336,
31337,
31338,
31339,
31340,
31341,
31342,
31343,
31344,
31345,
31346,
31347,
31348,
31349,
31350,
31351,
31352,
31353,
31354,
31355,
31356,
31357,
31358,
31359,
31360,
31361,
31362,
31363,
31364,
31365,
31366,
31367,
31368,
31369,
31370,
31371,
31372,
31373,
31374,
31375,
31376,
31377,
31378,
31379,
31380,
31381,
31382,
31383,
31384,
31385,
31386,
31387,
31388,
31389,
31390,
31391,
31392,
31393,
31394,
31395,
31396,
31397,
31398,
31399,
31400,
31401,
31402,
31403,
31404,
31405,
31406,
31407,
31408,
31409,
31410,
31411,
31412,
31413,
31414,
31415,
