row_index,oof_pred,fold
0,12.369989700746645,4
1,5.031605518486264,4
2,3.3500948086077664,4
3,2.1255552565649025,4
4,3.2833453724562296,4
5,2.4384230359862036,4
6,2.5784082894577574,4
7,2.385365228573983,4
8,17.292982697443406,4
9,5.691176966136038,4
10,3.65458775980978,4
11,2.2093129729984264,4
12,3.6969988912205034,4
13,2.648365133577637,4
14,2.702524350390659,4
15,2.519996245269433,4
16,17.571754251187798,4
17,5.65543679451822,4
18,3.665259649153974,4
19,2.236405762785757,4
20,3.7092358992433474,4
21,2.62571582706332,4
22,2.7372556720486805,4
23,2.5488227681777635,4
24,14.230413257159935,4
25,5.503533502943771,4
26,3.4694381254432995,4
27,2.1917694043886353,4
28,3.390368523248603,4
29,2.568500559792147,4
30,2.6507760627167403,4
31,2.483400944280452,4
32,13.593904516239327,4
33,4.951714886344146,4
34,3.3949055993135864,4
35,2.161432100849976,4
36,3.3182778567061213,4
37,2.530921098670288,4
38,2.552476903960968,4
39,2.4428762743058314,4
40,17.289524210835847,4
41,5.730981250559353,4
42,3.725339105605055,4
43,2.25233410183806,4
44,3.5603966152342363,4
45,2.6388057107371385,4
46,2.766891097725826,4
47,2.5404575850662905,4
48,15.338508599570877,4
49,5.4953558939733576,4
50,3.5801897936986595,4
51,2.193230061618435,4
52,3.5291082118632797,4
53,2.6033643878608403,4
54,2.6312023296438527,4
55,2.481409323054502,4
56,23.51492103329598,4
57,6.676673221700731,4
58,4.040826881486572,4
59,2.3150528010369884,4
60,4.025184067718384,4
61,2.8153119874445,4
62,2.9172811438058557,4
63,2.711555741020913,4
64,22.496159955618513,4
65,6.431431620464208,4
66,4.001833764348751,4
67,2.2712020436430898,4
68,3.949333490986469,4
69,2.7844257967652717,4
70,2.9507229563894932,4
71,2.635225099168035,4
72,14.136447424982322,4
73,5.081556220876818,4
74,3.4245989606064606,4
75,2.175901464182009,4
76,3.3426582045754216,4
77,2.530318012324854,4
78,2.5839250744635445,4
79,2.437512048749311,4
80,15.811600572516632,4
81,5.8849402579043035,4
82,3.5252909151934193,4
83,2.2017466680340188,4
84,3.456783517291691,4
85,2.593701769817171,4
86,2.6926841648944086,4
87,2.5262831356029714,4
88,9.355077356831453,4
89,4.285030241102979,4
90,2.9848872327985037,4
91,2.051630857020066,4
92,2.9730677093086553,4
93,2.3045944147219157,4
94,2.372628943241729,4
95,2.2542222765284423,4
96,11.854286523602367,4
97,4.793250962958142,4
98,3.2581111251718884,4
99,2.1390166288247907,4
100,3.2465272915624186,4
101,2.481580009778551,4
102,2.5496984460294803,4
103,2.4113844738840813,4
104,13.652446389401721,4
105,5.1856129778209334,4
106,3.379349562497975,4
107,2.163240671659146,4
108,3.428828434302976,4
109,2.5208386809654075,4
110,2.6309416785552937,4
111,2.4527354356731044,4
112,16.004998876902516,4
113,5.4385839860559315,4
114,3.567412275742279,4
115,2.1995500898897014,4
116,3.4926110448937697,4
117,2.5642273747417725,4
118,2.6901507760378025,4
119,2.4778147994214677,4
120,22.839860005303823,4
121,6.672567688408293,4
122,4.038596378389146,4
123,2.3010820243041703,4
124,4.080539686013877,4
125,2.790298296027345,4
126,2.9614144951610357,4
127,2.683908322773872,4
128,13.223639791705597,4
129,4.825811645396084,4
130,3.259572528932183,4
131,2.140812376341516,4
132,3.236339285708894,4
133,2.4522353644998365,4
134,2.5359205270081455,4
135,2.395423696659336,4
136,40.08253897935483,4
137,8.868296420935883,4
138,4.77930046210601,4
139,2.442985319868657,4
140,5.187746342067693,4
141,3.150485973598085,4
142,3.47064236921958,4
143,2.986915431410628,4
144,15.146127368280387,4
145,5.393450661247316,4
146,3.4773300522991257,4
147,2.1861935478360306,4
148,3.4974818059109176,4
149,2.579323436886812,4
150,2.684004307248674,4
151,2.467908902675062,4
152,23.11935123290636,4
153,7.3008506297894105,4
154,4.210599583358243,4
155,2.3546392920242654,4
156,4.196457895523215,4
157,2.860562873941863,4
158,2.975244079588209,4
159,2.6981112271637224,4
160,26.990092904623953,4
161,7.984145807104502,4
162,4.5989145779856875,4
163,2.3234053135455555,4
164,4.333142718299508,4
165,2.924191716201358,4
166,3.0670385426740716,4
167,2.8345419139326244,4
168,33.71782253134123,4
169,8.113890548980436,4
170,4.400801950010015,4
171,2.3820743511993085,4
172,4.399120995773703,4
173,2.9539789333633895,4
174,3.0862756183448186,4
175,2.8098887709123783,4
176,16.71751727695244,4
177,5.535544811476324,4
178,3.5501366094952975,4
179,2.216400544618765,4
180,3.588806519590783,4
181,2.609565000117332,4
182,2.7634914812474114,4
183,2.5063210366037865,4
184,13.053115454952124,4
185,4.799383704771473,4
186,3.2872268973299787,4
187,2.146668717079638,4
188,3.165829821649409,4
189,2.488964899129919,4
190,2.5626281889741893,4
191,2.3806853418761738,4
192,22.220862578275046,4
193,6.657662930157682,4
194,4.088986911835019,4
195,2.3010820243041703,4
196,4.118453381388957,4
197,2.7963727418045536,4
198,2.9293736613387704,4
199,2.657457268553511,4
200,16.23469556872878,4
201,5.600717379180281,4
202,3.744896000862664,4
203,2.209680081438147,4
204,3.6118204035981427,4
205,2.622169285171922,4
206,2.750261688670491,4
207,2.480759415335108,4
208,12.747854550265343,4
209,5.03212311956969,4
210,3.327627334591131,4
211,2.1459489552639432,4
212,3.2161635213855737,4
213,2.4809925300621885,4
214,2.5822419984676808,4
215,2.4012421245153646,4
216,17.31204552282651,4
217,5.506641470085045,4
218,3.6621286812285896,4
219,2.224610090358708,4
220,3.615264536526195,4
221,2.6052426414856282,4
222,2.7393708447431178,4
223,2.54989140454712,4
224,11.349121826816559,4
225,4.4998199825016085,4
226,3.129279286903451,4
227,2.101974597575315,4
228,3.118793726338528,4
229,2.4133319516572547,4
230,2.4728246061365207,4
231,2.336796423829971,4
232,12.235410759733865,4
233,5.0104282004181835,4
234,3.3077973058425503,4
235,2.1317413431304555,4
236,3.2318530282024747,4
237,2.4299872846271406,4
238,2.5424838354737354,4
239,2.372213062297558,4
240,33.98539026356911,4
241,7.786008407205028,4
242,4.6387054047654575,4
243,2.3983308848652642,4
244,4.653966534100067,4
245,2.969615865285512,4
246,3.2512633606277554,4
247,2.8270832416639626,4
248,12.16696887318123,4
249,4.875114982111001,4
250,3.329257733359849,4
251,2.1551873665299235,4
252,3.236446282508202,4
253,2.490953643039721,4
254,2.588502698006286,4
255,2.42678044843495,4
256,22.942972925750126,4
257,6.482581882029926,4
258,3.786394834786471,4
259,2.1983476279281318,4
260,3.669560871438547,4
261,2.6779014395730645,4
262,2.907440817969434,4
263,2.557083595822926,4
264,18.226957992045374,4
265,6.185269470292244,4
266,3.865194632534339,4
267,2.2545669176419727,4
268,3.9106912309566613,4
269,2.7289744951816703,4
270,2.8102248866749537,4
271,2.5934963145837417,4
272,14.562848897494918,4
273,5.127867370421993,4
274,3.360355967356058,4
275,2.163602509958248,4
276,3.3375842736438224,4
277,2.5043658025017352,4
278,2.605695691956319,4
279,2.4401207575088804,4
280,52.904558771520215,4
281,8.791197166937726,4
282,5.166957641125496,4
283,2.4888850090878947,4
284,5.163736580369263,4
285,3.2117386040836373,4
286,3.490843000818597,4
287,3.0849036214867356,4
288,16.31021768129333,4
289,5.843018224640077,4
290,3.7232482019181714,4
291,2.23862764335176,4
292,3.6732841816695414,4
293,2.650266843840351,4
294,2.751388989425133,4
295,2.5330270976666998,4
296,21.97868438013016,4
297,6.37421434615344,4
298,3.9135394149932394,4
299,2.280057829236151,4
300,3.9036661589868538,4
301,2.77793052274199,4
302,2.8694467015637413,4
303,2.659588981382361,4
304,26.313652755038675,4
305,7.302037344052061,4
306,4.152677706983013,4
307,2.3336552853016137,4
308,4.228779436648622,4
309,2.888227540031763,4
310,2.9433794348001068,4
311,2.7556994245715924,4
312,16.120943629080223,4
313,5.882520609877699,4
314,3.5849187242306897,4
315,2.2249789486124647,4
316,3.616320463125755,4
317,2.6621829396674284,4
318,2.764260872148783,4
319,2.5812948399374567,4
320,18.473410123851284,4
321,5.942669374398447,4
322,3.814164430124602,4
323,2.201014307813615,4
324,3.5776817205141644,4
325,2.6019322720606874,4
326,2.7626076756593445,4
327,2.4782126213775673,4
328,11.609046979138078,4
329,4.739216199819207,4
330,3.166357376630871,4
331,2.117473172701756,4
332,3.1072800547772492,4
333,2.407889611801364,4
334,2.5355806251249815,4
335,2.345945067198617,4
336,32.08227976522855,4
337,8.218394751428454,4
338,4.892565950298174,4
339,2.400663931430918,4
340,4.573702739153558,4
341,2.9923835267034278,4
342,3.2255691308002246,4
343,2.8813069356994627,4
344,12.589945301697451,4
345,4.901768731423585,4
346,3.2152613146289655,4
347,2.147028659738009,4
348,3.277856655820445,4
349,2.4702587209193005,4
350,2.5528615927797893,4
351,2.3857160427235,4
352,12.430776986612951,4
353,4.850686843578278,4
354,3.2921335162475676,4
355,2.147388643569674,4
356,3.3903844762130846,4
357,2.5017586852877836,4
358,2.5605912698727646,4
359,2.398908681276762,4
360,19.189055572899633,4
361,5.899606596103277,4
362,3.7389415901311502,4
363,2.23862764335176,4
364,3.6984751814656653,4
365,2.679610884356394,4
366,2.7854408077483233,4
367,2.588416368157468,4
368,20.864714318374187,4
369,6.558026325765624,4
370,3.882488685333014,4
371,2.2865497066806637,4
372,4.0149933678145056,4
373,2.7946147969960173,4
374,2.873337791482277,4
375,2.6759373072321173,4
376,16.431869955465363,4
377,6.029593624693116,4
378,3.7765029394767513,4
379,2.265967905482315,4
380,3.7090998504299337,4
381,2.650498958613162,4
382,2.7585305247820453,4
383,2.592237662958141,4
384,16.93660924413085,4
385,5.423450504961654,4
386,3.555043868512767,4
387,2.207478060526397,4
388,3.4864269835846318,4
389,2.6060471521995714,4
390,2.670057885211078,4
391,2.5264441276454193,4
392,60.62558158555245,4
393,12.771127819867218,4
394,5.980954935963714,4
395,2.569173912830763,4
396,6.227334662077231,4
397,3.5319427608347094,4
398,3.7401273198377694,4
399,3.2575840227207116,4
400,13.516201055113568,4
401,4.858555333550091,4
402,3.3751210322969243,4
403,2.140453144673038,4
404,3.3076791706123005,4
405,2.477202235772114,4
406,2.5217932334830078,4
407,2.387665071498665,4
408,0.0,-1
409,0.0,-1
410,0.0,-1
411,0.0,-1
412,0.0,-1
413,0.0,-1
414,0.0,-1
415,0.0,-1
416,0.0,-1
417,0.0,-1
418,0.0,-1
419,0.0,-1
420,0.0,-1
421,0.0,-1
422,0.0,-1
423,0.0,-1
424,0.0,-1
425,0.0,-1
426,0.0,-1
427,0.0,-1
428,0.0,-1
429,0.0,-1
430,0.0,-1
431,0.0,-1
432,0.0,-1
433,0.0,-1
434,0.0,-1
435,0.0,-1
436,0.0,-1
437,0.0,-1
438,0.0,-1
439,0.0,-1
440,0.0,-1
441,0.0,-1
442,0.0,-1
443,0.0,-1
444,0.0,-1
445,0.0,-1
446,0.0,-1
447,0.0,-1
448,0.0,-1
449,0.0,-1
450,0.0,-1
451,0.0,-1
452,0.0,-1
453,0.0,-1
454,0.0,-1
455,0.0,-1
456,0.0,-1
457,0.0,-1
458,0.0,-1
459,0.0,-1
460,0.0,-1
461,0.0,-1
462,0.0,-1
463,0.0,-1
464,0.0,-1
465,0.0,-1
466,0.0,-1
467,0.0,-1
468,0.0,-1
469,0.0,-1
470,0.0,-1
471,0.0,-1
472,0.0,-1
473,0.0,-1
474,0.0,-1
475,0.0,-1
476,0.0,-1
477,0.0,-1
478,0.0,-1
479,0.0,-1
480,0.0,-1
481,0.0,-1
482,0.0,-1
483,0.0,-1
484,0.0,-1
485,0.0,-1
486,0.0,-1
487,0.0,-1
488,0.0,-1
489,0.0,-1
490,0.0,-1
491,0.0,-1
492,0.0,-1
493,0.0,-1
494,0.0,-1
495,0.0,-1
496,0.0,-1
497,0.0,-1
498,0.0,-1
499,0.0,-1
500,0.0,-1
501,0.0,-1
502,0.0,-1
503,0.0,-1
504,0.0,-1
505,0.0,-1
506,0.0,-1
507,0.0,-1
508,0.0,-1
509,0.0,-1
510,0.0,-1
511,0.0,-1
512,0.0,-1
513,0.0,-1
514,0.0,-1
515,0.0,-1
516,0.0,-1
517,0.0,-1
518,0.0,-1
519,0.0,-1
520,0.0,-1
521,0.0,-1
522,0.0,-1
523,0.0,-1
524,0.0,-1
525,0.0,-1
526,0.0,-1
527,0.0,-1
528,0.0,-1
529,0.0,-1
530,0.0,-1
531,0.0,-1
532,0.0,-1
533,0.0,-1
534,0.0,-1
535,0.0,-1
536,0.0,-1
537,0.0,-1
538,0.0,-1
539,0.0,-1
540,0.0,-1
541,0.0,-1
542,0.0,-1
543,0.0,-1
544,0.0,-1
545,0.0,-1
546,0.0,-1
547,0.0,-1
548,0.0,-1
549,0.0,-1
550,0.0,-1
551,0.0,-1
552,0.0,-1
553,0.0,-1
554,0.0,-1
555,0.0,-1
556,0.0,-1
557,0.0,-1
558,0.0,-1
559,0.0,-1
560,0.0,-1
561,0.0,-1
562,0.0,-1
563,0.0,-1
564,0.0,-1
565,0.0,-1
566,0.0,-1
567,0.0,-1
568,0.0,-1
569,0.0,-1
570,0.0,-1
571,0.0,-1
572,0.0,-1
573,0.0,-1
574,0.0,-1
575,0.0,-1
576,0.0,-1
577,0.0,-1
578,0.0,-1
579,0.0,-1
580,0.0,-1
581,0.0,-1
582,0.0,-1
583,0.0,-1
584,0.0,-1
585,0.0,-1
586,0.0,-1
587,0.0,-1
588,0.0,-1
589,0.0,-1
590,0.0,-1
591,0.0,-1
592,0.0,-1
593,0.0,-1
594,0.0,-1
595,0.0,-1
596,0.0,-1
597,0.0,-1
598,0.0,-1
599,0.0,-1
600,0.0,-1
601,0.0,-1
602,0.0,-1
603,0.0,-1
604,0.0,-1
605,0.0,-1
606,0.0,-1
607,0.0,-1
608,0.0,-1
609,0.0,-1
610,0.0,-1
611,0.0,-1
612,0.0,-1
613,0.0,-1
614,0.0,-1
615,0.0,-1
616,0.0,-1
617,0.0,-1
618,0.0,-1
619,0.0,-1
620,0.0,-1
621,0.0,-1
622,0.0,-1
623,0.0,-1
624,0.0,-1
625,0.0,-1
626,0.0,-1
627,0.0,-1
628,0.0,-1
629,0.0,-1
630,0.0,-1
631,0.0,-1
632,0.0,-1
633,0.0,-1
634,0.0,-1
635,0.0,-1
636,0.0,-1
637,0.0,-1
638,0.0,-1
639,0.0,-1
640,0.0,-1
641,0.0,-1
642,0.0,-1
643,0.0,-1
644,0.0,-1
645,0.0,-1
646,0.0,-1
647,0.0,-1
648,0.0,-1
649,0.0,-1
650,0.0,-1
651,0.0,-1
652,0.0,-1
653,0.0,-1
654,0.0,-1
655,0.0,-1
656,0.0,-1
657,0.0,-1
658,0.0,-1
659,0.0,-1
660,0.0,-1
661,0.0,-1
662,0.0,-1
663,0.0,-1
664,0.0,-1
665,0.0,-1
666,0.0,-1
667,0.0,-1
668,0.0,-1
669,0.0,-1
670,0.0,-1
671,0.0,-1
672,0.0,-1
673,0.0,-1
674,0.0,-1
675,0.0,-1
676,0.0,-1
677,0.0,-1
678,0.0,-1
679,0.0,-1
680,0.0,-1
681,0.0,-1
682,0.0,-1
683,0.0,-1
684,0.0,-1
685,0.0,-1
686,0.0,-1
687,0.0,-1
688,0.0,-1
689,0.0,-1
690,0.0,-1
691,0.0,-1
692,0.0,-1
693,0.0,-1
694,0.0,-1
695,0.0,-1
696,0.0,-1
697,0.0,-1
698,0.0,-1
699,0.0,-1
700,0.0,-1
701,0.0,-1
702,0.0,-1
703,0.0,-1
704,0.0,-1
705,0.0,-1
706,0.0,-1
707,0.0,-1
708,0.0,-1
709,0.0,-1
710,0.0,-1
711,0.0,-1
712,0.0,-1
713,0.0,-1
714,0.0,-1
715,0.0,-1
716,0.0,-1
717,0.0,-1
718,0.0,-1
719,0.0,-1
720,0.0,-1
721,0.0,-1
722,0.0,-1
723,0.0,-1
724,0.0,-1
725,0.0,-1
726,0.0,-1
727,0.0,-1
728,0.0,-1
729,0.0,-1
730,0.0,-1
731,0.0,-1
732,0.0,-1
733,0.0,-1
734,0.0,-1
735,0.0,-1
736,0.0,-1
737,0.0,-1
738,0.0,-1
739,0.0,-1
740,0.0,-1
741,0.0,-1
742,0.0,-1
743,0.0,-1
744,0.0,-1
745,0.0,-1
746,0.0,-1
747,0.0,-1
748,0.0,-1
749,0.0,-1
750,0.0,-1
751,0.0,-1
752,0.0,-1
753,0.0,-1
754,0.0,-1
755,0.0,-1
756,0.0,-1
757,0.0,-1
758,0.0,-1
759,0.0,-1
760,0.0,-1
761,0.0,-1
762,0.0,-1
763,0.0,-1
764,0.0,-1
765,0.0,-1
766,0.0,-1
767,0.0,-1
768,0.0,-1
769,0.0,-1
770,0.0,-1
771,0.0,-1
772,0.0,-1
773,0.0,-1
774,0.0,-1
775,0.0,-1
776,0.0,-1
777,0.0,-1
778,0.0,-1
779,0.0,-1
780,0.0,-1
781,0.0,-1
782,0.0,-1
783,0.0,-1
784,0.0,-1
785,0.0,-1
786,0.0,-1
787,0.0,-1
788,0.0,-1
789,0.0,-1
790,0.0,-1
791,0.0,-1
792,0.0,-1
793,0.0,-1
794,0.0,-1
795,0.0,-1
796,0.0,-1
797,0.0,-1
798,0.0,-1
799,0.0,-1
800,0.0,-1
801,0.0,-1
802,0.0,-1
803,0.0,-1
804,0.0,-1
805,0.0,-1
806,0.0,-1
807,0.0,-1
808,0.0,-1
809,0.0,-1
810,0.0,-1
811,0.0,-1
812,0.0,-1
813,0.0,-1
814,0.0,-1
815,0.0,-1
816,12.472428150313617,4
817,5.04731336285384,4
818,3.3049007222297804,4
819,2.1227820456338953,4
820,3.266365748382633,4
821,2.4737809350489446,4
822,2.5884682714736895,4
823,2.396926993944509,4
824,16.530991035831335,4
825,5.6175060217071655,4
826,3.5795338759214794,4
827,2.2054694916703594,4
828,3.607777449920231,4
829,2.6361741719856036,4
830,2.7175636234664484,4
831,2.5251733696360783,4
832,17.26337516484883,4
833,5.759802264925523,4
834,3.7112850583944126,4
835,2.2346196458087055,4
836,3.664156382325204,4
837,2.6374631438478233,4
838,2.754233805027614,4
839,2.5529189212812438,4
840,14.907558017052406,4
841,5.514491514871769,4
842,3.5635927022440232,4
843,2.188439153918191,4
844,3.3936296030345385,4
845,2.550665302655353,4
846,2.632137885277114,4
847,2.4641749067451015,4
848,13.09417218105801,4
849,5.063417120263562,4
850,3.380841985077647,4
851,2.1589824312279826,4
852,3.329446877581825,4
853,2.506097435855219,4
854,2.5803786741451917,4
855,2.420128256706367,4
856,16.902609391116666,4
857,5.613848897143838,4
858,3.7018563855054354,4
859,2.249046216467415,4
860,3.5960130750414705,4
861,2.637899740149644,4
862,2.7524768624718807,4
863,2.5461267714434213,4
864,15.298014891675134,4
865,5.469689492209988,4
866,3.5363566886959474,4
867,2.1901415408954215,4
868,3.5138471307580565,4
869,2.573345445149631,4
870,2.657708468024893,4
871,2.4742275201840664,4
872,22.630707653815772,4
873,6.889879903734339,4
874,4.0502596226612475,4
875,2.3132046001508986,4
876,4.024167569398717,4
877,2.8112011321322927,4
878,2.944944932648454,4
879,2.6818700673541085,4
880,23.23921391029527,4
881,6.563945849248825,4
882,4.0137355156812955,4
883,2.268268893643628,4
884,3.939426330028114,4
885,2.802573103558709,4
886,2.9118188549632555,4
887,2.643267883283909,4
888,13.548833366096302,4
889,5.278801349094852,4
890,3.3860994916729856,4
891,2.17295067761244,4
892,3.3085309228592834,4
893,2.5209869985629,4
894,2.6114628014935155,4
895,2.428720917445838,4
896,16.259823798237157,4
897,5.827210907296977,4
898,3.5872703908255694,4
899,2.198040188454112,4
900,3.548432437426257,4
901,2.602287291775555,4
902,2.6912422538218146,4
903,2.514985953119475,4
904,9.477296197333734,4
905,4.250352051016986,4
906,2.9677086936036785,4
907,2.0494111848667345,4
908,2.9041022373538548,4
909,2.318965955156243,4
910,2.3840128553016653,4
911,2.250203176147536,4
912,12.387286254031379,4
913,4.856593442037104,4
914,3.275206274303858,4
915,2.1358727662981445,4
916,3.2325011775305024,4
917,2.480429172557277,4
918,2.529674820920623,4
919,2.4032547809167286,4
920,14.10346727027699,4
921,5.126859357640145,4
922,3.3771688716186516,4
923,2.1597051749732814,4
924,3.3297770305256558,4
925,2.5098424206301733,4
926,2.6441440736329467,4
927,2.44184335322949,4
928,16.33434620905252,4
929,5.473082172999964,4
930,3.5746948384060437,4
931,2.197186773579285,4
932,3.5107836648535944,4
933,2.5836566434245154,4
934,2.6968760347625285,4
935,2.495340563196203,4
936,23.360994528157935,4
937,6.954366939195157,4
938,4.137762244910132,4
939,2.2977386605735823,4
940,4.04875010561399,4
941,2.802471005013634,4
942,2.9442346495402933,4
943,2.6800719818053205,4
944,13.04236726898213,4
945,4.879189835424397,4
946,3.2849975973144883,4
947,2.1374274628127385,4
948,3.211413902676797,4
949,2.4781740134563104,4
950,2.5492425283688323,4
951,2.395866665143882,4
952,40.07928431215221,4
953,8.821321932284393,4
954,4.893964924529823,4
955,2.4376240186326963,4
956,4.998360591187016,4
957,3.1734738892012175,4
958,3.422053603689516,4
959,2.9756709526447045,4
960,15.982578133172797,4
961,5.505369886141963,4
962,3.5224153752899605,4
963,2.1821410729293507,4
964,3.4729032725589666,4
965,2.5704073751118157,4
966,2.669531118933711,4
967,2.4686809696345926,4
968,24.71335686263139,4
969,7.199243401949532,4
970,4.178096908130318,4
971,2.3496961591915575,4
972,4.167773746589794,4
973,2.8744760057796794,4
974,3.0006565368268783,4
975,2.727852622212267,4
976,29.622545377033127,4
977,8.003521691170727,4
978,4.5150218747076485,4
979,2.3185144412558873,4
980,4.450042840286339,4
981,2.97626115611616,4
982,3.0935742552100383,4
983,2.810549875417802,4
984,32.96218709077018,4
985,7.989801544275034,4
986,4.488346266478097,4
987,2.379016385279614,4
988,4.435337430420701,4
989,2.9924537594236633,4
990,3.1247345509412177,4
991,2.825579842344633,4
992,16.963254725299148,4
993,5.55441642512324,4
994,3.594176730127953,4
995,2.213406090548581,4
996,3.5701587340458762,4
997,2.6123478502067625,4
998,2.748786446620535,4
999,2.5216679291980895,4
1000,12.921282385514283,4
1001,4.912177227570676,4
1002,3.2774446835868,4
1003,2.1433973390713548,4
1004,3.258073864741315,4
1005,2.4896738502157136,4
1006,2.5671993486790337,4
1007,2.396113444098417,4
1008,22.85819174709553,4
1009,6.5884992630178845,4
1010,4.065405851722299,4
1011,2.298115883893488,4
1012,4.033757778072901,4
1013,2.8108890335516867,4
1014,2.926978455162779,4
1015,2.686110314388101,4
1016,17.055360915651832,4
1017,5.699760735477865,4
1018,3.7529779085409865,4
1019,2.2051028648185222,4
1020,3.5496451021686832,4
1021,2.6285570959112463,4
1022,2.708503276594512,4
1023,2.5183253548645324,4
1024,12.33067833431104,4
1025,4.984523821043445,4
1026,3.3193994957867337,4
1027,2.143876772811773,4
1028,3.2381516985703875,4
1029,2.490073028710633,4
1030,2.592860660909655,4
1031,2.4015561574043978,4
1032,17.3179648105919,4
1033,5.654572636974771,4
1034,3.712460407720437,4
1035,2.2208710899847395,4
1036,3.6559862257171765,4
1037,2.621804836484015,4
1038,2.7404145211764925,4
1039,2.544150136327135,4
1040,11.515415094965915,4
1041,4.591529792011109,4
1042,3.120666578782525,4
1043,2.0999372061026222,4
1044,3.093603343062966,4
1045,2.4101711008291353,4
1046,2.4734957720288744,4
1047,2.3348521266452185,4
1048,12.159625862575245,4
1049,4.8230280499914935,4
1050,3.286675987960452,4
1051,2.1294398756192603,4
1052,3.186759911846334,4
1053,2.45523177583607,4
1054,2.526935712254731,4
1055,2.363022513840907,4
1056,29.66180673763859,4
1057,7.952006717414666,4
1058,4.669442420436439,4
1059,2.393569382651512,4
1060,4.46775894901945,4
1061,3.002535600495728,4
1062,3.2056801356389486,4
1063,2.8256982594877207,4
1064,12.29406289972124,4
1065,4.958966089259026,4
1066,3.378382528298016,4
1067,2.151901208764042,4
1068,3.258721967785161,4
1069,2.490947914025191,4
1070,2.583743679694106,4
1071,2.412585636122906,4
1072,21.805074414261966,4
1073,6.629258197091197,4
1074,3.943636975573554,4
1075,2.1951323333148216,4
1076,3.8461326599095926,4
1077,2.666222859208633,4
1078,2.8814200413084436,4
1079,2.576099429282768,4
1080,19.42252010820583,4
1081,6.1009961755295485,4
1082,3.882166443672459,4
1083,2.2512767750486105,4
1084,3.8005504901779177,4
1085,2.7052315685132435,4
1086,2.8229495093924886,4
1087,2.5934913925275316,4
1088,14.377144792073434,4
1089,5.14604458908632,4
1090,3.405632263961446,4
1091,2.15946424202043,4
1092,3.3458197062440433,4
1093,2.5085044670886987,4
1094,2.5835197862665376,4
1095,2.438695315996386,4
1096,44.72885551628626,4
1097,9.525337442589242,4
1098,5.1676937898011355,4
1099,2.4814540410072103,4
1100,5.289470411899598,4
1101,3.254913090612634,4
1102,3.468118794711639,4
1103,3.0610868445308146,4
1104,16.65807440733159,4
1105,5.794426874569427,4
1106,3.665345937233823,4
1107,2.2344963208026893,4
1108,3.651724756503072,4
1109,2.6471841791870045,4
1110,2.7262831576484117,4
1111,2.5310415080864685,4
1112,19.661066796519677,4
1113,6.306496380588968,4
1114,3.9530735150938163,4
1115,2.274862297794552,4
1116,3.9343805286663445,4
1117,2.765577114152705,4
1118,2.8610476384189902,4
1119,2.6215114775953774,4
1120,27.221816186605647,4
1121,7.251852446512466,4
1122,4.221477309420554,4
1123,2.3297585559585468,4
1124,4.2381607404069435,4
1125,2.8825024617624937,4
1126,2.987699322524884,4
1127,2.7311632645781843,4
1128,18.01390919973541,4
1129,5.867742991349551,4
1130,3.664908807245513,4
1131,2.2200115825564026,4
1132,3.62714015403132,4
1133,2.6434110194280196,4
1134,2.753557859253636,4
1135,2.5599955363899127,4
1136,18.361706034819658,4
1137,5.896540914291405,4
1138,3.7246604771468816,4
1139,2.197308676045382,4
1140,3.582899435817886,4
1141,2.6309687419249808,4
1142,2.73997471746962,4
1143,2.509629359962618,4
1144,11.960589867873551,4
1145,4.731288459293415,4
1146,3.1922090165327552,4
1147,2.1145942329809686,4
1148,3.142429946848511,4
1149,2.418130864758773,4
1150,2.5316827291364565,4
1151,2.3447605121281527,4
1152,29.640771015100775,4
1153,8.346835531552498,4
1154,4.6995685040049775,4
1155,2.3955107529952593,4
1156,4.681554706765198,4
1157,3.0267201093323735,4
1158,3.192072338570295,4
1159,2.8927936313619984,4
1160,12.759282549345384,4
1161,4.915559426147565,4
1162,3.2475416024126558,4
1163,2.143996642672013,4
1164,3.2600224974862133,4
1165,2.4688471002263683,4
1166,2.560269694085811,4
1167,2.386545082187934,4
1168,12.685511789575777,4
1169,4.907220167302232,4
1170,3.3044389383073005,4
1171,2.144356279675848,4
1172,3.327964228777491,4
1173,2.4895408008634874,4
1174,2.556606504921469,4
1175,2.4020749657559586,4
1176,19.50857020329497,4
1177,6.050412973438369,4
1178,3.750426169926142,4
1179,2.235483052520804,4
1180,3.782467482622191,4
1181,2.6832380087200356,4
1182,2.8213868961342707,4
1183,2.575477132998355,4
1184,23.18172550898729,4
1185,6.615018981800339,4
1186,3.93022463018784,4
1187,2.284097441137049,4
1188,4.054531453793612,4
1189,2.7874017910172517,4
1190,2.9202880434294385,4
1191,2.6744901688644727,4
1192,17.183085393848287,4
1193,5.919389807205334,4
1194,3.7583867963378683,4
1195,2.2640348879438332,4
1196,3.6588186067554096,4
1197,2.671222038344459,4
1198,2.7768381466830165,4
1199,2.5812924613544284,4
1200,16.224232953760886,4
1201,5.507168529259737,4
1202,3.5812802620598094,4
1203,2.2048584702137575,4
1204,3.5166334913071027,4
1205,2.5941346276416355,4
1206,2.663531692399618,4
1207,2.4953280258608195,4
1208,65.10809503242807,4
1209,13.090723330663337,4
1210,6.218515090341821,4
1211,2.5653560750305164,4
1212,6.196979815513176,4
1213,3.5321807845243676,4
1214,3.8287128866767337,4
1215,3.3355186024618946,4
1216,12.856751141372838,4
1217,4.912684385424724,4
1218,3.2975959908426464,4
1219,2.1371882285737476,4
1220,3.255153927797712,4
1221,2.48919836265581,4
1222,2.5596777160401833,4
1223,2.3978093497015434,4
1224,0.0,-1
1225,0.0,-1
1226,0.0,-1
1227,0.0,-1
1228,0.0,-1
1229,0.0,-1
1230,0.0,-1
1231,0.0,-1
1232,0.0,-1
1233,0.0,-1
1234,0.0,-1
1235,0.0,-1
1236,0.0,-1
1237,0.0,-1
1238,0.0,-1
1239,0.0,-1
1240,0.0,-1
1241,0.0,-1
1242,0.0,-1
1243,0.0,-1
1244,0.0,-1
1245,0.0,-1
1246,0.0,-1
1247,0.0,-1
1248,0.0,-1
1249,0.0,-1
1250,0.0,-1
1251,0.0,-1
1252,0.0,-1
1253,0.0,-1
1254,0.0,-1
1255,0.0,-1
1256,0.0,-1
1257,0.0,-1
1258,0.0,-1
1259,0.0,-1
1260,0.0,-1
1261,0.0,-1
1262,0.0,-1
1263,0.0,-1
1264,0.0,-1
1265,0.0,-1
1266,0.0,-1
1267,0.0,-1
1268,0.0,-1
1269,0.0,-1
1270,0.0,-1
1271,0.0,-1
1272,0.0,-1
1273,0.0,-1
1274,0.0,-1
1275,0.0,-1
1276,0.0,-1
1277,0.0,-1
1278,0.0,-1
1279,0.0,-1
1280,0.0,-1
1281,0.0,-1
1282,0.0,-1
1283,0.0,-1
1284,0.0,-1
1285,0.0,-1
1286,0.0,-1
1287,0.0,-1
1288,0.0,-1
1289,0.0,-1
1290,0.0,-1
1291,0.0,-1
1292,0.0,-1
1293,0.0,-1
1294,0.0,-1
1295,0.0,-1
1296,0.0,-1
1297,0.0,-1
1298,0.0,-1
1299,0.0,-1
1300,0.0,-1
1301,0.0,-1
1302,0.0,-1
1303,0.0,-1
1304,0.0,-1
1305,0.0,-1
1306,0.0,-1
1307,0.0,-1
1308,0.0,-1
1309,0.0,-1
1310,0.0,-1
1311,0.0,-1
1312,0.0,-1
1313,0.0,-1
1314,0.0,-1
1315,0.0,-1
1316,0.0,-1
1317,0.0,-1
1318,0.0,-1
1319,0.0,-1
1320,0.0,-1
1321,0.0,-1
1322,0.0,-1
1323,0.0,-1
1324,0.0,-1
1325,0.0,-1
1326,0.0,-1
1327,0.0,-1
1328,0.0,-1
1329,0.0,-1
1330,0.0,-1
1331,0.0,-1
1332,0.0,-1
1333,0.0,-1
1334,0.0,-1
1335,0.0,-1
1336,0.0,-1
1337,0.0,-1
1338,0.0,-1
1339,0.0,-1
1340,0.0,-1
1341,0.0,-1
1342,0.0,-1
1343,0.0,-1
1344,0.0,-1
1345,0.0,-1
1346,0.0,-1
1347,0.0,-1
1348,0.0,-1
1349,0.0,-1
1350,0.0,-1
1351,0.0,-1
1352,0.0,-1
1353,0.0,-1
1354,0.0,-1
1355,0.0,-1
1356,0.0,-1
1357,0.0,-1
1358,0.0,-1
1359,0.0,-1
1360,0.0,-1
1361,0.0,-1
1362,0.0,-1
1363,0.0,-1
1364,0.0,-1
1365,0.0,-1
1366,0.0,-1
1367,0.0,-1
1368,0.0,-1
1369,0.0,-1
1370,0.0,-1
1371,0.0,-1
1372,0.0,-1
1373,0.0,-1
1374,0.0,-1
1375,0.0,-1
1376,0.0,-1
1377,0.0,-1
1378,0.0,-1
1379,0.0,-1
1380,0.0,-1
1381,0.0,-1
1382,0.0,-1
1383,0.0,-1
1384,0.0,-1
1385,0.0,-1
1386,0.0,-1
1387,0.0,-1
1388,0.0,-1
1389,0.0,-1
1390,0.0,-1
1391,0.0,-1
1392,0.0,-1
1393,0.0,-1
1394,0.0,-1
1395,0.0,-1
1396,0.0,-1
1397,0.0,-1
1398,0.0,-1
1399,0.0,-1
1400,0.0,-1
1401,0.0,-1
1402,0.0,-1
1403,0.0,-1
1404,0.0,-1
1405,0.0,-1
1406,0.0,-1
1407,0.0,-1
1408,0.0,-1
1409,0.0,-1
1410,0.0,-1
1411,0.0,-1
1412,0.0,-1
1413,0.0,-1
1414,0.0,-1
1415,0.0,-1
1416,0.0,-1
1417,0.0,-1
1418,0.0,-1
1419,0.0,-1
1420,0.0,-1
1421,0.0,-1
1422,0.0,-1
1423,0.0,-1
1424,0.0,-1
1425,0.0,-1
1426,0.0,-1
1427,0.0,-1
1428,0.0,-1
1429,0.0,-1
1430,0.0,-1
1431,0.0,-1
1432,0.0,-1
1433,0.0,-1
1434,0.0,-1
1435,0.0,-1
1436,0.0,-1
1437,0.0,-1
1438,0.0,-1
1439,0.0,-1
1440,0.0,-1
1441,0.0,-1
1442,0.0,-1
1443,0.0,-1
1444,0.0,-1
1445,0.0,-1
1446,0.0,-1
1447,0.0,-1
1448,0.0,-1
1449,0.0,-1
1450,0.0,-1
1451,0.0,-1
1452,0.0,-1
1453,0.0,-1
1454,0.0,-1
1455,0.0,-1
1456,0.0,-1
1457,0.0,-1
1458,0.0,-1
1459,0.0,-1
1460,0.0,-1
1461,0.0,-1
1462,0.0,-1
1463,0.0,-1
1464,0.0,-1
1465,0.0,-1
1466,0.0,-1
1467,0.0,-1
1468,0.0,-1
1469,0.0,-1
1470,0.0,-1
1471,0.0,-1
1472,0.0,-1
1473,0.0,-1
1474,0.0,-1
1475,0.0,-1
1476,0.0,-1
1477,0.0,-1
1478,0.0,-1
1479,0.0,-1
1480,0.0,-1
1481,0.0,-1
1482,0.0,-1
1483,0.0,-1
1484,0.0,-1
1485,0.0,-1
1486,0.0,-1
1487,0.0,-1
1488,0.0,-1
1489,0.0,-1
1490,0.0,-1
1491,0.0,-1
1492,0.0,-1
1493,0.0,-1
1494,0.0,-1
1495,0.0,-1
1496,0.0,-1
1497,0.0,-1
1498,0.0,-1
1499,0.0,-1
1500,0.0,-1
1501,0.0,-1
1502,0.0,-1
1503,0.0,-1
1504,0.0,-1
1505,0.0,-1
1506,0.0,-1
1507,0.0,-1
1508,0.0,-1
1509,0.0,-1
1510,0.0,-1
1511,0.0,-1
1512,0.0,-1
1513,0.0,-1
1514,0.0,-1
1515,0.0,-1
1516,0.0,-1
1517,0.0,-1
1518,0.0,-1
1519,0.0,-1
1520,0.0,-1
1521,0.0,-1
1522,0.0,-1
1523,0.0,-1
1524,0.0,-1
1525,0.0,-1
1526,0.0,-1
1527,0.0,-1
1528,0.0,-1
1529,0.0,-1
1530,0.0,-1
1531,0.0,-1
1532,0.0,-1
1533,0.0,-1
1534,0.0,-1
1535,0.0,-1
1536,0.0,-1
1537,0.0,-1
1538,0.0,-1
1539,0.0,-1
1540,0.0,-1
1541,0.0,-1
1542,0.0,-1
1543,0.0,-1
1544,0.0,-1
1545,0.0,-1
1546,0.0,-1
1547,0.0,-1
1548,0.0,-1
1549,0.0,-1
1550,0.0,-1
1551,0.0,-1
1552,0.0,-1
1553,0.0,-1
1554,0.0,-1
1555,0.0,-1
1556,0.0,-1
1557,0.0,-1
1558,0.0,-1
1559,0.0,-1
1560,0.0,-1
1561,0.0,-1
1562,0.0,-1
1563,0.0,-1
1564,0.0,-1
1565,0.0,-1
1566,0.0,-1
1567,0.0,-1
1568,0.0,-1
1569,0.0,-1
1570,0.0,-1
1571,0.0,-1
1572,0.0,-1
1573,0.0,-1
1574,0.0,-1
1575,0.0,-1
1576,0.0,-1
1577,0.0,-1
1578,0.0,-1
1579,0.0,-1
1580,0.0,-1
1581,0.0,-1
1582,0.0,-1
1583,0.0,-1
1584,0.0,-1
1585,0.0,-1
1586,0.0,-1
1587,0.0,-1
1588,0.0,-1
1589,0.0,-1
1590,0.0,-1
1591,0.0,-1
1592,0.0,-1
1593,0.0,-1
1594,0.0,-1
1595,0.0,-1
1596,0.0,-1
1597,0.0,-1
1598,0.0,-1
1599,0.0,-1
1600,0.0,-1
1601,0.0,-1
1602,0.0,-1
1603,0.0,-1
1604,0.0,-1
1605,0.0,-1
1606,0.0,-1
1607,0.0,-1
1608,0.0,-1
1609,0.0,-1
1610,0.0,-1
1611,0.0,-1
1612,0.0,-1
1613,0.0,-1
1614,0.0,-1
1615,0.0,-1
1616,0.0,-1
1617,0.0,-1
1618,0.0,-1
1619,0.0,-1
1620,0.0,-1
1621,0.0,-1
1622,0.0,-1
1623,0.0,-1
1624,0.0,-1
1625,0.0,-1
1626,0.0,-1
1627,0.0,-1
1628,0.0,-1
1629,0.0,-1
1630,0.0,-1
1631,0.0,-1
1632,0.0,-1
1633,0.0,-1
1634,0.0,-1
1635,0.0,-1
1636,0.0,-1
1637,0.0,-1
1638,0.0,-1
1639,0.0,-1
1640,0.0,-1
1641,0.0,-1
1642,0.0,-1
1643,0.0,-1
1644,0.0,-1
1645,0.0,-1
1646,0.0,-1
1647,0.0,-1
1648,0.0,-1
1649,0.0,-1
1650,0.0,-1
1651,0.0,-1
1652,0.0,-1
1653,0.0,-1
1654,0.0,-1
1655,0.0,-1
1656,0.0,-1
1657,0.0,-1
1658,0.0,-1
1659,0.0,-1
1660,0.0,-1
1661,0.0,-1
1662,0.0,-1
1663,0.0,-1
1664,0.0,-1
1665,0.0,-1
1666,0.0,-1
1667,0.0,-1
1668,0.0,-1
1669,0.0,-1
1670,0.0,-1
1671,0.0,-1
1672,0.0,-1
1673,0.0,-1
1674,0.0,-1
1675,0.0,-1
1676,0.0,-1
1677,0.0,-1
1678,0.0,-1
1679,0.0,-1
1680,0.0,-1
1681,0.0,-1
1682,0.0,-1
1683,0.0,-1
1684,0.0,-1
1685,0.0,-1
1686,0.0,-1
1687,0.0,-1
1688,0.0,-1
1689,0.0,-1
1690,0.0,-1
1691,0.0,-1
1692,0.0,-1
1693,0.0,-1
1694,0.0,-1
1695,0.0,-1
1696,0.0,-1
1697,0.0,-1
1698,0.0,-1
1699,0.0,-1
1700,0.0,-1
1701,0.0,-1
1702,0.0,-1
1703,0.0,-1
1704,0.0,-1
1705,0.0,-1
1706,0.0,-1
1707,0.0,-1
1708,0.0,-1
1709,0.0,-1
1710,0.0,-1
1711,0.0,-1
1712,0.0,-1
1713,0.0,-1
1714,0.0,-1
1715,0.0,-1
1716,0.0,-1
1717,0.0,-1
1718,0.0,-1
1719,0.0,-1
1720,0.0,-1
1721,0.0,-1
1722,0.0,-1
1723,0.0,-1
1724,0.0,-1
1725,0.0,-1
1726,0.0,-1
1727,0.0,-1
1728,0.0,-1
1729,0.0,-1
1730,0.0,-1
1731,0.0,-1
1732,0.0,-1
1733,0.0,-1
1734,0.0,-1
1735,0.0,-1
1736,0.0,-1
1737,0.0,-1
1738,0.0,-1
1739,0.0,-1
1740,0.0,-1
1741,0.0,-1
1742,0.0,-1
1743,0.0,-1
1744,0.0,-1
1745,0.0,-1
1746,0.0,-1
1747,0.0,-1
1748,0.0,-1
1749,0.0,-1
1750,0.0,-1
1751,0.0,-1
1752,0.0,-1
1753,0.0,-1
1754,0.0,-1
1755,0.0,-1
1756,0.0,-1
1757,0.0,-1
1758,0.0,-1
1759,0.0,-1
1760,0.0,-1
1761,0.0,-1
1762,0.0,-1
1763,0.0,-1
1764,0.0,-1
1765,0.0,-1
1766,0.0,-1
1767,0.0,-1
1768,0.0,-1
1769,0.0,-1
1770,0.0,-1
1771,0.0,-1
1772,0.0,-1
1773,0.0,-1
1774,0.0,-1
1775,0.0,-1
1776,0.0,-1
1777,0.0,-1
1778,0.0,-1
1779,0.0,-1
1780,0.0,-1
1781,0.0,-1
1782,0.0,-1
1783,0.0,-1
1784,0.0,-1
1785,0.0,-1
1786,0.0,-1
1787,0.0,-1
1788,0.0,-1
1789,0.0,-1
1790,0.0,-1
1791,0.0,-1
1792,0.0,-1
1793,0.0,-1
1794,0.0,-1
1795,0.0,-1
1796,0.0,-1
1797,0.0,-1
1798,0.0,-1
1799,0.0,-1
1800,0.0,-1
1801,0.0,-1
1802,0.0,-1
1803,0.0,-1
1804,0.0,-1
1805,0.0,-1
1806,0.0,-1
1807,0.0,-1
1808,0.0,-1
1809,0.0,-1
1810,0.0,-1
1811,0.0,-1
1812,0.0,-1
1813,0.0,-1
1814,0.0,-1
1815,0.0,-1
1816,0.0,-1
1817,0.0,-1
1818,0.0,-1
1819,0.0,-1
1820,0.0,-1
1821,0.0,-1
1822,0.0,-1
1823,0.0,-1
1824,0.0,-1
1825,0.0,-1
1826,0.0,-1
1827,0.0,-1
1828,0.0,-1
1829,0.0,-1
1830,0.0,-1
1831,0.0,-1
1832,0.0,-1
1833,0.0,-1
1834,0.0,-1
1835,0.0,-1
1836,0.0,-1
1837,0.0,-1
1838,0.0,-1
1839,0.0,-1
1840,0.0,-1
1841,0.0,-1
1842,0.0,-1
1843,0.0,-1
1844,0.0,-1
1845,0.0,-1
1846,0.0,-1
1847,0.0,-1
1848,0.0,-1
1849,0.0,-1
1850,0.0,-1
1851,0.0,-1
1852,0.0,-1
1853,0.0,-1
1854,0.0,-1
1855,0.0,-1
1856,0.0,-1
1857,0.0,-1
1858,0.0,-1
1859,0.0,-1
1860,0.0,-1
1861,0.0,-1
1862,0.0,-1
1863,0.0,-1
1864,0.0,-1
1865,0.0,-1
1866,0.0,-1
1867,0.0,-1
1868,0.0,-1
1869,0.0,-1
1870,0.0,-1
1871,0.0,-1
1872,0.0,-1
1873,0.0,-1
1874,0.0,-1
1875,0.0,-1
1876,0.0,-1
1877,0.0,-1
1878,0.0,-1
1879,0.0,-1
1880,0.0,-1
1881,0.0,-1
1882,0.0,-1
1883,0.0,-1
1884,0.0,-1
1885,0.0,-1
1886,0.0,-1
1887,0.0,-1
1888,0.0,-1
1889,0.0,-1
1890,0.0,-1
1891,0.0,-1
1892,0.0,-1
1893,0.0,-1
1894,0.0,-1
1895,0.0,-1
1896,0.0,-1
1897,0.0,-1
1898,0.0,-1
1899,0.0,-1
1900,0.0,-1
1901,0.0,-1
1902,0.0,-1
1903,0.0,-1
1904,0.0,-1
1905,0.0,-1
1906,0.0,-1
1907,0.0,-1
1908,0.0,-1
1909,0.0,-1
1910,0.0,-1
1911,0.0,-1
1912,0.0,-1
1913,0.0,-1
1914,0.0,-1
1915,0.0,-1
1916,0.0,-1
1917,0.0,-1
1918,0.0,-1
1919,0.0,-1
1920,0.0,-1
1921,0.0,-1
1922,0.0,-1
1923,0.0,-1
1924,0.0,-1
1925,0.0,-1
1926,0.0,-1
1927,0.0,-1
1928,0.0,-1
1929,0.0,-1
1930,0.0,-1
1931,0.0,-1
1932,0.0,-1
1933,0.0,-1
1934,0.0,-1
1935,0.0,-1
1936,0.0,-1
1937,0.0,-1
1938,0.0,-1
1939,0.0,-1
1940,0.0,-1
1941,0.0,-1
1942,0.0,-1
1943,0.0,-1
1944,0.0,-1
1945,0.0,-1
1946,0.0,-1
1947,0.0,-1
1948,0.0,-1
1949,0.0,-1
1950,0.0,-1
1951,0.0,-1
1952,0.0,-1
1953,0.0,-1
1954,0.0,-1
1955,0.0,-1
1956,0.0,-1
1957,0.0,-1
1958,0.0,-1
1959,0.0,-1
1960,0.0,-1
1961,0.0,-1
1962,0.0,-1
1963,0.0,-1
1964,0.0,-1
1965,0.0,-1
1966,0.0,-1
1967,0.0,-1
1968,0.0,-1
1969,0.0,-1
1970,0.0,-1
1971,0.0,-1
1972,0.0,-1
1973,0.0,-1
1974,0.0,-1
1975,0.0,-1
1976,0.0,-1
1977,0.0,-1
1978,0.0,-1
1979,0.0,-1
1980,0.0,-1
1981,0.0,-1
1982,0.0,-1
1983,0.0,-1
1984,0.0,-1
1985,0.0,-1
1986,0.0,-1
1987,0.0,-1
1988,0.0,-1
1989,0.0,-1
1990,0.0,-1
1991,0.0,-1
1992,0.0,-1
1993,0.0,-1
1994,0.0,-1
1995,0.0,-1
1996,0.0,-1
1997,0.0,-1
1998,0.0,-1
1999,0.0,-1
2000,0.0,-1
2001,0.0,-1
2002,0.0,-1
2003,0.0,-1
2004,0.0,-1
2005,0.0,-1
2006,0.0,-1
2007,0.0,-1
2008,0.0,-1
2009,0.0,-1
2010,0.0,-1
2011,0.0,-1
2012,0.0,-1
2013,0.0,-1
2014,0.0,-1
2015,0.0,-1
2016,0.0,-1
2017,0.0,-1
2018,0.0,-1
2019,0.0,-1
2020,0.0,-1
2021,0.0,-1
2022,0.0,-1
2023,0.0,-1
2024,0.0,-1
2025,0.0,-1
2026,0.0,-1
2027,0.0,-1
2028,0.0,-1
2029,0.0,-1
2030,0.0,-1
2031,0.0,-1
2032,0.0,-1
2033,0.0,-1
2034,0.0,-1
2035,0.0,-1
2036,0.0,-1
2037,0.0,-1
2038,0.0,-1
2039,0.0,-1
2040,12.394433795784856,3
2041,4.895367984667513,3
2042,3.250717848118169,3
2043,2.118522807694747,3
2044,3.1721812137749827,3
2045,2.465366954484829,3
2046,2.52177044828209,3
2047,2.347260888294685,3
2048,16.287749479866772,3
2049,5.664685471113631,3
2050,3.574960547383757,3
2051,2.203412162681317,3
2052,3.5661489065973213,3
2053,2.5892030872333063,3
2054,2.6874625364964673,3
2055,2.4865676451300414,3
2056,16.40962534602571,3
2057,5.722290871956054,3
2058,3.615628081191316,3
2059,2.2344118964244934,3
2060,3.5182226658020155,3
2061,2.6256315023965535,3
2062,2.701415785534534,3
2063,2.5116488987508943,3
2064,14.993746454568415,3
2065,5.299937466902858,3
2066,3.4169372068018187,3
2067,2.187031748051229,3
2068,3.3454797878130815,3
2069,2.5454527966469294,3
2070,2.6246080270263077,3
2071,2.4489291486051337,3
2072,12.997487527446568,3
2073,5.0610580997684265,3
2074,3.3097863125751346,3
2075,2.1555529317223376,3
2076,3.230969699729332,3
2077,2.4812773215070267,3
2078,2.5405045647203917,3
2079,2.3928004684182094,3
2080,16.563469924887283,3
2081,5.838172617108987,3
2082,3.580825098183782,3
2083,2.2502042677405596,3
2084,3.557681861999751,3
2085,2.625445005413123,3
2086,2.7069732869736574,3
2087,2.5331258667829375,3
2088,15.197199739027845,3
2089,5.3366012441522965,3
2090,3.4269068902465487,3
2091,2.187620777705828,3
2092,3.4012457693091163,3
2093,2.524808411562138,3
2094,2.6099014427439684,3
2095,2.446507974471244,3
2096,22.981702322801247,3
2097,6.708981814631123,3
2098,4.016056350608089,3
2099,2.3152415890619586,3
2100,4.0175793358896685,3
2101,2.7948595015642055,3
2102,2.908016866559244,3
2103,2.661222053027659,3
2104,22.456581426234155,3
2105,6.559263237818278,3
2106,3.967259317762798,3
2107,2.269576402284588,3
2108,3.92739743148365,3
2109,2.7474641447111514,3
2110,2.8578817050601293,3
2111,2.6367305012569346,3
2112,13.435167674646102,3
2113,5.099357196045029,3
2114,3.321305812273752,3
2115,2.1710774686801124,3
2116,3.2239792468321475,3
2117,2.503039984549214,3
2118,2.5441171449475113,3
2119,2.412667511612141,3
2120,16.68095542846823,3
2121,5.763272144167616,3
2122,3.5462862187130555,3
2123,2.19562017915539,3
2124,3.5217889305835475,3
2125,2.5715892881391516,3
2126,2.645346068063521,3
2127,2.4787178011041058,3
2128,9.71243435628315,3
2129,4.166015995683496,3
2130,2.9213494715557444,3
2131,2.0409065886634865,3
2132,2.893078329471253,3
2133,2.2930894979758403,3
2134,2.3408399379072433,3
2135,2.21820025174783,3
2136,12.50476371933935,3
2137,4.7848064745288275,3
2138,3.2251939740546574,3
2139,2.1317718114711135,3
2140,3.1967999752372855,3
2141,2.45526612826919,3
2142,2.5154179471440368,3
2143,2.3565106683501824,3
2144,13.130037341469121,3
2145,5.153606245736885,3
2146,3.3539761590505286,3
2147,2.156369458304155,3
2148,3.261258898372409,3
2149,2.494426491180469,3
2150,2.5642695675749536,3
2151,2.405615451226892,3
2152,15.579656164418177,3
2153,5.512080706445409,3
2154,3.5300160947515256,3
2155,2.1953839629251792,3
2156,3.4053222646560934,3
2157,2.5723814274278323,3
2158,2.629884462649878,3
2159,2.4703703936820407,3
2160,23.31727713741605,3
2161,6.875319469387658,3
2162,3.967859948110584,3
2163,2.29998688804871,3
2164,3.9163805070789,3
2165,2.794213198592904,3
2166,2.8922190011565094,3
2167,2.6446197610715156,3
2168,11.794851365420326,3
2169,4.908189791035388,3
2170,3.2339483429547236,3
2171,2.132119088517359,3
2172,3.1748310875782977,3
2173,2.453095754029377,3
2174,2.523352767692306,3
2175,2.3710570139117215,3
2176,40.09283948955313,3
2177,9.206556724001162,3
2178,4.784716737090302,3
2179,2.446976476138828,3
2180,4.873177485763344,3
2181,3.116260697182688,3
2182,3.277235156207637,3
2183,2.9731953533487405,3
2184,14.75232249009631,3
2185,5.475411640553656,3
2186,3.4331108613532266,3
2187,2.1801022743295317,3
2188,3.4126263384422146,3
2189,2.5289401541311225,3
2190,2.619548070525769,3
2191,2.4512265786139236,3
2192,24.29219925387854,3
2193,7.179500307413346,3
2194,4.151216509141668,3
2195,2.356964215428944,3
2196,4.055661393031793,3
2197,2.8567844898276338,3
2198,2.9455404966220353,3
2199,2.7080167348128854,3
2200,30.855929252651965,3
2201,7.819129819181927,3
2202,4.349048855068207,3
2203,2.3222333767316,3
2204,4.308714416107247,3
2205,2.9064327087559962,3
2206,3.0168253571340418,3
2207,2.7231763483960147,3
2208,28.48128464328903,3
2209,7.685546571099045,3
2210,4.536256434433552,3
2211,2.383955884283932,3
2212,4.332107857780954,3
2213,2.9699890019092776,3
2214,3.112357007234086,3
2215,2.8009803299747293,3
2216,16.79176559824507,3
2217,5.857012739632934,3
2218,3.51951685332277,3
2219,2.2118166463787166,3
2220,3.528522749284259,3
2221,2.5962813618022826,3
2222,2.647717151729618,3
2223,2.4895306852518866,3
2224,12.411505987903386,3
2225,4.867215888069921,3
2226,3.2361569906877583,3
2227,2.1397562352903585,3
2228,3.1737712448260242,3
2229,2.4643843306045192,3
2230,2.511495686491321,3
2231,2.3620959111037845,3
2232,23.52487873232571,3
2233,6.710285744997259,3
2234,3.938203069247855,3
2235,2.300840788164488,3
2236,3.918016196588215,3
2237,2.815307156232245,3
2238,2.8838840995533324,3
2239,2.6258093731434764,3
2240,16.552370139486154,3
2241,5.748218405549159,3
2242,3.5725938449012524,3
2243,2.204359506556408,3
2244,3.497641812429811,3
2245,2.593982011345522,3
2246,2.6786142326369333,3
2247,2.493146015082438,3
2248,13.20437451143172,3
2249,4.9179616768077175,3
2250,3.277219892730881,3
2251,2.1397562352903585,3
2252,3.1502352087256194,3
2253,2.4710491357926747,3
2254,2.50838216829251,3
2255,2.379413268300683,3
2256,17.965528097742133,3
2257,5.873433002435018,3
2258,3.615419957530553,3
2259,2.21952912390003,3
2260,3.5385984584597243,3
2261,2.6216659878800423,3
2262,2.7155897379567104,3
2263,2.5165888176378766,3
2264,11.313499584099091,3
2265,4.5320170440057375,3
2266,3.0810117829201467,3
2267,2.093648330065486,3
2268,3.0922462371239767,3
2269,2.396171281168117,3
2270,2.4406630531349967,3
2271,2.3046112128407996,3
2272,12.027474772580616,3
2273,4.739292544676584,3
2274,3.14260190935495,3
2275,2.124962487879275,3
2276,3.198331160106076,3
2277,2.4313014532631425,3
2278,2.4882640262642957,3
2279,2.3518017873194816,3
2280,30.72560206827878,3
2281,7.590858432641965,3
2282,4.343304924603393,3
2283,2.3998500576469937,3
2284,4.389022524008533,3
2285,2.9672912301812477,3
2286,3.0707085646408423,3
2287,2.8012566506613386,3
2288,13.223559218590617,3
2289,5.025161918475937,3
2290,3.2619300235373867,3
2291,2.1481100653885608,3
2292,3.244105521388284,3
2293,2.480723550773993,3
2294,2.5329494428494863,3
2295,2.3779126611558663,3
2296,22.348387279833165,3
2297,6.3625264392830045,3
2298,3.927955629926222,3
2299,2.1930449610511253,3
2300,3.9080899156771944,3
2301,2.6775876627430066,3
2302,2.773893691872761,3
2303,2.5582137172239436,3
2304,19.05489496106816,3
2305,6.130348350412958,3
2306,3.678355948059014,3
2307,2.2530886656345297,3
2308,3.7334859883925677,3
2309,2.6932039877720904,3
2310,2.7903792588185796,3
2311,2.5745011440397962,3
2312,13.126904149239765,3
2313,5.103546332673811,3
2314,3.3195141405335296,3
2315,2.1554363023122214,3
2316,3.3001803954446,3
2317,2.4900379254362908,3
2318,2.5496766011254075,3
2319,2.401841322209195,3
2320,46.996319229649096,3
2321,10.106377102823423,3
2322,5.229081474636663,3
2323,2.4890671750860744,3
2324,5.230646724506965,3
2325,3.2421311222812355,3
2326,3.3542044455024156,3
2327,3.0574310461871157,3
2328,17.49004125218317,3
2329,5.606522727881623,3
2330,3.579602838200881,3
2331,2.2348901167784767,3
2332,3.5632002144624817,3
2333,2.6448450936356167,3
2334,2.70374223636127,3
2335,2.5195752119970205,3
2336,20.28495435211207,3
2337,6.635560954105815,3
2338,3.787036668818388,3
2339,2.2762164396815536,3
2340,3.793946345810538,3
2341,2.739453221539943,3
2342,2.840353997772479,3
2343,2.6083433967089986,3
2344,25.491599611090695,3
2345,7.123013748461444,3
2346,4.144716544624891,3
2347,2.3336457347571034,3
2348,4.037510786985432,3
2349,2.838534825469,3
2350,2.9733531408222063,3
2351,2.704366700242322,3
2352,17.011777153914565,3
2353,5.788099199223627,3
2354,3.6193451802548533,3
2355,2.218934198010136,3
2356,3.5638308317117686,3
2357,2.621532130905705,3
2358,2.689588264561366,3
2359,2.518799099172325,3
2360,16.173423340159673,3
2361,5.833881305742471,3
2362,3.636565029331313,3
2363,2.1968015222637316,3
2364,3.4699442940092164,3
2365,2.6171564591753045,3
2366,2.6677807786723418,3
2367,2.495085334918533,3
2368,11.815457101703313,3
2369,4.799687238888637,3
2370,3.0704999240568265,3
2371,2.108638508111768,3
2372,3.07929856903776,3
2373,2.4034102616587285,3
2374,2.4699844308341605,3
2375,2.3384905281141912,3
2376,33.914047785755635,3
2377,8.148983698770488,3
2378,4.50650654979343,3
2379,2.4033703860199713,3
2380,4.436436078250217,3
2381,3.0195407440484994,3
2382,3.1676864303548635,3
2383,2.866009224804717,3
2384,12.708700606641141,3
2385,4.833483595362271,3
2386,3.2001429382177866,3
2387,2.1392920787706444,3
2388,3.1381346187959025,3
2389,2.438742410252703,3
2390,2.4941471620055053,3
2391,2.358245885231851,3
2392,12.9334641113166,3
2393,4.933292757152604,3
2394,3.2421108874428173,3
2395,2.1398722851429133,3
2396,3.2055158180038545,3
2397,2.461568459160639,3
2398,2.5131833290476897,3
2399,2.375044398444954,3
2400,17.676174796371306,3
2401,6.028453454836762,3
2402,3.7229685566420634,3
2403,2.2353684078391955,3
2404,3.659839089080565,3
2405,2.6611822542906847,3
2406,2.7447618507877523,3
2407,2.5543487729843832,3
2408,22.754919857876303,3
2409,6.506580234023779,3
2410,3.8790190332429053,3
2411,2.285045206195012,3
2412,3.8828311127173114,3
2413,2.78432422332473,3
2414,2.850211333949904,3
2415,2.6356099624896965,3
2416,16.482534661040333,3
2417,5.854474807931992,3
2418,3.6351925518168158,3
2419,2.2654702203307666,3
2420,3.5888275821105933,3
2421,2.638413567038915,3
2422,2.75032794110128,3
2423,2.5539459600673657,3
2424,16.3678052676459,3
2425,5.614867264638008,3
2426,3.4699925038730037,3
2427,2.203056980939395,3
2428,3.4431170755166587,3
2429,2.5792673950917577,3
2430,2.638184717788388,3
2431,2.482832529955726,3
2432,69.31904965332663,3
2433,11.75964749527965,3
2434,6.038665185936801,3
2435,2.583273312007641,3
2436,6.036347559955086,3
2437,3.467956022442862,3
2438,3.7432633098145303,3
2439,3.2726776390324894,3
2440,12.40976255161837,3
2441,4.8592600395020105,3
2442,3.265992929674205,3
2443,2.1323506279418063,3
2444,3.1811623819343557,3
2445,2.441373829829867,3
2446,2.517887530579353,3
2447,2.3723032117537515,3
2448,0.0,-1
2449,0.0,-1
2450,0.0,-1
2451,0.0,-1
2452,0.0,-1
2453,0.0,-1
2454,0.0,-1
2455,0.0,-1
2456,0.0,-1
2457,0.0,-1
2458,0.0,-1
2459,0.0,-1
2460,0.0,-1
2461,0.0,-1
2462,0.0,-1
2463,0.0,-1
2464,0.0,-1
2465,0.0,-1
2466,0.0,-1
2467,0.0,-1
2468,0.0,-1
2469,0.0,-1
2470,0.0,-1
2471,0.0,-1
2472,0.0,-1
2473,0.0,-1
2474,0.0,-1
2475,0.0,-1
2476,0.0,-1
2477,0.0,-1
2478,0.0,-1
2479,0.0,-1
2480,0.0,-1
2481,0.0,-1
2482,0.0,-1
2483,0.0,-1
2484,0.0,-1
2485,0.0,-1
2486,0.0,-1
2487,0.0,-1
2488,0.0,-1
2489,0.0,-1
2490,0.0,-1
2491,0.0,-1
2492,0.0,-1
2493,0.0,-1
2494,0.0,-1
2495,0.0,-1
2496,0.0,-1
2497,0.0,-1
2498,0.0,-1
2499,0.0,-1
2500,0.0,-1
2501,0.0,-1
2502,0.0,-1
2503,0.0,-1
2504,0.0,-1
2505,0.0,-1
2506,0.0,-1
2507,0.0,-1
2508,0.0,-1
2509,0.0,-1
2510,0.0,-1
2511,0.0,-1
2512,0.0,-1
2513,0.0,-1
2514,0.0,-1
2515,0.0,-1
2516,0.0,-1
2517,0.0,-1
2518,0.0,-1
2519,0.0,-1
2520,0.0,-1
2521,0.0,-1
2522,0.0,-1
2523,0.0,-1
2524,0.0,-1
2525,0.0,-1
2526,0.0,-1
2527,0.0,-1
2528,0.0,-1
2529,0.0,-1
2530,0.0,-1
2531,0.0,-1
2532,0.0,-1
2533,0.0,-1
2534,0.0,-1
2535,0.0,-1
2536,0.0,-1
2537,0.0,-1
2538,0.0,-1
2539,0.0,-1
2540,0.0,-1
2541,0.0,-1
2542,0.0,-1
2543,0.0,-1
2544,0.0,-1
2545,0.0,-1
2546,0.0,-1
2547,0.0,-1
2548,0.0,-1
2549,0.0,-1
2550,0.0,-1
2551,0.0,-1
2552,0.0,-1
2553,0.0,-1
2554,0.0,-1
2555,0.0,-1
2556,0.0,-1
2557,0.0,-1
2558,0.0,-1
2559,0.0,-1
2560,0.0,-1
2561,0.0,-1
2562,0.0,-1
2563,0.0,-1
2564,0.0,-1
2565,0.0,-1
2566,0.0,-1
2567,0.0,-1
2568,0.0,-1
2569,0.0,-1
2570,0.0,-1
2571,0.0,-1
2572,0.0,-1
2573,0.0,-1
2574,0.0,-1
2575,0.0,-1
2576,0.0,-1
2577,0.0,-1
2578,0.0,-1
2579,0.0,-1
2580,0.0,-1
2581,0.0,-1
2582,0.0,-1
2583,0.0,-1
2584,0.0,-1
2585,0.0,-1
2586,0.0,-1
2587,0.0,-1
2588,0.0,-1
2589,0.0,-1
2590,0.0,-1
2591,0.0,-1
2592,0.0,-1
2593,0.0,-1
2594,0.0,-1
2595,0.0,-1
2596,0.0,-1
2597,0.0,-1
2598,0.0,-1
2599,0.0,-1
2600,0.0,-1
2601,0.0,-1
2602,0.0,-1
2603,0.0,-1
2604,0.0,-1
2605,0.0,-1
2606,0.0,-1
2607,0.0,-1
2608,0.0,-1
2609,0.0,-1
2610,0.0,-1
2611,0.0,-1
2612,0.0,-1
2613,0.0,-1
2614,0.0,-1
2615,0.0,-1
2616,0.0,-1
2617,0.0,-1
2618,0.0,-1
2619,0.0,-1
2620,0.0,-1
2621,0.0,-1
2622,0.0,-1
2623,0.0,-1
2624,0.0,-1
2625,0.0,-1
2626,0.0,-1
2627,0.0,-1
2628,0.0,-1
2629,0.0,-1
2630,0.0,-1
2631,0.0,-1
2632,0.0,-1
2633,0.0,-1
2634,0.0,-1
2635,0.0,-1
2636,0.0,-1
2637,0.0,-1
2638,0.0,-1
2639,0.0,-1
2640,0.0,-1
2641,0.0,-1
2642,0.0,-1
2643,0.0,-1
2644,0.0,-1
2645,0.0,-1
2646,0.0,-1
2647,0.0,-1
2648,0.0,-1
2649,0.0,-1
2650,0.0,-1
2651,0.0,-1
2652,0.0,-1
2653,0.0,-1
2654,0.0,-1
2655,0.0,-1
2656,0.0,-1
2657,0.0,-1
2658,0.0,-1
2659,0.0,-1
2660,0.0,-1
2661,0.0,-1
2662,0.0,-1
2663,0.0,-1
2664,0.0,-1
2665,0.0,-1
2666,0.0,-1
2667,0.0,-1
2668,0.0,-1
2669,0.0,-1
2670,0.0,-1
2671,0.0,-1
2672,0.0,-1
2673,0.0,-1
2674,0.0,-1
2675,0.0,-1
2676,0.0,-1
2677,0.0,-1
2678,0.0,-1
2679,0.0,-1
2680,0.0,-1
2681,0.0,-1
2682,0.0,-1
2683,0.0,-1
2684,0.0,-1
2685,0.0,-1
2686,0.0,-1
2687,0.0,-1
2688,0.0,-1
2689,0.0,-1
2690,0.0,-1
2691,0.0,-1
2692,0.0,-1
2693,0.0,-1
2694,0.0,-1
2695,0.0,-1
2696,0.0,-1
2697,0.0,-1
2698,0.0,-1
2699,0.0,-1
2700,0.0,-1
2701,0.0,-1
2702,0.0,-1
2703,0.0,-1
2704,0.0,-1
2705,0.0,-1
2706,0.0,-1
2707,0.0,-1
2708,0.0,-1
2709,0.0,-1
2710,0.0,-1
2711,0.0,-1
2712,0.0,-1
2713,0.0,-1
2714,0.0,-1
2715,0.0,-1
2716,0.0,-1
2717,0.0,-1
2718,0.0,-1
2719,0.0,-1
2720,0.0,-1
2721,0.0,-1
2722,0.0,-1
2723,0.0,-1
2724,0.0,-1
2725,0.0,-1
2726,0.0,-1
2727,0.0,-1
2728,0.0,-1
2729,0.0,-1
2730,0.0,-1
2731,0.0,-1
2732,0.0,-1
2733,0.0,-1
2734,0.0,-1
2735,0.0,-1
2736,0.0,-1
2737,0.0,-1
2738,0.0,-1
2739,0.0,-1
2740,0.0,-1
2741,0.0,-1
2742,0.0,-1
2743,0.0,-1
2744,0.0,-1
2745,0.0,-1
2746,0.0,-1
2747,0.0,-1
2748,0.0,-1
2749,0.0,-1
2750,0.0,-1
2751,0.0,-1
2752,0.0,-1
2753,0.0,-1
2754,0.0,-1
2755,0.0,-1
2756,0.0,-1
2757,0.0,-1
2758,0.0,-1
2759,0.0,-1
2760,0.0,-1
2761,0.0,-1
2762,0.0,-1
2763,0.0,-1
2764,0.0,-1
2765,0.0,-1
2766,0.0,-1
2767,0.0,-1
2768,0.0,-1
2769,0.0,-1
2770,0.0,-1
2771,0.0,-1
2772,0.0,-1
2773,0.0,-1
2774,0.0,-1
2775,0.0,-1
2776,0.0,-1
2777,0.0,-1
2778,0.0,-1
2779,0.0,-1
2780,0.0,-1
2781,0.0,-1
2782,0.0,-1
2783,0.0,-1
2784,0.0,-1
2785,0.0,-1
2786,0.0,-1
2787,0.0,-1
2788,0.0,-1
2789,0.0,-1
2790,0.0,-1
2791,0.0,-1
2792,0.0,-1
2793,0.0,-1
2794,0.0,-1
2795,0.0,-1
2796,0.0,-1
2797,0.0,-1
2798,0.0,-1
2799,0.0,-1
2800,0.0,-1
2801,0.0,-1
2802,0.0,-1
2803,0.0,-1
2804,0.0,-1
2805,0.0,-1
2806,0.0,-1
2807,0.0,-1
2808,0.0,-1
2809,0.0,-1
2810,0.0,-1
2811,0.0,-1
2812,0.0,-1
2813,0.0,-1
2814,0.0,-1
2815,0.0,-1
2816,0.0,-1
2817,0.0,-1
2818,0.0,-1
2819,0.0,-1
2820,0.0,-1
2821,0.0,-1
2822,0.0,-1
2823,0.0,-1
2824,0.0,-1
2825,0.0,-1
2826,0.0,-1
2827,0.0,-1
2828,0.0,-1
2829,0.0,-1
2830,0.0,-1
2831,0.0,-1
2832,0.0,-1
2833,0.0,-1
2834,0.0,-1
2835,0.0,-1
2836,0.0,-1
2837,0.0,-1
2838,0.0,-1
2839,0.0,-1
2840,0.0,-1
2841,0.0,-1
2842,0.0,-1
2843,0.0,-1
2844,0.0,-1
2845,0.0,-1
2846,0.0,-1
2847,0.0,-1
2848,0.0,-1
2849,0.0,-1
2850,0.0,-1
2851,0.0,-1
2852,0.0,-1
2853,0.0,-1
2854,0.0,-1
2855,0.0,-1
2856,13.20289404402609,1
2857,5.056809805868062,1
2858,3.139097766074979,1
2859,2.1628479735145345,1
2860,3.15667622141766,1
2861,2.4213313658670366,1
2862,2.4691144031065186,1
2863,2.355743784906114,1
2864,16.177086449907225,1
2865,5.826008620621205,1
2866,3.477774114538297,1
2867,2.2505275483302696,1
2868,3.4039410588048287,1
2869,2.566629651307465,1
2870,2.6517530588197817,1
2871,2.49422542053309,1
2872,17.460291996362027,1
2873,5.855119449272059,1
2874,3.4934307263269053,1
2875,2.2831632454594666,1
2876,3.419851852766064,1
2877,2.6124823624342124,1
2878,2.655184168451655,1
2879,2.521138110096147,1
2880,15.356927160984805,1
2881,5.450365935560531,1
2882,3.3193934187865954,1
2883,2.2340295274109776,1
2884,3.305698961084618,1
2885,2.51859314222501,1
2886,2.5953560997656453,1
2887,2.4485283298327145,1
2888,13.952210747837583,1
2889,5.14011825358498,1
2890,3.1932823301926194,1
2891,2.2015140761404455,1
2892,3.188483919144765,1
2893,2.4591834226524623,1
2894,2.5171850654535386,1
2895,2.4062051903718293,1
2896,17.407600161726034,1
2897,5.767854665083816,1
2898,3.529660552955869,1
2899,2.299911916257288,1
2900,3.4642196623865447,1
2901,2.594632757287788,1
2902,2.650153110597157,1
2903,2.5179606866938964,1
2904,14.62222125897017,1
2905,5.4212575262536555,1
2906,3.3661673490831894,1
2907,2.234649381508869,1
2908,3.279046034818604,1
2909,2.508492706646158,1
2910,2.5704990981566262,1
2911,2.4528930490050698,1
2912,25.09955502929411,1
2913,7.0948141324290805,1
2914,3.827814705863738,1
2915,2.369993401494286,1
2916,3.824000373237295,1
2917,2.7613129299342916,1
2918,2.811139897706111,1
2919,2.670069356534914,1
2920,24.056496947511064,1
2921,6.813507066765353,1
2922,3.7029631641410687,1
2923,2.3221059604991368,1
2924,3.8888378847120237,1
2925,2.6928801879884623,1
2926,2.8224680825510617,1
2927,2.619689233896211,1
2928,13.59347518668284,1
2929,5.385601113068502,1
2930,3.258968122087759,1
2931,2.21710627655199,1
2932,3.177195143867777,1
2933,2.476565579044179,1
2934,2.5185422387063094,1
2935,2.4134519011944313,1
2936,16.793807878705397,1
2937,5.671488222589151,1
2938,3.4498417691751646,1
2939,2.2441327010554906,1
2940,3.427671634623402,1
2941,2.5390145655977903,1
2942,2.6037076872595355,1
2943,2.482963404205924,1
2944,9.704882518353674,1
2945,4.307222614744869,1
2946,2.8544834962572376,1
2947,2.081473168593044,1
2948,2.8303946723051534,1
2949,2.2723790605255916,1
2950,2.323331052877125,1
2951,2.2350304472191422,1
2952,13.257123530645552,1
2953,4.998991191737316,1
2954,3.1630455130982735,1
2955,2.1770338833880327,1
2956,3.15963890413507,1
2957,2.424449907885822,1
2958,2.4991706982369957,1
2959,2.3790340295034214,1
2960,14.629624824323798,1
2961,5.302983504763348,1
2962,3.2785185672536326,1
2963,2.2023731798497503,1
2964,3.2055360692251536,1
2965,2.483398984482891,1
2966,2.527445727922035,1
2967,2.4052914044545237,1
2968,15.857671583801686,1
2969,5.697878951824225,1
2970,3.3812981632657477,1
2971,2.24276518126706,1
2972,3.27507781591216,1
2973,2.5364381750585663,1
2974,2.6023266665146156,1
2975,2.4679104738472213,1
2976,23.582410944680003,1
2977,7.009707007028252,1
2978,3.895548150421101,1
2979,2.3535316682462684,1
2980,3.8272208184424827,1
2981,2.7439418533763673,1
2982,2.805437549733829,1
2983,2.650225603483406,1
2984,12.068070781223879,1
2985,4.961628020078836,1
2986,3.1670366179576406,1
2987,2.1765468234368797,1
2988,3.0946236894672507,1
2989,2.4353616423931435,1
2990,2.4648706420495268,1
2991,2.3777391086892186,1
2992,49.100010286000575,1
2993,9.559319564367835,1
2994,4.63487777600542,1
2995,2.5081248244292813,1
2996,4.776601837815895,1
2997,3.1052132609824286,1
2998,3.2089189725447076,1
2999,2.9178042555412707,1
3000,15.739567489448962,1
3001,5.63864554607636,1
3002,3.3455886823359666,1
3003,2.2270486210270657,1
3004,3.3047427887717022,1
3005,2.5078227657376573,1
3006,2.5650929345105045,1
3007,2.43504283268941,1
3008,25.940487997143425,1
3009,7.036509029750899,1
3010,3.9258204970669075,1
3011,2.4124996212896535,1
3012,3.897194733374583,1
3013,2.8061345600313277,1
3014,2.921242268405045,1
3015,2.712428643397197,1
3016,28.556323066206275,1
3017,8.45020782783017,1
3018,4.258218027054287,1
3019,2.3755523074421636,1
3020,4.25869756332004,1
3021,2.8460150350190947,1
3022,2.9538365328599636,1
3023,2.722060861758217,1
3024,31.278122393096083,1
3025,8.041678507887237,1
3026,4.375625156374535,1
3027,2.4419589975094147,1
3028,4.202596534157119,1
3029,2.9136086698582853,1
3030,3.009848492505425,1
3031,2.776141331317037,1
3032,18.046121267364793,1
3033,6.00716791078411,1
3034,3.510201576992852,1
3035,2.2606822621257696,1
3036,3.468519689013328,1
3037,2.583481915027555,1
3038,2.6244957030759264,1
3039,2.4965329333901978,1
3040,12.93912677112908,1
3041,5.1152801598154625,1
3042,3.147325139227084,1
3043,2.1851427351510404,1
3044,3.126244778317393,1
3045,2.4238616732024334,1
3046,2.4828332156419433,1
3047,2.373146533666835,1
3048,22.915111949406977,1
3049,6.812017916874828,1
3050,3.85853522189409,1
3051,2.353660210115231,1
3052,3.86884491121193,1
3053,2.7386359813143013,1
3054,2.8521051046570607,1
3055,2.679161470605322,1
3056,17.564856129267362,1
3057,5.766096371512508,1
3058,3.481895156810194,1
3059,2.252022987851556,1
3060,3.4037722609007375,1
3061,2.5529850817118613,1
3062,2.6215055134344873,1
3063,2.4963689919333,1
3064,12.883140041011856,1
3065,5.0813870095991245,1
3066,3.152096837043707,1
3067,2.1853869147725673,1
3068,3.0923807146101674,1
3069,2.434639882576188,1
3070,2.470972360309054,1
3071,2.3745690371094867,1
3072,17.007137144977143,1
3073,6.152040859552889,1
3074,3.5076601817376085,1
3075,2.2681276335068405,1
3076,3.426872943318739,1
3077,2.5755952762904233,1
3078,2.6393778264121788,1
3079,2.5170313256608052,1
3080,11.186884156509034,1
3081,4.570500040536882,1
3082,3.0127492504849736,1
3083,2.136739171396482,1
3084,3.0032367543847744,1
3085,2.355681361864432,1
3086,2.3977923396792264,1
3087,2.3205643168838495,1
3088,12.855914310274429,1
3089,4.761162191468416,1
3090,3.1094191472383277,1
3091,2.1685967510448174,1
3092,3.0808679463654123,1
3093,2.407953635237629,1
3094,2.459757020983593,1
3095,2.3587321910297963,1
3096,30.962242354896183,1
3097,8.02947099443177,1
3098,4.278338165216363,1
3099,2.4568667262844244,1
3100,4.19593815379752,1
3101,2.882645833219131,1
3102,3.0140104569982547,1
3103,2.809497395694749,1
3104,13.460876049509427,1
3105,5.102957705532746,1
3106,3.1728786794464363,1
3107,2.1926447934939164,1
3108,3.125579682749574,1
3109,2.4444996549228977,1
3110,2.524265426525391,1
3111,2.39822135018806,1
3112,24.1896708001824,1
3113,6.694092727218509,1
3114,3.760155919529115,1
3115,2.24048182033847,1
3116,3.801781973789024,1
3117,2.647958452990832,1
3118,2.7640112048286123,1
3119,2.563278386992795,1
3120,19.11407688149583,1
3121,6.324462024611022,1
3122,3.6355726035119957,1
3123,2.3020628480822403,1
3124,3.596177132211022,1
3125,2.6261844244562487,1
3126,2.7142275778138503,1
3127,2.57244996944919,1
3128,13.213432694690086,1
3129,5.220183413553669,1
3130,3.2526858561191245,1
3131,2.201882235219696,1
3132,3.205213688857188,1
3133,2.4708709538230966,1
3134,2.5119313186380166,1
3135,2.411823828759683,1
3136,54.90090539380175,1
3137,10.821775185094621,1
3138,5.0671386398431775,1
3139,2.5534627704479185,1
3140,5.061938697484338,1
3141,3.1933271128504574,1
3142,3.228004109545658,1
3143,3.06097467768473,1
3144,17.64661060192498,1
3145,5.820262126101492,1
3146,3.4574073405029013,1
3147,2.2840442591471617,1
3148,3.4701117098377816,1
3149,2.5975590656890146,1
3150,2.650563737933795,1
3151,2.5153394514469065,1
3152,20.57967349772868,1
3153,6.512015884649104,1
3154,3.7093228157127083,1
3155,2.3282717733538814,1
3156,3.606987848751873,1
3157,2.693868629947928,1
3158,2.7590516465136017,1
3159,2.61861044455447,1
3160,26.52508229423088,1
3161,7.187726957238772,1
3162,3.970426719214252,1
3163,2.387964091635777,1
3164,3.876909400487538,1
3165,2.7960397418051732,1
3166,2.889959772131769,1
3167,2.7154252399550436,1
3168,18.03553936900936,1
3169,5.8944473687951,1
3170,3.4258249070452207,1
3171,2.2688793153751425,1
3172,3.4739532444070154,1
3173,2.5843773078812364,1
3174,2.6606430690387564,1
3175,2.4893705796141825,1
3176,17.700756336348448,1
3177,5.99649944960237,1
3178,3.4876957391804453,1
3179,2.2450032411720326,1
3180,3.515594821740253,1
3181,2.5554662014081257,1
3182,2.625320290926507,1
3183,2.4991544778521684,1
3184,12.697801230530931,1
3185,4.74291766631025,1
3186,3.094402307854449,1
3187,2.1520312681084923,1
3188,3.0589364941388846,1
3189,2.384811327503668,1
3190,2.4370143651211054,1
3191,2.334814858186225,1
3192,35.62112393667436,1
3193,8.542956498266186,1
3194,4.470724838049942,1
3195,2.4629671115680063,1
3196,4.338872707057338,1
3197,2.980899156537691,1
3198,3.0824373226986266,1
3199,2.8572495260935358,1
3200,12.221993571526953,1
3201,4.916985768695879,1
3202,3.1257621279611096,1
3203,2.184898574247393,1
3204,3.0675159519224118,1
3205,2.4122016465886715,1
3206,2.4688443592028655,1
3207,2.3722416164269147,1
3208,12.886333216375316,1
3209,4.959092043693937,1
3210,3.191753741248856,1
3211,2.1861195659587738,1
3212,3.1412970971281577,1
3213,2.43437659617204,1
3214,2.495136479434475,1
3215,2.384932578884128,1
3216,19.358850926147404,1
3217,6.075083873947057,1
3218,3.536173856298852,1
3219,2.285681054692699,1
3220,3.5131519525325956,1
3221,2.630806040878567,1
3222,2.6844417781018346,1
3223,2.5434776859977193,1
3224,25.137959229430752,1
3225,6.654252839700846,1
3226,3.8838248534929845,1
3227,2.33751783265321,1
3228,3.8110584095668147,1
3229,2.7048985635523852,1
3230,2.8028951052772357,1
3231,2.649704290972753,1
3232,17.980215267776693,1
3233,6.0488351329000745,1
3234,3.502406612754449,1
3235,2.316253717131237,1
3236,3.5050440300469257,1
3237,2.6039450398468285,1
3238,2.6654963879903235,1
3239,2.537123328947208,1
3240,16.34181043427095,1
3241,5.67516536518805,1
3242,3.442557319131133,1
3243,2.2516490634842756,1
3244,3.3028264453875456,1
3245,2.540342482110673,1
3246,2.6190077820971447,1
3247,2.502270596167385,1
3248,94.88355201449846,1
3249,14.006732897717402,1
3250,5.660574531238292,1
3251,2.646463063191156,1
3252,5.9207623687228015,1
3253,3.417937214807225,1
3254,3.616433120992931,1
3255,3.225768501031611,1
3256,13.145536295141634,1
3257,4.993704931772747,1
3258,3.1862472476220223,1
3259,2.177155660044265,1
3260,3.0925839108934903,1
3261,2.4340451355878834,1
3262,2.508437343100206,1
3263,2.3768329593948145,1
3264,13.287085256816798,1
3265,5.256362307194874,1
3266,3.1797492294521743,1
3267,2.1697033202338813,1
3268,3.232143214127395,1
3269,2.437421395512011,1
3270,2.4547055963983713,1
3271,2.3550062450399794,1
3272,17.751304820604663,1
3273,5.932632866996984,1
3274,3.494325172713437,1
3275,2.2588080930238155,1
3276,3.458938496544891,1
3277,2.589814176027812,1
3278,2.6402260004518388,1
3279,2.5037775396400592,1
3280,17.921125169765148,1
3281,5.904542939127263,1
3282,3.4990030875328215,1
3283,2.292063716622921,1
3284,3.4707311160093104,1
3285,2.6303811986788714,1
3286,2.641260378559833,1
3287,2.5386977019396126,1
3288,15.938259623312817,1
3289,5.546843290219946,1
3290,3.3544980819642416,1
3291,2.2414908755668668,1
3292,3.3121358443936573,1
3293,2.5411277483899464,1
3294,2.583111322505409,1
3295,2.4572187491788924,1
3296,14.60003455429311,1
3297,5.255396992353289,1
3298,3.2419575585019698,1
3299,2.2094841503503337,1
3300,3.2460538223860858,1
3301,2.4724214957129425,1
3302,2.497434668717705,1
3303,2.420217311972479,1
3304,18.15977177371829,1
3305,5.745962510748985,1
3306,3.549742708668391,1
3307,2.309143721466084,1
3308,3.4884866116941384,1
3309,2.6115415417264614,1
3310,2.6514052306612794,1
3311,2.533954410711493,1
3312,15.194192618920205,1
3313,5.35303476925615,1
3314,3.367871055604362,1
3315,2.241987893390079,1
3316,3.261854910187704,1
3317,2.5386854531307295,1
3318,2.565028346173237,1
3319,2.4516576518081457,1
3320,25.547544990145955,1
3321,7.057224161469863,1
3322,3.857246622383316,1
3323,2.380134901836652,1
3324,3.8419834058216686,1
3325,2.781585954315051,1
3326,2.840728502507542,1
3327,2.6908717438702734,1
3328,24.26854880960866,1
3329,6.878909221731511,1
3330,3.74249987193582,1
3331,2.3315275491252914,1
3332,3.934100598203033,1
3333,2.7367134634691292,1
3334,2.7918727759685185,1
3335,2.633080558280327,1
3336,14.35973873048033,1
3337,5.504253898045499,1
3338,3.313541048942061,1
3339,2.2241578174519008,1
3340,3.237828186927734,1
3341,2.509923812257871,1
3342,2.52091736986618,1
3343,2.429275656980249,1
3344,16.08071393261892,1
3345,5.739818217037585,1
3346,3.5434644544880096,1
3347,2.25300447057203,1
3348,3.4386968713283745,1
3349,2.5805894083686534,1
3350,2.6022928908840433,1
3351,2.495259568221694,1
3352,9.733423628787046,1
3353,4.349410093860289,1
3354,2.8548898680976604,1
3355,2.087588387467457,1
3356,2.851736722440826,1
3357,2.2823171690783943,1
3358,2.320793307334364,1
3359,2.2511388621350434,1
3360,13.787974842499375,1
3361,5.019203959729311,1
3362,3.186257134665175,1
3363,2.183706952736803,1
3364,3.195224066100365,1
3365,2.4427295963962976,1
3366,2.4907223956417894,1
3367,2.402535235933686,1
3368,15.381975122066496,1
3369,5.5023098101457935,1
3370,3.3888248509347556,1
3371,2.2092381235265606,1
3372,3.23110724717751,1
3373,2.488429851172385,1
3374,2.515983291724752,1
3375,2.406871682524452,1
3376,16.029723880916,1
3377,5.628628520684941,1
3378,3.3528785618073256,1
3379,2.2507608922655704,1
3380,3.3000384186167593,1
3381,2.5448118378544797,1
3382,2.5929160627293655,1
3383,2.4829558711431305,1
3384,22.124957729464505,1
3385,7.25738307300629,1
3386,3.9039034702972573,1
3387,2.363461910254441,1
3388,3.8778587882955526,1
3389,2.765926931330033,1
3390,2.853323124467099,1
3391,2.675201142588187,1
3392,12.04593598840557,1
3393,5.042319578131821,1
3394,3.2004012272938827,1
3395,2.184683343213722,1
3396,3.064171350709615,1
3397,2.459661763963506,1
3398,2.4651275007942894,1
3399,2.3819915106948626,1
3400,49.660223124280165,1
3401,9.502115809191954,1
3402,4.687370671080569,1
3403,2.5203203465268205,1
3404,4.943311227256265,1
3405,3.1343611273685026,1
3406,3.197606436902424,1
3407,2.9334496094992737,1
3408,16.17854171016792,1
3409,5.746073016927226,1
3410,3.3261673838601244,1
3411,2.234974036992567,1
3412,3.315987876481181,1
3413,2.529592071266576,1
3414,2.568953167469532,1
3415,2.4422107188008484,1
3416,27.583390136873792,1
3417,7.048573619608471,1
3418,3.899399310085789,1
3419,2.4225567182389307,1
3420,3.925773104739573,1
3421,2.819504720951774,1
3422,2.93651843823606,1
3423,2.719593041086763,1
3424,28.780365716706548,1
3425,8.342007977477717,1
3426,4.3765402032834695,1
3427,2.3842833365063947,1
3428,4.384353903680962,1
3429,2.890382039075053,1
3430,2.995391266021387,1
3431,2.74444942833842,1
3432,29.783614093095917,1
3433,8.16964682330133,1
3434,4.308205482293078,1
3435,2.453178453285708,1
3436,4.123384087311541,1
3437,2.9062725447788456,1
3438,3.0265732131879193,1
3439,2.7975622463850875,1
3440,18.97742678259906,1
3441,5.990240775675075,1
3442,3.551934242657577,1
3443,2.2691299144158816,1
3444,3.4765262541378443,1
3445,2.597131920746954,1
3446,2.617594451954984,1
3447,2.508010892724731,1
3448,12.708107543155158,1
3449,5.109477754892542,1
3450,3.171242224632785,1
3451,2.191939618852876,1
3452,3.1448436064230596,1
3453,2.444549456487743,1
3454,2.489589659431447,1
3455,2.3768391734557763,1
3456,22.82676467783741,1
3457,6.8566157257756695,1
3458,3.951879610182276,1
3459,2.3637197601922804,1
3460,3.865907616224423,1
3461,2.7899648150196357,1
3462,2.8394646631020746,1
3463,2.6904465120866954,1
3464,18.323340514633795,1
3465,5.786973314640209,1
3466,3.4912254627219843,1
3467,2.260307342097122,1
3468,3.424548151495514,1
3469,2.563765898892663,1
3470,2.618524535341878,1
3471,2.5142684788444223,1
3472,12.776583355056276,1
3473,5.214817008984853,1
3474,3.1760414402109496,1
3475,2.1921843195375477,1
3476,3.0658532243729746,1
3477,2.4514217629735433,1
3478,2.469318092557682,1
3479,2.393967593463066,1
3480,17.48598587484896,1
3481,6.291932408829499,1
3482,3.5579149568943818,1
3483,2.2758251485688676,1
3484,3.456802473640724,1
3485,2.6073198870524643,1
3486,2.6383882976629383,1
3487,2.5088477786466985,1
3488,11.356878785141078,1
3489,4.575025423751278,1
3490,3.0465661948811413,1
3491,2.143763591856457,1
3492,3.0561391510086158,1
3493,2.3708731200316966,1
3494,2.3771818050091054,1
3495,2.326932370327623,1
3496,13.022600773780416,1
3497,4.8522427670695665,1
3498,3.1136777614791855,1
3499,2.176088671284671,1
3500,3.1116937645745235,1
3501,2.4280964275381463,1
3502,2.4432431750865122,1
3503,2.3742869112537877,1
3504,35.08986073562648,1
3505,8.161144942904466,1
3506,4.355740098764087,1
3507,2.4694981801994222,1
3508,4.194452218938442,1
3509,2.883916442551923,1
3510,3.019878483483092,1
3511,2.8413355898621018,1
3512,12.908431236466503,1
3513,5.159301108482697,1
3514,3.17704917766791,1
3515,2.2003318402746332,1
3516,3.142731907894552,1
3517,2.4690785671897806,1
3518,2.514461674157718,1
3519,2.4085039809757247,1
3520,24.55154656816307,1
3521,6.845173747137697,1
3522,3.8739186759478033,1
3523,2.2487050976040424,1
3524,3.9695504411136606,1
3525,2.68994370100015,1
3526,2.7838278159664065,1
3527,2.604718423511579,1
3528,19.14637938740825,1
3529,6.203481078609345,1
3530,3.639200763465514,1
3531,2.3101585813336403,1
3532,3.6588653122751404,1
3533,2.6617213240736874,1
3534,2.7246273336572435,1
3535,2.5858039681346603,1
3536,13.83152175830818,1
3537,5.239114090209206,1
3538,3.294636723136421,1
3539,2.2092381235265606,1
3540,3.193327625668112,1
3541,2.4753508514451745,1
3542,2.5213780704719877,1
3543,2.424677462449119,1
3544,53.34485361982239,1
3545,10.733228433786119,1
3546,5.095817880761094,1
3547,2.5669616496014145,1
3548,5.092219613265987,1
3549,3.2739471962879345,1
3550,3.199651167630274,1
3551,3.1057083014133475,1
3552,18.840613653698355,1
3553,5.860750817511025,1
3554,3.4848848105348185,1
3555,2.292316093027751,1
3556,3.5286808285626896,1
3557,2.6212088442627812,1
3558,2.670125177045098,1
3559,2.5332763893814985,1
3560,20.986824158013018,1
3561,6.619308240795773,1
3562,3.7753870337275384,1
3563,2.3369596070404226,1
3564,3.6098751250063605,1
3565,2.7397408800762704,1
3566,2.792642178927504,1
3567,2.6388646322251215,1
3568,26.975632162174602,1
3569,7.3989831953703336,1
3570,3.9818029609811987,1
3571,2.396369777572702,1
3572,3.898246659581632,1
3573,2.8282922352976803,1
3574,2.8446443868554403,1
3575,2.7168525258492813,1
3576,18.05284855598126,1
3577,6.047915751555153,1
3578,3.429092718176318,1
3579,2.277080998719537,1
3580,3.481126083597243,1
3581,2.595172888738991,1
3582,2.6745469113918876,1
3583,2.499982484988399,1
3584,17.526620833494277,1
3585,6.307551993593794,1
3586,3.5504357576610315,1
3587,2.2535032537748614,1
3588,3.566748081801298,1
3589,2.570447858061574,1
3590,2.615295286070429,1
3591,2.5113732104336757,1
3592,13.093186870698897,1
3593,4.7729738080707635,1
3594,3.156377193655536,1
3595,2.1594532142249645,1
3596,3.075072659074131,1
3597,2.3992769939714687,1
3598,2.4320976955587685,1
3599,2.336858794372912,1
3600,40.47420288529023,1
3601,8.941982559562154,1
3602,4.449336532823858,1
3603,2.4740225956241235,1
3604,4.383781388141757,1
3605,2.9959628868714296,1
3606,3.108355662483432,1
3607,2.870005976416518,1
3608,12.133089968076654,1
3609,4.950015929535418,1
3610,3.1754012259058655,1
3611,2.1921843195375477,1
3612,3.115714357601004,1
3613,2.436110015116299,1
3614,2.4653310618555704,1
3615,2.3833170173966622,1
3616,13.239365912816583,1
3617,4.985241263669912,1
3618,3.1969019293230247,1
3619,2.1931633098832153,1
3620,3.155979442128672,1
3621,2.4535390759945344,1
3622,2.4866483018796632,1
3623,2.40073898281305,1
3624,20.030882826904733,1
3625,6.1091786690271705,1
3626,3.645145483403636,1
3627,2.2948409214441297,1
3628,3.511355816777699,1
3629,2.65523475100928,1
3630,2.663659860772195,1
3631,2.5675698372646245,1
3632,25.388050910752,1
3633,6.60410777298957,1
3634,3.924141690017895,1
3635,2.3457331138236768,1
3636,3.8615268343329316,1
3637,2.7476515272450106,1
3638,2.825241695928099,1
3639,2.663425622244476,1
3640,18.641773516556203,1
3641,6.018766614825587,1
3642,3.55437530594348,1
3643,2.325658708625872,1
3644,3.5801621163380877,1
3645,2.641973351832231,1
3646,2.6434120824807765,1
3647,2.5493928203482694,1
3648,17.17529175114279,1
3649,5.827153610895107,1
3650,3.456586098784303,1
3651,2.2605572839926826,1
3652,3.311377141926816,1
3653,2.571971185937861,1
3654,2.605234141476764,1
3655,2.5164243458814033,1
3656,93.82439636263324,1
3657,14.351140637895329,1
3658,5.76588308426124,1
3659,2.659580584584232,1
3660,5.765091823354273,1
3661,3.500683293991091,1
3662,3.6084416336240697,1
3663,3.2424025883756227,1
3664,13.292015550567678,1
3665,4.94537079133705,1
3666,3.1920375886024392,1
3667,2.1844392175253096,1
3668,3.103932176839113,1
3669,2.4580708419585133,1
3670,2.5062775032857716,1
3671,2.3923778474143487,1
3672,11.47107783162018,3
3673,4.74965723478821,3
3674,3.184379845754383,3
3675,2.0856352047366835,3
3676,3.087892756473287,3
3677,2.4213108379579453,3
3678,2.4699748062017193,3
3679,2.299832951243279,3
3680,15.371040138908294,3
3681,5.468730183689779,3
3682,3.4482992926412876,3
3683,2.1650913154359688,3
3684,3.4614184659506453,3
3685,2.5272596607585167,3
3686,2.6289437446747246,3
3687,2.442535986633127,3
3688,14.740009683748774,3
3689,5.426456658452827,3
3690,3.5282413861383737,3
3691,2.194427275827679,3
3692,3.402615298455812,3
3693,2.5620347108651744,3
3694,2.6475561698195205,3
3695,2.4539141341513586,3
3696,13.854052290137618,3
3697,5.197250201213238,3
3698,3.3321811612717176,3
3699,2.1505318270098326,3
3700,3.205543879938398,3
3701,2.4855738023209493,3
3702,2.5735212101111067,3
3703,2.398216999508801,3
3704,12.027980302624467,3
3705,4.82099774396104,3
3706,3.2375716235986243,3
3707,2.1202147673770746,3
3708,3.136476412956219,3
3709,2.415567474510917,3
3710,2.5036287475864,3
3711,2.3496737275829602,3
3712,15.367402035581017,3
3713,5.527853711951054,3
3714,3.4877873976206453,3
3715,2.2091970627719952,3
3716,3.4219014979266347,3
3717,2.5516776295818064,3
3718,2.6325491049239966,3
3719,2.4807803201107306,3
3720,14.256342575271537,3
3721,5.082875119678313,3
3722,3.363759395947225,3
3723,2.150706500824464,3
3724,3.321837465356061,3
3725,2.4790096925273577,3
3726,2.552779044942858,3
3727,2.3974634794126253,3
3728,21.137575545715958,3
3729,6.419120330831394,3
3730,3.8884637232815575,3
3731,2.270042276353173,3
3732,3.858628644760755,3
3733,2.7084037741392573,3
3734,2.8373957809807626,3
3735,2.6217304927988287,3
3736,20.519270116210716,3
3737,6.180338477784943,3
3738,3.801604397032808,3
3739,2.227969908303449,3
3740,3.765255087198685,3
3741,2.680263400806192,3
3742,2.803112258799709,3
3743,2.5900971389578427,3
3744,12.39640101127062,3
3745,4.859973650616503,3
3746,3.245599261355532,3
3747,2.1349890198538026,3
3748,3.161051159090691,3
3749,2.43674267480613,3
3750,2.485926809628455,3
3751,2.368437955245498,3
3752,16.03779185862534,3
3753,5.467423822178618,3
3754,3.404488440441727,3
3755,2.1574567180410478,3
3756,3.3783730040102458,3
3757,2.509178732201646,3
3758,2.577449810118554,3
3759,2.4400867147093197,3
3760,9.104858239868815,3
3761,4.038967204287118,3
3762,2.8595288048251013,3
3763,2.0126136617167556,3
3764,2.8364094914912847,3
3765,2.253821658760914,3
3766,2.304168639088078,3
3767,2.182196495413175,3
3768,11.65144292554649,3
3769,4.595678440130374,3
3770,3.141024354405384,3
3771,2.0980120739015775,3
3772,3.1124068578812722,3
3773,2.400222505431643,3
3774,2.465675297812266,3
3775,2.3207104684335054,3
3776,12.223731195745382,3
3777,4.9284763818881485,3
3778,3.2623118085122016,3
3779,2.121252868995625,3
3780,3.1897925133067146,3
3781,2.4391293645963787,3
3782,2.5197882386419628,3
3783,2.3686697694485437,3
3784,14.53114368887644,3
3785,5.337864311655819,3
3786,3.4074196919917417,3
3787,2.1585072101301734,3
3788,3.297328463217612,3
3789,2.5169694777248326,3
3790,2.5677444478149223,3
3791,2.4193606807677934,3
3792,22.096683259927765,3
3793,6.4921295694322785,3
3794,3.802997532833904,3
3795,2.256436462890515,3
3796,3.7463166261699428,3
3797,2.7070721055628493,3
3798,2.831520523036501,3
3799,2.5927803150715674,3
3800,10.950556134809773,3
3801,4.729092053264952,3
3802,3.165893695727331,3
3803,2.098355607385824,3
3804,3.1167410716660906,3
3805,2.3975843599921096,3
3806,2.478958408875102,3
3807,2.326791457035714,3
3808,36.35919871458028,3
3809,8.841408460082775,3
3810,4.607270564738117,3
3811,2.3939728332890007,3
3812,4.656109983966467,3
3813,3.0237367283244794,3
3814,3.1757624012455783,3
3815,2.895227337137385,3
3816,14.028004443499126,3
3817,5.2629853342418675,3
3818,3.3145473744458913,3
3819,2.143273571097696,3
3820,3.3769552732055104,3
3821,2.4580991715218046,3
3822,2.5536027690619747,3
3823,2.401821254205214,3
3824,22.83947947690099,3
3825,6.986582299257919,3
3826,3.9861274026362725,3
3827,2.309248309588392,3
3828,3.858914651046097,3
3829,2.7609228859703125,3
3830,2.8853597248209804,3
3831,2.655287878862425,3
3832,27.506818532409806,3
3833,7.408994925761722,3
3834,4.182057259843423,3
3835,2.2773021138163805,3
3836,4.218840519216636,3
3837,2.815389751579321,3
3838,2.9448211833567313,3
3839,2.6826762199379983,3
3840,25.793442549434726,3
3841,7.1792921839522155,3
3842,4.331116237451688,3
3843,2.334813226364592,3
3844,4.160678841480608,3
3845,2.8696851734475373,3
3846,3.0206677288459858,3
3847,2.7407036325611553,3
3848,15.266993561778992,3
3849,5.499893093404892,3
3850,3.4285075697144114,3
3851,2.1731035550315365,3
3852,3.4162411620254587,3
3853,2.5279909382117887,3
3854,2.5914789351087775,3
3855,2.4434673789220653,3
3856,11.695707983675609,3
3857,4.713449604830978,3
3858,3.1255721537595558,3
3859,2.1053379733236715,3
3860,3.0924874958295225,3
3861,2.414530262022668,3
3862,2.4681391324046507,3
3863,2.3131486239464536,3
3864,21.37448553387176,3
3865,6.475533100434785,3
3866,3.8208717041301665,3
3867,2.256255927452217,3
3868,3.832076767022788,3
3869,2.7432138811301616,3
3870,2.810970726012929,3
3871,2.575889189927543,3
3872,15.594926231746829,3
3873,5.545209066512497,3
3874,3.4712940557730017,3
3875,2.1659688178885124,3
3876,3.412222521910041,3
3877,2.513597326172146,3
3878,2.6390173334475358,3
3879,2.4549641370961273,3
3880,12.429869117569726,3
3881,4.705219778508753,3
3882,3.181760559124532,3
3883,2.106026703190085,3
3884,3.084553974252481,3
3885,2.405833311059292,3
3886,2.467370107785864,3
3887,2.332676518650027,3
3888,15.764148022532916,3
3889,5.655486875725932,3
3890,3.4909547491189885,3
3891,2.17954918171734,3
3892,3.423205212365272,3
3893,2.5418543723649885,3
3894,2.667908599988103,3
3895,2.4689290040974177,3
3896,10.726129989040476,3
3897,4.307296560281387,3
3898,2.9907332776398086,3
3899,2.0619876083500297,3
3900,3.0142827949189384,3
3901,2.3462408863285615,3
3902,2.3830843158549846,3
3903,2.2636997681638573,3
3904,11.253135169822334,3
3905,4.511719504389633,3
3906,3.056591185708441,3
3907,2.091903154166436,3
3908,3.0895749137053636,3
3909,2.3861624293964843,3
3910,2.4352937230679728,3
3911,2.3126419255587165,3
3912,28.41544387478595,3
3913,7.217640822483318,3
3914,4.1630283028795425,3
3915,2.349303529063431,3
3916,4.223094584008775,3
3917,2.871719160151147,3
3918,3.001018880435019,3
3919,2.736301025910948,3
3920,12.275151668546856,3
3921,4.817550531852119,3
3922,3.152320796911805,3
3923,2.11302635649092,3
3924,3.1922506612788815,3
3925,2.4184585435366763,3
3926,2.495515118482987,3
3927,2.33931244949153,3
3928,21.735999065682442,3
3929,6.1935645575202445,3
3930,3.7939852073764797,3
3931,2.156651176242649,3
3932,3.8334514832464195,3
3933,2.6214954336660883,3
3934,2.7073187153329754,3
3935,2.5123796896844195,3
3936,17.711279216554942,3
3937,5.862597996574318,3
3938,3.561030565013509,3
3939,2.2124012471862353,3
3940,3.6239778405851912,3
3941,2.6166540600571166,3
3942,2.7129765959949426,3
3943,2.519590754760268,3
3944,12.191512423976631,3
3945,4.860503349936205,3
3946,3.253813230118576,3
3947,2.1202147673770746,3
3948,3.2301714525257346,3
3949,2.4233401817142974,3
3950,2.512964927400001,3
3951,2.350416648436904,3
3952,45.28688398631009,3
3953,9.768263757437142,3
3954,4.949257772946757,3
3955,2.432769002358721,3
3956,4.9921861329507005,3
3957,3.118003704046944,3
3958,3.255243807543809,3
3959,3.0012529154640566,3
3960,16.256392507825083,3
3961,5.307152003391063,3
3962,3.52497890266468,3
3963,2.1947815006357363,3
3964,3.4769497927944104,3
3965,2.5762819143166715,3
3966,2.6509956077900183,3
3967,2.4617741057287663,3
3968,18.720961668376148,3
3969,6.323319904632321,3
3970,3.7081625820886046,3
3971,2.2323682941944445,3
3972,3.7255052608113015,3
3973,2.652962321388095,3
3974,2.7952718570081423,3
3975,2.5652711644024695,3
3976,24.149706851788643,3
3977,6.844395302305437,3
3978,4.028695757667046,3
3979,2.2864368560235784,3
3980,3.91739124631888,3
3981,2.7721625852572807,3
3982,2.9012432333105616,3
3983,2.6503067658254817,3
3984,16.085043274481905,3
3985,5.53048197503486,3
3986,3.5231887508955455,3
3987,2.1793729088768736,3
3988,3.48245308494942,3
3989,2.5583874437132033,3
3990,2.6472251403161526,3
3991,2.4620123432786647,3
3992,15.065375300282174,3
3993,5.562052443629032,3
3994,3.5726930012087945,3
3995,2.1592077323495213,3
3996,3.31690932759104,3
3997,2.5471256712566217,3
3998,2.588971916481647,3
3999,2.446386308817753,3
4000,10.988412077429842,3
4001,4.59784655897015,3
4002,2.9894363380057585,3
4003,2.076486154565297,3
4004,3.024274953092609,3
4005,2.353758808616196,3
4006,2.4197884911310883,3
4007,2.2973023975345055,3
4008,31.14755801945524,3
4009,7.784412246765871,3
4010,4.327611182938683,3
4011,2.352833480750332,3
4012,4.339922075058423,3
4013,2.929021957872099,3
4014,3.107555708986526,3
4015,2.7842493547603664,3
4016,11.773369605264719,3
4017,4.628561347907877,3
4018,3.1168897039603047,3
4019,2.10482152614746,3
4020,3.041305743324646,3
4021,2.380812191581549,3
4022,2.4596892341486147,3
4023,2.318111822703244,3
4024,11.95164466034158,3
4025,4.757968549948953,3
4026,3.165794058978013,3
4027,2.1056823191649054,3
4028,3.1079452739664877,3
4029,2.4048893260564954,3
4030,2.4635275417867653,3
4031,2.331014027967087,3
4032,16.81338978091163,3
4033,5.886850192315408,3
4034,3.6220894223993714,3
4035,2.1947815006357363,3
4036,3.5644175297939755,3
4037,2.604947504362442,3
4038,2.6914992634136676,3
4039,2.501343079710056,3
4040,20.42160869409152,3
4041,6.102077578883798,3
4042,3.7809104118375947,3
4043,2.241808703592671,3
4044,3.78864858165744,3
4045,2.7080015586117154,3
4046,2.7815815051328445,3
4047,2.5632712551507546,3
4048,15.160016249256262,3
4049,5.603336230521204,3
4050,3.533334145941412,3
4051,2.2227841736702207,3
4052,3.455082436874152,3
4053,2.5667688445071692,3
4054,2.677052770938276,3
4055,2.50474519347448,3
4056,14.442669780034304,3
4057,5.457980119201751,3
4058,3.3712888323886294,3
4059,2.164564930711874,3
4060,3.3548685860940446,3
4061,2.529020096551668,3
4062,2.5702725628042336,3
4063,2.432625662580629,3
4064,54.37631883385984,3
4065,11.078977036969397,3
4066,5.684450070453244,3
4067,2.5198752760150365,3
4068,5.710716180392327,3
4069,3.35525598178969,3
4070,3.6294148737036145,3
4071,3.213145223317176,3
4072,11.511935797275916,3
4073,4.698996792666627,3
4074,3.167048664595751,3
4075,2.098183835882231,3
4076,3.145829416035632,3
4077,2.385550308744961,3
4078,2.47471769487885,3
4079,2.331036305898522,3
4080,0.0,-1
4081,0.0,-1
4082,0.0,-1
4083,0.0,-1
4084,0.0,-1
4085,0.0,-1
4086,0.0,-1
4087,0.0,-1
4088,0.0,-1
4089,0.0,-1
4090,0.0,-1
4091,0.0,-1
4092,0.0,-1
4093,0.0,-1
4094,0.0,-1
4095,0.0,-1
4096,0.0,-1
4097,0.0,-1
4098,0.0,-1
4099,0.0,-1
4100,0.0,-1
4101,0.0,-1
4102,0.0,-1
4103,0.0,-1
4104,0.0,-1
4105,0.0,-1
4106,0.0,-1
4107,0.0,-1
4108,0.0,-1
4109,0.0,-1
4110,0.0,-1
4111,0.0,-1
4112,0.0,-1
4113,0.0,-1
4114,0.0,-1
4115,0.0,-1
4116,0.0,-1
4117,0.0,-1
4118,0.0,-1
4119,0.0,-1
4120,0.0,-1
4121,0.0,-1
4122,0.0,-1
4123,0.0,-1
4124,0.0,-1
4125,0.0,-1
4126,0.0,-1
4127,0.0,-1
4128,0.0,-1
4129,0.0,-1
4130,0.0,-1
4131,0.0,-1
4132,0.0,-1
4133,0.0,-1
4134,0.0,-1
4135,0.0,-1
4136,0.0,-1
4137,0.0,-1
4138,0.0,-1
4139,0.0,-1
4140,0.0,-1
4141,0.0,-1
4142,0.0,-1
4143,0.0,-1
4144,0.0,-1
4145,0.0,-1
4146,0.0,-1
4147,0.0,-1
4148,0.0,-1
4149,0.0,-1
4150,0.0,-1
4151,0.0,-1
4152,0.0,-1
4153,0.0,-1
4154,0.0,-1
4155,0.0,-1
4156,0.0,-1
4157,0.0,-1
4158,0.0,-1
4159,0.0,-1
4160,0.0,-1
4161,0.0,-1
4162,0.0,-1
4163,0.0,-1
4164,0.0,-1
4165,0.0,-1
4166,0.0,-1
4167,0.0,-1
4168,0.0,-1
4169,0.0,-1
4170,0.0,-1
4171,0.0,-1
4172,0.0,-1
4173,0.0,-1
4174,0.0,-1
4175,0.0,-1
4176,0.0,-1
4177,0.0,-1
4178,0.0,-1
4179,0.0,-1
4180,0.0,-1
4181,0.0,-1
4182,0.0,-1
4183,0.0,-1
4184,0.0,-1
4185,0.0,-1
4186,0.0,-1
4187,0.0,-1
4188,0.0,-1
4189,0.0,-1
4190,0.0,-1
4191,0.0,-1
4192,0.0,-1
4193,0.0,-1
4194,0.0,-1
4195,0.0,-1
4196,0.0,-1
4197,0.0,-1
4198,0.0,-1
4199,0.0,-1
4200,0.0,-1
4201,0.0,-1
4202,0.0,-1
4203,0.0,-1
4204,0.0,-1
4205,0.0,-1
4206,0.0,-1
4207,0.0,-1
4208,0.0,-1
4209,0.0,-1
4210,0.0,-1
4211,0.0,-1
4212,0.0,-1
4213,0.0,-1
4214,0.0,-1
4215,0.0,-1
4216,0.0,-1
4217,0.0,-1
4218,0.0,-1
4219,0.0,-1
4220,0.0,-1
4221,0.0,-1
4222,0.0,-1
4223,0.0,-1
4224,0.0,-1
4225,0.0,-1
4226,0.0,-1
4227,0.0,-1
4228,0.0,-1
4229,0.0,-1
4230,0.0,-1
4231,0.0,-1
4232,0.0,-1
4233,0.0,-1
4234,0.0,-1
4235,0.0,-1
4236,0.0,-1
4237,0.0,-1
4238,0.0,-1
4239,0.0,-1
4240,0.0,-1
4241,0.0,-1
4242,0.0,-1
4243,0.0,-1
4244,0.0,-1
4245,0.0,-1
4246,0.0,-1
4247,0.0,-1
4248,0.0,-1
4249,0.0,-1
4250,0.0,-1
4251,0.0,-1
4252,0.0,-1
4253,0.0,-1
4254,0.0,-1
4255,0.0,-1
4256,0.0,-1
4257,0.0,-1
4258,0.0,-1
4259,0.0,-1
4260,0.0,-1
4261,0.0,-1
4262,0.0,-1
4263,0.0,-1
4264,0.0,-1
4265,0.0,-1
4266,0.0,-1
4267,0.0,-1
4268,0.0,-1
4269,0.0,-1
4270,0.0,-1
4271,0.0,-1
4272,0.0,-1
4273,0.0,-1
4274,0.0,-1
4275,0.0,-1
4276,0.0,-1
4277,0.0,-1
4278,0.0,-1
4279,0.0,-1
4280,0.0,-1
4281,0.0,-1
4282,0.0,-1
4283,0.0,-1
4284,0.0,-1
4285,0.0,-1
4286,0.0,-1
4287,0.0,-1
4288,0.0,-1
4289,0.0,-1
4290,0.0,-1
4291,0.0,-1
4292,0.0,-1
4293,0.0,-1
4294,0.0,-1
4295,0.0,-1
4296,0.0,-1
4297,0.0,-1
4298,0.0,-1
4299,0.0,-1
4300,0.0,-1
4301,0.0,-1
4302,0.0,-1
4303,0.0,-1
4304,0.0,-1
4305,0.0,-1
4306,0.0,-1
4307,0.0,-1
4308,0.0,-1
4309,0.0,-1
4310,0.0,-1
4311,0.0,-1
4312,0.0,-1
4313,0.0,-1
4314,0.0,-1
4315,0.0,-1
4316,0.0,-1
4317,0.0,-1
4318,0.0,-1
4319,0.0,-1
4320,0.0,-1
4321,0.0,-1
4322,0.0,-1
4323,0.0,-1
4324,0.0,-1
4325,0.0,-1
4326,0.0,-1
4327,0.0,-1
4328,0.0,-1
4329,0.0,-1
4330,0.0,-1
4331,0.0,-1
4332,0.0,-1
4333,0.0,-1
4334,0.0,-1
4335,0.0,-1
4336,0.0,-1
4337,0.0,-1
4338,0.0,-1
4339,0.0,-1
4340,0.0,-1
4341,0.0,-1
4342,0.0,-1
4343,0.0,-1
4344,0.0,-1
4345,0.0,-1
4346,0.0,-1
4347,0.0,-1
4348,0.0,-1
4349,0.0,-1
4350,0.0,-1
4351,0.0,-1
4352,0.0,-1
4353,0.0,-1
4354,0.0,-1
4355,0.0,-1
4356,0.0,-1
4357,0.0,-1
4358,0.0,-1
4359,0.0,-1
4360,0.0,-1
4361,0.0,-1
4362,0.0,-1
4363,0.0,-1
4364,0.0,-1
4365,0.0,-1
4366,0.0,-1
4367,0.0,-1
4368,0.0,-1
4369,0.0,-1
4370,0.0,-1
4371,0.0,-1
4372,0.0,-1
4373,0.0,-1
4374,0.0,-1
4375,0.0,-1
4376,0.0,-1
4377,0.0,-1
4378,0.0,-1
4379,0.0,-1
4380,0.0,-1
4381,0.0,-1
4382,0.0,-1
4383,0.0,-1
4384,0.0,-1
4385,0.0,-1
4386,0.0,-1
4387,0.0,-1
4388,0.0,-1
4389,0.0,-1
4390,0.0,-1
4391,0.0,-1
4392,0.0,-1
4393,0.0,-1
4394,0.0,-1
4395,0.0,-1
4396,0.0,-1
4397,0.0,-1
4398,0.0,-1
4399,0.0,-1
4400,0.0,-1
4401,0.0,-1
4402,0.0,-1
4403,0.0,-1
4404,0.0,-1
4405,0.0,-1
4406,0.0,-1
4407,0.0,-1
4408,0.0,-1
4409,0.0,-1
4410,0.0,-1
4411,0.0,-1
4412,0.0,-1
4413,0.0,-1
4414,0.0,-1
4415,0.0,-1
4416,0.0,-1
4417,0.0,-1
4418,0.0,-1
4419,0.0,-1
4420,0.0,-1
4421,0.0,-1
4422,0.0,-1
4423,0.0,-1
4424,0.0,-1
4425,0.0,-1
4426,0.0,-1
4427,0.0,-1
4428,0.0,-1
4429,0.0,-1
4430,0.0,-1
4431,0.0,-1
4432,0.0,-1
4433,0.0,-1
4434,0.0,-1
4435,0.0,-1
4436,0.0,-1
4437,0.0,-1
4438,0.0,-1
4439,0.0,-1
4440,0.0,-1
4441,0.0,-1
4442,0.0,-1
4443,0.0,-1
4444,0.0,-1
4445,0.0,-1
4446,0.0,-1
4447,0.0,-1
4448,0.0,-1
4449,0.0,-1
4450,0.0,-1
4451,0.0,-1
4452,0.0,-1
4453,0.0,-1
4454,0.0,-1
4455,0.0,-1
4456,0.0,-1
4457,0.0,-1
4458,0.0,-1
4459,0.0,-1
4460,0.0,-1
4461,0.0,-1
4462,0.0,-1
4463,0.0,-1
4464,0.0,-1
4465,0.0,-1
4466,0.0,-1
4467,0.0,-1
4468,0.0,-1
4469,0.0,-1
4470,0.0,-1
4471,0.0,-1
4472,0.0,-1
4473,0.0,-1
4474,0.0,-1
4475,0.0,-1
4476,0.0,-1
4477,0.0,-1
4478,0.0,-1
4479,0.0,-1
4480,0.0,-1
4481,0.0,-1
4482,0.0,-1
4483,0.0,-1
4484,0.0,-1
4485,0.0,-1
4486,0.0,-1
4487,0.0,-1
4488,0.0,-1
4489,0.0,-1
4490,0.0,-1
4491,0.0,-1
4492,0.0,-1
4493,0.0,-1
4494,0.0,-1
4495,0.0,-1
4496,0.0,-1
4497,0.0,-1
4498,0.0,-1
4499,0.0,-1
4500,0.0,-1
4501,0.0,-1
4502,0.0,-1
4503,0.0,-1
4504,0.0,-1
4505,0.0,-1
4506,0.0,-1
4507,0.0,-1
4508,0.0,-1
4509,0.0,-1
4510,0.0,-1
4511,0.0,-1
4512,0.0,-1
4513,0.0,-1
4514,0.0,-1
4515,0.0,-1
4516,0.0,-1
4517,0.0,-1
4518,0.0,-1
4519,0.0,-1
4520,0.0,-1
4521,0.0,-1
4522,0.0,-1
4523,0.0,-1
4524,0.0,-1
4525,0.0,-1
4526,0.0,-1
4527,0.0,-1
4528,0.0,-1
4529,0.0,-1
4530,0.0,-1
4531,0.0,-1
4532,0.0,-1
4533,0.0,-1
4534,0.0,-1
4535,0.0,-1
4536,0.0,-1
4537,0.0,-1
4538,0.0,-1
4539,0.0,-1
4540,0.0,-1
4541,0.0,-1
4542,0.0,-1
4543,0.0,-1
4544,0.0,-1
4545,0.0,-1
4546,0.0,-1
4547,0.0,-1
4548,0.0,-1
4549,0.0,-1
4550,0.0,-1
4551,0.0,-1
4552,0.0,-1
4553,0.0,-1
4554,0.0,-1
4555,0.0,-1
4556,0.0,-1
4557,0.0,-1
4558,0.0,-1
4559,0.0,-1
4560,0.0,-1
4561,0.0,-1
4562,0.0,-1
4563,0.0,-1
4564,0.0,-1
4565,0.0,-1
4566,0.0,-1
4567,0.0,-1
4568,0.0,-1
4569,0.0,-1
4570,0.0,-1
4571,0.0,-1
4572,0.0,-1
4573,0.0,-1
4574,0.0,-1
4575,0.0,-1
4576,0.0,-1
4577,0.0,-1
4578,0.0,-1
4579,0.0,-1
4580,0.0,-1
4581,0.0,-1
4582,0.0,-1
4583,0.0,-1
4584,0.0,-1
4585,0.0,-1
4586,0.0,-1
4587,0.0,-1
4588,0.0,-1
4589,0.0,-1
4590,0.0,-1
4591,0.0,-1
4592,0.0,-1
4593,0.0,-1
4594,0.0,-1
4595,0.0,-1
4596,0.0,-1
4597,0.0,-1
4598,0.0,-1
4599,0.0,-1
4600,0.0,-1
4601,0.0,-1
4602,0.0,-1
4603,0.0,-1
4604,0.0,-1
4605,0.0,-1
4606,0.0,-1
4607,0.0,-1
4608,0.0,-1
4609,0.0,-1
4610,0.0,-1
4611,0.0,-1
4612,0.0,-1
4613,0.0,-1
4614,0.0,-1
4615,0.0,-1
4616,0.0,-1
4617,0.0,-1
4618,0.0,-1
4619,0.0,-1
4620,0.0,-1
4621,0.0,-1
4622,0.0,-1
4623,0.0,-1
4624,0.0,-1
4625,0.0,-1
4626,0.0,-1
4627,0.0,-1
4628,0.0,-1
4629,0.0,-1
4630,0.0,-1
4631,0.0,-1
4632,0.0,-1
4633,0.0,-1
4634,0.0,-1
4635,0.0,-1
4636,0.0,-1
4637,0.0,-1
4638,0.0,-1
4639,0.0,-1
4640,0.0,-1
4641,0.0,-1
4642,0.0,-1
4643,0.0,-1
4644,0.0,-1
4645,0.0,-1
4646,0.0,-1
4647,0.0,-1
4648,0.0,-1
4649,0.0,-1
4650,0.0,-1
4651,0.0,-1
4652,0.0,-1
4653,0.0,-1
4654,0.0,-1
4655,0.0,-1
4656,0.0,-1
4657,0.0,-1
4658,0.0,-1
4659,0.0,-1
4660,0.0,-1
4661,0.0,-1
4662,0.0,-1
4663,0.0,-1
4664,0.0,-1
4665,0.0,-1
4666,0.0,-1
4667,0.0,-1
4668,0.0,-1
4669,0.0,-1
4670,0.0,-1
4671,0.0,-1
4672,0.0,-1
4673,0.0,-1
4674,0.0,-1
4675,0.0,-1
4676,0.0,-1
4677,0.0,-1
4678,0.0,-1
4679,0.0,-1
4680,0.0,-1
4681,0.0,-1
4682,0.0,-1
4683,0.0,-1
4684,0.0,-1
4685,0.0,-1
4686,0.0,-1
4687,0.0,-1
4688,0.0,-1
4689,0.0,-1
4690,0.0,-1
4691,0.0,-1
4692,0.0,-1
4693,0.0,-1
4694,0.0,-1
4695,0.0,-1
4696,0.0,-1
4697,0.0,-1
4698,0.0,-1
4699,0.0,-1
4700,0.0,-1
4701,0.0,-1
4702,0.0,-1
4703,0.0,-1
4704,0.0,-1
4705,0.0,-1
4706,0.0,-1
4707,0.0,-1
4708,0.0,-1
4709,0.0,-1
4710,0.0,-1
4711,0.0,-1
4712,0.0,-1
4713,0.0,-1
4714,0.0,-1
4715,0.0,-1
4716,0.0,-1
4717,0.0,-1
4718,0.0,-1
4719,0.0,-1
4720,0.0,-1
4721,0.0,-1
4722,0.0,-1
4723,0.0,-1
4724,0.0,-1
4725,0.0,-1
4726,0.0,-1
4727,0.0,-1
4728,0.0,-1
4729,0.0,-1
4730,0.0,-1
4731,0.0,-1
4732,0.0,-1
4733,0.0,-1
4734,0.0,-1
4735,0.0,-1
4736,0.0,-1
4737,0.0,-1
4738,0.0,-1
4739,0.0,-1
4740,0.0,-1
4741,0.0,-1
4742,0.0,-1
4743,0.0,-1
4744,0.0,-1
4745,0.0,-1
4746,0.0,-1
4747,0.0,-1
4748,0.0,-1
4749,0.0,-1
4750,0.0,-1
4751,0.0,-1
4752,0.0,-1
4753,0.0,-1
4754,0.0,-1
4755,0.0,-1
4756,0.0,-1
4757,0.0,-1
4758,0.0,-1
4759,0.0,-1
4760,0.0,-1
4761,0.0,-1
4762,0.0,-1
4763,0.0,-1
4764,0.0,-1
4765,0.0,-1
4766,0.0,-1
4767,0.0,-1
4768,0.0,-1
4769,0.0,-1
4770,0.0,-1
4771,0.0,-1
4772,0.0,-1
4773,0.0,-1
4774,0.0,-1
4775,0.0,-1
4776,0.0,-1
4777,0.0,-1
4778,0.0,-1
4779,0.0,-1
4780,0.0,-1
4781,0.0,-1
4782,0.0,-1
4783,0.0,-1
4784,0.0,-1
4785,0.0,-1
4786,0.0,-1
4787,0.0,-1
4788,0.0,-1
4789,0.0,-1
4790,0.0,-1
4791,0.0,-1
4792,0.0,-1
4793,0.0,-1
4794,0.0,-1
4795,0.0,-1
4796,0.0,-1
4797,0.0,-1
4798,0.0,-1
4799,0.0,-1
4800,0.0,-1
4801,0.0,-1
4802,0.0,-1
4803,0.0,-1
4804,0.0,-1
4805,0.0,-1
4806,0.0,-1
4807,0.0,-1
4808,0.0,-1
4809,0.0,-1
4810,0.0,-1
4811,0.0,-1
4812,0.0,-1
4813,0.0,-1
4814,0.0,-1
4815,0.0,-1
4816,0.0,-1
4817,0.0,-1
4818,0.0,-1
4819,0.0,-1
4820,0.0,-1
4821,0.0,-1
4822,0.0,-1
4823,0.0,-1
4824,0.0,-1
4825,0.0,-1
4826,0.0,-1
4827,0.0,-1
4828,0.0,-1
4829,0.0,-1
4830,0.0,-1
4831,0.0,-1
4832,0.0,-1
4833,0.0,-1
4834,0.0,-1
4835,0.0,-1
4836,0.0,-1
4837,0.0,-1
4838,0.0,-1
4839,0.0,-1
4840,0.0,-1
4841,0.0,-1
4842,0.0,-1
4843,0.0,-1
4844,0.0,-1
4845,0.0,-1
4846,0.0,-1
4847,0.0,-1
4848,0.0,-1
4849,0.0,-1
4850,0.0,-1
4851,0.0,-1
4852,0.0,-1
4853,0.0,-1
4854,0.0,-1
4855,0.0,-1
4856,0.0,-1
4857,0.0,-1
4858,0.0,-1
4859,0.0,-1
4860,0.0,-1
4861,0.0,-1
4862,0.0,-1
4863,0.0,-1
4864,0.0,-1
4865,0.0,-1
4866,0.0,-1
4867,0.0,-1
4868,0.0,-1
4869,0.0,-1
4870,0.0,-1
4871,0.0,-1
4872,0.0,-1
4873,0.0,-1
4874,0.0,-1
4875,0.0,-1
4876,0.0,-1
4877,0.0,-1
4878,0.0,-1
4879,0.0,-1
4880,0.0,-1
4881,0.0,-1
4882,0.0,-1
4883,0.0,-1
4884,0.0,-1
4885,0.0,-1
4886,0.0,-1
4887,0.0,-1
4888,0.0,-1
4889,0.0,-1
4890,0.0,-1
4891,0.0,-1
4892,0.0,-1
4893,0.0,-1
4894,0.0,-1
4895,0.0,-1
4896,0.0,-1
4897,0.0,-1
4898,0.0,-1
4899,0.0,-1
4900,0.0,-1
4901,0.0,-1
4902,0.0,-1
4903,0.0,-1
4904,0.0,-1
4905,0.0,-1
4906,0.0,-1
4907,0.0,-1
4908,0.0,-1
4909,0.0,-1
4910,0.0,-1
4911,0.0,-1
4912,0.0,-1
4913,0.0,-1
4914,0.0,-1
4915,0.0,-1
4916,0.0,-1
4917,0.0,-1
4918,0.0,-1
4919,0.0,-1
4920,0.0,-1
4921,0.0,-1
4922,0.0,-1
4923,0.0,-1
4924,0.0,-1
4925,0.0,-1
4926,0.0,-1
4927,0.0,-1
4928,0.0,-1
4929,0.0,-1
4930,0.0,-1
4931,0.0,-1
4932,0.0,-1
4933,0.0,-1
4934,0.0,-1
4935,0.0,-1
4936,0.0,-1
4937,0.0,-1
4938,0.0,-1
4939,0.0,-1
4940,0.0,-1
4941,0.0,-1
4942,0.0,-1
4943,0.0,-1
4944,0.0,-1
4945,0.0,-1
4946,0.0,-1
4947,0.0,-1
4948,0.0,-1
4949,0.0,-1
4950,0.0,-1
4951,0.0,-1
4952,0.0,-1
4953,0.0,-1
4954,0.0,-1
4955,0.0,-1
4956,0.0,-1
4957,0.0,-1
4958,0.0,-1
4959,0.0,-1
4960,0.0,-1
4961,0.0,-1
4962,0.0,-1
4963,0.0,-1
4964,0.0,-1
4965,0.0,-1
4966,0.0,-1
4967,0.0,-1
4968,0.0,-1
4969,0.0,-1
4970,0.0,-1
4971,0.0,-1
4972,0.0,-1
4973,0.0,-1
4974,0.0,-1
4975,0.0,-1
4976,0.0,-1
4977,0.0,-1
4978,0.0,-1
4979,0.0,-1
4980,0.0,-1
4981,0.0,-1
4982,0.0,-1
4983,0.0,-1
4984,0.0,-1
4985,0.0,-1
4986,0.0,-1
4987,0.0,-1
4988,0.0,-1
4989,0.0,-1
4990,0.0,-1
4991,0.0,-1
4992,0.0,-1
4993,0.0,-1
4994,0.0,-1
4995,0.0,-1
4996,0.0,-1
4997,0.0,-1
4998,0.0,-1
4999,0.0,-1
5000,0.0,-1
5001,0.0,-1
5002,0.0,-1
5003,0.0,-1
5004,0.0,-1
5005,0.0,-1
5006,0.0,-1
5007,0.0,-1
5008,0.0,-1
5009,0.0,-1
5010,0.0,-1
5011,0.0,-1
5012,0.0,-1
5013,0.0,-1
5014,0.0,-1
5015,0.0,-1
5016,0.0,-1
5017,0.0,-1
5018,0.0,-1
5019,0.0,-1
5020,0.0,-1
5021,0.0,-1
5022,0.0,-1
5023,0.0,-1
5024,0.0,-1
5025,0.0,-1
5026,0.0,-1
5027,0.0,-1
5028,0.0,-1
5029,0.0,-1
5030,0.0,-1
5031,0.0,-1
5032,0.0,-1
5033,0.0,-1
5034,0.0,-1
5035,0.0,-1
5036,0.0,-1
5037,0.0,-1
5038,0.0,-1
5039,0.0,-1
5040,0.0,-1
5041,0.0,-1
5042,0.0,-1
5043,0.0,-1
5044,0.0,-1
5045,0.0,-1
5046,0.0,-1
5047,0.0,-1
5048,0.0,-1
5049,0.0,-1
5050,0.0,-1
5051,0.0,-1
5052,0.0,-1
5053,0.0,-1
5054,0.0,-1
5055,0.0,-1
5056,0.0,-1
5057,0.0,-1
5058,0.0,-1
5059,0.0,-1
5060,0.0,-1
5061,0.0,-1
5062,0.0,-1
5063,0.0,-1
5064,0.0,-1
5065,0.0,-1
5066,0.0,-1
5067,0.0,-1
5068,0.0,-1
5069,0.0,-1
5070,0.0,-1
5071,0.0,-1
5072,0.0,-1
5073,0.0,-1
5074,0.0,-1
5075,0.0,-1
5076,0.0,-1
5077,0.0,-1
5078,0.0,-1
5079,0.0,-1
5080,0.0,-1
5081,0.0,-1
5082,0.0,-1
5083,0.0,-1
5084,0.0,-1
5085,0.0,-1
5086,0.0,-1
5087,0.0,-1
5088,0.0,-1
5089,0.0,-1
5090,0.0,-1
5091,0.0,-1
5092,0.0,-1
5093,0.0,-1
5094,0.0,-1
5095,0.0,-1
5096,0.0,-1
5097,0.0,-1
5098,0.0,-1
5099,0.0,-1
5100,0.0,-1
5101,0.0,-1
5102,0.0,-1
5103,0.0,-1
5104,0.0,-1
5105,0.0,-1
5106,0.0,-1
5107,0.0,-1
5108,0.0,-1
5109,0.0,-1
5110,0.0,-1
5111,0.0,-1
5112,0.0,-1
5113,0.0,-1
5114,0.0,-1
5115,0.0,-1
5116,0.0,-1
5117,0.0,-1
5118,0.0,-1
5119,0.0,-1
5120,0.0,-1
5121,0.0,-1
5122,0.0,-1
5123,0.0,-1
5124,0.0,-1
5125,0.0,-1
5126,0.0,-1
5127,0.0,-1
5128,0.0,-1
5129,0.0,-1
5130,0.0,-1
5131,0.0,-1
5132,0.0,-1
5133,0.0,-1
5134,0.0,-1
5135,0.0,-1
5136,0.0,-1
5137,0.0,-1
5138,0.0,-1
5139,0.0,-1
5140,0.0,-1
5141,0.0,-1
5142,0.0,-1
5143,0.0,-1
5144,0.0,-1
5145,0.0,-1
5146,0.0,-1
5147,0.0,-1
5148,0.0,-1
5149,0.0,-1
5150,0.0,-1
5151,0.0,-1
5152,0.0,-1
5153,0.0,-1
5154,0.0,-1
5155,0.0,-1
5156,0.0,-1
5157,0.0,-1
5158,0.0,-1
5159,0.0,-1
5160,0.0,-1
5161,0.0,-1
5162,0.0,-1
5163,0.0,-1
5164,0.0,-1
5165,0.0,-1
5166,0.0,-1
5167,0.0,-1
5168,0.0,-1
5169,0.0,-1
5170,0.0,-1
5171,0.0,-1
5172,0.0,-1
5173,0.0,-1
5174,0.0,-1
5175,0.0,-1
5176,0.0,-1
5177,0.0,-1
5178,0.0,-1
5179,0.0,-1
5180,0.0,-1
5181,0.0,-1
5182,0.0,-1
5183,0.0,-1
5184,0.0,-1
5185,0.0,-1
5186,0.0,-1
5187,0.0,-1
5188,0.0,-1
5189,0.0,-1
5190,0.0,-1
5191,0.0,-1
5192,0.0,-1
5193,0.0,-1
5194,0.0,-1
5195,0.0,-1
5196,0.0,-1
5197,0.0,-1
5198,0.0,-1
5199,0.0,-1
5200,0.0,-1
5201,0.0,-1
5202,0.0,-1
5203,0.0,-1
5204,0.0,-1
5205,0.0,-1
5206,0.0,-1
5207,0.0,-1
5208,0.0,-1
5209,0.0,-1
5210,0.0,-1
5211,0.0,-1
5212,0.0,-1
5213,0.0,-1
5214,0.0,-1
5215,0.0,-1
5216,0.0,-1
5217,0.0,-1
5218,0.0,-1
5219,0.0,-1
5220,0.0,-1
5221,0.0,-1
5222,0.0,-1
5223,0.0,-1
5224,0.0,-1
5225,0.0,-1
5226,0.0,-1
5227,0.0,-1
5228,0.0,-1
5229,0.0,-1
5230,0.0,-1
5231,0.0,-1
5232,0.0,-1
5233,0.0,-1
5234,0.0,-1
5235,0.0,-1
5236,0.0,-1
5237,0.0,-1
5238,0.0,-1
5239,0.0,-1
5240,0.0,-1
5241,0.0,-1
5242,0.0,-1
5243,0.0,-1
5244,0.0,-1
5245,0.0,-1
5246,0.0,-1
5247,0.0,-1
5248,0.0,-1
5249,0.0,-1
5250,0.0,-1
5251,0.0,-1
5252,0.0,-1
5253,0.0,-1
5254,0.0,-1
5255,0.0,-1
5256,0.0,-1
5257,0.0,-1
5258,0.0,-1
5259,0.0,-1
5260,0.0,-1
5261,0.0,-1
5262,0.0,-1
5263,0.0,-1
5264,0.0,-1
5265,0.0,-1
5266,0.0,-1
5267,0.0,-1
5268,0.0,-1
5269,0.0,-1
5270,0.0,-1
5271,0.0,-1
5272,0.0,-1
5273,0.0,-1
5274,0.0,-1
5275,0.0,-1
5276,0.0,-1
5277,0.0,-1
5278,0.0,-1
5279,0.0,-1
5280,0.0,-1
5281,0.0,-1
5282,0.0,-1
5283,0.0,-1
5284,0.0,-1
5285,0.0,-1
5286,0.0,-1
5287,0.0,-1
5288,0.0,-1
5289,0.0,-1
5290,0.0,-1
5291,0.0,-1
5292,0.0,-1
5293,0.0,-1
5294,0.0,-1
5295,0.0,-1
5296,0.0,-1
5297,0.0,-1
5298,0.0,-1
5299,0.0,-1
5300,0.0,-1
5301,0.0,-1
5302,0.0,-1
5303,0.0,-1
5304,16.252270655177195,0
5305,5.560317258622419,0
5306,3.3681846133487863,0
5307,2.2628217050926733,0
5308,3.251600523933131,0
5309,2.5315179464882656,0
5310,2.5730422293143502,0
5311,2.4736080602129267,0
5312,21.068399708265552,0
5313,6.615123171082073,0
5314,3.685057901933245,0
5315,2.381270905013818,0
5316,3.4570695812339163,0
5317,2.69939874743138,0
5318,2.724171864358855,0
5319,2.586152022779204,0
5320,20.950929535286136,0
5321,6.543938280039283,0
5322,3.7021858280655016,0
5323,2.4235895272683923,0
5324,3.6227721700523214,0
5325,2.7295665464971783,0
5326,2.77375389740195,0
5327,2.6497081546461403,0
5328,18.121674908762227,0
5329,6.114751991913555,0
5330,3.532792776287704,0
5331,2.3576850451043967,0
5332,3.3811026908499224,0
5333,2.628072380911032,0
5334,2.6806036767381247,0
5335,2.580888143028642,0
5336,16.69435636493999,0
5337,5.591734352577327,0
5338,3.3774849549826578,0
5339,2.3132692438102844,0
5340,3.266574457124621,0
5341,2.578461258133802,0
5342,2.5882768736527257,0
5343,2.498523422695623,0
5344,20.822911494480046,0
5345,6.590122641747581,0
5346,3.7018572674229637,0
5347,2.4453425161668596,0
5348,3.584081128194031,0
5349,2.7488389274935328,0
5350,2.7782671764480176,0
5351,2.658983841502138,0
5352,19.270379809108395,0
5353,6.1813228711052375,0
5354,3.4971069651076854,0
5355,2.357730911322602,0
5356,3.4552925555612206,0
5357,2.633843767967695,0
5358,2.69315778610966,0
5359,2.554163267507536,0
5360,29.64104028578581,0
5361,7.842755829536991,0
5362,4.173801236782305,0
5363,2.539348016828759,0
5364,4.037332483122624,0
5365,2.890172428601807,0
5366,2.991644815409138,0
5367,2.8051063680746164,0
5368,28.356544321373867,0
5369,8.03201748196801,0
5370,4.045693738615211,0
5371,2.473175408356283,0
5372,4.070598079834376,0
5373,2.8661406296597653,0
5374,2.9408071321466016,0
5375,2.7833744418178625,0
5376,16.274414410213826,0
5377,5.806370853210374,0
5378,3.3497131682887438,0
5379,2.333767639586866,0
5380,3.325819136184626,0
5381,2.5978775799143086,0
5382,2.640672583211563,0
5383,2.509551011770792,0
5384,19.757196275572756,0
5385,6.502281811187125,0
5386,3.634800048814221,0
5387,2.3707334396479407,0
5388,3.5605737865931535,0
5389,2.6888015447232325,0
5390,2.7007472962357704,0
5391,2.584132963297635,0
5392,11.250454415213861,0
5393,4.639766831890476,0
5394,2.971058293828158,0
5395,2.156411436002202,0
5396,2.863996027532433,0
5397,2.3451590983892183,0
5398,2.375811420821148,0
5399,2.2852112362309427,0
5400,15.396290924920642,0
5401,5.475088214428874,0
5402,3.3270913960411,0
5403,2.2818045828473394,0
5404,3.218197234580582,0
5405,2.5212418536269894,0
5406,2.5643379583003756,0
5407,2.4686056750599934,0
5408,17.40068330183691,0
5409,5.896012370959707,0
5410,3.442596769151399,0
5411,2.315287138735759,0
5412,3.3059169057279285,0
5413,2.580990106017413,0
5414,2.5878141816459013,0
5415,2.515594305203268,0
5416,20.124900694990224,0
5417,6.3428083992027515,0
5418,3.6342956757646245,0
5419,2.3713656074231952,0
5420,3.5409740265444842,0
5421,2.6666158295473106,0
5422,2.6937386820443545,0
5423,2.5918338118832986,0
5424,28.744940224649216,0
5425,7.808940493313406,0
5426,4.152243451864664,0
5427,2.5202803541231544,0
5428,4.028359033871808,0
5429,2.9125872496371437,0
5430,3.018853850814677,0
5431,2.812130012358651,0
5432,15.882800038603046,0
5433,5.672696172742302,0
5434,3.2732827900535466,0
5435,2.281727654772799,0
5436,3.287709203738886,0
5437,2.5249423339098125,0
5438,2.5719103356914976,0
5439,2.4714438325756913,0
5440,59.77001263556847,0
5441,10.736569690515621,0
5442,5.030992243305082,0
5443,2.725932261783764,0
5444,5.0662052019058335,0
5445,3.313540949493118,0
5446,3.457174791950959,0
5447,3.1669226692316683,0
5448,19.08527898211039,0
5449,6.124295677354338,0
5450,3.5070401335422297,0
5451,2.3486141275345163,0
5452,3.5354896824910815,0
5453,2.63805237201152,0
5454,2.6926917747127623,0
5455,2.5483910774196152,0
5456,32.00747020045951,0
5457,8.376273679811067,0
5458,4.252897482931109,0
5459,2.598042601693822,0
5460,4.1156894711515175,0
5461,3.0023687955882297,0
5462,3.070431754152006,0
5463,2.8726257787037697,0
5464,44.31396903691604,0
5465,9.363882542730243,0
5466,4.410119874568256,0
5467,2.5502153117636053,0
5468,4.645540550047015,0
5469,3.083961021073237,0
5470,3.1623451570401016,0
5471,2.9166830406003865,0
5472,42.91182101249221,0
5473,9.471122730831562,0
5474,4.66267234784745,0
5475,2.638386442264218,0
5476,4.451002570887232,0
5477,3.1056133894711744,0
5478,3.18591235313785,0
5479,2.9746556734130376,0
5480,23.70095855873644,0
5481,6.443883950922554,0
5482,3.7014547035942162,0
5483,2.3922609972048754,0
5484,3.6119231755400647,0
5485,2.6742278283860035,0
5486,2.7741409306597924,0
5487,2.606314603106813,0
5488,14.793216957669467,0
5489,5.415107714951867,0
5490,3.2647310587407947,0
5491,2.291722047179029,0
5492,3.2266053687296026,0
5493,2.537920576313357,0
5494,2.563918010243057,0
5495,2.472965516938642,0
5496,30.81488965432775,0
5497,8.018005843276363,0
5498,4.131858596098543,0
5499,2.518616513870095,0
5500,4.0932493534418715,0
5501,2.948304196869973,0
5502,2.956608437373225,0
5503,2.825234880541793,0
5504,22.717027655193665,0
5505,6.368619122119053,0
5506,3.512769749965103,0
5507,2.3821649378042826,0
5508,3.534514560305665,0
5509,2.679925985522714,0
5510,2.7399469619031236,0
5511,2.604875456498368,0
5512,15.553650641443276,0
5513,5.672666120270159,0
5514,3.2982336583986775,0
5515,2.2924809809237527,0
5516,3.2275568017168665,0
5517,2.5540147680834657,0
5518,2.5516992027903056,0
5519,2.469900039419692,0
5520,21.639311144340414,0
5521,6.696582904263609,0
5522,3.6976458427701093,0
5523,2.402826904985499,0
5524,3.522933944512786,0
5525,2.7100192847173497,0
5526,2.7410766852766675,0
5527,2.614757396776212,0
5528,13.544928729542685,0
5529,5.13095473408634,0
5530,3.1183741307067714,0
5531,2.2278211018947376,0
5532,3.085714366643171,0
5533,2.4551367169056992,0
5534,2.4684896413803563,0
5535,2.393748581189714,0
5536,15.107089460804708,0
5537,5.343568366257717,0
5538,3.291611220686351,0
5539,2.27145994969623,0
5540,3.195703537833864,0
5541,2.483323384587319,0
5542,2.5420847816973287,0
5543,2.440121761441219,0
5544,46.381765101780275,0
5545,9.77557575453436,0
5546,4.584800911959357,0
5547,2.6620669912206694,0
5548,4.572101322331214,0
5549,3.107463783845489,0
5550,3.172203319730864,0
5551,2.9811652394336337,0
5552,14.949548213886837,0
5553,5.5307972730483135,0
5554,3.3836866018887948,0
5555,2.301429906651013,0
5556,3.239405522649689,0
5557,2.546363685997014,0
5558,2.6067612296308784,0
5559,2.493785944377305,0
5560,28.77587018728721,0
5561,7.687930742117722,0
5562,3.95026931965063,0
5563,2.3700039169314087,0
5564,3.975615579551576,0
5565,2.7997845997275346,0
5566,2.8615200236798692,0
5567,2.7000617732639602,0
5568,23.26869146486787,0
5569,7.247395763661551,0
5570,3.8322947185730842,0
5571,2.4503289902243903,0
5572,3.866254835626742,0
5573,2.786293591589964,0
5574,2.832444540130604,0
5575,2.6791392555338884,0
5576,17.853580743456334,0
5577,5.842501007516385,0
5578,3.4098346726738153,0
5579,2.3136834912570423,0
5580,3.2912221922215457,0
5581,2.58078498655962,0
5582,2.5885899412031543,0
5583,2.489367912042159,0
5584,61.287695629304174,0
5585,12.277764487786506,0
5586,5.305593357405807,0
5587,2.790054966781761,0
5588,5.214569910496194,0
5589,3.398889967938786,0
5590,3.4855596477898674,0
5591,3.2786260740985327,0
5592,20.964979994977462,0
5593,6.921687732928023,0
5594,3.6885644944083147,0
5595,2.42144551254268,0
5596,3.529709683874175,0
5597,2.698568396545799,0
5598,2.7692694604124934,0
5599,2.6475652394064055,0
5600,26.197155510450497,0
5601,7.433440502073584,0
5602,3.969059518666416,0
5603,2.4844438451887787,0
5604,3.9261320332955543,0
5605,2.8440329750461495,0
5606,2.9142794603850954,0
5607,2.7509251626992097,0
5608,33.28425908208539,0
5609,8.414163416092697,0
5610,4.29095084500593,0
5611,2.567349328675544,0
5612,4.166000785719438,0
5613,2.9643232281621006,0
5614,3.074254357661854,0
5615,2.8660828435996843,0
5616,22.68438442249788,0
5617,6.656643617490645,0
5618,3.792066115297201,0
5619,2.404879437629741,0
5620,3.5714327880249397,0
5621,2.7153648084790447,0
5622,2.7600750358797206,0
5623,2.652513824261196,0
5624,20.410395115676675,0
5625,6.56549149941377,0
5626,3.6868313403639856,0
5627,2.372505172914864,0
5628,3.642049873715945,0
5629,2.671549176639498,0
5630,2.7493525548198674,0
5631,2.6260315087710584,0
5632,13.842038223811857,0
5633,5.185289692702831,0
5634,3.242875733708474,0
5635,2.2499856926850033,0
5636,3.209418510447405,0
5637,2.495398167242577,0
5638,2.511836443402803,0
5639,2.4228002590878503,0
5640,44.17648613570797,0
5641,9.692824923765837,0
5642,4.729553080731192,0
5643,2.6634502059173797,0
5644,4.591458200913419,0
5645,3.1698897349614445,0
5646,3.2802040876977716,0
5647,3.0156292348532974,0
5648,14.997445411417596,0
5649,5.412723759951669,0
5650,3.2613468563411216,0
5651,2.291599923140637,0
5652,3.161526798457898,0
5653,2.5184197322917585,0
5654,2.5412308479660046,0
5655,2.467896617589755,0
5656,15.937345732527533,0
5657,5.524810639886733,0
5658,3.385214081018846,0
5659,2.292408059554163,0
5660,3.235333775064405,0
5661,2.550515080785678,0
5662,2.573480447639186,0
5663,2.4753950006474965,0
5664,25.698152589319744,0
5665,6.935742495970707,0
5666,3.7562249733338104,0
5667,2.4271226533312893,0
5668,3.632802561782248,0
5669,2.773791816079385,0
5670,2.806767745078791,0
5671,2.673613950175333,0
5672,27.80545644776138,0
5673,8.111567863582444,0
5674,4.108076562746989,0
5675,2.49637025702669,0
5676,3.92994191011175,0
5677,2.904356105470698,0
5678,2.9243495226267484,0
5679,2.798897573482077,0
5680,23.693843857851757,0
5681,6.9777561965807715,0
5682,3.7736578823506814,0
5683,2.466139862887918,0
5684,3.6615190778841686,0
5685,2.781455366522017,0
5686,2.807638892218828,0
5687,2.688799658975545,0
5688,19.957753110545738,0
5689,6.552834378169155,0
5690,3.542341155728396,0
5691,2.3803286531950527,0
5692,3.517953863804447,0
5693,2.6467862695238247,0
5694,2.700865009833658,0
5695,2.615881135640956,0
5696,109.58566761655754,0
5697,15.920327828719701,0
5698,6.4648106420707725,0
5699,2.9242354614374455,0
5700,6.256144423633026,0
5701,3.7875461623945292,0
5702,3.859183252357283,0
5703,3.5612421492151114,0
5704,15.823216394945675,0
5705,5.34772567562276,0
5706,3.2592556083709874,0
5707,2.281588746143136,0
5708,3.1958834941454706,0
5709,2.5148982056633584,0
5710,2.5552670176646046,0
5711,2.4462154731515118,0
5712,0.0,-1
5713,0.0,-1
5714,0.0,-1
5715,0.0,-1
5716,0.0,-1
5717,0.0,-1
5718,0.0,-1
5719,0.0,-1
5720,0.0,-1
5721,0.0,-1
5722,0.0,-1
5723,0.0,-1
5724,0.0,-1
5725,0.0,-1
5726,0.0,-1
5727,0.0,-1
5728,0.0,-1
5729,0.0,-1
5730,0.0,-1
5731,0.0,-1
5732,0.0,-1
5733,0.0,-1
5734,0.0,-1
5735,0.0,-1
5736,0.0,-1
5737,0.0,-1
5738,0.0,-1
5739,0.0,-1
5740,0.0,-1
5741,0.0,-1
5742,0.0,-1
5743,0.0,-1
5744,0.0,-1
5745,0.0,-1
5746,0.0,-1
5747,0.0,-1
5748,0.0,-1
5749,0.0,-1
5750,0.0,-1
5751,0.0,-1
5752,0.0,-1
5753,0.0,-1
5754,0.0,-1
5755,0.0,-1
5756,0.0,-1
5757,0.0,-1
5758,0.0,-1
5759,0.0,-1
5760,0.0,-1
5761,0.0,-1
5762,0.0,-1
5763,0.0,-1
5764,0.0,-1
5765,0.0,-1
5766,0.0,-1
5767,0.0,-1
5768,0.0,-1
5769,0.0,-1
5770,0.0,-1
5771,0.0,-1
5772,0.0,-1
5773,0.0,-1
5774,0.0,-1
5775,0.0,-1
5776,0.0,-1
5777,0.0,-1
5778,0.0,-1
5779,0.0,-1
5780,0.0,-1
5781,0.0,-1
5782,0.0,-1
5783,0.0,-1
5784,0.0,-1
5785,0.0,-1
5786,0.0,-1
5787,0.0,-1
5788,0.0,-1
5789,0.0,-1
5790,0.0,-1
5791,0.0,-1
5792,0.0,-1
5793,0.0,-1
5794,0.0,-1
5795,0.0,-1
5796,0.0,-1
5797,0.0,-1
5798,0.0,-1
5799,0.0,-1
5800,0.0,-1
5801,0.0,-1
5802,0.0,-1
5803,0.0,-1
5804,0.0,-1
5805,0.0,-1
5806,0.0,-1
5807,0.0,-1
5808,0.0,-1
5809,0.0,-1
5810,0.0,-1
5811,0.0,-1
5812,0.0,-1
5813,0.0,-1
5814,0.0,-1
5815,0.0,-1
5816,0.0,-1
5817,0.0,-1
5818,0.0,-1
5819,0.0,-1
5820,0.0,-1
5821,0.0,-1
5822,0.0,-1
5823,0.0,-1
5824,0.0,-1
5825,0.0,-1
5826,0.0,-1
5827,0.0,-1
5828,0.0,-1
5829,0.0,-1
5830,0.0,-1
5831,0.0,-1
5832,0.0,-1
5833,0.0,-1
5834,0.0,-1
5835,0.0,-1
5836,0.0,-1
5837,0.0,-1
5838,0.0,-1
5839,0.0,-1
5840,0.0,-1
5841,0.0,-1
5842,0.0,-1
5843,0.0,-1
5844,0.0,-1
5845,0.0,-1
5846,0.0,-1
5847,0.0,-1
5848,0.0,-1
5849,0.0,-1
5850,0.0,-1
5851,0.0,-1
5852,0.0,-1
5853,0.0,-1
5854,0.0,-1
5855,0.0,-1
5856,0.0,-1
5857,0.0,-1
5858,0.0,-1
5859,0.0,-1
5860,0.0,-1
5861,0.0,-1
5862,0.0,-1
5863,0.0,-1
5864,0.0,-1
5865,0.0,-1
5866,0.0,-1
5867,0.0,-1
5868,0.0,-1
5869,0.0,-1
5870,0.0,-1
5871,0.0,-1
5872,0.0,-1
5873,0.0,-1
5874,0.0,-1
5875,0.0,-1
5876,0.0,-1
5877,0.0,-1
5878,0.0,-1
5879,0.0,-1
5880,0.0,-1
5881,0.0,-1
5882,0.0,-1
5883,0.0,-1
5884,0.0,-1
5885,0.0,-1
5886,0.0,-1
5887,0.0,-1
5888,0.0,-1
5889,0.0,-1
5890,0.0,-1
5891,0.0,-1
5892,0.0,-1
5893,0.0,-1
5894,0.0,-1
5895,0.0,-1
5896,0.0,-1
5897,0.0,-1
5898,0.0,-1
5899,0.0,-1
5900,0.0,-1
5901,0.0,-1
5902,0.0,-1
5903,0.0,-1
5904,0.0,-1
5905,0.0,-1
5906,0.0,-1
5907,0.0,-1
5908,0.0,-1
5909,0.0,-1
5910,0.0,-1
5911,0.0,-1
5912,0.0,-1
5913,0.0,-1
5914,0.0,-1
5915,0.0,-1
5916,0.0,-1
5917,0.0,-1
5918,0.0,-1
5919,0.0,-1
5920,0.0,-1
5921,0.0,-1
5922,0.0,-1
5923,0.0,-1
5924,0.0,-1
5925,0.0,-1
5926,0.0,-1
5927,0.0,-1
5928,0.0,-1
5929,0.0,-1
5930,0.0,-1
5931,0.0,-1
5932,0.0,-1
5933,0.0,-1
5934,0.0,-1
5935,0.0,-1
5936,0.0,-1
5937,0.0,-1
5938,0.0,-1
5939,0.0,-1
5940,0.0,-1
5941,0.0,-1
5942,0.0,-1
5943,0.0,-1
5944,0.0,-1
5945,0.0,-1
5946,0.0,-1
5947,0.0,-1
5948,0.0,-1
5949,0.0,-1
5950,0.0,-1
5951,0.0,-1
5952,0.0,-1
5953,0.0,-1
5954,0.0,-1
5955,0.0,-1
5956,0.0,-1
5957,0.0,-1
5958,0.0,-1
5959,0.0,-1
5960,0.0,-1
5961,0.0,-1
5962,0.0,-1
5963,0.0,-1
5964,0.0,-1
5965,0.0,-1
5966,0.0,-1
5967,0.0,-1
5968,0.0,-1
5969,0.0,-1
5970,0.0,-1
5971,0.0,-1
5972,0.0,-1
5973,0.0,-1
5974,0.0,-1
5975,0.0,-1
5976,0.0,-1
5977,0.0,-1
5978,0.0,-1
5979,0.0,-1
5980,0.0,-1
5981,0.0,-1
5982,0.0,-1
5983,0.0,-1
5984,0.0,-1
5985,0.0,-1
5986,0.0,-1
5987,0.0,-1
5988,0.0,-1
5989,0.0,-1
5990,0.0,-1
5991,0.0,-1
5992,0.0,-1
5993,0.0,-1
5994,0.0,-1
5995,0.0,-1
5996,0.0,-1
5997,0.0,-1
5998,0.0,-1
5999,0.0,-1
6000,0.0,-1
6001,0.0,-1
6002,0.0,-1
6003,0.0,-1
6004,0.0,-1
6005,0.0,-1
6006,0.0,-1
6007,0.0,-1
6008,0.0,-1
6009,0.0,-1
6010,0.0,-1
6011,0.0,-1
6012,0.0,-1
6013,0.0,-1
6014,0.0,-1
6015,0.0,-1
6016,0.0,-1
6017,0.0,-1
6018,0.0,-1
6019,0.0,-1
6020,0.0,-1
6021,0.0,-1
6022,0.0,-1
6023,0.0,-1
6024,0.0,-1
6025,0.0,-1
6026,0.0,-1
6027,0.0,-1
6028,0.0,-1
6029,0.0,-1
6030,0.0,-1
6031,0.0,-1
6032,0.0,-1
6033,0.0,-1
6034,0.0,-1
6035,0.0,-1
6036,0.0,-1
6037,0.0,-1
6038,0.0,-1
6039,0.0,-1
6040,0.0,-1
6041,0.0,-1
6042,0.0,-1
6043,0.0,-1
6044,0.0,-1
6045,0.0,-1
6046,0.0,-1
6047,0.0,-1
6048,0.0,-1
6049,0.0,-1
6050,0.0,-1
6051,0.0,-1
6052,0.0,-1
6053,0.0,-1
6054,0.0,-1
6055,0.0,-1
6056,0.0,-1
6057,0.0,-1
6058,0.0,-1
6059,0.0,-1
6060,0.0,-1
6061,0.0,-1
6062,0.0,-1
6063,0.0,-1
6064,0.0,-1
6065,0.0,-1
6066,0.0,-1
6067,0.0,-1
6068,0.0,-1
6069,0.0,-1
6070,0.0,-1
6071,0.0,-1
6072,0.0,-1
6073,0.0,-1
6074,0.0,-1
6075,0.0,-1
6076,0.0,-1
6077,0.0,-1
6078,0.0,-1
6079,0.0,-1
6080,0.0,-1
6081,0.0,-1
6082,0.0,-1
6083,0.0,-1
6084,0.0,-1
6085,0.0,-1
6086,0.0,-1
6087,0.0,-1
6088,0.0,-1
6089,0.0,-1
6090,0.0,-1
6091,0.0,-1
6092,0.0,-1
6093,0.0,-1
6094,0.0,-1
6095,0.0,-1
6096,0.0,-1
6097,0.0,-1
6098,0.0,-1
6099,0.0,-1
6100,0.0,-1
6101,0.0,-1
6102,0.0,-1
6103,0.0,-1
6104,0.0,-1
6105,0.0,-1
6106,0.0,-1
6107,0.0,-1
6108,0.0,-1
6109,0.0,-1
6110,0.0,-1
6111,0.0,-1
6112,0.0,-1
6113,0.0,-1
6114,0.0,-1
6115,0.0,-1
6116,0.0,-1
6117,0.0,-1
6118,0.0,-1
6119,0.0,-1
6120,13.343528054364482,4
6121,5.231739459860856,4
6122,3.391189678085933,4
6123,2.1528254877955266,4
6124,3.3640655309085945,4
6125,2.5041774836731787,4
6126,2.6346750820211655,4
6127,2.426350720791216,4
6128,17.588522377035087,4
6129,5.849931237667009,4
6130,3.6751256893549105,4
6131,2.241072072290536,4
6132,3.757206944347853,4
6133,2.690070788540756,4
6134,2.7747030359053344,4
6135,2.576078116724899,4
6136,18.59191203463648,4
6137,6.016557132040983,4
6138,3.8214337825965607,4
6139,2.272116492119898,4
6140,3.77349556848451,4
6141,2.674523256971857,4
6142,2.804567615294734,4
6143,2.598251229923119,4
6144,15.236152215538285,4
6145,5.724261021251621,4
6146,3.6385128639850666,4
6147,2.2232077683498455,4
6148,3.503834914038013,4
6149,2.5984398789878935,4
6150,2.6849161926920777,4
6151,2.5208431492435825,4
6152,14.385256131148287,4
6153,5.215296431117992,4
6154,3.4964695988012746,4
6155,2.1917145564795737,4
6156,3.4012764175186168,4
6157,2.561754685562238,4
6158,2.624554233801004,4
6159,2.469059082101426,4
6160,18.461093690219368,4
6161,5.907115164582921,4
6162,3.802694176978321,4
6163,2.286998001160307,4
6164,3.6910552203150298,4
6165,2.6969907603469427,4
6166,2.8143492873180507,4
6167,2.6009358005697867,4
6168,16.318092918504696,4
6169,5.678652921050554,4
6170,3.6387781526217617,4
6171,2.2246828127949465,4
6172,3.5972614775971317,4
6173,2.6315187158636397,4
6174,2.683862623676074,4
6175,2.529714165245368,4
6176,24.59624234816092,4
6177,7.239473777529981,4
6178,4.156890286873183,4
6179,2.3558870353323056,4
6180,4.196177964649757,4
6181,2.8694990033219363,4
6182,3.0081653149919623,4
6183,2.7461548092278742,4
6184,23.99006690730675,4
6185,6.780577646580241,4
6186,4.096407901457145,4
6187,2.3081848468594095,4
6188,4.046010718479182,4
6189,2.858704733981187,4
6190,2.9967808380689878,4
6191,2.6924969442924933,4
6192,14.656746094820758,4
6193,5.511525686814931,4
6194,3.497988897810471,4
6195,2.2069639530132212,4
6196,3.4162494608188743,4
6197,2.5671744702122172,4
6198,2.674205439563056,4
6199,2.4795982315299723,4
6200,16.882393076565453,4
6201,6.126784244697214,4
6202,3.654045425051994,4
6203,2.2336713880871732,4
6204,3.6095541731063316,4
6205,2.6516774531992606,4
6206,2.741498675209613,4
6207,2.5669560874446504,4
6208,9.95753447733555,4
6209,4.367664506298584,4
6210,3.031420030285283,4
6211,2.076181427914335,4
6212,3.0041191018091626,4
6213,2.3508920579158477,4
6214,2.419592761762874,4
6215,2.2870970927035583,4
6216,13.194887550309712,4
6217,5.048490483869454,4
6218,3.361632166295455,4
6219,2.1678890798599166,4
6220,3.311320958647863,4
6221,2.51935834948659,4
6222,2.5877724107676703,4
6223,2.4418742645129714,4
6224,15.07148151680242,4
6225,5.356937029039678,4
6226,3.4795291983009338,4
6227,2.192627373245059,4
6228,3.4628697440817326,4
6229,2.5639960927883543,4
6230,2.7024929078401043,4
6231,2.48636279503612,4
6232,17.44749316645316,4
6233,5.704891602733841,4
6234,3.651384492301692,4
6235,2.232007385136395,4
6236,3.5748867101834345,4
6237,2.6320988872972997,4
6238,2.7517838230456326,4
6239,2.5350718102216736,4
6240,25.292305545353596,4
6241,7.211192002838065,4
6242,4.212365416746275,4
6243,2.3385926673553996,4
6244,4.242329770926908,4
6245,2.8642828314304225,4
6246,3.016219962500581,4
6247,2.734167565373257,4
6248,13.83395656325225,4
6249,5.033979319281608,4
6250,3.35639694522725,4
6251,2.1691575563003354,4
6252,3.307870379430927,4
6253,2.508104950679911,4
6254,2.5964006730141156,4
6255,2.437349825920411,4
6256,40.96541707946558,4
6257,9.12817926051681,4
6258,5.108796052443814,4
6259,2.485312092468383,4
6260,5.188750860136985,4
6261,3.271457012322025,4
6262,3.5338414598404246,4
6263,3.0487165916287657,4
6264,16.55523379752779,4
6265,5.683405987580903,4
6266,3.6140514225217197,4
6267,2.217006851315473,4
6268,3.604973709491972,4
6269,2.6344705211101913,4
6270,2.727211290541865,4
6271,2.5134970910032886,4
6272,26.05308671051931,4
6273,7.657234872197938,4
6274,4.278112644311751,4
6275,2.3947559211430933,4
6276,4.3339170152994395,4
6277,2.944341734932236,4
6278,3.0587391813496247,4
6279,2.7945851567389104,4
6280,30.120510468764234,4
6281,8.242691572386473,4
6282,4.619133027429475,4
6283,2.3626111881349017,4
6284,4.53325486033072,4
6285,3.0576076345967667,4
6286,3.1518883165701057,4
6287,2.864315740909264,4
6288,36.298759033850395,4
6289,8.233778689633953,4
6290,4.612450885467803,4
6291,2.4256320525235533,4
6292,4.552638482305459,4
6293,3.029263948707743,4
6294,3.1780022776427295,4
6295,2.8992367227536024,4
6296,18.480127241407487,4
6297,5.799021142258269,4
6298,3.692927505920798,4
6299,2.2495487491164563,4
6300,3.667382861023998,4
6301,2.6549518671452415,4
6302,2.8025345211159367,4
6303,2.561081615650455,4
6304,13.387935585539013,4
6305,5.0959143090172025,4
6306,3.37548678304927,4
6307,2.17581107819957,4
6308,3.3344844165196674,4
6309,2.5277803636039344,4
6310,2.618362013366318,4
6311,2.43646928449001,4
6312,23.387487803235825,4
6313,6.986106070237246,4
6314,4.170798015523583,4
6315,2.3391655285583965,4
6316,4.2183994425869535,4
6317,2.8468630484687054,4
6318,2.991718015774591,4
6319,2.730112116506297,4
6320,17.83572679460149,4
6321,5.869939868320856,4
6322,3.756030248336821,4
6323,2.241442813605419,4
6324,3.688064596368891,4
6325,2.681849450178946,4
6326,2.7662931400925217,4
6327,2.5621978067618616,4
6328,13.101184872666607,4
6329,5.23055685705743,4
6330,3.403099765445285,4
6331,2.17581107819957,4
6332,3.3268065302358614,4
6333,2.5472023207424175,4
6334,2.6422382718118236,4
6335,2.44355183347018,4
6336,18.21148997324505,4
6337,5.922046626111898,4
6338,3.7939637185559714,4
6339,2.257861270207952,4
6340,3.7126300356663946,4
6341,2.659719447237187,4
6342,2.8052427279750907,4
6343,2.590842186565541,4
6344,12.277347336192257,4
6345,4.6883324745101636,4
6346,3.2227464926427016,4
6347,2.129236535621397,4
6348,3.2053698249195315,4
6349,2.4608657945106605,4
6350,2.5150044983429187,4
6351,2.3690863690230284,4
6352,12.935719106241581,4
6353,5.108086357385469,4
6354,3.3660112604959114,4
6355,2.160167570670608,4
6356,3.2684618996105392,4
6357,2.4867441185405563,4
6358,2.5823495371998644,4
6359,2.4039909660085046,4
6360,34.64466220122893,4
6361,8.165445147017039,4
6362,4.875169803988752,4
6363,2.4419990617353435,4
6364,4.673458851101821,4
6365,3.0599329713851393,4
6366,3.290085952021804,4
6367,2.8878892382613444,4
6368,13.332632535195353,4
6369,5.111119791949258,4
6370,3.4701999480498995,4
6371,2.1839349743489405,4
6372,3.3770049836960014,4
6373,2.538245510452578,4
6374,2.6240466585619098,4
6375,2.453910723895782,4
6376,23.22965182439319,4
6377,6.922808380757321,4
6378,3.978267059764569,4
6379,2.2298507862274195,4
6380,3.9283537875113117,4
6381,2.7217197728974716,4
6382,2.9557277249099285,4
6383,2.6265008257702918,4
6384,20.455586882992865,4
6385,6.257819531524472,4
6386,3.9757606721132697,4
6387,2.289066504390442,4
6388,3.9660251776708906,4
6389,2.765918782726596,4
6390,2.887243499203668,4
6391,2.651955344374296,4
6392,15.084354680389705,4
6393,5.401812487642054,4
6394,3.46980460156769,4
6395,2.192809967923172,4
6396,3.4282923139026393,4
6397,2.551990483991875,4
6398,2.6345179086196855,4
6399,2.4823773054004996,4
6400,55.61928663357701,4
6401,9.827098701881718,4
6402,5.265280896105259,4
6403,2.534361081460021,4
6404,5.399110774950338,4
6405,3.3220697321798625,4
6406,3.5121758636097584,4
6407,3.1458647277847143,4
6408,17.717865378189146,4
6409,6.115563650184494,4
6410,3.7950350402062423,4
6411,2.2724907845588445,4
6412,3.77022068226618,4
6413,2.7036386381696755,4
6414,2.7941377658628253,4
6415,2.573845662958318,4
6416,22.314092583677308,4
6417,6.5298264843357385,4
6418,4.07431012988337,4
6419,2.3157560649578692,4
6420,4.045521125078131,4
6421,2.8178487195076514,4
6422,2.9291267662467684,4
6423,2.690947070176202,4
6424,29.62763214044281,4
6425,7.572648618809388,4
6426,4.3478888815043675,4
6427,2.3740427613429076,4
6428,4.4196857777239815,4
6429,2.9347932731164525,4
6430,3.049847862091288,4
6431,2.789692273157329,4
6432,19.00763848620883,4
6433,6.049490893978301,4
6434,3.798078054613558,4
6435,2.257116074461606,4
6436,3.6681014400136704,4
6437,2.7102984701146693,4
6438,2.7985023136281564,4
6439,2.60627754764385,4
6440,19.923292367799284,4
6441,6.138205842967105,4
6442,3.8019413589758018,4
6443,2.232007385136395,4
6444,3.6657828295798742,4
6445,2.6680035928718118,4
6446,2.8082061680470276,4
6447,2.5419524200383314,4
6448,12.213253335569195,4
6449,4.909892433104496,4
6450,3.2430589927809597,4
6451,2.1449067830170536,4
6452,3.2232978623459507,4
6453,2.4663302975524353,4
6454,2.570294482842558,4
6455,2.382415479387582,4
6456,32.24621101394359,4
6457,8.658393973646556,4
6458,4.918674948448694,4
6459,2.4431803719980114,4
6460,4.81903568510925,4
6461,3.1078123540467426,4
6462,3.277835766489646,4
6463,2.970354891914827,4
6464,13.761340037353925,4
6465,5.05664600135361,4
6466,3.3264664962951085,4
6467,2.176174354408395,4
6468,3.3292817806090738,4
6469,2.5040531681418625,4
6470,2.610713416234892,4
6471,2.436076236944719,4
6472,13.153702355572747,4
6473,5.071211677224445,4
6474,3.3978147712553586,4
6475,2.1763560080954916,4
6476,3.433770240873059,4
6477,2.535051104340445,4
6478,2.6049360375748782,4
6479,2.432737147347757,4
6480,20.129414067067863,4
6481,6.358916732555575,4
6482,3.8554696793069776,4
6483,2.2730523034964403,4
6484,3.8624943328046024,4
6485,2.734693052352813,4
6486,2.8664245940948727,4
6487,2.6153721938314685,4
6488,23.877168119615845,4
6489,6.885297704830355,4
6490,4.045791917385835,4
6491,2.324618202469928,4
6492,4.241615192801335,4
6493,2.840579001122351,4
6494,2.9594552796037656,4
6495,2.7315970752990792,4
6496,18.051854765482826,4
6497,6.18641419032099,4
6498,3.84709461846137,4
6499,2.3032693465332748,4
6500,3.7920319508549403,4
6501,2.7140688397507557,4
6502,2.8197844650565744,4
6503,2.638829338148753,4
6504,17.59277524598097,4
6505,5.635163062260509,4
6506,3.6885135705656356,4
6507,2.2403307168669775,4
6508,3.6043645813190386,4
6509,2.6418497244075803,4
6510,2.706886018610771,4
6511,2.550604357426946,4
6512,72.24731274896254,4
6513,13.89066639595986,4
6514,6.323191278073756,4
6515,2.6227729440987777,4
6516,6.630159452493805,4
6517,3.620117188603391,4
6518,3.9733398526998065,4
6519,3.4128743778657062,4
6520,14.037248645998275,4
6521,5.09432458488059,4
6522,3.4211533338007487,4
6523,2.1689763142879084,4
6524,3.3684063685845618,4
6525,2.522177335135665,4
6526,2.5970177708817728,4
6527,2.4355810128387057,4
6528,0.0,-1
6529,0.0,-1
6530,0.0,-1
6531,0.0,-1
6532,0.0,-1
6533,0.0,-1
6534,0.0,-1
6535,0.0,-1
6536,0.0,-1
6537,0.0,-1
6538,0.0,-1
6539,0.0,-1
6540,0.0,-1
6541,0.0,-1
6542,0.0,-1
6543,0.0,-1
6544,0.0,-1
6545,0.0,-1
6546,0.0,-1
6547,0.0,-1
6548,0.0,-1
6549,0.0,-1
6550,0.0,-1
6551,0.0,-1
6552,0.0,-1
6553,0.0,-1
6554,0.0,-1
6555,0.0,-1
6556,0.0,-1
6557,0.0,-1
6558,0.0,-1
6559,0.0,-1
6560,0.0,-1
6561,0.0,-1
6562,0.0,-1
6563,0.0,-1
6564,0.0,-1
6565,0.0,-1
6566,0.0,-1
6567,0.0,-1
6568,0.0,-1
6569,0.0,-1
6570,0.0,-1
6571,0.0,-1
6572,0.0,-1
6573,0.0,-1
6574,0.0,-1
6575,0.0,-1
6576,0.0,-1
6577,0.0,-1
6578,0.0,-1
6579,0.0,-1
6580,0.0,-1
6581,0.0,-1
6582,0.0,-1
6583,0.0,-1
6584,0.0,-1
6585,0.0,-1
6586,0.0,-1
6587,0.0,-1
6588,0.0,-1
6589,0.0,-1
6590,0.0,-1
6591,0.0,-1
6592,0.0,-1
6593,0.0,-1
6594,0.0,-1
6595,0.0,-1
6596,0.0,-1
6597,0.0,-1
6598,0.0,-1
6599,0.0,-1
6600,0.0,-1
6601,0.0,-1
6602,0.0,-1
6603,0.0,-1
6604,0.0,-1
6605,0.0,-1
6606,0.0,-1
6607,0.0,-1
6608,0.0,-1
6609,0.0,-1
6610,0.0,-1
6611,0.0,-1
6612,0.0,-1
6613,0.0,-1
6614,0.0,-1
6615,0.0,-1
6616,0.0,-1
6617,0.0,-1
6618,0.0,-1
6619,0.0,-1
6620,0.0,-1
6621,0.0,-1
6622,0.0,-1
6623,0.0,-1
6624,0.0,-1
6625,0.0,-1
6626,0.0,-1
6627,0.0,-1
6628,0.0,-1
6629,0.0,-1
6630,0.0,-1
6631,0.0,-1
6632,0.0,-1
6633,0.0,-1
6634,0.0,-1
6635,0.0,-1
6636,0.0,-1
6637,0.0,-1
6638,0.0,-1
6639,0.0,-1
6640,0.0,-1
6641,0.0,-1
6642,0.0,-1
6643,0.0,-1
6644,0.0,-1
6645,0.0,-1
6646,0.0,-1
6647,0.0,-1
6648,0.0,-1
6649,0.0,-1
6650,0.0,-1
6651,0.0,-1
6652,0.0,-1
6653,0.0,-1
6654,0.0,-1
6655,0.0,-1
6656,0.0,-1
6657,0.0,-1
6658,0.0,-1
6659,0.0,-1
6660,0.0,-1
6661,0.0,-1
6662,0.0,-1
6663,0.0,-1
6664,0.0,-1
6665,0.0,-1
6666,0.0,-1
6667,0.0,-1
6668,0.0,-1
6669,0.0,-1
6670,0.0,-1
6671,0.0,-1
6672,0.0,-1
6673,0.0,-1
6674,0.0,-1
6675,0.0,-1
6676,0.0,-1
6677,0.0,-1
6678,0.0,-1
6679,0.0,-1
6680,0.0,-1
6681,0.0,-1
6682,0.0,-1
6683,0.0,-1
6684,0.0,-1
6685,0.0,-1
6686,0.0,-1
6687,0.0,-1
6688,0.0,-1
6689,0.0,-1
6690,0.0,-1
6691,0.0,-1
6692,0.0,-1
6693,0.0,-1
6694,0.0,-1
6695,0.0,-1
6696,0.0,-1
6697,0.0,-1
6698,0.0,-1
6699,0.0,-1
6700,0.0,-1
6701,0.0,-1
6702,0.0,-1
6703,0.0,-1
6704,0.0,-1
6705,0.0,-1
6706,0.0,-1
6707,0.0,-1
6708,0.0,-1
6709,0.0,-1
6710,0.0,-1
6711,0.0,-1
6712,0.0,-1
6713,0.0,-1
6714,0.0,-1
6715,0.0,-1
6716,0.0,-1
6717,0.0,-1
6718,0.0,-1
6719,0.0,-1
6720,0.0,-1
6721,0.0,-1
6722,0.0,-1
6723,0.0,-1
6724,0.0,-1
6725,0.0,-1
6726,0.0,-1
6727,0.0,-1
6728,0.0,-1
6729,0.0,-1
6730,0.0,-1
6731,0.0,-1
6732,0.0,-1
6733,0.0,-1
6734,0.0,-1
6735,0.0,-1
6736,0.0,-1
6737,0.0,-1
6738,0.0,-1
6739,0.0,-1
6740,0.0,-1
6741,0.0,-1
6742,0.0,-1
6743,0.0,-1
6744,0.0,-1
6745,0.0,-1
6746,0.0,-1
6747,0.0,-1
6748,0.0,-1
6749,0.0,-1
6750,0.0,-1
6751,0.0,-1
6752,0.0,-1
6753,0.0,-1
6754,0.0,-1
6755,0.0,-1
6756,0.0,-1
6757,0.0,-1
6758,0.0,-1
6759,0.0,-1
6760,0.0,-1
6761,0.0,-1
6762,0.0,-1
6763,0.0,-1
6764,0.0,-1
6765,0.0,-1
6766,0.0,-1
6767,0.0,-1
6768,0.0,-1
6769,0.0,-1
6770,0.0,-1
6771,0.0,-1
6772,0.0,-1
6773,0.0,-1
6774,0.0,-1
6775,0.0,-1
6776,0.0,-1
6777,0.0,-1
6778,0.0,-1
6779,0.0,-1
6780,0.0,-1
6781,0.0,-1
6782,0.0,-1
6783,0.0,-1
6784,0.0,-1
6785,0.0,-1
6786,0.0,-1
6787,0.0,-1
6788,0.0,-1
6789,0.0,-1
6790,0.0,-1
6791,0.0,-1
6792,0.0,-1
6793,0.0,-1
6794,0.0,-1
6795,0.0,-1
6796,0.0,-1
6797,0.0,-1
6798,0.0,-1
6799,0.0,-1
6800,0.0,-1
6801,0.0,-1
6802,0.0,-1
6803,0.0,-1
6804,0.0,-1
6805,0.0,-1
6806,0.0,-1
6807,0.0,-1
6808,0.0,-1
6809,0.0,-1
6810,0.0,-1
6811,0.0,-1
6812,0.0,-1
6813,0.0,-1
6814,0.0,-1
6815,0.0,-1
6816,0.0,-1
6817,0.0,-1
6818,0.0,-1
6819,0.0,-1
6820,0.0,-1
6821,0.0,-1
6822,0.0,-1
6823,0.0,-1
6824,0.0,-1
6825,0.0,-1
6826,0.0,-1
6827,0.0,-1
6828,0.0,-1
6829,0.0,-1
6830,0.0,-1
6831,0.0,-1
6832,0.0,-1
6833,0.0,-1
6834,0.0,-1
6835,0.0,-1
6836,0.0,-1
6837,0.0,-1
6838,0.0,-1
6839,0.0,-1
6840,0.0,-1
6841,0.0,-1
6842,0.0,-1
6843,0.0,-1
6844,0.0,-1
6845,0.0,-1
6846,0.0,-1
6847,0.0,-1
6848,0.0,-1
6849,0.0,-1
6850,0.0,-1
6851,0.0,-1
6852,0.0,-1
6853,0.0,-1
6854,0.0,-1
6855,0.0,-1
6856,0.0,-1
6857,0.0,-1
6858,0.0,-1
6859,0.0,-1
6860,0.0,-1
6861,0.0,-1
6862,0.0,-1
6863,0.0,-1
6864,0.0,-1
6865,0.0,-1
6866,0.0,-1
6867,0.0,-1
6868,0.0,-1
6869,0.0,-1
6870,0.0,-1
6871,0.0,-1
6872,0.0,-1
6873,0.0,-1
6874,0.0,-1
6875,0.0,-1
6876,0.0,-1
6877,0.0,-1
6878,0.0,-1
6879,0.0,-1
6880,0.0,-1
6881,0.0,-1
6882,0.0,-1
6883,0.0,-1
6884,0.0,-1
6885,0.0,-1
6886,0.0,-1
6887,0.0,-1
6888,0.0,-1
6889,0.0,-1
6890,0.0,-1
6891,0.0,-1
6892,0.0,-1
6893,0.0,-1
6894,0.0,-1
6895,0.0,-1
6896,0.0,-1
6897,0.0,-1
6898,0.0,-1
6899,0.0,-1
6900,0.0,-1
6901,0.0,-1
6902,0.0,-1
6903,0.0,-1
6904,0.0,-1
6905,0.0,-1
6906,0.0,-1
6907,0.0,-1
6908,0.0,-1
6909,0.0,-1
6910,0.0,-1
6911,0.0,-1
6912,0.0,-1
6913,0.0,-1
6914,0.0,-1
6915,0.0,-1
6916,0.0,-1
6917,0.0,-1
6918,0.0,-1
6919,0.0,-1
6920,0.0,-1
6921,0.0,-1
6922,0.0,-1
6923,0.0,-1
6924,0.0,-1
6925,0.0,-1
6926,0.0,-1
6927,0.0,-1
6928,0.0,-1
6929,0.0,-1
6930,0.0,-1
6931,0.0,-1
6932,0.0,-1
6933,0.0,-1
6934,0.0,-1
6935,0.0,-1
6936,17.04385480792428,0
6937,5.634487552569763,0
6938,3.3915730024140727,0
6939,2.275199773099496,0
6940,3.262036535771794,0
6941,2.542976037641601,0
6942,2.5873280433936134,0
6943,2.501747903513371,0
6944,22.144227150261127,0
6945,6.602712733192721,0
6946,3.7245805985451006,0
6947,2.3965808344603516,0
6948,3.4757187841273414,0
6949,2.7255333740953334,0
6950,2.753541489913056,0
6951,2.622392347449303,0
6952,21.697054621126178,0
6953,6.693381841176458,0
6954,3.7428615912715895,0
6955,2.4400849352592524,0
6956,3.6500309384873715,0
6957,2.7481105970221424,0
6958,2.804983138942518,0
6959,2.693800271308347,0
6960,18.54752305477592,0
6961,6.161704167444167,0
6962,3.574855109928358,0
6963,2.371741542502235,0
6964,3.3908290269958443,0
6965,2.6426213638137495,0
6966,2.6964345419610134,0
6967,2.613196501471164,0
6968,16.73077029850792,0
6969,5.730372516639421,0
6970,3.3974104183275826,0
6971,2.327727201552773,0
6972,3.2831256124597075,0
6973,2.593709566037377,0
6974,2.610187902513263,0
6975,2.5390476254552836,0
6976,21.71276066048166,0
6977,6.704254295622362,0
6978,3.7486343166518914,0
6979,2.462099646735924,0
6980,3.5906707673066944,0
6981,2.766972338449645,0
6982,2.797558300938274,0
6983,2.7041371213475336,0
6984,19.522038991056412,0
6985,6.156164961939133,0
6986,3.5256517677153374,0
6987,2.372418401737967,0
6988,3.4453661030363136,0
6989,2.65314289385324,0
6990,2.705893408414438,0
6991,2.5924688282700172,0
6992,31.11220713967884,0
6993,8.045646079733032,0
6994,4.203778860264849,0
6995,2.5584809108761255,0
6996,4.049070052375986,0
6997,2.903778466639288,0
6998,3.004750900737637,0
6999,2.845885445763966,0
7000,29.975574263131623,0
7001,8.166185187113545,0
7002,4.112095011053603,0
7003,2.4912138950792198,0
7004,4.085153993751783,0
7005,2.8718223214816008,0
7006,2.954908715730021,0
7007,2.8142427179255556,0
7008,16.670913034333466,0
7009,5.940672632785965,0
7010,3.39596647831104,0
7011,2.3476894459653836,0
7012,3.3259405752183286,0
7013,2.6057814019239753,0
7014,2.6524959032163906,0
7015,2.550923168698609,0
7016,20.584641867108957,0
7017,6.501083848221199,0
7018,3.6583269876431683,0
7019,2.384217385125034,0
7020,3.5832507910272215,0
7021,2.6993401566416613,0
7022,2.7158835840939823,0
7023,2.629432591187192,0
7024,11.488600683928766,0
7025,4.691682099337413,0
7026,3.0070227048074116,0
7027,2.167316169916012,0
7028,2.8715371925705666,0
7029,2.358046599827789,0
7030,2.3858375392368765,0
7031,2.3184299900259298,0
7032,15.815705223000906,0
7033,5.581300531380884,0
7034,3.3300072045169125,0
7035,2.29486169828733,0
7036,3.2246477681660672,0
7037,2.532292801297936,0
7038,2.5775780602604703,0
7039,2.502208037930513,0
7040,17.71756443543819,0
7041,5.915268256600293,0
7042,3.4569540543364115,0
7043,2.328835736848882,0
7044,3.3198702521851993,0
7045,2.5953024875807045,0
7046,2.608510707521033,0
7047,2.5486415347085147,0
7048,20.471605705578956,0
7049,6.477900196165183,0
7050,3.6564852023620404,0
7051,2.3864788346400982,0
7052,3.5571298151089894,0
7053,2.6882748145808684,0
7054,2.7206226903987094,0
7055,2.6366739210518566,0
7056,29.149726873183578,0
7057,8.022297756441391,0
7058,4.2078497683047065,0
7059,2.539177414143479,0
7060,4.0137003627044665,0
7061,2.9349132430411613,0
7062,3.0275299760435437,0
7063,2.8672451716390155,0
7064,15.838146503144811,0
7065,5.690507892588239,0
7066,3.2831505502800438,0
7067,2.294815357583933,0
7068,3.310251661426981,0
7069,2.5387994420655247,0
7070,2.5834187855194317,0
7071,2.504707258329633,0
7072,61.58368932440854,0
7073,11.122835921489658,0
7074,5.1107102511483316,0
7075,2.748169574426406,0
7076,5.074306165087537,0
7077,3.3440588069966983,0
7078,3.480316319686437,0
7079,3.2386602242167726,0
7080,19.68223664218015,0
7081,6.239658946101192,0
7082,3.5507125069111276,0
7083,2.3626010802170456,0
7084,3.5137224146661383,0
7085,2.6503873076306808,0
7086,2.698696454709258,0
7087,2.5907591181885508,0
7088,33.89191404783302,0
7089,8.436254023773557,0
7090,4.3032434581507975,0
7091,2.616321233826209,0
7092,4.110584704380963,0
7093,3.0338811653456577,0
7094,3.079352686270989,0
7095,2.9193886323702567,0
7096,45.57572965354095,0
7097,9.584540015619092,0
7098,4.4944133563903925,0
7099,2.5715711258791822,0
7100,4.5786040066077485,0
7101,3.0867777102778553,0
7102,3.190891951481783,0
7103,2.9742346369011163,0
7104,44.938009904973214,0
7105,9.56227569209956,0
7106,4.721045453512862,0
7107,2.659373982339998,0
7108,4.481240838789612,0
7109,3.120328466328557,0
7110,3.2067700247107864,0
7111,3.0424330635728514,0
7112,23.446326382233565,0
7113,6.522115454254233,0
7114,3.716921306774913,0
7115,2.407492697446732,0
7116,3.6104493302210154,0
7117,2.7026920719307927,0
7118,2.7894496667352775,0
7119,2.650147873305409,0
7120,15.292238130764416,0
7121,5.527301820449633,0
7122,3.2787248454918223,0
7123,2.3050854979600692,0
7124,3.2203563229364924,0
7125,2.5486295614063796,0
7126,2.5811181515496067,0
7127,2.505121208429198,0
7128,31.678474751708194,0
7129,8.159689870070322,0
7130,4.158413592674303,0
7131,2.5374877493330277,0
7132,4.107018360976069,0
7133,2.9598863644410796,0
7134,2.983872167256559,0
7135,2.8639120731166208,0
7136,23.72657849692276,0
7137,6.445911087740276,0
7138,3.5709974100456052,0
7139,2.3972301386699653,0
7140,3.545318983575557,0
7141,2.6957810015311523,0
7142,2.751430840576611,0
7143,2.651275457890705,0
7144,15.702726809520232,0
7145,5.768783721737388,0
7146,3.3357437104538885,0
7147,2.305098122260278,0
7148,3.245100983413404,0
7149,2.563557590106283,0
7150,2.5673594345703057,0
7151,2.501974954156756,0
7152,22.461843217085715,0
7153,6.820848424876969,0
7154,3.7329474210875477,0
7155,2.4180222641388145,0
7156,3.5490426587788857,0
7157,2.725730178681692,0
7158,2.750657143915992,0
7159,2.6585919438582115,0
7160,13.878954769070834,0
7161,5.195438965249811,0
7162,3.165121423423331,0
7163,2.2397513033671452,0
7164,3.081876201127834,0
7165,2.4672943373304603,0
7166,2.4858565167425817,0
7167,2.419389659505156,0
7168,15.462390862650526,0
7169,5.433416517217855,0
7170,3.2868008962462802,0
7171,2.283936813748574,0
7172,3.1887162597327072,0
7173,2.4994697040409566,0
7174,2.5510657245607766,0
7175,2.474923912005726,0
7176,48.291274545579554,0
7177,9.881079632362225,0
7178,4.56043263166494,0
7179,2.6819539902566576,0
7180,4.5619708681240745,0
7181,3.120791675734062,0
7182,3.201017602955226,0
7183,3.0451744179450624,0
7184,15.38947770424785,0
7185,5.57742901683107,0
7186,3.3767230698535498,0
7187,2.3146183498890647,0
7188,3.2485000333555427,0
7189,2.5610470880896,0
7190,2.6143551919451213,0
7191,2.528882264704033,0
7192,29.879728548652793,0
7193,7.792705931374019,0
7194,4.004238345267159,0
7195,2.3851728145141955,0
7196,3.942253270073799,0
7197,2.8050094302106747,0
7198,2.8655385908416995,0
7199,2.7188168829895365,0
7200,24.05486881797251,0
7201,7.401682560589728,0
7202,3.884927499788275,0
7203,2.466828006507264,0
7204,3.8522494242524767,0
7205,2.813464728002935,0
7206,2.8440739549727647,0
7207,2.721922004882484,0
7208,18.254607163291727,0
7209,5.9048449570858885,0
7210,3.4250027618608865,0
7211,2.327691089353889,0
7212,3.2963980514537696,0
7213,2.5895568606943935,0
7214,2.605476457038312,0
7215,2.52984320033788,0
7216,66.29013458187913,0
7217,12.840595670244392,0
7218,5.371363562848995,0
7219,2.814112501483717,0
7220,5.3230058925917305,0
7221,3.442243841116251,0
7222,3.5244615442835188,0
7223,3.3204571895321786,0
7224,21.441112506793957,0
7225,6.918105090130279,0
7226,3.7254999412507437,0
7227,2.4376163765102454,0
7228,3.583263901604218,0
7229,2.7144298881893842,0
7230,2.7815914072007586,0
7231,2.690375710502212,0
7232,27.522661541145776,0
7233,7.391558887565931,0
7234,3.976817560123025,0
7235,2.501012763742355,0
7236,3.959702816807652,0
7237,2.875282095463941,0
7238,2.9280286714749697,0
7239,2.7932371080976215,0
7240,33.9187491898818,0
7241,8.609638172252723,0
7242,4.36722297658253,0
7243,2.586378107769196,0
7244,4.183038394979697,0
7245,2.979681678406958,0
7246,3.0873982794262878,0
7247,2.9253969908459023,0
7248,22.85068715502965,0
7249,6.651999450044712,0
7250,3.7968131421264744,0
7251,2.4198733823703775,0
7252,3.554609076034885,0
7253,2.7319534978392004,0
7254,2.781670348705416,0
7255,2.698210015075586,0
7256,20.82457931579826,0
7257,6.710531904856175,0
7258,3.731422744246765,0
7259,2.3880682308980083,0
7260,3.626990220181449,0
7261,2.6854804531713845,0
7262,2.764308477536296,0
7263,2.6628326084726406,0
7264,14.134908252788513,0
7265,5.309754074725412,0
7266,3.2559985169220154,0
7267,2.261718221555836,0
7268,3.1958637762052278,0
7269,2.5076378252170706,0
7270,2.527084203992725,0
7271,2.455316162374242,0
7272,48.54453441423784,0
7273,9.82630232479973,0
7274,4.766949712075411,0
7275,2.686643329147548,0
7276,4.544915815631531,0
7277,3.1923072283998435,0
7278,3.311399053686803,0
7279,3.088221700863521,0
7280,15.416190768392427,0
7281,5.50771918841827,0
7282,3.277795027214804,0
7283,2.3048657054282495,0
7284,3.1603935309253144,0
7285,2.529052668979527,0
7286,2.560187496600806,0
7287,2.4997972048156085,0
7288,16.26251095415984,0
7289,5.619385594071491,0
7290,3.4187752832232756,0
7291,2.3059159190423935,0
7292,3.234686883290257,0
7293,2.564156496819332,0
7294,2.5859383982543207,0
7295,2.5128938731898827,0
7296,25.96573472132898,0
7297,7.072935784834228,0
7298,3.7684265680213795,0
7299,2.4413276999374984,0
7300,3.629944917236007,0
7301,2.79973871774502,0
7302,2.8184092426994023,0
7303,2.719642118983909,0
7304,28.34007350128003,0
7305,8.132942449175658,0
7306,4.130564684254957,0
7307,2.51493740809588,0
7308,3.959182229091999,0
7309,2.91908591597943,0
7310,2.96018975928263,0
7311,2.8368410446447365,0
7312,24.296669238340495,0
7313,7.066661477915455,0
7314,3.8108686511766767,0
7315,2.482113410375275,0
7316,3.656895419568015,0
7317,2.791429892486273,0
7318,2.8217997846783187,0
7319,2.7274732625691778,0
7320,20.61197341083735,0
7321,6.602093465443737,0
7322,3.596977429341918,0
7323,2.39555616101549,0
7324,3.508282023957931,0
7325,2.6643812420578055,0
7326,2.7208393117488936,0
7327,2.6463183133899872,0
7328,112.56315440851432,0
7329,16.84167060036435,0
7330,6.37230131649457,0
7331,2.95606394721341,0
7332,6.289756567985319,0
7333,3.820280251036964,0
7334,3.911080699979345,0
7335,3.6366169196868214,0
7336,16.446643152552777,0
7337,5.424193855780495,0
7338,3.2923299964760018,0
7339,2.2943583756278976,0
7340,3.188859317837356,0
7341,2.529279845927556,0
7342,2.5802274272665113,0
7343,2.4836134375140464,0
7344,0.0,-1
7345,0.0,-1
7346,0.0,-1
7347,0.0,-1
7348,0.0,-1
7349,0.0,-1
7350,0.0,-1
7351,0.0,-1
7352,0.0,-1
7353,0.0,-1
7354,0.0,-1
7355,0.0,-1
7356,0.0,-1
7357,0.0,-1
7358,0.0,-1
7359,0.0,-1
7360,0.0,-1
7361,0.0,-1
7362,0.0,-1
7363,0.0,-1
7364,0.0,-1
7365,0.0,-1
7366,0.0,-1
7367,0.0,-1
7368,0.0,-1
7369,0.0,-1
7370,0.0,-1
7371,0.0,-1
7372,0.0,-1
7373,0.0,-1
7374,0.0,-1
7375,0.0,-1
7376,0.0,-1
7377,0.0,-1
7378,0.0,-1
7379,0.0,-1
7380,0.0,-1
7381,0.0,-1
7382,0.0,-1
7383,0.0,-1
7384,0.0,-1
7385,0.0,-1
7386,0.0,-1
7387,0.0,-1
7388,0.0,-1
7389,0.0,-1
7390,0.0,-1
7391,0.0,-1
7392,0.0,-1
7393,0.0,-1
7394,0.0,-1
7395,0.0,-1
7396,0.0,-1
7397,0.0,-1
7398,0.0,-1
7399,0.0,-1
7400,0.0,-1
7401,0.0,-1
7402,0.0,-1
7403,0.0,-1
7404,0.0,-1
7405,0.0,-1
7406,0.0,-1
7407,0.0,-1
7408,0.0,-1
7409,0.0,-1
7410,0.0,-1
7411,0.0,-1
7412,0.0,-1
7413,0.0,-1
7414,0.0,-1
7415,0.0,-1
7416,0.0,-1
7417,0.0,-1
7418,0.0,-1
7419,0.0,-1
7420,0.0,-1
7421,0.0,-1
7422,0.0,-1
7423,0.0,-1
7424,0.0,-1
7425,0.0,-1
7426,0.0,-1
7427,0.0,-1
7428,0.0,-1
7429,0.0,-1
7430,0.0,-1
7431,0.0,-1
7432,0.0,-1
7433,0.0,-1
7434,0.0,-1
7435,0.0,-1
7436,0.0,-1
7437,0.0,-1
7438,0.0,-1
7439,0.0,-1
7440,0.0,-1
7441,0.0,-1
7442,0.0,-1
7443,0.0,-1
7444,0.0,-1
7445,0.0,-1
7446,0.0,-1
7447,0.0,-1
7448,0.0,-1
7449,0.0,-1
7450,0.0,-1
7451,0.0,-1
7452,0.0,-1
7453,0.0,-1
7454,0.0,-1
7455,0.0,-1
7456,0.0,-1
7457,0.0,-1
7458,0.0,-1
7459,0.0,-1
7460,0.0,-1
7461,0.0,-1
7462,0.0,-1
7463,0.0,-1
7464,0.0,-1
7465,0.0,-1
7466,0.0,-1
7467,0.0,-1
7468,0.0,-1
7469,0.0,-1
7470,0.0,-1
7471,0.0,-1
7472,0.0,-1
7473,0.0,-1
7474,0.0,-1
7475,0.0,-1
7476,0.0,-1
7477,0.0,-1
7478,0.0,-1
7479,0.0,-1
7480,0.0,-1
7481,0.0,-1
7482,0.0,-1
7483,0.0,-1
7484,0.0,-1
7485,0.0,-1
7486,0.0,-1
7487,0.0,-1
7488,0.0,-1
7489,0.0,-1
7490,0.0,-1
7491,0.0,-1
7492,0.0,-1
7493,0.0,-1
7494,0.0,-1
7495,0.0,-1
7496,0.0,-1
7497,0.0,-1
7498,0.0,-1
7499,0.0,-1
7500,0.0,-1
7501,0.0,-1
7502,0.0,-1
7503,0.0,-1
7504,0.0,-1
7505,0.0,-1
7506,0.0,-1
7507,0.0,-1
7508,0.0,-1
7509,0.0,-1
7510,0.0,-1
7511,0.0,-1
7512,0.0,-1
7513,0.0,-1
7514,0.0,-1
7515,0.0,-1
7516,0.0,-1
7517,0.0,-1
7518,0.0,-1
7519,0.0,-1
7520,0.0,-1
7521,0.0,-1
7522,0.0,-1
7523,0.0,-1
7524,0.0,-1
7525,0.0,-1
7526,0.0,-1
7527,0.0,-1
7528,0.0,-1
7529,0.0,-1
7530,0.0,-1
7531,0.0,-1
7532,0.0,-1
7533,0.0,-1
7534,0.0,-1
7535,0.0,-1
7536,0.0,-1
7537,0.0,-1
7538,0.0,-1
7539,0.0,-1
7540,0.0,-1
7541,0.0,-1
7542,0.0,-1
7543,0.0,-1
7544,0.0,-1
7545,0.0,-1
7546,0.0,-1
7547,0.0,-1
7548,0.0,-1
7549,0.0,-1
7550,0.0,-1
7551,0.0,-1
7552,0.0,-1
7553,0.0,-1
7554,0.0,-1
7555,0.0,-1
7556,0.0,-1
7557,0.0,-1
7558,0.0,-1
7559,0.0,-1
7560,0.0,-1
7561,0.0,-1
7562,0.0,-1
7563,0.0,-1
7564,0.0,-1
7565,0.0,-1
7566,0.0,-1
7567,0.0,-1
7568,0.0,-1
7569,0.0,-1
7570,0.0,-1
7571,0.0,-1
7572,0.0,-1
7573,0.0,-1
7574,0.0,-1
7575,0.0,-1
7576,0.0,-1
7577,0.0,-1
7578,0.0,-1
7579,0.0,-1
7580,0.0,-1
7581,0.0,-1
7582,0.0,-1
7583,0.0,-1
7584,0.0,-1
7585,0.0,-1
7586,0.0,-1
7587,0.0,-1
7588,0.0,-1
7589,0.0,-1
7590,0.0,-1
7591,0.0,-1
7592,0.0,-1
7593,0.0,-1
7594,0.0,-1
7595,0.0,-1
7596,0.0,-1
7597,0.0,-1
7598,0.0,-1
7599,0.0,-1
7600,0.0,-1
7601,0.0,-1
7602,0.0,-1
7603,0.0,-1
7604,0.0,-1
7605,0.0,-1
7606,0.0,-1
7607,0.0,-1
7608,0.0,-1
7609,0.0,-1
7610,0.0,-1
7611,0.0,-1
7612,0.0,-1
7613,0.0,-1
7614,0.0,-1
7615,0.0,-1
7616,0.0,-1
7617,0.0,-1
7618,0.0,-1
7619,0.0,-1
7620,0.0,-1
7621,0.0,-1
7622,0.0,-1
7623,0.0,-1
7624,0.0,-1
7625,0.0,-1
7626,0.0,-1
7627,0.0,-1
7628,0.0,-1
7629,0.0,-1
7630,0.0,-1
7631,0.0,-1
7632,0.0,-1
7633,0.0,-1
7634,0.0,-1
7635,0.0,-1
7636,0.0,-1
7637,0.0,-1
7638,0.0,-1
7639,0.0,-1
7640,0.0,-1
7641,0.0,-1
7642,0.0,-1
7643,0.0,-1
7644,0.0,-1
7645,0.0,-1
7646,0.0,-1
7647,0.0,-1
7648,0.0,-1
7649,0.0,-1
7650,0.0,-1
7651,0.0,-1
7652,0.0,-1
7653,0.0,-1
7654,0.0,-1
7655,0.0,-1
7656,0.0,-1
7657,0.0,-1
7658,0.0,-1
7659,0.0,-1
7660,0.0,-1
7661,0.0,-1
7662,0.0,-1
7663,0.0,-1
7664,0.0,-1
7665,0.0,-1
7666,0.0,-1
7667,0.0,-1
7668,0.0,-1
7669,0.0,-1
7670,0.0,-1
7671,0.0,-1
7672,0.0,-1
7673,0.0,-1
7674,0.0,-1
7675,0.0,-1
7676,0.0,-1
7677,0.0,-1
7678,0.0,-1
7679,0.0,-1
7680,0.0,-1
7681,0.0,-1
7682,0.0,-1
7683,0.0,-1
7684,0.0,-1
7685,0.0,-1
7686,0.0,-1
7687,0.0,-1
7688,0.0,-1
7689,0.0,-1
7690,0.0,-1
7691,0.0,-1
7692,0.0,-1
7693,0.0,-1
7694,0.0,-1
7695,0.0,-1
7696,0.0,-1
7697,0.0,-1
7698,0.0,-1
7699,0.0,-1
7700,0.0,-1
7701,0.0,-1
7702,0.0,-1
7703,0.0,-1
7704,0.0,-1
7705,0.0,-1
7706,0.0,-1
7707,0.0,-1
7708,0.0,-1
7709,0.0,-1
7710,0.0,-1
7711,0.0,-1
7712,0.0,-1
7713,0.0,-1
7714,0.0,-1
7715,0.0,-1
7716,0.0,-1
7717,0.0,-1
7718,0.0,-1
7719,0.0,-1
7720,0.0,-1
7721,0.0,-1
7722,0.0,-1
7723,0.0,-1
7724,0.0,-1
7725,0.0,-1
7726,0.0,-1
7727,0.0,-1
7728,0.0,-1
7729,0.0,-1
7730,0.0,-1
7731,0.0,-1
7732,0.0,-1
7733,0.0,-1
7734,0.0,-1
7735,0.0,-1
7736,0.0,-1
7737,0.0,-1
7738,0.0,-1
7739,0.0,-1
7740,0.0,-1
7741,0.0,-1
7742,0.0,-1
7743,0.0,-1
7744,0.0,-1
7745,0.0,-1
7746,0.0,-1
7747,0.0,-1
7748,0.0,-1
7749,0.0,-1
7750,0.0,-1
7751,0.0,-1
7752,0.0,-1
7753,0.0,-1
7754,0.0,-1
7755,0.0,-1
7756,0.0,-1
7757,0.0,-1
7758,0.0,-1
7759,0.0,-1
7760,0.0,-1
7761,0.0,-1
7762,0.0,-1
7763,0.0,-1
7764,0.0,-1
7765,0.0,-1
7766,0.0,-1
7767,0.0,-1
7768,0.0,-1
7769,0.0,-1
7770,0.0,-1
7771,0.0,-1
7772,0.0,-1
7773,0.0,-1
7774,0.0,-1
7775,0.0,-1
7776,0.0,-1
7777,0.0,-1
7778,0.0,-1
7779,0.0,-1
7780,0.0,-1
7781,0.0,-1
7782,0.0,-1
7783,0.0,-1
7784,0.0,-1
7785,0.0,-1
7786,0.0,-1
7787,0.0,-1
7788,0.0,-1
7789,0.0,-1
7790,0.0,-1
7791,0.0,-1
7792,0.0,-1
7793,0.0,-1
7794,0.0,-1
7795,0.0,-1
7796,0.0,-1
7797,0.0,-1
7798,0.0,-1
7799,0.0,-1
7800,0.0,-1
7801,0.0,-1
7802,0.0,-1
7803,0.0,-1
7804,0.0,-1
7805,0.0,-1
7806,0.0,-1
7807,0.0,-1
7808,0.0,-1
7809,0.0,-1
7810,0.0,-1
7811,0.0,-1
7812,0.0,-1
7813,0.0,-1
7814,0.0,-1
7815,0.0,-1
7816,0.0,-1
7817,0.0,-1
7818,0.0,-1
7819,0.0,-1
7820,0.0,-1
7821,0.0,-1
7822,0.0,-1
7823,0.0,-1
7824,0.0,-1
7825,0.0,-1
7826,0.0,-1
7827,0.0,-1
7828,0.0,-1
7829,0.0,-1
7830,0.0,-1
7831,0.0,-1
7832,0.0,-1
7833,0.0,-1
7834,0.0,-1
7835,0.0,-1
7836,0.0,-1
7837,0.0,-1
7838,0.0,-1
7839,0.0,-1
7840,0.0,-1
7841,0.0,-1
7842,0.0,-1
7843,0.0,-1
7844,0.0,-1
7845,0.0,-1
7846,0.0,-1
7847,0.0,-1
7848,0.0,-1
7849,0.0,-1
7850,0.0,-1
7851,0.0,-1
7852,0.0,-1
7853,0.0,-1
7854,0.0,-1
7855,0.0,-1
7856,0.0,-1
7857,0.0,-1
7858,0.0,-1
7859,0.0,-1
7860,0.0,-1
7861,0.0,-1
7862,0.0,-1
7863,0.0,-1
7864,0.0,-1
7865,0.0,-1
7866,0.0,-1
7867,0.0,-1
7868,0.0,-1
7869,0.0,-1
7870,0.0,-1
7871,0.0,-1
7872,0.0,-1
7873,0.0,-1
7874,0.0,-1
7875,0.0,-1
7876,0.0,-1
7877,0.0,-1
7878,0.0,-1
7879,0.0,-1
7880,0.0,-1
7881,0.0,-1
7882,0.0,-1
7883,0.0,-1
7884,0.0,-1
7885,0.0,-1
7886,0.0,-1
7887,0.0,-1
7888,0.0,-1
7889,0.0,-1
7890,0.0,-1
7891,0.0,-1
7892,0.0,-1
7893,0.0,-1
7894,0.0,-1
7895,0.0,-1
7896,0.0,-1
7897,0.0,-1
7898,0.0,-1
7899,0.0,-1
7900,0.0,-1
7901,0.0,-1
7902,0.0,-1
7903,0.0,-1
7904,0.0,-1
7905,0.0,-1
7906,0.0,-1
7907,0.0,-1
7908,0.0,-1
7909,0.0,-1
7910,0.0,-1
7911,0.0,-1
7912,0.0,-1
7913,0.0,-1
7914,0.0,-1
7915,0.0,-1
7916,0.0,-1
7917,0.0,-1
7918,0.0,-1
7919,0.0,-1
7920,0.0,-1
7921,0.0,-1
7922,0.0,-1
7923,0.0,-1
7924,0.0,-1
7925,0.0,-1
7926,0.0,-1
7927,0.0,-1
7928,0.0,-1
7929,0.0,-1
7930,0.0,-1
7931,0.0,-1
7932,0.0,-1
7933,0.0,-1
7934,0.0,-1
7935,0.0,-1
7936,0.0,-1
7937,0.0,-1
7938,0.0,-1
7939,0.0,-1
7940,0.0,-1
7941,0.0,-1
7942,0.0,-1
7943,0.0,-1
7944,0.0,-1
7945,0.0,-1
7946,0.0,-1
7947,0.0,-1
7948,0.0,-1
7949,0.0,-1
7950,0.0,-1
7951,0.0,-1
7952,0.0,-1
7953,0.0,-1
7954,0.0,-1
7955,0.0,-1
7956,0.0,-1
7957,0.0,-1
7958,0.0,-1
7959,0.0,-1
7960,0.0,-1
7961,0.0,-1
7962,0.0,-1
7963,0.0,-1
7964,0.0,-1
7965,0.0,-1
7966,0.0,-1
7967,0.0,-1
7968,0.0,-1
7969,0.0,-1
7970,0.0,-1
7971,0.0,-1
7972,0.0,-1
7973,0.0,-1
7974,0.0,-1
7975,0.0,-1
7976,0.0,-1
7977,0.0,-1
7978,0.0,-1
7979,0.0,-1
7980,0.0,-1
7981,0.0,-1
7982,0.0,-1
7983,0.0,-1
7984,0.0,-1
7985,0.0,-1
7986,0.0,-1
7987,0.0,-1
7988,0.0,-1
7989,0.0,-1
7990,0.0,-1
7991,0.0,-1
7992,0.0,-1
7993,0.0,-1
7994,0.0,-1
7995,0.0,-1
7996,0.0,-1
7997,0.0,-1
7998,0.0,-1
7999,0.0,-1
8000,0.0,-1
8001,0.0,-1
8002,0.0,-1
8003,0.0,-1
8004,0.0,-1
8005,0.0,-1
8006,0.0,-1
8007,0.0,-1
8008,0.0,-1
8009,0.0,-1
8010,0.0,-1
8011,0.0,-1
8012,0.0,-1
8013,0.0,-1
8014,0.0,-1
8015,0.0,-1
8016,0.0,-1
8017,0.0,-1
8018,0.0,-1
8019,0.0,-1
8020,0.0,-1
8021,0.0,-1
8022,0.0,-1
8023,0.0,-1
8024,0.0,-1
8025,0.0,-1
8026,0.0,-1
8027,0.0,-1
8028,0.0,-1
8029,0.0,-1
8030,0.0,-1
8031,0.0,-1
8032,0.0,-1
8033,0.0,-1
8034,0.0,-1
8035,0.0,-1
8036,0.0,-1
8037,0.0,-1
8038,0.0,-1
8039,0.0,-1
8040,0.0,-1
8041,0.0,-1
8042,0.0,-1
8043,0.0,-1
8044,0.0,-1
8045,0.0,-1
8046,0.0,-1
8047,0.0,-1
8048,0.0,-1
8049,0.0,-1
8050,0.0,-1
8051,0.0,-1
8052,0.0,-1
8053,0.0,-1
8054,0.0,-1
8055,0.0,-1
8056,0.0,-1
8057,0.0,-1
8058,0.0,-1
8059,0.0,-1
8060,0.0,-1
8061,0.0,-1
8062,0.0,-1
8063,0.0,-1
8064,0.0,-1
8065,0.0,-1
8066,0.0,-1
8067,0.0,-1
8068,0.0,-1
8069,0.0,-1
8070,0.0,-1
8071,0.0,-1
8072,0.0,-1
8073,0.0,-1
8074,0.0,-1
8075,0.0,-1
8076,0.0,-1
8077,0.0,-1
8078,0.0,-1
8079,0.0,-1
8080,0.0,-1
8081,0.0,-1
8082,0.0,-1
8083,0.0,-1
8084,0.0,-1
8085,0.0,-1
8086,0.0,-1
8087,0.0,-1
8088,0.0,-1
8089,0.0,-1
8090,0.0,-1
8091,0.0,-1
8092,0.0,-1
8093,0.0,-1
8094,0.0,-1
8095,0.0,-1
8096,0.0,-1
8097,0.0,-1
8098,0.0,-1
8099,0.0,-1
8100,0.0,-1
8101,0.0,-1
8102,0.0,-1
8103,0.0,-1
8104,0.0,-1
8105,0.0,-1
8106,0.0,-1
8107,0.0,-1
8108,0.0,-1
8109,0.0,-1
8110,0.0,-1
8111,0.0,-1
8112,0.0,-1
8113,0.0,-1
8114,0.0,-1
8115,0.0,-1
8116,0.0,-1
8117,0.0,-1
8118,0.0,-1
8119,0.0,-1
8120,0.0,-1
8121,0.0,-1
8122,0.0,-1
8123,0.0,-1
8124,0.0,-1
8125,0.0,-1
8126,0.0,-1
8127,0.0,-1
8128,0.0,-1
8129,0.0,-1
8130,0.0,-1
8131,0.0,-1
8132,0.0,-1
8133,0.0,-1
8134,0.0,-1
8135,0.0,-1
8136,0.0,-1
8137,0.0,-1
8138,0.0,-1
8139,0.0,-1
8140,0.0,-1
8141,0.0,-1
8142,0.0,-1
8143,0.0,-1
8144,0.0,-1
8145,0.0,-1
8146,0.0,-1
8147,0.0,-1
8148,0.0,-1
8149,0.0,-1
8150,0.0,-1
8151,0.0,-1
8152,0.0,-1
8153,0.0,-1
8154,0.0,-1
8155,0.0,-1
8156,0.0,-1
8157,0.0,-1
8158,0.0,-1
8159,0.0,-1
8160,0.0,-1
8161,0.0,-1
8162,0.0,-1
8163,0.0,-1
8164,0.0,-1
8165,0.0,-1
8166,0.0,-1
8167,0.0,-1
8168,0.0,-1
8169,0.0,-1
8170,0.0,-1
8171,0.0,-1
8172,0.0,-1
8173,0.0,-1
8174,0.0,-1
8175,0.0,-1
8176,0.0,-1
8177,0.0,-1
8178,0.0,-1
8179,0.0,-1
8180,0.0,-1
8181,0.0,-1
8182,0.0,-1
8183,0.0,-1
8184,0.0,-1
8185,0.0,-1
8186,0.0,-1
8187,0.0,-1
8188,0.0,-1
8189,0.0,-1
8190,0.0,-1
8191,0.0,-1
8192,0.0,-1
8193,0.0,-1
8194,0.0,-1
8195,0.0,-1
8196,0.0,-1
8197,0.0,-1
8198,0.0,-1
8199,0.0,-1
8200,0.0,-1
8201,0.0,-1
8202,0.0,-1
8203,0.0,-1
8204,0.0,-1
8205,0.0,-1
8206,0.0,-1
8207,0.0,-1
8208,0.0,-1
8209,0.0,-1
8210,0.0,-1
8211,0.0,-1
8212,0.0,-1
8213,0.0,-1
8214,0.0,-1
8215,0.0,-1
8216,0.0,-1
8217,0.0,-1
8218,0.0,-1
8219,0.0,-1
8220,0.0,-1
8221,0.0,-1
8222,0.0,-1
8223,0.0,-1
8224,0.0,-1
8225,0.0,-1
8226,0.0,-1
8227,0.0,-1
8228,0.0,-1
8229,0.0,-1
8230,0.0,-1
8231,0.0,-1
8232,0.0,-1
8233,0.0,-1
8234,0.0,-1
8235,0.0,-1
8236,0.0,-1
8237,0.0,-1
8238,0.0,-1
8239,0.0,-1
8240,0.0,-1
8241,0.0,-1
8242,0.0,-1
8243,0.0,-1
8244,0.0,-1
8245,0.0,-1
8246,0.0,-1
8247,0.0,-1
8248,0.0,-1
8249,0.0,-1
8250,0.0,-1
8251,0.0,-1
8252,0.0,-1
8253,0.0,-1
8254,0.0,-1
8255,0.0,-1
8256,0.0,-1
8257,0.0,-1
8258,0.0,-1
8259,0.0,-1
8260,0.0,-1
8261,0.0,-1
8262,0.0,-1
8263,0.0,-1
8264,0.0,-1
8265,0.0,-1
8266,0.0,-1
8267,0.0,-1
8268,0.0,-1
8269,0.0,-1
8270,0.0,-1
8271,0.0,-1
8272,0.0,-1
8273,0.0,-1
8274,0.0,-1
8275,0.0,-1
8276,0.0,-1
8277,0.0,-1
8278,0.0,-1
8279,0.0,-1
8280,0.0,-1
8281,0.0,-1
8282,0.0,-1
8283,0.0,-1
8284,0.0,-1
8285,0.0,-1
8286,0.0,-1
8287,0.0,-1
8288,0.0,-1
8289,0.0,-1
8290,0.0,-1
8291,0.0,-1
8292,0.0,-1
8293,0.0,-1
8294,0.0,-1
8295,0.0,-1
8296,0.0,-1
8297,0.0,-1
8298,0.0,-1
8299,0.0,-1
8300,0.0,-1
8301,0.0,-1
8302,0.0,-1
8303,0.0,-1
8304,0.0,-1
8305,0.0,-1
8306,0.0,-1
8307,0.0,-1
8308,0.0,-1
8309,0.0,-1
8310,0.0,-1
8311,0.0,-1
8312,0.0,-1
8313,0.0,-1
8314,0.0,-1
8315,0.0,-1
8316,0.0,-1
8317,0.0,-1
8318,0.0,-1
8319,0.0,-1
8320,0.0,-1
8321,0.0,-1
8322,0.0,-1
8323,0.0,-1
8324,0.0,-1
8325,0.0,-1
8326,0.0,-1
8327,0.0,-1
8328,0.0,-1
8329,0.0,-1
8330,0.0,-1
8331,0.0,-1
8332,0.0,-1
8333,0.0,-1
8334,0.0,-1
8335,0.0,-1
8336,0.0,-1
8337,0.0,-1
8338,0.0,-1
8339,0.0,-1
8340,0.0,-1
8341,0.0,-1
8342,0.0,-1
8343,0.0,-1
8344,0.0,-1
8345,0.0,-1
8346,0.0,-1
8347,0.0,-1
8348,0.0,-1
8349,0.0,-1
8350,0.0,-1
8351,0.0,-1
8352,0.0,-1
8353,0.0,-1
8354,0.0,-1
8355,0.0,-1
8356,0.0,-1
8357,0.0,-1
8358,0.0,-1
8359,0.0,-1
8360,0.0,-1
8361,0.0,-1
8362,0.0,-1
8363,0.0,-1
8364,0.0,-1
8365,0.0,-1
8366,0.0,-1
8367,0.0,-1
8368,0.0,-1
8369,0.0,-1
8370,0.0,-1
8371,0.0,-1
8372,0.0,-1
8373,0.0,-1
8374,0.0,-1
8375,0.0,-1
8376,0.0,-1
8377,0.0,-1
8378,0.0,-1
8379,0.0,-1
8380,0.0,-1
8381,0.0,-1
8382,0.0,-1
8383,0.0,-1
8384,0.0,-1
8385,0.0,-1
8386,0.0,-1
8387,0.0,-1
8388,0.0,-1
8389,0.0,-1
8390,0.0,-1
8391,0.0,-1
8392,0.0,-1
8393,0.0,-1
8394,0.0,-1
8395,0.0,-1
8396,0.0,-1
8397,0.0,-1
8398,0.0,-1
8399,0.0,-1
8400,0.0,-1
8401,0.0,-1
8402,0.0,-1
8403,0.0,-1
8404,0.0,-1
8405,0.0,-1
8406,0.0,-1
8407,0.0,-1
8408,0.0,-1
8409,0.0,-1
8410,0.0,-1
8411,0.0,-1
8412,0.0,-1
8413,0.0,-1
8414,0.0,-1
8415,0.0,-1
8416,0.0,-1
8417,0.0,-1
8418,0.0,-1
8419,0.0,-1
8420,0.0,-1
8421,0.0,-1
8422,0.0,-1
8423,0.0,-1
8424,0.0,-1
8425,0.0,-1
8426,0.0,-1
8427,0.0,-1
8428,0.0,-1
8429,0.0,-1
8430,0.0,-1
8431,0.0,-1
8432,0.0,-1
8433,0.0,-1
8434,0.0,-1
8435,0.0,-1
8436,0.0,-1
8437,0.0,-1
8438,0.0,-1
8439,0.0,-1
8440,0.0,-1
8441,0.0,-1
8442,0.0,-1
8443,0.0,-1
8444,0.0,-1
8445,0.0,-1
8446,0.0,-1
8447,0.0,-1
8448,0.0,-1
8449,0.0,-1
8450,0.0,-1
8451,0.0,-1
8452,0.0,-1
8453,0.0,-1
8454,0.0,-1
8455,0.0,-1
8456,0.0,-1
8457,0.0,-1
8458,0.0,-1
8459,0.0,-1
8460,0.0,-1
8461,0.0,-1
8462,0.0,-1
8463,0.0,-1
8464,0.0,-1
8465,0.0,-1
8466,0.0,-1
8467,0.0,-1
8468,0.0,-1
8469,0.0,-1
8470,0.0,-1
8471,0.0,-1
8472,0.0,-1
8473,0.0,-1
8474,0.0,-1
8475,0.0,-1
8476,0.0,-1
8477,0.0,-1
8478,0.0,-1
8479,0.0,-1
8480,0.0,-1
8481,0.0,-1
8482,0.0,-1
8483,0.0,-1
8484,0.0,-1
8485,0.0,-1
8486,0.0,-1
8487,0.0,-1
8488,0.0,-1
8489,0.0,-1
8490,0.0,-1
8491,0.0,-1
8492,0.0,-1
8493,0.0,-1
8494,0.0,-1
8495,0.0,-1
8496,0.0,-1
8497,0.0,-1
8498,0.0,-1
8499,0.0,-1
8500,0.0,-1
8501,0.0,-1
8502,0.0,-1
8503,0.0,-1
8504,0.0,-1
8505,0.0,-1
8506,0.0,-1
8507,0.0,-1
8508,0.0,-1
8509,0.0,-1
8510,0.0,-1
8511,0.0,-1
8512,0.0,-1
8513,0.0,-1
8514,0.0,-1
8515,0.0,-1
8516,0.0,-1
8517,0.0,-1
8518,0.0,-1
8519,0.0,-1
8520,0.0,-1
8521,0.0,-1
8522,0.0,-1
8523,0.0,-1
8524,0.0,-1
8525,0.0,-1
8526,0.0,-1
8527,0.0,-1
8528,0.0,-1
8529,0.0,-1
8530,0.0,-1
8531,0.0,-1
8532,0.0,-1
8533,0.0,-1
8534,0.0,-1
8535,0.0,-1
8536,0.0,-1
8537,0.0,-1
8538,0.0,-1
8539,0.0,-1
8540,0.0,-1
8541,0.0,-1
8542,0.0,-1
8543,0.0,-1
8544,0.0,-1
8545,0.0,-1
8546,0.0,-1
8547,0.0,-1
8548,0.0,-1
8549,0.0,-1
8550,0.0,-1
8551,0.0,-1
8552,0.0,-1
8553,0.0,-1
8554,0.0,-1
8555,0.0,-1
8556,0.0,-1
8557,0.0,-1
8558,0.0,-1
8559,0.0,-1
8560,0.0,-1
8561,0.0,-1
8562,0.0,-1
8563,0.0,-1
8564,0.0,-1
8565,0.0,-1
8566,0.0,-1
8567,0.0,-1
8568,12.697749377062957,4
8569,5.014040547536889,4
8570,3.367465618097038,4
8571,2.131813664026456,4
8572,3.326368978618054,4
8573,2.4625768065515214,4
8574,2.6280786572594863,4
8575,2.4043372223991715,4
8576,16.935598133325804,4
8577,5.719611290209076,4
8578,3.614578343246348,4
8579,2.215536187092988,4
8580,3.699095955266253,4
8581,2.639501462827159,4
8582,2.7660486077169013,4
8583,2.5405380304417604,4
8584,17.626111776232367,4
8585,5.744540033145554,4
8586,3.741838788114837,4
8587,2.2455446572604454,4
8588,3.683979185383319,4
8589,2.636419926981521,4
8590,2.7746133868427023,4
8591,2.563396618668676,4
8592,14.538658602479673,4
8593,5.543882601865536,4
8594,3.553823156955796,4
8595,2.1988122204521674,4
8596,3.425444032117974,4
8597,2.568255934242367,4
8598,2.677877524742065,4
8599,2.4894643935211134,4
8600,13.54967387767928,4
8601,5.066410337779555,4
8602,3.409025020209036,4
8603,2.168752539822658,4
8604,3.3356761341081707,4
8605,2.5325485572610917,4
8606,2.5931092821499386,4
8607,2.444680363680857,4
8608,17.648428486420627,4
8609,5.697022297916519,4
8610,3.742156740786361,4
8611,2.260156506060392,4
8612,3.6000442977645224,4
8613,2.6436216896047386,4
8614,2.7955085894618446,4
8615,2.559105237119987,4
8616,15.605746367693563,4
8617,5.44336532793123,4
8618,3.587281480653195,4
8619,2.200764209642501,4
8620,3.5171583580401746,4
8621,2.6029799977818993,4
8622,2.6516089960080573,4
8623,2.484146693439028,4
8624,23.92672506552765,4
8625,6.877101636690338,4
8626,4.0618065553628275,4
8627,2.3259726405252836,4
8628,4.077269608545666,4
8629,2.8139375168478638,4
8630,2.988028907928376,4
8631,2.7064984182767806,4
8632,23.20060283893015,4
8633,6.484720094085888,4
8634,3.986501868948404,4
8635,2.280582767767846,4
8636,3.9933458190826188,4
8637,2.8217538042917063,4
8638,2.9588005682833907,4
8639,2.6379098742194023,4
8640,14.037757165532465,4
8641,5.27976010336254,4
8642,3.449853555450552,4
8643,2.1832613900405637,4
8644,3.377825695790791,4
8645,2.53495916706324,4
8646,2.6470466250089766,4
8647,2.4497266928766366,4
8648,16.473327368670134,4
8649,5.9428679633364005,4
8650,3.5421842209328656,4
8651,2.208817529932125,4
8652,3.5186867026540547,4
8653,2.6215655515205607,4
8654,2.716840670178041,4
8655,2.5317871340472045,4
8656,9.528667795810822,4
8657,4.244760344706545,4
8658,2.9876112351678508,4
8659,2.0576016766981033,4
8660,2.953393409116038,4
8661,2.3260971793939156,4
8662,2.4043902435878013,4
8663,2.2638408601380045,4
8664,12.337718853776426,4
8665,4.833495297533017,4
8666,3.277772490673809,4
8667,2.146153381246626,4
8668,3.258898002774657,4
8669,2.491462431454365,4
8670,2.573819520426918,4
8671,2.417653865197858,4
8672,14.143967359472253,4
8673,5.145094273800703,4
8674,3.4140710338888236,4
8675,2.169477518871582,4
8676,3.3845500052452646,4
8677,2.527972180220838,4
8678,2.686359838759378,4
8679,2.462060468178275,4
8680,16.759450617557608,4
8681,5.5699524203273265,4
8682,3.5993443516931065,4
8683,2.207838930451605,4
8684,3.5128327947054663,4
8685,2.5904934069180343,4
8686,2.7390137974223965,4
8687,2.500417411313703,4
8688,24.289146163811445,4
8689,6.8039934071425545,4
8690,4.163999431174512,4
8691,2.310056024954782,4
8692,4.206705881225237,4
8693,2.8186093935632797,4
8694,2.988517025579085,4
8695,2.685305619532045,4
8696,13.058282416473471,4
8697,4.862034064165768,4
8698,3.2914948508992246,4
8699,2.1466332353410316,4
8700,3.298375892229383,4
8701,2.4712866981256725,4
8702,2.5735470105431366,4
8703,2.3976455453129444,4
8704,40.100201161941456,4
8705,8.657705193290719,4
8706,5.043898964913559,4
8707,2.45161378376235,4
8708,5.065606866419681,4
8709,3.20488470512357,4
8710,3.4978104078977252,4
8711,3.0048273504937515,4
8712,15.583157037343991,4
8713,5.525375813869309,4
8714,3.5204573170429847,4
8715,2.1927311011496156,4
8716,3.543608200603287,4
8717,2.5926992279741254,4
8718,2.7260932804936497,4
8719,2.4729797468345374,4
8720,23.606161190164276,4
8721,7.352634766358434,4
8722,4.203161820878849,4
8723,2.36314929626368,4
8724,4.228610124230072,4
8725,2.8918997889183617,4
8726,3.027448285382256,4
8727,2.733302295641449,4
8728,29.207860844763527,4
8729,8.013993506509674,4
8730,4.615361647368667,4
8731,2.3330816095834384,4
8732,4.355240545240594,4
8733,2.9600460560183763,4
8734,3.0937132276954795,4
8735,2.82158674154491,4
8736,34.852018329232386,4
8737,7.956000403616829,4
8738,4.467242188474626,4
8739,2.3936349943049726,4
8740,4.5322483801483955,4
8741,2.9676320964312386,4
8742,3.1382377181218235,4
8743,2.8306732792561595,4
8744,17.705029311238324,4
8745,5.59883025041562,4
8746,3.5800266382738615,4
8747,2.224364208294452,4
8748,3.5727018752565174,4
8749,2.620256763863619,4
8750,2.7888612536760213,4
8751,2.525477785342872,4
8752,12.804236489599184,4
8753,4.903816606148011,4
8754,3.3228410522027723,4
8755,2.1533478427141297,4
8756,3.255144207759207,4
8757,2.498250945932722,4
8758,2.582604773154375,4
8759,2.404414091774915,4
8760,22.55424328231814,4
8761,6.7932891241884805,4
8762,4.100210730867872,4
8763,2.310560877625271,4
8764,4.107997639129571,4
8765,2.8095932686740537,4
8766,2.970915690689234,4
8767,2.6743620577036222,4
8768,17.161304772400314,4
8769,5.606311813105657,4
8770,3.7361441062633887,4
8771,2.2167624184031145,4
8772,3.633977374763849,4
8773,2.643944633990735,4
8774,2.756870094535016,4
8775,2.5096257908785566,4
8776,12.706687559401422,4
8777,5.037668240231216,4
8778,3.315595125900907,4
8779,2.153107394518795,4
8780,3.247040074090084,4
8781,2.505460826661562,4
8782,2.610578822205771,4
8783,2.4142932866112212,4
8784,17.126305097006245,4
8785,5.722317515453729,4
8786,3.751655433531135,4
8787,2.2324769076371793,4
8788,3.6103176609417065,4
8789,2.625912968742256,4
8790,2.779684065678574,4
8791,2.5538454101728787,4
8792,12.003463234839522,4
8793,4.556089531664609,4
8794,3.153972137518116,4
8795,2.1081799473387832,4
8796,3.1428982094532443,4
8797,2.4297987789869233,4
8798,2.5041245596642954,4
8799,2.343199666039316,4
8800,12.190200597798565,4
8801,5.05228962796383,4
8802,3.307087059020169,4
8803,2.138257332118522,4
8804,3.196858576062568,4
8805,2.448209511416735,4
8806,2.566143384728937,4
8807,2.3736103731441784,4
8808,34.58700402802126,4
8809,7.83477418911578,4
8810,4.744566017638209,4
8811,2.408913564361947,4
8812,4.592423563519611,4
8813,3.014176821709727,4
8814,3.2972270043215337,4
8815,2.8403827434722975,4
8816,12.43848470179829,4
8817,4.869763615621244,4
8818,3.3630579321282075,4
8819,2.1615229320581717,4
8820,3.2908020497980552,4
8821,2.499444344936247,4
8822,2.6092568247557386,4
8823,2.4289301858104944,4
8824,21.79777700451885,4
8825,6.47922192294796,4
8826,3.841009847592996,4
8827,2.2058938504038843,4
8828,3.804596709231385,4
8829,2.6863531689455167,4
8830,2.9499785832956684,4
8831,2.5783875087500205,4
8832,19.708323820528623,4
8833,6.2652516561199665,4
8834,3.8864208803117295,4
8835,2.262394692157523,4
8836,3.9275780856143667,4
8837,2.735048898229143,4
8838,2.863547278722499,4
8839,2.6201445543259605,4
8840,14.277353074886703,4
8841,5.210101391542594,4
8842,3.4053282767067725,4
8843,2.1702026637884972,4
8844,3.353898164153773,4
8845,2.5158868381552555,4
8846,2.6300123227255794,4
8847,2.4428421446185746,4
8848,50.60676179461657,4
8849,9.291616373498593,4
8850,5.206524357482875,4
8851,2.498721807351154,4
8852,5.273138016705307,4
8853,3.2536997711449565,4
8854,3.534309177844327,4
8855,3.099841334996385,4
8856,16.782265528851347,4
8857,5.946011288840078,4
8858,3.7223532280190876,4
8859,2.2465347594396565,4
8860,3.6483975126594093,4
8861,2.6692882542426037,4
8862,2.7809509995290607,4
8863,2.5430753726839277,4
8864,21.344311272507912,4
8865,6.362098182623518,4
8866,3.939711106795599,4
8867,2.288454574315581,4
8868,3.9145445818053175,4
8869,2.7575406343523503,4
8870,2.917801774894027,4
8871,2.654718689837298,4
8872,27.335116505501457,4
8873,7.293344103958737,4
8874,4.205416354491591,4
8875,2.343495184126854,4
8876,4.29145853954202,4
8877,2.880514702088346,4
8878,2.9890614820814867,4
8879,2.7446223899226987,4
8880,17.964772840214767,4
8881,5.859540380524934,4
8882,3.683665103355432,4
8883,2.2319839625866473,4
8884,3.61911499506844,4
8885,2.669023598469886,4
8886,2.7906522482491765,4
8887,2.585693939092466,4
8888,18.77988656090368,4
8889,5.902221622715505,4
8890,3.7425175390544605,4
8891,2.2083281928804963,4
8892,3.543217573318535,4
8893,2.6196329394552147,4
8894,2.7880880795767355,4
8895,2.4948165135071,4
8896,11.600039056189173,4
8897,4.784038312446266,4
8898,3.188604267710586,4
8899,2.123840369022302,4
8900,3.1441217735001756,4
8901,2.4290001108573227,4
8902,2.551847569700907,4
8903,2.35678906126928,4
8904,30.97630866350111,4
8905,8.354058022882889,4
8906,4.879736974943449,4
8907,2.410213539328147,4
8908,4.7858906666733425,4
8909,3.029511013494349,4
8910,3.2668602471738755,4
8911,2.905352516467419,4
8912,13.204673385572997,4
8913,4.949915371093667,4
8914,3.2102782417142417,4
8915,2.153828794114158,4
8916,3.2658653477693904,4
8917,2.4682368104154695,4
8918,2.595741930070832,4
8919,2.4046737039993396,4
8920,12.57872918221502,4
8921,4.897517262572301,4
8922,3.32613867565217,4
8923,2.153828794114158,4
8924,3.3742401631792935,4
8925,2.501987549598527,4
8926,2.589988506772184,4
8927,2.402078472388516,4
8928,19.798999825303785,4
8929,6.112706045348559,4
8930,3.779593359530737,4
8931,2.2467823321754783,4
8932,3.7697629285327494,4
8933,2.6937117973998106,4
8934,2.8507836598952085,4
8935,2.5841077111755104,4
8936,22.34912135575801,4
8937,6.653547508347656,4
8938,3.917327031814201,4
8939,2.2962257857044417,4
8940,4.15814897938334,4
8941,2.802933330933941,4
8942,2.934326810264379,4
8943,2.6796340809489307,4
8944,16.986015437997583,4
8945,5.980823520159439,4
8946,3.74862650716412,4
8947,2.2755833886981423,4
8948,3.7233418442621145,4
8949,2.673177246828704,4
8950,2.793886710161482,4
8951,2.60037741366049,4
8952,16.33851636310446,4
8953,5.487003226015034,4
8954,3.5568813896252864,4
8955,2.215536187092988,4
8956,3.4841537777003686,4
8957,2.6068999562518504,4
8958,2.6909914797116614,4
8959,2.524913627897055,4
8960,65.16645911659121,4
8961,13.264129891989,4
8962,6.091113517563602,4
8963,2.581871278702175,4
8964,6.331952990623642,4
8965,3.5434037589847915,4
8966,3.940183581603922,4
8967,3.2771872827793227,4
8968,13.571264327923679,4
8969,4.968937867000428,4
8970,3.3564490342140774,4
8971,2.1468731898329514,4
8972,3.303295270879684,4
8973,2.4890670920150497,4
8974,2.5642940278422057,4
8975,2.398422892803815,4
8976,0.0,-1
8977,0.0,-1
8978,0.0,-1
8979,0.0,-1
8980,0.0,-1
8981,0.0,-1
8982,0.0,-1
8983,0.0,-1
8984,0.0,-1
8985,0.0,-1
8986,0.0,-1
8987,0.0,-1
8988,0.0,-1
8989,0.0,-1
8990,0.0,-1
8991,0.0,-1
8992,0.0,-1
8993,0.0,-1
8994,0.0,-1
8995,0.0,-1
8996,0.0,-1
8997,0.0,-1
8998,0.0,-1
8999,0.0,-1
9000,0.0,-1
9001,0.0,-1
9002,0.0,-1
9003,0.0,-1
9004,0.0,-1
9005,0.0,-1
9006,0.0,-1
9007,0.0,-1
9008,0.0,-1
9009,0.0,-1
9010,0.0,-1
9011,0.0,-1
9012,0.0,-1
9013,0.0,-1
9014,0.0,-1
9015,0.0,-1
9016,0.0,-1
9017,0.0,-1
9018,0.0,-1
9019,0.0,-1
9020,0.0,-1
9021,0.0,-1
9022,0.0,-1
9023,0.0,-1
9024,0.0,-1
9025,0.0,-1
9026,0.0,-1
9027,0.0,-1
9028,0.0,-1
9029,0.0,-1
9030,0.0,-1
9031,0.0,-1
9032,0.0,-1
9033,0.0,-1
9034,0.0,-1
9035,0.0,-1
9036,0.0,-1
9037,0.0,-1
9038,0.0,-1
9039,0.0,-1
9040,0.0,-1
9041,0.0,-1
9042,0.0,-1
9043,0.0,-1
9044,0.0,-1
9045,0.0,-1
9046,0.0,-1
9047,0.0,-1
9048,0.0,-1
9049,0.0,-1
9050,0.0,-1
9051,0.0,-1
9052,0.0,-1
9053,0.0,-1
9054,0.0,-1
9055,0.0,-1
9056,0.0,-1
9057,0.0,-1
9058,0.0,-1
9059,0.0,-1
9060,0.0,-1
9061,0.0,-1
9062,0.0,-1
9063,0.0,-1
9064,0.0,-1
9065,0.0,-1
9066,0.0,-1
9067,0.0,-1
9068,0.0,-1
9069,0.0,-1
9070,0.0,-1
9071,0.0,-1
9072,0.0,-1
9073,0.0,-1
9074,0.0,-1
9075,0.0,-1
9076,0.0,-1
9077,0.0,-1
9078,0.0,-1
9079,0.0,-1
9080,0.0,-1
9081,0.0,-1
9082,0.0,-1
9083,0.0,-1
9084,0.0,-1
9085,0.0,-1
9086,0.0,-1
9087,0.0,-1
9088,0.0,-1
9089,0.0,-1
9090,0.0,-1
9091,0.0,-1
9092,0.0,-1
9093,0.0,-1
9094,0.0,-1
9095,0.0,-1
9096,0.0,-1
9097,0.0,-1
9098,0.0,-1
9099,0.0,-1
9100,0.0,-1
9101,0.0,-1
9102,0.0,-1
9103,0.0,-1
9104,0.0,-1
9105,0.0,-1
9106,0.0,-1
9107,0.0,-1
9108,0.0,-1
9109,0.0,-1
9110,0.0,-1
9111,0.0,-1
9112,0.0,-1
9113,0.0,-1
9114,0.0,-1
9115,0.0,-1
9116,0.0,-1
9117,0.0,-1
9118,0.0,-1
9119,0.0,-1
9120,0.0,-1
9121,0.0,-1
9122,0.0,-1
9123,0.0,-1
9124,0.0,-1
9125,0.0,-1
9126,0.0,-1
9127,0.0,-1
9128,0.0,-1
9129,0.0,-1
9130,0.0,-1
9131,0.0,-1
9132,0.0,-1
9133,0.0,-1
9134,0.0,-1
9135,0.0,-1
9136,0.0,-1
9137,0.0,-1
9138,0.0,-1
9139,0.0,-1
9140,0.0,-1
9141,0.0,-1
9142,0.0,-1
9143,0.0,-1
9144,0.0,-1
9145,0.0,-1
9146,0.0,-1
9147,0.0,-1
9148,0.0,-1
9149,0.0,-1
9150,0.0,-1
9151,0.0,-1
9152,0.0,-1
9153,0.0,-1
9154,0.0,-1
9155,0.0,-1
9156,0.0,-1
9157,0.0,-1
9158,0.0,-1
9159,0.0,-1
9160,0.0,-1
9161,0.0,-1
9162,0.0,-1
9163,0.0,-1
9164,0.0,-1
9165,0.0,-1
9166,0.0,-1
9167,0.0,-1
9168,0.0,-1
9169,0.0,-1
9170,0.0,-1
9171,0.0,-1
9172,0.0,-1
9173,0.0,-1
9174,0.0,-1
9175,0.0,-1
9176,0.0,-1
9177,0.0,-1
9178,0.0,-1
9179,0.0,-1
9180,0.0,-1
9181,0.0,-1
9182,0.0,-1
9183,0.0,-1
9184,0.0,-1
9185,0.0,-1
9186,0.0,-1
9187,0.0,-1
9188,0.0,-1
9189,0.0,-1
9190,0.0,-1
9191,0.0,-1
9192,0.0,-1
9193,0.0,-1
9194,0.0,-1
9195,0.0,-1
9196,0.0,-1
9197,0.0,-1
9198,0.0,-1
9199,0.0,-1
9200,0.0,-1
9201,0.0,-1
9202,0.0,-1
9203,0.0,-1
9204,0.0,-1
9205,0.0,-1
9206,0.0,-1
9207,0.0,-1
9208,0.0,-1
9209,0.0,-1
9210,0.0,-1
9211,0.0,-1
9212,0.0,-1
9213,0.0,-1
9214,0.0,-1
9215,0.0,-1
9216,0.0,-1
9217,0.0,-1
9218,0.0,-1
9219,0.0,-1
9220,0.0,-1
9221,0.0,-1
9222,0.0,-1
9223,0.0,-1
9224,0.0,-1
9225,0.0,-1
9226,0.0,-1
9227,0.0,-1
9228,0.0,-1
9229,0.0,-1
9230,0.0,-1
9231,0.0,-1
9232,0.0,-1
9233,0.0,-1
9234,0.0,-1
9235,0.0,-1
9236,0.0,-1
9237,0.0,-1
9238,0.0,-1
9239,0.0,-1
9240,0.0,-1
9241,0.0,-1
9242,0.0,-1
9243,0.0,-1
9244,0.0,-1
9245,0.0,-1
9246,0.0,-1
9247,0.0,-1
9248,0.0,-1
9249,0.0,-1
9250,0.0,-1
9251,0.0,-1
9252,0.0,-1
9253,0.0,-1
9254,0.0,-1
9255,0.0,-1
9256,0.0,-1
9257,0.0,-1
9258,0.0,-1
9259,0.0,-1
9260,0.0,-1
9261,0.0,-1
9262,0.0,-1
9263,0.0,-1
9264,0.0,-1
9265,0.0,-1
9266,0.0,-1
9267,0.0,-1
9268,0.0,-1
9269,0.0,-1
9270,0.0,-1
9271,0.0,-1
9272,0.0,-1
9273,0.0,-1
9274,0.0,-1
9275,0.0,-1
9276,0.0,-1
9277,0.0,-1
9278,0.0,-1
9279,0.0,-1
9280,0.0,-1
9281,0.0,-1
9282,0.0,-1
9283,0.0,-1
9284,0.0,-1
9285,0.0,-1
9286,0.0,-1
9287,0.0,-1
9288,0.0,-1
9289,0.0,-1
9290,0.0,-1
9291,0.0,-1
9292,0.0,-1
9293,0.0,-1
9294,0.0,-1
9295,0.0,-1
9296,0.0,-1
9297,0.0,-1
9298,0.0,-1
9299,0.0,-1
9300,0.0,-1
9301,0.0,-1
9302,0.0,-1
9303,0.0,-1
9304,0.0,-1
9305,0.0,-1
9306,0.0,-1
9307,0.0,-1
9308,0.0,-1
9309,0.0,-1
9310,0.0,-1
9311,0.0,-1
9312,0.0,-1
9313,0.0,-1
9314,0.0,-1
9315,0.0,-1
9316,0.0,-1
9317,0.0,-1
9318,0.0,-1
9319,0.0,-1
9320,0.0,-1
9321,0.0,-1
9322,0.0,-1
9323,0.0,-1
9324,0.0,-1
9325,0.0,-1
9326,0.0,-1
9327,0.0,-1
9328,0.0,-1
9329,0.0,-1
9330,0.0,-1
9331,0.0,-1
9332,0.0,-1
9333,0.0,-1
9334,0.0,-1
9335,0.0,-1
9336,0.0,-1
9337,0.0,-1
9338,0.0,-1
9339,0.0,-1
9340,0.0,-1
9341,0.0,-1
9342,0.0,-1
9343,0.0,-1
9344,0.0,-1
9345,0.0,-1
9346,0.0,-1
9347,0.0,-1
9348,0.0,-1
9349,0.0,-1
9350,0.0,-1
9351,0.0,-1
9352,0.0,-1
9353,0.0,-1
9354,0.0,-1
9355,0.0,-1
9356,0.0,-1
9357,0.0,-1
9358,0.0,-1
9359,0.0,-1
9360,0.0,-1
9361,0.0,-1
9362,0.0,-1
9363,0.0,-1
9364,0.0,-1
9365,0.0,-1
9366,0.0,-1
9367,0.0,-1
9368,0.0,-1
9369,0.0,-1
9370,0.0,-1
9371,0.0,-1
9372,0.0,-1
9373,0.0,-1
9374,0.0,-1
9375,0.0,-1
9376,0.0,-1
9377,0.0,-1
9378,0.0,-1
9379,0.0,-1
9380,0.0,-1
9381,0.0,-1
9382,0.0,-1
9383,0.0,-1
9384,0.0,-1
9385,0.0,-1
9386,0.0,-1
9387,0.0,-1
9388,0.0,-1
9389,0.0,-1
9390,0.0,-1
9391,0.0,-1
9392,0.0,-1
9393,0.0,-1
9394,0.0,-1
9395,0.0,-1
9396,0.0,-1
9397,0.0,-1
9398,0.0,-1
9399,0.0,-1
9400,0.0,-1
9401,0.0,-1
9402,0.0,-1
9403,0.0,-1
9404,0.0,-1
9405,0.0,-1
9406,0.0,-1
9407,0.0,-1
9408,0.0,-1
9409,0.0,-1
9410,0.0,-1
9411,0.0,-1
9412,0.0,-1
9413,0.0,-1
9414,0.0,-1
9415,0.0,-1
9416,0.0,-1
9417,0.0,-1
9418,0.0,-1
9419,0.0,-1
9420,0.0,-1
9421,0.0,-1
9422,0.0,-1
9423,0.0,-1
9424,0.0,-1
9425,0.0,-1
9426,0.0,-1
9427,0.0,-1
9428,0.0,-1
9429,0.0,-1
9430,0.0,-1
9431,0.0,-1
9432,0.0,-1
9433,0.0,-1
9434,0.0,-1
9435,0.0,-1
9436,0.0,-1
9437,0.0,-1
9438,0.0,-1
9439,0.0,-1
9440,0.0,-1
9441,0.0,-1
9442,0.0,-1
9443,0.0,-1
9444,0.0,-1
9445,0.0,-1
9446,0.0,-1
9447,0.0,-1
9448,0.0,-1
9449,0.0,-1
9450,0.0,-1
9451,0.0,-1
9452,0.0,-1
9453,0.0,-1
9454,0.0,-1
9455,0.0,-1
9456,0.0,-1
9457,0.0,-1
9458,0.0,-1
9459,0.0,-1
9460,0.0,-1
9461,0.0,-1
9462,0.0,-1
9463,0.0,-1
9464,0.0,-1
9465,0.0,-1
9466,0.0,-1
9467,0.0,-1
9468,0.0,-1
9469,0.0,-1
9470,0.0,-1
9471,0.0,-1
9472,0.0,-1
9473,0.0,-1
9474,0.0,-1
9475,0.0,-1
9476,0.0,-1
9477,0.0,-1
9478,0.0,-1
9479,0.0,-1
9480,0.0,-1
9481,0.0,-1
9482,0.0,-1
9483,0.0,-1
9484,0.0,-1
9485,0.0,-1
9486,0.0,-1
9487,0.0,-1
9488,0.0,-1
9489,0.0,-1
9490,0.0,-1
9491,0.0,-1
9492,0.0,-1
9493,0.0,-1
9494,0.0,-1
9495,0.0,-1
9496,0.0,-1
9497,0.0,-1
9498,0.0,-1
9499,0.0,-1
9500,0.0,-1
9501,0.0,-1
9502,0.0,-1
9503,0.0,-1
9504,0.0,-1
9505,0.0,-1
9506,0.0,-1
9507,0.0,-1
9508,0.0,-1
9509,0.0,-1
9510,0.0,-1
9511,0.0,-1
9512,0.0,-1
9513,0.0,-1
9514,0.0,-1
9515,0.0,-1
9516,0.0,-1
9517,0.0,-1
9518,0.0,-1
9519,0.0,-1
9520,0.0,-1
9521,0.0,-1
9522,0.0,-1
9523,0.0,-1
9524,0.0,-1
9525,0.0,-1
9526,0.0,-1
9527,0.0,-1
9528,0.0,-1
9529,0.0,-1
9530,0.0,-1
9531,0.0,-1
9532,0.0,-1
9533,0.0,-1
9534,0.0,-1
9535,0.0,-1
9536,0.0,-1
9537,0.0,-1
9538,0.0,-1
9539,0.0,-1
9540,0.0,-1
9541,0.0,-1
9542,0.0,-1
9543,0.0,-1
9544,0.0,-1
9545,0.0,-1
9546,0.0,-1
9547,0.0,-1
9548,0.0,-1
9549,0.0,-1
9550,0.0,-1
9551,0.0,-1
9552,0.0,-1
9553,0.0,-1
9554,0.0,-1
9555,0.0,-1
9556,0.0,-1
9557,0.0,-1
9558,0.0,-1
9559,0.0,-1
9560,0.0,-1
9561,0.0,-1
9562,0.0,-1
9563,0.0,-1
9564,0.0,-1
9565,0.0,-1
9566,0.0,-1
9567,0.0,-1
9568,0.0,-1
9569,0.0,-1
9570,0.0,-1
9571,0.0,-1
9572,0.0,-1
9573,0.0,-1
9574,0.0,-1
9575,0.0,-1
9576,0.0,-1
9577,0.0,-1
9578,0.0,-1
9579,0.0,-1
9580,0.0,-1
9581,0.0,-1
9582,0.0,-1
9583,0.0,-1
9584,0.0,-1
9585,0.0,-1
9586,0.0,-1
9587,0.0,-1
9588,0.0,-1
9589,0.0,-1
9590,0.0,-1
9591,0.0,-1
9592,0.0,-1
9593,0.0,-1
9594,0.0,-1
9595,0.0,-1
9596,0.0,-1
9597,0.0,-1
9598,0.0,-1
9599,0.0,-1
9600,0.0,-1
9601,0.0,-1
9602,0.0,-1
9603,0.0,-1
9604,0.0,-1
9605,0.0,-1
9606,0.0,-1
9607,0.0,-1
9608,0.0,-1
9609,0.0,-1
9610,0.0,-1
9611,0.0,-1
9612,0.0,-1
9613,0.0,-1
9614,0.0,-1
9615,0.0,-1
9616,0.0,-1
9617,0.0,-1
9618,0.0,-1
9619,0.0,-1
9620,0.0,-1
9621,0.0,-1
9622,0.0,-1
9623,0.0,-1
9624,0.0,-1
9625,0.0,-1
9626,0.0,-1
9627,0.0,-1
9628,0.0,-1
9629,0.0,-1
9630,0.0,-1
9631,0.0,-1
9632,0.0,-1
9633,0.0,-1
9634,0.0,-1
9635,0.0,-1
9636,0.0,-1
9637,0.0,-1
9638,0.0,-1
9639,0.0,-1
9640,0.0,-1
9641,0.0,-1
9642,0.0,-1
9643,0.0,-1
9644,0.0,-1
9645,0.0,-1
9646,0.0,-1
9647,0.0,-1
9648,0.0,-1
9649,0.0,-1
9650,0.0,-1
9651,0.0,-1
9652,0.0,-1
9653,0.0,-1
9654,0.0,-1
9655,0.0,-1
9656,0.0,-1
9657,0.0,-1
9658,0.0,-1
9659,0.0,-1
9660,0.0,-1
9661,0.0,-1
9662,0.0,-1
9663,0.0,-1
9664,0.0,-1
9665,0.0,-1
9666,0.0,-1
9667,0.0,-1
9668,0.0,-1
9669,0.0,-1
9670,0.0,-1
9671,0.0,-1
9672,0.0,-1
9673,0.0,-1
9674,0.0,-1
9675,0.0,-1
9676,0.0,-1
9677,0.0,-1
9678,0.0,-1
9679,0.0,-1
9680,0.0,-1
9681,0.0,-1
9682,0.0,-1
9683,0.0,-1
9684,0.0,-1
9685,0.0,-1
9686,0.0,-1
9687,0.0,-1
9688,0.0,-1
9689,0.0,-1
9690,0.0,-1
9691,0.0,-1
9692,0.0,-1
9693,0.0,-1
9694,0.0,-1
9695,0.0,-1
9696,0.0,-1
9697,0.0,-1
9698,0.0,-1
9699,0.0,-1
9700,0.0,-1
9701,0.0,-1
9702,0.0,-1
9703,0.0,-1
9704,0.0,-1
9705,0.0,-1
9706,0.0,-1
9707,0.0,-1
9708,0.0,-1
9709,0.0,-1
9710,0.0,-1
9711,0.0,-1
9712,0.0,-1
9713,0.0,-1
9714,0.0,-1
9715,0.0,-1
9716,0.0,-1
9717,0.0,-1
9718,0.0,-1
9719,0.0,-1
9720,0.0,-1
9721,0.0,-1
9722,0.0,-1
9723,0.0,-1
9724,0.0,-1
9725,0.0,-1
9726,0.0,-1
9727,0.0,-1
9728,0.0,-1
9729,0.0,-1
9730,0.0,-1
9731,0.0,-1
9732,0.0,-1
9733,0.0,-1
9734,0.0,-1
9735,0.0,-1
9736,0.0,-1
9737,0.0,-1
9738,0.0,-1
9739,0.0,-1
9740,0.0,-1
9741,0.0,-1
9742,0.0,-1
9743,0.0,-1
9744,0.0,-1
9745,0.0,-1
9746,0.0,-1
9747,0.0,-1
9748,0.0,-1
9749,0.0,-1
9750,0.0,-1
9751,0.0,-1
9752,0.0,-1
9753,0.0,-1
9754,0.0,-1
9755,0.0,-1
9756,0.0,-1
9757,0.0,-1
9758,0.0,-1
9759,0.0,-1
9760,0.0,-1
9761,0.0,-1
9762,0.0,-1
9763,0.0,-1
9764,0.0,-1
9765,0.0,-1
9766,0.0,-1
9767,0.0,-1
9768,0.0,-1
9769,0.0,-1
9770,0.0,-1
9771,0.0,-1
9772,0.0,-1
9773,0.0,-1
9774,0.0,-1
9775,0.0,-1
9776,0.0,-1
9777,0.0,-1
9778,0.0,-1
9779,0.0,-1
9780,0.0,-1
9781,0.0,-1
9782,0.0,-1
9783,0.0,-1
9784,0.0,-1
9785,0.0,-1
9786,0.0,-1
9787,0.0,-1
9788,0.0,-1
9789,0.0,-1
9790,0.0,-1
9791,0.0,-1
9792,14.448271920771598,2
9793,5.210412153101582,2
9794,3.2915807735237856,2
9795,2.1743759549651482,2
9796,3.3491935707249474,2
9797,2.5008219723698204,2
9798,2.5682965584589534,2
9799,2.407802644528307,2
9800,19.92418850633719,2
9801,5.98166397384007,2
9802,3.6598409913448746,2
9803,2.268439416742217,2
9804,3.7537158019681596,2
9805,2.6586854177009105,2
9806,2.735103470814684,2
9807,2.574974094504709,2
9808,20.39965958229381,2
9809,6.311715163501149,2
9810,3.689466359714909,2
9811,2.302666753787175,2
9812,3.6615004257896713,2
9813,2.6985707569331723,2
9814,2.7230628994755954,2
9815,2.6078576421840594,2
9816,16.62938248824772,2
9817,5.836908259580853,2
9818,3.5374843987255478,2
9819,2.249864938789706,2
9820,3.4404147479233083,2
9821,2.6005086870804313,2
9822,2.667052072345827,2
9823,2.498380052235862,2
9824,14.18672495753132,2
9825,5.456803299196521,2
9826,3.4192859084106813,2
9827,2.2158066989297445,2
9828,3.338027369305827,2
9829,2.5186942627345394,2
9830,2.616949898564175,2
9831,2.45500336808948,2
9832,19.284576588010754,2
9833,6.278064430383926,2
9834,3.7428342805341464,2
9835,2.3189328563531375,2
9836,3.625740259369111,2
9837,2.661442626433626,2
9838,2.761922168709221,2
9839,2.6024364802104696,2
9840,16.35186905829433,2
9841,5.850289265573662,2
9842,3.5752157922203947,2
9843,2.249996257140878,2
9844,3.428615158874733,2
9845,2.5928021043838916,2
9846,2.674944717320584,2
9847,2.5119045083267504,2
9848,27.53442190568639,2
9849,7.363494122440498,2
9850,4.2237991186886035,2
9851,2.3902324596295914,2
9852,4.065912697708303,2
9853,2.8553664058140313,2
9854,2.975952918178536,2
9855,2.737772302571945,2
9856,27.96606295314597,2
9857,7.275355437320911,2
9858,4.03921436712975,2
9859,2.340249559072698,2
9860,3.9778982098243034,2
9861,2.8573329580464955,2
9862,2.966351700407787,2
9863,2.6888439037400533,2
9864,15.488472257391036,2
9865,5.464207457640233,2
9866,3.40836031442843,2
9867,2.2318726254356167,2
9868,3.436244492950941,2
9869,2.548997433021629,2
9870,2.619886129341702,2
9871,2.4755145830344807,2
9872,17.901378798948617,2
9873,6.097174058216435,2
9874,3.659250278132811,2
9875,2.2590929861151374,2
9876,3.5675441974795037,2
9877,2.6769579505162153,2
9878,2.7238671445622873,2
9879,2.536668667652553,2
9880,10.254805368260612,2
9881,4.489495877757562,2
9882,2.9327682010079688,2
9883,2.0910452030831483,2
9884,2.9680454838190786,2
9885,2.3379004619619135,2
9886,2.3723269638655715,2
9887,2.2717982559428096,2
9888,14.558177325074627,2
9889,5.373045752071409,2
9890,3.322806232887529,2
9891,2.1906314936637687,2
9892,3.313284317093614,2
9893,2.5129142703507608,2
9894,2.564781167072746,2
9895,2.423202398459731,2
9896,16.973721364782268,2
9897,5.689057446858544,2
9898,3.4514368840280683,2
9899,2.2162931132464516,2
9900,3.4057544351027578,2
9901,2.559518269943836,2
9902,2.6151112428977785,2
9903,2.4561819857839464,2
9904,17.700425693241296,2
9905,5.848977133232392,2
9906,3.632248060916953,2
9907,2.259793584982298,2
9908,3.526371290112437,2
9909,2.6392326271187763,2
9910,2.709000335799737,2
9911,2.5278873847045746,2
9912,26.686605421249187,2
9913,7.588958201198804,2
9914,4.1522632252127725,2
9915,2.374813225980374,2
9916,4.213972569290114,2
9917,2.8737339626320693,2
9918,2.9572021407614884,2
9919,2.7207271827228707,2
9920,15.06777916086415,2
9921,5.124181051692511,2
9922,3.3440873491015406,2
9923,2.1905943358819875,2
9924,3.310525251712147,2
9925,2.5051158109701737,2
9926,2.569502242129463,2
9927,2.4201750923028342,2
9928,56.08726308676244,2
9929,10.614402836139432,2
9930,5.166378671720708,2
9931,2.5321487076992595,2
9932,5.340256487505739,2
9933,3.2442639805353837,2
9934,3.3632578239625164,2
9935,3.018158940489302,2
9936,17.13221868978583,2
9937,6.0461886976416555,2
9938,3.5259904705447074,2
9939,2.242454994400893,2
9940,3.5181731077085288,2
9941,2.606787110239033,2
9942,2.7026323129609033,2
9943,2.5030135162716847,2
9944,29.26086646752693,2
9945,7.726203956174313,2
9946,4.220709620037476,2
9947,2.4368935490538695,2
9948,4.202390885563121,2
9949,2.885110546531448,2
9950,3.026390336285644,2
9951,2.7883653873533953,2
9952,39.69220190802469,2
9953,8.715127028889146,2
9954,4.7713054725758095,2
9955,2.396214365368357,2
9956,4.611160719376415,2
9957,3.0111439344573916,2
9958,3.111917820030328,2
9959,2.886992969692854,2
9960,36.517886546398074,2
9961,8.853001410745371,2
9962,4.715597751837545,2
9963,2.4653165384673077,2
9964,4.507831290775957,2
9965,3.0581654349035574,2
9966,3.1199721473829554,2
9967,2.862886292555595,2
9968,20.330387623915836,2
9969,5.982669156405783,2
9970,3.7523253814126756,2
9971,2.2771646552256413,2
9972,3.6552648901753697,2
9973,2.6732939969545164,2
9974,2.7516889815502137,2
9975,2.5764882945033514,2
9976,14.24630614149144,2
9977,5.173153871936912,2
9978,3.3365157779322203,2
9979,2.1986746991139583,2
9980,3.2384681208287023,2
9981,2.5185204210559817,2
9982,2.5800487286032334,2
9983,2.4239988272111215,2
9984,27.211273217270836,2
9985,7.445764324127271,2
9986,4.164204627184941,2
9987,2.37470574250783,2
9988,4.04837764737777,2
9989,2.859166439287134,2
9990,2.9404870610471003,2
9991,2.7307630874492617,2
9992,19.829091402096225,2
9993,6.246147648742736,2
9994,3.7004404466438805,2
9995,2.267951073141526,2
9996,3.6730736086083904,2
9997,2.6749681666541187,2
9998,2.717790474912873,2
9999,2.564644965774838,2
10000,14.320584634292446,2
10001,5.490541615613939,2
10002,3.3890635543825383,2
10003,2.199093889328697,2
10004,3.31139669013998,2
10005,2.5232997583200794,2
10006,2.5621678171865176,2
10007,2.4297145059177994,2
10008,20.83497706607622,2
10009,6.327994377468819,2
10010,3.7295059801878967,2
10011,2.285464262758757,2
10012,3.686261592831526,2
10013,2.6847657349799703,2
10014,2.7486529324354705,2
10015,2.592739989114646,2
10016,12.820103440197032,2
10017,4.901798045047762,2
10018,3.189109823018856,2
10019,2.1493554164776096,2
10020,3.1262909032440955,2
10021,2.433550047194302,2
10022,2.4798810101042803,2
10023,2.3693756581351635,2
10024,13.68655970261052,2
10025,5.10742063198954,2
10026,3.2445501895913336,2
10027,2.181869668628301,2
10028,3.228067542814823,2
10029,2.4747924424889702,2
10030,2.5642621730926325,2
10031,2.4179506049765465,2
10032,38.667864763269115,2
10033,8.938314980696854,2
10034,4.6664320734452,2
10035,2.4829275568896807,2
10036,4.584641119049671,2
10037,3.057982297796076,2
10038,3.1505471992167724,2
10039,2.8770311200570857,2
10040,14.869742892322982,2
10041,5.505599305648258,2
10042,3.3810661464344713,2
10043,2.207003563729955,2
10044,3.3984243641851073,2
10045,2.5298838369994447,2
10046,2.5726510362032387,2
10047,2.4419038118655094,2
10048,27.945392539496247,2
10049,7.074805096637946,2
10050,4.037141235492179,2
10051,2.258335452119822,2
10052,4.03063821333478,2
10053,2.7040095416571663,2
10054,2.858882759107184,2
10055,2.5855436581495326,2
10056,21.536897063818934,2
10057,6.73627369355867,2
10058,3.936908721474838,2
10059,2.319028312025448,2
10060,3.738748020353228,2
10061,2.7405123635795774,2
10062,2.8653252914941034,2
10063,2.639012839986515,2
10064,15.825223390561169,2
10065,5.430760074998936,2
10066,3.3658890451899572,2
10067,2.217092835954069,2
10068,3.377721346098183,2
10069,2.5444998637920837,2
10070,2.60237386092168,2
10071,2.4593664024845756,2
10072,56.57707918863845,2
10073,11.1931590280254,2
10074,5.474777212899064,2
10075,2.5817257546760866,2
10076,5.17790219057268,2
10077,3.3529632263643796,2
10078,3.506612526329509,2
10079,3.1446401428666766,2
10080,19.35755050145152,2
10081,6.330633740215263,2
10082,3.859320138683839,2
10083,2.301756815799257,2
10084,3.6656389881921276,2
10085,2.7054533676950103,2
10086,2.787104436395597,2
10087,2.5771407790192997,2
10088,27.073966236121777,2
10089,7.096245399561426,2
10090,4.002077651727465,2
10091,2.3490124604910125,2
10092,3.9508243760658455,2
10093,2.7941454976327065,2
10094,2.8722859321740466,2
10095,2.6679789446075026,2
10096,31.092463161589034,2
10097,7.775711758120961,2
10098,4.341634375415904,2
10099,2.4106641110057794,2
10100,4.244320049655327,2
10101,2.9294721082183957,2
10102,3.036440373502535,2
10103,2.8006610598824038,2
10104,19.698846434813692,2
10105,6.343458629482094,2
10106,3.6867342836236268,2
10107,2.2863757012673944,2
10108,3.650132896563052,2
10109,2.6685265087794288,2
10110,2.763280594733894,2
10111,2.580271775119577,2
10112,19.399804768027735,2
10113,6.468336403421588,2
10114,3.7318129519276466,2
10115,2.2606379697065755,2
10116,3.7216419643688132,2
10117,2.6333037374468216,2
10118,2.737125880455538,2
10119,2.5648775831082307,2
10120,13.558604886460566,2
10121,4.997722152352513,2
10122,3.2293655998724495,2
10123,2.1659731732064937,2
10124,3.144765389976393,2
10125,2.43462136862792,2
10126,2.490893792172305,2
10127,2.3852006107812747,2
10128,42.423482941354706,2
10129,8.952393103313854,2
10130,4.75017625092591,2
10131,2.4848367922558663,2
10132,4.810146785358753,2
10133,3.0616753357240203,2
10134,3.2593792365906484,2
10135,2.9348029075833915,2
10136,13.980341925743868,2
10137,5.206458950175994,2
10138,3.317972413688572,2
10139,2.1990135457142372,2
10140,3.2021814479173396,2
10141,2.501319636652602,2
10142,2.5449103519458793,2
10143,2.4218838078151546,2
10144,14.494222231171978,2
10145,5.240716598144513,2
10146,3.32753052066,2
10147,2.199454326726228,2
10148,3.2855312892973316,2
10149,2.5151217164304653,2
10150,2.5661067350712656,2
10151,2.4459745787062968,2
10152,23.199927030883895,2
10153,6.440750124098059,2
10154,3.802480486004441,2
10155,2.3035829645324024,2
10156,3.749902637735978,2
10157,2.7165141768493846,2
10158,2.800466129994479,2
10159,2.6116868798411277,2
10160,24.147877780821716,2
10161,7.223109381899891,2
10162,4.012481431478405,2
10163,2.356248285890792,2
10164,3.9830951209742653,2
10165,2.8260342510636036,2
10166,2.9463612888077266,2
10167,2.712954399171835,2
10168,20.32754396151902,2
10169,6.45502865116988,2
10170,3.78528176154847,2
10171,2.3360245953684955,2
10172,3.613498761816294,2
10173,2.7179739958697184,2
10174,2.8108490656989518,2
10175,2.6383886942297368,2
10176,19.208030720751257,2
10177,5.874797401476813,2
10178,3.62774185760849,2
10179,2.268159243186483,2
10180,3.625371773132512,2
10181,2.6323650110749686,2
10182,2.7374928936775005,2
10183,2.5343600761049365,2
10184,88.09101061857412,2
10185,15.521997401488933,2
10186,6.303520820732668,2
10187,2.6766970315566834,2
10188,6.299379621934134,2
10189,3.6358808650770698,2
10190,3.823375213306597,2
10191,3.3489410192148172,2
10192,14.295152451239538,2
10193,5.272849096889816,2
10194,3.357604741798299,2
10195,2.1907819065373135,2
10196,3.2712753202535705,2
10197,2.4963054103520674,2
10198,2.5751843691852594,2
10199,2.428974042771503,2
10200,0.0,-1
10201,0.0,-1
10202,0.0,-1
10203,0.0,-1
10204,0.0,-1
10205,0.0,-1
10206,0.0,-1
10207,0.0,-1
10208,0.0,-1
10209,0.0,-1
10210,0.0,-1
10211,0.0,-1
10212,0.0,-1
10213,0.0,-1
10214,0.0,-1
10215,0.0,-1
10216,0.0,-1
10217,0.0,-1
10218,0.0,-1
10219,0.0,-1
10220,0.0,-1
10221,0.0,-1
10222,0.0,-1
10223,0.0,-1
10224,0.0,-1
10225,0.0,-1
10226,0.0,-1
10227,0.0,-1
10228,0.0,-1
10229,0.0,-1
10230,0.0,-1
10231,0.0,-1
10232,0.0,-1
10233,0.0,-1
10234,0.0,-1
10235,0.0,-1
10236,0.0,-1
10237,0.0,-1
10238,0.0,-1
10239,0.0,-1
10240,0.0,-1
10241,0.0,-1
10242,0.0,-1
10243,0.0,-1
10244,0.0,-1
10245,0.0,-1
10246,0.0,-1
10247,0.0,-1
10248,0.0,-1
10249,0.0,-1
10250,0.0,-1
10251,0.0,-1
10252,0.0,-1
10253,0.0,-1
10254,0.0,-1
10255,0.0,-1
10256,0.0,-1
10257,0.0,-1
10258,0.0,-1
10259,0.0,-1
10260,0.0,-1
10261,0.0,-1
10262,0.0,-1
10263,0.0,-1
10264,0.0,-1
10265,0.0,-1
10266,0.0,-1
10267,0.0,-1
10268,0.0,-1
10269,0.0,-1
10270,0.0,-1
10271,0.0,-1
10272,0.0,-1
10273,0.0,-1
10274,0.0,-1
10275,0.0,-1
10276,0.0,-1
10277,0.0,-1
10278,0.0,-1
10279,0.0,-1
10280,0.0,-1
10281,0.0,-1
10282,0.0,-1
10283,0.0,-1
10284,0.0,-1
10285,0.0,-1
10286,0.0,-1
10287,0.0,-1
10288,0.0,-1
10289,0.0,-1
10290,0.0,-1
10291,0.0,-1
10292,0.0,-1
10293,0.0,-1
10294,0.0,-1
10295,0.0,-1
10296,0.0,-1
10297,0.0,-1
10298,0.0,-1
10299,0.0,-1
10300,0.0,-1
10301,0.0,-1
10302,0.0,-1
10303,0.0,-1
10304,0.0,-1
10305,0.0,-1
10306,0.0,-1
10307,0.0,-1
10308,0.0,-1
10309,0.0,-1
10310,0.0,-1
10311,0.0,-1
10312,0.0,-1
10313,0.0,-1
10314,0.0,-1
10315,0.0,-1
10316,0.0,-1
10317,0.0,-1
10318,0.0,-1
10319,0.0,-1
10320,0.0,-1
10321,0.0,-1
10322,0.0,-1
10323,0.0,-1
10324,0.0,-1
10325,0.0,-1
10326,0.0,-1
10327,0.0,-1
10328,0.0,-1
10329,0.0,-1
10330,0.0,-1
10331,0.0,-1
10332,0.0,-1
10333,0.0,-1
10334,0.0,-1
10335,0.0,-1
10336,0.0,-1
10337,0.0,-1
10338,0.0,-1
10339,0.0,-1
10340,0.0,-1
10341,0.0,-1
10342,0.0,-1
10343,0.0,-1
10344,0.0,-1
10345,0.0,-1
10346,0.0,-1
10347,0.0,-1
10348,0.0,-1
10349,0.0,-1
10350,0.0,-1
10351,0.0,-1
10352,0.0,-1
10353,0.0,-1
10354,0.0,-1
10355,0.0,-1
10356,0.0,-1
10357,0.0,-1
10358,0.0,-1
10359,0.0,-1
10360,0.0,-1
10361,0.0,-1
10362,0.0,-1
10363,0.0,-1
10364,0.0,-1
10365,0.0,-1
10366,0.0,-1
10367,0.0,-1
10368,0.0,-1
10369,0.0,-1
10370,0.0,-1
10371,0.0,-1
10372,0.0,-1
10373,0.0,-1
10374,0.0,-1
10375,0.0,-1
10376,0.0,-1
10377,0.0,-1
10378,0.0,-1
10379,0.0,-1
10380,0.0,-1
10381,0.0,-1
10382,0.0,-1
10383,0.0,-1
10384,0.0,-1
10385,0.0,-1
10386,0.0,-1
10387,0.0,-1
10388,0.0,-1
10389,0.0,-1
10390,0.0,-1
10391,0.0,-1
10392,0.0,-1
10393,0.0,-1
10394,0.0,-1
10395,0.0,-1
10396,0.0,-1
10397,0.0,-1
10398,0.0,-1
10399,0.0,-1
10400,0.0,-1
10401,0.0,-1
10402,0.0,-1
10403,0.0,-1
10404,0.0,-1
10405,0.0,-1
10406,0.0,-1
10407,0.0,-1
10408,0.0,-1
10409,0.0,-1
10410,0.0,-1
10411,0.0,-1
10412,0.0,-1
10413,0.0,-1
10414,0.0,-1
10415,0.0,-1
10416,0.0,-1
10417,0.0,-1
10418,0.0,-1
10419,0.0,-1
10420,0.0,-1
10421,0.0,-1
10422,0.0,-1
10423,0.0,-1
10424,0.0,-1
10425,0.0,-1
10426,0.0,-1
10427,0.0,-1
10428,0.0,-1
10429,0.0,-1
10430,0.0,-1
10431,0.0,-1
10432,0.0,-1
10433,0.0,-1
10434,0.0,-1
10435,0.0,-1
10436,0.0,-1
10437,0.0,-1
10438,0.0,-1
10439,0.0,-1
10440,0.0,-1
10441,0.0,-1
10442,0.0,-1
10443,0.0,-1
10444,0.0,-1
10445,0.0,-1
10446,0.0,-1
10447,0.0,-1
10448,0.0,-1
10449,0.0,-1
10450,0.0,-1
10451,0.0,-1
10452,0.0,-1
10453,0.0,-1
10454,0.0,-1
10455,0.0,-1
10456,0.0,-1
10457,0.0,-1
10458,0.0,-1
10459,0.0,-1
10460,0.0,-1
10461,0.0,-1
10462,0.0,-1
10463,0.0,-1
10464,0.0,-1
10465,0.0,-1
10466,0.0,-1
10467,0.0,-1
10468,0.0,-1
10469,0.0,-1
10470,0.0,-1
10471,0.0,-1
10472,0.0,-1
10473,0.0,-1
10474,0.0,-1
10475,0.0,-1
10476,0.0,-1
10477,0.0,-1
10478,0.0,-1
10479,0.0,-1
10480,0.0,-1
10481,0.0,-1
10482,0.0,-1
10483,0.0,-1
10484,0.0,-1
10485,0.0,-1
10486,0.0,-1
10487,0.0,-1
10488,0.0,-1
10489,0.0,-1
10490,0.0,-1
10491,0.0,-1
10492,0.0,-1
10493,0.0,-1
10494,0.0,-1
10495,0.0,-1
10496,0.0,-1
10497,0.0,-1
10498,0.0,-1
10499,0.0,-1
10500,0.0,-1
10501,0.0,-1
10502,0.0,-1
10503,0.0,-1
10504,0.0,-1
10505,0.0,-1
10506,0.0,-1
10507,0.0,-1
10508,0.0,-1
10509,0.0,-1
10510,0.0,-1
10511,0.0,-1
10512,0.0,-1
10513,0.0,-1
10514,0.0,-1
10515,0.0,-1
10516,0.0,-1
10517,0.0,-1
10518,0.0,-1
10519,0.0,-1
10520,0.0,-1
10521,0.0,-1
10522,0.0,-1
10523,0.0,-1
10524,0.0,-1
10525,0.0,-1
10526,0.0,-1
10527,0.0,-1
10528,0.0,-1
10529,0.0,-1
10530,0.0,-1
10531,0.0,-1
10532,0.0,-1
10533,0.0,-1
10534,0.0,-1
10535,0.0,-1
10536,0.0,-1
10537,0.0,-1
10538,0.0,-1
10539,0.0,-1
10540,0.0,-1
10541,0.0,-1
10542,0.0,-1
10543,0.0,-1
10544,0.0,-1
10545,0.0,-1
10546,0.0,-1
10547,0.0,-1
10548,0.0,-1
10549,0.0,-1
10550,0.0,-1
10551,0.0,-1
10552,0.0,-1
10553,0.0,-1
10554,0.0,-1
10555,0.0,-1
10556,0.0,-1
10557,0.0,-1
10558,0.0,-1
10559,0.0,-1
10560,0.0,-1
10561,0.0,-1
10562,0.0,-1
10563,0.0,-1
10564,0.0,-1
10565,0.0,-1
10566,0.0,-1
10567,0.0,-1
10568,0.0,-1
10569,0.0,-1
10570,0.0,-1
10571,0.0,-1
10572,0.0,-1
10573,0.0,-1
10574,0.0,-1
10575,0.0,-1
10576,0.0,-1
10577,0.0,-1
10578,0.0,-1
10579,0.0,-1
10580,0.0,-1
10581,0.0,-1
10582,0.0,-1
10583,0.0,-1
10584,0.0,-1
10585,0.0,-1
10586,0.0,-1
10587,0.0,-1
10588,0.0,-1
10589,0.0,-1
10590,0.0,-1
10591,0.0,-1
10592,0.0,-1
10593,0.0,-1
10594,0.0,-1
10595,0.0,-1
10596,0.0,-1
10597,0.0,-1
10598,0.0,-1
10599,0.0,-1
10600,0.0,-1
10601,0.0,-1
10602,0.0,-1
10603,0.0,-1
10604,0.0,-1
10605,0.0,-1
10606,0.0,-1
10607,0.0,-1
10608,17.32942896499942,0
10609,5.849948831132507,0
10610,3.457935773510324,0
10611,2.3032929935381414,0
10612,3.3131553591736993,0
10613,2.5652784936329067,0
10614,2.6122103009580986,0
10615,2.5109241660714274,0
10616,23.18771130685856,0
10617,6.920184962209986,0
10618,3.787336952072948,0
10619,2.4302352753313525,0
10620,3.546614096367684,0
10621,2.755999601202901,0
10622,2.7903903485531107,0
10623,2.643537060435573,0
10624,23.158828385512344,0
10625,6.927019630452048,0
10626,3.819795748841991,0
10627,2.4743476938134417,0
10628,3.6681851050210073,0
10629,2.7765963501236888,0
10630,2.8410968509062804,0
10631,2.709146760046517,0
10632,19.686571289850377,0
10633,6.385535217749612,0
10634,3.646588594459165,0
10635,2.4025059953685846,0
10636,3.458048880134395,0
10637,2.663568118241685,0
10638,2.738293937733633,0
10639,2.624117399902663,0
10640,17.70113002451136,0
10641,5.903937163981259,0
10642,3.451048161385424,0
10643,2.3574576700220287,0
10644,3.3170468882398785,0
10645,2.610066106545825,0
10646,2.6414602622793684,0
10647,2.5459527840079006,0
10648,23.009201953323203,0
10649,6.956382318003417,0
10650,3.822057682639804,0
10651,2.4969482766157363,0
10652,3.6488868434506676,0
10653,2.790062112101369,0
10654,2.8374617878519643,0
10655,2.716202613093087,0
10656,20.174711553629805,0
10657,6.375987823367854,0
10658,3.587974977117009,0
10659,2.4040322720235854,0
10660,3.508471302332892,0
10661,2.6754778776286052,0
10662,2.744225880214101,0
10663,2.5983258356754972,0
10664,32.85471083125119,0
10665,8.402978099447925,0
10666,4.2972429876997085,0
10667,2.599142857418713,0
10668,4.153753391634041,0
10669,2.9381282810644245,0
10670,3.0486401576175783,0
10671,2.85955625898435,0
10672,31.543220806340347,0
10673,8.355945092411238,0
10674,4.178367637497527,0
10675,2.5278675417564975,0
10676,4.144001723132328,0
10677,2.9111036555410155,0
10678,3.0058157359164586,0
10679,2.826164914690975,0
10680,17.796379495602245,0
10681,6.101778024392062,0
10682,3.4620882598358556,0
10683,2.378540206716106,0
10684,3.3736230250819577,0
10685,2.6280354607115486,0
10686,2.686437742909041,0
10687,2.560356632195886,0
10688,21.558935538281762,0
10689,6.733033304220957,0
10690,3.7319712746521505,0
10691,2.4169853862400252,0
10692,3.618558231953777,0
10693,2.726470156855018,0
10694,2.763721268917419,0
10695,2.636083679968129,0
10696,12.10906611679021,0
10697,4.806344641267009,0
10698,3.049831723098637,0
10699,2.1912134481452243,0
10700,2.924564956930636,0
10701,2.3766483598112207,0
10702,2.413877082470604,0
10703,2.3251467114712026,0
10704,16.288474748670538,0
10705,5.7759669845208235,0
10706,3.403321541724795,0
10707,2.32317456438869,0
10708,3.2728504495562936,0
10709,2.553161752283188,0
10710,2.6086310273189706,0
10711,2.514371600846055,0
10712,18.686151640160087,0
10713,6.0860288936128235,0
10714,3.5441010125889814,0
10715,2.358187534905315,0
10716,3.3774809621747197,0
10717,2.613023582658326,0
10718,2.6472851826345685,0
10719,2.5591121614309627,0
10720,21.753477968072847,0
10721,6.645166061941272,0
10722,3.7143682141993604,0
10723,2.418613533924002,0
10724,3.5898160901642906,0
10725,2.711760273763992,0
10726,2.7595784247043413,0
10727,2.6479383394004445,0
10728,31.261111464774864,0
10729,8.304541535986662,0
10730,4.307964977366955,0
10731,2.578339443782301,0
10732,4.111554998310177,0
10733,2.9641373041057424,0
10734,3.0768217224904904,0
10735,2.876395749232747,0
10736,16.59746433115835,0
10737,5.8803731476496885,0
10738,3.358490518267544,0
10739,2.32329012547122,0
10740,3.3308997126156688,0
10741,2.558144667590047,0
10742,2.612809406427656,0
10743,2.5183519019008416,0
10744,67.10107456380192,0
10745,11.517729623907142,0
10746,5.1955982786607855,0
10747,2.796363967808362,0
10748,5.143243252515037,0
10749,3.3728381700365495,0
10750,3.5439919559271353,0
10751,3.2452252270328827,0
10752,21.382792666353478,0
10753,6.389540733317266,0
10754,3.6044108868098466,0
10755,2.3953781133470518,0
10756,3.575526486800182,0
10757,2.671780688471053,0
10758,2.7364594223039087,0
10759,2.6044397532796295,0
10760,36.08558666164304,0
10761,8.663523951496774,0
10762,4.3488015871385475,0
10763,2.658442125097656,0
10764,4.230273583459464,0
10765,3.0701484573078544,0
10766,3.126416374813294,0
10767,2.9337949391369778,0
10768,48.27119409403495,0
10769,9.961909888942563,0
10770,4.615571168859674,0
10771,2.6100042314214327,0
10772,4.732862226405469,0
10773,3.1215679950421036,0
10774,3.228400204158087,0
10775,2.9833623042841118,0
10776,48.4464798309348,0
10777,9.99219565594646,0
10778,4.8097950529745,0
10779,2.703887315013625,0
10780,4.5632601987519665,0
10781,3.155638280348114,0
10782,3.2653812159435214,0
10783,3.059955500310608,0
10784,24.52995522554025,0
10785,6.82842264315729,0
10786,3.7665853317812092,0
10787,2.4408642074615,0
10788,3.6661761505207515,0
10789,2.727187623409283,0
10790,2.82167518325795,0
10791,2.669742477000153,0
10792,16.07256719478294,0
10793,5.644639984903771,0
10794,3.34249659770617,0
10795,2.334018129108198,0
10796,3.2690366533040165,0
10797,2.570162286864895,0
10798,2.6170892313372986,0
10799,2.514164488449168,0
10800,32.816201528296006,0
10801,8.394714441250468,0
10802,4.235261596759149,0
10803,2.5762420373848567,0
10804,4.174820201720245,0
10805,2.9848546283390753,0
10806,3.0354000163830768,0
10807,2.874791692267892,0
10808,25.052668130837535,0
10809,6.719125598312587,0
10810,3.6659654610505257,0
10811,2.430586166072083,0
10812,3.59823551201228,0
10813,2.711867576677801,0
10814,2.7864914071940765,0
10815,2.6666485628865977,0
10816,16.58665074496843,0
10817,5.907833517440241,0
10818,3.388365553435354,0
10819,2.333530519297551,0
10820,3.310895678111032,0
10821,2.581223381340918,0
10822,2.6046123739037146,0
10823,2.5120404422329194,0
10824,24.049671516749328,0
10825,7.064438834450377,0
10826,3.795325051612014,0
10827,2.452541889004186,0
10828,3.617209500607565,0
10829,2.749198050193595,0
10830,2.794497002717455,0
10831,2.6707697638457804,0
10832,14.347274731860375,0
10833,5.357216225368497,0
10834,3.218140619765006,0
10835,2.2666797704159367,0
10836,3.1274120175033184,0
10837,2.486561074058839,0
10838,2.5110180398026354,0
10839,2.427911121263907,0
10840,16.293538195733174,0
10841,5.559237145173665,0
10842,3.346717542398215,0
10843,2.311602424799075,0
10844,3.2377073460869976,0
10845,2.5283015923653114,0
10846,2.586285848338612,0
10847,2.480769928169009,0
10848,51.269892477863486,0
10849,10.350062790089517,0
10850,4.745357433808281,0
10851,2.727615993659287,0
10852,4.595915642149746,0
10853,3.1588718979015757,0
10854,3.2691038026300707,0
10855,3.0616430041014167,0
10856,16.5296563795896,0
10857,5.749251557745513,0
10858,3.438945266206831,0
10859,2.343090305883316,0
10860,3.2906331677593927,0
10861,2.5826102072860357,0
10862,2.645230098319461,0
10863,2.5350161567495766,0
10864,31.006577810898502,0
10865,8.026927273087585,0
10866,4.06937582089754,0
10867,2.4187314306267496,0
10868,4.014545343443352,0
10869,2.8232708423007677,0
10870,2.9159232127038,0
10871,2.7243374291777434,0
10872,26.399150773635306,0
10873,7.668858331845837,0
10874,3.9592618949043215,0
10875,2.5022055188309578,0
10876,3.9077696846620933,0
10877,2.839868375858084,0
10878,2.895041805663442,0
10879,2.7330798836873247,0
10880,19.004517709841853,0
10881,6.00166423352666,0
10882,3.4867881358979678,0
10883,2.35832057266583,0
10884,3.3358023612427172,0
10885,2.6046061712221724,0
10886,2.644317016988923,0
10887,2.54613034796396,0
10888,73.2922365571531,0
10889,12.997012548372714,0
10890,5.4484322782995935,0
10891,2.8657219024786063,0
10892,5.373976364593011,0
10893,3.4827514525169248,0
10894,3.592362985308685,0
10895,3.3357686145251315,0
10896,23.313177112849303,0
10897,7.13182854392425,0
10898,3.816694428654878,0
10899,2.4729177133381146,0
10900,3.6496080290296624,0
10901,2.7440854497343303,0
10902,2.822872481739715,0
10903,2.705679196603615,0
10904,28.943880664113294,0
10905,7.7819293080569,0
10906,4.057429970696115,0
10907,2.5389412094625725,0
10908,4.011209504233757,0
10909,2.897904934296669,0
10910,2.9862994308507393,0
10911,2.8053603539137177,0
10912,36.13703016530213,0
10913,8.87479102169966,0
10914,4.450720559320504,0
10915,2.6271256758445904,0
10916,4.2373804042058705,0
10917,3.0085347330980188,0
10918,3.1359693925158587,0
10919,2.944210272786636,0
10920,24.076162004104084,0
10921,6.896060213423896,0
10922,3.8549038187921014,0
10923,2.453431908412901,0
10924,3.6135258106096497,0
10925,2.749441353754883,0
10926,2.818530216625347,0
10927,2.710349402099982,0
10928,22.04406772794284,0
10929,6.898254714604088,0
10930,3.789287138693481,0
10931,2.421903643995204,0
10932,3.6718120865673742,0
10933,2.712936902306881,0
10934,2.8028880103938114,0
10935,2.6730536382537435,0
10936,14.963683249860775,0
10937,5.4682296042175,0
10938,3.3168282321311238,0
10939,2.2894011906305947,0
10940,3.2474605432598316,0
10941,2.5248609044228068,0
10942,2.553764048011747,0
10943,2.465843282758644,0
10944,52.48924536983756,0
10945,10.291049243004446,0
10946,4.871427996635803,0
10947,2.7297852191462995,0
10948,4.595868209915377,0
10949,3.2391167196776425,0
10950,3.3509819134411973,0
10951,3.1125086385209335,0
10952,15.886801863161619,0
10953,5.639348171510278,0
10954,3.3480107211983983,0
10955,2.333430740748372,0
10956,3.2216159050647604,0
10957,2.552255671848066,0
10958,2.5960302504903754,0
10959,2.5080723464055272,0
10960,16.862324491968064,0
10961,5.822421940370652,0
10962,3.478946408766074,0
10963,2.3346123996955264,0
10964,3.275351940418446,0
10965,2.582122617546891,0
10966,2.6220818694637913,0
10967,2.522345830453593,0
10968,27.333962205572888,0
10969,7.301812970973186,0
10970,3.854039731505637,0
10971,2.477873682975308,0
10972,3.701147066925933,0
10973,2.8290118580023322,0
10974,2.8692281362075827,0
10975,2.7343206507074393,0
10976,29.476519964337154,0
10977,8.377638487892321,0
10978,4.196327574979757,0
10979,2.5527600462917532,0
10980,4.007641687975803,0
10981,2.9466010615833342,0
10982,3.010662988708095,0
10983,2.8550952822128743,0
10984,25.317696638122396,0
10985,7.228033757891274,0
10986,3.889532925966949,0
10987,2.519346791669813,0
10988,3.7204465669678006,0
10989,2.8187254467193963,0
10990,2.864609179408301,0
10991,2.7387761772393264,0
10992,21.94906783249924,0
10993,6.778032969469722,0
10994,3.680801065330111,0
10995,2.428701560032437,0
10996,3.5728091492678273,0
10997,2.6958615920645745,0
10998,2.7568380731625592,0
10999,2.65297226831401,0
11000,122.89409871460734,0
11001,17.38309256501813,0
11002,6.500597067615559,0
11003,3.0147681137953155,0
11004,6.470761521334757,0
11005,3.871773393498161,0
11006,4.0088588341162845,0
11007,3.6355169810114063,0
11008,16.91211531147754,0
11009,5.605604649720776,0
11010,3.359198600546466,0
11011,2.3231134076754762,0
11012,3.2377772863127756,0
11013,2.550166672602333,0
11014,2.6150893594336906,0
11015,2.4926434896509098,0
11016,11.63509421154766,3
11017,4.695596346205521,3
11018,3.208396047023012,3
11019,2.088101117178061,3
11020,3.0951177120645452,3
11021,2.4113540351315312,3
11022,2.4727791832890023,3
11023,2.3087660774959837,3
11024,15.472581399354537,3
11025,5.4561771825771785,3
11026,3.533886549984906,3
11027,2.167910326875066,3
11028,3.4673185415476957,3
11029,2.532011456681921,3
11030,2.643228443025987,3
11031,2.44661564397137,3
11032,15.058124335960057,3
11033,5.466750684991677,3
11034,3.5434051415500663,3
11035,2.1971973676526146,3
11036,3.4074054986093794,3
11037,2.568727625807602,3
11038,2.650598357402945,3
11039,2.458693037479333,3
11040,14.069512616274224,3
11041,5.123031866335543,3
11042,3.3480438091500155,3
11043,2.152608901416707,3
11044,3.238390733189158,3
11045,2.486522752133322,3
11046,2.5781305142603306,3
11047,2.4004487761612676,3
11048,12.239852310059614,3
11049,4.824260181451681,3
11050,3.2685005131736404,3
11051,2.122899132812499,3
11052,3.145878857863118,3
11053,2.4264035592769218,3
11054,2.4959981117569447,3
11055,2.351952302094367,3
11056,15.449744825002137,3
11057,5.528848877849757,3
11058,3.521326517245373,3
11059,2.212017221845812,3
11060,3.448118236600246,3
11061,2.5564200960288295,3
11062,2.6519437605339453,3
11063,2.4844002644117293,3
11064,14.103638392849648,3
11065,5.111094256570937,3
11066,3.393015592560567,3
11067,2.1535878444915526,3
11068,3.2972590988950556,3
11069,2.473711448009339,3
11070,2.5580322198496237,3
11071,2.4031646150023223,3
11072,21.16341008427227,3
11073,6.455973391492348,3
11074,3.940074003998583,3
11075,2.2731180882637276,3
11076,3.855094703028301,3
11077,2.720757141089164,3
11078,2.837651317684181,3
11079,2.6142312787636497,3
11080,20.383552428630434,3
11081,6.2439608986730075,3
11082,3.8945069765402,3
11083,2.230335046375507,3
11084,3.7795403969987746,3
11085,2.6754178143533847,3
11086,2.8074611711555546,3
11087,2.5917128895590524,3
11088,12.391785874667661,3
11089,4.882797349944017,3
11090,3.28712636659986,3
11091,2.137513749767541,3
11092,3.147959694594208,3
11093,2.444705382401958,3
11094,2.496355973345804,3
11095,2.3714786103422445,3
11096,15.698735257278008,3
11097,5.492703825223025,3
11098,3.4822504072875473,3
11099,2.16032385639089,3
11100,3.3844975981246157,3
11101,2.5082437687235726,3
11102,2.580611504424799,3
11103,2.4364507439673795,3
11104,9.083489624074337,3
11105,4.034147758966958,3
11106,2.8839245099695585,3
11107,2.0146129566162183,3
11108,2.8293401321043867,3
11109,2.25197919651568,3
11110,2.306413126956244,3
11111,2.1821293981631054,3
11112,11.705484431486466,3
11113,4.613704931490174,3
11114,3.1752105807318696,3
11115,2.100351951816537,3
11116,3.119768609248913,3
11117,2.400343233815606,3
11118,2.4685164349234308,3
11119,2.317577111555223,3
11120,12.17015654561962,3
11121,4.921941291815789,3
11122,3.3113108395427204,3
11123,2.1238688504575056,3
11124,3.1956392865326833,3
11125,2.4375154129734957,3
11126,2.514654628506957,3
11127,2.370587506857159,3
11128,14.673902414161576,3
11129,5.3356744050011775,3
11130,3.466968859710548,3
11131,2.160884584060627,3
11132,3.3110288889713444,3
11133,2.5088662268774504,3
11134,2.5752160182407895,3
11135,2.427621947317286,3
11136,21.45803501614978,3
11137,6.529925867313333,3
11138,3.8938044958201083,3
11139,2.2596062366493466,3
11140,3.772615591982233,3
11141,2.7209041317993203,3
11142,2.8328360433124713,3
11143,2.6006376904551067,3
11144,10.899307202478223,3
11145,4.7436621159204595,3
11146,3.1993538603216662,3
11147,2.100764507930489,3
11148,3.102992286506044,3
11149,2.401700840073356,3
11150,2.476525280053392,3
11151,2.3315852939965684,3
11152,36.85918931457952,3
11153,8.820228677674843,3
11154,4.68450507211635,3
11155,2.3979082549151274,3
11156,4.697811362084674,3
11157,3.035160106187145,3
11158,3.1761852472889207,3
11159,2.9059662480356794,3
11160,14.169024938767404,3
11161,5.263193396848022,3
11162,3.3580722421170535,3
11163,2.1460288657751563,3
11164,3.3345613830098766,3
11165,2.467088406519906,3
11166,2.5685217900017228,3
11167,2.4050588637455643,3
11168,22.78289821168242,3
11169,6.896621420689807,3
11170,4.04316833263699,3
11171,2.3126368679880387,3
11172,3.900462674064333,3
11173,2.759273383956837,3
11174,2.8823673940095653,3
11175,2.6549059796553784,3
11176,28.786483538034897,3
11177,7.382916062021794,3
11178,4.222154857076809,3
11179,2.27951190331725,3
11180,4.182187942717643,3
11181,2.8255111280135106,3
11182,2.958141135393174,3
11183,2.6820256329251175,3
11184,25.799917688893206,3
11185,7.374304583759692,3
11186,4.454157290040341,3
11187,2.3389335521523207,3
11188,4.220224709979682,3
11189,2.887856710161305,3
11190,3.044624899773541,3
11191,2.7407612760486906,3
11192,15.147499401244225,3
11193,5.573404013883028,3
11194,3.4595081738212836,3
11195,2.175803579895646,3
11196,3.403020332947012,3
11197,2.5326425972354816,3
11198,2.5876866752334116,3
11199,2.4416439857002152,3
11200,11.632214434549725,3
11201,4.684790657880424,3
11202,3.172259481039526,3
11203,2.107939025399193,3
11204,3.101378538561089,3
11205,2.41531106719838,3
11206,2.46876685496721,3
11207,2.3208827056220858,3
11208,21.466005059329273,3
11209,6.449866787247939,3
11210,3.83533486221826,3
11211,2.259895395360026,3
11212,3.7991489852990523,3
11213,2.741258641160674,3
11214,2.8150278218153866,3
11215,2.5751763524887843,3
11216,15.61861561424835,3
11217,5.5339564915133375,3
11218,3.509419709208371,3
11219,2.168894021324077,3
11220,3.4024090281214057,3
11221,2.5229371491360952,3
11222,2.632418137615364,3
11223,2.450439447283369,3
11224,12.438483956789796,3
11225,4.742060138621693,3
11226,3.2172832005596996,3
11227,2.108490458570788,3
11228,3.068765460099712,3
11229,2.413796614060252,3
11230,2.4612363996916997,3
11231,2.336532281803169,3
11232,16.287897240110652,3
11233,5.640129307024235,3
11234,3.535921326102427,3
11235,2.1827282042912324,3
11236,3.4342063231113884,3
11237,2.5593838590832627,3
11238,2.658977678392244,3
11239,2.4659166546522875,3
11240,10.636792270920873,3
11241,4.366675270991998,3
11242,3.016667667972086,3
11243,2.0644665547904695,3
11244,3.0175558720965756,3
11245,2.3480625595244495,3
11246,2.391331905546643,3
11247,2.269894017815465,3
11248,11.318933671037627,3
11249,4.524608356388042,3
11250,3.097961475445153,3
11251,2.094292680432613,3
11252,3.1148142051300582,3
11253,2.384840434946283,3
11254,2.4414504045231884,3
11255,2.309574219549673,3
11256,28.25892380137154,3
11257,7.239268253560093,3
11258,4.253101754766212,3
11259,2.3533691081806123,3
11260,4.260973580960281,3
11261,2.8863239220330663,3
11262,3.003096730470924,3
11263,2.734786521125711,3
11264,12.147043501675842,3
11265,4.824334929116924,3
11266,3.1923135623567935,3
11267,2.1156900807048933,3
11268,3.1757507957058806,3
11269,2.4257913993485962,3
11270,2.4881567012556802,3
11271,2.3401607894996554,3
11272,20.821314204400608,3
11273,6.170980214528308,3
11274,3.8628679430035087,3
11275,2.1590475232344697,3
11276,3.8180221083708847,3
11277,2.6288333170758715,3
11278,2.710824838990939,3
11279,2.516089701034534,3
11280,17.762508012230043,3
11281,5.81193592990984,3
11282,3.6067487405052208,3
11283,2.2151529205685003,3
11284,3.643456781280615,3
11285,2.625702103242077,3
11286,2.730028556297585,3
11287,2.522938542321595,3
11288,12.222833713312887,3
11289,4.8675602424162525,3
11290,3.279495227179695,3
11291,2.122899132812499,3
11292,3.2264565499659024,3
11293,2.429292223076179,3
11294,2.5073356611346775,3
11295,2.357457562105171,3
11296,42.561213998212445,3
11297,9.668812614847397,3
11298,5.0784477603145755,3
11299,2.4374167654845205,3
11300,4.964873752430911,3
11301,3.1493633199278075,3
11302,3.2607981759467433,3
11303,2.9754178559040505,3
11304,16.25209399076961,3
11305,5.289113719006237,3
11306,3.5444128189246653,3
11307,2.19790647092409,3
11308,3.4636692042196278,3
11309,2.578237275722211,3
11310,2.64445078571911,3
11311,2.4691401890043565,3
11312,18.29050383468747,3
11313,6.357207654215528,3
11314,3.748713811523767,3
11315,2.236359107961307,3
11316,3.702760387937985,3
11317,2.6692578240205243,3
11318,2.7826887320318368,3
11319,2.5566065150701127,3
11320,23.974420983045388,3
11321,6.914457460997415,3
11322,4.093406872603418,3
11323,2.2904782600954117,3
11324,3.947988781493073,3
11325,2.7674379783098697,3
11326,2.9077828730552735,3
11327,2.653388746732439,3
11328,15.882505045439487,3
11329,5.541327731239774,3
11330,3.555882055995506,3
11331,2.1828693706021145,3
11332,3.4685592636006457,3
11333,2.556701098535412,3
11334,2.6434313221075496,3
11335,2.4725330684018214,3
11336,15.053120719829606,3
11337,5.608040424078458,3
11338,3.5728122828717175,3
11339,2.16200633788291,3
11340,3.3482830098210403,3
11341,2.554605247661319,3
11342,2.6067513724877793,3
11343,2.448665722505547,3
11344,10.932725609375055,3
11345,4.626611793715603,3
11346,3.0268559026005577,3
11347,2.0785274794508637,3
11348,3.0040825718636306,3
11349,2.3508936484096616,3
11350,2.4250797716083086,3
11351,2.3041405896953955,3
11352,29.591277265611094,3
11353,7.732169205188871,3
11354,4.404352024466775,3
11355,2.357089460325083,3
11356,4.318925258328305,3
11357,2.936808593321283,3
11358,3.0986759372479855,3
11359,2.8072055178565565,3
11360,11.73911651744024,3
11361,4.644841922460089,3
11362,3.1497441385677734,3
11363,2.1073876900495305,3
11364,3.05939227572305,3
11365,2.3810978765676256,3
11366,2.4521908066713793,3
11367,2.3204408628247957,3
11368,12.072816958334498,3
11369,4.744352688591076,3
11370,3.199364701746073,3
11371,2.1080768745206075,3
11372,3.124911926362521,3
11373,2.4098621780340315,3
11374,2.4679976911573216,3
11375,2.3340174878032447,3
11376,16.498697512656605,3
11377,5.800623472689189,3
11378,3.6533294191304457,3
11379,2.198048310449827,3
11380,3.5728810915651854,3
11381,2.6021224130785896,3
11382,2.6978568590671133,3
11383,2.508754453161903,3
11384,20.371383633765493,3
11385,6.163608739336343,3
11386,3.827809620538507,3
11387,2.2450060874487323,3
11388,3.7910117989128738,3
11389,2.7182551431410307,3
11390,2.7943972590346107,3
11391,2.5731301799901694,3
11392,15.2555194386209,3
11393,5.577218331810417,3
11394,3.5786619783175952,3
11395,2.2261827516048696,3
11396,3.485415163174565,3
11397,2.5617962210385485,3
11398,2.692213187026058,3
11399,2.5070224204754123,3
11400,14.693075454787373,3
11401,5.371971510888221,3
11402,3.412082754396356,3
11403,2.1677698240262275,3
11404,3.339212398926956,3
11405,2.514821385332536,3
11406,2.5804335350165317,3
11407,2.4345602559755863,3
11408,59.728842105674495,3
11409,11.164646791732618,3
11410,5.772041853462509,3
11411,2.524821429701352,3
11412,5.789099974775896,3
11413,3.351337150640738,3
11414,3.651203096679841,3
11415,3.2005122724000694,3
11416,11.575416991036997,3
11417,4.721541746230355,3
11418,3.204199243581239,3
11419,2.1009020388342936,3
11420,3.1247051023642998,3
11421,2.3824435234948886,3
11422,2.4737508969554196,3
11423,2.3345419135853627,3
11424,12.276082576406141,3
11425,5.000366529173814,3
11426,3.306514880066818,3
11427,2.125831743355687,3
11428,3.2044643561215023,3
11429,2.483372687448017,3
11430,2.5255940913035224,3
11431,2.3196471066725333,3
11432,16.7930096322093,3
11433,5.923708922861472,3
11434,3.5722561355501083,3
11435,2.2115663801289807,3
11436,3.563453182955471,3
11437,2.594504175279431,3
11438,2.694240795368875,3
11439,2.472810879780502,3
11440,16.84738902836555,3
11441,5.741999481416921,3
11442,3.676010578353731,3
11443,2.2433008181191543,3
11444,3.5132992519927755,3
11445,2.6382258682592648,3
11446,2.7277596363307484,3
11447,2.4848583737762815,3
11448,15.960639155224571,3
11449,5.531152463376316,3
11450,3.479169236047683,3
11451,2.1958194998229046,3
11452,3.3502575979673455,3
11453,2.549809855997247,3
11454,2.6275141778256508,3
11455,2.4251585860396165,3
11456,13.100618855971591,3
11457,5.0656715712228415,3
11458,3.3581441500313893,3
11459,2.1633802232982773,3
11460,3.260353635734376,3
11461,2.4684774274280796,3
11462,2.587728885965339,3
11463,2.369944485287955,3
11464,17.141517597067356,3
11465,5.880759810814783,3
11466,3.6440629290741278,3
11467,2.259040732884635,3
11468,3.5445125962992705,3
11469,2.6216594183085444,3
11470,2.707856398942512,3
11471,2.5125077153789794,3
11472,15.156604376934729,3
11473,5.437207357192038,3
11474,3.4788381414832164,3
11475,2.196292014141245,3
11476,3.4170095087306764,3
11477,2.5382826963300977,3
11478,2.6200137090597178,3
11479,2.417065992350993,3
11480,23.64867395771003,3
11481,6.77991959252279,3
11482,4.013353657667417,3
11483,2.3247489739804093,3
11484,4.0519594852884095,3
11485,2.795463063678307,3
11486,2.924847132130229,3
11487,2.6684660839358854,3
11488,23.089533096136158,3
11489,6.620645670267155,3
11490,3.9270878864415666,3
11491,2.2799523193403735,3
11492,3.961385081906896,3
11493,2.7711838937163615,3
11494,2.899465657098611,3
11495,2.6331785346461354,3
11496,13.552930581221837,3
11497,5.139924986809698,3
11498,3.369517410051007,3
11499,2.179202266989155,3
11500,3.2550770175636843,3
11501,2.51084984487249,3
11502,2.553831358515326,3
11503,2.39291785543495,3
11504,17.940865618926168,3
11505,5.748175743172755,3
11506,3.568341753940897,3
11507,2.2032735131019234,3
11508,3.5034353720299323,3
11509,2.569670677166115,3
11510,2.6372205548688954,3
11511,2.466315036991733,3
11512,9.949723690991576,3
11513,4.192490501925621,3
11514,2.9309862547526557,3
11515,2.047350086611782,3
11516,2.9305917732016193,3
11517,2.2994854916861094,3
11518,2.3517051750629125,3
11519,2.2000533345312347,3
11520,12.661030665785779,3
11521,4.880237027216943,3
11522,3.252528011072131,3
11523,2.13950184883952,3
11524,3.2095260539791517,3
11525,2.4676885300214466,3
11526,2.5269751429711556,3
11527,2.3420931982451285,3
11528,13.18005952781123,3
11529,5.23432387448445,3
11530,3.3921026153458325,3
11531,2.1640818262984407,3
11532,3.3056277282668556,3
11533,2.499640379724113,3
11534,2.5922402936992186,3
11535,2.389932430259746,3
11536,16.010655869178528,3
11537,5.720298716580308,3
11538,3.543084440835122,3
11539,2.2049314769694233,3
11540,3.3625392593217174,3
11541,2.5871290020444047,3
11542,2.6458345377923593,3
11543,2.442312424364435,3
11544,23.807475570817743,3
11545,6.819935986899111,3
11546,3.9881216584250443,3
11547,2.3104042403186162,3
11548,3.874681428844871,3
11549,2.786982346706112,3
11550,2.9168539020052737,3
11551,2.6269659702383303,3
11552,11.919484370243515,3
11553,4.951077829664557,3
11554,3.3094896996359298,3
11555,2.1397339340286803,3
11556,3.251116360237411,3
11557,2.4525975998306206,3
11558,2.545534868877797,3
11559,2.3475327743452024,3
11560,42.352069181203376,3
11561,9.807601843036958,3
11562,4.817499894150219,3
11563,2.4595150484620043,3
11564,4.839528435121789,3
11565,3.1551082648701305,3
11566,3.265065509407125,3
11567,2.9562836941691493,3
11568,15.656437281822067,3
11569,5.5209206100390205,3
11570,3.4839162708771005,3
11571,2.187911486935107,3
11572,3.510673040107084,3
11573,2.5191167487717205,3
11574,2.6221152046496634,3
11575,2.419951582186444,3
11576,24.464638818238377,3
11577,7.464963623872061,3
11578,4.098615014183186,3
11579,2.368036546796466,3
11580,4.0690166012420494,3
11581,2.8452614690635256,3
11582,2.9687901809709754,3
11583,2.706950309826662,3
11584,31.979949932320082,3
11585,8.04620935757566,3
11586,4.320737237602686,3
11587,2.3328692959676256,3
11588,4.443982103285107,3
11589,2.892352171416033,3
11590,3.05430358815808,3
11591,2.7189786978958375,3
11592,29.771933260064205,3
11593,7.61892696640675,3
11594,4.596307370751286,3
11595,2.394792055026863,3
11596,4.3261581933903575,3
11597,2.9649843121999626,3
11598,3.092053753650166,3
11599,2.7745639210719752,3
11600,16.90025116406848,3
11601,5.873929553495816,3
11602,3.5792193819135627,3
11603,2.220356788194858,3
11604,3.525859739098973,3
11605,2.6085571003898833,3
11606,2.666607412075669,3
11607,2.4718681894171457,3
11608,13.067173592131745,3
11609,4.975507248915605,3
11610,3.2298351933519855,3
11611,2.1471716001710335,3
11612,3.1850545421563234,3
11613,2.483055580522127,3
11614,2.5323137241499047,3
11615,2.3374910062617418,3
11616,23.827655631642415,3
11617,6.908881389836298,3
11618,4.016594772745736,3
11619,2.310159539394763,3
11620,3.992842129619526,3
11621,2.832605145082079,3
11622,2.890019063493553,3
11623,2.6077132815597217,3
11624,16.983422394407764,3
11625,5.8742408412709874,3
11626,3.6307612013313464,3
11627,2.212991118428464,3
11628,3.5553642677103716,3
11629,2.5876023225141647,3
11630,2.715602852843588,3
11631,2.4782060877686662,3
11632,13.439077554854938,3
11633,4.998964240057224,3
11634,3.2861760643810323,3
11635,2.147869608276555,3
11636,3.2289031835869655,3
11637,2.4673851085752516,3
11638,2.531530469467367,3
11639,2.3508400938601057,3
11640,17.779763699069427,3
11641,5.997611148334386,3
11642,3.628122206596568,3
11643,2.227636921095436,3
11644,3.556801089617605,3
11645,2.5927223211987425,3
11646,2.7535920834954357,3
11647,2.4928769642304767,3
11648,11.639758230295147,3
11649,4.516241508559181,3
11650,3.10907555064264,3
11651,2.1006319606179686,3
11652,3.099393074606067,3
11653,2.4044371356302743,3
11654,2.449534200906648,3
11655,2.281278271543415,3
11656,12.675342785242615,3
11657,4.755007940250916,3
11658,3.147693986623162,3
11659,2.1321962321399046,3
11660,3.1855909557803974,3
11661,2.4494149064987623,3
11662,2.492947275583515,3
11663,2.3333143696073475,3
11664,31.01121517554662,3
11665,7.6980344448867255,3
11666,4.337814199111811,3
11667,2.411519340205981,3
11668,4.383647727158151,3
11669,2.9489728554074635,3
11670,3.13724509606564,3
11671,2.7753755134952156,3
11672,13.820036038633454,3
11673,5.085788087998662,3
11674,3.282244732853918,3
11675,2.155785752688638,3
11676,3.2950934923141095,3
11677,2.4806837474401697,3
11678,2.5636364808144165,3
11679,2.360844050667962,3
11680,23.772715876193345,3
11681,6.614987320687717,3
11682,3.964984656734457,3
11683,2.2026777995017235,3
11684,3.9415333919042923,3
11685,2.6911002332420986,3
11686,2.775802920671547,3
11687,2.5370873828869467,3
11688,18.78916879494047,3
11689,6.225317511344162,3
11690,3.6906399059442525,3
11691,2.26241526216273,3
11692,3.7292383209115756,3
11693,2.6796787090121486,3
11694,2.800542017122054,3
11695,2.556400860452603,3
11696,13.729206478033595,3
11697,5.075993161213966,3
11698,3.381401539404854,3
11699,2.163614073677368,3
11700,3.3305251488982495,3
11701,2.483380260496991,3
11702,2.582693428868871,3
11703,2.381673077610687,3
11704,51.032843699921216,3
11705,10.51479396250944,3
11706,5.182964724431671,3
11707,2.501330651810347,3
11708,5.011945645045269,3
11709,3.2486063983296147,3
11710,3.374374938856117,3
11711,3.047521285503309,3
11712,18.64179036277198,3
11713,5.629321382100001,3
11714,3.6460348595076506,3
11715,2.243540576564958,3
11716,3.6059863298231605,3
11717,2.651697901084452,3
11718,2.736588041802929,3
11719,2.489756324208496,3
11720,20.721635900137763,3
11721,6.714955378142452,3
11722,3.833505030796202,3
11723,2.284313821093489,3
11724,3.849736073318327,3
11725,2.7461181636404013,3
11726,2.894404172490587,3
11727,2.6099752859960623,3
11728,28.191123472283643,3
11729,7.110892664746578,3
11730,4.278138280337274,3
11731,2.342860450078921,3
11732,4.042719427591072,3
11733,2.864331222215108,3
11734,2.9955660023109907,3
11735,2.67033997096643,3
11736,17.596034048428102,3
11737,5.895427098331695,3
11738,3.673157317172213,3
11739,2.226444183102035,3
11740,3.6011421920737274,3
11741,2.6292915506234227,3
11742,2.7190679503306714,3
11743,2.4877168072064166,3
11744,16.415262779348403,3
11745,5.9563432057960455,3
11746,3.7137934640998678,3
11747,2.2051683989920527,3
11748,3.4616846348280164,3
11749,2.625784851840461,3
11750,2.652848418073476,3
11751,2.475551786318624,3
11752,11.749698503160689,3
11753,4.729286458722097,3
11754,3.113417957840912,3
11755,2.1156867241119657,3
11756,3.121350727012124,3
11757,2.408791729478306,3
11758,2.4734870150154893,3
11759,2.3220215513057596,3
11760,35.830096698923654,3
11761,8.308770212827696,3
11762,4.463161146029333,3
11763,2.414546897365325,3
11764,4.505999353991583,3
11765,3.0351383133859526,3
11766,3.1611688391091146,3
11767,2.817752865541967,3
11768,12.85663234841414,3
11769,4.896088719839629,3
11770,3.2254599984259964,3
11771,2.146473746841717,3
11772,3.170231316153323,3
11773,2.4403219681140733,3
11774,2.5291817473383253,3
11775,2.3441588892693703,3
11776,13.362431932246121,3
11777,5.020287758100417,3
11778,3.252093524822035,3
11779,2.1474042523404893,3
11780,3.2348468851536367,3
11781,2.470718795055889,3
11782,2.525791906163185,3
11783,2.3622536442406084,3
11784,18.40367370148658,3
11785,6.1866468168693025,3
11786,3.7964415234078124,3
11787,2.2433008181191543,3
11788,3.720075721279299,3
11789,2.6883220922879514,3
11790,2.7682095003082554,3
11791,2.538331288873966,3
11792,23.365557877902887,3
11793,6.579407634481835,3
11794,3.9231766890729713,3
11795,2.2939215973633753,3
11796,3.9132944037156254,3
11797,2.7759988306219636,3
11798,2.8717705829962066,3
11799,2.582482667848001,3
11800,16.939026441318582,3
11801,5.917289249312966,3
11802,3.6414163539032276,3
11803,2.2738964438711,3
11804,3.5429226139268724,3
11805,2.6386436473092885,3
11806,2.760470520223708,3
11807,2.5435265632012696,3
11808,15.82965975276168,3
11809,5.81000726442022,3
11810,3.487539847906818,3
11811,2.211091607770198,3
11812,3.4875165364094958,3
11813,2.597428185531285,3
11814,2.6330365420824386,3
11815,2.467936712655531,3
11816,65.83974988645915,3
11817,11.983569600182046,3
11818,6.121280635477026,3
11819,2.596961271481747,3
11820,6.039339657855076,3
11821,3.4730367695714013,3
11822,3.7988867454936095,3
11823,3.2268936238017782,3
11824,12.817435130891774,3
11825,4.89764979013337,3
11826,3.291052549281089,3
11827,2.13950184883952,3
11828,3.2536310941105464,3
11829,2.4434218543614272,3
11830,2.547632218344996,3
11831,2.348522738954624,3
11832,13.610641160459954,3
11833,4.96764837879647,3
11834,3.336670319605747,3
11835,2.1084383355250575,3
11836,3.1677133417651038,3
11837,2.4451810126819673,3
11838,2.459504736718659,3
11839,2.322996653144527,3
11840,17.563807572936092,3
11841,5.654718034635215,3
11842,3.6333619051351187,3
11843,2.1913381638139025,3
11844,3.629096351147167,3
11845,2.5929467138737854,3
11846,2.6634487077432443,3
11847,2.492570262971551,3
11848,17.06684786011183,3
11849,5.5344102010561,3
11850,3.5454785830478555,3
11851,2.2227940521911784,3
11852,3.491951963971625,3
11853,2.561824809811644,3
11854,2.7001297462390648,3
11855,2.533239827724358,3
11856,15.532259961658282,3
11857,5.372016949148108,3
11858,3.4629728460470655,3
11859,2.1769161397290944,3
11860,3.362634771138427,3
11861,2.469892547183504,3
11862,2.635758866460804,3
11863,2.425876810769256,3
11864,12.198205961431086,3
11865,4.826302216776378,3
11866,3.435692082103651,3
11867,2.1452104668217253,3
11868,3.157307670746399,3
11869,2.447824053816418,3
11870,2.5348478615032857,3
11871,2.399987937270705,3
11872,16.779953890573164,3
11873,5.5233575390990755,3
11874,3.593433819064974,3
11875,2.2361252984312396,3
11876,3.6015426137806754,3
11877,2.6082424128278627,3
11878,2.668642532233946,3
11879,2.5364038825303257,3
11880,14.867725475400146,3
11881,5.203307118946804,3
11882,3.45605012032514,3
11883,2.1762116908503146,3
11884,3.4515695557754187,3
11885,2.5374889261241127,3
11886,2.5940730204389655,3
11887,2.4114721645867583,3
11888,22.501648575602474,3
11889,6.736057345595723,3
11890,3.9684893333704263,3
11891,2.2979003459926823,3
11892,3.996602373737967,3
11893,2.730536558128103,3
11894,2.9050508086069255,3
11895,2.706072604516611,3
11896,21.356437664153756,3
11897,6.694172055701056,3
11898,3.9403614165673724,3
11899,2.2581707197451255,3
11900,3.9112194544231147,3
11901,2.7075137285596975,3
11902,2.797328664141005,3
11903,2.6715945946938935,3
11904,13.489203118121983,3
11905,5.137126497232042,3
11906,3.3109053775402058,3
11907,2.1603226269184477,3
11908,3.182917654297269,3
11909,2.4772989249691824,3
11910,2.5603874062448457,3
11911,2.4249886654862536,3
11912,19.65847107756063,3
11913,5.644133447351828,3
11914,3.461780819085922,3
11915,2.182996524001951,3
11916,3.395647629756824,3
11917,2.5402019655387273,3
11918,2.5465567661767605,3
11919,2.4625350100659764,3
11920,9.652522918807508,3
11921,4.145280551087189,3
11922,2.879886803356866,3
11923,2.031038730412176,3
11924,2.9091919946576748,3
11925,2.286625688974048,3
11926,2.3338567539110415,3
11927,2.196409988150818,3
11928,12.056362609770586,3
11929,4.904941123356723,3
11930,3.2090650826569327,3
11931,2.1219888130160323,3
11932,3.217635814416144,3
11933,2.434033199684225,3
11934,2.519447224203704,3
11935,2.347529876770089,3
11936,12.566176833532706,3
11937,5.166640651446788,3
11938,3.369303754583699,3
11939,2.145908039969403,3
11940,3.28840423363013,3
11941,2.4700690449956073,3
11942,2.5616013147017878,3
11943,2.4098040330367674,3
11944,15.860763569061682,3
11945,5.954700411925872,3
11946,3.3959767886076153,3
11947,2.1879414890078426,3
11948,3.3202671943168287,3
11949,2.5567273235941057,3
11950,2.5916718131515344,3
11951,2.471761686690072,3
11952,24.52368670905909,3
11953,6.663714874980671,3
11954,4.097593708276878,3
11955,2.28650037637656,3
11956,3.6618574250838405,3
11957,2.781021656872661,3
11958,2.871883602165052,3
11959,2.6360318118832584,3
11960,12.114399956701549,3
11961,4.901013912192323,3
11962,3.1589609575649473,3
11963,2.1226812358558655,3
11964,3.2514421591381355,3
11965,2.47386282428613,3
11966,2.5397985326449155,3
11967,2.363901769141636,3
11968,42.03886929744153,3
11969,8.824183155021554,3
11970,4.788328069372301,3
11971,2.432765285640829,3
11972,4.779654138185316,3
11973,3.12469531187928,3
11974,3.193148187864071,3
11975,3.0153429010617483,3
11976,14.561357515871729,3
11977,5.549397541790053,3
11978,3.372678113048962,3
11979,2.1679022395936727,3
11980,3.505846511917114,3
11981,2.508816656840541,3
11982,2.5574089700485687,3
11983,2.4242894679454863,3
11984,25.80090124204477,3
11985,7.168552006360709,3
11986,3.9888530860414844,3
11987,2.341223564479136,3
11988,4.1090778782088035,3
11989,2.868048678503639,3
11990,2.9310407312303517,3
11991,2.726842070729713,3
11992,33.16450234602561,3
11993,8.751432862134257,3
11994,4.154802126642143,3
11995,2.3059550932535418,3
11996,4.2406079277736675,3
11997,2.930107241417952,3
11998,3.011255522675538,3
11999,2.7657225590967784,3
12000,30.023311891041487,3
12001,7.727667413189629,3
12002,4.4088418220863925,3
12003,2.3713052966802626,3
12004,4.176404252239114,3
12005,2.9181853756410074,3
12006,2.9878407905622097,3
12007,2.8071324976561445,3
12008,16.322470427788566,3
12009,5.893840971918417,3
12010,3.5651967525713886,3
12011,2.198999584839474,3
12012,3.498896180938875,3
12013,2.6351820601296785,3
12014,2.6176219152670956,3
12015,2.483357664381938,3
12016,12.366632025688128,3
12017,4.753926520364264,3
12018,3.2363689086587417,3
12019,2.1294764871469853,3
12020,3.1807048164232077,3
12021,2.435318495528069,3
12022,2.500164569512094,3
12023,2.345362398270294,3
12024,22.738303937815264,3
12025,6.133963184614691,3
12026,3.8883514969927,3
12027,2.287958357437285,3
12028,4.0875131863364,3
12029,2.847846505442732,3
12030,2.8496230422180835,3
12031,2.6247605226929682,3
12032,16.968396858525463,3
12033,6.01694389348819,3
12034,3.6881414881685157,3
12035,2.1906305169978,3
12036,3.4885801236608858,3
12037,2.5985285596704,3
12038,2.69854997452881,3
12039,2.501100469408265,3
12040,12.286836582392816,3
12041,4.972340647796325,3
12042,3.291210451748217,3
12043,2.128782557529213,3
12044,3.2810942489298465,3
12045,2.462086344400992,3
12046,2.4931856284301244,3
12047,2.386415785238187,3
12048,17.907909565034316,3
12049,5.89870110040076,3
12050,3.736551316473644,3
12051,2.2073831636759866,3
12052,3.575709910880591,3
12053,2.5191246204284656,3
12054,2.729405234817362,3
12055,2.531644642824104,3
12056,11.754828470124794,3
12057,4.4129304483761835,3
12058,3.1209119558219873,3
12059,2.0849269918939877,3
12060,2.991602681052758,3
12061,2.3832159638976207,3
12062,2.4385098451915486,3
12063,2.276870734752924,3
12064,12.337555569540765,3
12065,4.6485270901358655,3
12066,3.0684963449653675,3
12067,2.1145118283840256,3
12068,3.1229822864729453,3
12069,2.440361465144484,3
12070,2.4858628003266245,3
12071,2.3578722282748017,3
12072,30.92943529372563,3
12073,8.118150273631409,3
12074,4.245033545254958,3
12075,2.385250866993672,3
12076,4.303869639576826,3
12077,2.9613328200621942,3
12078,3.080397066385527,3
12079,2.7852746908841004,3
12080,12.569472608367876,3
12081,5.174607743882398,3
12082,3.1417717415715916,3
12083,2.137685147125108,3
12084,3.2937891226045894,3
12085,2.464158317045095,3
12086,2.5772536907674746,3
12087,2.396913510818739,3
12088,22.210695771768638,3
12089,6.197003244232611,3
12090,3.9368028060322415,3
12091,2.18326321455417,3
12092,3.853717325898217,3
12093,2.631280479024393,3
12094,2.715639375295076,3
12095,2.563814679605503,3
12096,16.564408200489023,3
12097,5.936643070722941,3
12098,3.479755516252405,3
12099,2.240434109285057,3
12100,3.8091613788032594,3
12101,2.658196191630495,3
12102,2.8324692331717083,3
12103,2.5957143953129815,3
12104,13.706682017414854,3
12105,5.018031049146595,3
12106,3.2706324728268164,3
12107,2.145908039969403,3
12108,3.242997587573535,3
12109,2.482403520903633,3
12110,2.5631813380299495,3
12111,2.3932087373152786,3
12112,56.160381082916565,3
12113,9.683004506094045,3
12114,5.178027624316852,3
12115,2.470294415150855,3
12116,5.058845190658615,3
12117,3.358340277674379,3
12118,3.306378142475176,3
12119,3.0576696959085568,3
12120,16.138008476883734,3
12121,5.280102223369561,3
12122,3.625814255666539,3
12123,2.2213649669717497,3
12124,3.5581817064724213,3
12125,2.6279924388381053,3
12126,2.697668893447208,3
12127,2.5222871821103183,3
12128,18.951169262689753,3
12129,6.541409612235705,3
12130,3.826433846641339,3
12131,2.260065932177227,3
12132,3.9035950851760552,3
12133,2.745907886010616,3
12134,2.8798867071077874,3
12135,2.6658951896550804,3
12136,26.821061110065582,3
12137,7.21590212012856,3
12138,4.2789616961626225,3
12139,2.3181583138497324,3
12140,3.8381588540100124,3
12141,2.8001630372922914,3
12142,3.0107777067897663,3
12143,2.6847950107048475,3
12144,17.43997660817631,3
12145,5.83777625884239,3
12146,3.6090984588585813,3
12147,2.205960912114756,3
12148,3.5767247530983264,3
12149,2.5829095364821866,3
12150,2.751802555812073,3
12151,2.5339950040461536,3
12152,16.215929632383222,3
12153,6.096475925072489,3
12154,3.6086067122350904,3
12155,2.182996524001951,3
12156,3.5282307928224252,3
12157,2.63084325442568,3
12158,2.6405887401264776,3
12159,2.488741164324785,3
12160,10.723547749032194,3
12161,4.507823148827967,3
12162,3.07938086336937,3
12163,2.098374977426536,3
12164,3.05197630278113,3
12165,2.426545971069872,3
12166,2.4587481134935563,3
12167,2.338610324949975,3
12168,37.95670936365105,3
12169,7.657050592604412,3
12170,4.411630435900263,3
12171,2.389006589944619,3
12172,4.396412064608826,3
12173,3.0233063888560356,3
12174,3.2541118802964384,3
12175,2.787793846616922,3
12176,11.85497523988913,3
12177,4.761587713537172,3
12178,3.1535752887719126,3
12179,2.1280887817832843,3
12180,3.110833278488789,3
12181,2.4254289490871845,3
12182,2.4970610982112653,3
12183,2.372924971085504,3
12184,12.593823710042114,3
12185,5.049655061163795,3
12186,3.1924428566354517,3
12187,2.128782557529213,3
12188,3.1686694623529914,3
12189,2.450588963827879,3
12190,2.5360530622928277,3
12191,2.3954396256540367,3
12192,18.56835739801019,3
12193,6.12471850883332,3
12194,3.8259587350403823,3
12195,2.2227940521911784,3
12196,3.6171892489822888,3
12197,2.723357765457355,3
12198,2.767195420435905,3
12199,2.5536708923063998,3
12200,23.56944021773652,3
12201,6.144465844487273,3
12202,3.8459069106115225,3
12203,2.270059591040123,3
12204,3.9377956778985284,3
12205,2.719986351425455,3
12206,2.850935565107809,3
12207,2.61980487170967,3
12208,15.345995520150232,3
12209,5.952607871611543,3
12210,3.4761053151815946,3
12211,2.251674287638429,3
12212,3.450688779228604,3
12213,2.6069506092102084,3
12214,2.722289879183865,3
12215,2.567256048699299,3
12216,14.000720597964877,3
12217,5.3886400890928305,3
12218,3.3486179911510616,3
12219,2.1906305169978,3
12220,3.4548635429278343,3
12221,2.577839595601691,3
12222,2.571993448076957,3
12223,2.4863795333393828,3
12224,60.88216394071069,3
12225,10.96810090349724,3
12226,6.027981085322607,3
12227,2.5653723761343614,3
12228,5.936653184386158,3
12229,3.365775062753885,3
12230,3.700685337613566,3
12231,3.2045583964442765,3
12232,12.852790239784152,3
12233,4.995991871180562,3
12234,3.276810798350543,3
12235,2.1219888130160323,3
12236,3.2467306785116072,3
12237,2.408993901515184,3
12238,2.550018275194033,3
12239,2.344561741216774,3
12240,12.8924987555968,1
12241,5.056457784567351,1
12242,3.1167401388758935,1
12243,2.1513144046348716,1
12244,3.1502491314380126,1
12245,2.416410898512883,1
12246,2.4508055781462255,1
12247,2.340757194487171,1
12248,16.356997371779748,1
12249,5.818614212631463,1
12250,3.433416798029151,1
12251,2.2373835917972476,1
12252,3.3973823180712635,1
12253,2.566432423397626,1
12254,2.6288504636786603,1
12255,2.475678030809795,1
12256,16.73663440223527,1
12257,5.707392523161339,1
12258,3.459049542489358,1
12259,2.269196962386848,1
12260,3.4134993103301063,1
12261,2.6121935100969895,1
12262,2.63330646467329,1
12263,2.5121110237924658,1
12264,14.874480192293616,1
12265,5.345111475630053,1
12266,3.3132461573864282,1
12267,2.2205516116075987,1
12268,3.283055872063607,1
12269,2.51221019249127,1
12270,2.5897932692588808,1
12271,2.429573980411663,1
12272,13.894476366041095,1
12273,5.081880442273178,1
12274,3.204951081710548,1
12275,2.189394987958714,1
12276,3.1689558397994166,1
12277,2.4462500611047404,1
12278,2.4962288225329985,1
12279,2.3977067911088015,1
12280,16.81727526251448,1
12281,5.621107937301193,1
12282,3.512942775947145,1
12283,2.285716404765158,1
12284,3.4298148546497567,1
12285,2.589104027859517,1
12286,2.6298018878950917,1
12287,2.5026852647996902,1
12288,14.552864182514657,1
12289,5.315267622316825,1
12290,3.3283999383262914,1
12291,2.221292350808711,1
12292,3.2229043868276115,1
12293,2.5162511598966275,1
12294,2.5524256249785338,1
12295,2.4303627955578793,1
12296,24.4634900285866,1
12297,6.978649701559296,1
12298,3.7936506774262853,1
12299,2.354272542376971,1
12300,3.8166787804145006,1
12301,2.7562063399532972,1
12302,2.8152560502664805,1
12303,2.6471038712913026,1
12304,23.82280580640484,1
12305,6.566388204120827,1
12306,3.6572120200135556,1
12307,2.307212235284099,1
12308,3.8475694545344914,1
12309,2.6938386335075144,1
12310,2.77846014484167,1
12311,2.6048618965582415,1
12312,13.567482606598723,1
12313,5.378340255483553,1
12314,3.2506379749457586,1
12315,2.2040371352033485,1
12316,3.1560753105657526,1
12317,2.471399212329957,1
12318,2.510573363900717,1
12319,2.4087145428506282,1
12320,15.328950398845945,1
12321,5.622379828688347,1
12322,3.4414588915291087,1
12323,2.231092277508009,1
12324,3.3886459509535927,1
12325,2.547107545275162,1
12326,2.581569192383898,1
12327,2.4609957020011843,1
12328,9.197784164242067,1
12329,4.2562511606966895,1
12330,2.825866898529279,1
12331,2.071563114847737,1
12332,2.799574843916055,1
12333,2.268093501362999,1
12334,2.3131759406511048,1
12335,2.2289629565327598,1
12336,13.05227949433451,1
12337,4.882395859558423,1
12338,3.137135424670622,1
12339,2.165053753799875,1
12340,3.1522011914442833,1
12341,2.4168951885057153,1
12342,2.478136976498531,1
12343,2.368387074035152,1
12344,14.708040265441534,1
12345,5.285580442378693,1
12346,3.3191344568884493,1
12347,2.190128561017098,1
12348,3.1739923988437306,1
12349,2.4782986852884856,1
12350,2.509117377414761,1
12351,2.382114762494337,1
12352,15.208290327320178,1
12353,5.621999090239953,1
12354,3.3230473526475977,1
12355,2.2294207841810616,1
12356,3.2642809236924197,1
12357,2.52271913855399,1
12358,2.5805397404779282,1
12359,2.4576145640359495,1
12360,22.50379333263016,1
12361,6.899772795928352,1
12362,3.8471513841964455,1
12363,2.338367971997746,1
12364,3.7912190535603623,1
12365,2.740804301235811,1
12366,2.8127967408550547,1
12367,2.6242655828580195,1
12368,11.860824597328445,1
12369,4.918695281660096,1
12370,3.125971006913681,1
12371,2.1648717863370477,1
12372,3.0673762322151195,1
12373,2.4328449233139473,1
12374,2.456010629170947,1
12375,2.3656768799861205,1
12376,47.53120341308257,1
12377,9.540732241372433,1
12378,4.546514929208401,1
12379,2.4885612802004244,1
12380,4.8376381433864095,1
12381,3.0876304237285965,1
12382,3.195967285269258,1
12383,2.8805213480356593,1
12384,15.63320672826403,1
12385,5.615604865566348,1
12386,3.3024775970349296,1
12387,2.214108209100404,1
12388,3.2831569791136834,1
12389,2.499518668727675,1
12390,2.555468623669431,1
12391,2.416264701406842,1
12392,25.328858498407712,1
12393,6.883284309950615,1
12394,3.835935167148655,1
12395,2.395196064986953,1
12396,3.821727287828183,1
12397,2.801232382036205,1
12398,2.899853982394013,1
12399,2.689071035747218,1
12400,26.56137611018757,1
12401,8.234784768571245,1
12402,4.270975401474853,1
12403,2.3585179642713956,1
12404,4.257462673966037,1
12405,2.8633096209396456,1
12406,2.9231407186530918,1
12407,2.7071440666834787,1
12408,28.725349983658834,1
12409,7.912373694243385,1
12410,4.3070229126174215,1
12411,2.424652870516946,1
12412,4.120316298974345,1
12413,2.8928531882314874,1
12414,3.009263307360827,1
12415,2.758811808550418,1
12416,17.391519178144524,1
12417,5.864202981547925,1
12418,3.515083907816457,1
12419,2.2472324718249044,1
12420,3.449412971608283,1
12421,2.5845151526042267,1
12422,2.6153366365180752,1
12423,2.476003581797094,1
12424,12.2942272106127,1
12425,5.020024156006715,1
12426,3.119532525270625,1
12427,2.1729949367412447,1
12428,3.093619804799126,1
12429,2.4216765387351455,1
12430,2.4727462278291292,1
12431,2.354950901007467,1
12432,22.165711931810435,1
12433,6.571590659296228,1
12434,3.8527282658973885,1
12435,2.3381760402338325,1
12436,3.785437716329326,1
12437,2.742310129897313,1
12438,2.828612880674849,1
12439,2.659021387862652,1
12440,17.513577603852795,1
12441,5.589678856437753,1
12442,3.4301043829162308,1
12443,2.238128202418248,1
12444,3.374183861176508,1
12445,2.5445594548170085,1
12446,2.6146907512413744,1
12447,2.4866861773949065,1
12448,12.646592051109106,1
12449,5.072166275886711,1
12450,3.1283052966477056,1
12451,2.173177371252714,1
12452,3.0563680957429846,1
12453,2.4244318262222277,1
12454,2.463772993605078,1
12455,2.3675122540051925,1
12456,16.180691406708206,1
12457,6.081167403262846,1
12458,3.4647044761049366,1
12459,2.2540699448831165,1
12460,3.374800645514478,1
12461,2.572853325563644,1
12462,2.623456854751157,1
12463,2.491322245170732,1
12464,10.894014385875886,1
12465,4.468542210516322,1
12466,3.004269668429702,1
12467,2.125646017490109,1
12468,3.0104334721783497,1
12469,2.345414984766041,1
12470,2.3744379797446142,1
12471,2.3111673294913815,1
12472,12.375168288563255,1
12473,4.766234496108446,1
12474,3.0497118456212102,1
12475,2.1569058224176705,1
12476,3.0688756298426476,1
12477,2.401808800547564,1
12478,2.438152458194974,1
12479,2.3495328840138976,1
12480,31.315070920660105,1
12481,8.018974261713991,1
12482,4.207567562233482,1
12483,2.440375059766376,1
12484,4.136290833622382,1
12485,2.873756072664678,1
12486,2.9833493808075997,1
12487,2.7999357910709115,1
12488,12.576120980108735,1
12489,5.0567902954958965,1
12490,3.1531782533200157,1
12491,2.1806357408851498,1
12492,3.1192573577224416,1
12493,2.448833932663117,1
12494,2.50828875580264,1
12495,2.383548366010328,1
12496,23.26466240592314,1
12497,6.5983372699539835,1
12498,3.7370120725217686,1
12499,2.227595516778935,1
12500,3.870913976948087,1
12501,2.6539239080777115,1
12502,2.7646031075533064,1
12503,2.5554619697421033,1
12504,18.419836361026608,1
12505,6.202130935422823,1
12506,3.6030885208807697,1
12507,2.2872280332914094,1
12508,3.600346260204171,1
12509,2.628734688759338,1
12510,2.6908302422133685,1
12511,2.556665287019134,1
12512,12.821810028441718,1
12513,5.101844540260606,1
12514,3.232845702275418,1
12515,2.1892116210527917,1
12516,3.1881753173486214,1
12517,2.460346745858661,1
12518,2.5141648642392527,1
12519,2.393411831559601,1
12520,54.23117094486084,1
12521,10.460347400325013,1
12522,4.910241339351312,1
12523,2.5343729897572884,1
12524,5.0367040396636105,1
12525,3.197723401401223,1
12526,3.2033200933365653,1
12527,3.050347610104441,1
12528,17.390857727442384,1
12529,5.717040383790126,1
12530,3.4156789179229388,1
12531,2.269948890204887,1
12532,3.4392027437662773,1
12533,2.590659162663598,1
12534,2.641043790877639,1
12535,2.4990102945272374,1
12536,19.705984409973627,1
12537,6.429265256413984,1
12538,3.712015956381051,1
12539,2.3128897866925215,1
12540,3.530797506558036,1
12541,2.6991442172192754,1
12542,2.762658121122832,1
12543,2.60685815773154,1
12544,25.4466275978984,1
12545,7.1839126350870774,1
12546,3.89670564194874,1
12547,2.3712218766087285,1
12548,3.810639596768726,1
12549,2.7879706443545214,1
12550,2.838626224849935,1
12551,2.6819216332302487,1
12552,16.992484087681035,1
12553,5.772570223531986,1
12554,3.3818011825724255,1
12555,2.254631265155545,1
12556,3.468091575321688,1
12557,2.583551090076526,1
12558,2.6535806552970684,1
12559,2.470907572515649,1
12560,17.14897776185397,1
12561,5.997772424812884,1
12562,3.470665401887785,1
12563,2.2316496341807825,1
12564,3.4788832391875184,1
12565,2.5438460276301464,1
12566,2.5947723473951956,1
12567,2.4787509938905994,1
12568,12.563424408204293,1
12569,4.680743211894831,1
12570,3.096558012461197,1
12571,2.1406728323453077,1
12572,3.041555257085666,1
12573,2.3740585524142226,1
12574,2.427649268856796,1
12575,2.3165232885104308,1
12576,36.67026787318917,1
12577,8.383419167771816,1
12578,4.4473591989457155,1
12579,2.4451255872471696,1
12580,4.354298000901303,1
12581,2.975287423224043,1
12582,3.0802393657009013,1
12583,2.8429990378315178,1
12584,11.720714576334608,1
12585,4.863908472340205,1
12586,3.1129060653451632,1
12587,2.1726300991836576,1
12588,3.068279680511636,1
12589,2.406757900464812,1
12590,2.456014947626427,1
12591,2.3566873665900068,1
12592,12.360123477559949,1
12593,4.876058138531434,1
12594,3.1420948198702496,1
12595,2.173907214197164,1
12596,3.113437861443952,1
12597,2.4354751808547728,1
12598,2.4775414539607357,1
12599,2.371580580692137,1
12600,18.973683030346077,1
12601,5.955997245370346,1
12602,3.5869845813236827,1
12603,2.2720175835783856,1
12604,3.456079862402586,1
12605,2.6217594665255017,1
12606,2.659722749436241,1
12607,2.5301285429530394,1
12608,23.89412295512503,1
12609,6.3637342048503465,1
12610,3.8646520425095754,1
12611,2.321631280110763,1
12612,3.8373179640866395,1
12613,2.703081124841886,1
12614,2.813645348103106,1
12615,2.6334224419924253,1
12616,17.61031782720265,1
12617,5.845289038890229,1
12618,3.4747855108151664,1
12619,2.301512771917681,1
12620,3.4860611094218874,1
12621,2.603429873483639,1
12622,2.6482405373529447,1
12623,2.51582223920348,1
12624,16.357995329671024,1
12625,5.681237723180315,1
12626,3.4019220459536035,1
12627,2.238686772773381,1
12628,3.300619682301793,1
12629,2.5400788623426926,1
12630,2.592934936947036,1
12631,2.481477987873935,1
12632,91.44309950383442,1
12633,14.29369455587603,1
12634,5.535657933611474,1
12635,2.6228066720114316,1
12636,5.713199055848411,1
12637,3.4586767630063653,1
12638,3.6292839305784432,1
12639,3.211109672348009,1
12640,13.002277217644606,1
12641,4.914273144831351,1
12642,3.159315826923767,1
12643,2.1654177201133336,1
12644,3.045220935248349,1
12645,2.429491286586728,1
12646,2.4883505770531795,1
12647,2.364709482096294,1
12648,0.0,-1
12649,0.0,-1
12650,0.0,-1
12651,0.0,-1
12652,0.0,-1
12653,0.0,-1
12654,0.0,-1
12655,0.0,-1
12656,0.0,-1
12657,0.0,-1
12658,0.0,-1
12659,0.0,-1
12660,0.0,-1
12661,0.0,-1
12662,0.0,-1
12663,0.0,-1
12664,0.0,-1
12665,0.0,-1
12666,0.0,-1
12667,0.0,-1
12668,0.0,-1
12669,0.0,-1
12670,0.0,-1
12671,0.0,-1
12672,0.0,-1
12673,0.0,-1
12674,0.0,-1
12675,0.0,-1
12676,0.0,-1
12677,0.0,-1
12678,0.0,-1
12679,0.0,-1
12680,0.0,-1
12681,0.0,-1
12682,0.0,-1
12683,0.0,-1
12684,0.0,-1
12685,0.0,-1
12686,0.0,-1
12687,0.0,-1
12688,0.0,-1
12689,0.0,-1
12690,0.0,-1
12691,0.0,-1
12692,0.0,-1
12693,0.0,-1
12694,0.0,-1
12695,0.0,-1
12696,0.0,-1
12697,0.0,-1
12698,0.0,-1
12699,0.0,-1
12700,0.0,-1
12701,0.0,-1
12702,0.0,-1
12703,0.0,-1
12704,0.0,-1
12705,0.0,-1
12706,0.0,-1
12707,0.0,-1
12708,0.0,-1
12709,0.0,-1
12710,0.0,-1
12711,0.0,-1
12712,0.0,-1
12713,0.0,-1
12714,0.0,-1
12715,0.0,-1
12716,0.0,-1
12717,0.0,-1
12718,0.0,-1
12719,0.0,-1
12720,0.0,-1
12721,0.0,-1
12722,0.0,-1
12723,0.0,-1
12724,0.0,-1
12725,0.0,-1
12726,0.0,-1
12727,0.0,-1
12728,0.0,-1
12729,0.0,-1
12730,0.0,-1
12731,0.0,-1
12732,0.0,-1
12733,0.0,-1
12734,0.0,-1
12735,0.0,-1
12736,0.0,-1
12737,0.0,-1
12738,0.0,-1
12739,0.0,-1
12740,0.0,-1
12741,0.0,-1
12742,0.0,-1
12743,0.0,-1
12744,0.0,-1
12745,0.0,-1
12746,0.0,-1
12747,0.0,-1
12748,0.0,-1
12749,0.0,-1
12750,0.0,-1
12751,0.0,-1
12752,0.0,-1
12753,0.0,-1
12754,0.0,-1
12755,0.0,-1
12756,0.0,-1
12757,0.0,-1
12758,0.0,-1
12759,0.0,-1
12760,0.0,-1
12761,0.0,-1
12762,0.0,-1
12763,0.0,-1
12764,0.0,-1
12765,0.0,-1
12766,0.0,-1
12767,0.0,-1
12768,0.0,-1
12769,0.0,-1
12770,0.0,-1
12771,0.0,-1
12772,0.0,-1
12773,0.0,-1
12774,0.0,-1
12775,0.0,-1
12776,0.0,-1
12777,0.0,-1
12778,0.0,-1
12779,0.0,-1
12780,0.0,-1
12781,0.0,-1
12782,0.0,-1
12783,0.0,-1
12784,0.0,-1
12785,0.0,-1
12786,0.0,-1
12787,0.0,-1
12788,0.0,-1
12789,0.0,-1
12790,0.0,-1
12791,0.0,-1
12792,0.0,-1
12793,0.0,-1
12794,0.0,-1
12795,0.0,-1
12796,0.0,-1
12797,0.0,-1
12798,0.0,-1
12799,0.0,-1
12800,0.0,-1
12801,0.0,-1
12802,0.0,-1
12803,0.0,-1
12804,0.0,-1
12805,0.0,-1
12806,0.0,-1
12807,0.0,-1
12808,0.0,-1
12809,0.0,-1
12810,0.0,-1
12811,0.0,-1
12812,0.0,-1
12813,0.0,-1
12814,0.0,-1
12815,0.0,-1
12816,0.0,-1
12817,0.0,-1
12818,0.0,-1
12819,0.0,-1
12820,0.0,-1
12821,0.0,-1
12822,0.0,-1
12823,0.0,-1
12824,0.0,-1
12825,0.0,-1
12826,0.0,-1
12827,0.0,-1
12828,0.0,-1
12829,0.0,-1
12830,0.0,-1
12831,0.0,-1
12832,0.0,-1
12833,0.0,-1
12834,0.0,-1
12835,0.0,-1
12836,0.0,-1
12837,0.0,-1
12838,0.0,-1
12839,0.0,-1
12840,0.0,-1
12841,0.0,-1
12842,0.0,-1
12843,0.0,-1
12844,0.0,-1
12845,0.0,-1
12846,0.0,-1
12847,0.0,-1
12848,0.0,-1
12849,0.0,-1
12850,0.0,-1
12851,0.0,-1
12852,0.0,-1
12853,0.0,-1
12854,0.0,-1
12855,0.0,-1
12856,0.0,-1
12857,0.0,-1
12858,0.0,-1
12859,0.0,-1
12860,0.0,-1
12861,0.0,-1
12862,0.0,-1
12863,0.0,-1
12864,0.0,-1
12865,0.0,-1
12866,0.0,-1
12867,0.0,-1
12868,0.0,-1
12869,0.0,-1
12870,0.0,-1
12871,0.0,-1
12872,0.0,-1
12873,0.0,-1
12874,0.0,-1
12875,0.0,-1
12876,0.0,-1
12877,0.0,-1
12878,0.0,-1
12879,0.0,-1
12880,0.0,-1
12881,0.0,-1
12882,0.0,-1
12883,0.0,-1
12884,0.0,-1
12885,0.0,-1
12886,0.0,-1
12887,0.0,-1
12888,0.0,-1
12889,0.0,-1
12890,0.0,-1
12891,0.0,-1
12892,0.0,-1
12893,0.0,-1
12894,0.0,-1
12895,0.0,-1
12896,0.0,-1
12897,0.0,-1
12898,0.0,-1
12899,0.0,-1
12900,0.0,-1
12901,0.0,-1
12902,0.0,-1
12903,0.0,-1
12904,0.0,-1
12905,0.0,-1
12906,0.0,-1
12907,0.0,-1
12908,0.0,-1
12909,0.0,-1
12910,0.0,-1
12911,0.0,-1
12912,0.0,-1
12913,0.0,-1
12914,0.0,-1
12915,0.0,-1
12916,0.0,-1
12917,0.0,-1
12918,0.0,-1
12919,0.0,-1
12920,0.0,-1
12921,0.0,-1
12922,0.0,-1
12923,0.0,-1
12924,0.0,-1
12925,0.0,-1
12926,0.0,-1
12927,0.0,-1
12928,0.0,-1
12929,0.0,-1
12930,0.0,-1
12931,0.0,-1
12932,0.0,-1
12933,0.0,-1
12934,0.0,-1
12935,0.0,-1
12936,0.0,-1
12937,0.0,-1
12938,0.0,-1
12939,0.0,-1
12940,0.0,-1
12941,0.0,-1
12942,0.0,-1
12943,0.0,-1
12944,0.0,-1
12945,0.0,-1
12946,0.0,-1
12947,0.0,-1
12948,0.0,-1
12949,0.0,-1
12950,0.0,-1
12951,0.0,-1
12952,0.0,-1
12953,0.0,-1
12954,0.0,-1
12955,0.0,-1
12956,0.0,-1
12957,0.0,-1
12958,0.0,-1
12959,0.0,-1
12960,0.0,-1
12961,0.0,-1
12962,0.0,-1
12963,0.0,-1
12964,0.0,-1
12965,0.0,-1
12966,0.0,-1
12967,0.0,-1
12968,0.0,-1
12969,0.0,-1
12970,0.0,-1
12971,0.0,-1
12972,0.0,-1
12973,0.0,-1
12974,0.0,-1
12975,0.0,-1
12976,0.0,-1
12977,0.0,-1
12978,0.0,-1
12979,0.0,-1
12980,0.0,-1
12981,0.0,-1
12982,0.0,-1
12983,0.0,-1
12984,0.0,-1
12985,0.0,-1
12986,0.0,-1
12987,0.0,-1
12988,0.0,-1
12989,0.0,-1
12990,0.0,-1
12991,0.0,-1
12992,0.0,-1
12993,0.0,-1
12994,0.0,-1
12995,0.0,-1
12996,0.0,-1
12997,0.0,-1
12998,0.0,-1
12999,0.0,-1
13000,0.0,-1
13001,0.0,-1
13002,0.0,-1
13003,0.0,-1
13004,0.0,-1
13005,0.0,-1
13006,0.0,-1
13007,0.0,-1
13008,0.0,-1
13009,0.0,-1
13010,0.0,-1
13011,0.0,-1
13012,0.0,-1
13013,0.0,-1
13014,0.0,-1
13015,0.0,-1
13016,0.0,-1
13017,0.0,-1
13018,0.0,-1
13019,0.0,-1
13020,0.0,-1
13021,0.0,-1
13022,0.0,-1
13023,0.0,-1
13024,0.0,-1
13025,0.0,-1
13026,0.0,-1
13027,0.0,-1
13028,0.0,-1
13029,0.0,-1
13030,0.0,-1
13031,0.0,-1
13032,0.0,-1
13033,0.0,-1
13034,0.0,-1
13035,0.0,-1
13036,0.0,-1
13037,0.0,-1
13038,0.0,-1
13039,0.0,-1
13040,0.0,-1
13041,0.0,-1
13042,0.0,-1
13043,0.0,-1
13044,0.0,-1
13045,0.0,-1
13046,0.0,-1
13047,0.0,-1
13048,0.0,-1
13049,0.0,-1
13050,0.0,-1
13051,0.0,-1
13052,0.0,-1
13053,0.0,-1
13054,0.0,-1
13055,0.0,-1
13056,0.0,-1
13057,0.0,-1
13058,0.0,-1
13059,0.0,-1
13060,0.0,-1
13061,0.0,-1
13062,0.0,-1
13063,0.0,-1
13064,0.0,-1
13065,0.0,-1
13066,0.0,-1
13067,0.0,-1
13068,0.0,-1
13069,0.0,-1
13070,0.0,-1
13071,0.0,-1
13072,0.0,-1
13073,0.0,-1
13074,0.0,-1
13075,0.0,-1
13076,0.0,-1
13077,0.0,-1
13078,0.0,-1
13079,0.0,-1
13080,0.0,-1
13081,0.0,-1
13082,0.0,-1
13083,0.0,-1
13084,0.0,-1
13085,0.0,-1
13086,0.0,-1
13087,0.0,-1
13088,0.0,-1
13089,0.0,-1
13090,0.0,-1
13091,0.0,-1
13092,0.0,-1
13093,0.0,-1
13094,0.0,-1
13095,0.0,-1
13096,0.0,-1
13097,0.0,-1
13098,0.0,-1
13099,0.0,-1
13100,0.0,-1
13101,0.0,-1
13102,0.0,-1
13103,0.0,-1
13104,0.0,-1
13105,0.0,-1
13106,0.0,-1
13107,0.0,-1
13108,0.0,-1
13109,0.0,-1
13110,0.0,-1
13111,0.0,-1
13112,0.0,-1
13113,0.0,-1
13114,0.0,-1
13115,0.0,-1
13116,0.0,-1
13117,0.0,-1
13118,0.0,-1
13119,0.0,-1
13120,0.0,-1
13121,0.0,-1
13122,0.0,-1
13123,0.0,-1
13124,0.0,-1
13125,0.0,-1
13126,0.0,-1
13127,0.0,-1
13128,0.0,-1
13129,0.0,-1
13130,0.0,-1
13131,0.0,-1
13132,0.0,-1
13133,0.0,-1
13134,0.0,-1
13135,0.0,-1
13136,0.0,-1
13137,0.0,-1
13138,0.0,-1
13139,0.0,-1
13140,0.0,-1
13141,0.0,-1
13142,0.0,-1
13143,0.0,-1
13144,0.0,-1
13145,0.0,-1
13146,0.0,-1
13147,0.0,-1
13148,0.0,-1
13149,0.0,-1
13150,0.0,-1
13151,0.0,-1
13152,0.0,-1
13153,0.0,-1
13154,0.0,-1
13155,0.0,-1
13156,0.0,-1
13157,0.0,-1
13158,0.0,-1
13159,0.0,-1
13160,0.0,-1
13161,0.0,-1
13162,0.0,-1
13163,0.0,-1
13164,0.0,-1
13165,0.0,-1
13166,0.0,-1
13167,0.0,-1
13168,0.0,-1
13169,0.0,-1
13170,0.0,-1
13171,0.0,-1
13172,0.0,-1
13173,0.0,-1
13174,0.0,-1
13175,0.0,-1
13176,0.0,-1
13177,0.0,-1
13178,0.0,-1
13179,0.0,-1
13180,0.0,-1
13181,0.0,-1
13182,0.0,-1
13183,0.0,-1
13184,0.0,-1
13185,0.0,-1
13186,0.0,-1
13187,0.0,-1
13188,0.0,-1
13189,0.0,-1
13190,0.0,-1
13191,0.0,-1
13192,0.0,-1
13193,0.0,-1
13194,0.0,-1
13195,0.0,-1
13196,0.0,-1
13197,0.0,-1
13198,0.0,-1
13199,0.0,-1
13200,0.0,-1
13201,0.0,-1
13202,0.0,-1
13203,0.0,-1
13204,0.0,-1
13205,0.0,-1
13206,0.0,-1
13207,0.0,-1
13208,0.0,-1
13209,0.0,-1
13210,0.0,-1
13211,0.0,-1
13212,0.0,-1
13213,0.0,-1
13214,0.0,-1
13215,0.0,-1
13216,0.0,-1
13217,0.0,-1
13218,0.0,-1
13219,0.0,-1
13220,0.0,-1
13221,0.0,-1
13222,0.0,-1
13223,0.0,-1
13224,0.0,-1
13225,0.0,-1
13226,0.0,-1
13227,0.0,-1
13228,0.0,-1
13229,0.0,-1
13230,0.0,-1
13231,0.0,-1
13232,0.0,-1
13233,0.0,-1
13234,0.0,-1
13235,0.0,-1
13236,0.0,-1
13237,0.0,-1
13238,0.0,-1
13239,0.0,-1
13240,0.0,-1
13241,0.0,-1
13242,0.0,-1
13243,0.0,-1
13244,0.0,-1
13245,0.0,-1
13246,0.0,-1
13247,0.0,-1
13248,0.0,-1
13249,0.0,-1
13250,0.0,-1
13251,0.0,-1
13252,0.0,-1
13253,0.0,-1
13254,0.0,-1
13255,0.0,-1
13256,0.0,-1
13257,0.0,-1
13258,0.0,-1
13259,0.0,-1
13260,0.0,-1
13261,0.0,-1
13262,0.0,-1
13263,0.0,-1
13264,0.0,-1
13265,0.0,-1
13266,0.0,-1
13267,0.0,-1
13268,0.0,-1
13269,0.0,-1
13270,0.0,-1
13271,0.0,-1
13272,0.0,-1
13273,0.0,-1
13274,0.0,-1
13275,0.0,-1
13276,0.0,-1
13277,0.0,-1
13278,0.0,-1
13279,0.0,-1
13280,0.0,-1
13281,0.0,-1
13282,0.0,-1
13283,0.0,-1
13284,0.0,-1
13285,0.0,-1
13286,0.0,-1
13287,0.0,-1
13288,0.0,-1
13289,0.0,-1
13290,0.0,-1
13291,0.0,-1
13292,0.0,-1
13293,0.0,-1
13294,0.0,-1
13295,0.0,-1
13296,0.0,-1
13297,0.0,-1
13298,0.0,-1
13299,0.0,-1
13300,0.0,-1
13301,0.0,-1
13302,0.0,-1
13303,0.0,-1
13304,0.0,-1
13305,0.0,-1
13306,0.0,-1
13307,0.0,-1
13308,0.0,-1
13309,0.0,-1
13310,0.0,-1
13311,0.0,-1
13312,0.0,-1
13313,0.0,-1
13314,0.0,-1
13315,0.0,-1
13316,0.0,-1
13317,0.0,-1
13318,0.0,-1
13319,0.0,-1
13320,0.0,-1
13321,0.0,-1
13322,0.0,-1
13323,0.0,-1
13324,0.0,-1
13325,0.0,-1
13326,0.0,-1
13327,0.0,-1
13328,0.0,-1
13329,0.0,-1
13330,0.0,-1
13331,0.0,-1
13332,0.0,-1
13333,0.0,-1
13334,0.0,-1
13335,0.0,-1
13336,0.0,-1
13337,0.0,-1
13338,0.0,-1
13339,0.0,-1
13340,0.0,-1
13341,0.0,-1
13342,0.0,-1
13343,0.0,-1
13344,0.0,-1
13345,0.0,-1
13346,0.0,-1
13347,0.0,-1
13348,0.0,-1
13349,0.0,-1
13350,0.0,-1
13351,0.0,-1
13352,0.0,-1
13353,0.0,-1
13354,0.0,-1
13355,0.0,-1
13356,0.0,-1
13357,0.0,-1
13358,0.0,-1
13359,0.0,-1
13360,0.0,-1
13361,0.0,-1
13362,0.0,-1
13363,0.0,-1
13364,0.0,-1
13365,0.0,-1
13366,0.0,-1
13367,0.0,-1
13368,0.0,-1
13369,0.0,-1
13370,0.0,-1
13371,0.0,-1
13372,0.0,-1
13373,0.0,-1
13374,0.0,-1
13375,0.0,-1
13376,0.0,-1
13377,0.0,-1
13378,0.0,-1
13379,0.0,-1
13380,0.0,-1
13381,0.0,-1
13382,0.0,-1
13383,0.0,-1
13384,0.0,-1
13385,0.0,-1
13386,0.0,-1
13387,0.0,-1
13388,0.0,-1
13389,0.0,-1
13390,0.0,-1
13391,0.0,-1
13392,0.0,-1
13393,0.0,-1
13394,0.0,-1
13395,0.0,-1
13396,0.0,-1
13397,0.0,-1
13398,0.0,-1
13399,0.0,-1
13400,0.0,-1
13401,0.0,-1
13402,0.0,-1
13403,0.0,-1
13404,0.0,-1
13405,0.0,-1
13406,0.0,-1
13407,0.0,-1
13408,0.0,-1
13409,0.0,-1
13410,0.0,-1
13411,0.0,-1
13412,0.0,-1
13413,0.0,-1
13414,0.0,-1
13415,0.0,-1
13416,0.0,-1
13417,0.0,-1
13418,0.0,-1
13419,0.0,-1
13420,0.0,-1
13421,0.0,-1
13422,0.0,-1
13423,0.0,-1
13424,0.0,-1
13425,0.0,-1
13426,0.0,-1
13427,0.0,-1
13428,0.0,-1
13429,0.0,-1
13430,0.0,-1
13431,0.0,-1
13432,0.0,-1
13433,0.0,-1
13434,0.0,-1
13435,0.0,-1
13436,0.0,-1
13437,0.0,-1
13438,0.0,-1
13439,0.0,-1
13440,0.0,-1
13441,0.0,-1
13442,0.0,-1
13443,0.0,-1
13444,0.0,-1
13445,0.0,-1
13446,0.0,-1
13447,0.0,-1
13448,0.0,-1
13449,0.0,-1
13450,0.0,-1
13451,0.0,-1
13452,0.0,-1
13453,0.0,-1
13454,0.0,-1
13455,0.0,-1
13456,0.0,-1
13457,0.0,-1
13458,0.0,-1
13459,0.0,-1
13460,0.0,-1
13461,0.0,-1
13462,0.0,-1
13463,0.0,-1
13464,13.039829451247702,2
13465,4.995909205855537,2
13466,3.190716272343916,2
13467,2.1482218462659004,2
13468,3.248055658961243,2
13469,2.4698293507636784,2
13470,2.5237583589927595,2
13471,2.388882186052897,2
13472,16.733043030718797,2
13473,5.758226520921971,2
13474,3.474276778307068,2
13475,2.238788548843696,2
13476,3.6335650328544897,2
13477,2.6082858448871007,2
13478,2.703657600879023,2
13479,2.551019781745467,2
13480,18.45078037410291,2
13481,6.237731931261643,2
13482,3.546172707303421,2
13483,2.2696177173737597,2
13484,3.547328749321026,2
13485,2.6527937405201474,2
13486,2.6728940898812015,2
13487,2.5845804960596306,2
13488,16.237296775237045,2
13489,5.805460783335919,2
13490,3.4475873314303564,2
13491,2.2197894125164046,2
13492,3.42142335881128,2
13493,2.572580142560747,2
13494,2.6092307206830756,2
13495,2.4559265128281846,2
13496,12.856725856179617,2
13497,5.23587125206193,2
13498,3.39362015423723,2
13499,2.186646454953755,2
13500,3.252113162611522,2
13501,2.4847895315143482,2
13502,2.598280160167742,2
13503,2.458687504906663,2
13504,18.463653039229655,2
13505,6.122604341692863,2
13506,3.6880812132964422,2
13507,2.2845254340385144,2
13508,3.589710671393522,2
13509,2.6159493908370255,2
13510,2.7128047509436928,2
13511,2.5855326362079003,2
13512,15.763037002522454,2
13513,5.731771801657781,2
13514,3.5212721241976217,2
13515,2.2188211415657118,2
13516,3.259043033023737,2
13517,2.57603005764788,2
13518,2.6547798461177448,2
13519,2.488369774724036,2
13520,25.699772849468264,2
13521,7.243320039715702,2
13522,4.115990719447254,2
13523,2.3544298125962646,2
13524,4.057353322183666,2
13525,2.7917093148309724,2
13526,2.920628956893575,2
13527,2.712199194493646,2
13528,22.849595428515055,2
13529,6.770226096185473,2
13530,4.2171730441611865,2
13531,2.305647638789888,2
13532,3.9730412095833927,2
13533,2.787029185475692,2
13534,2.879604774550898,2
13535,2.68097737046027,2
13536,14.523961695022125,2
13537,5.174662352364734,2
13538,3.360613285268591,2
13539,2.202814535863707,2
13540,3.3642285229722875,2
13541,2.5145841493361347,2
13542,2.5606322887538506,2
13543,2.449403430438308,2
13544,16.600518312043913,2
13545,5.906424361573524,2
13546,3.5582819875323746,2
13547,2.228749000368344,2
13548,3.4496786876696244,2
13549,2.654944638513479,2
13550,2.680707863218802,2
13551,2.512206140010144,2
13552,9.756511145608217,2
13553,4.346578105625193,2
13554,2.893726985962096,2
13555,2.068094981252319,2
13556,2.8942442085166427,2
13557,2.3041671796689296,2
13558,2.3477276115477506,2
13559,2.250196278151553,2
13560,13.181359237986525,2
13561,5.044042992741924,2
13562,3.226307311962383,2
13563,2.1638013410050587,2
13564,3.329160002453243,2
13565,2.4814374609994165,2
13566,2.565806696664837,2
13567,2.3937704229508117,2
13568,16.28657595157405,2
13569,5.385346666092184,2
13570,3.4232403930660857,2
13571,2.1885261485343235,2
13572,3.3014961992212655,2
13573,2.523475070620868,2
13574,2.587970897304065,2
13575,2.416869745351814,2
13576,16.701725521266674,2
13577,5.844586879412789,2
13578,3.5408476844084826,2
13579,2.229971949470653,2
13580,3.425165785351476,2
13581,2.5871499540122698,2
13582,2.658314942465493,2
13583,2.5046931745877123,2
13584,23.802763412278317,2
13585,7.345516837879183,2
13586,4.063604042738568,2
13587,2.339407210347261,2
13588,4.208390256459664,2
13589,2.81612569336108,2
13590,2.9528440581431115,2
13591,2.7080470662881346,2
13592,13.237377732040907,2
13593,4.94109107469218,2
13594,3.2593799399185603,2
13595,2.1616249968967347,2
13596,3.2190877959600663,2
13597,2.4664595734704613,2
13598,2.5201358207336524,2
13599,2.4000259238589696,2
13600,41.532376910377494,2
13601,10.547546314878012,2
13602,4.907564875463757,2
13603,2.488810126418476,2
13604,5.078870518091657,2
13605,3.155741429514857,2
13606,3.299129142892614,2
13607,2.9900614374866024,2
13608,16.4198077482148,2
13609,5.847230767163023,2
13610,3.5109441473816925,2
13611,2.213138131661058,2
13612,3.4841351791272412,2
13613,2.5628462831747556,2
13614,2.6480066312148365,2
13615,2.4874407646134413,2
13616,27.82512175094453,2
13617,7.265113879056427,2
13618,4.029286285444847,2
13619,2.3988374276123774,2
13620,4.231028444770322,2
13621,2.826289295987434,2
13622,2.972863306746374,2
13623,2.7518511833062926,2
13624,37.251734629672264,2
13625,8.296160202021861,2
13626,5.0083465628209405,2
13627,2.3600569213665565,2
13628,4.660783922609298,2
13629,2.9982848979955605,2
13630,3.0954235651949626,2
13631,2.814983092508887,2
13632,34.155062561969544,2
13633,8.274956778619565,2
13634,4.614590667047511,2
13635,2.4246325426014215,2
13636,4.386774661401872,2
13637,2.958244661475837,2
13638,3.0091958598651134,2
13639,2.873656340922806,2
13640,19.535150682185975,2
13641,5.822040072655573,2
13642,3.699553425366869,2
13643,2.244601205513503,2
13644,3.5534403314452554,2
13645,2.617316229689564,2
13646,2.7030677269876873,2
13647,2.5470933752386085,2
13648,13.346247028460985,2
13649,5.0049693504890085,2
13650,3.240717633026176,2
13651,2.1721656414434865,2
13652,3.1615939643228685,2
13653,2.4987177986399915,2
13654,2.5180117083339417,2
13655,2.407068131120111,2
13656,25.877387434562294,2
13657,6.9901127116684725,2
13658,4.1529749099070905,2
13659,2.3401118823866276,2
13660,3.969771833897894,2
13661,2.834321196034934,2
13662,2.8636394896635537,2
13663,2.689150996456575,2
13664,18.623856461627177,2
13665,6.090818636301653,2
13666,3.6166065097425073,2
13667,2.238217404218045,2
13668,3.532636592293227,2
13669,2.6419884622454037,2
13670,2.6976673751803433,2
13671,2.5205871684739107,2
13672,13.080417887364773,2
13673,5.321117494278899,2
13674,3.2434395372554654,2
13675,2.1716337070350944,2
13676,3.2832416823471244,2
13677,2.482283086624839,2
13678,2.519644145323711,2
13679,2.398063852287392,2
13680,21.011236171522295,2
13681,5.850644983713711,2
13682,3.591118964875849,2
13683,2.254354966679197,2
13684,3.569864070901723,2
13685,2.6443408026927613,2
13686,2.6746872188869912,2
13687,2.548905031438135,2
13688,12.217914418766913,2
13689,4.779653104470042,2
13690,3.088176733556132,2
13691,2.123153482691171,2
13692,3.080561478569195,2
13693,2.374847288455626,2
13694,2.4723213876018995,2
13695,2.340045558266884,2
13696,12.455751792552208,2
13697,4.855458850462911,2
13698,3.1755922356666293,2
13699,2.154100495084556,2
13700,3.181697414363592,2
13701,2.4299628495429237,2
13702,2.514606616963834,2
13703,2.3917906411280567,2
13704,35.88193165339896,2
13705,8.320618130040016,2
13706,4.5897188632296615,2
13707,2.4444967374590374,2
13708,4.415227685253713,2
13709,2.9866768743858625,2
13710,3.076903051735647,2
13711,2.833142708439803,2
13712,14.754848498495685,2
13713,5.27068657417994,2
13714,3.330380151227648,2
13715,2.179144982550374,2
13716,3.340109692398071,2
13717,2.479402331978051,2
13718,2.5294216874128685,2
13719,2.4105809626781243,2
13720,27.988239059802986,2
13721,6.451662692464503,2
13722,3.8355353249595523,2
13723,2.231789271608521,2
13724,4.04263278273786,2
13725,2.664891919494406,2
13726,2.768683785376128,2
13727,2.5553667754372875,2
13728,20.783366198080746,2
13729,6.540871399128446,2
13730,3.9087634855837203,2
13731,2.2853323078088685,2
13732,3.6071436282433047,2
13733,2.690265329056484,2
13734,2.8797586566453584,2
13735,2.6266006360419345,2
13736,14.788829849950721,2
13737,5.118962590283257,2
13738,3.2312581214987413,2
13739,2.1879362644528704,2
13740,3.279593482146625,2
13741,2.4962455427703385,2
13742,2.560371120170887,2
13743,2.4268326167766228,2
13744,48.66803560489944,2
13745,11.53721787157292,2
13746,5.113957375859589,2
13747,2.535650837939749,2
13748,5.197229576704474,2
13749,3.3047089673428816,2
13750,3.373696409226483,2
13751,3.141994151128607,2
13752,17.664823606400468,2
13753,6.008371964582172,2
13754,3.749741326521072,2
13755,2.2688713098893984,2
13756,3.6271046365781205,2
13757,2.6619272766842945,2
13758,2.726660782867381,2
13759,2.557564456656909,2
13760,26.793361451760696,2
13761,6.688934707874553,2
13762,3.9287133593827646,2
13763,2.3134157858846085,2
13764,3.859691026287066,2
13765,2.772081459540636,2
13766,2.8321838710362304,2
13767,2.606648096677481,2
13768,29.235289109030177,2
13769,7.111346768889282,2
13770,4.274008198694561,2
13771,2.373543954690113,2
13772,4.235219106538749,2
13773,2.83816859789809,2
13774,2.9550349780111325,2
13775,2.7531694545049388,2
13776,17.032598831758133,2
13777,6.237420128089756,2
13778,3.511428934913166,2
13779,2.255813131356294,2
13780,3.6058182709199142,2
13781,2.624956532428836,2
13782,2.724392631696472,2
13783,2.559095560294628,2
13784,17.740214906754865,2
13785,6.082393592990038,2
13786,3.688582229951219,2
13787,2.22970995518127,2
13788,3.6250650162773894,2
13789,2.550796412575389,2
13790,2.639610937814994,2
13791,2.545179356140643,2
13792,12.232275010951684,2
13793,4.7785694830391305,2
13794,3.1738214618792195,2
13795,2.139515865683976,2
13796,3.0716345253561284,2
13797,2.3940583913286653,2
13798,2.4416690554982003,2
13799,2.3739843047793032,2
13800,36.358606124697566,2
13801,9.205647448399867,2
13802,4.5657823071746995,2
13803,2.445641238876808,2
13804,4.583083821690745,2
13805,3.0294518502211525,2
13806,3.1781674634911137,2
13807,2.888532181918354,2
13808,12.391933697975974,2
13809,5.085676538683787,2
13810,3.292273873415585,2
13811,2.172440316493474,2
13812,3.1336146998342524,2
13813,2.4479176501180606,2
13814,2.5055960293978896,2
13815,2.3975265509789687,2
13816,13.594271473875468,2
13817,4.979012076853446,2
13818,3.2037458437076003,2
13819,2.171771018557864,2
13820,3.0450875067322074,2
13821,2.4716479560638924,2
13822,2.518438185901395,2
13823,2.42185021658945,2
13824,21.760838273195496,2
13825,6.497140628824529,2
13826,3.6943949654929913,2
13827,2.2704209289269093,2
13828,3.6145921180366956,2
13829,2.6787152441393647,2
13830,2.7068014913480685,2
13831,2.61306929385355,2
13832,23.44364099247147,2
13833,7.039989907244941,2
13834,3.8101182571498797,2
13835,2.321618540244811,2
13836,3.7364374278308614,2
13837,2.8049826926104258,2
13838,2.873309125024623,2
13839,2.693929020334181,2
13840,18.920293214817598,2
13841,6.1759296954955625,2
13842,3.645097557523139,2
13843,2.302086863524239,2
13844,3.5775958449094496,2
13845,2.675440517887168,2
13846,2.758878025835454,2
13847,2.633084613368959,2
13848,18.700592427216883,2
13849,5.498018201969762,2
13850,3.5336943759457964,2
13851,2.236907251435277,2
13852,3.5758090610105255,2
13853,2.5840200542584815,2
13854,2.6849501432612586,2
13855,2.479891774935179,2
13856,69.02689040440544,2
13857,16.042379195102384,2
13858,6.1123858174748875,2
13859,2.628506113679448,2
13860,6.176935444230376,2
13861,3.4578669712935772,2
13862,3.7274453494941833,2
13863,3.246999064775085,2
13864,12.999335146357618,2
13865,5.014122467995247,2
13866,3.3098469544924956,2
13867,2.1638835237522165,2
13868,3.233036850660918,2
13869,2.460272643532468,2
13870,2.5451110897572997,2
13871,2.3910031680535684,2
13872,0.0,-1
13873,0.0,-1
13874,0.0,-1
13875,0.0,-1
13876,0.0,-1
13877,0.0,-1
13878,0.0,-1
13879,0.0,-1
13880,0.0,-1
13881,0.0,-1
13882,0.0,-1
13883,0.0,-1
13884,0.0,-1
13885,0.0,-1
13886,0.0,-1
13887,0.0,-1
13888,0.0,-1
13889,0.0,-1
13890,0.0,-1
13891,0.0,-1
13892,0.0,-1
13893,0.0,-1
13894,0.0,-1
13895,0.0,-1
13896,0.0,-1
13897,0.0,-1
13898,0.0,-1
13899,0.0,-1
13900,0.0,-1
13901,0.0,-1
13902,0.0,-1
13903,0.0,-1
13904,0.0,-1
13905,0.0,-1
13906,0.0,-1
13907,0.0,-1
13908,0.0,-1
13909,0.0,-1
13910,0.0,-1
13911,0.0,-1
13912,0.0,-1
13913,0.0,-1
13914,0.0,-1
13915,0.0,-1
13916,0.0,-1
13917,0.0,-1
13918,0.0,-1
13919,0.0,-1
13920,0.0,-1
13921,0.0,-1
13922,0.0,-1
13923,0.0,-1
13924,0.0,-1
13925,0.0,-1
13926,0.0,-1
13927,0.0,-1
13928,0.0,-1
13929,0.0,-1
13930,0.0,-1
13931,0.0,-1
13932,0.0,-1
13933,0.0,-1
13934,0.0,-1
13935,0.0,-1
13936,0.0,-1
13937,0.0,-1
13938,0.0,-1
13939,0.0,-1
13940,0.0,-1
13941,0.0,-1
13942,0.0,-1
13943,0.0,-1
13944,0.0,-1
13945,0.0,-1
13946,0.0,-1
13947,0.0,-1
13948,0.0,-1
13949,0.0,-1
13950,0.0,-1
13951,0.0,-1
13952,0.0,-1
13953,0.0,-1
13954,0.0,-1
13955,0.0,-1
13956,0.0,-1
13957,0.0,-1
13958,0.0,-1
13959,0.0,-1
13960,0.0,-1
13961,0.0,-1
13962,0.0,-1
13963,0.0,-1
13964,0.0,-1
13965,0.0,-1
13966,0.0,-1
13967,0.0,-1
13968,0.0,-1
13969,0.0,-1
13970,0.0,-1
13971,0.0,-1
13972,0.0,-1
13973,0.0,-1
13974,0.0,-1
13975,0.0,-1
13976,0.0,-1
13977,0.0,-1
13978,0.0,-1
13979,0.0,-1
13980,0.0,-1
13981,0.0,-1
13982,0.0,-1
13983,0.0,-1
13984,0.0,-1
13985,0.0,-1
13986,0.0,-1
13987,0.0,-1
13988,0.0,-1
13989,0.0,-1
13990,0.0,-1
13991,0.0,-1
13992,0.0,-1
13993,0.0,-1
13994,0.0,-1
13995,0.0,-1
13996,0.0,-1
13997,0.0,-1
13998,0.0,-1
13999,0.0,-1
14000,0.0,-1
14001,0.0,-1
14002,0.0,-1
14003,0.0,-1
14004,0.0,-1
14005,0.0,-1
14006,0.0,-1
14007,0.0,-1
14008,0.0,-1
14009,0.0,-1
14010,0.0,-1
14011,0.0,-1
14012,0.0,-1
14013,0.0,-1
14014,0.0,-1
14015,0.0,-1
14016,0.0,-1
14017,0.0,-1
14018,0.0,-1
14019,0.0,-1
14020,0.0,-1
14021,0.0,-1
14022,0.0,-1
14023,0.0,-1
14024,0.0,-1
14025,0.0,-1
14026,0.0,-1
14027,0.0,-1
14028,0.0,-1
14029,0.0,-1
14030,0.0,-1
14031,0.0,-1
14032,0.0,-1
14033,0.0,-1
14034,0.0,-1
14035,0.0,-1
14036,0.0,-1
14037,0.0,-1
14038,0.0,-1
14039,0.0,-1
14040,0.0,-1
14041,0.0,-1
14042,0.0,-1
14043,0.0,-1
14044,0.0,-1
14045,0.0,-1
14046,0.0,-1
14047,0.0,-1
14048,0.0,-1
14049,0.0,-1
14050,0.0,-1
14051,0.0,-1
14052,0.0,-1
14053,0.0,-1
14054,0.0,-1
14055,0.0,-1
14056,0.0,-1
14057,0.0,-1
14058,0.0,-1
14059,0.0,-1
14060,0.0,-1
14061,0.0,-1
14062,0.0,-1
14063,0.0,-1
14064,0.0,-1
14065,0.0,-1
14066,0.0,-1
14067,0.0,-1
14068,0.0,-1
14069,0.0,-1
14070,0.0,-1
14071,0.0,-1
14072,0.0,-1
14073,0.0,-1
14074,0.0,-1
14075,0.0,-1
14076,0.0,-1
14077,0.0,-1
14078,0.0,-1
14079,0.0,-1
14080,0.0,-1
14081,0.0,-1
14082,0.0,-1
14083,0.0,-1
14084,0.0,-1
14085,0.0,-1
14086,0.0,-1
14087,0.0,-1
14088,0.0,-1
14089,0.0,-1
14090,0.0,-1
14091,0.0,-1
14092,0.0,-1
14093,0.0,-1
14094,0.0,-1
14095,0.0,-1
14096,0.0,-1
14097,0.0,-1
14098,0.0,-1
14099,0.0,-1
14100,0.0,-1
14101,0.0,-1
14102,0.0,-1
14103,0.0,-1
14104,0.0,-1
14105,0.0,-1
14106,0.0,-1
14107,0.0,-1
14108,0.0,-1
14109,0.0,-1
14110,0.0,-1
14111,0.0,-1
14112,0.0,-1
14113,0.0,-1
14114,0.0,-1
14115,0.0,-1
14116,0.0,-1
14117,0.0,-1
14118,0.0,-1
14119,0.0,-1
14120,0.0,-1
14121,0.0,-1
14122,0.0,-1
14123,0.0,-1
14124,0.0,-1
14125,0.0,-1
14126,0.0,-1
14127,0.0,-1
14128,0.0,-1
14129,0.0,-1
14130,0.0,-1
14131,0.0,-1
14132,0.0,-1
14133,0.0,-1
14134,0.0,-1
14135,0.0,-1
14136,0.0,-1
14137,0.0,-1
14138,0.0,-1
14139,0.0,-1
14140,0.0,-1
14141,0.0,-1
14142,0.0,-1
14143,0.0,-1
14144,0.0,-1
14145,0.0,-1
14146,0.0,-1
14147,0.0,-1
14148,0.0,-1
14149,0.0,-1
14150,0.0,-1
14151,0.0,-1
14152,0.0,-1
14153,0.0,-1
14154,0.0,-1
14155,0.0,-1
14156,0.0,-1
14157,0.0,-1
14158,0.0,-1
14159,0.0,-1
14160,0.0,-1
14161,0.0,-1
14162,0.0,-1
14163,0.0,-1
14164,0.0,-1
14165,0.0,-1
14166,0.0,-1
14167,0.0,-1
14168,0.0,-1
14169,0.0,-1
14170,0.0,-1
14171,0.0,-1
14172,0.0,-1
14173,0.0,-1
14174,0.0,-1
14175,0.0,-1
14176,0.0,-1
14177,0.0,-1
14178,0.0,-1
14179,0.0,-1
14180,0.0,-1
14181,0.0,-1
14182,0.0,-1
14183,0.0,-1
14184,0.0,-1
14185,0.0,-1
14186,0.0,-1
14187,0.0,-1
14188,0.0,-1
14189,0.0,-1
14190,0.0,-1
14191,0.0,-1
14192,0.0,-1
14193,0.0,-1
14194,0.0,-1
14195,0.0,-1
14196,0.0,-1
14197,0.0,-1
14198,0.0,-1
14199,0.0,-1
14200,0.0,-1
14201,0.0,-1
14202,0.0,-1
14203,0.0,-1
14204,0.0,-1
14205,0.0,-1
14206,0.0,-1
14207,0.0,-1
14208,0.0,-1
14209,0.0,-1
14210,0.0,-1
14211,0.0,-1
14212,0.0,-1
14213,0.0,-1
14214,0.0,-1
14215,0.0,-1
14216,0.0,-1
14217,0.0,-1
14218,0.0,-1
14219,0.0,-1
14220,0.0,-1
14221,0.0,-1
14222,0.0,-1
14223,0.0,-1
14224,0.0,-1
14225,0.0,-1
14226,0.0,-1
14227,0.0,-1
14228,0.0,-1
14229,0.0,-1
14230,0.0,-1
14231,0.0,-1
14232,0.0,-1
14233,0.0,-1
14234,0.0,-1
14235,0.0,-1
14236,0.0,-1
14237,0.0,-1
14238,0.0,-1
14239,0.0,-1
14240,0.0,-1
14241,0.0,-1
14242,0.0,-1
14243,0.0,-1
14244,0.0,-1
14245,0.0,-1
14246,0.0,-1
14247,0.0,-1
14248,0.0,-1
14249,0.0,-1
14250,0.0,-1
14251,0.0,-1
14252,0.0,-1
14253,0.0,-1
14254,0.0,-1
14255,0.0,-1
14256,0.0,-1
14257,0.0,-1
14258,0.0,-1
14259,0.0,-1
14260,0.0,-1
14261,0.0,-1
14262,0.0,-1
14263,0.0,-1
14264,0.0,-1
14265,0.0,-1
14266,0.0,-1
14267,0.0,-1
14268,0.0,-1
14269,0.0,-1
14270,0.0,-1
14271,0.0,-1
14272,0.0,-1
14273,0.0,-1
14274,0.0,-1
14275,0.0,-1
14276,0.0,-1
14277,0.0,-1
14278,0.0,-1
14279,0.0,-1
14280,16.94191256203233,0
14281,5.792491294730742,0
14282,3.41847880853414,0
14283,2.2890781170863708,0
14284,3.2448532282800815,0
14285,2.5567182319465647,0
14286,2.589118045379234,0
14287,2.496249362536967,0
14288,22.70198239156411,0
14289,6.841168061274558,0
14290,3.7592748964410005,0
14291,2.414806543311994,0
14292,3.5392969074176266,0
14293,2.7494176267376633,0
14294,2.7735067628201846,0
14295,2.629993196471003,0
14296,22.21532303334588,0
14297,6.892441722128161,0
14298,3.7739795143388877,0
14299,2.4579149099666506,0
14300,3.617424859684042,0
14301,2.7709922594460745,0
14302,2.8061351003210744,0
14303,2.6891028152708363,0
14304,19.11427173056684,0
14305,6.288743754366918,0
14306,3.6116247596062454,0
14307,2.386488605694213,0
14308,3.4305672524257003,0
14309,2.659811295745431,0
14310,2.7216636804726204,0
14311,2.6075481737673605,0
14312,17.170229294301592,0
14313,5.7883345830275434,0
14314,3.428203433872176,0
14315,2.3429055635476463,0
14316,3.283844343700423,0
14317,2.5972448924697145,0
14318,2.618483559939807,0
14319,2.5337337449210944,0
14320,22.41649340288333,0
14321,6.780414637451639,0
14322,3.782117142375575,0
14323,2.4782489180153076,0
14324,3.6221212859394463,0
14325,2.7806907358616546,0
14326,2.811113825776865,0
14327,2.700939596859852,0
14328,19.663915640291297,0
14329,6.312826092848817,0
14330,3.553212562859305,0
14331,2.3883128557703777,0
14332,3.461481951154353,0
14333,2.6676041337121417,0
14334,2.723383609648279,0
14335,2.5830756468967238,0
14336,32.11247768537733,0
14337,8.20933353502254,0
14338,4.205959393886149,0
14339,2.5803228370413174,0
14340,4.098340525827216,0
14341,2.930827681004132,0
14342,3.010915851083288,0
14343,2.8448300449329267,0
14344,30.83455232579844,0
14345,8.157071329245385,0
14346,4.103894470272307,0
14347,2.5107124181683953,0
14348,4.091438976165118,0
14349,2.902969885017906,0
14350,2.9706981036305016,0
14351,2.808483339190869,0
14352,17.47215142353714,0
14353,5.962667807140516,0
14354,3.426281398072751,0
14355,2.363715221046131,0
14356,3.3243868679766124,0
14357,2.622211265320373,0
14358,2.6672451331798457,0
14359,2.546196633090925,0
14360,21.07195675814915,0
14361,6.665717220521557,0
14362,3.68724515487643,0
14363,2.400068388120544,0
14364,3.5736575858995123,0
14365,2.717350449810255,0
14366,2.7456076666400877,0
14367,2.6199445724677966,0
14368,11.787566991426523,0
14369,4.752553236413307,0
14370,3.0155394290172866,0
14371,2.1787795336638514,0
14372,2.9052968442844844,0
14373,2.369650946134083,0
14374,2.3999165277058694,0
14375,2.313259469843545,0
14376,15.934797455123904,0
14377,5.688803565158974,0
14378,3.36816318369062,0
14379,2.3083061740063227,0
14380,3.2190559828462235,0
14381,2.550425164846987,0
14382,2.5892045712496903,0
14383,2.501768979706945,0
14384,18.268359854774605,0
14385,6.013695626304742,0
14386,3.498583586357639,0
14387,2.3435303507785745,0
14388,3.352992266337063,0
14389,2.6060607801232782,0
14390,2.635633261662568,0
14391,2.540505533340211,0
14392,20.70176442235217,0
14393,6.569656836096593,0
14394,3.6605810798140896,0
14395,2.403247073353599,0
14396,3.556219319831687,0
14397,2.7067065439904443,0
14398,2.7391741954994244,0
14399,2.6279374128350774,0
14400,30.00343898431815,0
14401,8.253189427305328,0
14402,4.2180713582298335,0
14403,2.5606706293182278,0
14404,4.066182435886505,0
14405,2.951721374390942,0
14406,3.0443804376584267,0
14407,2.858242023117722,0
14408,16.16161814132272,0
14409,5.81219557196537,0
14410,3.3406828908520527,0
14411,2.3094039608045955,0
14412,3.282862524521434,0
14413,2.5545834438456856,0
14414,2.5856794542748966,0
14415,2.503884590483267,0
14416,65.80702914368628,0
14417,11.264881447762816,0
14418,5.15616749111626,0
14419,2.774932288212838,0
14420,5.052985550635219,0
14421,3.366287552866534,0
14422,3.486969204457657,0
14423,3.2252189949193966,0
14424,20.24867790524981,0
14425,6.295826161871548,0
14426,3.565749119649431,0
14427,2.3793782708643585,0
14428,3.5275657638596924,0
14429,2.6635845541309315,0
14430,2.717716546636973,0
14431,2.591329654238464,0
14432,35.19956082412264,0
14433,8.526894675065597,0
14434,4.2903216949967256,0
14435,2.637691770173067,0
14436,4.178973248401294,0
14437,3.053390019132624,0
14438,3.100856363661441,0
14439,2.9152276051498593,0
14440,46.72730024696004,0
14441,9.673505299436217,0
14442,4.57420188036731,0
14443,2.5921297651002746,0
14444,4.613840742272396,0
14445,3.1155341846947744,0
14446,3.195908813312775,0
14447,2.9705532145974294,0
14448,47.06125452185735,0
14449,9.796769964187856,0
14450,4.726385238137732,0
14451,2.683606060535841,0
14452,4.523869366512982,0
14453,3.1426442559088614,0
14454,3.2449744104412113,0
14455,3.0379705931422962,0
14456,23.31695870101197,0
14457,6.661804695547646,0
14458,3.7051195046878838,0
14459,2.424743355616565,0
14460,3.6173732441652877,0
14461,2.7238928874877417,0
14462,2.794383098477819,0
14463,2.6572798865819984,0
14464,15.70180541380653,0
14465,5.575922756525422,0
14466,3.3088643716148267,0
14467,2.320114994320069,0
14468,3.222608685961685,0
14469,2.5637478359930643,0
14470,2.5960487907129655,0
14471,2.5018646912952556,0
14472,31.834142597171155,0
14473,8.25047176163806,0
14474,4.182566463479342,0
14475,2.558913526192968,0
14476,4.1113288088600095,0
14477,2.9785940648638713,0
14478,3.0077582650356023,0
14479,2.855631010692649,0
14480,24.072186296460433,0
14481,6.6506807958092695,0
14482,3.6298444893781996,0
14483,2.414593044449901,0
14484,3.5634990685826295,0
14485,2.7066893475588825,0
14486,2.766121276004516,0
14487,2.6516209147331327,0
14488,16.21238433694417,0
14489,5.85356772788326,0
14490,3.3568259563110474,0
14491,2.3204209504740225,0
14492,3.273921661167042,0
14493,2.574139849001164,0
14494,2.5859210282302407,0
14495,2.5024608609720342,0
14496,23.12624558466733,0
14497,6.9484883657130885,0
14498,3.747197889541654,0
14499,2.436860420312083,0
14500,3.5787007353684905,0
14501,2.7381198396981983,0
14502,2.773473620730658,0
14503,2.6607049963845597,0
14504,14.040265349646821,0
14505,5.254114138425735,0
14506,3.1946140365001106,0
14507,2.2531086162802505,0
14508,3.0997554384826653,0
14509,2.4798952200777236,0
14510,2.4961191302750803,0
14511,2.418715344986988,0
14512,15.716753047386444,0
14513,5.498664059941592,0
14514,3.3188434297673672,0
14515,2.2974539657658477,0
14516,3.1977182431768054,0
14517,2.5217817212310067,0
14518,2.5670232285067818,0
14519,2.46525835022311,0
14520,49.43265330496092,0
14521,9.969587805296259,0
14522,4.70077601405293,0
14523,2.706409854568339,0
14524,4.562157212424171,0
14525,3.151566630489273,0
14526,3.2343325339522213,0
14527,3.03712799184571,0
14528,16.262285335166826,0
14529,5.685929970308087,0
14530,3.4115857188021153,0
14531,2.3285287161898562,0
14532,3.2768293678708487,0
14533,2.5801504947725786,0
14534,2.623277279355393,0
14535,2.52382441338521,0
14536,29.927786749804024,0
14537,7.918019241236511,0
14538,4.0055056248356165,0
14539,2.4057526520693924,0
14540,3.930747381187971,0
14541,2.8044322590197375,0
14542,2.8853005545427397,0
14543,2.7152330874172157,0
14544,26.032508617671688,0
14545,7.506172773532251,0
14546,3.9270282735797584,0
14547,2.4848540927201106,0
14548,3.854387137652251,0
14549,2.8370785511907037,0
14550,2.8686017055694273,0
14551,2.7168334723199736,0
14552,18.438431017605552,0
14553,5.9352402247773295,0
14554,3.4525258071276377,0
14555,2.3437785970426415,0
14556,3.3011366877093082,0
14557,2.5988683300965763,0
14558,2.626744772867268,0
14559,2.532332838441571,0
14560,74.16453925036907,0
14561,12.793847326066178,0
14562,5.368673124918706,0
14563,2.843736667096516,0
14564,5.329814058361805,0
14565,3.476851836704407,0
14566,3.5646649709903286,0
14567,3.301243450831776,0
14568,22.062579789479766,0
14569,7.04170118459533,0
14570,3.7775435547950225,0
14571,2.4561297323426565,0
14572,3.6177268062862713,0
14573,2.7446526774689715,0
14574,2.805768396226759,0
14575,2.691754572276316,0
14576,27.93192299366617,0
14577,7.625121014367465,0
14578,3.982994265366627,0
14579,2.521405337143659,0
14580,3.9694240496850792,0
14581,2.892886584750396,0
14582,2.9601265084139965,0
14583,2.7880326867201943,0
14584,34.94351566218952,0
14585,8.663337679248844,0
14586,4.383352847150068,0
14587,2.606680547917373,0
14588,4.2158156004328236,0
14589,2.9956643623510297,0
14590,3.1033499325364096,0
14591,2.9152382781211497,0
14592,23.43020758604055,0
14593,6.788970347039598,0
14594,3.799813293594005,0
14595,2.4362416624146483,0
14596,3.5836864901108227,0
14597,2.738860053071826,0
14598,2.794673395847897,0
14599,2.6960182738917835,0
14600,21.726925490133098,0
14601,6.822469394653487,0
14602,3.74126511406735,0
14603,2.4056711950194,0
14604,3.6302592334905595,0
14605,2.716498542568742,0
14606,2.7775964030112763,0
14607,2.6573405814672593,0
14608,14.558195290222455,0
14609,5.33191301067586,0
14610,3.2734909575678377,0
14611,2.2767256571953522,0
14612,3.2076754106122047,0
14613,2.5195730125143183,0
14614,2.5348086348578702,0
14615,2.447094002987697,0
14616,49.527497894240994,0
14617,10.216569669913532,0
14618,4.811214238977224,0
14619,2.7091633955680208,0
14620,4.538844166951159,0
14621,3.2303166343113467,0
14622,3.307992350532493,0
14623,3.0926685144424564,0
14624,15.535295798758463,0
14625,5.555757581646789,0
14626,3.3082120711577576,0
14627,2.3187802591037894,0
14628,3.2015154524362286,0
14629,2.5477217453299734,0
14630,2.580568660958727,0
14631,2.492577629922807,0
14632,16.255342574273126,0
14633,5.761825584381127,0
14634,3.4392342669034615,0
14635,2.3202133527417335,0
14636,3.238468455466313,0
14637,2.5700493007345067,0
14638,2.6049861713735893,0
14639,2.5109360542738814,0
14640,26.237554677730593,0
14641,7.156596607466494,0
14642,3.8298251149209275,0
14643,2.4610371654298566,0
14644,3.689555268319834,0
14645,2.815819436067384,0
14646,2.8423322717845054,0
14647,2.71659277869203,0
14648,28.86684219218781,0
14649,8.27321682389475,0
14650,4.156750417572358,0
14651,2.5353983932985944,0
14652,3.9645415035593046,0
14653,2.930256674119409,0
14654,2.981683980227744,0
14655,2.832492018404971,0
14656,24.780340321706635,0
14657,7.113262638280858,0
14658,3.833631824434935,0
14659,2.5007718081555876,0
14660,3.6891778352883686,0
14661,2.8083269055741416,0
14662,2.8387174418444583,0
14663,2.7249639139967963,0
14664,21.29473750049299,0
14665,6.644479180740162,0
14666,3.6379691841414017,0
14667,2.412093617818124,0
14668,3.5379230226013116,0
14669,2.688146289673505,0
14670,2.7334723122564353,0
14671,2.6339478383168102,0
14672,117.38238922124583,0
14673,16.863481278748562,0
14674,6.406957240702243,0
14675,2.988814395032588,0
14676,6.349088250135153,0
14677,3.872825072779125,0
14678,3.952576403795901,0
14679,3.6079192462420524,0
14680,16.517596581357104,0
14681,5.549859606959907,0
14682,3.3308615861546826,0
14683,2.309059166006492,0
14684,3.2108878248375263,0
14685,2.5431890200223193,0
14686,2.592636012517666,0
14687,2.480977582414253,0
14688,0.0,-1
14689,0.0,-1
14690,0.0,-1
14691,0.0,-1
14692,0.0,-1
14693,0.0,-1
14694,0.0,-1
14695,0.0,-1
14696,0.0,-1
14697,0.0,-1
14698,0.0,-1
14699,0.0,-1
14700,0.0,-1
14701,0.0,-1
14702,0.0,-1
14703,0.0,-1
14704,0.0,-1
14705,0.0,-1
14706,0.0,-1
14707,0.0,-1
14708,0.0,-1
14709,0.0,-1
14710,0.0,-1
14711,0.0,-1
14712,0.0,-1
14713,0.0,-1
14714,0.0,-1
14715,0.0,-1
14716,0.0,-1
14717,0.0,-1
14718,0.0,-1
14719,0.0,-1
14720,0.0,-1
14721,0.0,-1
14722,0.0,-1
14723,0.0,-1
14724,0.0,-1
14725,0.0,-1
14726,0.0,-1
14727,0.0,-1
14728,0.0,-1
14729,0.0,-1
14730,0.0,-1
14731,0.0,-1
14732,0.0,-1
14733,0.0,-1
14734,0.0,-1
14735,0.0,-1
14736,0.0,-1
14737,0.0,-1
14738,0.0,-1
14739,0.0,-1
14740,0.0,-1
14741,0.0,-1
14742,0.0,-1
14743,0.0,-1
14744,0.0,-1
14745,0.0,-1
14746,0.0,-1
14747,0.0,-1
14748,0.0,-1
14749,0.0,-1
14750,0.0,-1
14751,0.0,-1
14752,0.0,-1
14753,0.0,-1
14754,0.0,-1
14755,0.0,-1
14756,0.0,-1
14757,0.0,-1
14758,0.0,-1
14759,0.0,-1
14760,0.0,-1
14761,0.0,-1
14762,0.0,-1
14763,0.0,-1
14764,0.0,-1
14765,0.0,-1
14766,0.0,-1
14767,0.0,-1
14768,0.0,-1
14769,0.0,-1
14770,0.0,-1
14771,0.0,-1
14772,0.0,-1
14773,0.0,-1
14774,0.0,-1
14775,0.0,-1
14776,0.0,-1
14777,0.0,-1
14778,0.0,-1
14779,0.0,-1
14780,0.0,-1
14781,0.0,-1
14782,0.0,-1
14783,0.0,-1
14784,0.0,-1
14785,0.0,-1
14786,0.0,-1
14787,0.0,-1
14788,0.0,-1
14789,0.0,-1
14790,0.0,-1
14791,0.0,-1
14792,0.0,-1
14793,0.0,-1
14794,0.0,-1
14795,0.0,-1
14796,0.0,-1
14797,0.0,-1
14798,0.0,-1
14799,0.0,-1
14800,0.0,-1
14801,0.0,-1
14802,0.0,-1
14803,0.0,-1
14804,0.0,-1
14805,0.0,-1
14806,0.0,-1
14807,0.0,-1
14808,0.0,-1
14809,0.0,-1
14810,0.0,-1
14811,0.0,-1
14812,0.0,-1
14813,0.0,-1
14814,0.0,-1
14815,0.0,-1
14816,0.0,-1
14817,0.0,-1
14818,0.0,-1
14819,0.0,-1
14820,0.0,-1
14821,0.0,-1
14822,0.0,-1
14823,0.0,-1
14824,0.0,-1
14825,0.0,-1
14826,0.0,-1
14827,0.0,-1
14828,0.0,-1
14829,0.0,-1
14830,0.0,-1
14831,0.0,-1
14832,0.0,-1
14833,0.0,-1
14834,0.0,-1
14835,0.0,-1
14836,0.0,-1
14837,0.0,-1
14838,0.0,-1
14839,0.0,-1
14840,0.0,-1
14841,0.0,-1
14842,0.0,-1
14843,0.0,-1
14844,0.0,-1
14845,0.0,-1
14846,0.0,-1
14847,0.0,-1
14848,0.0,-1
14849,0.0,-1
14850,0.0,-1
14851,0.0,-1
14852,0.0,-1
14853,0.0,-1
14854,0.0,-1
14855,0.0,-1
14856,0.0,-1
14857,0.0,-1
14858,0.0,-1
14859,0.0,-1
14860,0.0,-1
14861,0.0,-1
14862,0.0,-1
14863,0.0,-1
14864,0.0,-1
14865,0.0,-1
14866,0.0,-1
14867,0.0,-1
14868,0.0,-1
14869,0.0,-1
14870,0.0,-1
14871,0.0,-1
14872,0.0,-1
14873,0.0,-1
14874,0.0,-1
14875,0.0,-1
14876,0.0,-1
14877,0.0,-1
14878,0.0,-1
14879,0.0,-1
14880,0.0,-1
14881,0.0,-1
14882,0.0,-1
14883,0.0,-1
14884,0.0,-1
14885,0.0,-1
14886,0.0,-1
14887,0.0,-1
14888,0.0,-1
14889,0.0,-1
14890,0.0,-1
14891,0.0,-1
14892,0.0,-1
14893,0.0,-1
14894,0.0,-1
14895,0.0,-1
14896,0.0,-1
14897,0.0,-1
14898,0.0,-1
14899,0.0,-1
14900,0.0,-1
14901,0.0,-1
14902,0.0,-1
14903,0.0,-1
14904,0.0,-1
14905,0.0,-1
14906,0.0,-1
14907,0.0,-1
14908,0.0,-1
14909,0.0,-1
14910,0.0,-1
14911,0.0,-1
14912,0.0,-1
14913,0.0,-1
14914,0.0,-1
14915,0.0,-1
14916,0.0,-1
14917,0.0,-1
14918,0.0,-1
14919,0.0,-1
14920,0.0,-1
14921,0.0,-1
14922,0.0,-1
14923,0.0,-1
14924,0.0,-1
14925,0.0,-1
14926,0.0,-1
14927,0.0,-1
14928,0.0,-1
14929,0.0,-1
14930,0.0,-1
14931,0.0,-1
14932,0.0,-1
14933,0.0,-1
14934,0.0,-1
14935,0.0,-1
14936,0.0,-1
14937,0.0,-1
14938,0.0,-1
14939,0.0,-1
14940,0.0,-1
14941,0.0,-1
14942,0.0,-1
14943,0.0,-1
14944,0.0,-1
14945,0.0,-1
14946,0.0,-1
14947,0.0,-1
14948,0.0,-1
14949,0.0,-1
14950,0.0,-1
14951,0.0,-1
14952,0.0,-1
14953,0.0,-1
14954,0.0,-1
14955,0.0,-1
14956,0.0,-1
14957,0.0,-1
14958,0.0,-1
14959,0.0,-1
14960,0.0,-1
14961,0.0,-1
14962,0.0,-1
14963,0.0,-1
14964,0.0,-1
14965,0.0,-1
14966,0.0,-1
14967,0.0,-1
14968,0.0,-1
14969,0.0,-1
14970,0.0,-1
14971,0.0,-1
14972,0.0,-1
14973,0.0,-1
14974,0.0,-1
14975,0.0,-1
14976,0.0,-1
14977,0.0,-1
14978,0.0,-1
14979,0.0,-1
14980,0.0,-1
14981,0.0,-1
14982,0.0,-1
14983,0.0,-1
14984,0.0,-1
14985,0.0,-1
14986,0.0,-1
14987,0.0,-1
14988,0.0,-1
14989,0.0,-1
14990,0.0,-1
14991,0.0,-1
14992,0.0,-1
14993,0.0,-1
14994,0.0,-1
14995,0.0,-1
14996,0.0,-1
14997,0.0,-1
14998,0.0,-1
14999,0.0,-1
15000,0.0,-1
15001,0.0,-1
15002,0.0,-1
15003,0.0,-1
15004,0.0,-1
15005,0.0,-1
15006,0.0,-1
15007,0.0,-1
15008,0.0,-1
15009,0.0,-1
15010,0.0,-1
15011,0.0,-1
15012,0.0,-1
15013,0.0,-1
15014,0.0,-1
15015,0.0,-1
15016,0.0,-1
15017,0.0,-1
15018,0.0,-1
15019,0.0,-1
15020,0.0,-1
15021,0.0,-1
15022,0.0,-1
15023,0.0,-1
15024,0.0,-1
15025,0.0,-1
15026,0.0,-1
15027,0.0,-1
15028,0.0,-1
15029,0.0,-1
15030,0.0,-1
15031,0.0,-1
15032,0.0,-1
15033,0.0,-1
15034,0.0,-1
15035,0.0,-1
15036,0.0,-1
15037,0.0,-1
15038,0.0,-1
15039,0.0,-1
15040,0.0,-1
15041,0.0,-1
15042,0.0,-1
15043,0.0,-1
15044,0.0,-1
15045,0.0,-1
15046,0.0,-1
15047,0.0,-1
15048,0.0,-1
15049,0.0,-1
15050,0.0,-1
15051,0.0,-1
15052,0.0,-1
15053,0.0,-1
15054,0.0,-1
15055,0.0,-1
15056,0.0,-1
15057,0.0,-1
15058,0.0,-1
15059,0.0,-1
15060,0.0,-1
15061,0.0,-1
15062,0.0,-1
15063,0.0,-1
15064,0.0,-1
15065,0.0,-1
15066,0.0,-1
15067,0.0,-1
15068,0.0,-1
15069,0.0,-1
15070,0.0,-1
15071,0.0,-1
15072,0.0,-1
15073,0.0,-1
15074,0.0,-1
15075,0.0,-1
15076,0.0,-1
15077,0.0,-1
15078,0.0,-1
15079,0.0,-1
15080,0.0,-1
15081,0.0,-1
15082,0.0,-1
15083,0.0,-1
15084,0.0,-1
15085,0.0,-1
15086,0.0,-1
15087,0.0,-1
15088,0.0,-1
15089,0.0,-1
15090,0.0,-1
15091,0.0,-1
15092,0.0,-1
15093,0.0,-1
15094,0.0,-1
15095,0.0,-1
15096,11.623828634045289,4
15097,4.576253284560966,4
15098,3.230636803820829,4
15099,2.083910532278701,4
15100,3.203398166765416,4
15101,2.3826601711721405,4
15102,2.512964883770746,4
15103,2.362953175147223,4
15104,16.050390782576585,4
15105,5.517544300326727,4
15106,3.550219974890286,4
15107,2.160025037276393,4
15108,3.5315177498653165,4
15109,2.5774487498416727,4
15110,2.663360021253782,4
15111,2.4974646816154076,4
15112,15.850568248701647,4
15113,5.3116447770633295,4
15114,3.644636675178918,4
15115,2.184662566271326,4
15116,3.489542698284271,4
15117,2.5591794623234003,4
15118,2.6424529429953725,4
15119,2.525448966145435,4
15120,12.33830445909651,4
15121,5.3670334718285995,4
15122,3.2512680251258734,4
15123,2.1433973390713548,4
15124,3.2408064972656234,4
15125,2.498999922117649,4
15126,2.6091990465553807,4
15127,2.458062745887367,4
15128,12.970836075978342,4
15129,4.646901778104878,4
15130,3.2670754907985735,4
15131,2.116226225500457,4
15132,3.211493380998154,4
15133,2.4626740026283818,4
15134,2.4723413563153174,4
15135,2.4306133592325354,4
15136,14.813398237563732,4
15137,5.133900898772021,4
15138,3.454277046776983,4
15139,2.2000441020585235,4
15140,3.4170433701089444,4
15141,2.525891563838659,4
15142,2.668468439724939,4
15143,2.512991449394673,4
15144,13.781182406624808,4
15145,4.865028990010712,4
15146,3.5169623688845335,4
15147,2.145555366825234,4
15148,3.3359622555145503,4
15149,2.5086184559195313,4
15150,2.524344400835859,4
15151,2.439128853664735,4
15152,23.056271238555087,4
15153,6.168518753980218,4
15154,3.8772506825873996,4
15155,2.258326663812826,4
15156,4.0352842008361876,4
15157,2.7140293029878704,4
15158,2.7826316104219604,4
15159,2.729706463998303,4
15160,17.198806641261996,4
15161,6.152455548750566,4
15162,3.754045263838683,4
15163,2.216842748211299,4
15164,3.7000674655354846,4
15165,2.671333130216036,4
15166,2.863888630459144,4
15167,2.5642412210543086,4
15168,12.895308085167152,4
15169,4.929049025632596,4
15170,3.269094021123495,4
15171,2.12984490345325,4
15172,3.225808927831599,4
15173,2.4792883798339194,4
15174,2.4843649463641224,4
15175,2.4224033266996066,4
15176,13.806841784955175,4
15177,5.4414158146788685,4
15178,3.412132512949258,4
15179,2.1538008634404564,4
15180,3.2991639071967716,4
15181,2.4872911838423666,4
15182,2.625696373475394,4
15183,2.515617180921027,4
15184,8.900489552494529,4
15185,4.032520018079992,4
15186,2.902767127076969,4
15187,2.014879243112326,4
15188,2.8706787166478374,4
15189,2.2572365496796007,4
15190,2.319155405265074,4
15191,2.232952684323074,4
15192,11.057347177724012,4
15193,4.621249231138241,4
15194,3.1520795132265835,4
15195,2.095971165826019,4
15196,3.1336279579768846,4
15197,2.413696108810267,4
15198,2.4564545849748276,4
15199,2.3763607535651086,4
15200,12.074064963306842,4
15201,4.882934908714483,4
15202,3.2243402090591218,4
15203,2.118365599545987,4
15204,3.319804289467558,4
15205,2.4303483116704685,4
15206,2.5518789070062846,4
15207,2.4368975112248976,4
15208,13.125250301281014,4
15209,5.026570285437599,4
15210,3.4772052514469127,4
15211,2.150916280522239,4
15212,3.324810932941905,4
15213,2.4936791575211585,4
15214,2.634831574671058,4
15215,2.4566038734760114,4
15216,19.52806147713777,4
15217,6.064117278841864,4
15218,4.039362082825915,4
15219,2.2441489320503023,4
15220,3.690744103296133,4
15221,2.664301258747617,4
15222,2.870949697896748,4
15223,2.6733746088345587,4
15224,12.236919558513916,4
15225,4.469035397079711,4
15226,3.1539796395174613,4
15227,2.0988054479030906,4
15228,3.122296021849397,4
15229,2.3981131767349706,4
15230,2.485037752457261,4
15231,2.377905885784975,4
15232,37.99425962980567,4
15233,8.09714103539375,4
15234,4.646385020721862,4
15235,2.373254707064559,4
15236,4.593889936115993,4
15237,2.968198169629148,4
15238,3.3712587145493043,4
15239,2.9207910001093946,4
15240,13.264349956329104,4
15241,5.031337968580739,4
15242,3.37123422706411,4
15243,2.1387671724038744,4
15244,3.3134615341273883,4
15245,2.5292686979136887,4
15246,2.60842682487555,4
15247,2.447671372550119,4
15248,20.183324986515736,4
15249,6.818577630494556,4
15250,3.9743031146332206,4
15251,2.292338311377701,4
15252,4.088624790472974,4
15253,2.750715663506556,4
15254,2.9361605418690595,4
15255,2.6403464498240914,4
15256,25.079494931859266,4
15257,7.691262679453476,4
15258,4.283818486768768,4
15259,2.2650420615886784,4
15260,4.100205060898876,4
15261,2.860429507225783,4
15262,2.9924626117786843,4
15263,2.761409665438514,4
15264,32.63341273521871,4
15265,7.735812609261716,4
15266,4.421632667207877,4
15267,2.3207079710837584,4
15268,4.11731516531294,4
15269,2.855344960745543,4
15270,2.9281058806128657,4
15271,2.748245255240474,4
15272,14.084817585058474,4
15273,5.3683490421977735,4
15274,3.397086161400519,4
15275,2.166859205964658,4
15276,3.4674368606039487,4
15277,2.523314843909953,4
15278,2.707991920796137,4
15279,2.4728730238151537,4
15280,12.037316930735503,4
15281,4.354855538440967,4
15282,3.155266964268781,4
15283,2.101957108641461,4
15284,3.0947980934158505,4
15285,2.447716027767927,4
15286,2.477022960345116,4
15287,2.3556898495942864,4
15288,20.946152859269976,4
15289,6.169943092774057,4
15290,3.9141336736400567,4
15291,2.2441489320503023,4
15292,3.758837195631952,4
15293,2.6886916074291505,4
15294,2.876266546817272,4
15295,2.6440803011645513,4
15296,13.708001367534731,4
15297,5.358491507320412,4
15298,3.4943557348964034,4
15299,2.160748019559582,4
15300,3.4168879874591855,4
15301,2.543240924353708,4
15302,2.65666179673556,4
15303,2.4703670185046316,4
15304,12.172221141213189,4
15305,4.6726264233900805,4
15306,3.117417400810442,4
15307,2.101957108641461,4
15308,3.1532899160940366,4
15309,2.408505061710173,4
15310,2.515413379523955,4
15311,2.3741643740009812,4
15312,15.61590276141882,4
15313,5.255395824436721,4
15314,3.52500490097727,4
15315,2.1751605466878456,4
15316,3.4866333805799052,4
15317,2.550296099741632,4
15318,2.6307143158261845,4
15319,2.512145855089848,4
15320,10.868385438766987,4
15321,4.1905621073388,4
15322,3.028453481461959,4
15323,2.0611856609634716,4
15324,2.9831828297650493,4
15325,2.351815136831845,4
15326,2.379118452268177,4
15327,2.304536865879801,4
15328,11.169349089642331,4
15329,4.557609008637467,4
15330,3.14699670700262,4
15331,2.0885833383317216,4
15332,3.118767513798614,4
15333,2.381558680361546,4
15334,2.4834951072239067,4
15335,2.3188076443481873,4
15336,25.182548454189998,4
15337,7.244809052874316,4
15338,4.489107411402693,4
15339,2.3329321362018223,4
15340,4.282450175650984,4
15341,2.8987365388613813,4
15342,3.0942716716458527,4
15343,2.7892195252057523,4
15344,10.863915850000005,4
15345,4.508123634539536,4
15346,3.2482243363778616,4
15347,2.1102127471277674,4
15348,3.1609838697239465,4
15349,2.4175435941590897,4
15350,2.5107319792669363,4
15351,2.3922522247054485,4
15352,20.212127715996292,4
15353,5.655967701257571,4
15354,3.547028206647041,4
15355,2.149155372572259,4
15356,3.593269395389693,4
15357,2.5734212425774765,4
15358,2.8594075759879516,4
15359,2.4802840739161622,4
15360,17.538478063262083,4
15361,5.930907948594376,4
15362,3.7619813032504212,4
15363,2.202241019355629,4
15364,3.7786846288673264,4
15365,2.6799978791476295,4
15366,2.7149167527991005,4
15367,2.5762384007860595,4
15368,13.150964676007852,4
15369,4.684488726778803,4
15370,3.2311102634295934,4
15371,2.116226225500457,4
15372,3.255071994029807,4
15373,2.405328328769756,4
15374,2.567350797479873,4
15375,2.4133911243173056,4
15376,44.97674623047381,4
15377,7.703124456538152,4
15378,4.7811817335877755,4
15379,2.41627228174649,4
15380,4.98314295324585,4
15381,3.021169983387292,4
15382,3.3532127848884725,4
15383,3.0613740373347813,4
15384,15.658926287956557,4
15385,5.378413782856592,4
15386,3.612870052410747,4
15387,2.1861199711814367,4
15388,3.534960884935296,4
15389,2.573865488962231,4
15390,2.659156358639903,4
15391,2.5117651698714925,4
15392,17.8760645944538,4
15393,5.999267533848356,4
15394,3.7439557478120293,4
15395,2.2246663750879834,4
15396,3.688351985365483,4
15397,2.7251190739463116,4
15398,2.755973063605446,4
15399,2.6328715491000403,4
15400,24.29971987828323,4
15401,6.665708574367108,4
15402,4.049903803735407,4
15403,2.273315086380374,4
15404,3.9415214557863996,4
15405,2.78688924252584,4
15406,2.9022647278948797,4
15407,2.7429772830920247,4
15408,14.764247222249555,4
15409,5.343299252447899,4
15410,3.3773691688973124,4
15411,2.174434267716119,4
15412,3.554888413143414,4
15413,2.5944258048794215,4
15414,2.7011573798626842,4
15415,2.5298663561311723,4
15416,16.247632109792956,4
15417,5.5199900419132435,4
15418,3.5934004041594174,4
15419,2.150916280522239,4
15420,3.3835789098853017,4
15421,2.5129133727668225,4
15422,2.7011186882808507,4
15423,2.476429163710108,4
15424,10.309537880675576,4
15425,4.4616548854786915,4
15426,3.0180614645384733,4
15427,2.0765514847294826,4
15428,2.935618386649529,4
15429,2.3508149231616873,4
15430,2.449309439009504,4
15431,2.3161315791479664,4
15432,34.121937033127104,4
15433,7.6604616626123265,4
15434,4.6729408780994115,4
15435,2.33598334996053,4
15436,4.440661099313173,4
15437,2.8818274014821097,4
15438,3.153706083936517,4
15439,2.8618543510620165,4
15440,12.329849914467633,4
15441,4.670031632962398,4
15442,3.118359424939416,4
15443,2.1026668055604105,4
15444,3.1362228701923573,4
15445,2.425702644039466,4
15446,2.507380575039681,4
15447,2.36414475005163,4
15448,10.810509634542694,4
15449,4.435075320117316,4
15450,3.1155339989325483,4
15451,2.1026668055604105,4
15452,3.2620535134777797,4
15453,2.4516618484789454,4
15454,2.5210472864860463,4
15455,2.398955385848052,4
15456,15.49585833330162,4
15457,5.302987461753778,4
15458,3.5188678421192443,4
15459,2.185391185375981,4
15460,3.4772350567607004,4
15461,2.5861501240823856,4
15462,2.7114252910752934,4
15463,2.5481033144561094,4
15464,18.266884208701658,4
15465,6.321533034396218,4
15466,3.770460095927603,4
15467,2.2316403432403757,4
15468,3.6870042972075527,4
15469,2.738220935379984,4
15470,2.8156739834179145,4
15471,2.6504958238401564,4
15472,14.287537374376729,4
15473,5.513593520392687,4
15474,3.5905278450255658,4
15475,2.211695588494172,4
15476,3.6053417400788663,4
15477,2.5645731253195,4
15478,2.693622224114797,4
15479,2.58058597649916,4
15480,15.172765197510586,4
15481,4.966704745212225,4
15482,3.4229586798507814,4
15483,2.160748019559582,4
15484,3.3397665401482977,4
15485,2.520617622004564,4
15486,2.60763915551522,4
15487,2.4918685083702914,4
15488,46.94498868725573,4
15489,11.903450475094495,4
15490,5.60541991683409,4
15491,2.4920967945361254,4
15492,5.755110178204388,4
15493,3.4522521469209795,4
15494,3.640192472970053,4
15495,3.3500891489139937,4
15496,12.059460226902,4
15497,4.528155187389907,4
15498,3.2549671066806574,4
15499,2.096679493220819,4
15500,3.1535338542915783,4
15501,2.4277818362993027,4
15502,2.4580363707304267,4
15503,2.3471371615899432,4
15504,0.0,-1
15505,0.0,-1
15506,0.0,-1
15507,0.0,-1
15508,0.0,-1
15509,0.0,-1
15510,0.0,-1
15511,0.0,-1
15512,0.0,-1
15513,0.0,-1
15514,0.0,-1
15515,0.0,-1
15516,0.0,-1
15517,0.0,-1
15518,0.0,-1
15519,0.0,-1
15520,0.0,-1
15521,0.0,-1
15522,0.0,-1
15523,0.0,-1
15524,0.0,-1
15525,0.0,-1
15526,0.0,-1
15527,0.0,-1
15528,0.0,-1
15529,0.0,-1
15530,0.0,-1
15531,0.0,-1
15532,0.0,-1
15533,0.0,-1
15534,0.0,-1
15535,0.0,-1
15536,0.0,-1
15537,0.0,-1
15538,0.0,-1
15539,0.0,-1
15540,0.0,-1
15541,0.0,-1
15542,0.0,-1
15543,0.0,-1
15544,0.0,-1
15545,0.0,-1
15546,0.0,-1
15547,0.0,-1
15548,0.0,-1
15549,0.0,-1
15550,0.0,-1
15551,0.0,-1
15552,0.0,-1
15553,0.0,-1
15554,0.0,-1
15555,0.0,-1
15556,0.0,-1
15557,0.0,-1
15558,0.0,-1
15559,0.0,-1
15560,0.0,-1
15561,0.0,-1
15562,0.0,-1
15563,0.0,-1
15564,0.0,-1
15565,0.0,-1
15566,0.0,-1
15567,0.0,-1
15568,0.0,-1
15569,0.0,-1
15570,0.0,-1
15571,0.0,-1
15572,0.0,-1
15573,0.0,-1
15574,0.0,-1
15575,0.0,-1
15576,0.0,-1
15577,0.0,-1
15578,0.0,-1
15579,0.0,-1
15580,0.0,-1
15581,0.0,-1
15582,0.0,-1
15583,0.0,-1
15584,0.0,-1
15585,0.0,-1
15586,0.0,-1
15587,0.0,-1
15588,0.0,-1
15589,0.0,-1
15590,0.0,-1
15591,0.0,-1
15592,0.0,-1
15593,0.0,-1
15594,0.0,-1
15595,0.0,-1
15596,0.0,-1
15597,0.0,-1
15598,0.0,-1
15599,0.0,-1
15600,0.0,-1
15601,0.0,-1
15602,0.0,-1
15603,0.0,-1
15604,0.0,-1
15605,0.0,-1
15606,0.0,-1
15607,0.0,-1
15608,0.0,-1
15609,0.0,-1
15610,0.0,-1
15611,0.0,-1
15612,0.0,-1
15613,0.0,-1
15614,0.0,-1
15615,0.0,-1
15616,0.0,-1
15617,0.0,-1
15618,0.0,-1
15619,0.0,-1
15620,0.0,-1
15621,0.0,-1
15622,0.0,-1
15623,0.0,-1
15624,0.0,-1
15625,0.0,-1
15626,0.0,-1
15627,0.0,-1
15628,0.0,-1
15629,0.0,-1
15630,0.0,-1
15631,0.0,-1
15632,0.0,-1
15633,0.0,-1
15634,0.0,-1
15635,0.0,-1
15636,0.0,-1
15637,0.0,-1
15638,0.0,-1
15639,0.0,-1
15640,0.0,-1
15641,0.0,-1
15642,0.0,-1
15643,0.0,-1
15644,0.0,-1
15645,0.0,-1
15646,0.0,-1
15647,0.0,-1
15648,0.0,-1
15649,0.0,-1
15650,0.0,-1
15651,0.0,-1
15652,0.0,-1
15653,0.0,-1
15654,0.0,-1
15655,0.0,-1
15656,0.0,-1
15657,0.0,-1
15658,0.0,-1
15659,0.0,-1
15660,0.0,-1
15661,0.0,-1
15662,0.0,-1
15663,0.0,-1
15664,0.0,-1
15665,0.0,-1
15666,0.0,-1
15667,0.0,-1
15668,0.0,-1
15669,0.0,-1
15670,0.0,-1
15671,0.0,-1
15672,0.0,-1
15673,0.0,-1
15674,0.0,-1
15675,0.0,-1
15676,0.0,-1
15677,0.0,-1
15678,0.0,-1
15679,0.0,-1
15680,0.0,-1
15681,0.0,-1
15682,0.0,-1
15683,0.0,-1
15684,0.0,-1
15685,0.0,-1
15686,0.0,-1
15687,0.0,-1
15688,0.0,-1
15689,0.0,-1
15690,0.0,-1
15691,0.0,-1
15692,0.0,-1
15693,0.0,-1
15694,0.0,-1
15695,0.0,-1
15696,0.0,-1
15697,0.0,-1
15698,0.0,-1
15699,0.0,-1
15700,0.0,-1
15701,0.0,-1
15702,0.0,-1
15703,0.0,-1
15704,0.0,-1
15705,0.0,-1
15706,0.0,-1
15707,0.0,-1
15708,0.0,-1
15709,0.0,-1
15710,0.0,-1
15711,0.0,-1
15712,0.0,-1
15713,0.0,-1
15714,0.0,-1
15715,0.0,-1
15716,0.0,-1
15717,0.0,-1
15718,0.0,-1
15719,0.0,-1
15720,0.0,-1
15721,0.0,-1
15722,0.0,-1
15723,0.0,-1
15724,0.0,-1
15725,0.0,-1
15726,0.0,-1
15727,0.0,-1
15728,0.0,-1
15729,0.0,-1
15730,0.0,-1
15731,0.0,-1
15732,0.0,-1
15733,0.0,-1
15734,0.0,-1
15735,0.0,-1
15736,0.0,-1
15737,0.0,-1
15738,0.0,-1
15739,0.0,-1
15740,0.0,-1
15741,0.0,-1
15742,0.0,-1
15743,0.0,-1
15744,0.0,-1
15745,0.0,-1
15746,0.0,-1
15747,0.0,-1
15748,0.0,-1
15749,0.0,-1
15750,0.0,-1
15751,0.0,-1
15752,0.0,-1
15753,0.0,-1
15754,0.0,-1
15755,0.0,-1
15756,0.0,-1
15757,0.0,-1
15758,0.0,-1
15759,0.0,-1
15760,0.0,-1
15761,0.0,-1
15762,0.0,-1
15763,0.0,-1
15764,0.0,-1
15765,0.0,-1
15766,0.0,-1
15767,0.0,-1
15768,0.0,-1
15769,0.0,-1
15770,0.0,-1
15771,0.0,-1
15772,0.0,-1
15773,0.0,-1
15774,0.0,-1
15775,0.0,-1
15776,0.0,-1
15777,0.0,-1
15778,0.0,-1
15779,0.0,-1
15780,0.0,-1
15781,0.0,-1
15782,0.0,-1
15783,0.0,-1
15784,0.0,-1
15785,0.0,-1
15786,0.0,-1
15787,0.0,-1
15788,0.0,-1
15789,0.0,-1
15790,0.0,-1
15791,0.0,-1
15792,0.0,-1
15793,0.0,-1
15794,0.0,-1
15795,0.0,-1
15796,0.0,-1
15797,0.0,-1
15798,0.0,-1
15799,0.0,-1
15800,0.0,-1
15801,0.0,-1
15802,0.0,-1
15803,0.0,-1
15804,0.0,-1
15805,0.0,-1
15806,0.0,-1
15807,0.0,-1
15808,0.0,-1
15809,0.0,-1
15810,0.0,-1
15811,0.0,-1
15812,0.0,-1
15813,0.0,-1
15814,0.0,-1
15815,0.0,-1
15816,0.0,-1
15817,0.0,-1
15818,0.0,-1
15819,0.0,-1
15820,0.0,-1
15821,0.0,-1
15822,0.0,-1
15823,0.0,-1
15824,0.0,-1
15825,0.0,-1
15826,0.0,-1
15827,0.0,-1
15828,0.0,-1
15829,0.0,-1
15830,0.0,-1
15831,0.0,-1
15832,0.0,-1
15833,0.0,-1
15834,0.0,-1
15835,0.0,-1
15836,0.0,-1
15837,0.0,-1
15838,0.0,-1
15839,0.0,-1
15840,0.0,-1
15841,0.0,-1
15842,0.0,-1
15843,0.0,-1
15844,0.0,-1
15845,0.0,-1
15846,0.0,-1
15847,0.0,-1
15848,0.0,-1
15849,0.0,-1
15850,0.0,-1
15851,0.0,-1
15852,0.0,-1
15853,0.0,-1
15854,0.0,-1
15855,0.0,-1
15856,0.0,-1
15857,0.0,-1
15858,0.0,-1
15859,0.0,-1
15860,0.0,-1
15861,0.0,-1
15862,0.0,-1
15863,0.0,-1
15864,0.0,-1
15865,0.0,-1
15866,0.0,-1
15867,0.0,-1
15868,0.0,-1
15869,0.0,-1
15870,0.0,-1
15871,0.0,-1
15872,0.0,-1
15873,0.0,-1
15874,0.0,-1
15875,0.0,-1
15876,0.0,-1
15877,0.0,-1
15878,0.0,-1
15879,0.0,-1
15880,0.0,-1
15881,0.0,-1
15882,0.0,-1
15883,0.0,-1
15884,0.0,-1
15885,0.0,-1
15886,0.0,-1
15887,0.0,-1
15888,0.0,-1
15889,0.0,-1
15890,0.0,-1
15891,0.0,-1
15892,0.0,-1
15893,0.0,-1
15894,0.0,-1
15895,0.0,-1
15896,0.0,-1
15897,0.0,-1
15898,0.0,-1
15899,0.0,-1
15900,0.0,-1
15901,0.0,-1
15902,0.0,-1
15903,0.0,-1
15904,0.0,-1
15905,0.0,-1
15906,0.0,-1
15907,0.0,-1
15908,0.0,-1
15909,0.0,-1
15910,0.0,-1
15911,0.0,-1
15912,0.0,-1
15913,0.0,-1
15914,0.0,-1
15915,0.0,-1
15916,0.0,-1
15917,0.0,-1
15918,0.0,-1
15919,0.0,-1
15920,0.0,-1
15921,0.0,-1
15922,0.0,-1
15923,0.0,-1
15924,0.0,-1
15925,0.0,-1
15926,0.0,-1
15927,0.0,-1
15928,0.0,-1
15929,0.0,-1
15930,0.0,-1
15931,0.0,-1
15932,0.0,-1
15933,0.0,-1
15934,0.0,-1
15935,0.0,-1
15936,0.0,-1
15937,0.0,-1
15938,0.0,-1
15939,0.0,-1
15940,0.0,-1
15941,0.0,-1
15942,0.0,-1
15943,0.0,-1
15944,0.0,-1
15945,0.0,-1
15946,0.0,-1
15947,0.0,-1
15948,0.0,-1
15949,0.0,-1
15950,0.0,-1
15951,0.0,-1
15952,0.0,-1
15953,0.0,-1
15954,0.0,-1
15955,0.0,-1
15956,0.0,-1
15957,0.0,-1
15958,0.0,-1
15959,0.0,-1
15960,0.0,-1
15961,0.0,-1
15962,0.0,-1
15963,0.0,-1
15964,0.0,-1
15965,0.0,-1
15966,0.0,-1
15967,0.0,-1
15968,0.0,-1
15969,0.0,-1
15970,0.0,-1
15971,0.0,-1
15972,0.0,-1
15973,0.0,-1
15974,0.0,-1
15975,0.0,-1
15976,0.0,-1
15977,0.0,-1
15978,0.0,-1
15979,0.0,-1
15980,0.0,-1
15981,0.0,-1
15982,0.0,-1
15983,0.0,-1
15984,0.0,-1
15985,0.0,-1
15986,0.0,-1
15987,0.0,-1
15988,0.0,-1
15989,0.0,-1
15990,0.0,-1
15991,0.0,-1
15992,0.0,-1
15993,0.0,-1
15994,0.0,-1
15995,0.0,-1
15996,0.0,-1
15997,0.0,-1
15998,0.0,-1
15999,0.0,-1
16000,0.0,-1
16001,0.0,-1
16002,0.0,-1
16003,0.0,-1
16004,0.0,-1
16005,0.0,-1
16006,0.0,-1
16007,0.0,-1
16008,0.0,-1
16009,0.0,-1
16010,0.0,-1
16011,0.0,-1
16012,0.0,-1
16013,0.0,-1
16014,0.0,-1
16015,0.0,-1
16016,0.0,-1
16017,0.0,-1
16018,0.0,-1
16019,0.0,-1
16020,0.0,-1
16021,0.0,-1
16022,0.0,-1
16023,0.0,-1
16024,0.0,-1
16025,0.0,-1
16026,0.0,-1
16027,0.0,-1
16028,0.0,-1
16029,0.0,-1
16030,0.0,-1
16031,0.0,-1
16032,0.0,-1
16033,0.0,-1
16034,0.0,-1
16035,0.0,-1
16036,0.0,-1
16037,0.0,-1
16038,0.0,-1
16039,0.0,-1
16040,0.0,-1
16041,0.0,-1
16042,0.0,-1
16043,0.0,-1
16044,0.0,-1
16045,0.0,-1
16046,0.0,-1
16047,0.0,-1
16048,0.0,-1
16049,0.0,-1
16050,0.0,-1
16051,0.0,-1
16052,0.0,-1
16053,0.0,-1
16054,0.0,-1
16055,0.0,-1
16056,0.0,-1
16057,0.0,-1
16058,0.0,-1
16059,0.0,-1
16060,0.0,-1
16061,0.0,-1
16062,0.0,-1
16063,0.0,-1
16064,0.0,-1
16065,0.0,-1
16066,0.0,-1
16067,0.0,-1
16068,0.0,-1
16069,0.0,-1
16070,0.0,-1
16071,0.0,-1
16072,0.0,-1
16073,0.0,-1
16074,0.0,-1
16075,0.0,-1
16076,0.0,-1
16077,0.0,-1
16078,0.0,-1
16079,0.0,-1
16080,0.0,-1
16081,0.0,-1
16082,0.0,-1
16083,0.0,-1
16084,0.0,-1
16085,0.0,-1
16086,0.0,-1
16087,0.0,-1
16088,0.0,-1
16089,0.0,-1
16090,0.0,-1
16091,0.0,-1
16092,0.0,-1
16093,0.0,-1
16094,0.0,-1
16095,0.0,-1
16096,0.0,-1
16097,0.0,-1
16098,0.0,-1
16099,0.0,-1
16100,0.0,-1
16101,0.0,-1
16102,0.0,-1
16103,0.0,-1
16104,0.0,-1
16105,0.0,-1
16106,0.0,-1
16107,0.0,-1
16108,0.0,-1
16109,0.0,-1
16110,0.0,-1
16111,0.0,-1
16112,0.0,-1
16113,0.0,-1
16114,0.0,-1
16115,0.0,-1
16116,0.0,-1
16117,0.0,-1
16118,0.0,-1
16119,0.0,-1
16120,0.0,-1
16121,0.0,-1
16122,0.0,-1
16123,0.0,-1
16124,0.0,-1
16125,0.0,-1
16126,0.0,-1
16127,0.0,-1
16128,0.0,-1
16129,0.0,-1
16130,0.0,-1
16131,0.0,-1
16132,0.0,-1
16133,0.0,-1
16134,0.0,-1
16135,0.0,-1
16136,0.0,-1
16137,0.0,-1
16138,0.0,-1
16139,0.0,-1
16140,0.0,-1
16141,0.0,-1
16142,0.0,-1
16143,0.0,-1
16144,0.0,-1
16145,0.0,-1
16146,0.0,-1
16147,0.0,-1
16148,0.0,-1
16149,0.0,-1
16150,0.0,-1
16151,0.0,-1
16152,0.0,-1
16153,0.0,-1
16154,0.0,-1
16155,0.0,-1
16156,0.0,-1
16157,0.0,-1
16158,0.0,-1
16159,0.0,-1
16160,0.0,-1
16161,0.0,-1
16162,0.0,-1
16163,0.0,-1
16164,0.0,-1
16165,0.0,-1
16166,0.0,-1
16167,0.0,-1
16168,0.0,-1
16169,0.0,-1
16170,0.0,-1
16171,0.0,-1
16172,0.0,-1
16173,0.0,-1
16174,0.0,-1
16175,0.0,-1
16176,0.0,-1
16177,0.0,-1
16178,0.0,-1
16179,0.0,-1
16180,0.0,-1
16181,0.0,-1
16182,0.0,-1
16183,0.0,-1
16184,0.0,-1
16185,0.0,-1
16186,0.0,-1
16187,0.0,-1
16188,0.0,-1
16189,0.0,-1
16190,0.0,-1
16191,0.0,-1
16192,0.0,-1
16193,0.0,-1
16194,0.0,-1
16195,0.0,-1
16196,0.0,-1
16197,0.0,-1
16198,0.0,-1
16199,0.0,-1
16200,0.0,-1
16201,0.0,-1
16202,0.0,-1
16203,0.0,-1
16204,0.0,-1
16205,0.0,-1
16206,0.0,-1
16207,0.0,-1
16208,0.0,-1
16209,0.0,-1
16210,0.0,-1
16211,0.0,-1
16212,0.0,-1
16213,0.0,-1
16214,0.0,-1
16215,0.0,-1
16216,0.0,-1
16217,0.0,-1
16218,0.0,-1
16219,0.0,-1
16220,0.0,-1
16221,0.0,-1
16222,0.0,-1
16223,0.0,-1
16224,0.0,-1
16225,0.0,-1
16226,0.0,-1
16227,0.0,-1
16228,0.0,-1
16229,0.0,-1
16230,0.0,-1
16231,0.0,-1
16232,0.0,-1
16233,0.0,-1
16234,0.0,-1
16235,0.0,-1
16236,0.0,-1
16237,0.0,-1
16238,0.0,-1
16239,0.0,-1
16240,0.0,-1
16241,0.0,-1
16242,0.0,-1
16243,0.0,-1
16244,0.0,-1
16245,0.0,-1
16246,0.0,-1
16247,0.0,-1
16248,0.0,-1
16249,0.0,-1
16250,0.0,-1
16251,0.0,-1
16252,0.0,-1
16253,0.0,-1
16254,0.0,-1
16255,0.0,-1
16256,0.0,-1
16257,0.0,-1
16258,0.0,-1
16259,0.0,-1
16260,0.0,-1
16261,0.0,-1
16262,0.0,-1
16263,0.0,-1
16264,0.0,-1
16265,0.0,-1
16266,0.0,-1
16267,0.0,-1
16268,0.0,-1
16269,0.0,-1
16270,0.0,-1
16271,0.0,-1
16272,0.0,-1
16273,0.0,-1
16274,0.0,-1
16275,0.0,-1
16276,0.0,-1
16277,0.0,-1
16278,0.0,-1
16279,0.0,-1
16280,0.0,-1
16281,0.0,-1
16282,0.0,-1
16283,0.0,-1
16284,0.0,-1
16285,0.0,-1
16286,0.0,-1
16287,0.0,-1
16288,0.0,-1
16289,0.0,-1
16290,0.0,-1
16291,0.0,-1
16292,0.0,-1
16293,0.0,-1
16294,0.0,-1
16295,0.0,-1
16296,0.0,-1
16297,0.0,-1
16298,0.0,-1
16299,0.0,-1
16300,0.0,-1
16301,0.0,-1
16302,0.0,-1
16303,0.0,-1
16304,0.0,-1
16305,0.0,-1
16306,0.0,-1
16307,0.0,-1
16308,0.0,-1
16309,0.0,-1
16310,0.0,-1
16311,0.0,-1
16312,0.0,-1
16313,0.0,-1
16314,0.0,-1
16315,0.0,-1
16316,0.0,-1
16317,0.0,-1
16318,0.0,-1
16319,0.0,-1
16320,15.109224752560172,0
16321,5.284540430397013,0
16322,3.282470484285936,0
16323,2.2451287189127216,0
16324,3.165496637030688,0
16325,2.5176645026917654,0
16326,2.5602266544663235,0
16327,2.4754096041329623,0
16328,20.36522808134028,0
16329,6.48686204232668,0
16330,3.6349345484377404,0
16331,2.3623221269506285,0
16332,3.4127652550493943,0
16333,2.676599735464418,0
16334,2.704465682820356,0
16335,2.573939410392057,0
16336,20.145202686770766,0
16337,6.392482907733862,0
16338,3.6253167096853876,0
16339,2.403209208433942,0
16340,3.5491822429686177,0
16341,2.703989915192926,0
16342,2.7487440339431597,0
16343,2.6409163753600358,0
16344,18.00108666818428,0
16345,5.983555176822891,0
16346,3.477010733661602,0
16347,2.337944479617559,0
16348,3.3571691434997293,0
16349,2.620097919087724,0
16350,2.6660351587605575,0
16351,2.573054643546708,0
16352,16.2650247200539,0
16353,5.504331026356445,0
16354,3.3823148208814957,0
16355,2.2956002879553186,0
16356,3.2440235206469707,0
16357,2.559777550834256,0
16358,2.5514659119268477,0
16359,2.4984234157431895,0
16360,19.52623313932982,0
16361,6.402142027060779,0
16362,3.687048502154595,0
16363,2.424710192386415,0
16364,3.526597409425564,0
16365,2.7303473925763044,0
16366,2.770702032124171,0
16367,2.6498867590147297,0
16368,18.75215475490211,0
16369,5.970878333107374,0
16370,3.465922401566821,0
16371,2.338939014036249,0
16372,3.4359452175631975,0
16373,2.6104677444631785,0
16374,2.678040175979188,0
16375,2.5420030898642105,0
16376,29.811175838395872,0
16377,7.604395869078585,0
16378,4.1809446187191766,0
16379,2.5155952137726114,0
16380,3.9201394757613857,0
16381,2.8708562068700445,0
16382,2.9779731541895793,0
16383,2.8059614346247876,0
16384,26.690974841341845,0
16385,7.819498363621943,0
16386,3.977078507067115,0
16387,2.449900017534414,0
16388,3.9825409747980918,0
16389,2.8370872708324986,0
16390,2.9051564030702606,0
16391,2.771264457619488,0
16392,16.801105674768635,0
16393,5.719329419643431,0
16394,3.3125089093893654,0
16395,2.3158480586753827,0
16396,3.2672592732887105,0
16397,2.585830022250818,0
16398,2.6128932503579176,0
16399,2.5090986251939134,0
16400,19.40253106408496,0
16401,6.323441266759311,0
16402,3.6119139982671897,0
16403,2.350772228263105,0
16404,3.529136838969811,0
16405,2.6730909797264952,0
16406,2.6729400803542807,0
16407,2.5702029511739637,0
16408,10.860961382023161,0
16409,4.50987698064147,0
16410,2.952327770675137,0
16411,2.1426349819649806,0
16412,2.8328879256792447,0
16413,2.3205099612907145,0
16414,2.355256025630868,0
16415,2.2843866182223014,0
16416,15.62373160226522,0
16417,5.414944874390102,0
16418,3.2978986760572675,0
16419,2.2647538660339337,0
16420,3.173295952067515,0
16421,2.5026481799984124,0
16422,2.5336571683142886,0
16423,2.46141829644242,0
16424,16.94829676517836,0
16425,5.713309988907524,0
16426,3.4610426740989353,0
16427,2.297268165444179,0
16428,3.2513408580205367,0
16429,2.5546349246891573,0
16430,2.570677034099039,0
16431,2.5132167000789614,0
16432,19.50695751920231,0
16433,6.193465913486801,0
16434,3.576770922479748,0
16435,2.3517443716868156,0
16436,3.515677583199807,0
16437,2.6419917529629076,0
16438,2.665782537552883,0
16439,2.587506798508871,0
16440,26.455664390648423,0
16441,7.564869818034673,0
16442,4.096970176748696,0
16443,2.496500553545506,0
16444,3.9391902296157206,0
16445,2.871100276878351,0
16446,2.971670432026588,0
16447,2.7986619840519347,0
16448,15.732960374327485,0
16449,5.5844785906269365,0
16450,3.216715059683503,0
16451,2.2645593142689195,0
16452,3.2496850576833816,0
16453,2.518926954942598,0
16454,2.5415115938188984,0
16455,2.458305830434205,0
16456,55.32693438834056,0
16457,10.079454817690937,0
16458,4.965921997846938,0
16459,2.695702398575685,0
16460,4.952033739894694,0
16461,3.2658943349321787,0
16462,3.4251178147063412,0
16463,3.1462235373622507,0
16464,18.052431328555635,0
16465,5.929834077050054,0
16466,3.488952488696365,0
16467,2.3294980629128044,0
16468,3.4687242138962238,0
16469,2.618997592872422,0
16470,2.6578882954483927,0
16471,2.5431877856974805,0
16472,30.607141035020053,0
16473,8.33707398580231,0
16474,4.137921345710934,0
16475,2.571762792556202,0
16476,4.045347685548347,0
16477,2.9651938500180837,0
16478,3.0218505177585726,0
16479,2.8562471432655068,0
16480,43.142357479290986,0
16481,8.953377154769113,0
16482,4.354805296144215,0
16483,2.5246276459122963,0
16484,4.507905228129296,0
16485,3.0857802854876324,0
16486,3.1304833545400506,0
16487,2.899045281964251,0
16488,42.194915974439404,0
16489,9.188156769030709,0
16490,4.54014558259837,0
16491,2.6111102038394307,0
16492,4.328333889461598,0
16493,3.0488867478287247,0
16494,3.162897401445121,0
16495,2.975258271372687,0
16496,22.62482703953617,0
16497,6.2423580258463645,0
16498,3.6474528672540707,0
16499,2.3727027381543833,0
16500,3.565490852592358,0
16501,2.651194690314191,0
16502,2.7599629780377946,0
16503,2.595682555283557,0
16504,14.475661238816029,0
16505,5.286515508584972,0
16506,3.265733155811155,0
16507,2.2749323169306868,0
16508,3.1805314484856075,0
16509,2.517693571068277,0
16510,2.5512543519933257,0
16511,2.4669089688223704,0
16512,31.070215023454917,0
16513,7.760340716808386,0
16514,4.090860673228423,0
16515,2.495612723685474,0
16516,4.070430976173883,0
16517,2.907257429612202,0
16518,2.9366549482484476,0
16519,2.821863895717129,0
16520,22.07835835437601,0
16521,6.2501658653111125,0
16522,3.4596653672016626,0
16523,2.3631728417736637,0
16524,3.446309880229564,0
16525,2.660393247464695,0
16526,2.7220353156115036,0
16527,2.5853867727232958,0
16528,15.264542489171504,0
16529,5.591187018291771,0
16530,3.28376997602332,0
16531,2.2749835416805664,0
16532,3.176824493713498,0
16533,2.5341973797681843,0
16534,2.5307955331695116,0
16535,2.462610790964415,0
16536,21.628679235190855,0
16537,6.594970854304447,0
16538,3.6098323985093344,0
16539,2.382778231568669,0
16540,3.491571846718484,0
16541,2.6939014776678927,0
16542,2.729802312719222,0
16543,2.609429448768341,0
16544,13.036639499191523,0
16545,5.134131122372424,0
16546,3.0648914855503526,0
16547,2.2116820929093546,0
16548,3.0718337654753647,0
16549,2.4401571942912055,0
16550,2.4518333244755848,0
16551,2.3858765109175115,0
16552,15.03096362982124,0
16553,5.253290535863443,0
16554,3.2870730076832686,0
16555,2.2548390882965594,0
16556,3.161018510961092,0
16557,2.473795709394507,0
16558,2.521182907675182,0
16559,2.443153473352282,0
16560,46.907281222624725,0
16561,9.718553768861456,0
16562,4.529638147271444,0
16563,2.6356324144993963,0
16564,4.513802559353576,0
16565,3.0890141517815493,0
16566,3.1454417832032093,0
16567,2.9653778727046145,0
16568,14.639543994739613,0
16569,5.405742619319032,0
16570,3.335983322001357,0
16571,2.2842410443593035,0
16572,3.2026411327945885,0
16573,2.5284720628550144,0
16574,2.5752471256173437,0
16575,2.4937259353763928,0
16576,28.261943172019866,0
16577,7.774104715638974,0
16578,3.887725348050035,0
16579,2.3484199516801043,0
16580,4.0193835233183135,0
16581,2.7715986929242233,0
16582,2.839121287766151,0
16583,2.6909891567266677,0
16584,22.24037912621033,0
16585,7.1123871023425815,0
16586,3.789067714053301,0
16587,2.4290247177934363,0
16588,3.862642193386582,0
16589,2.76188063087039,0
16590,2.8118661630946233,0
16591,2.6707089336390126,0
16592,17.750918404570843,0
16593,5.709344292216754,0
16594,3.399710610659274,0
16595,2.295490802878246,0
16596,3.239552660693832,0
16597,2.561505926531434,0
16598,2.573178760459096,0
16599,2.4811205985561706,0
16600,59.684566826720506,0
16601,11.874122139861681,0
16602,5.268651304073687,0
16603,2.760032361634986,0
16604,5.221878296531531,0
16605,3.3647666100116003,0
16606,3.469088205662592,0
16607,3.2622521851041544,0
16608,19.768084629299903,0
16609,6.883624627895456,0
16610,3.645483993341928,0
16611,2.40122194716736,0
16612,3.4676224463021876,0
16613,2.671388020211476,0
16614,2.740002826091092,0
16615,2.6358948115722605,0
16616,24.558672972542222,0
16617,7.113594430613317,0
16618,3.9384795834073953,0
16619,2.462738653808249,0
16620,3.845656118125996,0
16621,2.813840538480289,0
16622,2.8941665564551875,0
16623,2.7253089793421315,0
16624,31.213512256571992,0
16625,8.258185702351287,0
16626,4.274235639660823,0
16627,2.541948442520094,0
16628,4.081456037872917,0
16629,2.934194024911374,0
16630,3.0461754635522116,0
16631,2.8453172788427277,0
16632,22.055743221201855,0
16633,6.434236438060375,0
16634,3.774136017019874,0
16635,2.3852539955858614,0
16636,3.537343503849431,0
16637,2.6757969668795667,0
16638,2.7488313626734158,0
16639,2.6477145480674262,0
16640,20.069715818692092,0
16641,6.416917248144564,0
16642,3.6698863638618384,0
16643,2.3524777807621895,0
16644,3.601100751925075,0
16645,2.6499331736290843,0
16646,2.729499870668169,0
16647,2.611558736747171,0
16648,13.718621233942226,0
16649,5.111900925449389,0
16650,3.203510844283095,0
16651,2.2332801755245453,0
16652,3.2018494401610114,0
16653,2.4753575659944773,0
16654,2.497902004091307,0
16655,2.422396286661549,0
16656,42.76491174979578,0
16657,9.334859810260165,0
16658,4.559438226619507,0
16659,2.637831175069271,0
16660,4.574187120292578,0
16661,3.1689101135138307,0
16662,3.230223834442586,0
16663,3.0060403205269193,0
16664,14.613350224137124,0
16665,5.392914248457769,0
16666,3.223975705038587,0
16667,2.274414174713679,0
16668,3.1080928855833143,0
16669,2.498244927550363,0
16670,2.5257227926411105,0
16671,2.466678838180978,0
16672,15.471895320289489,0
16673,5.46857082869464,0
16674,3.3560962090081845,0
16675,2.274446133550115,0
16676,3.2162298342549986,0
16677,2.5304195080921805,0
16678,2.550785682278238,0
16679,2.4619747972198867,0
16680,23.936675577470343,0
16681,6.879480021811258,0
16682,3.668330494750025,0
16683,2.405021339241418,0
16684,3.5899587051960595,0
16685,2.760821716265603,0
16686,2.788754897385681,0
16687,2.6672496429588115,0
16688,26.70599065075664,0
16689,8.096278895989236,0
16690,4.043257061684587,0
16691,2.476229327298365,0
16692,3.912426819338151,0
16693,2.881128962562315,0
16694,2.8783050527528156,0
16695,2.8135288491229256,0
16696,23.061376141222883,0
16697,6.813460292833324,0
16698,3.736765116918658,0
16699,2.4453708217145755,0
16700,3.596634318707975,0
16701,2.74913872076986,0
16702,2.7927810533021575,0
16703,2.6829064257502897,0
16704,18.569590720512625,0
16705,6.521221966993679,0
16706,3.5214766142488503,0
16707,2.360535979185563,0
16708,3.5122451073462004,0
16709,2.622983287894712,0
16710,2.691322299588752,0
16711,2.609492589659859,0
16712,108.78616837323462,0
16713,15.241805620477898,0
16714,6.388032987754717,0
16715,2.8873368791935743,0
16716,6.123491776220012,0
16717,3.7559072185154423,0
16718,3.8056451791338377,0
16719,3.583111726188213,0
16720,15.843543848868537,0
16721,5.188366899294346,0
16722,3.2043027251952116,0
16723,2.2643871381696106,0
16724,3.122735503689205,0
16725,2.48808314273413,0
16726,2.537659832703867,0
16727,2.4463450024593576,0
16728,0.0,-1
16729,0.0,-1
16730,0.0,-1
16731,0.0,-1
16732,0.0,-1
16733,0.0,-1
16734,0.0,-1
16735,0.0,-1
16736,0.0,-1
16737,0.0,-1
16738,0.0,-1
16739,0.0,-1
16740,0.0,-1
16741,0.0,-1
16742,0.0,-1
16743,0.0,-1
16744,0.0,-1
16745,0.0,-1
16746,0.0,-1
16747,0.0,-1
16748,0.0,-1
16749,0.0,-1
16750,0.0,-1
16751,0.0,-1
16752,0.0,-1
16753,0.0,-1
16754,0.0,-1
16755,0.0,-1
16756,0.0,-1
16757,0.0,-1
16758,0.0,-1
16759,0.0,-1
16760,0.0,-1
16761,0.0,-1
16762,0.0,-1
16763,0.0,-1
16764,0.0,-1
16765,0.0,-1
16766,0.0,-1
16767,0.0,-1
16768,0.0,-1
16769,0.0,-1
16770,0.0,-1
16771,0.0,-1
16772,0.0,-1
16773,0.0,-1
16774,0.0,-1
16775,0.0,-1
16776,0.0,-1
16777,0.0,-1
16778,0.0,-1
16779,0.0,-1
16780,0.0,-1
16781,0.0,-1
16782,0.0,-1
16783,0.0,-1
16784,0.0,-1
16785,0.0,-1
16786,0.0,-1
16787,0.0,-1
16788,0.0,-1
16789,0.0,-1
16790,0.0,-1
16791,0.0,-1
16792,0.0,-1
16793,0.0,-1
16794,0.0,-1
16795,0.0,-1
16796,0.0,-1
16797,0.0,-1
16798,0.0,-1
16799,0.0,-1
16800,0.0,-1
16801,0.0,-1
16802,0.0,-1
16803,0.0,-1
16804,0.0,-1
16805,0.0,-1
16806,0.0,-1
16807,0.0,-1
16808,0.0,-1
16809,0.0,-1
16810,0.0,-1
16811,0.0,-1
16812,0.0,-1
16813,0.0,-1
16814,0.0,-1
16815,0.0,-1
16816,0.0,-1
16817,0.0,-1
16818,0.0,-1
16819,0.0,-1
16820,0.0,-1
16821,0.0,-1
16822,0.0,-1
16823,0.0,-1
16824,0.0,-1
16825,0.0,-1
16826,0.0,-1
16827,0.0,-1
16828,0.0,-1
16829,0.0,-1
16830,0.0,-1
16831,0.0,-1
16832,0.0,-1
16833,0.0,-1
16834,0.0,-1
16835,0.0,-1
16836,0.0,-1
16837,0.0,-1
16838,0.0,-1
16839,0.0,-1
16840,0.0,-1
16841,0.0,-1
16842,0.0,-1
16843,0.0,-1
16844,0.0,-1
16845,0.0,-1
16846,0.0,-1
16847,0.0,-1
16848,0.0,-1
16849,0.0,-1
16850,0.0,-1
16851,0.0,-1
16852,0.0,-1
16853,0.0,-1
16854,0.0,-1
16855,0.0,-1
16856,0.0,-1
16857,0.0,-1
16858,0.0,-1
16859,0.0,-1
16860,0.0,-1
16861,0.0,-1
16862,0.0,-1
16863,0.0,-1
16864,0.0,-1
16865,0.0,-1
16866,0.0,-1
16867,0.0,-1
16868,0.0,-1
16869,0.0,-1
16870,0.0,-1
16871,0.0,-1
16872,0.0,-1
16873,0.0,-1
16874,0.0,-1
16875,0.0,-1
16876,0.0,-1
16877,0.0,-1
16878,0.0,-1
16879,0.0,-1
16880,0.0,-1
16881,0.0,-1
16882,0.0,-1
16883,0.0,-1
16884,0.0,-1
16885,0.0,-1
16886,0.0,-1
16887,0.0,-1
16888,0.0,-1
16889,0.0,-1
16890,0.0,-1
16891,0.0,-1
16892,0.0,-1
16893,0.0,-1
16894,0.0,-1
16895,0.0,-1
16896,0.0,-1
16897,0.0,-1
16898,0.0,-1
16899,0.0,-1
16900,0.0,-1
16901,0.0,-1
16902,0.0,-1
16903,0.0,-1
16904,0.0,-1
16905,0.0,-1
16906,0.0,-1
16907,0.0,-1
16908,0.0,-1
16909,0.0,-1
16910,0.0,-1
16911,0.0,-1
16912,0.0,-1
16913,0.0,-1
16914,0.0,-1
16915,0.0,-1
16916,0.0,-1
16917,0.0,-1
16918,0.0,-1
16919,0.0,-1
16920,0.0,-1
16921,0.0,-1
16922,0.0,-1
16923,0.0,-1
16924,0.0,-1
16925,0.0,-1
16926,0.0,-1
16927,0.0,-1
16928,0.0,-1
16929,0.0,-1
16930,0.0,-1
16931,0.0,-1
16932,0.0,-1
16933,0.0,-1
16934,0.0,-1
16935,0.0,-1
16936,0.0,-1
16937,0.0,-1
16938,0.0,-1
16939,0.0,-1
16940,0.0,-1
16941,0.0,-1
16942,0.0,-1
16943,0.0,-1
16944,0.0,-1
16945,0.0,-1
16946,0.0,-1
16947,0.0,-1
16948,0.0,-1
16949,0.0,-1
16950,0.0,-1
16951,0.0,-1
16952,0.0,-1
16953,0.0,-1
16954,0.0,-1
16955,0.0,-1
16956,0.0,-1
16957,0.0,-1
16958,0.0,-1
16959,0.0,-1
16960,0.0,-1
16961,0.0,-1
16962,0.0,-1
16963,0.0,-1
16964,0.0,-1
16965,0.0,-1
16966,0.0,-1
16967,0.0,-1
16968,0.0,-1
16969,0.0,-1
16970,0.0,-1
16971,0.0,-1
16972,0.0,-1
16973,0.0,-1
16974,0.0,-1
16975,0.0,-1
16976,0.0,-1
16977,0.0,-1
16978,0.0,-1
16979,0.0,-1
16980,0.0,-1
16981,0.0,-1
16982,0.0,-1
16983,0.0,-1
16984,0.0,-1
16985,0.0,-1
16986,0.0,-1
16987,0.0,-1
16988,0.0,-1
16989,0.0,-1
16990,0.0,-1
16991,0.0,-1
16992,0.0,-1
16993,0.0,-1
16994,0.0,-1
16995,0.0,-1
16996,0.0,-1
16997,0.0,-1
16998,0.0,-1
16999,0.0,-1
17000,0.0,-1
17001,0.0,-1
17002,0.0,-1
17003,0.0,-1
17004,0.0,-1
17005,0.0,-1
17006,0.0,-1
17007,0.0,-1
17008,0.0,-1
17009,0.0,-1
17010,0.0,-1
17011,0.0,-1
17012,0.0,-1
17013,0.0,-1
17014,0.0,-1
17015,0.0,-1
17016,0.0,-1
17017,0.0,-1
17018,0.0,-1
17019,0.0,-1
17020,0.0,-1
17021,0.0,-1
17022,0.0,-1
17023,0.0,-1
17024,0.0,-1
17025,0.0,-1
17026,0.0,-1
17027,0.0,-1
17028,0.0,-1
17029,0.0,-1
17030,0.0,-1
17031,0.0,-1
17032,0.0,-1
17033,0.0,-1
17034,0.0,-1
17035,0.0,-1
17036,0.0,-1
17037,0.0,-1
17038,0.0,-1
17039,0.0,-1
17040,0.0,-1
17041,0.0,-1
17042,0.0,-1
17043,0.0,-1
17044,0.0,-1
17045,0.0,-1
17046,0.0,-1
17047,0.0,-1
17048,0.0,-1
17049,0.0,-1
17050,0.0,-1
17051,0.0,-1
17052,0.0,-1
17053,0.0,-1
17054,0.0,-1
17055,0.0,-1
17056,0.0,-1
17057,0.0,-1
17058,0.0,-1
17059,0.0,-1
17060,0.0,-1
17061,0.0,-1
17062,0.0,-1
17063,0.0,-1
17064,0.0,-1
17065,0.0,-1
17066,0.0,-1
17067,0.0,-1
17068,0.0,-1
17069,0.0,-1
17070,0.0,-1
17071,0.0,-1
17072,0.0,-1
17073,0.0,-1
17074,0.0,-1
17075,0.0,-1
17076,0.0,-1
17077,0.0,-1
17078,0.0,-1
17079,0.0,-1
17080,0.0,-1
17081,0.0,-1
17082,0.0,-1
17083,0.0,-1
17084,0.0,-1
17085,0.0,-1
17086,0.0,-1
17087,0.0,-1
17088,0.0,-1
17089,0.0,-1
17090,0.0,-1
17091,0.0,-1
17092,0.0,-1
17093,0.0,-1
17094,0.0,-1
17095,0.0,-1
17096,0.0,-1
17097,0.0,-1
17098,0.0,-1
17099,0.0,-1
17100,0.0,-1
17101,0.0,-1
17102,0.0,-1
17103,0.0,-1
17104,0.0,-1
17105,0.0,-1
17106,0.0,-1
17107,0.0,-1
17108,0.0,-1
17109,0.0,-1
17110,0.0,-1
17111,0.0,-1
17112,0.0,-1
17113,0.0,-1
17114,0.0,-1
17115,0.0,-1
17116,0.0,-1
17117,0.0,-1
17118,0.0,-1
17119,0.0,-1
17120,0.0,-1
17121,0.0,-1
17122,0.0,-1
17123,0.0,-1
17124,0.0,-1
17125,0.0,-1
17126,0.0,-1
17127,0.0,-1
17128,0.0,-1
17129,0.0,-1
17130,0.0,-1
17131,0.0,-1
17132,0.0,-1
17133,0.0,-1
17134,0.0,-1
17135,0.0,-1
17136,0.0,-1
17137,0.0,-1
17138,0.0,-1
17139,0.0,-1
17140,0.0,-1
17141,0.0,-1
17142,0.0,-1
17143,0.0,-1
17144,0.0,-1
17145,0.0,-1
17146,0.0,-1
17147,0.0,-1
17148,0.0,-1
17149,0.0,-1
17150,0.0,-1
17151,0.0,-1
17152,0.0,-1
17153,0.0,-1
17154,0.0,-1
17155,0.0,-1
17156,0.0,-1
17157,0.0,-1
17158,0.0,-1
17159,0.0,-1
17160,0.0,-1
17161,0.0,-1
17162,0.0,-1
17163,0.0,-1
17164,0.0,-1
17165,0.0,-1
17166,0.0,-1
17167,0.0,-1
17168,0.0,-1
17169,0.0,-1
17170,0.0,-1
17171,0.0,-1
17172,0.0,-1
17173,0.0,-1
17174,0.0,-1
17175,0.0,-1
17176,0.0,-1
17177,0.0,-1
17178,0.0,-1
17179,0.0,-1
17180,0.0,-1
17181,0.0,-1
17182,0.0,-1
17183,0.0,-1
17184,0.0,-1
17185,0.0,-1
17186,0.0,-1
17187,0.0,-1
17188,0.0,-1
17189,0.0,-1
17190,0.0,-1
17191,0.0,-1
17192,0.0,-1
17193,0.0,-1
17194,0.0,-1
17195,0.0,-1
17196,0.0,-1
17197,0.0,-1
17198,0.0,-1
17199,0.0,-1
17200,0.0,-1
17201,0.0,-1
17202,0.0,-1
17203,0.0,-1
17204,0.0,-1
17205,0.0,-1
17206,0.0,-1
17207,0.0,-1
17208,0.0,-1
17209,0.0,-1
17210,0.0,-1
17211,0.0,-1
17212,0.0,-1
17213,0.0,-1
17214,0.0,-1
17215,0.0,-1
17216,0.0,-1
17217,0.0,-1
17218,0.0,-1
17219,0.0,-1
17220,0.0,-1
17221,0.0,-1
17222,0.0,-1
17223,0.0,-1
17224,0.0,-1
17225,0.0,-1
17226,0.0,-1
17227,0.0,-1
17228,0.0,-1
17229,0.0,-1
17230,0.0,-1
17231,0.0,-1
17232,0.0,-1
17233,0.0,-1
17234,0.0,-1
17235,0.0,-1
17236,0.0,-1
17237,0.0,-1
17238,0.0,-1
17239,0.0,-1
17240,0.0,-1
17241,0.0,-1
17242,0.0,-1
17243,0.0,-1
17244,0.0,-1
17245,0.0,-1
17246,0.0,-1
17247,0.0,-1
17248,0.0,-1
17249,0.0,-1
17250,0.0,-1
17251,0.0,-1
17252,0.0,-1
17253,0.0,-1
17254,0.0,-1
17255,0.0,-1
17256,0.0,-1
17257,0.0,-1
17258,0.0,-1
17259,0.0,-1
17260,0.0,-1
17261,0.0,-1
17262,0.0,-1
17263,0.0,-1
17264,0.0,-1
17265,0.0,-1
17266,0.0,-1
17267,0.0,-1
17268,0.0,-1
17269,0.0,-1
17270,0.0,-1
17271,0.0,-1
17272,0.0,-1
17273,0.0,-1
17274,0.0,-1
17275,0.0,-1
17276,0.0,-1
17277,0.0,-1
17278,0.0,-1
17279,0.0,-1
17280,0.0,-1
17281,0.0,-1
17282,0.0,-1
17283,0.0,-1
17284,0.0,-1
17285,0.0,-1
17286,0.0,-1
17287,0.0,-1
17288,0.0,-1
17289,0.0,-1
17290,0.0,-1
17291,0.0,-1
17292,0.0,-1
17293,0.0,-1
17294,0.0,-1
17295,0.0,-1
17296,0.0,-1
17297,0.0,-1
17298,0.0,-1
17299,0.0,-1
17300,0.0,-1
17301,0.0,-1
17302,0.0,-1
17303,0.0,-1
17304,0.0,-1
17305,0.0,-1
17306,0.0,-1
17307,0.0,-1
17308,0.0,-1
17309,0.0,-1
17310,0.0,-1
17311,0.0,-1
17312,0.0,-1
17313,0.0,-1
17314,0.0,-1
17315,0.0,-1
17316,0.0,-1
17317,0.0,-1
17318,0.0,-1
17319,0.0,-1
17320,0.0,-1
17321,0.0,-1
17322,0.0,-1
17323,0.0,-1
17324,0.0,-1
17325,0.0,-1
17326,0.0,-1
17327,0.0,-1
17328,0.0,-1
17329,0.0,-1
17330,0.0,-1
17331,0.0,-1
17332,0.0,-1
17333,0.0,-1
17334,0.0,-1
17335,0.0,-1
17336,0.0,-1
17337,0.0,-1
17338,0.0,-1
17339,0.0,-1
17340,0.0,-1
17341,0.0,-1
17342,0.0,-1
17343,0.0,-1
17344,0.0,-1
17345,0.0,-1
17346,0.0,-1
17347,0.0,-1
17348,0.0,-1
17349,0.0,-1
17350,0.0,-1
17351,0.0,-1
17352,0.0,-1
17353,0.0,-1
17354,0.0,-1
17355,0.0,-1
17356,0.0,-1
17357,0.0,-1
17358,0.0,-1
17359,0.0,-1
17360,0.0,-1
17361,0.0,-1
17362,0.0,-1
17363,0.0,-1
17364,0.0,-1
17365,0.0,-1
17366,0.0,-1
17367,0.0,-1
17368,0.0,-1
17369,0.0,-1
17370,0.0,-1
17371,0.0,-1
17372,0.0,-1
17373,0.0,-1
17374,0.0,-1
17375,0.0,-1
17376,0.0,-1
17377,0.0,-1
17378,0.0,-1
17379,0.0,-1
17380,0.0,-1
17381,0.0,-1
17382,0.0,-1
17383,0.0,-1
17384,0.0,-1
17385,0.0,-1
17386,0.0,-1
17387,0.0,-1
17388,0.0,-1
17389,0.0,-1
17390,0.0,-1
17391,0.0,-1
17392,0.0,-1
17393,0.0,-1
17394,0.0,-1
17395,0.0,-1
17396,0.0,-1
17397,0.0,-1
17398,0.0,-1
17399,0.0,-1
17400,0.0,-1
17401,0.0,-1
17402,0.0,-1
17403,0.0,-1
17404,0.0,-1
17405,0.0,-1
17406,0.0,-1
17407,0.0,-1
17408,0.0,-1
17409,0.0,-1
17410,0.0,-1
17411,0.0,-1
17412,0.0,-1
17413,0.0,-1
17414,0.0,-1
17415,0.0,-1
17416,0.0,-1
17417,0.0,-1
17418,0.0,-1
17419,0.0,-1
17420,0.0,-1
17421,0.0,-1
17422,0.0,-1
17423,0.0,-1
17424,0.0,-1
17425,0.0,-1
17426,0.0,-1
17427,0.0,-1
17428,0.0,-1
17429,0.0,-1
17430,0.0,-1
17431,0.0,-1
17432,0.0,-1
17433,0.0,-1
17434,0.0,-1
17435,0.0,-1
17436,0.0,-1
17437,0.0,-1
17438,0.0,-1
17439,0.0,-1
17440,0.0,-1
17441,0.0,-1
17442,0.0,-1
17443,0.0,-1
17444,0.0,-1
17445,0.0,-1
17446,0.0,-1
17447,0.0,-1
17448,0.0,-1
17449,0.0,-1
17450,0.0,-1
17451,0.0,-1
17452,0.0,-1
17453,0.0,-1
17454,0.0,-1
17455,0.0,-1
17456,0.0,-1
17457,0.0,-1
17458,0.0,-1
17459,0.0,-1
17460,0.0,-1
17461,0.0,-1
17462,0.0,-1
17463,0.0,-1
17464,0.0,-1
17465,0.0,-1
17466,0.0,-1
17467,0.0,-1
17468,0.0,-1
17469,0.0,-1
17470,0.0,-1
17471,0.0,-1
17472,0.0,-1
17473,0.0,-1
17474,0.0,-1
17475,0.0,-1
17476,0.0,-1
17477,0.0,-1
17478,0.0,-1
17479,0.0,-1
17480,0.0,-1
17481,0.0,-1
17482,0.0,-1
17483,0.0,-1
17484,0.0,-1
17485,0.0,-1
17486,0.0,-1
17487,0.0,-1
17488,0.0,-1
17489,0.0,-1
17490,0.0,-1
17491,0.0,-1
17492,0.0,-1
17493,0.0,-1
17494,0.0,-1
17495,0.0,-1
17496,0.0,-1
17497,0.0,-1
17498,0.0,-1
17499,0.0,-1
17500,0.0,-1
17501,0.0,-1
17502,0.0,-1
17503,0.0,-1
17504,0.0,-1
17505,0.0,-1
17506,0.0,-1
17507,0.0,-1
17508,0.0,-1
17509,0.0,-1
17510,0.0,-1
17511,0.0,-1
17512,0.0,-1
17513,0.0,-1
17514,0.0,-1
17515,0.0,-1
17516,0.0,-1
17517,0.0,-1
17518,0.0,-1
17519,0.0,-1
17520,0.0,-1
17521,0.0,-1
17522,0.0,-1
17523,0.0,-1
17524,0.0,-1
17525,0.0,-1
17526,0.0,-1
17527,0.0,-1
17528,0.0,-1
17529,0.0,-1
17530,0.0,-1
17531,0.0,-1
17532,0.0,-1
17533,0.0,-1
17534,0.0,-1
17535,0.0,-1
17536,0.0,-1
17537,0.0,-1
17538,0.0,-1
17539,0.0,-1
17540,0.0,-1
17541,0.0,-1
17542,0.0,-1
17543,0.0,-1
17544,0.0,-1
17545,0.0,-1
17546,0.0,-1
17547,0.0,-1
17548,0.0,-1
17549,0.0,-1
17550,0.0,-1
17551,0.0,-1
17552,0.0,-1
17553,0.0,-1
17554,0.0,-1
17555,0.0,-1
17556,0.0,-1
17557,0.0,-1
17558,0.0,-1
17559,0.0,-1
17560,0.0,-1
17561,0.0,-1
17562,0.0,-1
17563,0.0,-1
17564,0.0,-1
17565,0.0,-1
17566,0.0,-1
17567,0.0,-1
17568,0.0,-1
17569,0.0,-1
17570,0.0,-1
17571,0.0,-1
17572,0.0,-1
17573,0.0,-1
17574,0.0,-1
17575,0.0,-1
17576,0.0,-1
17577,0.0,-1
17578,0.0,-1
17579,0.0,-1
17580,0.0,-1
17581,0.0,-1
17582,0.0,-1
17583,0.0,-1
17584,0.0,-1
17585,0.0,-1
17586,0.0,-1
17587,0.0,-1
17588,0.0,-1
17589,0.0,-1
17590,0.0,-1
17591,0.0,-1
17592,0.0,-1
17593,0.0,-1
17594,0.0,-1
17595,0.0,-1
17596,0.0,-1
17597,0.0,-1
17598,0.0,-1
17599,0.0,-1
17600,0.0,-1
17601,0.0,-1
17602,0.0,-1
17603,0.0,-1
17604,0.0,-1
17605,0.0,-1
17606,0.0,-1
17607,0.0,-1
17608,0.0,-1
17609,0.0,-1
17610,0.0,-1
17611,0.0,-1
17612,0.0,-1
17613,0.0,-1
17614,0.0,-1
17615,0.0,-1
17616,0.0,-1
17617,0.0,-1
17618,0.0,-1
17619,0.0,-1
17620,0.0,-1
17621,0.0,-1
17622,0.0,-1
17623,0.0,-1
17624,0.0,-1
17625,0.0,-1
17626,0.0,-1
17627,0.0,-1
17628,0.0,-1
17629,0.0,-1
17630,0.0,-1
17631,0.0,-1
17632,0.0,-1
17633,0.0,-1
17634,0.0,-1
17635,0.0,-1
17636,0.0,-1
17637,0.0,-1
17638,0.0,-1
17639,0.0,-1
17640,0.0,-1
17641,0.0,-1
17642,0.0,-1
17643,0.0,-1
17644,0.0,-1
17645,0.0,-1
17646,0.0,-1
17647,0.0,-1
17648,0.0,-1
17649,0.0,-1
17650,0.0,-1
17651,0.0,-1
17652,0.0,-1
17653,0.0,-1
17654,0.0,-1
17655,0.0,-1
17656,0.0,-1
17657,0.0,-1
17658,0.0,-1
17659,0.0,-1
17660,0.0,-1
17661,0.0,-1
17662,0.0,-1
17663,0.0,-1
17664,0.0,-1
17665,0.0,-1
17666,0.0,-1
17667,0.0,-1
17668,0.0,-1
17669,0.0,-1
17670,0.0,-1
17671,0.0,-1
17672,0.0,-1
17673,0.0,-1
17674,0.0,-1
17675,0.0,-1
17676,0.0,-1
17677,0.0,-1
17678,0.0,-1
17679,0.0,-1
17680,0.0,-1
17681,0.0,-1
17682,0.0,-1
17683,0.0,-1
17684,0.0,-1
17685,0.0,-1
17686,0.0,-1
17687,0.0,-1
17688,0.0,-1
17689,0.0,-1
17690,0.0,-1
17691,0.0,-1
17692,0.0,-1
17693,0.0,-1
17694,0.0,-1
17695,0.0,-1
17696,0.0,-1
17697,0.0,-1
17698,0.0,-1
17699,0.0,-1
17700,0.0,-1
17701,0.0,-1
17702,0.0,-1
17703,0.0,-1
17704,0.0,-1
17705,0.0,-1
17706,0.0,-1
17707,0.0,-1
17708,0.0,-1
17709,0.0,-1
17710,0.0,-1
17711,0.0,-1
17712,0.0,-1
17713,0.0,-1
17714,0.0,-1
17715,0.0,-1
17716,0.0,-1
17717,0.0,-1
17718,0.0,-1
17719,0.0,-1
17720,0.0,-1
17721,0.0,-1
17722,0.0,-1
17723,0.0,-1
17724,0.0,-1
17725,0.0,-1
17726,0.0,-1
17727,0.0,-1
17728,0.0,-1
17729,0.0,-1
17730,0.0,-1
17731,0.0,-1
17732,0.0,-1
17733,0.0,-1
17734,0.0,-1
17735,0.0,-1
17736,0.0,-1
17737,0.0,-1
17738,0.0,-1
17739,0.0,-1
17740,0.0,-1
17741,0.0,-1
17742,0.0,-1
17743,0.0,-1
17744,0.0,-1
17745,0.0,-1
17746,0.0,-1
17747,0.0,-1
17748,0.0,-1
17749,0.0,-1
17750,0.0,-1
17751,0.0,-1
17752,0.0,-1
17753,0.0,-1
17754,0.0,-1
17755,0.0,-1
17756,0.0,-1
17757,0.0,-1
17758,0.0,-1
17759,0.0,-1
17760,0.0,-1
17761,0.0,-1
17762,0.0,-1
17763,0.0,-1
17764,0.0,-1
17765,0.0,-1
17766,0.0,-1
17767,0.0,-1
17768,0.0,-1
17769,0.0,-1
17770,0.0,-1
17771,0.0,-1
17772,0.0,-1
17773,0.0,-1
17774,0.0,-1
17775,0.0,-1
17776,0.0,-1
17777,0.0,-1
17778,0.0,-1
17779,0.0,-1
17780,0.0,-1
17781,0.0,-1
17782,0.0,-1
17783,0.0,-1
17784,0.0,-1
17785,0.0,-1
17786,0.0,-1
17787,0.0,-1
17788,0.0,-1
17789,0.0,-1
17790,0.0,-1
17791,0.0,-1
17792,0.0,-1
17793,0.0,-1
17794,0.0,-1
17795,0.0,-1
17796,0.0,-1
17797,0.0,-1
17798,0.0,-1
17799,0.0,-1
17800,0.0,-1
17801,0.0,-1
17802,0.0,-1
17803,0.0,-1
17804,0.0,-1
17805,0.0,-1
17806,0.0,-1
17807,0.0,-1
17808,0.0,-1
17809,0.0,-1
17810,0.0,-1
17811,0.0,-1
17812,0.0,-1
17813,0.0,-1
17814,0.0,-1
17815,0.0,-1
17816,0.0,-1
17817,0.0,-1
17818,0.0,-1
17819,0.0,-1
17820,0.0,-1
17821,0.0,-1
17822,0.0,-1
17823,0.0,-1
17824,0.0,-1
17825,0.0,-1
17826,0.0,-1
17827,0.0,-1
17828,0.0,-1
17829,0.0,-1
17830,0.0,-1
17831,0.0,-1
17832,0.0,-1
17833,0.0,-1
17834,0.0,-1
17835,0.0,-1
17836,0.0,-1
17837,0.0,-1
17838,0.0,-1
17839,0.0,-1
17840,0.0,-1
17841,0.0,-1
17842,0.0,-1
17843,0.0,-1
17844,0.0,-1
17845,0.0,-1
17846,0.0,-1
17847,0.0,-1
17848,0.0,-1
17849,0.0,-1
17850,0.0,-1
17851,0.0,-1
17852,0.0,-1
17853,0.0,-1
17854,0.0,-1
17855,0.0,-1
17856,0.0,-1
17857,0.0,-1
17858,0.0,-1
17859,0.0,-1
17860,0.0,-1
17861,0.0,-1
17862,0.0,-1
17863,0.0,-1
17864,0.0,-1
17865,0.0,-1
17866,0.0,-1
17867,0.0,-1
17868,0.0,-1
17869,0.0,-1
17870,0.0,-1
17871,0.0,-1
17872,0.0,-1
17873,0.0,-1
17874,0.0,-1
17875,0.0,-1
17876,0.0,-1
17877,0.0,-1
17878,0.0,-1
17879,0.0,-1
17880,0.0,-1
17881,0.0,-1
17882,0.0,-1
17883,0.0,-1
17884,0.0,-1
17885,0.0,-1
17886,0.0,-1
17887,0.0,-1
17888,0.0,-1
17889,0.0,-1
17890,0.0,-1
17891,0.0,-1
17892,0.0,-1
17893,0.0,-1
17894,0.0,-1
17895,0.0,-1
17896,0.0,-1
17897,0.0,-1
17898,0.0,-1
17899,0.0,-1
17900,0.0,-1
17901,0.0,-1
17902,0.0,-1
17903,0.0,-1
17904,0.0,-1
17905,0.0,-1
17906,0.0,-1
17907,0.0,-1
17908,0.0,-1
17909,0.0,-1
17910,0.0,-1
17911,0.0,-1
17912,0.0,-1
17913,0.0,-1
17914,0.0,-1
17915,0.0,-1
17916,0.0,-1
17917,0.0,-1
17918,0.0,-1
17919,0.0,-1
17920,0.0,-1
17921,0.0,-1
17922,0.0,-1
17923,0.0,-1
17924,0.0,-1
17925,0.0,-1
17926,0.0,-1
17927,0.0,-1
17928,0.0,-1
17929,0.0,-1
17930,0.0,-1
17931,0.0,-1
17932,0.0,-1
17933,0.0,-1
17934,0.0,-1
17935,0.0,-1
17936,0.0,-1
17937,0.0,-1
17938,0.0,-1
17939,0.0,-1
17940,0.0,-1
17941,0.0,-1
17942,0.0,-1
17943,0.0,-1
17944,0.0,-1
17945,0.0,-1
17946,0.0,-1
17947,0.0,-1
17948,0.0,-1
17949,0.0,-1
17950,0.0,-1
17951,0.0,-1
17952,0.0,-1
17953,0.0,-1
17954,0.0,-1
17955,0.0,-1
17956,0.0,-1
17957,0.0,-1
17958,0.0,-1
17959,0.0,-1
17960,0.0,-1
17961,0.0,-1
17962,0.0,-1
17963,0.0,-1
17964,0.0,-1
17965,0.0,-1
17966,0.0,-1
17967,0.0,-1
17968,0.0,-1
17969,0.0,-1
17970,0.0,-1
17971,0.0,-1
17972,0.0,-1
17973,0.0,-1
17974,0.0,-1
17975,0.0,-1
17976,0.0,-1
17977,0.0,-1
17978,0.0,-1
17979,0.0,-1
17980,0.0,-1
17981,0.0,-1
17982,0.0,-1
17983,0.0,-1
17984,0.0,-1
17985,0.0,-1
17986,0.0,-1
17987,0.0,-1
17988,0.0,-1
17989,0.0,-1
17990,0.0,-1
17991,0.0,-1
17992,0.0,-1
17993,0.0,-1
17994,0.0,-1
17995,0.0,-1
17996,0.0,-1
17997,0.0,-1
17998,0.0,-1
17999,0.0,-1
18000,0.0,-1
18001,0.0,-1
18002,0.0,-1
18003,0.0,-1
18004,0.0,-1
18005,0.0,-1
18006,0.0,-1
18007,0.0,-1
18008,0.0,-1
18009,0.0,-1
18010,0.0,-1
18011,0.0,-1
18012,0.0,-1
18013,0.0,-1
18014,0.0,-1
18015,0.0,-1
18016,0.0,-1
18017,0.0,-1
18018,0.0,-1
18019,0.0,-1
18020,0.0,-1
18021,0.0,-1
18022,0.0,-1
18023,0.0,-1
18024,0.0,-1
18025,0.0,-1
18026,0.0,-1
18027,0.0,-1
18028,0.0,-1
18029,0.0,-1
18030,0.0,-1
18031,0.0,-1
18032,0.0,-1
18033,0.0,-1
18034,0.0,-1
18035,0.0,-1
18036,0.0,-1
18037,0.0,-1
18038,0.0,-1
18039,0.0,-1
18040,0.0,-1
18041,0.0,-1
18042,0.0,-1
18043,0.0,-1
18044,0.0,-1
18045,0.0,-1
18046,0.0,-1
18047,0.0,-1
18048,0.0,-1
18049,0.0,-1
18050,0.0,-1
18051,0.0,-1
18052,0.0,-1
18053,0.0,-1
18054,0.0,-1
18055,0.0,-1
18056,0.0,-1
18057,0.0,-1
18058,0.0,-1
18059,0.0,-1
18060,0.0,-1
18061,0.0,-1
18062,0.0,-1
18063,0.0,-1
18064,0.0,-1
18065,0.0,-1
18066,0.0,-1
18067,0.0,-1
18068,0.0,-1
18069,0.0,-1
18070,0.0,-1
18071,0.0,-1
18072,0.0,-1
18073,0.0,-1
18074,0.0,-1
18075,0.0,-1
18076,0.0,-1
18077,0.0,-1
18078,0.0,-1
18079,0.0,-1
18080,0.0,-1
18081,0.0,-1
18082,0.0,-1
18083,0.0,-1
18084,0.0,-1
18085,0.0,-1
18086,0.0,-1
18087,0.0,-1
18088,0.0,-1
18089,0.0,-1
18090,0.0,-1
18091,0.0,-1
18092,0.0,-1
18093,0.0,-1
18094,0.0,-1
18095,0.0,-1
18096,0.0,-1
18097,0.0,-1
18098,0.0,-1
18099,0.0,-1
18100,0.0,-1
18101,0.0,-1
18102,0.0,-1
18103,0.0,-1
18104,0.0,-1
18105,0.0,-1
18106,0.0,-1
18107,0.0,-1
18108,0.0,-1
18109,0.0,-1
18110,0.0,-1
18111,0.0,-1
18112,0.0,-1
18113,0.0,-1
18114,0.0,-1
18115,0.0,-1
18116,0.0,-1
18117,0.0,-1
18118,0.0,-1
18119,0.0,-1
18120,0.0,-1
18121,0.0,-1
18122,0.0,-1
18123,0.0,-1
18124,0.0,-1
18125,0.0,-1
18126,0.0,-1
18127,0.0,-1
18128,0.0,-1
18129,0.0,-1
18130,0.0,-1
18131,0.0,-1
18132,0.0,-1
18133,0.0,-1
18134,0.0,-1
18135,0.0,-1
18136,0.0,-1
18137,0.0,-1
18138,0.0,-1
18139,0.0,-1
18140,0.0,-1
18141,0.0,-1
18142,0.0,-1
18143,0.0,-1
18144,0.0,-1
18145,0.0,-1
18146,0.0,-1
18147,0.0,-1
18148,0.0,-1
18149,0.0,-1
18150,0.0,-1
18151,0.0,-1
18152,0.0,-1
18153,0.0,-1
18154,0.0,-1
18155,0.0,-1
18156,0.0,-1
18157,0.0,-1
18158,0.0,-1
18159,0.0,-1
18160,0.0,-1
18161,0.0,-1
18162,0.0,-1
18163,0.0,-1
18164,0.0,-1
18165,0.0,-1
18166,0.0,-1
18167,0.0,-1
18168,0.0,-1
18169,0.0,-1
18170,0.0,-1
18171,0.0,-1
18172,0.0,-1
18173,0.0,-1
18174,0.0,-1
18175,0.0,-1
18176,0.0,-1
18177,0.0,-1
18178,0.0,-1
18179,0.0,-1
18180,0.0,-1
18181,0.0,-1
18182,0.0,-1
18183,0.0,-1
18184,0.0,-1
18185,0.0,-1
18186,0.0,-1
18187,0.0,-1
18188,0.0,-1
18189,0.0,-1
18190,0.0,-1
18191,0.0,-1
18192,0.0,-1
18193,0.0,-1
18194,0.0,-1
18195,0.0,-1
18196,0.0,-1
18197,0.0,-1
18198,0.0,-1
18199,0.0,-1
18200,0.0,-1
18201,0.0,-1
18202,0.0,-1
18203,0.0,-1
18204,0.0,-1
18205,0.0,-1
18206,0.0,-1
18207,0.0,-1
18208,0.0,-1
18209,0.0,-1
18210,0.0,-1
18211,0.0,-1
18212,0.0,-1
18213,0.0,-1
18214,0.0,-1
18215,0.0,-1
18216,0.0,-1
18217,0.0,-1
18218,0.0,-1
18219,0.0,-1
18220,0.0,-1
18221,0.0,-1
18222,0.0,-1
18223,0.0,-1
18224,0.0,-1
18225,0.0,-1
18226,0.0,-1
18227,0.0,-1
18228,0.0,-1
18229,0.0,-1
18230,0.0,-1
18231,0.0,-1
18232,0.0,-1
18233,0.0,-1
18234,0.0,-1
18235,0.0,-1
18236,0.0,-1
18237,0.0,-1
18238,0.0,-1
18239,0.0,-1
18240,0.0,-1
18241,0.0,-1
18242,0.0,-1
18243,0.0,-1
18244,0.0,-1
18245,0.0,-1
18246,0.0,-1
18247,0.0,-1
18248,0.0,-1
18249,0.0,-1
18250,0.0,-1
18251,0.0,-1
18252,0.0,-1
18253,0.0,-1
18254,0.0,-1
18255,0.0,-1
18256,0.0,-1
18257,0.0,-1
18258,0.0,-1
18259,0.0,-1
18260,0.0,-1
18261,0.0,-1
18262,0.0,-1
18263,0.0,-1
18264,0.0,-1
18265,0.0,-1
18266,0.0,-1
18267,0.0,-1
18268,0.0,-1
18269,0.0,-1
18270,0.0,-1
18271,0.0,-1
18272,0.0,-1
18273,0.0,-1
18274,0.0,-1
18275,0.0,-1
18276,0.0,-1
18277,0.0,-1
18278,0.0,-1
18279,0.0,-1
18280,0.0,-1
18281,0.0,-1
18282,0.0,-1
18283,0.0,-1
18284,0.0,-1
18285,0.0,-1
18286,0.0,-1
18287,0.0,-1
18288,0.0,-1
18289,0.0,-1
18290,0.0,-1
18291,0.0,-1
18292,0.0,-1
18293,0.0,-1
18294,0.0,-1
18295,0.0,-1
18296,0.0,-1
18297,0.0,-1
18298,0.0,-1
18299,0.0,-1
18300,0.0,-1
18301,0.0,-1
18302,0.0,-1
18303,0.0,-1
18304,0.0,-1
18305,0.0,-1
18306,0.0,-1
18307,0.0,-1
18308,0.0,-1
18309,0.0,-1
18310,0.0,-1
18311,0.0,-1
18312,0.0,-1
18313,0.0,-1
18314,0.0,-1
18315,0.0,-1
18316,0.0,-1
18317,0.0,-1
18318,0.0,-1
18319,0.0,-1
18320,0.0,-1
18321,0.0,-1
18322,0.0,-1
18323,0.0,-1
18324,0.0,-1
18325,0.0,-1
18326,0.0,-1
18327,0.0,-1
18328,0.0,-1
18329,0.0,-1
18330,0.0,-1
18331,0.0,-1
18332,0.0,-1
18333,0.0,-1
18334,0.0,-1
18335,0.0,-1
18336,0.0,-1
18337,0.0,-1
18338,0.0,-1
18339,0.0,-1
18340,0.0,-1
18341,0.0,-1
18342,0.0,-1
18343,0.0,-1
18344,0.0,-1
18345,0.0,-1
18346,0.0,-1
18347,0.0,-1
18348,0.0,-1
18349,0.0,-1
18350,0.0,-1
18351,0.0,-1
18352,0.0,-1
18353,0.0,-1
18354,0.0,-1
18355,0.0,-1
18356,0.0,-1
18357,0.0,-1
18358,0.0,-1
18359,0.0,-1
18360,12.896502408881139,4
18361,5.065511871139541,4
18362,3.335278657708982,4
18363,2.1300960194800673,4
18364,3.3134360278230464,4
18365,2.473584638869825,4
18366,2.595265818158504,4
18367,2.4030052725133193,4
18368,16.683354114709033,4
18369,5.607149786788684,4
18370,3.5908418569809686,4
18371,2.2136809873874963,4
18372,3.6549491881942684,4
18373,2.6417685625068974,4
18374,2.733144679972766,4
18375,2.5392776870656624,4
18376,17.66000206222832,4
18377,5.7998464416016695,4
18378,3.7502694589480523,4
18379,2.24359184573695,4
18380,3.720327817524793,4
18381,2.643714614359855,4
18382,2.758073111268922,4
18383,2.565757386547857,4
18384,14.67534953271828,4
18385,5.553202256785426,4
18386,3.5659827962070887,4
18387,2.196771648767143,4
18388,3.445539892288743,4
18389,2.5631893889484387,4
18390,2.643852996477873,4
18391,2.4770153641297408,4
18392,13.57018629549389,4
18393,5.077165135346407,4
18394,3.4327731385781517,4
18395,2.166712947294485,4
18396,3.3337116450091826,4
18397,2.5209448294050283,4
18398,2.5883525966039738,4
18399,2.4316702937109067,4
18400,16.96095602367597,4
18401,5.680258905620129,4
18402,3.736526103473254,4
18403,2.2580645558718757,4
18404,3.633253172252323,4
18405,2.656534870314349,4
18406,2.7586119021309963,4
18407,2.5619939353982577,4
18408,15.575202809550927,4
18409,5.518812680188204,4
18410,3.5657738945974247,4
18411,2.198234595186258,4
18412,3.550699651794817,4
18413,2.587891516872492,4
18414,2.6667648742562178,4
18415,2.484500314950006,4
18416,22.92079139965426,4
18417,6.97195346194423,4
18418,4.084454453202016,4
18419,2.3234013614051627,4
18420,4.083658587298319,4
18421,2.8400583175467746,4
18422,2.950976383356222,4
18423,2.6969557913164217,4
18424,23.62544923478221,4
18425,6.655075484454416,4
18426,4.053652281841866,4
18427,2.278127730574501,4
18428,3.9390161754753836,4
18429,2.8107521116686636,4
18430,2.926899831379364,4
18431,2.65694511436246,4
18432,14.00963776369768,4
18433,5.338484316577221,4
18434,3.4191395295454936,4
18435,2.1812792555528118,4
18436,3.3382847960832307,4
18437,2.5343032170006907,4
18438,2.6339749508616963,4
18439,2.4426658142057502,4
18440,16.33984559182666,4
18441,5.944190721348142,4
18442,3.593209083400078,4
18443,2.2063977741286864,4
18444,3.5568789064907267,4
18445,2.617944227156974,4
18446,2.698181407832726,4
18447,2.5240085162610866,4
18448,9.62961033299374,4
18449,4.269504128019564,4
18450,3.000973679879336,4
18451,2.056046993511454,4
18452,2.9417080444826516,4
18453,2.330388901659499,4
18454,2.3944766684326617,4
18455,2.25576562667297,4
18456,12.503190543921011,4
18457,4.902400155863029,4
18458,3.312266451627532,4
18459,2.1434869724518606,4
18460,3.255034464029504,4
18461,2.4885186047255026,4
18462,2.538335118322475,4
18463,2.4112546501177623,4
18464,14.499924604225768,4
18465,5.175547552342313,4
18466,3.396416947904958,4
18467,2.1672925439631596,4
18468,3.353186648305928,4
18469,2.527555841165377,4
18470,2.6568024096099303,4
18471,2.4466185586478186,4
18472,16.72486399110759,4
18473,5.545598610242121,4
18474,3.5833425484627903,4
18475,2.2050777315321706,4
18476,3.52840512752299,4
18477,2.6029122214773794,4
18478,2.705633797504429,4
18479,2.5043928658240477,4
18480,24.214863891443745,4
18481,6.9740720844547175,4
18482,4.16424349570347,4
18483,2.3071249697326617,4
18484,4.126154775972986,4
18485,2.812614021593844,4
18486,2.970886776257803,4
18487,2.6910540237008567,4
18488,13.039957329127695,4
18489,4.954478391485976,4
18490,3.3215494426224224,4
18491,2.1449255340743822,4
18492,3.2342546484200234,4
18493,2.484530650642642,4
18494,2.564006201280416,4
18495,2.4064197741892053,4
18496,39.510163918548315,4
18497,8.803758788155058,4
18498,4.985465021729271,4
18499,2.4481435082487963,4
18500,5.045385961306196,4
18501,3.212309760801759,4
18502,3.450109653205387,4
18503,2.9859691381051574,4
18504,16.099969302659744,4
18505,5.531480777858806,4
18506,3.5478996744138342,4
18507,2.1908403951709956,4
18508,3.497422756422941,4
18509,2.5911013933822042,4
18510,2.674042079795171,4
18511,2.4810746950633678,4
18512,24.824515679560886,4
18513,7.344764711855514,4
18514,4.217144344635889,4
18515,2.360280398315037,4
18516,4.2030793343078185,4
18517,2.8954438386165102,4
18518,3.0096021641427537,4
18519,2.742452401808661,4
18520,30.011225922814585,4
18521,8.115998541906901,4
18522,4.539887498664344,4
18523,2.329184471081703,4
18524,4.462262358026168,4
18525,3.0018492124380622,4
18526,3.099395285846244,4
18527,2.8288188003186754,4
18528,33.51709122475422,4
18529,8.134641267794905,4
18530,4.54173247767776,4
18531,2.3902035304673075,4
18532,4.498539569499639,4
18533,2.9964246136328465,4
18534,3.139527098511067,4
18535,2.84986820082803,4
18536,17.341549739236292,4
18537,5.608832877812657,4
18538,3.5823917580036593,4
18539,2.222012491079943,4
18540,3.598513133080883,4
18541,2.6190882018158645,4
18542,2.7656808462930753,4
18543,2.52739534203625,4
18544,13.068735265376205,4
18545,4.935049384462373,4
18546,3.2974419010661804,4
18547,2.151203938709753,4
18548,3.2830420823491204,4
18549,2.4967409695172575,4
18550,2.575220626831611,4
18551,2.4012023559648874,4
18552,23.082799461148962,4
18553,6.678692218122158,4
18554,4.112990812558309,4
18555,2.3075789313319173,4
18556,4.131082394890083,4
18557,2.8138352808795872,4
18558,2.948964344150458,4
18559,2.6878467745390355,4
18560,17.36358801735027,4
18561,5.717491987099226,4
18562,3.7506739628383934,4
18563,2.2136809873874963,4
18564,3.5833070644435225,4
18565,2.6467706252464063,4
18566,2.7264893519064333,4
18567,2.530867243322392,4
18568,12.457398548094837,4
18569,5.068776082473515,4
18570,3.343300673905735,4
18571,2.1514923045596843,4
18572,3.2757976565293694,4
18573,2.5028257105214617,4
18574,2.6018184314214237,4
18575,2.416643129790978,4
18576,17.030989605804766,4
18577,5.705864173898033,4
18578,3.7379681273656686,4
18579,2.2294789268336,4
18580,3.6638574735634526,4
18581,2.6272863843644743,4
18582,2.7582221310912884,4
18583,2.5605537443149435,4
18584,11.789565745885708,4
18585,4.581225174676257,4
18586,3.1379499870629335,4
18587,2.1068721532371812,4
18588,3.1322018948054087,4
18589,2.425391637527333,4
18590,2.4827419723423167,4
18591,2.3456536493952105,4
18592,12.332677520694444,4
18593,4.904677938802577,4
18594,3.3144900331379707,4
18595,2.1366498486832857,4
18596,3.2245031675101288,4
18597,2.4618933483726755,4
18598,2.55526606443226,4
18599,2.372690150897695,4
18600,31.29922133182133,4
18601,7.953076736998119,4
18602,4.705796011586783,4
18603,2.405486219933703,4
18604,4.513667837374434,4
18605,3.011036375186614,4
18606,3.2206402362095092,4
18607,2.8410570015544963,4
18608,12.623249213381508,4
18609,5.017521949222517,4
18610,3.396671861179295,4
18611,2.1593916241625117,4
18612,3.284543067609793,4
18613,2.5038373820150173,4
18614,2.582829742840144,4
18615,2.4215585157144424,4
18616,22.718219649841735,4
18617,6.720199984145802,4
18618,3.924248202141978,4
18619,2.203506747885702,4
18620,3.8309064282977157,4
18621,2.683533770036686,4
18622,2.918812018448489,4
18623,2.589518977542792,4
18624,19.82522037285525,4
18625,6.13030814144435,4
18626,3.903448970117507,4
18627,2.2598538329915776,4
18628,3.861714584395923,4
18629,2.720833677049905,4
18630,2.844706774154364,4
18631,2.5998399047306,4
18632,14.506308399701007,4
18633,5.211535659838431,4
18634,3.4004417546913785,4
18635,2.1675823820771583,4
18636,3.3641548132536268,4
18637,2.511774491274744,4
18638,2.600357561237673,4
18639,2.4491425602519703,4
18640,48.59793922474459,4
18641,9.405492066543191,4
18642,5.232249703759424,4
18643,2.4942316753251843,4
18644,5.307157984954484,4
18645,3.25492100310074,4
18646,3.469684842359285,4
18647,3.0756560769231047,4
18648,16.89904357171604,4
18649,5.852628141427773,4
18650,3.708077041856974,4
18651,2.24359184573695,4
18652,3.7015759382738813,4
18653,2.664445412544977,4
18654,2.7482851700149586,4
18655,2.545422677637165,4
18656,20.84335815145514,4
18657,6.355531813506596,4
18658,3.9701248867609804,4
18659,2.285423555073741,4
18660,3.9760772234657336,4
18661,2.7825170936156183,4
18662,2.8843117165598886,4
18663,2.633346098542041,4
18664,27.363614766447668,4
18665,7.414249459758266,4
18666,4.243609866922216,4
18667,2.3400634795604462,4
18668,4.320935292189794,4
18669,2.8907732577790393,4
18670,2.9948069429436575,4
18671,2.744950199232681,4
18672,17.734879416182128,4
18673,5.8871424613861745,4
18674,3.718282593446791,4
18675,2.2288879504076573,4
18676,3.6106043457315735,4
18677,2.6623056174000714,4
18678,2.768036020848861,4
18679,2.569851460283763,4
18680,18.62968267047024,4
18681,5.9327623596375965,4
18682,3.7416117326353207,4
18683,2.2053710273588214,4
18684,3.6264142487977353,4
18685,2.6408597709880244,4
18686,2.7577069073278278,4
18687,2.520463171064957,4
18688,11.927528797394958,4
18689,4.780596205907859,4
18690,3.1858330378534263,4
18691,2.1218593570788493,4
18692,3.1684300144678863,4
18693,2.4325942446788766,4
18694,2.5354548580080793,4
18695,2.3517815100975983,4
18696,30.98891021019786,4
18697,8.331999101408975,4
18698,4.733797489738394,4
18699,2.407356458681369,4
18700,4.700670757704415,4
18701,3.0696348811216354,4
18702,3.217165758968571,4
18703,2.9127158007791136,4
18704,12.889017893491646,4
18705,4.910660583699673,4
18706,3.2668783993324055,4
18707,2.1517806967978994,4
18708,3.2644661805794697,4
18709,2.4798235513639657,4
18710,2.572604364256294,4
18711,2.3999576681711856,4
18712,12.50180300720627,4
18713,4.958720879056268,4
18714,3.318729400604788,4
18715,2.1520691154268126,4
18716,3.370138690291391,4
18717,2.5034668251872225,4
18718,2.5649301597650522,4
18719,2.406185665475774,4
18720,19.19516265208823,4
18721,6.116882616743119,4
18722,3.77773313476606,4
18723,2.24463083542705,4
18724,3.7674263139723574,4
18725,2.6955938828607966,4
18726,2.8313377613588315,4
18727,2.584076331979155,4
18728,22.686662464680925,4
18729,6.686729743626277,4
18730,3.9642026033143654,4
18731,2.2933572035236662,4
18732,4.084859009677304,4
18733,2.7981788168218,4
18734,2.921178628220367,4
18735,2.686666588545783,4
18736,17.02888620404959,4
18737,5.976424296871994,4
18738,3.7790752544668478,4
18739,2.2734815395155183,4
18740,3.706491521598843,4
18741,2.6850709876448335,4
18742,2.7946092392670847,4
18743,2.5942436561011397,4
18744,16.590556267642143,4
18745,5.524240823210108,4
18746,3.5956754062124414,4
18747,2.2133869311881536,4
18748,3.543636926882907,4
18749,2.6076058778108187,4
18750,2.670983784705601,4
18751,2.511695391587899,4
18752,64.30278039067196,4
18753,13.596848844283402,4
18754,6.258241931348527,4
18755,2.579553098590531,4
18756,6.458859722637077,4
18757,3.505175616852781,4
18758,3.8620496985315373,4
18759,3.339250269818507,4
18760,13.132116968850893,4
18761,4.902670213233786,4
18762,3.333825665014435,4
18763,2.1447816482921387,4
18764,3.3026055723360983,4
18765,2.491392757459701,4
18766,2.5734764254174998,4
18767,2.405952246792118,4
18768,0.0,-1
18769,0.0,-1
18770,0.0,-1
18771,0.0,-1
18772,0.0,-1
18773,0.0,-1
18774,0.0,-1
18775,0.0,-1
18776,0.0,-1
18777,0.0,-1
18778,0.0,-1
18779,0.0,-1
18780,0.0,-1
18781,0.0,-1
18782,0.0,-1
18783,0.0,-1
18784,0.0,-1
18785,0.0,-1
18786,0.0,-1
18787,0.0,-1
18788,0.0,-1
18789,0.0,-1
18790,0.0,-1
18791,0.0,-1
18792,0.0,-1
18793,0.0,-1
18794,0.0,-1
18795,0.0,-1
18796,0.0,-1
18797,0.0,-1
18798,0.0,-1
18799,0.0,-1
18800,0.0,-1
18801,0.0,-1
18802,0.0,-1
18803,0.0,-1
18804,0.0,-1
18805,0.0,-1
18806,0.0,-1
18807,0.0,-1
18808,0.0,-1
18809,0.0,-1
18810,0.0,-1
18811,0.0,-1
18812,0.0,-1
18813,0.0,-1
18814,0.0,-1
18815,0.0,-1
18816,0.0,-1
18817,0.0,-1
18818,0.0,-1
18819,0.0,-1
18820,0.0,-1
18821,0.0,-1
18822,0.0,-1
18823,0.0,-1
18824,0.0,-1
18825,0.0,-1
18826,0.0,-1
18827,0.0,-1
18828,0.0,-1
18829,0.0,-1
18830,0.0,-1
18831,0.0,-1
18832,0.0,-1
18833,0.0,-1
18834,0.0,-1
18835,0.0,-1
18836,0.0,-1
18837,0.0,-1
18838,0.0,-1
18839,0.0,-1
18840,0.0,-1
18841,0.0,-1
18842,0.0,-1
18843,0.0,-1
18844,0.0,-1
18845,0.0,-1
18846,0.0,-1
18847,0.0,-1
18848,0.0,-1
18849,0.0,-1
18850,0.0,-1
18851,0.0,-1
18852,0.0,-1
18853,0.0,-1
18854,0.0,-1
18855,0.0,-1
18856,0.0,-1
18857,0.0,-1
18858,0.0,-1
18859,0.0,-1
18860,0.0,-1
18861,0.0,-1
18862,0.0,-1
18863,0.0,-1
18864,0.0,-1
18865,0.0,-1
18866,0.0,-1
18867,0.0,-1
18868,0.0,-1
18869,0.0,-1
18870,0.0,-1
18871,0.0,-1
18872,0.0,-1
18873,0.0,-1
18874,0.0,-1
18875,0.0,-1
18876,0.0,-1
18877,0.0,-1
18878,0.0,-1
18879,0.0,-1
18880,0.0,-1
18881,0.0,-1
18882,0.0,-1
18883,0.0,-1
18884,0.0,-1
18885,0.0,-1
18886,0.0,-1
18887,0.0,-1
18888,0.0,-1
18889,0.0,-1
18890,0.0,-1
18891,0.0,-1
18892,0.0,-1
18893,0.0,-1
18894,0.0,-1
18895,0.0,-1
18896,0.0,-1
18897,0.0,-1
18898,0.0,-1
18899,0.0,-1
18900,0.0,-1
18901,0.0,-1
18902,0.0,-1
18903,0.0,-1
18904,0.0,-1
18905,0.0,-1
18906,0.0,-1
18907,0.0,-1
18908,0.0,-1
18909,0.0,-1
18910,0.0,-1
18911,0.0,-1
18912,0.0,-1
18913,0.0,-1
18914,0.0,-1
18915,0.0,-1
18916,0.0,-1
18917,0.0,-1
18918,0.0,-1
18919,0.0,-1
18920,0.0,-1
18921,0.0,-1
18922,0.0,-1
18923,0.0,-1
18924,0.0,-1
18925,0.0,-1
18926,0.0,-1
18927,0.0,-1
18928,0.0,-1
18929,0.0,-1
18930,0.0,-1
18931,0.0,-1
18932,0.0,-1
18933,0.0,-1
18934,0.0,-1
18935,0.0,-1
18936,0.0,-1
18937,0.0,-1
18938,0.0,-1
18939,0.0,-1
18940,0.0,-1
18941,0.0,-1
18942,0.0,-1
18943,0.0,-1
18944,0.0,-1
18945,0.0,-1
18946,0.0,-1
18947,0.0,-1
18948,0.0,-1
18949,0.0,-1
18950,0.0,-1
18951,0.0,-1
18952,0.0,-1
18953,0.0,-1
18954,0.0,-1
18955,0.0,-1
18956,0.0,-1
18957,0.0,-1
18958,0.0,-1
18959,0.0,-1
18960,0.0,-1
18961,0.0,-1
18962,0.0,-1
18963,0.0,-1
18964,0.0,-1
18965,0.0,-1
18966,0.0,-1
18967,0.0,-1
18968,0.0,-1
18969,0.0,-1
18970,0.0,-1
18971,0.0,-1
18972,0.0,-1
18973,0.0,-1
18974,0.0,-1
18975,0.0,-1
18976,0.0,-1
18977,0.0,-1
18978,0.0,-1
18979,0.0,-1
18980,0.0,-1
18981,0.0,-1
18982,0.0,-1
18983,0.0,-1
18984,0.0,-1
18985,0.0,-1
18986,0.0,-1
18987,0.0,-1
18988,0.0,-1
18989,0.0,-1
18990,0.0,-1
18991,0.0,-1
18992,0.0,-1
18993,0.0,-1
18994,0.0,-1
18995,0.0,-1
18996,0.0,-1
18997,0.0,-1
18998,0.0,-1
18999,0.0,-1
19000,0.0,-1
19001,0.0,-1
19002,0.0,-1
19003,0.0,-1
19004,0.0,-1
19005,0.0,-1
19006,0.0,-1
19007,0.0,-1
19008,0.0,-1
19009,0.0,-1
19010,0.0,-1
19011,0.0,-1
19012,0.0,-1
19013,0.0,-1
19014,0.0,-1
19015,0.0,-1
19016,0.0,-1
19017,0.0,-1
19018,0.0,-1
19019,0.0,-1
19020,0.0,-1
19021,0.0,-1
19022,0.0,-1
19023,0.0,-1
19024,0.0,-1
19025,0.0,-1
19026,0.0,-1
19027,0.0,-1
19028,0.0,-1
19029,0.0,-1
19030,0.0,-1
19031,0.0,-1
19032,0.0,-1
19033,0.0,-1
19034,0.0,-1
19035,0.0,-1
19036,0.0,-1
19037,0.0,-1
19038,0.0,-1
19039,0.0,-1
19040,0.0,-1
19041,0.0,-1
19042,0.0,-1
19043,0.0,-1
19044,0.0,-1
19045,0.0,-1
19046,0.0,-1
19047,0.0,-1
19048,0.0,-1
19049,0.0,-1
19050,0.0,-1
19051,0.0,-1
19052,0.0,-1
19053,0.0,-1
19054,0.0,-1
19055,0.0,-1
19056,0.0,-1
19057,0.0,-1
19058,0.0,-1
19059,0.0,-1
19060,0.0,-1
19061,0.0,-1
19062,0.0,-1
19063,0.0,-1
19064,0.0,-1
19065,0.0,-1
19066,0.0,-1
19067,0.0,-1
19068,0.0,-1
19069,0.0,-1
19070,0.0,-1
19071,0.0,-1
19072,0.0,-1
19073,0.0,-1
19074,0.0,-1
19075,0.0,-1
19076,0.0,-1
19077,0.0,-1
19078,0.0,-1
19079,0.0,-1
19080,0.0,-1
19081,0.0,-1
19082,0.0,-1
19083,0.0,-1
19084,0.0,-1
19085,0.0,-1
19086,0.0,-1
19087,0.0,-1
19088,0.0,-1
19089,0.0,-1
19090,0.0,-1
19091,0.0,-1
19092,0.0,-1
19093,0.0,-1
19094,0.0,-1
19095,0.0,-1
19096,0.0,-1
19097,0.0,-1
19098,0.0,-1
19099,0.0,-1
19100,0.0,-1
19101,0.0,-1
19102,0.0,-1
19103,0.0,-1
19104,0.0,-1
19105,0.0,-1
19106,0.0,-1
19107,0.0,-1
19108,0.0,-1
19109,0.0,-1
19110,0.0,-1
19111,0.0,-1
19112,0.0,-1
19113,0.0,-1
19114,0.0,-1
19115,0.0,-1
19116,0.0,-1
19117,0.0,-1
19118,0.0,-1
19119,0.0,-1
19120,0.0,-1
19121,0.0,-1
19122,0.0,-1
19123,0.0,-1
19124,0.0,-1
19125,0.0,-1
19126,0.0,-1
19127,0.0,-1
19128,0.0,-1
19129,0.0,-1
19130,0.0,-1
19131,0.0,-1
19132,0.0,-1
19133,0.0,-1
19134,0.0,-1
19135,0.0,-1
19136,0.0,-1
19137,0.0,-1
19138,0.0,-1
19139,0.0,-1
19140,0.0,-1
19141,0.0,-1
19142,0.0,-1
19143,0.0,-1
19144,0.0,-1
19145,0.0,-1
19146,0.0,-1
19147,0.0,-1
19148,0.0,-1
19149,0.0,-1
19150,0.0,-1
19151,0.0,-1
19152,0.0,-1
19153,0.0,-1
19154,0.0,-1
19155,0.0,-1
19156,0.0,-1
19157,0.0,-1
19158,0.0,-1
19159,0.0,-1
19160,0.0,-1
19161,0.0,-1
19162,0.0,-1
19163,0.0,-1
19164,0.0,-1
19165,0.0,-1
19166,0.0,-1
19167,0.0,-1
19168,0.0,-1
19169,0.0,-1
19170,0.0,-1
19171,0.0,-1
19172,0.0,-1
19173,0.0,-1
19174,0.0,-1
19175,0.0,-1
19176,0.0,-1
19177,0.0,-1
19178,0.0,-1
19179,0.0,-1
19180,0.0,-1
19181,0.0,-1
19182,0.0,-1
19183,0.0,-1
19184,0.0,-1
19185,0.0,-1
19186,0.0,-1
19187,0.0,-1
19188,0.0,-1
19189,0.0,-1
19190,0.0,-1
19191,0.0,-1
19192,0.0,-1
19193,0.0,-1
19194,0.0,-1
19195,0.0,-1
19196,0.0,-1
19197,0.0,-1
19198,0.0,-1
19199,0.0,-1
19200,0.0,-1
19201,0.0,-1
19202,0.0,-1
19203,0.0,-1
19204,0.0,-1
19205,0.0,-1
19206,0.0,-1
19207,0.0,-1
19208,0.0,-1
19209,0.0,-1
19210,0.0,-1
19211,0.0,-1
19212,0.0,-1
19213,0.0,-1
19214,0.0,-1
19215,0.0,-1
19216,0.0,-1
19217,0.0,-1
19218,0.0,-1
19219,0.0,-1
19220,0.0,-1
19221,0.0,-1
19222,0.0,-1
19223,0.0,-1
19224,0.0,-1
19225,0.0,-1
19226,0.0,-1
19227,0.0,-1
19228,0.0,-1
19229,0.0,-1
19230,0.0,-1
19231,0.0,-1
19232,0.0,-1
19233,0.0,-1
19234,0.0,-1
19235,0.0,-1
19236,0.0,-1
19237,0.0,-1
19238,0.0,-1
19239,0.0,-1
19240,0.0,-1
19241,0.0,-1
19242,0.0,-1
19243,0.0,-1
19244,0.0,-1
19245,0.0,-1
19246,0.0,-1
19247,0.0,-1
19248,0.0,-1
19249,0.0,-1
19250,0.0,-1
19251,0.0,-1
19252,0.0,-1
19253,0.0,-1
19254,0.0,-1
19255,0.0,-1
19256,0.0,-1
19257,0.0,-1
19258,0.0,-1
19259,0.0,-1
19260,0.0,-1
19261,0.0,-1
19262,0.0,-1
19263,0.0,-1
19264,0.0,-1
19265,0.0,-1
19266,0.0,-1
19267,0.0,-1
19268,0.0,-1
19269,0.0,-1
19270,0.0,-1
19271,0.0,-1
19272,0.0,-1
19273,0.0,-1
19274,0.0,-1
19275,0.0,-1
19276,0.0,-1
19277,0.0,-1
19278,0.0,-1
19279,0.0,-1
19280,0.0,-1
19281,0.0,-1
19282,0.0,-1
19283,0.0,-1
19284,0.0,-1
19285,0.0,-1
19286,0.0,-1
19287,0.0,-1
19288,0.0,-1
19289,0.0,-1
19290,0.0,-1
19291,0.0,-1
19292,0.0,-1
19293,0.0,-1
19294,0.0,-1
19295,0.0,-1
19296,0.0,-1
19297,0.0,-1
19298,0.0,-1
19299,0.0,-1
19300,0.0,-1
19301,0.0,-1
19302,0.0,-1
19303,0.0,-1
19304,0.0,-1
19305,0.0,-1
19306,0.0,-1
19307,0.0,-1
19308,0.0,-1
19309,0.0,-1
19310,0.0,-1
19311,0.0,-1
19312,0.0,-1
19313,0.0,-1
19314,0.0,-1
19315,0.0,-1
19316,0.0,-1
19317,0.0,-1
19318,0.0,-1
19319,0.0,-1
19320,0.0,-1
19321,0.0,-1
19322,0.0,-1
19323,0.0,-1
19324,0.0,-1
19325,0.0,-1
19326,0.0,-1
19327,0.0,-1
19328,0.0,-1
19329,0.0,-1
19330,0.0,-1
19331,0.0,-1
19332,0.0,-1
19333,0.0,-1
19334,0.0,-1
19335,0.0,-1
19336,0.0,-1
19337,0.0,-1
19338,0.0,-1
19339,0.0,-1
19340,0.0,-1
19341,0.0,-1
19342,0.0,-1
19343,0.0,-1
19344,0.0,-1
19345,0.0,-1
19346,0.0,-1
19347,0.0,-1
19348,0.0,-1
19349,0.0,-1
19350,0.0,-1
19351,0.0,-1
19352,0.0,-1
19353,0.0,-1
19354,0.0,-1
19355,0.0,-1
19356,0.0,-1
19357,0.0,-1
19358,0.0,-1
19359,0.0,-1
19360,0.0,-1
19361,0.0,-1
19362,0.0,-1
19363,0.0,-1
19364,0.0,-1
19365,0.0,-1
19366,0.0,-1
19367,0.0,-1
19368,0.0,-1
19369,0.0,-1
19370,0.0,-1
19371,0.0,-1
19372,0.0,-1
19373,0.0,-1
19374,0.0,-1
19375,0.0,-1
19376,0.0,-1
19377,0.0,-1
19378,0.0,-1
19379,0.0,-1
19380,0.0,-1
19381,0.0,-1
19382,0.0,-1
19383,0.0,-1
19384,0.0,-1
19385,0.0,-1
19386,0.0,-1
19387,0.0,-1
19388,0.0,-1
19389,0.0,-1
19390,0.0,-1
19391,0.0,-1
19392,0.0,-1
19393,0.0,-1
19394,0.0,-1
19395,0.0,-1
19396,0.0,-1
19397,0.0,-1
19398,0.0,-1
19399,0.0,-1
19400,0.0,-1
19401,0.0,-1
19402,0.0,-1
19403,0.0,-1
19404,0.0,-1
19405,0.0,-1
19406,0.0,-1
19407,0.0,-1
19408,0.0,-1
19409,0.0,-1
19410,0.0,-1
19411,0.0,-1
19412,0.0,-1
19413,0.0,-1
19414,0.0,-1
19415,0.0,-1
19416,0.0,-1
19417,0.0,-1
19418,0.0,-1
19419,0.0,-1
19420,0.0,-1
19421,0.0,-1
19422,0.0,-1
19423,0.0,-1
19424,0.0,-1
19425,0.0,-1
19426,0.0,-1
19427,0.0,-1
19428,0.0,-1
19429,0.0,-1
19430,0.0,-1
19431,0.0,-1
19432,0.0,-1
19433,0.0,-1
19434,0.0,-1
19435,0.0,-1
19436,0.0,-1
19437,0.0,-1
19438,0.0,-1
19439,0.0,-1
19440,0.0,-1
19441,0.0,-1
19442,0.0,-1
19443,0.0,-1
19444,0.0,-1
19445,0.0,-1
19446,0.0,-1
19447,0.0,-1
19448,0.0,-1
19449,0.0,-1
19450,0.0,-1
19451,0.0,-1
19452,0.0,-1
19453,0.0,-1
19454,0.0,-1
19455,0.0,-1
19456,0.0,-1
19457,0.0,-1
19458,0.0,-1
19459,0.0,-1
19460,0.0,-1
19461,0.0,-1
19462,0.0,-1
19463,0.0,-1
19464,0.0,-1
19465,0.0,-1
19466,0.0,-1
19467,0.0,-1
19468,0.0,-1
19469,0.0,-1
19470,0.0,-1
19471,0.0,-1
19472,0.0,-1
19473,0.0,-1
19474,0.0,-1
19475,0.0,-1
19476,0.0,-1
19477,0.0,-1
19478,0.0,-1
19479,0.0,-1
19480,0.0,-1
19481,0.0,-1
19482,0.0,-1
19483,0.0,-1
19484,0.0,-1
19485,0.0,-1
19486,0.0,-1
19487,0.0,-1
19488,0.0,-1
19489,0.0,-1
19490,0.0,-1
19491,0.0,-1
19492,0.0,-1
19493,0.0,-1
19494,0.0,-1
19495,0.0,-1
19496,0.0,-1
19497,0.0,-1
19498,0.0,-1
19499,0.0,-1
19500,0.0,-1
19501,0.0,-1
19502,0.0,-1
19503,0.0,-1
19504,0.0,-1
19505,0.0,-1
19506,0.0,-1
19507,0.0,-1
19508,0.0,-1
19509,0.0,-1
19510,0.0,-1
19511,0.0,-1
19512,0.0,-1
19513,0.0,-1
19514,0.0,-1
19515,0.0,-1
19516,0.0,-1
19517,0.0,-1
19518,0.0,-1
19519,0.0,-1
19520,0.0,-1
19521,0.0,-1
19522,0.0,-1
19523,0.0,-1
19524,0.0,-1
19525,0.0,-1
19526,0.0,-1
19527,0.0,-1
19528,0.0,-1
19529,0.0,-1
19530,0.0,-1
19531,0.0,-1
19532,0.0,-1
19533,0.0,-1
19534,0.0,-1
19535,0.0,-1
19536,0.0,-1
19537,0.0,-1
19538,0.0,-1
19539,0.0,-1
19540,0.0,-1
19541,0.0,-1
19542,0.0,-1
19543,0.0,-1
19544,0.0,-1
19545,0.0,-1
19546,0.0,-1
19547,0.0,-1
19548,0.0,-1
19549,0.0,-1
19550,0.0,-1
19551,0.0,-1
19552,0.0,-1
19553,0.0,-1
19554,0.0,-1
19555,0.0,-1
19556,0.0,-1
19557,0.0,-1
19558,0.0,-1
19559,0.0,-1
19560,0.0,-1
19561,0.0,-1
19562,0.0,-1
19563,0.0,-1
19564,0.0,-1
19565,0.0,-1
19566,0.0,-1
19567,0.0,-1
19568,0.0,-1
19569,0.0,-1
19570,0.0,-1
19571,0.0,-1
19572,0.0,-1
19573,0.0,-1
19574,0.0,-1
19575,0.0,-1
19576,0.0,-1
19577,0.0,-1
19578,0.0,-1
19579,0.0,-1
19580,0.0,-1
19581,0.0,-1
19582,0.0,-1
19583,0.0,-1
19584,0.0,-1
19585,0.0,-1
19586,0.0,-1
19587,0.0,-1
19588,0.0,-1
19589,0.0,-1
19590,0.0,-1
19591,0.0,-1
19592,0.0,-1
19593,0.0,-1
19594,0.0,-1
19595,0.0,-1
19596,0.0,-1
19597,0.0,-1
19598,0.0,-1
19599,0.0,-1
19600,0.0,-1
19601,0.0,-1
19602,0.0,-1
19603,0.0,-1
19604,0.0,-1
19605,0.0,-1
19606,0.0,-1
19607,0.0,-1
19608,0.0,-1
19609,0.0,-1
19610,0.0,-1
19611,0.0,-1
19612,0.0,-1
19613,0.0,-1
19614,0.0,-1
19615,0.0,-1
19616,0.0,-1
19617,0.0,-1
19618,0.0,-1
19619,0.0,-1
19620,0.0,-1
19621,0.0,-1
19622,0.0,-1
19623,0.0,-1
19624,0.0,-1
19625,0.0,-1
19626,0.0,-1
19627,0.0,-1
19628,0.0,-1
19629,0.0,-1
19630,0.0,-1
19631,0.0,-1
19632,0.0,-1
19633,0.0,-1
19634,0.0,-1
19635,0.0,-1
19636,0.0,-1
19637,0.0,-1
19638,0.0,-1
19639,0.0,-1
19640,0.0,-1
19641,0.0,-1
19642,0.0,-1
19643,0.0,-1
19644,0.0,-1
19645,0.0,-1
19646,0.0,-1
19647,0.0,-1
19648,0.0,-1
19649,0.0,-1
19650,0.0,-1
19651,0.0,-1
19652,0.0,-1
19653,0.0,-1
19654,0.0,-1
19655,0.0,-1
19656,0.0,-1
19657,0.0,-1
19658,0.0,-1
19659,0.0,-1
19660,0.0,-1
19661,0.0,-1
19662,0.0,-1
19663,0.0,-1
19664,0.0,-1
19665,0.0,-1
19666,0.0,-1
19667,0.0,-1
19668,0.0,-1
19669,0.0,-1
19670,0.0,-1
19671,0.0,-1
19672,0.0,-1
19673,0.0,-1
19674,0.0,-1
19675,0.0,-1
19676,0.0,-1
19677,0.0,-1
19678,0.0,-1
19679,0.0,-1
19680,0.0,-1
19681,0.0,-1
19682,0.0,-1
19683,0.0,-1
19684,0.0,-1
19685,0.0,-1
19686,0.0,-1
19687,0.0,-1
19688,0.0,-1
19689,0.0,-1
19690,0.0,-1
19691,0.0,-1
19692,0.0,-1
19693,0.0,-1
19694,0.0,-1
19695,0.0,-1
19696,0.0,-1
19697,0.0,-1
19698,0.0,-1
19699,0.0,-1
19700,0.0,-1
19701,0.0,-1
19702,0.0,-1
19703,0.0,-1
19704,0.0,-1
19705,0.0,-1
19706,0.0,-1
19707,0.0,-1
19708,0.0,-1
19709,0.0,-1
19710,0.0,-1
19711,0.0,-1
19712,0.0,-1
19713,0.0,-1
19714,0.0,-1
19715,0.0,-1
19716,0.0,-1
19717,0.0,-1
19718,0.0,-1
19719,0.0,-1
19720,0.0,-1
19721,0.0,-1
19722,0.0,-1
19723,0.0,-1
19724,0.0,-1
19725,0.0,-1
19726,0.0,-1
19727,0.0,-1
19728,0.0,-1
19729,0.0,-1
19730,0.0,-1
19731,0.0,-1
19732,0.0,-1
19733,0.0,-1
19734,0.0,-1
19735,0.0,-1
19736,0.0,-1
19737,0.0,-1
19738,0.0,-1
19739,0.0,-1
19740,0.0,-1
19741,0.0,-1
19742,0.0,-1
19743,0.0,-1
19744,0.0,-1
19745,0.0,-1
19746,0.0,-1
19747,0.0,-1
19748,0.0,-1
19749,0.0,-1
19750,0.0,-1
19751,0.0,-1
19752,0.0,-1
19753,0.0,-1
19754,0.0,-1
19755,0.0,-1
19756,0.0,-1
19757,0.0,-1
19758,0.0,-1
19759,0.0,-1
19760,0.0,-1
19761,0.0,-1
19762,0.0,-1
19763,0.0,-1
19764,0.0,-1
19765,0.0,-1
19766,0.0,-1
19767,0.0,-1
19768,0.0,-1
19769,0.0,-1
19770,0.0,-1
19771,0.0,-1
19772,0.0,-1
19773,0.0,-1
19774,0.0,-1
19775,0.0,-1
19776,0.0,-1
19777,0.0,-1
19778,0.0,-1
19779,0.0,-1
19780,0.0,-1
19781,0.0,-1
19782,0.0,-1
19783,0.0,-1
19784,0.0,-1
19785,0.0,-1
19786,0.0,-1
19787,0.0,-1
19788,0.0,-1
19789,0.0,-1
19790,0.0,-1
19791,0.0,-1
19792,0.0,-1
19793,0.0,-1
19794,0.0,-1
19795,0.0,-1
19796,0.0,-1
19797,0.0,-1
19798,0.0,-1
19799,0.0,-1
19800,0.0,-1
19801,0.0,-1
19802,0.0,-1
19803,0.0,-1
19804,0.0,-1
19805,0.0,-1
19806,0.0,-1
19807,0.0,-1
19808,0.0,-1
19809,0.0,-1
19810,0.0,-1
19811,0.0,-1
19812,0.0,-1
19813,0.0,-1
19814,0.0,-1
19815,0.0,-1
19816,0.0,-1
19817,0.0,-1
19818,0.0,-1
19819,0.0,-1
19820,0.0,-1
19821,0.0,-1
19822,0.0,-1
19823,0.0,-1
19824,0.0,-1
19825,0.0,-1
19826,0.0,-1
19827,0.0,-1
19828,0.0,-1
19829,0.0,-1
19830,0.0,-1
19831,0.0,-1
19832,0.0,-1
19833,0.0,-1
19834,0.0,-1
19835,0.0,-1
19836,0.0,-1
19837,0.0,-1
19838,0.0,-1
19839,0.0,-1
19840,0.0,-1
19841,0.0,-1
19842,0.0,-1
19843,0.0,-1
19844,0.0,-1
19845,0.0,-1
19846,0.0,-1
19847,0.0,-1
19848,0.0,-1
19849,0.0,-1
19850,0.0,-1
19851,0.0,-1
19852,0.0,-1
19853,0.0,-1
19854,0.0,-1
19855,0.0,-1
19856,0.0,-1
19857,0.0,-1
19858,0.0,-1
19859,0.0,-1
19860,0.0,-1
19861,0.0,-1
19862,0.0,-1
19863,0.0,-1
19864,0.0,-1
19865,0.0,-1
19866,0.0,-1
19867,0.0,-1
19868,0.0,-1
19869,0.0,-1
19870,0.0,-1
19871,0.0,-1
19872,0.0,-1
19873,0.0,-1
19874,0.0,-1
19875,0.0,-1
19876,0.0,-1
19877,0.0,-1
19878,0.0,-1
19879,0.0,-1
19880,0.0,-1
19881,0.0,-1
19882,0.0,-1
19883,0.0,-1
19884,0.0,-1
19885,0.0,-1
19886,0.0,-1
19887,0.0,-1
19888,0.0,-1
19889,0.0,-1
19890,0.0,-1
19891,0.0,-1
19892,0.0,-1
19893,0.0,-1
19894,0.0,-1
19895,0.0,-1
19896,0.0,-1
19897,0.0,-1
19898,0.0,-1
19899,0.0,-1
19900,0.0,-1
19901,0.0,-1
19902,0.0,-1
19903,0.0,-1
19904,0.0,-1
19905,0.0,-1
19906,0.0,-1
19907,0.0,-1
19908,0.0,-1
19909,0.0,-1
19910,0.0,-1
19911,0.0,-1
19912,0.0,-1
19913,0.0,-1
19914,0.0,-1
19915,0.0,-1
19916,0.0,-1
19917,0.0,-1
19918,0.0,-1
19919,0.0,-1
19920,0.0,-1
19921,0.0,-1
19922,0.0,-1
19923,0.0,-1
19924,0.0,-1
19925,0.0,-1
19926,0.0,-1
19927,0.0,-1
19928,0.0,-1
19929,0.0,-1
19930,0.0,-1
19931,0.0,-1
19932,0.0,-1
19933,0.0,-1
19934,0.0,-1
19935,0.0,-1
19936,0.0,-1
19937,0.0,-1
19938,0.0,-1
19939,0.0,-1
19940,0.0,-1
19941,0.0,-1
19942,0.0,-1
19943,0.0,-1
19944,0.0,-1
19945,0.0,-1
19946,0.0,-1
19947,0.0,-1
19948,0.0,-1
19949,0.0,-1
19950,0.0,-1
19951,0.0,-1
19952,0.0,-1
19953,0.0,-1
19954,0.0,-1
19955,0.0,-1
19956,0.0,-1
19957,0.0,-1
19958,0.0,-1
19959,0.0,-1
19960,0.0,-1
19961,0.0,-1
19962,0.0,-1
19963,0.0,-1
19964,0.0,-1
19965,0.0,-1
19966,0.0,-1
19967,0.0,-1
19968,0.0,-1
19969,0.0,-1
19970,0.0,-1
19971,0.0,-1
19972,0.0,-1
19973,0.0,-1
19974,0.0,-1
19975,0.0,-1
19976,0.0,-1
19977,0.0,-1
19978,0.0,-1
19979,0.0,-1
19980,0.0,-1
19981,0.0,-1
19982,0.0,-1
19983,0.0,-1
19984,0.0,-1
19985,0.0,-1
19986,0.0,-1
19987,0.0,-1
19988,0.0,-1
19989,0.0,-1
19990,0.0,-1
19991,0.0,-1
19992,0.0,-1
19993,0.0,-1
19994,0.0,-1
19995,0.0,-1
19996,0.0,-1
19997,0.0,-1
19998,0.0,-1
19999,0.0,-1
20000,0.0,-1
20001,0.0,-1
20002,0.0,-1
20003,0.0,-1
20004,0.0,-1
20005,0.0,-1
20006,0.0,-1
20007,0.0,-1
20008,0.0,-1
20009,0.0,-1
20010,0.0,-1
20011,0.0,-1
20012,0.0,-1
20013,0.0,-1
20014,0.0,-1
20015,0.0,-1
20016,0.0,-1
20017,0.0,-1
20018,0.0,-1
20019,0.0,-1
20020,0.0,-1
20021,0.0,-1
20022,0.0,-1
20023,0.0,-1
20024,0.0,-1
20025,0.0,-1
20026,0.0,-1
20027,0.0,-1
20028,0.0,-1
20029,0.0,-1
20030,0.0,-1
20031,0.0,-1
20032,0.0,-1
20033,0.0,-1
20034,0.0,-1
20035,0.0,-1
20036,0.0,-1
20037,0.0,-1
20038,0.0,-1
20039,0.0,-1
20040,0.0,-1
20041,0.0,-1
20042,0.0,-1
20043,0.0,-1
20044,0.0,-1
20045,0.0,-1
20046,0.0,-1
20047,0.0,-1
20048,0.0,-1
20049,0.0,-1
20050,0.0,-1
20051,0.0,-1
20052,0.0,-1
20053,0.0,-1
20054,0.0,-1
20055,0.0,-1
20056,0.0,-1
20057,0.0,-1
20058,0.0,-1
20059,0.0,-1
20060,0.0,-1
20061,0.0,-1
20062,0.0,-1
20063,0.0,-1
20064,0.0,-1
20065,0.0,-1
20066,0.0,-1
20067,0.0,-1
20068,0.0,-1
20069,0.0,-1
20070,0.0,-1
20071,0.0,-1
20072,0.0,-1
20073,0.0,-1
20074,0.0,-1
20075,0.0,-1
20076,0.0,-1
20077,0.0,-1
20078,0.0,-1
20079,0.0,-1
20080,0.0,-1
20081,0.0,-1
20082,0.0,-1
20083,0.0,-1
20084,0.0,-1
20085,0.0,-1
20086,0.0,-1
20087,0.0,-1
20088,0.0,-1
20089,0.0,-1
20090,0.0,-1
20091,0.0,-1
20092,0.0,-1
20093,0.0,-1
20094,0.0,-1
20095,0.0,-1
20096,0.0,-1
20097,0.0,-1
20098,0.0,-1
20099,0.0,-1
20100,0.0,-1
20101,0.0,-1
20102,0.0,-1
20103,0.0,-1
20104,0.0,-1
20105,0.0,-1
20106,0.0,-1
20107,0.0,-1
20108,0.0,-1
20109,0.0,-1
20110,0.0,-1
20111,0.0,-1
20112,0.0,-1
20113,0.0,-1
20114,0.0,-1
20115,0.0,-1
20116,0.0,-1
20117,0.0,-1
20118,0.0,-1
20119,0.0,-1
20120,0.0,-1
20121,0.0,-1
20122,0.0,-1
20123,0.0,-1
20124,0.0,-1
20125,0.0,-1
20126,0.0,-1
20127,0.0,-1
20128,0.0,-1
20129,0.0,-1
20130,0.0,-1
20131,0.0,-1
20132,0.0,-1
20133,0.0,-1
20134,0.0,-1
20135,0.0,-1
20136,0.0,-1
20137,0.0,-1
20138,0.0,-1
20139,0.0,-1
20140,0.0,-1
20141,0.0,-1
20142,0.0,-1
20143,0.0,-1
20144,0.0,-1
20145,0.0,-1
20146,0.0,-1
20147,0.0,-1
20148,0.0,-1
20149,0.0,-1
20150,0.0,-1
20151,0.0,-1
20152,0.0,-1
20153,0.0,-1
20154,0.0,-1
20155,0.0,-1
20156,0.0,-1
20157,0.0,-1
20158,0.0,-1
20159,0.0,-1
20160,0.0,-1
20161,0.0,-1
20162,0.0,-1
20163,0.0,-1
20164,0.0,-1
20165,0.0,-1
20166,0.0,-1
20167,0.0,-1
20168,0.0,-1
20169,0.0,-1
20170,0.0,-1
20171,0.0,-1
20172,0.0,-1
20173,0.0,-1
20174,0.0,-1
20175,0.0,-1
20176,0.0,-1
20177,0.0,-1
20178,0.0,-1
20179,0.0,-1
20180,0.0,-1
20181,0.0,-1
20182,0.0,-1
20183,0.0,-1
20184,0.0,-1
20185,0.0,-1
20186,0.0,-1
20187,0.0,-1
20188,0.0,-1
20189,0.0,-1
20190,0.0,-1
20191,0.0,-1
20192,0.0,-1
20193,0.0,-1
20194,0.0,-1
20195,0.0,-1
20196,0.0,-1
20197,0.0,-1
20198,0.0,-1
20199,0.0,-1
20200,0.0,-1
20201,0.0,-1
20202,0.0,-1
20203,0.0,-1
20204,0.0,-1
20205,0.0,-1
20206,0.0,-1
20207,0.0,-1
20208,0.0,-1
20209,0.0,-1
20210,0.0,-1
20211,0.0,-1
20212,0.0,-1
20213,0.0,-1
20214,0.0,-1
20215,0.0,-1
20216,0.0,-1
20217,0.0,-1
20218,0.0,-1
20219,0.0,-1
20220,0.0,-1
20221,0.0,-1
20222,0.0,-1
20223,0.0,-1
20224,0.0,-1
20225,0.0,-1
20226,0.0,-1
20227,0.0,-1
20228,0.0,-1
20229,0.0,-1
20230,0.0,-1
20231,0.0,-1
20232,0.0,-1
20233,0.0,-1
20234,0.0,-1
20235,0.0,-1
20236,0.0,-1
20237,0.0,-1
20238,0.0,-1
20239,0.0,-1
20240,0.0,-1
20241,0.0,-1
20242,0.0,-1
20243,0.0,-1
20244,0.0,-1
20245,0.0,-1
20246,0.0,-1
20247,0.0,-1
20248,0.0,-1
20249,0.0,-1
20250,0.0,-1
20251,0.0,-1
20252,0.0,-1
20253,0.0,-1
20254,0.0,-1
20255,0.0,-1
20256,0.0,-1
20257,0.0,-1
20258,0.0,-1
20259,0.0,-1
20260,0.0,-1
20261,0.0,-1
20262,0.0,-1
20263,0.0,-1
20264,0.0,-1
20265,0.0,-1
20266,0.0,-1
20267,0.0,-1
20268,0.0,-1
20269,0.0,-1
20270,0.0,-1
20271,0.0,-1
20272,0.0,-1
20273,0.0,-1
20274,0.0,-1
20275,0.0,-1
20276,0.0,-1
20277,0.0,-1
20278,0.0,-1
20279,0.0,-1
20280,0.0,-1
20281,0.0,-1
20282,0.0,-1
20283,0.0,-1
20284,0.0,-1
20285,0.0,-1
20286,0.0,-1
20287,0.0,-1
20288,0.0,-1
20289,0.0,-1
20290,0.0,-1
20291,0.0,-1
20292,0.0,-1
20293,0.0,-1
20294,0.0,-1
20295,0.0,-1
20296,0.0,-1
20297,0.0,-1
20298,0.0,-1
20299,0.0,-1
20300,0.0,-1
20301,0.0,-1
20302,0.0,-1
20303,0.0,-1
20304,0.0,-1
20305,0.0,-1
20306,0.0,-1
20307,0.0,-1
20308,0.0,-1
20309,0.0,-1
20310,0.0,-1
20311,0.0,-1
20312,0.0,-1
20313,0.0,-1
20314,0.0,-1
20315,0.0,-1
20316,0.0,-1
20317,0.0,-1
20318,0.0,-1
20319,0.0,-1
20320,0.0,-1
20321,0.0,-1
20322,0.0,-1
20323,0.0,-1
20324,0.0,-1
20325,0.0,-1
20326,0.0,-1
20327,0.0,-1
20328,0.0,-1
20329,0.0,-1
20330,0.0,-1
20331,0.0,-1
20332,0.0,-1
20333,0.0,-1
20334,0.0,-1
20335,0.0,-1
20336,0.0,-1
20337,0.0,-1
20338,0.0,-1
20339,0.0,-1
20340,0.0,-1
20341,0.0,-1
20342,0.0,-1
20343,0.0,-1
20344,0.0,-1
20345,0.0,-1
20346,0.0,-1
20347,0.0,-1
20348,0.0,-1
20349,0.0,-1
20350,0.0,-1
20351,0.0,-1
20352,0.0,-1
20353,0.0,-1
20354,0.0,-1
20355,0.0,-1
20356,0.0,-1
20357,0.0,-1
20358,0.0,-1
20359,0.0,-1
20360,0.0,-1
20361,0.0,-1
20362,0.0,-1
20363,0.0,-1
20364,0.0,-1
20365,0.0,-1
20366,0.0,-1
20367,0.0,-1
20368,0.0,-1
20369,0.0,-1
20370,0.0,-1
20371,0.0,-1
20372,0.0,-1
20373,0.0,-1
20374,0.0,-1
20375,0.0,-1
20376,0.0,-1
20377,0.0,-1
20378,0.0,-1
20379,0.0,-1
20380,0.0,-1
20381,0.0,-1
20382,0.0,-1
20383,0.0,-1
20384,0.0,-1
20385,0.0,-1
20386,0.0,-1
20387,0.0,-1
20388,0.0,-1
20389,0.0,-1
20390,0.0,-1
20391,0.0,-1
20392,0.0,-1
20393,0.0,-1
20394,0.0,-1
20395,0.0,-1
20396,0.0,-1
20397,0.0,-1
20398,0.0,-1
20399,0.0,-1
20400,0.0,-1
20401,0.0,-1
20402,0.0,-1
20403,0.0,-1
20404,0.0,-1
20405,0.0,-1
20406,0.0,-1
20407,0.0,-1
20408,0.0,-1
20409,0.0,-1
20410,0.0,-1
20411,0.0,-1
20412,0.0,-1
20413,0.0,-1
20414,0.0,-1
20415,0.0,-1
20416,0.0,-1
20417,0.0,-1
20418,0.0,-1
20419,0.0,-1
20420,0.0,-1
20421,0.0,-1
20422,0.0,-1
20423,0.0,-1
20424,0.0,-1
20425,0.0,-1
20426,0.0,-1
20427,0.0,-1
20428,0.0,-1
20429,0.0,-1
20430,0.0,-1
20431,0.0,-1
20432,0.0,-1
20433,0.0,-1
20434,0.0,-1
20435,0.0,-1
20436,0.0,-1
20437,0.0,-1
20438,0.0,-1
20439,0.0,-1
20440,0.0,-1
20441,0.0,-1
20442,0.0,-1
20443,0.0,-1
20444,0.0,-1
20445,0.0,-1
20446,0.0,-1
20447,0.0,-1
20448,0.0,-1
20449,0.0,-1
20450,0.0,-1
20451,0.0,-1
20452,0.0,-1
20453,0.0,-1
20454,0.0,-1
20455,0.0,-1
20456,0.0,-1
20457,0.0,-1
20458,0.0,-1
20459,0.0,-1
20460,0.0,-1
20461,0.0,-1
20462,0.0,-1
20463,0.0,-1
20464,0.0,-1
20465,0.0,-1
20466,0.0,-1
20467,0.0,-1
20468,0.0,-1
20469,0.0,-1
20470,0.0,-1
20471,0.0,-1
20472,0.0,-1
20473,0.0,-1
20474,0.0,-1
20475,0.0,-1
20476,0.0,-1
20477,0.0,-1
20478,0.0,-1
20479,0.0,-1
20480,0.0,-1
20481,0.0,-1
20482,0.0,-1
20483,0.0,-1
20484,0.0,-1
20485,0.0,-1
20486,0.0,-1
20487,0.0,-1
20488,0.0,-1
20489,0.0,-1
20490,0.0,-1
20491,0.0,-1
20492,0.0,-1
20493,0.0,-1
20494,0.0,-1
20495,0.0,-1
20496,0.0,-1
20497,0.0,-1
20498,0.0,-1
20499,0.0,-1
20500,0.0,-1
20501,0.0,-1
20502,0.0,-1
20503,0.0,-1
20504,0.0,-1
20505,0.0,-1
20506,0.0,-1
20507,0.0,-1
20508,0.0,-1
20509,0.0,-1
20510,0.0,-1
20511,0.0,-1
20512,0.0,-1
20513,0.0,-1
20514,0.0,-1
20515,0.0,-1
20516,0.0,-1
20517,0.0,-1
20518,0.0,-1
20519,0.0,-1
20520,0.0,-1
20521,0.0,-1
20522,0.0,-1
20523,0.0,-1
20524,0.0,-1
20525,0.0,-1
20526,0.0,-1
20527,0.0,-1
20528,0.0,-1
20529,0.0,-1
20530,0.0,-1
20531,0.0,-1
20532,0.0,-1
20533,0.0,-1
20534,0.0,-1
20535,0.0,-1
20536,0.0,-1
20537,0.0,-1
20538,0.0,-1
20539,0.0,-1
20540,0.0,-1
20541,0.0,-1
20542,0.0,-1
20543,0.0,-1
20544,0.0,-1
20545,0.0,-1
20546,0.0,-1
20547,0.0,-1
20548,0.0,-1
20549,0.0,-1
20550,0.0,-1
20551,0.0,-1
20552,0.0,-1
20553,0.0,-1
20554,0.0,-1
20555,0.0,-1
20556,0.0,-1
20557,0.0,-1
20558,0.0,-1
20559,0.0,-1
20560,0.0,-1
20561,0.0,-1
20562,0.0,-1
20563,0.0,-1
20564,0.0,-1
20565,0.0,-1
20566,0.0,-1
20567,0.0,-1
20568,0.0,-1
20569,0.0,-1
20570,0.0,-1
20571,0.0,-1
20572,0.0,-1
20573,0.0,-1
20574,0.0,-1
20575,0.0,-1
20576,0.0,-1
20577,0.0,-1
20578,0.0,-1
20579,0.0,-1
20580,0.0,-1
20581,0.0,-1
20582,0.0,-1
20583,0.0,-1
20584,0.0,-1
20585,0.0,-1
20586,0.0,-1
20587,0.0,-1
20588,0.0,-1
20589,0.0,-1
20590,0.0,-1
20591,0.0,-1
20592,0.0,-1
20593,0.0,-1
20594,0.0,-1
20595,0.0,-1
20596,0.0,-1
20597,0.0,-1
20598,0.0,-1
20599,0.0,-1
20600,0.0,-1
20601,0.0,-1
20602,0.0,-1
20603,0.0,-1
20604,0.0,-1
20605,0.0,-1
20606,0.0,-1
20607,0.0,-1
20608,0.0,-1
20609,0.0,-1
20610,0.0,-1
20611,0.0,-1
20612,0.0,-1
20613,0.0,-1
20614,0.0,-1
20615,0.0,-1
20616,0.0,-1
20617,0.0,-1
20618,0.0,-1
20619,0.0,-1
20620,0.0,-1
20621,0.0,-1
20622,0.0,-1
20623,0.0,-1
20624,0.0,-1
20625,0.0,-1
20626,0.0,-1
20627,0.0,-1
20628,0.0,-1
20629,0.0,-1
20630,0.0,-1
20631,0.0,-1
20632,0.0,-1
20633,0.0,-1
20634,0.0,-1
20635,0.0,-1
20636,0.0,-1
20637,0.0,-1
20638,0.0,-1
20639,0.0,-1
20640,0.0,-1
20641,0.0,-1
20642,0.0,-1
20643,0.0,-1
20644,0.0,-1
20645,0.0,-1
20646,0.0,-1
20647,0.0,-1
20648,0.0,-1
20649,0.0,-1
20650,0.0,-1
20651,0.0,-1
20652,0.0,-1
20653,0.0,-1
20654,0.0,-1
20655,0.0,-1
20656,0.0,-1
20657,0.0,-1
20658,0.0,-1
20659,0.0,-1
20660,0.0,-1
20661,0.0,-1
20662,0.0,-1
20663,0.0,-1
20664,0.0,-1
20665,0.0,-1
20666,0.0,-1
20667,0.0,-1
20668,0.0,-1
20669,0.0,-1
20670,0.0,-1
20671,0.0,-1
20672,0.0,-1
20673,0.0,-1
20674,0.0,-1
20675,0.0,-1
20676,0.0,-1
20677,0.0,-1
20678,0.0,-1
20679,0.0,-1
20680,0.0,-1
20681,0.0,-1
20682,0.0,-1
20683,0.0,-1
20684,0.0,-1
20685,0.0,-1
20686,0.0,-1
20687,0.0,-1
20688,0.0,-1
20689,0.0,-1
20690,0.0,-1
20691,0.0,-1
20692,0.0,-1
20693,0.0,-1
20694,0.0,-1
20695,0.0,-1
20696,0.0,-1
20697,0.0,-1
20698,0.0,-1
20699,0.0,-1
20700,0.0,-1
20701,0.0,-1
20702,0.0,-1
20703,0.0,-1
20704,0.0,-1
20705,0.0,-1
20706,0.0,-1
20707,0.0,-1
20708,0.0,-1
20709,0.0,-1
20710,0.0,-1
20711,0.0,-1
20712,0.0,-1
20713,0.0,-1
20714,0.0,-1
20715,0.0,-1
20716,0.0,-1
20717,0.0,-1
20718,0.0,-1
20719,0.0,-1
20720,0.0,-1
20721,0.0,-1
20722,0.0,-1
20723,0.0,-1
20724,0.0,-1
20725,0.0,-1
20726,0.0,-1
20727,0.0,-1
20728,0.0,-1
20729,0.0,-1
20730,0.0,-1
20731,0.0,-1
20732,0.0,-1
20733,0.0,-1
20734,0.0,-1
20735,0.0,-1
20736,0.0,-1
20737,0.0,-1
20738,0.0,-1
20739,0.0,-1
20740,0.0,-1
20741,0.0,-1
20742,0.0,-1
20743,0.0,-1
20744,0.0,-1
20745,0.0,-1
20746,0.0,-1
20747,0.0,-1
20748,0.0,-1
20749,0.0,-1
20750,0.0,-1
20751,0.0,-1
20752,0.0,-1
20753,0.0,-1
20754,0.0,-1
20755,0.0,-1
20756,0.0,-1
20757,0.0,-1
20758,0.0,-1
20759,0.0,-1
20760,0.0,-1
20761,0.0,-1
20762,0.0,-1
20763,0.0,-1
20764,0.0,-1
20765,0.0,-1
20766,0.0,-1
20767,0.0,-1
20768,0.0,-1
20769,0.0,-1
20770,0.0,-1
20771,0.0,-1
20772,0.0,-1
20773,0.0,-1
20774,0.0,-1
20775,0.0,-1
20776,0.0,-1
20777,0.0,-1
20778,0.0,-1
20779,0.0,-1
20780,0.0,-1
20781,0.0,-1
20782,0.0,-1
20783,0.0,-1
20784,0.0,-1
20785,0.0,-1
20786,0.0,-1
20787,0.0,-1
20788,0.0,-1
20789,0.0,-1
20790,0.0,-1
20791,0.0,-1
20792,0.0,-1
20793,0.0,-1
20794,0.0,-1
20795,0.0,-1
20796,0.0,-1
20797,0.0,-1
20798,0.0,-1
20799,0.0,-1
20800,0.0,-1
20801,0.0,-1
20802,0.0,-1
20803,0.0,-1
20804,0.0,-1
20805,0.0,-1
20806,0.0,-1
20807,0.0,-1
20808,0.0,-1
20809,0.0,-1
20810,0.0,-1
20811,0.0,-1
20812,0.0,-1
20813,0.0,-1
20814,0.0,-1
20815,0.0,-1
20816,0.0,-1
20817,0.0,-1
20818,0.0,-1
20819,0.0,-1
20820,0.0,-1
20821,0.0,-1
20822,0.0,-1
20823,0.0,-1
20824,0.0,-1
20825,0.0,-1
20826,0.0,-1
20827,0.0,-1
20828,0.0,-1
20829,0.0,-1
20830,0.0,-1
20831,0.0,-1
20832,0.0,-1
20833,0.0,-1
20834,0.0,-1
20835,0.0,-1
20836,0.0,-1
20837,0.0,-1
20838,0.0,-1
20839,0.0,-1
20840,0.0,-1
20841,0.0,-1
20842,0.0,-1
20843,0.0,-1
20844,0.0,-1
20845,0.0,-1
20846,0.0,-1
20847,0.0,-1
20848,0.0,-1
20849,0.0,-1
20850,0.0,-1
20851,0.0,-1
20852,0.0,-1
20853,0.0,-1
20854,0.0,-1
20855,0.0,-1
20856,0.0,-1
20857,0.0,-1
20858,0.0,-1
20859,0.0,-1
20860,0.0,-1
20861,0.0,-1
20862,0.0,-1
20863,0.0,-1
20864,0.0,-1
20865,0.0,-1
20866,0.0,-1
20867,0.0,-1
20868,0.0,-1
20869,0.0,-1
20870,0.0,-1
20871,0.0,-1
20872,0.0,-1
20873,0.0,-1
20874,0.0,-1
20875,0.0,-1
20876,0.0,-1
20877,0.0,-1
20878,0.0,-1
20879,0.0,-1
20880,0.0,-1
20881,0.0,-1
20882,0.0,-1
20883,0.0,-1
20884,0.0,-1
20885,0.0,-1
20886,0.0,-1
20887,0.0,-1
20888,0.0,-1
20889,0.0,-1
20890,0.0,-1
20891,0.0,-1
20892,0.0,-1
20893,0.0,-1
20894,0.0,-1
20895,0.0,-1
20896,0.0,-1
20897,0.0,-1
20898,0.0,-1
20899,0.0,-1
20900,0.0,-1
20901,0.0,-1
20902,0.0,-1
20903,0.0,-1
20904,0.0,-1
20905,0.0,-1
20906,0.0,-1
20907,0.0,-1
20908,0.0,-1
20909,0.0,-1
20910,0.0,-1
20911,0.0,-1
20912,0.0,-1
20913,0.0,-1
20914,0.0,-1
20915,0.0,-1
20916,0.0,-1
20917,0.0,-1
20918,0.0,-1
20919,0.0,-1
20920,0.0,-1
20921,0.0,-1
20922,0.0,-1
20923,0.0,-1
20924,0.0,-1
20925,0.0,-1
20926,0.0,-1
20927,0.0,-1
20928,0.0,-1
20929,0.0,-1
20930,0.0,-1
20931,0.0,-1
20932,0.0,-1
20933,0.0,-1
20934,0.0,-1
20935,0.0,-1
20936,0.0,-1
20937,0.0,-1
20938,0.0,-1
20939,0.0,-1
20940,0.0,-1
20941,0.0,-1
20942,0.0,-1
20943,0.0,-1
20944,0.0,-1
20945,0.0,-1
20946,0.0,-1
20947,0.0,-1
20948,0.0,-1
20949,0.0,-1
20950,0.0,-1
20951,0.0,-1
20952,0.0,-1
20953,0.0,-1
20954,0.0,-1
20955,0.0,-1
20956,0.0,-1
20957,0.0,-1
20958,0.0,-1
20959,0.0,-1
20960,0.0,-1
20961,0.0,-1
20962,0.0,-1
20963,0.0,-1
20964,0.0,-1
20965,0.0,-1
20966,0.0,-1
20967,0.0,-1
20968,0.0,-1
20969,0.0,-1
20970,0.0,-1
20971,0.0,-1
20972,0.0,-1
20973,0.0,-1
20974,0.0,-1
20975,0.0,-1
20976,0.0,-1
20977,0.0,-1
20978,0.0,-1
20979,0.0,-1
20980,0.0,-1
20981,0.0,-1
20982,0.0,-1
20983,0.0,-1
20984,0.0,-1
20985,0.0,-1
20986,0.0,-1
20987,0.0,-1
20988,0.0,-1
20989,0.0,-1
20990,0.0,-1
20991,0.0,-1
20992,0.0,-1
20993,0.0,-1
20994,0.0,-1
20995,0.0,-1
20996,0.0,-1
20997,0.0,-1
20998,0.0,-1
20999,0.0,-1
21000,0.0,-1
21001,0.0,-1
21002,0.0,-1
21003,0.0,-1
21004,0.0,-1
21005,0.0,-1
21006,0.0,-1
21007,0.0,-1
21008,0.0,-1
21009,0.0,-1
21010,0.0,-1
21011,0.0,-1
21012,0.0,-1
21013,0.0,-1
21014,0.0,-1
21015,0.0,-1
21016,0.0,-1
21017,0.0,-1
21018,0.0,-1
21019,0.0,-1
21020,0.0,-1
21021,0.0,-1
21022,0.0,-1
21023,0.0,-1
21024,0.0,-1
21025,0.0,-1
21026,0.0,-1
21027,0.0,-1
21028,0.0,-1
21029,0.0,-1
21030,0.0,-1
21031,0.0,-1
21032,0.0,-1
21033,0.0,-1
21034,0.0,-1
21035,0.0,-1
21036,0.0,-1
21037,0.0,-1
21038,0.0,-1
21039,0.0,-1
21040,0.0,-1
21041,0.0,-1
21042,0.0,-1
21043,0.0,-1
21044,0.0,-1
21045,0.0,-1
21046,0.0,-1
21047,0.0,-1
21048,0.0,-1
21049,0.0,-1
21050,0.0,-1
21051,0.0,-1
21052,0.0,-1
21053,0.0,-1
21054,0.0,-1
21055,0.0,-1
21056,0.0,-1
21057,0.0,-1
21058,0.0,-1
21059,0.0,-1
21060,0.0,-1
21061,0.0,-1
21062,0.0,-1
21063,0.0,-1
21064,0.0,-1
21065,0.0,-1
21066,0.0,-1
21067,0.0,-1
21068,0.0,-1
21069,0.0,-1
21070,0.0,-1
21071,0.0,-1
21072,0.0,-1
21073,0.0,-1
21074,0.0,-1
21075,0.0,-1
21076,0.0,-1
21077,0.0,-1
21078,0.0,-1
21079,0.0,-1
21080,0.0,-1
21081,0.0,-1
21082,0.0,-1
21083,0.0,-1
21084,0.0,-1
21085,0.0,-1
21086,0.0,-1
21087,0.0,-1
21088,0.0,-1
21089,0.0,-1
21090,0.0,-1
21091,0.0,-1
21092,0.0,-1
21093,0.0,-1
21094,0.0,-1
21095,0.0,-1
21096,0.0,-1
21097,0.0,-1
21098,0.0,-1
21099,0.0,-1
21100,0.0,-1
21101,0.0,-1
21102,0.0,-1
21103,0.0,-1
21104,0.0,-1
21105,0.0,-1
21106,0.0,-1
21107,0.0,-1
21108,0.0,-1
21109,0.0,-1
21110,0.0,-1
21111,0.0,-1
21112,0.0,-1
21113,0.0,-1
21114,0.0,-1
21115,0.0,-1
21116,0.0,-1
21117,0.0,-1
21118,0.0,-1
21119,0.0,-1
21120,0.0,-1
21121,0.0,-1
21122,0.0,-1
21123,0.0,-1
21124,0.0,-1
21125,0.0,-1
21126,0.0,-1
21127,0.0,-1
21128,0.0,-1
21129,0.0,-1
21130,0.0,-1
21131,0.0,-1
21132,0.0,-1
21133,0.0,-1
21134,0.0,-1
21135,0.0,-1
21136,0.0,-1
21137,0.0,-1
21138,0.0,-1
21139,0.0,-1
21140,0.0,-1
21141,0.0,-1
21142,0.0,-1
21143,0.0,-1
21144,0.0,-1
21145,0.0,-1
21146,0.0,-1
21147,0.0,-1
21148,0.0,-1
21149,0.0,-1
21150,0.0,-1
21151,0.0,-1
21152,0.0,-1
21153,0.0,-1
21154,0.0,-1
21155,0.0,-1
21156,0.0,-1
21157,0.0,-1
21158,0.0,-1
21159,0.0,-1
21160,0.0,-1
21161,0.0,-1
21162,0.0,-1
21163,0.0,-1
21164,0.0,-1
21165,0.0,-1
21166,0.0,-1
21167,0.0,-1
21168,0.0,-1
21169,0.0,-1
21170,0.0,-1
21171,0.0,-1
21172,0.0,-1
21173,0.0,-1
21174,0.0,-1
21175,0.0,-1
21176,0.0,-1
21177,0.0,-1
21178,0.0,-1
21179,0.0,-1
21180,0.0,-1
21181,0.0,-1
21182,0.0,-1
21183,0.0,-1
21184,0.0,-1
21185,0.0,-1
21186,0.0,-1
21187,0.0,-1
21188,0.0,-1
21189,0.0,-1
21190,0.0,-1
21191,0.0,-1
21192,0.0,-1
21193,0.0,-1
21194,0.0,-1
21195,0.0,-1
21196,0.0,-1
21197,0.0,-1
21198,0.0,-1
21199,0.0,-1
21200,0.0,-1
21201,0.0,-1
21202,0.0,-1
21203,0.0,-1
21204,0.0,-1
21205,0.0,-1
21206,0.0,-1
21207,0.0,-1
21208,0.0,-1
21209,0.0,-1
21210,0.0,-1
21211,0.0,-1
21212,0.0,-1
21213,0.0,-1
21214,0.0,-1
21215,0.0,-1
21216,0.0,-1
21217,0.0,-1
21218,0.0,-1
21219,0.0,-1
21220,0.0,-1
21221,0.0,-1
21222,0.0,-1
21223,0.0,-1
21224,0.0,-1
21225,0.0,-1
21226,0.0,-1
21227,0.0,-1
21228,0.0,-1
21229,0.0,-1
21230,0.0,-1
21231,0.0,-1
21232,0.0,-1
21233,0.0,-1
21234,0.0,-1
21235,0.0,-1
21236,0.0,-1
21237,0.0,-1
21238,0.0,-1
21239,0.0,-1
21240,0.0,-1
21241,0.0,-1
21242,0.0,-1
21243,0.0,-1
21244,0.0,-1
21245,0.0,-1
21246,0.0,-1
21247,0.0,-1
21248,0.0,-1
21249,0.0,-1
21250,0.0,-1
21251,0.0,-1
21252,0.0,-1
21253,0.0,-1
21254,0.0,-1
21255,0.0,-1
21256,0.0,-1
21257,0.0,-1
21258,0.0,-1
21259,0.0,-1
21260,0.0,-1
21261,0.0,-1
21262,0.0,-1
21263,0.0,-1
21264,0.0,-1
21265,0.0,-1
21266,0.0,-1
21267,0.0,-1
21268,0.0,-1
21269,0.0,-1
21270,0.0,-1
21271,0.0,-1
21272,0.0,-1
21273,0.0,-1
21274,0.0,-1
21275,0.0,-1
21276,0.0,-1
21277,0.0,-1
21278,0.0,-1
21279,0.0,-1
21280,0.0,-1
21281,0.0,-1
21282,0.0,-1
21283,0.0,-1
21284,0.0,-1
21285,0.0,-1
21286,0.0,-1
21287,0.0,-1
21288,0.0,-1
21289,0.0,-1
21290,0.0,-1
21291,0.0,-1
21292,0.0,-1
21293,0.0,-1
21294,0.0,-1
21295,0.0,-1
21296,0.0,-1
21297,0.0,-1
21298,0.0,-1
21299,0.0,-1
21300,0.0,-1
21301,0.0,-1
21302,0.0,-1
21303,0.0,-1
21304,0.0,-1
21305,0.0,-1
21306,0.0,-1
21307,0.0,-1
21308,0.0,-1
21309,0.0,-1
21310,0.0,-1
21311,0.0,-1
21312,0.0,-1
21313,0.0,-1
21314,0.0,-1
21315,0.0,-1
21316,0.0,-1
21317,0.0,-1
21318,0.0,-1
21319,0.0,-1
21320,0.0,-1
21321,0.0,-1
21322,0.0,-1
21323,0.0,-1
21324,0.0,-1
21325,0.0,-1
21326,0.0,-1
21327,0.0,-1
21328,0.0,-1
21329,0.0,-1
21330,0.0,-1
21331,0.0,-1
21332,0.0,-1
21333,0.0,-1
21334,0.0,-1
21335,0.0,-1
21336,0.0,-1
21337,0.0,-1
21338,0.0,-1
21339,0.0,-1
21340,0.0,-1
21341,0.0,-1
21342,0.0,-1
21343,0.0,-1
21344,0.0,-1
21345,0.0,-1
21346,0.0,-1
21347,0.0,-1
21348,0.0,-1
21349,0.0,-1
21350,0.0,-1
21351,0.0,-1
21352,0.0,-1
21353,0.0,-1
21354,0.0,-1
21355,0.0,-1
21356,0.0,-1
21357,0.0,-1
21358,0.0,-1
21359,0.0,-1
21360,0.0,-1
21361,0.0,-1
21362,0.0,-1
21363,0.0,-1
21364,0.0,-1
21365,0.0,-1
21366,0.0,-1
21367,0.0,-1
21368,0.0,-1
21369,0.0,-1
21370,0.0,-1
21371,0.0,-1
21372,0.0,-1
21373,0.0,-1
21374,0.0,-1
21375,0.0,-1
21376,0.0,-1
21377,0.0,-1
21378,0.0,-1
21379,0.0,-1
21380,0.0,-1
21381,0.0,-1
21382,0.0,-1
21383,0.0,-1
21384,0.0,-1
21385,0.0,-1
21386,0.0,-1
21387,0.0,-1
21388,0.0,-1
21389,0.0,-1
21390,0.0,-1
21391,0.0,-1
21392,0.0,-1
21393,0.0,-1
21394,0.0,-1
21395,0.0,-1
21396,0.0,-1
21397,0.0,-1
21398,0.0,-1
21399,0.0,-1
21400,0.0,-1
21401,0.0,-1
21402,0.0,-1
21403,0.0,-1
21404,0.0,-1
21405,0.0,-1
21406,0.0,-1
21407,0.0,-1
21408,0.0,-1
21409,0.0,-1
21410,0.0,-1
21411,0.0,-1
21412,0.0,-1
21413,0.0,-1
21414,0.0,-1
21415,0.0,-1
21416,0.0,-1
21417,0.0,-1
21418,0.0,-1
21419,0.0,-1
21420,0.0,-1
21421,0.0,-1
21422,0.0,-1
21423,0.0,-1
21424,0.0,-1
21425,0.0,-1
21426,0.0,-1
21427,0.0,-1
21428,0.0,-1
21429,0.0,-1
21430,0.0,-1
21431,0.0,-1
21432,0.0,-1
21433,0.0,-1
21434,0.0,-1
21435,0.0,-1
21436,0.0,-1
21437,0.0,-1
21438,0.0,-1
21439,0.0,-1
21440,0.0,-1
21441,0.0,-1
21442,0.0,-1
21443,0.0,-1
21444,0.0,-1
21445,0.0,-1
21446,0.0,-1
21447,0.0,-1
21448,0.0,-1
21449,0.0,-1
21450,0.0,-1
21451,0.0,-1
21452,0.0,-1
21453,0.0,-1
21454,0.0,-1
21455,0.0,-1
21456,0.0,-1
21457,0.0,-1
21458,0.0,-1
21459,0.0,-1
21460,0.0,-1
21461,0.0,-1
21462,0.0,-1
21463,0.0,-1
21464,0.0,-1
21465,0.0,-1
21466,0.0,-1
21467,0.0,-1
21468,0.0,-1
21469,0.0,-1
21470,0.0,-1
21471,0.0,-1
21472,0.0,-1
21473,0.0,-1
21474,0.0,-1
21475,0.0,-1
21476,0.0,-1
21477,0.0,-1
21478,0.0,-1
21479,0.0,-1
21480,0.0,-1
21481,0.0,-1
21482,0.0,-1
21483,0.0,-1
21484,0.0,-1
21485,0.0,-1
21486,0.0,-1
21487,0.0,-1
21488,0.0,-1
21489,0.0,-1
21490,0.0,-1
21491,0.0,-1
21492,0.0,-1
21493,0.0,-1
21494,0.0,-1
21495,0.0,-1
21496,0.0,-1
21497,0.0,-1
21498,0.0,-1
21499,0.0,-1
21500,0.0,-1
21501,0.0,-1
21502,0.0,-1
21503,0.0,-1
21504,0.0,-1
21505,0.0,-1
21506,0.0,-1
21507,0.0,-1
21508,0.0,-1
21509,0.0,-1
21510,0.0,-1
21511,0.0,-1
21512,0.0,-1
21513,0.0,-1
21514,0.0,-1
21515,0.0,-1
21516,0.0,-1
21517,0.0,-1
21518,0.0,-1
21519,0.0,-1
21520,0.0,-1
21521,0.0,-1
21522,0.0,-1
21523,0.0,-1
21524,0.0,-1
21525,0.0,-1
21526,0.0,-1
21527,0.0,-1
21528,0.0,-1
21529,0.0,-1
21530,0.0,-1
21531,0.0,-1
21532,0.0,-1
21533,0.0,-1
21534,0.0,-1
21535,0.0,-1
21536,0.0,-1
21537,0.0,-1
21538,0.0,-1
21539,0.0,-1
21540,0.0,-1
21541,0.0,-1
21542,0.0,-1
21543,0.0,-1
21544,0.0,-1
21545,0.0,-1
21546,0.0,-1
21547,0.0,-1
21548,0.0,-1
21549,0.0,-1
21550,0.0,-1
21551,0.0,-1
21552,0.0,-1
21553,0.0,-1
21554,0.0,-1
21555,0.0,-1
21556,0.0,-1
21557,0.0,-1
21558,0.0,-1
21559,0.0,-1
21560,0.0,-1
21561,0.0,-1
21562,0.0,-1
21563,0.0,-1
21564,0.0,-1
21565,0.0,-1
21566,0.0,-1
21567,0.0,-1
21568,0.0,-1
21569,0.0,-1
21570,0.0,-1
21571,0.0,-1
21572,0.0,-1
21573,0.0,-1
21574,0.0,-1
21575,0.0,-1
21576,0.0,-1
21577,0.0,-1
21578,0.0,-1
21579,0.0,-1
21580,0.0,-1
21581,0.0,-1
21582,0.0,-1
21583,0.0,-1
21584,0.0,-1
21585,0.0,-1
21586,0.0,-1
21587,0.0,-1
21588,0.0,-1
21589,0.0,-1
21590,0.0,-1
21591,0.0,-1
21592,0.0,-1
21593,0.0,-1
21594,0.0,-1
21595,0.0,-1
21596,0.0,-1
21597,0.0,-1
21598,0.0,-1
21599,0.0,-1
21600,0.0,-1
21601,0.0,-1
21602,0.0,-1
21603,0.0,-1
21604,0.0,-1
21605,0.0,-1
21606,0.0,-1
21607,0.0,-1
21608,0.0,-1
21609,0.0,-1
21610,0.0,-1
21611,0.0,-1
21612,0.0,-1
21613,0.0,-1
21614,0.0,-1
21615,0.0,-1
21616,0.0,-1
21617,0.0,-1
21618,0.0,-1
21619,0.0,-1
21620,0.0,-1
21621,0.0,-1
21622,0.0,-1
21623,0.0,-1
21624,13.035407292704168,1
21625,5.038236563181279,1
21626,3.113539953773794,1
21627,2.1525125569233348,1
21628,3.1498167793581624,1
21629,2.4117897918314046,1
21630,2.455076505003684,1
21631,2.3534898214129836,1
21632,15.904991795477274,1
21633,5.761574944219203,1
21634,3.437699252612245,1
21635,2.2384474349590144,1
21636,3.3650730438994123,1
21637,2.5620823681028355,1
21638,2.628880023304273,1
21639,2.4881502949945955,1
21640,17.21057139370221,1
21641,5.734709258306973,1
21642,3.454076853989705,1
21643,2.2703464695116384,1
21644,3.408360032149052,1
21645,2.609073918062266,1
21646,2.639022484562845,1
21647,2.522150909167814,1
21648,14.986522447481686,1
21649,5.4003424820536745,1
21650,3.311270992122119,1
21651,2.2222487402245843,1
21652,3.2673888922912457,1
21653,2.509952341189933,1
21654,2.5805644324859833,1
21655,2.4428327772713687,1
21656,13.615494040356573,1
21657,5.072147144116281,1
21658,3.179073984013134,1
21659,2.190525339062036,1
21660,3.1796745694731907,1
21661,2.4499404436299863,1
21662,2.5000154532701533,1
21663,2.4067761489468458,1
21664,16.998669654340105,1
21665,5.681237100165289,1
21666,3.5110625184316357,1
21667,2.287089326824087,1
21668,3.422386323440524,1
21669,2.5889657024619623,1
21670,2.631065921110502,1
21671,2.509910242610599,1
21672,14.3778142589901,1
21673,5.338818861955251,1
21674,3.334135791007243,1
21675,2.222545171590454,1
21676,3.2715127758946,1
21677,2.509468048813685,1
21678,2.555455351963669,1
21679,2.4452089178697842,1
21680,24.619413360845677,1
21681,6.985460406928818,1
21682,3.8180077068816627,1
21683,2.3558670481475295,1
21684,3.848076312679258,1
21685,2.7596048623526985,1
21686,2.806941858035459,1
21687,2.65956684360733,1
21688,22.847809884297142,1
21689,6.704709862386541,1
21690,3.6850331062527926,1
21691,2.308793604008974,1
21692,3.828358660972592,1
21693,2.6809852744384943,1
21694,2.800976926795817,1
21695,2.6166944309972493,1
21696,13.398328142524571,1
21697,5.361380651740205,1
21698,3.262039909665982,1
21699,2.205384873164927,1
21700,3.1540053139547495,1
21701,2.470236303316129,1
21702,2.5057208343327453,1
21703,2.413883482259257,1
21704,16.014909598393796,1
21705,5.629672272063526,1
21706,3.4206789055458633,1
21707,2.232125907215423,1
21708,3.4065623584606226,1
21709,2.5356677754307073,1
21710,2.5871802713992538,1
21711,2.482402853139831,1
21712,9.448522237091186,1
21713,4.258864078327713,1
21714,2.837082830178219,1
21715,2.0725981913097606,1
21716,2.79745959390237,1
21717,2.2712706316943656,1
21718,2.318361134281242,1
21719,2.232023690767787,1
21720,13.07777562999402,1
21721,4.905215487188893,1
21722,3.135811552308509,1
21723,2.1663211112431133,1
21724,3.1423918781451183,1
21725,2.418155695168511,1
21726,2.480663057134534,1
21727,2.376133587154151,1
21728,14.521781332297575,1
21729,5.238324381089359,1
21730,3.2934432427426916,1
21731,2.1912591721055024,1
21732,3.1666222555682046,1
21733,2.4789417227425754,1
21734,2.512271713359075,1
21735,2.3978561583780187,1
21736,15.183641063140678,1
21737,5.576522850899873,1
21738,3.346682641462139,1
21739,2.2307882155723613,1
21740,3.273622753961145,1
21741,2.526896937174273,1
21742,2.58503598969003,1
21743,2.4621199545112926,1
21744,23.259816430303193,1
21745,6.858409839168979,1
21746,3.8767800064347533,1
21747,2.339388200582048,1
21748,3.7992515357056478,1
21749,2.736413414926884,1
21750,2.794109006149399,1
21751,2.6412135539534325,1
21752,11.748136638139473,1
21753,4.91472960522499,1
21754,3.1379045965997543,1
21755,2.1660298517442356,1
21756,3.0599609127895335,1
21757,2.432650553998982,1
21758,2.4567314945266214,1
21759,2.371168062393275,1
21760,48.29755414643443,1
21761,9.352139372328224,1
21762,4.544509831930919,1
21763,2.4906112398493727,1
21764,4.742855792996869,1
21765,3.0995600108233425,1
21766,3.1859844276667704,1
21767,2.9098821792789096,1
21768,15.77180491943574,1
21769,5.578715186668827,1
21770,3.2996173376487623,1
21771,2.2152103473025795,1
21772,3.2967871657937056,1
21773,2.4963039581200728,1
21774,2.5500408400917265,1
21775,2.435325870094762,1
21776,24.880566439945333,1
21777,6.952383232632553,1
21778,3.8481596113396597,1
21779,2.396956786013109,1
21780,3.8672617596877616,1
21781,2.7979745292647578,1
21782,2.8901282778335484,1
21783,2.7011668039914376,1
21784,27.03118247345727,1
21785,8.095171257382447,1
21786,4.230989282496856,1
21787,2.3609646210621418,1
21788,4.270418519130311,1
21789,2.855217370928688,1
21790,2.9380232157255217,1
21791,2.7109259252082225,1
21792,30.09156726431006,1
21793,8.038408146445413,1
21794,4.346085097339932,1
21795,2.4265566322573022,1
21796,4.145639808485824,1
21797,2.9021144683394544,1
21798,2.995928826165899,1
21799,2.7725012214168565,1
21800,17.312230920892002,1
21801,5.914225663577516,1
21802,3.487339355148575,1
21803,2.2482248487634013,1
21804,3.447299150352692,1
21805,2.583891253378911,1
21806,2.612747959356644,1
21807,2.491112840980169,1
21808,12.556974944996737,1
21809,5.0363113048888755,1
21810,3.1236259311679566,1
21811,2.1739823413241486,1
21812,3.1121581230643747,1
21813,2.4212551615801874,1
21814,2.4755652875605554,1
21815,2.370257756543471,1
21816,22.73335622995901,1
21817,6.558495046310772,1
21818,3.8176987008588315,1
21819,2.3395418008655486,1
21820,3.804331330973202,1
21821,2.741916923795415,1
21822,2.84169769276624,1
21823,2.6679403821955576,1
21824,17.281566399581703,1
21825,5.569966083157268,1
21826,3.4479167015752252,1
21827,2.2396392856842886,1
21828,3.3514417664781297,1
21829,2.546225319490137,1
21830,2.6082418374626037,1
21831,2.4929667913200384,1
21832,12.70052475056152,1
21833,5.027156035351332,1
21834,3.1255230488194083,1
21835,2.1741283335113906,1
21836,3.056738460589264,1
21837,2.421097802938169,1
21838,2.4637557360435896,1
21839,2.373204359503822,1
21840,16.560313175627506,1
21841,6.043058320562705,1
21842,3.4835943280009696,1
21843,2.255934491413216,1
21844,3.399231822344701,1
21845,2.5751167661938044,1
21846,2.6304274467142057,1
21847,2.5044867815255993,1
21848,10.963646797078091,1
21849,4.496135800961553,1
21850,2.992461345824127,1
21851,2.127005464424049,1
21852,2.999303184761668,1
21853,2.3517326929432953,1
21854,2.382523851228279,1
21855,2.314990263082266,1
21856,12.52715538737127,1
21857,4.710918673480596,1
21858,3.07691261904222,1
21859,2.1579520324708557,1
21860,3.0706683326455924,1
21861,2.4029854799108716,1
21862,2.4446477418110484,1
21863,2.3554728825983817,1
21864,29.707173185339816,1
21865,7.972833620715017,1
21866,4.196594300666538,1
21867,2.441248969046577,1
21868,4.142579413254874,1
21869,2.868611762266981,1
21870,2.989393223552786,1
21871,2.808645308174428,1
21872,12.994835423800678,1
21873,5.04473343064074,1
21874,3.159734084145998,1
21875,2.1817995745166683,1
21876,3.0988129975305387,1
21877,2.4457054033057446,1
21878,2.5074069059090407,1
21879,2.3926312566780994,1
21880,22.873775060917243,1
21881,6.475165313141461,1
21882,3.746945157654077,1
21883,2.2289250460986447,1
21884,3.870259120498891,1
21885,2.647378469990827,1
21886,2.73722082094957,1
21887,2.565802603486873,1
21888,18.598155875652477,1
21889,6.275981937871164,1
21890,3.6015939908867924,1
21891,2.2887528512529216,1
21892,3.602094496157396,1
21893,2.625633588628675,1
21894,2.687787640724879,1
21895,2.5653952692573316,1
21896,12.831929077580376,1
21897,5.102104971763194,1
21898,3.249825978845665,1
21899,2.1906720921698395,1
21900,3.1877567107018967,1
21901,2.465366951648213,1
21902,2.508396685903079,1
21903,2.4099115166901885,1
21904,52.61555149446928,1
21905,10.737580023572045,1
21906,4.99066178818766,1
21907,2.5349763610906684,1
21908,5.08939515891149,1
21909,3.18255676105999,1
21910,3.2072089092832234,1
21911,3.0608648022319693,1
21912,17.085363230119423,1
21913,5.759847115456925,1
21914,3.4110589185563764,1
21915,2.2713995870441046,1
21916,3.458523389772352,1
21917,2.5903644599050932,1
21918,2.6386877428142923,1
21919,2.512767256777284,1
21920,19.47473094299544,1
21921,6.395806638164276,1
21922,3.7011898518059234,1
21923,2.3145119831021255,1
21924,3.5686050537466327,1
21925,2.698075105081027,1
21926,2.7596180911030315,1
21927,2.610786692835082,1
21928,26.325340174230398,1
21929,7.14335497513801,1
21930,3.917275623368219,1
21931,2.373047736392795,1
21932,3.8500982292915737,1
21933,2.782940256171478,1
21934,2.853878078532112,1
21935,2.7034761728407477,1
21936,17.332825359794946,1
21937,5.79423211493928,1
21938,3.391342876764242,1
21939,2.2565335795540595,1
21940,3.442747413037418,1
21941,2.5859862432067713,1
21942,2.651864343511369,1
21943,2.4858384720434836,1
21944,17.231105067285117,1
21945,5.935026973831294,1
21946,3.473656625383464,1
21947,2.23286930854884,1
21948,3.5240349668499813,1
21949,2.5522944691302474,1
21950,2.6032204512585158,1
21951,2.4912236184042276,1
21952,12.681377965908172,1
21953,4.668082623072493,1
21954,3.0849098282767704,1
21955,2.1415779285921257,1
21956,3.0424820386305163,1
21957,2.3781071945264576,1
21958,2.422945145431798,1
21959,2.3300562335052684,1
21960,35.60383461430539,1
21961,8.359813576378498,1
21962,4.4291965736431225,1
21963,2.4471103849749496,1
21964,4.320383791450568,1
21965,2.9708300761238084,1
21966,3.08126465906079,1
21967,2.8569484903082594,1
21968,11.921361778883464,1
21969,4.886064413285602,1
21970,3.1050802827204147,1
21971,2.1739823413241486,1
21972,3.0645828830727435,1
21973,2.4071218313947638,1
21974,2.461844458411569,1
21975,2.3632892232589042,1
21976,12.517747557534191,1
21977,4.876326113910822,1
21978,3.1701656236871236,1
21979,2.1752965127801263,1
21980,3.1100781019127877,1
21981,2.4356051379226216,1
21982,2.477004327921566,1
21983,2.378017506508343,1
21984,18.962494491033016,1
21985,5.980071224268643,1
21986,3.5526690732836004,1
21987,2.2733562765496593,1
21988,3.468994333448082,1
21989,2.6208792600604403,1
21990,2.6621941895568177,1
21991,2.5385512778832453,1
21992,24.014611424530212,1
21993,6.465979604925417,1
21994,3.875951172930736,1
21995,2.323286696546719,1
21996,3.815288037211181,1
21997,2.7072414449885085,1
21998,2.790399143523343,1
21999,2.6523535544944146,1
22000,17.644004033179176,1
22001,5.943070065703774,1
22002,3.4676370960975698,1
22003,2.3027116190794272,1
22004,3.4833111986307017,1
22005,2.605745282215188,1
22006,2.653559909718976,1
22007,2.5307306549110278,1
22008,16.153281850293443,1
22009,5.6078484699215485,1
22010,3.401920187380343,1
22011,2.2396392856842886,1
22012,3.2870750608670583,1
22013,2.5377537177779246,1
22014,2.595981467036618,1
22015,2.495859880863256,1
22016,92.3690862332051,1
22017,14.38107144897063,1
22018,5.585913012544583,1
22019,2.6259158015663275,1
22020,5.900659967535405,1
22021,3.4214068480985462,1
22022,3.6044909962399596,1
22023,3.223764480104173,1
22024,13.088139667058089,1
22025,4.890837519759751,1
22026,3.1608067292995092,1
22027,2.166612397536462,1
22028,3.0642582016642264,1
22029,2.4299675343366913,1
22030,2.4907636539823206,1
22031,2.3714781936195943,1
22032,0.0,-1
22033,0.0,-1
22034,0.0,-1
22035,0.0,-1
22036,0.0,-1
22037,0.0,-1
22038,0.0,-1
22039,0.0,-1
22040,0.0,-1
22041,0.0,-1
22042,0.0,-1
22043,0.0,-1
22044,0.0,-1
22045,0.0,-1
22046,0.0,-1
22047,0.0,-1
22048,0.0,-1
22049,0.0,-1
22050,0.0,-1
22051,0.0,-1
22052,0.0,-1
22053,0.0,-1
22054,0.0,-1
22055,0.0,-1
22056,0.0,-1
22057,0.0,-1
22058,0.0,-1
22059,0.0,-1
22060,0.0,-1
22061,0.0,-1
22062,0.0,-1
22063,0.0,-1
22064,0.0,-1
22065,0.0,-1
22066,0.0,-1
22067,0.0,-1
22068,0.0,-1
22069,0.0,-1
22070,0.0,-1
22071,0.0,-1
22072,0.0,-1
22073,0.0,-1
22074,0.0,-1
22075,0.0,-1
22076,0.0,-1
22077,0.0,-1
22078,0.0,-1
22079,0.0,-1
22080,0.0,-1
22081,0.0,-1
22082,0.0,-1
22083,0.0,-1
22084,0.0,-1
22085,0.0,-1
22086,0.0,-1
22087,0.0,-1
22088,0.0,-1
22089,0.0,-1
22090,0.0,-1
22091,0.0,-1
22092,0.0,-1
22093,0.0,-1
22094,0.0,-1
22095,0.0,-1
22096,0.0,-1
22097,0.0,-1
22098,0.0,-1
22099,0.0,-1
22100,0.0,-1
22101,0.0,-1
22102,0.0,-1
22103,0.0,-1
22104,0.0,-1
22105,0.0,-1
22106,0.0,-1
22107,0.0,-1
22108,0.0,-1
22109,0.0,-1
22110,0.0,-1
22111,0.0,-1
22112,0.0,-1
22113,0.0,-1
22114,0.0,-1
22115,0.0,-1
22116,0.0,-1
22117,0.0,-1
22118,0.0,-1
22119,0.0,-1
22120,0.0,-1
22121,0.0,-1
22122,0.0,-1
22123,0.0,-1
22124,0.0,-1
22125,0.0,-1
22126,0.0,-1
22127,0.0,-1
22128,0.0,-1
22129,0.0,-1
22130,0.0,-1
22131,0.0,-1
22132,0.0,-1
22133,0.0,-1
22134,0.0,-1
22135,0.0,-1
22136,0.0,-1
22137,0.0,-1
22138,0.0,-1
22139,0.0,-1
22140,0.0,-1
22141,0.0,-1
22142,0.0,-1
22143,0.0,-1
22144,0.0,-1
22145,0.0,-1
22146,0.0,-1
22147,0.0,-1
22148,0.0,-1
22149,0.0,-1
22150,0.0,-1
22151,0.0,-1
22152,0.0,-1
22153,0.0,-1
22154,0.0,-1
22155,0.0,-1
22156,0.0,-1
22157,0.0,-1
22158,0.0,-1
22159,0.0,-1
22160,0.0,-1
22161,0.0,-1
22162,0.0,-1
22163,0.0,-1
22164,0.0,-1
22165,0.0,-1
22166,0.0,-1
22167,0.0,-1
22168,0.0,-1
22169,0.0,-1
22170,0.0,-1
22171,0.0,-1
22172,0.0,-1
22173,0.0,-1
22174,0.0,-1
22175,0.0,-1
22176,0.0,-1
22177,0.0,-1
22178,0.0,-1
22179,0.0,-1
22180,0.0,-1
22181,0.0,-1
22182,0.0,-1
22183,0.0,-1
22184,0.0,-1
22185,0.0,-1
22186,0.0,-1
22187,0.0,-1
22188,0.0,-1
22189,0.0,-1
22190,0.0,-1
22191,0.0,-1
22192,0.0,-1
22193,0.0,-1
22194,0.0,-1
22195,0.0,-1
22196,0.0,-1
22197,0.0,-1
22198,0.0,-1
22199,0.0,-1
22200,0.0,-1
22201,0.0,-1
22202,0.0,-1
22203,0.0,-1
22204,0.0,-1
22205,0.0,-1
22206,0.0,-1
22207,0.0,-1
22208,0.0,-1
22209,0.0,-1
22210,0.0,-1
22211,0.0,-1
22212,0.0,-1
22213,0.0,-1
22214,0.0,-1
22215,0.0,-1
22216,0.0,-1
22217,0.0,-1
22218,0.0,-1
22219,0.0,-1
22220,0.0,-1
22221,0.0,-1
22222,0.0,-1
22223,0.0,-1
22224,0.0,-1
22225,0.0,-1
22226,0.0,-1
22227,0.0,-1
22228,0.0,-1
22229,0.0,-1
22230,0.0,-1
22231,0.0,-1
22232,0.0,-1
22233,0.0,-1
22234,0.0,-1
22235,0.0,-1
22236,0.0,-1
22237,0.0,-1
22238,0.0,-1
22239,0.0,-1
22240,0.0,-1
22241,0.0,-1
22242,0.0,-1
22243,0.0,-1
22244,0.0,-1
22245,0.0,-1
22246,0.0,-1
22247,0.0,-1
22248,0.0,-1
22249,0.0,-1
22250,0.0,-1
22251,0.0,-1
22252,0.0,-1
22253,0.0,-1
22254,0.0,-1
22255,0.0,-1
22256,0.0,-1
22257,0.0,-1
22258,0.0,-1
22259,0.0,-1
22260,0.0,-1
22261,0.0,-1
22262,0.0,-1
22263,0.0,-1
22264,0.0,-1
22265,0.0,-1
22266,0.0,-1
22267,0.0,-1
22268,0.0,-1
22269,0.0,-1
22270,0.0,-1
22271,0.0,-1
22272,0.0,-1
22273,0.0,-1
22274,0.0,-1
22275,0.0,-1
22276,0.0,-1
22277,0.0,-1
22278,0.0,-1
22279,0.0,-1
22280,0.0,-1
22281,0.0,-1
22282,0.0,-1
22283,0.0,-1
22284,0.0,-1
22285,0.0,-1
22286,0.0,-1
22287,0.0,-1
22288,0.0,-1
22289,0.0,-1
22290,0.0,-1
22291,0.0,-1
22292,0.0,-1
22293,0.0,-1
22294,0.0,-1
22295,0.0,-1
22296,0.0,-1
22297,0.0,-1
22298,0.0,-1
22299,0.0,-1
22300,0.0,-1
22301,0.0,-1
22302,0.0,-1
22303,0.0,-1
22304,0.0,-1
22305,0.0,-1
22306,0.0,-1
22307,0.0,-1
22308,0.0,-1
22309,0.0,-1
22310,0.0,-1
22311,0.0,-1
22312,0.0,-1
22313,0.0,-1
22314,0.0,-1
22315,0.0,-1
22316,0.0,-1
22317,0.0,-1
22318,0.0,-1
22319,0.0,-1
22320,0.0,-1
22321,0.0,-1
22322,0.0,-1
22323,0.0,-1
22324,0.0,-1
22325,0.0,-1
22326,0.0,-1
22327,0.0,-1
22328,0.0,-1
22329,0.0,-1
22330,0.0,-1
22331,0.0,-1
22332,0.0,-1
22333,0.0,-1
22334,0.0,-1
22335,0.0,-1
22336,0.0,-1
22337,0.0,-1
22338,0.0,-1
22339,0.0,-1
22340,0.0,-1
22341,0.0,-1
22342,0.0,-1
22343,0.0,-1
22344,0.0,-1
22345,0.0,-1
22346,0.0,-1
22347,0.0,-1
22348,0.0,-1
22349,0.0,-1
22350,0.0,-1
22351,0.0,-1
22352,0.0,-1
22353,0.0,-1
22354,0.0,-1
22355,0.0,-1
22356,0.0,-1
22357,0.0,-1
22358,0.0,-1
22359,0.0,-1
22360,0.0,-1
22361,0.0,-1
22362,0.0,-1
22363,0.0,-1
22364,0.0,-1
22365,0.0,-1
22366,0.0,-1
22367,0.0,-1
22368,0.0,-1
22369,0.0,-1
22370,0.0,-1
22371,0.0,-1
22372,0.0,-1
22373,0.0,-1
22374,0.0,-1
22375,0.0,-1
22376,0.0,-1
22377,0.0,-1
22378,0.0,-1
22379,0.0,-1
22380,0.0,-1
22381,0.0,-1
22382,0.0,-1
22383,0.0,-1
22384,0.0,-1
22385,0.0,-1
22386,0.0,-1
22387,0.0,-1
22388,0.0,-1
22389,0.0,-1
22390,0.0,-1
22391,0.0,-1
22392,0.0,-1
22393,0.0,-1
22394,0.0,-1
22395,0.0,-1
22396,0.0,-1
22397,0.0,-1
22398,0.0,-1
22399,0.0,-1
22400,0.0,-1
22401,0.0,-1
22402,0.0,-1
22403,0.0,-1
22404,0.0,-1
22405,0.0,-1
22406,0.0,-1
22407,0.0,-1
22408,0.0,-1
22409,0.0,-1
22410,0.0,-1
22411,0.0,-1
22412,0.0,-1
22413,0.0,-1
22414,0.0,-1
22415,0.0,-1
22416,0.0,-1
22417,0.0,-1
22418,0.0,-1
22419,0.0,-1
22420,0.0,-1
22421,0.0,-1
22422,0.0,-1
22423,0.0,-1
22424,0.0,-1
22425,0.0,-1
22426,0.0,-1
22427,0.0,-1
22428,0.0,-1
22429,0.0,-1
22430,0.0,-1
22431,0.0,-1
22432,0.0,-1
22433,0.0,-1
22434,0.0,-1
22435,0.0,-1
22436,0.0,-1
22437,0.0,-1
22438,0.0,-1
22439,0.0,-1
22440,13.434491253134636,0
22441,4.863887820894483,0
22442,3.1439605565755975,0
22443,2.164804746000498,0
22444,2.9893642555224735,0
22445,2.409456595541589,0
22446,2.5352733919237886,0
22447,2.3742502947958735,0
22448,16.410555351200294,0
22449,5.776234742128278,0
22450,3.4595027691828344,0
22451,2.270617834499688,0
22452,3.175770813832345,0
22453,2.5657998786076694,0
22454,2.664598279551476,0
22455,2.4459808832040917,0
22456,16.243811560051626,0
22457,5.8592648147695945,0
22458,3.4468338354080985,0
22459,2.3061145901546456,0
22460,3.378219936583429,0
22461,2.6033694405805243,0
22462,2.7066340826644972,0
22463,2.504495604405291,0
22464,15.02661574590783,0
22465,5.559637076364761,0
22466,3.3345810101883004,0
22467,2.2478528091595407,0
22468,3.1393228244242697,0
22469,2.505215581381272,0
22470,2.625165972716086,0
22471,2.455452951181644,0
22472,13.221929051825649,0
22473,5.024812931462686,0
22474,3.1876519619151282,0
22475,2.2098125449855655,0
22476,3.043872159566314,0
22477,2.460075310296529,0
22478,2.5182939545550527,0
22479,2.4055666325670666,0
22480,16.796450617773964,0
22481,6.013962293965952,0
22482,3.4418413643880994,0
22483,2.323378487349086,0
22484,3.3305791547983983,0
22485,2.608299921820386,0
22486,2.7049480264530485,0
22487,2.515346774368755,0
22488,16.84403927281875,0
22489,5.488603992294199,0
22490,3.2393593486441468,0
22491,2.247408638957736,0
22492,3.3019736932863486,0
22493,2.4934960463181817,0
22494,2.6586190224042494,0
22495,2.43741997618321,0
22496,24.345435468536774,0
22497,7.030422244491838,0
22498,3.982459841110268,0
22499,2.402257492944478,0
22500,3.75195976302625,0
22501,2.7378406677836655,0
22502,2.89010275561059,0
22503,2.6615749645169267,0
22504,23.450508785715847,0
22505,6.982128650576186,0
22506,3.7688823054087375,0
22507,2.3467985080836953,0
22508,3.7568446587882,0
22509,2.7312876173160237,0
22510,2.841183665775655,0
22511,2.664073319265472,0
22512,14.608242786932117,0
22513,5.270471176062416,0
22514,3.198166580329273,0
22515,2.2279551836650677,0
22516,3.137702701098167,0
22517,2.4798386494624913,0
22518,2.579119604415509,0
22519,2.3883906116586013,0
22520,16.95755690433488,0
22521,5.878430406276534,0
22522,3.439932969685863,0
22523,2.2589378509207645,0
22524,3.2786769573035333,0
22525,2.577838935973963,0
22526,2.632934806449171,0
22527,2.451728501906545,0
22528,9.165468046770505,0
22529,4.142799301872331,0
22530,2.837644334554423,0
22531,2.074478516380898,0
22532,2.724865972780902,0
22533,2.255394419422167,0
22534,2.3301188751145885,0
22535,2.1918297847823407,0
22536,14.29327631253946,0
22537,5.150918983803983,0
22538,3.112341099525258,0
22539,2.182181448890329,0
22540,3.0026805292000667,0
22541,2.3959555139715087,0
22542,2.5087057331535507,0
22543,2.3560726673135903,0
22544,14.12286271846126,0
22545,5.052837434270338,0
22546,3.309805772115816,0
22547,2.2111869802686783,0
22548,3.1478464597041627,0
22549,2.4484720556517425,0
22550,2.5269666980510017,0
22551,2.3930815279308044,0
22552,16.0101091652104,0
22553,5.787538479318862,0
22554,3.394028506763051,0
22555,2.2599201940905944,0
22556,3.333550438137241,0
22557,2.563171356563871,0
22558,2.651600820422214,0
22559,2.47637955490914,0
22560,24.832276206148848,0
22561,6.539154374914688,0
22562,3.8117212658152493,0
22563,2.3857609940021165,0
22564,3.7581820333983753,0
22565,2.7230715174687417,0
22566,2.9215826358704957,0
22567,2.6779584035862407,0
22568,13.74563102313534,0
22569,5.208880130332646,0
22570,3.024622802404883,0
22571,2.1818839315375196,0
22572,3.168451217878289,0
22573,2.4221407873533654,0
22574,2.5096656179648673,0
22575,2.3528531949288207,0
22576,46.43152237853349,0
22577,8.744747324040336,0
22578,4.55087743318148,0
22579,2.562134061086901,0
22580,4.502483025784679,0
22581,3.068718508801276,0
22582,3.4532818254765876,0
22583,2.957087356249605,0
22584,16.044622755123658,0
22585,5.5722858310913645,0
22586,3.326194300804152,0
22587,2.2398509933065864,0
22588,3.3224459622929507,0
22589,2.5125763524932525,0
22590,2.592992878146268,0
22591,2.43419319161259,0
22592,25.654448781062378,0
22593,7.241103856436138,0
22594,3.956611116572281,0
22595,2.4543826273542733,0
22596,3.87065946063809,0
22597,2.8274087245919195,0
22598,2.9752021562590087,0
22599,2.6729049383346926,0
22600,36.80428662035085,0
22601,8.428210917351889,0
22602,4.054360491850447,0
22603,2.4118646910414454,0
22604,4.253043890931241,0
22605,2.9210200919857203,0
22606,3.0755380538918318,0
22607,2.770463599411844,0
22608,36.62230420128772,0
22609,8.109926785366342,0
22610,4.283199340110253,0
22611,2.486980833778744,0
22612,4.2657253856690645,0
22613,2.8606732198566895,0
22614,3.129797353327756,0
22615,2.8123747547292703,0
22616,18.89857727062434,0
22617,5.727117499204982,0
22618,3.4276235822016488,0
22619,2.277786209282286,0
22620,3.383178714530821,0
22621,2.5426118586608517,0
22622,2.7076872410338972,0
22623,2.4624407306274603,0
22624,12.458865443488314,0
22625,4.7660985740035,0
22626,3.1134787741329824,0
22627,2.192230662853899,0
22628,3.0305331246925906,0
22629,2.4312164239531153,0
22630,2.505427028938396,0
22631,2.3614073050120203,0
22632,24.485944980578935,0
22633,7.000112302731457,0
22634,3.919725559919661,0
22635,2.3886820657607264,0
22636,3.7094359085470328,0
22637,2.7731868674738145,0
22638,2.900354275373277,0
22639,2.662996599498351,0
22640,18.209729046445705,0
22641,5.779522063793234,0
22642,3.182757085169821,0
22643,2.2702564255194155,0
22644,3.277839902810697,0
22645,2.5459355466766294,0
22646,2.667657772538026,0
22647,2.471527218786928,0
22648,13.192529949646246,0
22649,5.048404996453603,0
22650,3.0833704657931564,0
22651,2.192070318448331,0
22652,3.037672339573477,0
22653,2.434229996158388,0
22654,2.4920763124936403,0
22655,2.3489984849457977,0
22656,18.721416020452207,0
22657,5.852087750563767,0
22658,3.3891236371146105,0
22659,2.286928088679095,0
22660,3.3462009821028706,0
22661,2.573130583012888,0
22662,2.688537903259788,0
22663,2.484790671355987,0
22664,11.721892779084406,0
22665,4.766632952040228,0
22666,2.8949302457247095,0
22667,2.1355867350243134,0
22668,2.93383771995143,0
22669,2.3602325997917823,0
22670,2.394658079907354,0
22671,2.295175512325688,0
22672,13.44508287504081,0
22673,4.78246396320722,0
22674,3.12270337312332,0
22675,2.173129841687267,0
22676,2.991022081960406,0
22677,2.3775455567044745,0
22678,2.5017653805009283,0
22679,2.3402603433816602,0
22680,39.20987888871508,0
22681,8.720392188092527,0
22682,4.214257368293602,0
22683,2.5115005571831612,0
22684,4.280331636975428,0
22685,2.939686391848689,0
22686,3.0607914780121015,0
22687,2.7784930054045356,0
22688,12.400601327269209,0
22689,4.932161214483629,0
22690,3.2015894531835825,0
22691,2.2005957491953922,0
22692,3.0251020893917215,0
22693,2.426804885010634,0
22694,2.529272650480637,0
22695,2.3821641519627454,0
22696,21.715443809778556,0
22697,6.916670474136876,0
22698,3.725644031431782,0
22699,2.2568655848639665,0
22700,3.858278521334028,0
22701,2.6314136924365035,0
22702,2.7447776580560665,0
22703,2.5736264107747644,0
22704,20.119702061083775,0
22705,6.449030820973492,0
22706,3.505858065559343,0
22707,2.3273949839723955,0
22708,3.692029859924764,0
22709,2.6151831252866082,0
22710,2.7777506716896334,0
22711,2.5403838473929423,0
22712,16.148341776612824,0
22713,5.358699356552716,0
22714,3.191922767494125,0
22715,2.2102962761883536,0
22716,3.0400306501081404,0
22717,2.4598106577033096,0
22718,2.5237928825635803,0
22719,2.368883082891137,0
22720,55.033834422045615,0
22721,10.800768965830976,0
22722,4.966235700608281,0
22723,2.615926264634047,0
22724,5.048621920584822,0
22725,3.1562467365535536,0
22726,3.459679893946337,0
22727,3.0616818237262455,0
22728,18.144885945242496,0
22729,6.167076869915424,0
22730,3.42361744822901,0
22731,2.304135179999487,0
22732,3.248894248104584,0
22733,2.5407613335123855,0
22734,2.7001548978898615,0
22735,2.512835577828946,0
22736,20.25910737734911,0
22737,6.430368530194743,0
22738,3.7970340549995827,0
22739,2.3576918563420306,0
22740,3.523355795544851,0
22741,2.6838047214841296,0
22742,2.8498336865072242,0
22743,2.5939099756612958,0
22744,25.129252634729095,0
22745,7.323764144172762,0
22746,4.06001377448511,0
22747,2.4277068438143425,0
22748,3.7948279772906717,0
22749,2.814269728598316,0
22750,2.970589743314112,0
22751,2.6874794052584727,0
22752,17.656808727917028,0
22753,5.702296374596451,0
22754,3.5313518716523804,0
22755,2.288676054063826,0
22756,3.3262670399865883,0
22757,2.5605701695565766,0
22758,2.7226649852427394,0
22759,2.5296578368263356,0
22760,16.397037143936235,0
22761,5.900420004766996,0
22762,3.434615417061115,0
22763,2.259746397782973,0
22764,3.3962198290517187,0
22765,2.5405634431925357,0
22766,2.6649839305647753,0
22767,2.4856818407746055,0
22768,11.181480375691498,0
22769,4.5358157865782065,0
22770,3.0566878573639196,0
22771,2.154778481932306,0
22772,3.0570887478694617,0
22773,2.3973809285610788,0
22774,2.452372694503211,0
22775,2.337445959039749,0
22776,40.79248735489267,0
22777,8.439906969782808,0
22778,4.061947020348646,0
22779,2.5113025207636506,0
22780,4.260729116982666,0
22781,2.994511039004104,0
22782,3.153013377178459,0
22783,2.8305475097840693,0
22784,12.289238708973754,0
22785,4.972718445008775,0
22786,3.0528359008602846,0
22787,2.19060790377662,0
22788,2.921146431193144,0
22789,2.403980349688264,0
22790,2.4815436591270474,0
22791,2.3567193226617333,0
22792,12.634224986787569,0
22793,4.984944786695053,0
22794,3.2235394870381366,0
22795,2.1912909366132887,0
22796,3.0104011850774324,0
22797,2.427355498627468,0
22798,2.489621776648108,0
22799,2.3762459552462456,0
22800,21.07200246652169,0
22801,6.3162056931899,0
22802,3.316199569466006,0
22803,2.3071776020893133,0
22804,3.3553522319332396,0
22805,2.646318689449875,0
22806,2.769374911457286,0
22807,2.5482041215038187,0
22808,21.23039589083108,0
22809,7.351615397995375,0
22810,3.752358420842453,0
22811,2.370142423520979,0
22812,3.706933869551146,0
22813,2.737112332953173,0
22814,2.8480790230378488,0
22815,2.6661488751794615,0
22816,18.700328233686115,0
22817,6.260958709638474,0
22818,3.4918373326409773,0
22819,2.342265205009858,0
22820,3.417263037414557,0
22821,2.6417995533846974,0
22822,2.7588208335729636,0
22823,2.5471445254170577,0
22824,14.84035413520077,0
22825,5.854185105611836,0
22826,3.2780288688409818,0
22827,2.267960084586221,0
22828,3.2749151399166405,0
22829,2.507812920428274,0
22830,2.6602705044819115,0
22831,2.5028502553745806,0
22832,82.6440775806147,0
22833,14.634283608108465,0
22834,6.3248649547441405,0
22835,2.7321079720643997,0
22836,5.531984501582838,0
22837,3.510099410914509,0
22838,3.8002261734839355,0
22839,3.374592131799253,0
22840,13.829657924904067,0
22841,4.635164779647889,0
22842,3.052403411600299,0
22843,2.1828307024109828,0
22844,2.960140143588769,0
22845,2.353202785644929,0
22846,2.4954749925424946,0
22847,2.345776835193269,0
22848,0.0,-1
22849,0.0,-1
22850,0.0,-1
22851,0.0,-1
22852,0.0,-1
22853,0.0,-1
22854,0.0,-1
22855,0.0,-1
22856,0.0,-1
22857,0.0,-1
22858,0.0,-1
22859,0.0,-1
22860,0.0,-1
22861,0.0,-1
22862,0.0,-1
22863,0.0,-1
22864,0.0,-1
22865,0.0,-1
22866,0.0,-1
22867,0.0,-1
22868,0.0,-1
22869,0.0,-1
22870,0.0,-1
22871,0.0,-1
22872,0.0,-1
22873,0.0,-1
22874,0.0,-1
22875,0.0,-1
22876,0.0,-1
22877,0.0,-1
22878,0.0,-1
22879,0.0,-1
22880,0.0,-1
22881,0.0,-1
22882,0.0,-1
22883,0.0,-1
22884,0.0,-1
22885,0.0,-1
22886,0.0,-1
22887,0.0,-1
22888,0.0,-1
22889,0.0,-1
22890,0.0,-1
22891,0.0,-1
22892,0.0,-1
22893,0.0,-1
22894,0.0,-1
22895,0.0,-1
22896,0.0,-1
22897,0.0,-1
22898,0.0,-1
22899,0.0,-1
22900,0.0,-1
22901,0.0,-1
22902,0.0,-1
22903,0.0,-1
22904,0.0,-1
22905,0.0,-1
22906,0.0,-1
22907,0.0,-1
22908,0.0,-1
22909,0.0,-1
22910,0.0,-1
22911,0.0,-1
22912,0.0,-1
22913,0.0,-1
22914,0.0,-1
22915,0.0,-1
22916,0.0,-1
22917,0.0,-1
22918,0.0,-1
22919,0.0,-1
22920,0.0,-1
22921,0.0,-1
22922,0.0,-1
22923,0.0,-1
22924,0.0,-1
22925,0.0,-1
22926,0.0,-1
22927,0.0,-1
22928,0.0,-1
22929,0.0,-1
22930,0.0,-1
22931,0.0,-1
22932,0.0,-1
22933,0.0,-1
22934,0.0,-1
22935,0.0,-1
22936,0.0,-1
22937,0.0,-1
22938,0.0,-1
22939,0.0,-1
22940,0.0,-1
22941,0.0,-1
22942,0.0,-1
22943,0.0,-1
22944,0.0,-1
22945,0.0,-1
22946,0.0,-1
22947,0.0,-1
22948,0.0,-1
22949,0.0,-1
22950,0.0,-1
22951,0.0,-1
22952,0.0,-1
22953,0.0,-1
22954,0.0,-1
22955,0.0,-1
22956,0.0,-1
22957,0.0,-1
22958,0.0,-1
22959,0.0,-1
22960,0.0,-1
22961,0.0,-1
22962,0.0,-1
22963,0.0,-1
22964,0.0,-1
22965,0.0,-1
22966,0.0,-1
22967,0.0,-1
22968,0.0,-1
22969,0.0,-1
22970,0.0,-1
22971,0.0,-1
22972,0.0,-1
22973,0.0,-1
22974,0.0,-1
22975,0.0,-1
22976,0.0,-1
22977,0.0,-1
22978,0.0,-1
22979,0.0,-1
22980,0.0,-1
22981,0.0,-1
22982,0.0,-1
22983,0.0,-1
22984,0.0,-1
22985,0.0,-1
22986,0.0,-1
22987,0.0,-1
22988,0.0,-1
22989,0.0,-1
22990,0.0,-1
22991,0.0,-1
22992,0.0,-1
22993,0.0,-1
22994,0.0,-1
22995,0.0,-1
22996,0.0,-1
22997,0.0,-1
22998,0.0,-1
22999,0.0,-1
23000,0.0,-1
23001,0.0,-1
23002,0.0,-1
23003,0.0,-1
23004,0.0,-1
23005,0.0,-1
23006,0.0,-1
23007,0.0,-1
23008,0.0,-1
23009,0.0,-1
23010,0.0,-1
23011,0.0,-1
23012,0.0,-1
23013,0.0,-1
23014,0.0,-1
23015,0.0,-1
23016,0.0,-1
23017,0.0,-1
23018,0.0,-1
23019,0.0,-1
23020,0.0,-1
23021,0.0,-1
23022,0.0,-1
23023,0.0,-1
23024,0.0,-1
23025,0.0,-1
23026,0.0,-1
23027,0.0,-1
23028,0.0,-1
23029,0.0,-1
23030,0.0,-1
23031,0.0,-1
23032,0.0,-1
23033,0.0,-1
23034,0.0,-1
23035,0.0,-1
23036,0.0,-1
23037,0.0,-1
23038,0.0,-1
23039,0.0,-1
23040,0.0,-1
23041,0.0,-1
23042,0.0,-1
23043,0.0,-1
23044,0.0,-1
23045,0.0,-1
23046,0.0,-1
23047,0.0,-1
23048,0.0,-1
23049,0.0,-1
23050,0.0,-1
23051,0.0,-1
23052,0.0,-1
23053,0.0,-1
23054,0.0,-1
23055,0.0,-1
23056,0.0,-1
23057,0.0,-1
23058,0.0,-1
23059,0.0,-1
23060,0.0,-1
23061,0.0,-1
23062,0.0,-1
23063,0.0,-1
23064,0.0,-1
23065,0.0,-1
23066,0.0,-1
23067,0.0,-1
23068,0.0,-1
23069,0.0,-1
23070,0.0,-1
23071,0.0,-1
23072,0.0,-1
23073,0.0,-1
23074,0.0,-1
23075,0.0,-1
23076,0.0,-1
23077,0.0,-1
23078,0.0,-1
23079,0.0,-1
23080,0.0,-1
23081,0.0,-1
23082,0.0,-1
23083,0.0,-1
23084,0.0,-1
23085,0.0,-1
23086,0.0,-1
23087,0.0,-1
23088,0.0,-1
23089,0.0,-1
23090,0.0,-1
23091,0.0,-1
23092,0.0,-1
23093,0.0,-1
23094,0.0,-1
23095,0.0,-1
23096,0.0,-1
23097,0.0,-1
23098,0.0,-1
23099,0.0,-1
23100,0.0,-1
23101,0.0,-1
23102,0.0,-1
23103,0.0,-1
23104,0.0,-1
23105,0.0,-1
23106,0.0,-1
23107,0.0,-1
23108,0.0,-1
23109,0.0,-1
23110,0.0,-1
23111,0.0,-1
23112,0.0,-1
23113,0.0,-1
23114,0.0,-1
23115,0.0,-1
23116,0.0,-1
23117,0.0,-1
23118,0.0,-1
23119,0.0,-1
23120,0.0,-1
23121,0.0,-1
23122,0.0,-1
23123,0.0,-1
23124,0.0,-1
23125,0.0,-1
23126,0.0,-1
23127,0.0,-1
23128,0.0,-1
23129,0.0,-1
23130,0.0,-1
23131,0.0,-1
23132,0.0,-1
23133,0.0,-1
23134,0.0,-1
23135,0.0,-1
23136,0.0,-1
23137,0.0,-1
23138,0.0,-1
23139,0.0,-1
23140,0.0,-1
23141,0.0,-1
23142,0.0,-1
23143,0.0,-1
23144,0.0,-1
23145,0.0,-1
23146,0.0,-1
23147,0.0,-1
23148,0.0,-1
23149,0.0,-1
23150,0.0,-1
23151,0.0,-1
23152,0.0,-1
23153,0.0,-1
23154,0.0,-1
23155,0.0,-1
23156,0.0,-1
23157,0.0,-1
23158,0.0,-1
23159,0.0,-1
23160,0.0,-1
23161,0.0,-1
23162,0.0,-1
23163,0.0,-1
23164,0.0,-1
23165,0.0,-1
23166,0.0,-1
23167,0.0,-1
23168,0.0,-1
23169,0.0,-1
23170,0.0,-1
23171,0.0,-1
23172,0.0,-1
23173,0.0,-1
23174,0.0,-1
23175,0.0,-1
23176,0.0,-1
23177,0.0,-1
23178,0.0,-1
23179,0.0,-1
23180,0.0,-1
23181,0.0,-1
23182,0.0,-1
23183,0.0,-1
23184,0.0,-1
23185,0.0,-1
23186,0.0,-1
23187,0.0,-1
23188,0.0,-1
23189,0.0,-1
23190,0.0,-1
23191,0.0,-1
23192,0.0,-1
23193,0.0,-1
23194,0.0,-1
23195,0.0,-1
23196,0.0,-1
23197,0.0,-1
23198,0.0,-1
23199,0.0,-1
23200,0.0,-1
23201,0.0,-1
23202,0.0,-1
23203,0.0,-1
23204,0.0,-1
23205,0.0,-1
23206,0.0,-1
23207,0.0,-1
23208,0.0,-1
23209,0.0,-1
23210,0.0,-1
23211,0.0,-1
23212,0.0,-1
23213,0.0,-1
23214,0.0,-1
23215,0.0,-1
23216,0.0,-1
23217,0.0,-1
23218,0.0,-1
23219,0.0,-1
23220,0.0,-1
23221,0.0,-1
23222,0.0,-1
23223,0.0,-1
23224,0.0,-1
23225,0.0,-1
23226,0.0,-1
23227,0.0,-1
23228,0.0,-1
23229,0.0,-1
23230,0.0,-1
23231,0.0,-1
23232,0.0,-1
23233,0.0,-1
23234,0.0,-1
23235,0.0,-1
23236,0.0,-1
23237,0.0,-1
23238,0.0,-1
23239,0.0,-1
23240,0.0,-1
23241,0.0,-1
23242,0.0,-1
23243,0.0,-1
23244,0.0,-1
23245,0.0,-1
23246,0.0,-1
23247,0.0,-1
23248,0.0,-1
23249,0.0,-1
23250,0.0,-1
23251,0.0,-1
23252,0.0,-1
23253,0.0,-1
23254,0.0,-1
23255,0.0,-1
23256,0.0,-1
23257,0.0,-1
23258,0.0,-1
23259,0.0,-1
23260,0.0,-1
23261,0.0,-1
23262,0.0,-1
23263,0.0,-1
23264,0.0,-1
23265,0.0,-1
23266,0.0,-1
23267,0.0,-1
23268,0.0,-1
23269,0.0,-1
23270,0.0,-1
23271,0.0,-1
23272,0.0,-1
23273,0.0,-1
23274,0.0,-1
23275,0.0,-1
23276,0.0,-1
23277,0.0,-1
23278,0.0,-1
23279,0.0,-1
23280,0.0,-1
23281,0.0,-1
23282,0.0,-1
23283,0.0,-1
23284,0.0,-1
23285,0.0,-1
23286,0.0,-1
23287,0.0,-1
23288,0.0,-1
23289,0.0,-1
23290,0.0,-1
23291,0.0,-1
23292,0.0,-1
23293,0.0,-1
23294,0.0,-1
23295,0.0,-1
23296,0.0,-1
23297,0.0,-1
23298,0.0,-1
23299,0.0,-1
23300,0.0,-1
23301,0.0,-1
23302,0.0,-1
23303,0.0,-1
23304,0.0,-1
23305,0.0,-1
23306,0.0,-1
23307,0.0,-1
23308,0.0,-1
23309,0.0,-1
23310,0.0,-1
23311,0.0,-1
23312,0.0,-1
23313,0.0,-1
23314,0.0,-1
23315,0.0,-1
23316,0.0,-1
23317,0.0,-1
23318,0.0,-1
23319,0.0,-1
23320,0.0,-1
23321,0.0,-1
23322,0.0,-1
23323,0.0,-1
23324,0.0,-1
23325,0.0,-1
23326,0.0,-1
23327,0.0,-1
23328,0.0,-1
23329,0.0,-1
23330,0.0,-1
23331,0.0,-1
23332,0.0,-1
23333,0.0,-1
23334,0.0,-1
23335,0.0,-1
23336,0.0,-1
23337,0.0,-1
23338,0.0,-1
23339,0.0,-1
23340,0.0,-1
23341,0.0,-1
23342,0.0,-1
23343,0.0,-1
23344,0.0,-1
23345,0.0,-1
23346,0.0,-1
23347,0.0,-1
23348,0.0,-1
23349,0.0,-1
23350,0.0,-1
23351,0.0,-1
23352,0.0,-1
23353,0.0,-1
23354,0.0,-1
23355,0.0,-1
23356,0.0,-1
23357,0.0,-1
23358,0.0,-1
23359,0.0,-1
23360,0.0,-1
23361,0.0,-1
23362,0.0,-1
23363,0.0,-1
23364,0.0,-1
23365,0.0,-1
23366,0.0,-1
23367,0.0,-1
23368,0.0,-1
23369,0.0,-1
23370,0.0,-1
23371,0.0,-1
23372,0.0,-1
23373,0.0,-1
23374,0.0,-1
23375,0.0,-1
23376,0.0,-1
23377,0.0,-1
23378,0.0,-1
23379,0.0,-1
23380,0.0,-1
23381,0.0,-1
23382,0.0,-1
23383,0.0,-1
23384,0.0,-1
23385,0.0,-1
23386,0.0,-1
23387,0.0,-1
23388,0.0,-1
23389,0.0,-1
23390,0.0,-1
23391,0.0,-1
23392,0.0,-1
23393,0.0,-1
23394,0.0,-1
23395,0.0,-1
23396,0.0,-1
23397,0.0,-1
23398,0.0,-1
23399,0.0,-1
23400,0.0,-1
23401,0.0,-1
23402,0.0,-1
23403,0.0,-1
23404,0.0,-1
23405,0.0,-1
23406,0.0,-1
23407,0.0,-1
23408,0.0,-1
23409,0.0,-1
23410,0.0,-1
23411,0.0,-1
23412,0.0,-1
23413,0.0,-1
23414,0.0,-1
23415,0.0,-1
23416,0.0,-1
23417,0.0,-1
23418,0.0,-1
23419,0.0,-1
23420,0.0,-1
23421,0.0,-1
23422,0.0,-1
23423,0.0,-1
23424,0.0,-1
23425,0.0,-1
23426,0.0,-1
23427,0.0,-1
23428,0.0,-1
23429,0.0,-1
23430,0.0,-1
23431,0.0,-1
23432,0.0,-1
23433,0.0,-1
23434,0.0,-1
23435,0.0,-1
23436,0.0,-1
23437,0.0,-1
23438,0.0,-1
23439,0.0,-1
23440,0.0,-1
23441,0.0,-1
23442,0.0,-1
23443,0.0,-1
23444,0.0,-1
23445,0.0,-1
23446,0.0,-1
23447,0.0,-1
23448,0.0,-1
23449,0.0,-1
23450,0.0,-1
23451,0.0,-1
23452,0.0,-1
23453,0.0,-1
23454,0.0,-1
23455,0.0,-1
23456,0.0,-1
23457,0.0,-1
23458,0.0,-1
23459,0.0,-1
23460,0.0,-1
23461,0.0,-1
23462,0.0,-1
23463,0.0,-1
23464,0.0,-1
23465,0.0,-1
23466,0.0,-1
23467,0.0,-1
23468,0.0,-1
23469,0.0,-1
23470,0.0,-1
23471,0.0,-1
23472,0.0,-1
23473,0.0,-1
23474,0.0,-1
23475,0.0,-1
23476,0.0,-1
23477,0.0,-1
23478,0.0,-1
23479,0.0,-1
23480,0.0,-1
23481,0.0,-1
23482,0.0,-1
23483,0.0,-1
23484,0.0,-1
23485,0.0,-1
23486,0.0,-1
23487,0.0,-1
23488,0.0,-1
23489,0.0,-1
23490,0.0,-1
23491,0.0,-1
23492,0.0,-1
23493,0.0,-1
23494,0.0,-1
23495,0.0,-1
23496,0.0,-1
23497,0.0,-1
23498,0.0,-1
23499,0.0,-1
23500,0.0,-1
23501,0.0,-1
23502,0.0,-1
23503,0.0,-1
23504,0.0,-1
23505,0.0,-1
23506,0.0,-1
23507,0.0,-1
23508,0.0,-1
23509,0.0,-1
23510,0.0,-1
23511,0.0,-1
23512,0.0,-1
23513,0.0,-1
23514,0.0,-1
23515,0.0,-1
23516,0.0,-1
23517,0.0,-1
23518,0.0,-1
23519,0.0,-1
23520,0.0,-1
23521,0.0,-1
23522,0.0,-1
23523,0.0,-1
23524,0.0,-1
23525,0.0,-1
23526,0.0,-1
23527,0.0,-1
23528,0.0,-1
23529,0.0,-1
23530,0.0,-1
23531,0.0,-1
23532,0.0,-1
23533,0.0,-1
23534,0.0,-1
23535,0.0,-1
23536,0.0,-1
23537,0.0,-1
23538,0.0,-1
23539,0.0,-1
23540,0.0,-1
23541,0.0,-1
23542,0.0,-1
23543,0.0,-1
23544,0.0,-1
23545,0.0,-1
23546,0.0,-1
23547,0.0,-1
23548,0.0,-1
23549,0.0,-1
23550,0.0,-1
23551,0.0,-1
23552,0.0,-1
23553,0.0,-1
23554,0.0,-1
23555,0.0,-1
23556,0.0,-1
23557,0.0,-1
23558,0.0,-1
23559,0.0,-1
23560,0.0,-1
23561,0.0,-1
23562,0.0,-1
23563,0.0,-1
23564,0.0,-1
23565,0.0,-1
23566,0.0,-1
23567,0.0,-1
23568,0.0,-1
23569,0.0,-1
23570,0.0,-1
23571,0.0,-1
23572,0.0,-1
23573,0.0,-1
23574,0.0,-1
23575,0.0,-1
23576,0.0,-1
23577,0.0,-1
23578,0.0,-1
23579,0.0,-1
23580,0.0,-1
23581,0.0,-1
23582,0.0,-1
23583,0.0,-1
23584,0.0,-1
23585,0.0,-1
23586,0.0,-1
23587,0.0,-1
23588,0.0,-1
23589,0.0,-1
23590,0.0,-1
23591,0.0,-1
23592,0.0,-1
23593,0.0,-1
23594,0.0,-1
23595,0.0,-1
23596,0.0,-1
23597,0.0,-1
23598,0.0,-1
23599,0.0,-1
23600,0.0,-1
23601,0.0,-1
23602,0.0,-1
23603,0.0,-1
23604,0.0,-1
23605,0.0,-1
23606,0.0,-1
23607,0.0,-1
23608,0.0,-1
23609,0.0,-1
23610,0.0,-1
23611,0.0,-1
23612,0.0,-1
23613,0.0,-1
23614,0.0,-1
23615,0.0,-1
23616,0.0,-1
23617,0.0,-1
23618,0.0,-1
23619,0.0,-1
23620,0.0,-1
23621,0.0,-1
23622,0.0,-1
23623,0.0,-1
23624,0.0,-1
23625,0.0,-1
23626,0.0,-1
23627,0.0,-1
23628,0.0,-1
23629,0.0,-1
23630,0.0,-1
23631,0.0,-1
23632,0.0,-1
23633,0.0,-1
23634,0.0,-1
23635,0.0,-1
23636,0.0,-1
23637,0.0,-1
23638,0.0,-1
23639,0.0,-1
23640,0.0,-1
23641,0.0,-1
23642,0.0,-1
23643,0.0,-1
23644,0.0,-1
23645,0.0,-1
23646,0.0,-1
23647,0.0,-1
23648,0.0,-1
23649,0.0,-1
23650,0.0,-1
23651,0.0,-1
23652,0.0,-1
23653,0.0,-1
23654,0.0,-1
23655,0.0,-1
23656,0.0,-1
23657,0.0,-1
23658,0.0,-1
23659,0.0,-1
23660,0.0,-1
23661,0.0,-1
23662,0.0,-1
23663,0.0,-1
23664,15.412189209745138,1
23665,5.512623336268975,1
23666,3.3096743724903215,1
23667,2.1860419016973958,1
23668,3.3417895421026147,1
23669,2.4701989979184305,1
23670,2.505217776493575,1
23671,2.413509561127722,1
23672,17.335957147427596,1
23673,6.029004989783436,1
23674,3.6057994540859775,1
23675,2.2777294906090044,1
23676,3.470228192702138,1
23677,2.6226724190523045,1
23678,2.7060809454836994,1
23679,2.5686753048737527,1
23680,19.10113235581571,1
23681,5.843238675493546,1
23682,3.524848191680145,1
23683,2.3127984489464892,1
23684,3.586579030527248,1
23685,2.6518406382809703,1
23686,2.6815126136360665,1
23687,2.5943295283387107,1
23688,18.006765277709345,1
23689,5.758763052860151,1
23690,3.4111330090685024,1
23691,2.2600300153907025,1
23692,3.3085263880506472,1
23693,2.562506186405726,1
23694,2.6281370308893903,1
23695,2.5322032997926036,1
23696,14.828494951992228,1
23697,5.2539559126273865,1
23698,3.2616607914410385,1
23699,2.228488209952104,1
23700,3.1972980874796892,1
23701,2.4760151869118374,1
23702,2.513119501682824,1
23703,2.4597286675171075,1
23704,19.743408693506446,1
23705,5.9806935561272505,1
23706,3.7050157503231054,1
23707,2.3292527586052776,1
23708,3.6174883807252174,1
23709,2.633263144396035,1
23710,2.690349710992314,1
23711,2.6105127366525585,1
23712,16.764136700617218,1
23713,5.617263883319559,1
23714,3.4447375716230866,1
23715,2.2615298266222967,1
23716,3.2514378874718735,1
23717,2.5543226417078198,1
23718,2.6048491860955814,1
23719,2.5127611593719212,1
23720,26.344180916242514,1
23721,7.024755511364693,1
23722,3.7581077804234067,1
23723,2.4024389014124723,1
23724,3.78885980474513,1
23725,2.8277466943577334,1
23726,2.9269037943815492,1
23727,2.69062541395602,1
23728,23.13177318372518,1
23729,7.249281040503735,1
23730,3.771615032748065,1
23731,2.3528659252049393,1
23732,4.07233895320303,1
23733,2.766884989917935,1
23734,2.821328429791569,1
23735,2.6368576615383748,1
23736,15.341765670397015,1
23737,5.681395202116673,1
23738,3.420152877079848,1
23739,2.2422860306123225,1
23740,3.174391855443292,1
23741,2.5339078834085234,1
23742,2.5655584531920153,1
23743,2.4889195496102547,1
23744,18.54256666197506,1
23745,5.996367286950769,1
23746,3.6351389145957733,1
23747,2.2722524702077016,1
23748,3.44347388633573,1
23749,2.5792686733078303,1
23750,2.5831217181398882,1
23751,2.549576053457127,1
23752,9.655848794491625,1
23753,4.421240304066223,1
23754,2.8988873652659723,1
23755,2.1013893002724933,1
23756,2.9098333520015833,1
23757,2.3206371319307952,1
23758,2.3518188330451038,1
23759,2.3076666343728442,1
23760,14.416154411591279,1
23761,5.094507721867081,1
23762,3.2105091219744373,1
23763,2.201866625369636,1
23764,3.194764199546454,1
23765,2.4477847849814074,1
23766,2.5444723813393844,1
23767,2.455794929944303,1
23768,16.46575511325497,1
23769,5.737755659467942,1
23770,3.491082592083652,1
23771,2.229230774601222,1
23772,3.3167303244941055,1
23773,2.513791006330524,1
23774,2.5220180707964404,1
23775,2.4788772880806973,1
23776,17.95822696274227,1
23777,5.84831857630892,1
23778,3.3420760788203903,1
23779,2.269995616667588,1
23780,3.499000477418762,1
23781,2.5628434597728913,1
23782,2.6563757273034017,1
23783,2.554477367498236,1
23784,28.78127556662444,1
23785,7.864036952455858,1
23786,3.9446557602817105,1
23787,2.3864015869450808,1
23788,3.971549310480669,1
23789,2.8287826901667845,1
23790,2.912998139409039,1
23791,2.7864565996406805,1
23792,11.857969235779121,1
23793,5.230557535144317,1
23794,3.2641050709712283,1
23795,2.2011303531323305,1
23796,3.0246630767412075,1
23797,2.469260028039662,1
23798,2.5039483939569087,1
23799,2.4629551294975904,1
23800,51.29766663207741,1
23801,9.459794104096952,1
23802,4.460678170077279,1
23803,2.5475816600305303,1
23804,5.0611673015899425,1
23805,3.1408164144510167,1
23806,3.3314723182161265,1
23807,3.0410663342083195,1
23808,18.12127613716777,1
23809,5.947505148473001,1
23810,3.32137712327052,1
23811,2.251590025590419,1
23812,3.5886514313386346,1
23813,2.5917832252268957,1
23814,2.5877186419601146,1
23815,2.490856255738094,1
23816,28.03934852773071,1
23817,7.1414448249987625,1
23818,4.064418978536081,1
23819,2.446975359166131,1
23820,4.022153096468824,1
23821,2.910749292293387,1
23822,3.0365910119433495,1
23823,2.7960600213581324,1
23824,29.619976247962732,1
23825,8.621338160790062,1
23826,4.690354037284274,1
23827,2.4071370460106887,1
23828,4.553330180928748,1
23829,2.8853956903206184,1
23830,3.0423589775726767,1
23831,2.7982601449765045,1
23832,34.625087543567524,1
23833,8.39626547765787,1
23834,4.503464475525994,1
23835,2.481234602624091,1
23836,4.290842819182105,1
23837,2.881591195485503,1
23838,3.0658142033024394,1
23839,2.9130161648256423,1
23840,19.000718537608424,1
23841,6.048814465491121,1
23842,3.7220511703310324,1
23843,2.2877491974959625,1
23844,3.5251549797869246,1
23845,2.6055601293115984,1
23846,2.632426283348487,1
23847,2.58776657898276,1
23848,13.872924781694234,1
23849,4.992803206452113,1
23850,3.2277113523712875,1
23851,2.208839987935428,1
23852,3.1319746164868865,1
23853,2.458613251241902,1
23854,2.5338433744619184,1
23855,2.4355192991873214,1
23856,24.16707055047688,1
23857,6.913921704063867,1
23858,3.974310464406131,1
23859,2.3871804722755057,1
23860,3.9704060980480533,1
23861,2.794595430798039,1
23862,2.9022142137998315,1
23863,2.784715401357062,1
23864,19.144368141624145,1
23865,6.095595438253837,1
23866,3.6217153359954697,1
23867,2.2792374446710637,1
23868,3.534423961213105,1
23869,2.6027323137153653,1
23870,2.627657317476554,1
23871,2.5768918954350744,1
23872,14.306684125655837,1
23873,5.166161240464218,1
23874,3.319107102687247,1
23875,2.208839987935428,1
23876,3.076287886612116,1
23877,2.4673737585456545,1
23878,2.4934409086189695,1
23879,2.450563887383134,1
23880,17.848568901805614,1
23881,6.39899595888085,1
23882,3.6957669237753286,1
23883,2.295667446002171,1
23884,3.473851827646569,1
23885,2.6545095469363016,1
23886,2.741753492549569,1
23887,2.5438230450222137,1
23888,12.258738513492842,1
23889,4.510801169610781,1
23890,3.059994675290384,1
23891,2.1597703224152207,1
23892,3.2249412120635275,1
23893,2.3979712558225756,1
23894,2.4205140811157606,1
23895,2.3621299409430976,1
23896,13.266880807882186,1
23897,4.952883619487756,1
23898,3.1362345952739026,1
23899,2.1921086532281566,1
23900,3.1629514546398068,1
23901,2.449044443180699,1
23902,2.4800868079396348,1
23903,2.407496812273988,1
23904,32.54780683626831,1
23905,7.964533478803772,1
23906,4.2909647634032195,1
23907,2.496112603595285,1
23908,4.3020550380487474,1
23909,2.9047116650967717,1
23910,3.139810455402907,1
23911,2.926117049404582,1
23912,13.035093574167654,1
23913,5.203480131325562,1
23914,3.223230539726796,1
23915,2.218649106173641,1
23916,3.191411596007533,1
23917,2.490906617077983,1
23918,2.5393028773146846,1
23919,2.4301506921375697,1
23920,29.41295751165083,1
23921,7.229296506125349,1
23922,3.7687962142428644,1
23923,2.2682875205483044,1
23924,4.0541022655155246,1
23925,2.7105135073108837,1
23926,2.892658646063,1
23927,2.74985045216175,1
23928,21.001326624248556,1
23929,6.361568713031433,1
23930,3.6469465220759227,1
23931,2.3284871938070095,1
23932,3.838168912329691,1
23933,2.689679754574906,1
23934,2.8084722615425397,1
23935,2.6758633504146814,1
23936,13.7834529486768,1
23937,5.21381378089404,1
23938,3.4366739407523452,1
23939,2.227003592874917,1
23940,3.2137400289962272,1
23941,2.488026966361203,1
23942,2.5611127107372003,1
23943,2.499741243361847,1
23944,64.27074263658567,1
23945,11.11218810934893,1
23946,5.591361782189408,1
23947,2.5981530651024465,1
23948,5.262129322667708,1
23949,3.4583578533122754,1
23950,3.3773277493448814,1
23951,3.213295103946644,1
23952,18.19751172960199,1
23953,6.333730351596849,1
23954,3.5792849049491196,1
23955,2.313560405273372,1
23956,3.7672548547605627,1
23957,2.671208152386994,1
23958,2.725803479993332,1
23959,2.582775535496942,1
23960,23.783534069252305,1
23961,6.547220564031238,1
23962,3.9668724234519273,1
23963,2.360022977748976,1
23964,3.793453702708567,1
23965,2.810810647838906,1
23966,2.896505327623845,1
23967,2.6995647017765863,1
23968,30.482296429120744,1
23969,7.422743133852412,1
23970,4.104753073124124,1
23971,2.420124906385051,1
23972,4.020275664781845,1
23973,2.8638524586336835,1
23974,2.8743595029867195,1
23975,2.821508610697254,1
23976,20.677248164800726,1
23977,6.144820922460926,1
23978,3.368626031778924,1
23979,2.2964254621327878,1
23980,3.4155881134453216,1
23981,2.6218783751365704,1
23982,2.7590035067037544,1
23983,2.534056537927608,1
23984,17.591228814334563,1
23985,6.340862394392895,1
23986,3.5245518983582285,1
23987,2.2707477281791695,1
23988,3.7817149684400153,1
23989,2.633175387041463,1
23990,2.727696633719158,1
23991,2.583203552886003,1
23992,12.904852291651574,1
23993,5.145582247575444,1
23994,3.2629608541778956,1
23995,2.1741414589463837,1
23996,3.0981625278292975,1
23997,2.4301994313730018,1
23998,2.4693587686778344,1
23999,2.412462502500297,1
24000,40.44307111789547,1
24001,10.186909346511598,1
24002,4.782128535148839,1
24003,2.5009400944097466,1
24004,4.3020550380487474,1
24005,2.993714405781152,1
24006,3.1000163152530873,1
24007,3.0109928565850668,1
24008,12.640876851500767,1
24009,4.95981730174493,1
24010,3.1458702476428906,1
24011,2.2117931885426447,1
24012,3.1386317984828187,1
24013,2.476156455808978,1
24014,2.488623758527155,1
24015,2.446598409502018,1
24016,12.503540777210253,1
24017,5.055144648897814,1
24018,3.2073427395755036,1
24019,2.209578033418256,1
24020,3.144346490558545,1
24021,2.513933810476524,1
24022,2.546054986017146,1
24023,2.4331498414626838,1
24024,22.47675733952997,1
24025,6.296719033656068,1
24026,3.642910788019106,1
24027,2.3158473259325025,1
24028,3.384426673614701,1
24029,2.7017289358758387,1
24030,2.7215216896044283,1
24031,2.6075797232603266,1
24032,30.349211463462403,1
24033,6.899262770849755,1
24034,4.060716006432955,1
24035,2.3687444215465443,1
24036,3.950415816862682,1
24037,2.7710657129146283,1
24038,2.8490453858207427,1
24039,2.766816479725481,1
24040,20.397009961567065,1
24041,6.110415360230501,1
24042,3.557113198342944,1
24043,2.345933352242792,1
24044,3.6468085969288837,1
24045,2.7033213199444246,1
24046,2.7533916937196583,1
24047,2.5994139726198497,1
24048,18.58702803243443,1
24049,6.1908754152887076,1
24050,3.528079662468429,1
24051,2.28150067664549,1
24052,3.3405555735899704,1
24053,2.6185091495644377,1
24054,2.6301610184654898,1
24055,2.5785374823203626,1
24056,104.43183051458838,1
24057,16.602680950914696,1
24058,6.172775201329725,1
24059,2.692966104656571,1
24060,5.82562529120652,1
24061,3.5053206943882547,1
24062,3.6530194238546243,1
24063,3.494523842848319,1
24064,14.913261625382686,1
24065,4.9231641848215055,1
24066,3.2357609106284175,1
24067,2.2011303531323305,1
24068,3.1268266018608615,1
24069,2.479647615615222,1
24070,2.5591754653433036,1
24071,2.4494427378166166,1
24072,0.0,-1
24073,0.0,-1
24074,0.0,-1
24075,0.0,-1
24076,0.0,-1
24077,0.0,-1
24078,0.0,-1
24079,0.0,-1
24080,0.0,-1
24081,0.0,-1
24082,0.0,-1
24083,0.0,-1
24084,0.0,-1
24085,0.0,-1
24086,0.0,-1
24087,0.0,-1
24088,0.0,-1
24089,0.0,-1
24090,0.0,-1
24091,0.0,-1
24092,0.0,-1
24093,0.0,-1
24094,0.0,-1
24095,0.0,-1
24096,0.0,-1
24097,0.0,-1
24098,0.0,-1
24099,0.0,-1
24100,0.0,-1
24101,0.0,-1
24102,0.0,-1
24103,0.0,-1
24104,0.0,-1
24105,0.0,-1
24106,0.0,-1
24107,0.0,-1
24108,0.0,-1
24109,0.0,-1
24110,0.0,-1
24111,0.0,-1
24112,0.0,-1
24113,0.0,-1
24114,0.0,-1
24115,0.0,-1
24116,0.0,-1
24117,0.0,-1
24118,0.0,-1
24119,0.0,-1
24120,0.0,-1
24121,0.0,-1
24122,0.0,-1
24123,0.0,-1
24124,0.0,-1
24125,0.0,-1
24126,0.0,-1
24127,0.0,-1
24128,0.0,-1
24129,0.0,-1
24130,0.0,-1
24131,0.0,-1
24132,0.0,-1
24133,0.0,-1
24134,0.0,-1
24135,0.0,-1
24136,0.0,-1
24137,0.0,-1
24138,0.0,-1
24139,0.0,-1
24140,0.0,-1
24141,0.0,-1
24142,0.0,-1
24143,0.0,-1
24144,0.0,-1
24145,0.0,-1
24146,0.0,-1
24147,0.0,-1
24148,0.0,-1
24149,0.0,-1
24150,0.0,-1
24151,0.0,-1
24152,0.0,-1
24153,0.0,-1
24154,0.0,-1
24155,0.0,-1
24156,0.0,-1
24157,0.0,-1
24158,0.0,-1
24159,0.0,-1
24160,0.0,-1
24161,0.0,-1
24162,0.0,-1
24163,0.0,-1
24164,0.0,-1
24165,0.0,-1
24166,0.0,-1
24167,0.0,-1
24168,0.0,-1
24169,0.0,-1
24170,0.0,-1
24171,0.0,-1
24172,0.0,-1
24173,0.0,-1
24174,0.0,-1
24175,0.0,-1
24176,0.0,-1
24177,0.0,-1
24178,0.0,-1
24179,0.0,-1
24180,0.0,-1
24181,0.0,-1
24182,0.0,-1
24183,0.0,-1
24184,0.0,-1
24185,0.0,-1
24186,0.0,-1
24187,0.0,-1
24188,0.0,-1
24189,0.0,-1
24190,0.0,-1
24191,0.0,-1
24192,0.0,-1
24193,0.0,-1
24194,0.0,-1
24195,0.0,-1
24196,0.0,-1
24197,0.0,-1
24198,0.0,-1
24199,0.0,-1
24200,0.0,-1
24201,0.0,-1
24202,0.0,-1
24203,0.0,-1
24204,0.0,-1
24205,0.0,-1
24206,0.0,-1
24207,0.0,-1
24208,0.0,-1
24209,0.0,-1
24210,0.0,-1
24211,0.0,-1
24212,0.0,-1
24213,0.0,-1
24214,0.0,-1
24215,0.0,-1
24216,0.0,-1
24217,0.0,-1
24218,0.0,-1
24219,0.0,-1
24220,0.0,-1
24221,0.0,-1
24222,0.0,-1
24223,0.0,-1
24224,0.0,-1
24225,0.0,-1
24226,0.0,-1
24227,0.0,-1
24228,0.0,-1
24229,0.0,-1
24230,0.0,-1
24231,0.0,-1
24232,0.0,-1
24233,0.0,-1
24234,0.0,-1
24235,0.0,-1
24236,0.0,-1
24237,0.0,-1
24238,0.0,-1
24239,0.0,-1
24240,0.0,-1
24241,0.0,-1
24242,0.0,-1
24243,0.0,-1
24244,0.0,-1
24245,0.0,-1
24246,0.0,-1
24247,0.0,-1
24248,0.0,-1
24249,0.0,-1
24250,0.0,-1
24251,0.0,-1
24252,0.0,-1
24253,0.0,-1
24254,0.0,-1
24255,0.0,-1
24256,0.0,-1
24257,0.0,-1
24258,0.0,-1
24259,0.0,-1
24260,0.0,-1
24261,0.0,-1
24262,0.0,-1
24263,0.0,-1
24264,0.0,-1
24265,0.0,-1
24266,0.0,-1
24267,0.0,-1
24268,0.0,-1
24269,0.0,-1
24270,0.0,-1
24271,0.0,-1
24272,0.0,-1
24273,0.0,-1
24274,0.0,-1
24275,0.0,-1
24276,0.0,-1
24277,0.0,-1
24278,0.0,-1
24279,0.0,-1
24280,0.0,-1
24281,0.0,-1
24282,0.0,-1
24283,0.0,-1
24284,0.0,-1
24285,0.0,-1
24286,0.0,-1
24287,0.0,-1
24288,0.0,-1
24289,0.0,-1
24290,0.0,-1
24291,0.0,-1
24292,0.0,-1
24293,0.0,-1
24294,0.0,-1
24295,0.0,-1
24296,0.0,-1
24297,0.0,-1
24298,0.0,-1
24299,0.0,-1
24300,0.0,-1
24301,0.0,-1
24302,0.0,-1
24303,0.0,-1
24304,0.0,-1
24305,0.0,-1
24306,0.0,-1
24307,0.0,-1
24308,0.0,-1
24309,0.0,-1
24310,0.0,-1
24311,0.0,-1
24312,0.0,-1
24313,0.0,-1
24314,0.0,-1
24315,0.0,-1
24316,0.0,-1
24317,0.0,-1
24318,0.0,-1
24319,0.0,-1
24320,0.0,-1
24321,0.0,-1
24322,0.0,-1
24323,0.0,-1
24324,0.0,-1
24325,0.0,-1
24326,0.0,-1
24327,0.0,-1
24328,0.0,-1
24329,0.0,-1
24330,0.0,-1
24331,0.0,-1
24332,0.0,-1
24333,0.0,-1
24334,0.0,-1
24335,0.0,-1
24336,0.0,-1
24337,0.0,-1
24338,0.0,-1
24339,0.0,-1
24340,0.0,-1
24341,0.0,-1
24342,0.0,-1
24343,0.0,-1
24344,0.0,-1
24345,0.0,-1
24346,0.0,-1
24347,0.0,-1
24348,0.0,-1
24349,0.0,-1
24350,0.0,-1
24351,0.0,-1
24352,0.0,-1
24353,0.0,-1
24354,0.0,-1
24355,0.0,-1
24356,0.0,-1
24357,0.0,-1
24358,0.0,-1
24359,0.0,-1
24360,0.0,-1
24361,0.0,-1
24362,0.0,-1
24363,0.0,-1
24364,0.0,-1
24365,0.0,-1
24366,0.0,-1
24367,0.0,-1
24368,0.0,-1
24369,0.0,-1
24370,0.0,-1
24371,0.0,-1
24372,0.0,-1
24373,0.0,-1
24374,0.0,-1
24375,0.0,-1
24376,0.0,-1
24377,0.0,-1
24378,0.0,-1
24379,0.0,-1
24380,0.0,-1
24381,0.0,-1
24382,0.0,-1
24383,0.0,-1
24384,0.0,-1
24385,0.0,-1
24386,0.0,-1
24387,0.0,-1
24388,0.0,-1
24389,0.0,-1
24390,0.0,-1
24391,0.0,-1
24392,0.0,-1
24393,0.0,-1
24394,0.0,-1
24395,0.0,-1
24396,0.0,-1
24397,0.0,-1
24398,0.0,-1
24399,0.0,-1
24400,0.0,-1
24401,0.0,-1
24402,0.0,-1
24403,0.0,-1
24404,0.0,-1
24405,0.0,-1
24406,0.0,-1
24407,0.0,-1
24408,0.0,-1
24409,0.0,-1
24410,0.0,-1
24411,0.0,-1
24412,0.0,-1
24413,0.0,-1
24414,0.0,-1
24415,0.0,-1
24416,0.0,-1
24417,0.0,-1
24418,0.0,-1
24419,0.0,-1
24420,0.0,-1
24421,0.0,-1
24422,0.0,-1
24423,0.0,-1
24424,0.0,-1
24425,0.0,-1
24426,0.0,-1
24427,0.0,-1
24428,0.0,-1
24429,0.0,-1
24430,0.0,-1
24431,0.0,-1
24432,0.0,-1
24433,0.0,-1
24434,0.0,-1
24435,0.0,-1
24436,0.0,-1
24437,0.0,-1
24438,0.0,-1
24439,0.0,-1
24440,0.0,-1
24441,0.0,-1
24442,0.0,-1
24443,0.0,-1
24444,0.0,-1
24445,0.0,-1
24446,0.0,-1
24447,0.0,-1
24448,0.0,-1
24449,0.0,-1
24450,0.0,-1
24451,0.0,-1
24452,0.0,-1
24453,0.0,-1
24454,0.0,-1
24455,0.0,-1
24456,0.0,-1
24457,0.0,-1
24458,0.0,-1
24459,0.0,-1
24460,0.0,-1
24461,0.0,-1
24462,0.0,-1
24463,0.0,-1
24464,0.0,-1
24465,0.0,-1
24466,0.0,-1
24467,0.0,-1
24468,0.0,-1
24469,0.0,-1
24470,0.0,-1
24471,0.0,-1
24472,0.0,-1
24473,0.0,-1
24474,0.0,-1
24475,0.0,-1
24476,0.0,-1
24477,0.0,-1
24478,0.0,-1
24479,0.0,-1
24480,0.0,-1
24481,0.0,-1
24482,0.0,-1
24483,0.0,-1
24484,0.0,-1
24485,0.0,-1
24486,0.0,-1
24487,0.0,-1
24488,0.0,-1
24489,0.0,-1
24490,0.0,-1
24491,0.0,-1
24492,0.0,-1
24493,0.0,-1
24494,0.0,-1
24495,0.0,-1
24496,0.0,-1
24497,0.0,-1
24498,0.0,-1
24499,0.0,-1
24500,0.0,-1
24501,0.0,-1
24502,0.0,-1
24503,0.0,-1
24504,0.0,-1
24505,0.0,-1
24506,0.0,-1
24507,0.0,-1
24508,0.0,-1
24509,0.0,-1
24510,0.0,-1
24511,0.0,-1
24512,0.0,-1
24513,0.0,-1
24514,0.0,-1
24515,0.0,-1
24516,0.0,-1
24517,0.0,-1
24518,0.0,-1
24519,0.0,-1
24520,0.0,-1
24521,0.0,-1
24522,0.0,-1
24523,0.0,-1
24524,0.0,-1
24525,0.0,-1
24526,0.0,-1
24527,0.0,-1
24528,0.0,-1
24529,0.0,-1
24530,0.0,-1
24531,0.0,-1
24532,0.0,-1
24533,0.0,-1
24534,0.0,-1
24535,0.0,-1
24536,0.0,-1
24537,0.0,-1
24538,0.0,-1
24539,0.0,-1
24540,0.0,-1
24541,0.0,-1
24542,0.0,-1
24543,0.0,-1
24544,0.0,-1
24545,0.0,-1
24546,0.0,-1
24547,0.0,-1
24548,0.0,-1
24549,0.0,-1
24550,0.0,-1
24551,0.0,-1
24552,0.0,-1
24553,0.0,-1
24554,0.0,-1
24555,0.0,-1
24556,0.0,-1
24557,0.0,-1
24558,0.0,-1
24559,0.0,-1
24560,0.0,-1
24561,0.0,-1
24562,0.0,-1
24563,0.0,-1
24564,0.0,-1
24565,0.0,-1
24566,0.0,-1
24567,0.0,-1
24568,0.0,-1
24569,0.0,-1
24570,0.0,-1
24571,0.0,-1
24572,0.0,-1
24573,0.0,-1
24574,0.0,-1
24575,0.0,-1
24576,0.0,-1
24577,0.0,-1
24578,0.0,-1
24579,0.0,-1
24580,0.0,-1
24581,0.0,-1
24582,0.0,-1
24583,0.0,-1
24584,0.0,-1
24585,0.0,-1
24586,0.0,-1
24587,0.0,-1
24588,0.0,-1
24589,0.0,-1
24590,0.0,-1
24591,0.0,-1
24592,0.0,-1
24593,0.0,-1
24594,0.0,-1
24595,0.0,-1
24596,0.0,-1
24597,0.0,-1
24598,0.0,-1
24599,0.0,-1
24600,0.0,-1
24601,0.0,-1
24602,0.0,-1
24603,0.0,-1
24604,0.0,-1
24605,0.0,-1
24606,0.0,-1
24607,0.0,-1
24608,0.0,-1
24609,0.0,-1
24610,0.0,-1
24611,0.0,-1
24612,0.0,-1
24613,0.0,-1
24614,0.0,-1
24615,0.0,-1
24616,0.0,-1
24617,0.0,-1
24618,0.0,-1
24619,0.0,-1
24620,0.0,-1
24621,0.0,-1
24622,0.0,-1
24623,0.0,-1
24624,0.0,-1
24625,0.0,-1
24626,0.0,-1
24627,0.0,-1
24628,0.0,-1
24629,0.0,-1
24630,0.0,-1
24631,0.0,-1
24632,0.0,-1
24633,0.0,-1
24634,0.0,-1
24635,0.0,-1
24636,0.0,-1
24637,0.0,-1
24638,0.0,-1
24639,0.0,-1
24640,0.0,-1
24641,0.0,-1
24642,0.0,-1
24643,0.0,-1
24644,0.0,-1
24645,0.0,-1
24646,0.0,-1
24647,0.0,-1
24648,0.0,-1
24649,0.0,-1
24650,0.0,-1
24651,0.0,-1
24652,0.0,-1
24653,0.0,-1
24654,0.0,-1
24655,0.0,-1
24656,0.0,-1
24657,0.0,-1
24658,0.0,-1
24659,0.0,-1
24660,0.0,-1
24661,0.0,-1
24662,0.0,-1
24663,0.0,-1
24664,0.0,-1
24665,0.0,-1
24666,0.0,-1
24667,0.0,-1
24668,0.0,-1
24669,0.0,-1
24670,0.0,-1
24671,0.0,-1
24672,0.0,-1
24673,0.0,-1
24674,0.0,-1
24675,0.0,-1
24676,0.0,-1
24677,0.0,-1
24678,0.0,-1
24679,0.0,-1
24680,0.0,-1
24681,0.0,-1
24682,0.0,-1
24683,0.0,-1
24684,0.0,-1
24685,0.0,-1
24686,0.0,-1
24687,0.0,-1
24688,0.0,-1
24689,0.0,-1
24690,0.0,-1
24691,0.0,-1
24692,0.0,-1
24693,0.0,-1
24694,0.0,-1
24695,0.0,-1
24696,0.0,-1
24697,0.0,-1
24698,0.0,-1
24699,0.0,-1
24700,0.0,-1
24701,0.0,-1
24702,0.0,-1
24703,0.0,-1
24704,0.0,-1
24705,0.0,-1
24706,0.0,-1
24707,0.0,-1
24708,0.0,-1
24709,0.0,-1
24710,0.0,-1
24711,0.0,-1
24712,0.0,-1
24713,0.0,-1
24714,0.0,-1
24715,0.0,-1
24716,0.0,-1
24717,0.0,-1
24718,0.0,-1
24719,0.0,-1
24720,0.0,-1
24721,0.0,-1
24722,0.0,-1
24723,0.0,-1
24724,0.0,-1
24725,0.0,-1
24726,0.0,-1
24727,0.0,-1
24728,0.0,-1
24729,0.0,-1
24730,0.0,-1
24731,0.0,-1
24732,0.0,-1
24733,0.0,-1
24734,0.0,-1
24735,0.0,-1
24736,0.0,-1
24737,0.0,-1
24738,0.0,-1
24739,0.0,-1
24740,0.0,-1
24741,0.0,-1
24742,0.0,-1
24743,0.0,-1
24744,0.0,-1
24745,0.0,-1
24746,0.0,-1
24747,0.0,-1
24748,0.0,-1
24749,0.0,-1
24750,0.0,-1
24751,0.0,-1
24752,0.0,-1
24753,0.0,-1
24754,0.0,-1
24755,0.0,-1
24756,0.0,-1
24757,0.0,-1
24758,0.0,-1
24759,0.0,-1
24760,0.0,-1
24761,0.0,-1
24762,0.0,-1
24763,0.0,-1
24764,0.0,-1
24765,0.0,-1
24766,0.0,-1
24767,0.0,-1
24768,0.0,-1
24769,0.0,-1
24770,0.0,-1
24771,0.0,-1
24772,0.0,-1
24773,0.0,-1
24774,0.0,-1
24775,0.0,-1
24776,0.0,-1
24777,0.0,-1
24778,0.0,-1
24779,0.0,-1
24780,0.0,-1
24781,0.0,-1
24782,0.0,-1
24783,0.0,-1
24784,0.0,-1
24785,0.0,-1
24786,0.0,-1
24787,0.0,-1
24788,0.0,-1
24789,0.0,-1
24790,0.0,-1
24791,0.0,-1
24792,0.0,-1
24793,0.0,-1
24794,0.0,-1
24795,0.0,-1
24796,0.0,-1
24797,0.0,-1
24798,0.0,-1
24799,0.0,-1
24800,0.0,-1
24801,0.0,-1
24802,0.0,-1
24803,0.0,-1
24804,0.0,-1
24805,0.0,-1
24806,0.0,-1
24807,0.0,-1
24808,0.0,-1
24809,0.0,-1
24810,0.0,-1
24811,0.0,-1
24812,0.0,-1
24813,0.0,-1
24814,0.0,-1
24815,0.0,-1
24816,0.0,-1
24817,0.0,-1
24818,0.0,-1
24819,0.0,-1
24820,0.0,-1
24821,0.0,-1
24822,0.0,-1
24823,0.0,-1
24824,0.0,-1
24825,0.0,-1
24826,0.0,-1
24827,0.0,-1
24828,0.0,-1
24829,0.0,-1
24830,0.0,-1
24831,0.0,-1
24832,0.0,-1
24833,0.0,-1
24834,0.0,-1
24835,0.0,-1
24836,0.0,-1
24837,0.0,-1
24838,0.0,-1
24839,0.0,-1
24840,0.0,-1
24841,0.0,-1
24842,0.0,-1
24843,0.0,-1
24844,0.0,-1
24845,0.0,-1
24846,0.0,-1
24847,0.0,-1
24848,0.0,-1
24849,0.0,-1
24850,0.0,-1
24851,0.0,-1
24852,0.0,-1
24853,0.0,-1
24854,0.0,-1
24855,0.0,-1
24856,0.0,-1
24857,0.0,-1
24858,0.0,-1
24859,0.0,-1
24860,0.0,-1
24861,0.0,-1
24862,0.0,-1
24863,0.0,-1
24864,0.0,-1
24865,0.0,-1
24866,0.0,-1
24867,0.0,-1
24868,0.0,-1
24869,0.0,-1
24870,0.0,-1
24871,0.0,-1
24872,0.0,-1
24873,0.0,-1
24874,0.0,-1
24875,0.0,-1
24876,0.0,-1
24877,0.0,-1
24878,0.0,-1
24879,0.0,-1
24880,0.0,-1
24881,0.0,-1
24882,0.0,-1
24883,0.0,-1
24884,0.0,-1
24885,0.0,-1
24886,0.0,-1
24887,0.0,-1
24888,14.90118753850392,1
24889,5.574663375266412,1
24890,3.343212075492957,1
24891,2.22607280097751,1
24892,3.3965613768001384,1
24893,2.476860346490516,1
24894,2.5506921902199537,1
24895,2.4303117329876,1
24896,19.940087699558166,1
24897,6.427093476130666,1
24898,3.7011719874688986,1
24899,2.325130417515727,1
24900,3.5975412638915625,1
24901,2.6303615395495097,1
24902,2.7672941007114367,1
24903,2.595328823060327,1
24904,20.706804950494686,1
24905,6.291984317358211,1
24906,3.673482411792244,1
24907,2.3614348571055044,1
24908,3.63455558127725,1
24909,2.663259390336409,1
24910,2.7470315879224207,1
24911,2.626198086027384,1
24912,18.55390369188522,1
24913,6.073388647308755,1
24914,3.5449010962277705,1
24915,2.3060320923342186,1
24916,3.4149110627941366,1
24917,2.5742194866492207,1
24918,2.693301133856569,1
24919,2.531165920618171,1
24920,16.752041173827802,1
24921,5.736531360441003,1
24922,3.4046331473351192,1
24923,2.2707020902779056,1
24924,3.3285827743573897,1
24925,2.492777107766121,1
24926,2.587362008039027,1
24927,2.4890488330172063,1
24928,20.260583527467983,1
24929,6.254492021041701,1
24930,3.7538691874693746,1
24931,2.3799297709586567,1
24932,3.644621211554739,1
24933,2.6478578862141364,1
24934,2.7651932385343096,1
24935,2.6212705233030587,1
24936,16.498162377220275,1
24937,5.815492416818213,1
24938,3.5485608545300837,1
24939,2.306792492373175,1
24940,3.424567239318096,1
24941,2.5721651031837447,1
24942,2.6615864966538263,1
24943,2.528324755201652,1
24944,28.948799120162764,1
24945,7.4745645022982,1
24946,4.053722717720884,1
24947,2.4582617453581284,1
24948,4.06476846940763,1
24949,2.8191581748055357,1
24950,3.0057807278468336,1
24951,2.7726407491540135,1
24952,26.47939794875741,1
24953,7.660072559066964,1
24954,3.925429124996647,1
24955,2.4043933853634902,1
24956,4.199765044974041,1
24957,2.76725825232627,1
24958,2.9216437560134305,1
24959,2.6992049087037526,1
24960,16.4672739261194,1
24961,5.85780936128095,1
24962,3.4829722648483363,1
24963,2.2864295885921515,1
24964,3.3320021717994543,1
24965,2.5430826447258323,1
24966,2.61679047217118,1
24967,2.5035922976962803,1
24968,18.531013770170755,1
24969,6.358091912338491,1
24970,3.752537426107201,1
24971,2.317474315623359,1
24972,3.5765737445020154,1
24973,2.595766600651702,1
24974,2.6785741021925853,1
24975,2.57541566880084,1
24976,10.444577765287503,1
24977,4.568782056851526,1
24978,2.9609341782023977,1
24979,2.1361075011864066,1
24980,2.964782714804424,1
24981,2.3196302601945322,1
24982,2.3966539426407287,1
24983,2.3100731100322913,1
24984,15.792635095392534,1
24985,5.333618435241064,1
24986,3.3343879889314376,1
24987,2.242331272008711,1
24988,3.3034608966117034,1
24989,2.476204756180516,1
24990,2.59963312946409,1
24991,2.4744456726907345,1
24992,17.30551692078664,1
24993,5.978588569255587,1
24994,3.5739321679663387,1
24995,2.2703260181485763,1
24996,3.371097944029108,1
24997,2.505652938190342,1
24998,2.6180176987317836,1
24999,2.4826355159716362,1
25000,17.927421418456294,1
25001,6.014401218909759,1
25002,3.45358798476333,1
25003,2.3159487783744015,1
25004,3.5206095344990906,1
25005,2.561202109935557,1
25006,2.712569780838962,1
25007,2.5692539987372625,1
25008,27.180161596259303,1
25009,7.813289549025492,1
25010,4.095553494081877,1
25011,2.4397337081108863,1
25012,4.059606945501706,1
25013,2.845881878691421,1
25014,3.021911930093414,1
25015,2.7825557233627163,1
25016,13.274309496297812,1
25017,5.4208811547076,1
25018,3.347865851651123,1
25019,2.242331272008711,1
25020,3.2085229908541164,1
25021,2.49866153943394,1
25022,2.543778283941161,1
25023,2.461684462699757,1
25024,62.18509410867381,1
25025,10.145488897001002,1
25026,4.9325959978399085,1
25027,2.612908744178038,1
25028,5.304726895605686,1
25029,3.215250684343952,1
25030,3.4094974749416895,1
25031,3.033734813460979,1
25032,18.411531215865676,1
25033,6.375736484512037,1
25034,3.43248107755199,1
25035,2.2974247789822764,1
25036,3.47825311105518,1
25037,2.5688433184510417,1
25038,2.6793991791641734,1
25039,2.5259423967524453,1
25040,30.159147775954487,1
25041,7.6254893724516055,1
25042,4.114006507896202,1
25043,2.5061031219889696,1
25044,4.146067241798328,1
25045,2.8720984139408157,1
25046,3.0737640628982663,1
25047,2.8359160470156275,1
25048,34.74254922900962,1
25049,9.004129390323566,1
25050,4.681973500096884,1
25051,2.4622406424702827,1
25052,4.604744445693127,1
25053,2.9341588877784024,1
25054,3.150193736371056,1
25055,2.863072651592589,1
25056,36.765255984990745,1
25057,9.089454802595974,1
25058,4.650005290021702,1
25059,2.539222959621651,1
25060,4.430975018984385,1
25061,2.952333159730569,1
25062,3.1932010218621603,1
25063,2.898829167178152,1
25064,21.95130400958277,1
25065,6.527688781294622,1
25066,3.77516840065987,1
25067,2.334960301025747,1
25068,3.6539843462369204,1
25069,2.6145707304296506,1
25070,2.7207110600394184,1
25071,2.586605445006362,1
25072,14.176208177252068,1
25073,5.4982573840374105,1
25074,3.325175545150147,1
25075,2.250935226946887,1
25076,3.2390005317014614,1
25077,2.464632418338495,1
25078,2.5782779121750017,1
25079,2.455440849776235,1
25080,27.09603701560898,1
25081,7.32086664007094,1
25082,4.145010167980962,1
25083,2.440524860033371,1
25084,4.109302205815203,1
25085,2.819878443969,1
25086,2.962237394189993,1
25087,2.783860801846607,1
25088,21.695291435351276,1
25089,6.249894880365547,1
25090,3.619186313465518,1
25091,2.3262776725679735,1
25092,3.595955541663256,1
25093,2.6012572932876066,1
25094,2.7302228275787788,1
25095,2.590784054246983,1
25096,14.737798653864902,1
25097,5.600678905157512,1
25098,3.33114781995436,1
25099,2.250935226946887,1
25100,3.159331581332491,1
25101,2.4834076042664774,1
25102,2.5581729922541983,1
25103,2.472169350652997,1
25104,20.073824825454096,1
25105,6.77326099844006,1
25106,3.7453346402166514,1
25107,2.34265675725795,1
25108,3.631429899526738,1
25109,2.6500732797551434,1
25110,2.753910359044885,1
25111,2.5751998245378784,1
25112,12.846629353272343,1
25113,4.9711427898906555,1
25114,3.178218076277642,1
25115,2.1977213844373873,1
25116,3.226716313730435,1
25117,2.3879185197263464,1
25118,2.4766347239950823,1
25119,2.3850640367166944,1
25120,14.395273815440538,1
25121,5.196031937648127,1
25122,3.2530158600451777,1
25123,2.2331461688779353,1
25124,3.2351675192645155,1
25125,2.4649943323547947,1
25126,2.5463071646030513,1
25127,2.433587411058086,1
25128,40.711702473319555,1
25129,8.886374067010259,1
25130,4.633989455806041,1
25131,2.556650618494038,1
25132,4.338021617654768,1
25133,2.9493166285387193,1
25134,3.187924409830905,1
25135,2.9708475398555128,1
25136,14.257662015094375,1
25137,5.47811219539079,1
25138,3.3565303854085675,1
25139,2.260545771667531,1
25140,3.288082375455078,1
25141,2.501515705484939,1
25142,2.6096014705989807,1
25143,2.473316993286108,1
25144,29.14072923354737,1
25145,7.226164076893741,1
25146,4.047992508580241,1
25147,2.31212019195697,1
25148,4.233372791331808,1
25149,2.7450397662794503,1
25150,2.948927774068938,1
25151,2.725115458115966,1
25152,21.057467370775036,1
25153,6.636243717507925,1
25154,3.8310182776789077,1
25155,2.3799297709586567,1
25156,3.862123712578889,1
25157,2.7121766245766423,1
25158,2.853230594086925,1
25159,2.667787731086866,1
25160,15.959870500002806,1
25161,5.597773241464622,1
25162,3.4673731957620606,1
25163,2.2703260181485763,1
25164,3.3330647357453267,1
25165,2.5201949924351896,1
25166,2.6200984524269164,1
25167,2.51562884307904,1
25168,57.99677052557898,1
25169,11.938848915431985,1
25170,5.526048868294938,1
25171,2.663731976324072,1
25172,5.570050512000365,1
25173,3.396803639442356,1
25174,3.3949959701645085,1
25175,3.231208652774438,1
25176,20.646982645075678,1
25177,6.468493861598861,1
25178,3.6707961959543973,1
25179,2.361048352333923,1
25180,3.7461936986961426,1
25181,2.663259390336409,1
25182,2.7942915640315062,1
25183,2.614541651524518,1
25184,24.57914059765771,1
25185,7.1089584540954895,1
25186,4.030459969534494,1
25187,2.4106809602037913,1
25188,3.8245973511872977,1
25189,2.7995689131715187,1
25190,2.9416504381387614,1
25191,2.727086123218761,1
25192,31.322665386831332,1
25193,8.005206820372242,1
25194,4.172669465339977,1
25195,2.4768895834019924,1
25196,4.1914638964856685,1
25197,2.879514002399486,1
25198,2.9495458623770916,1
25199,2.8185436039500122,1
25200,21.297870665004226,1
25201,6.58605857560261,1
25202,3.5602427981806475,1
25203,2.3441945817946053,1
25204,3.601173127172695,1
25205,2.6337409599720405,1
25206,2.799509090370002,1
25207,2.5669871208856874,1
25208,19.281719082649573,1
25209,6.739063484174563,1
25210,3.738894843356605,1
25211,2.317855809585413,1
25212,3.8323856941381362,1
25213,2.6057036459816008,1
25214,2.750759278035584,1
25215,2.592311893495491,1
25216,14.885079957044967,1
25217,5.255201848626604,1
25218,3.3175696752167565,1
25219,2.2145761673624125,1
25220,3.193249254448016,1
25221,2.4362125790798506,1
25222,2.5103984604716962,1
25223,2.4003468617116526,1
25224,47.90164733933378,1
25225,9.942917751338772,1
25226,4.672994559791536,1
25227,2.561561701212992,1
25228,4.615693637107994,1
25229,3.0430536137802457,1
25230,3.243672046204078,1
25231,2.9891537100516548,1
25232,13.746146248179135,1
25233,5.244074727330122,1
25234,3.2924749346361533,1
25235,2.250935226946887,1
25236,3.2346158668360143,1
25237,2.4858117484014963,1
25238,2.564315532968633,1
25239,2.4622021787102466,1
25240,14.817625856608965,1
25241,5.15425920262892,1
25242,3.374694148430603,1
25243,2.251309069226319,1
25244,3.306308189363509,1
25245,2.491829370544664,1
25246,2.570879264791427,1
25247,2.471370922050178,1
25248,22.537098642038668,1
25249,6.637849989543868,1
25250,3.8147617497841644,1
25251,2.364915400743681,1
25252,3.6827675565546185,1
25253,2.700516112264166,1
25254,2.778617206825873,1
25255,2.645848812296785,1
25256,31.22211716633205,1
25257,7.050586996018383,1
25258,4.220508837351881,1
25259,2.4189452828044566,1
25260,4.118789238676307,1
25261,2.7713925951763523,1
25262,2.9413120462560505,1
25263,2.77335706840697,1
25264,21.646958951165697,1
25265,6.550823133346736,1
25266,3.7148433899654516,1
25267,2.3981356758348746,1
25268,3.814759070309761,1
25269,2.680761894463929,1
25270,2.7647818053473014,1
25271,2.6326038088533243,1
25272,19.325643645744087,1
25273,6.303445665170968,1
25274,3.5927048039001144,1
25275,2.3270427291678972,1
25276,3.4380723405264204,1
25277,2.6224386377207893,1
25278,2.716522179676863,1
25279,2.5899583500816834,1
25280,115.4184392715337,1
25281,16.942110977794567,1
25282,6.321525579645166,1
25283,2.7692666011909566,1
25284,6.247116881828571,1
25285,3.553973762898134,1
25286,3.843866023944146,1
25287,3.409683843836493,1
25288,15.41462395888103,1
25289,5.1931813887499745,1
25290,3.344867153803516,1
25291,2.2427041248737427,1
25292,3.2303563952409045,1
25293,2.47420670944601,1
25294,2.6008750949738504,1
25295,2.4581038247344265,1
25296,14.222860231141434,2
25297,5.136506548892629,2
25298,3.2496574080408713,2
25299,2.1637415076194655,2
25300,3.27805230218429,2
25301,2.4902594389694195,2
25302,2.554696772203677,2
25303,2.396933392801377,2
25304,18.794442592649045,2
25305,5.883377863593877,2
25306,3.5756733814674364,2
25307,2.2566453556689448,2
25308,3.668194815152113,2
25309,2.6361409788967345,2
25310,2.735441389338645,2
25311,2.578911847322834,2
25312,19.421262550210884,2
25313,6.223287986442429,2
25314,3.648942096820939,2
25315,2.2901668772494688,2
25316,3.6367739898960805,2
25317,2.68365402825716,2
25318,2.6991019145258557,2
25319,2.596651925091037,2
25320,16.57114310176016,2
25321,5.769807602850024,2
25322,3.498011701425468,2
25323,2.2381553191310317,2
25324,3.4305790157230933,2
25325,2.5906793716718175,2
25326,2.6424002251470227,2
25327,2.492772296373431,2
25328,14.087876196139996,2
25329,5.3758443542966425,2
25330,3.4270066900925062,2
25331,2.204549939707104,2
25332,3.304794531332658,2
25333,2.494237745479684,2
25334,2.608732374710333,2
25335,2.4564445757878963,2
25336,19.000289470564862,2
25337,6.228724456787203,2
25338,3.7548307007212407,2
25339,2.3059441217243184,2
25340,3.5910520647551203,2
25341,2.6413644579315347,2
25342,2.747999473072669,2
25343,2.598816615015196,2
25344,15.821302871687958,2
25345,5.775704225741483,2
25346,3.5511007975581994,2
25347,2.2371605032188198,2
25348,3.34242210420842,2
25349,2.584986846705964,2
25350,2.66419558476713,2
25351,2.5094990024921486,2
25352,26.27257116492861,2
25353,7.335217644214656,2
25354,4.248359487655188,2
25355,2.376130991005833,2
25356,4.049410224493872,2
25357,2.836891230634769,2
25358,2.9678171413250576,2
25359,2.7396673411021006,2
25360,26.624682354193013,2
25361,7.098148396609656,2
25362,4.055605789391022,2
25363,2.3267754224393618,2
25364,3.9912062550494865,2
25365,2.829224573750376,2
25366,2.9312857668893173,2
25367,2.676202190130617,2
25368,15.465107146872604,2
25369,5.40086925330521,2
25370,3.3866686709749527,2
25371,2.2203625513037184,2
25372,3.4041774716861624,2
25373,2.5207243072122165,2
25374,2.5962372610886537,2
25375,2.4716197511153086,2
25376,17.67436860742782,2
25377,6.088686814896581,2
25378,3.6236647524214383,2
25379,2.2472859541597003,2
25380,3.502437553063899,2
25381,2.661074198374985,2
25382,2.696941481511262,2
25383,2.5214760634911015,2
25384,10.217084972800798,2
25385,4.390453932215436,2
25386,2.9178239617942223,2
25387,2.0821967527496827,2
25388,2.9429096572406475,2
25389,2.32312884945709,2
25390,2.362436445138807,2
25391,2.2701679973970337,2
25392,14.19455730810802,2
25393,5.310843747228157,2
25394,3.321074174734591,2
25395,2.179888231365373,2
25396,3.3375418960887386,2
25397,2.4963917116787067,2
25398,2.5589621453710794,2
25399,2.416320697796407,2
25400,17.050216368859402,2
25401,5.582122558318182,2
25402,3.4157055651844686,2
25403,2.205519213118531,2
25404,3.369676941946478,2
25405,2.523790963555671,2
25406,2.58903841976287,2
25407,2.4471939455773706,2
25408,17.478262778541975,2
25409,5.7599485052243535,2
25410,3.5895763035509445,2
25411,2.2484807654233006,2
25412,3.488504494916044,2
25413,2.6093747490866908,2
25414,2.693604461113802,2
25415,2.528531114857831,2
25416,23.869727160270106,2
25417,7.283899331614372,2
25418,4.091397556745347,2
25419,2.360196986062224,2
25420,4.242490983567885,2
25421,2.850502011408945,2
25422,2.9442928096476653,2
25423,2.7244129258193186,2
25424,14.196911757376402,2
25425,5.073218623244332,2
25426,3.3190523110962986,2
25427,2.179680109134679,2
25428,3.2888545566682175,2
25429,2.4896028773444936,2
25430,2.557455549645279,2
25431,2.4133849439547865,2
25432,54.447725300338526,2
25433,10.534225987237361,2
25434,5.135383929127297,2
25435,2.515572905753015,2
25436,5.1750754268978945,2
25437,3.210460174237581,2
25438,3.3216032497400847,2
25439,3.0063303624057927,2
25440,16.961177523967635,2
25441,5.980336441557779,2
25442,3.4820623194712264,2
25443,2.2306156197024287,2
25444,3.5428566693423296,2
25445,2.5733445454691557,2
25446,2.6858485116348794,2
25447,2.4955569302026768,2
25448,27.714121296962837,2
25449,7.496360931811973,2
25450,4.230381674663956,2
25451,2.421181137189351,2
25452,4.136079249455081,2
25453,2.854085380630286,2
25454,3.0217441346716716,2
25455,2.7669411900566385,2
25456,39.72200488821153,2
25457,8.493552093712658,2
25458,4.812390549161071,2
25459,2.3826050403806716,2
25460,4.546887797331314,2
25461,3.0007417186912617,2
25462,3.084507594192612,2
25463,2.8616387203050118,2
25464,34.072232140006655,2
25465,8.604370748660845,2
25466,4.553037914189332,2
25467,2.449190511278218,2
25468,4.446455817369933,2
25469,3.0564485974764177,2
25470,3.089358536541663,2
25471,2.8736416976429786,2
25472,19.548840482341582,2
25473,5.898641584518398,2
25474,3.708490652931769,2
25475,2.2649306324945284,2
25476,3.6205499746955296,2
25477,2.6545754747606747,2
25478,2.716284980357783,2
25479,2.5624265106337556,2
25480,13.903925181559003,2
25481,5.110104706742419,2
25482,3.2962181235454757,2
25483,2.188468042515667,2
25484,3.2328092755779605,2
25485,2.502881081804487,2
25486,2.5577306889359157,2
25487,2.420755890618619,2
25488,26.21991959837378,2
25489,7.399981783212132,2
25490,4.098514266138022,2
25491,2.3600279749459667,2
25492,3.9996059466375753,2
25493,2.8522788551994744,2
25494,2.938858778522435,2
25495,2.710394116200683,2
25496,20.252683764143693,2
25497,6.154833536048561,2
25498,3.647159293907956,2
25499,2.25609573088797,2
25500,3.6666048828144913,2
25501,2.651982878020119,2
25502,2.703476152052965,2
25503,2.5683675921662985,2
25504,13.981098649908406,2
25505,5.404366958437097,2
25506,3.3424595163839927,2
25507,2.1884921991441497,2
25508,3.3147897761272658,2
25509,2.501451882243235,2
25510,2.558182249509698,2
25511,2.421123027365607,2
25512,20.69098893043804,2
25513,6.10860366785595,2
25514,3.64860560730644,2
25515,2.273515457644581,2
25516,3.6515749030010216,2
25517,2.6738085359962493,2
25518,2.73003441015313,2
25519,2.587251133488873,2
25520,12.744375738161995,2
25521,4.843969700174735,2
25522,3.149557948376196,2
25523,2.1392273657360605,2
25524,3.0924381227722644,2
25525,2.417817144549456,2
25526,2.4755032701683035,2
25527,2.3596075073879983,2
25528,13.14840783922981,2
25529,5.011903212072937,2
25530,3.2017148393934254,2
25531,2.171308670059346,2
25532,3.1791691995345106,2
25533,2.4477925806685215,2
25534,2.545181466832685,2
25535,2.415582280031755,2
25536,35.53788810075718,2
25537,8.710205513854861,2
25538,4.657463038327954,2
25539,2.468123503322783,2
25540,4.556839832082986,2
25541,3.014503718504953,2
25542,3.138043277797733,2
25543,2.8575296173613216,2
25544,14.45007109025596,2
25545,5.419418258485542,2
25546,3.3722158717111412,2
25547,2.1961614528004962,2
25548,3.3921211200347723,2
25549,2.520311693227984,2
25550,2.5675125916792267,2
25551,2.4229719559587255,2
25552,26.97831886717776,2
25553,6.63902135805572,2
25554,3.948493406138445,2
25555,2.2466877831676015,2
25556,3.969485249410503,2
25557,2.6670964134418593,2
25558,2.827688154712931,2
25559,2.5665666349894685,2
25560,21.311806130296414,2
25561,6.696082498248775,2
25562,3.8758860104468718,2
25563,2.3058780221429345,2
25564,3.715838797475044,2
25565,2.710379053401507,2
25566,2.8672538201763986,2
25567,2.627681196502975,2
25568,15.229856809823493,2
25569,5.294456433759173,2
25570,3.3294865555485607,2
25571,2.2058504654675475,2
25572,3.334021830533895,2
25573,2.5276338133138134,2
25574,2.5826925074097016,2
25575,2.451437671412523,2
25576,53.302978421212636,2
25577,11.470489260823454,2
25578,5.356631362972312,2
25579,2.5628947744687154,2
25580,5.2718824855480015,2
25581,3.314881022959681,2
25582,3.4235168752012295,2
25583,3.1569096093957056,2
25584,18.58674562921353,2
25585,6.290137582575375,2
25586,3.8370273000957273,2
25587,2.2885172344322053,2
25588,3.664834616076947,2
25589,2.689116534434592,2
25590,2.748471734257976,2
25591,2.570653461612357,2
25592,27.561669982421385,2
25593,6.9542633055981735,2
25594,3.992979486655346,2
25595,2.3351782115265354,2
25596,3.9450472633821234,2
25597,2.788634195071228,2
25598,2.851879858421492,2
25599,2.64579927094534,2
25600,31.4596165660059,2
25601,7.574387300011017,2
25602,4.285840856387872,2
25603,2.3972058011585737,2
25604,4.242708191990703,2
25605,2.901440766191375,2
25606,3.001771731317197,2
25607,2.804297546749574,2
25608,18.98642526696229,2
25609,6.298249345565948,2
25610,3.6127756280242393,2
25611,2.27415139138234,2
25612,3.6171512827144334,2
25613,2.6384511601779947,2
25614,2.752178029513058,2
25615,2.569978754039878,2
25616,18.411737436756006,2
25617,6.198714351040775,2
25618,3.71820690470182,2
25619,2.248563482416918,2
25620,3.739992144437936,2
25621,2.6140408768115746,2
25622,2.727326584710494,2
25623,2.554459162775373,2
25624,13.102806908112077,2
25625,4.904629596510529,2
25626,3.2032477332246274,2
25627,2.156078312022385,2
25628,3.1178471498943727,2
25629,2.411361746345212,2
25630,2.4751734865416077,2
25631,2.3719310854524687,2
25632,37.52917772553118,2
25633,9.06547246478801,2
25634,4.669152627992606,2
25635,2.468142469154327,2
25636,4.772756783328712,2
25637,3.028069619753632,2
25638,3.2132284393701815,2
25639,2.916502421343196,2
25640,13.413144908143888,2
25641,5.1745443606576815,2
25642,3.3286518804253378,2
25643,2.188331824431599,2
25644,3.1791012674663817,2
25645,2.4791869928706434,2
25646,2.544440831976467,2
25647,2.419980630170983,2
25648,14.289428696332974,2
25649,5.150924050584901,2
25650,3.2848378651349392,2
25651,2.1886129850318414,2
25652,3.233609868046315,2
25653,2.4925769457641676,2
25654,2.5465695584010737,2
25655,2.4317542914525845,2
25656,22.162491886303382,2
25657,6.324840643075145,2
25658,3.761056115823308,2
25659,2.2910713090314903,2
25660,3.6855928315923383,2
25661,2.7054520192701452,2
25662,2.793049274281677,2
25663,2.6240993932720595,2
25664,22.917312343158134,2
25665,6.960293069833071,2
25666,3.948017910132617,2
25667,2.3423321743864958,2
25668,3.9027861434974542,2
25669,2.814967014832911,2
25670,2.9306142574741645,2
25671,2.6970521349541587,2
25672,19.619103475918088,2
25673,6.316594877811822,2
25674,3.7212578496500934,2
25675,2.3225842834064845,2
25676,3.5658276230340635,2
25677,2.6996025241737795,2
25678,2.7780965622596625,2
25679,2.639139766371758,2
25680,18.988544354820228,2
25681,5.786552310876096,2
25682,3.596124366001645,2
25683,2.25621017425307,2
25684,3.6197335497224077,2
25685,2.6165837938921426,2
25686,2.734567366295564,2
25687,2.5123423996971743,2
25688,75.64669169308326,2
25689,15.398716186086762,2
25690,6.172855692304441,2
25691,2.6565109197049916,2
25692,6.168458542666183,2
25693,3.559767668597921,2
25694,3.7940139935019013,2
25695,3.297146294813789,2
25696,13.757724340140394,2
25697,5.152540743046894,2
25698,3.3443981746600233,2
25699,2.180008691319106,2
25700,3.282998036484306,2
25701,2.4741487086758363,2
25702,2.555496696125485,2
25703,2.4234287242745545,2
25704,0.0,-1
25705,0.0,-1
25706,0.0,-1
25707,0.0,-1
25708,0.0,-1
25709,0.0,-1
25710,0.0,-1
25711,0.0,-1
25712,0.0,-1
25713,0.0,-1
25714,0.0,-1
25715,0.0,-1
25716,0.0,-1
25717,0.0,-1
25718,0.0,-1
25719,0.0,-1
25720,0.0,-1
25721,0.0,-1
25722,0.0,-1
25723,0.0,-1
25724,0.0,-1
25725,0.0,-1
25726,0.0,-1
25727,0.0,-1
25728,0.0,-1
25729,0.0,-1
25730,0.0,-1
25731,0.0,-1
25732,0.0,-1
25733,0.0,-1
25734,0.0,-1
25735,0.0,-1
25736,0.0,-1
25737,0.0,-1
25738,0.0,-1
25739,0.0,-1
25740,0.0,-1
25741,0.0,-1
25742,0.0,-1
25743,0.0,-1
25744,0.0,-1
25745,0.0,-1
25746,0.0,-1
25747,0.0,-1
25748,0.0,-1
25749,0.0,-1
25750,0.0,-1
25751,0.0,-1
25752,0.0,-1
25753,0.0,-1
25754,0.0,-1
25755,0.0,-1
25756,0.0,-1
25757,0.0,-1
25758,0.0,-1
25759,0.0,-1
25760,0.0,-1
25761,0.0,-1
25762,0.0,-1
25763,0.0,-1
25764,0.0,-1
25765,0.0,-1
25766,0.0,-1
25767,0.0,-1
25768,0.0,-1
25769,0.0,-1
25770,0.0,-1
25771,0.0,-1
25772,0.0,-1
25773,0.0,-1
25774,0.0,-1
25775,0.0,-1
25776,0.0,-1
25777,0.0,-1
25778,0.0,-1
25779,0.0,-1
25780,0.0,-1
25781,0.0,-1
25782,0.0,-1
25783,0.0,-1
25784,0.0,-1
25785,0.0,-1
25786,0.0,-1
25787,0.0,-1
25788,0.0,-1
25789,0.0,-1
25790,0.0,-1
25791,0.0,-1
25792,0.0,-1
25793,0.0,-1
25794,0.0,-1
25795,0.0,-1
25796,0.0,-1
25797,0.0,-1
25798,0.0,-1
25799,0.0,-1
25800,0.0,-1
25801,0.0,-1
25802,0.0,-1
25803,0.0,-1
25804,0.0,-1
25805,0.0,-1
25806,0.0,-1
25807,0.0,-1
25808,0.0,-1
25809,0.0,-1
25810,0.0,-1
25811,0.0,-1
25812,0.0,-1
25813,0.0,-1
25814,0.0,-1
25815,0.0,-1
25816,0.0,-1
25817,0.0,-1
25818,0.0,-1
25819,0.0,-1
25820,0.0,-1
25821,0.0,-1
25822,0.0,-1
25823,0.0,-1
25824,0.0,-1
25825,0.0,-1
25826,0.0,-1
25827,0.0,-1
25828,0.0,-1
25829,0.0,-1
25830,0.0,-1
25831,0.0,-1
25832,0.0,-1
25833,0.0,-1
25834,0.0,-1
25835,0.0,-1
25836,0.0,-1
25837,0.0,-1
25838,0.0,-1
25839,0.0,-1
25840,0.0,-1
25841,0.0,-1
25842,0.0,-1
25843,0.0,-1
25844,0.0,-1
25845,0.0,-1
25846,0.0,-1
25847,0.0,-1
25848,0.0,-1
25849,0.0,-1
25850,0.0,-1
25851,0.0,-1
25852,0.0,-1
25853,0.0,-1
25854,0.0,-1
25855,0.0,-1
25856,0.0,-1
25857,0.0,-1
25858,0.0,-1
25859,0.0,-1
25860,0.0,-1
25861,0.0,-1
25862,0.0,-1
25863,0.0,-1
25864,0.0,-1
25865,0.0,-1
25866,0.0,-1
25867,0.0,-1
25868,0.0,-1
25869,0.0,-1
25870,0.0,-1
25871,0.0,-1
25872,0.0,-1
25873,0.0,-1
25874,0.0,-1
25875,0.0,-1
25876,0.0,-1
25877,0.0,-1
25878,0.0,-1
25879,0.0,-1
25880,0.0,-1
25881,0.0,-1
25882,0.0,-1
25883,0.0,-1
25884,0.0,-1
25885,0.0,-1
25886,0.0,-1
25887,0.0,-1
25888,0.0,-1
25889,0.0,-1
25890,0.0,-1
25891,0.0,-1
25892,0.0,-1
25893,0.0,-1
25894,0.0,-1
25895,0.0,-1
25896,0.0,-1
25897,0.0,-1
25898,0.0,-1
25899,0.0,-1
25900,0.0,-1
25901,0.0,-1
25902,0.0,-1
25903,0.0,-1
25904,0.0,-1
25905,0.0,-1
25906,0.0,-1
25907,0.0,-1
25908,0.0,-1
25909,0.0,-1
25910,0.0,-1
25911,0.0,-1
25912,0.0,-1
25913,0.0,-1
25914,0.0,-1
25915,0.0,-1
25916,0.0,-1
25917,0.0,-1
25918,0.0,-1
25919,0.0,-1
25920,0.0,-1
25921,0.0,-1
25922,0.0,-1
25923,0.0,-1
25924,0.0,-1
25925,0.0,-1
25926,0.0,-1
25927,0.0,-1
25928,0.0,-1
25929,0.0,-1
25930,0.0,-1
25931,0.0,-1
25932,0.0,-1
25933,0.0,-1
25934,0.0,-1
25935,0.0,-1
25936,0.0,-1
25937,0.0,-1
25938,0.0,-1
25939,0.0,-1
25940,0.0,-1
25941,0.0,-1
25942,0.0,-1
25943,0.0,-1
25944,0.0,-1
25945,0.0,-1
25946,0.0,-1
25947,0.0,-1
25948,0.0,-1
25949,0.0,-1
25950,0.0,-1
25951,0.0,-1
25952,0.0,-1
25953,0.0,-1
25954,0.0,-1
25955,0.0,-1
25956,0.0,-1
25957,0.0,-1
25958,0.0,-1
25959,0.0,-1
25960,0.0,-1
25961,0.0,-1
25962,0.0,-1
25963,0.0,-1
25964,0.0,-1
25965,0.0,-1
25966,0.0,-1
25967,0.0,-1
25968,0.0,-1
25969,0.0,-1
25970,0.0,-1
25971,0.0,-1
25972,0.0,-1
25973,0.0,-1
25974,0.0,-1
25975,0.0,-1
25976,0.0,-1
25977,0.0,-1
25978,0.0,-1
25979,0.0,-1
25980,0.0,-1
25981,0.0,-1
25982,0.0,-1
25983,0.0,-1
25984,0.0,-1
25985,0.0,-1
25986,0.0,-1
25987,0.0,-1
25988,0.0,-1
25989,0.0,-1
25990,0.0,-1
25991,0.0,-1
25992,0.0,-1
25993,0.0,-1
25994,0.0,-1
25995,0.0,-1
25996,0.0,-1
25997,0.0,-1
25998,0.0,-1
25999,0.0,-1
26000,0.0,-1
26001,0.0,-1
26002,0.0,-1
26003,0.0,-1
26004,0.0,-1
26005,0.0,-1
26006,0.0,-1
26007,0.0,-1
26008,0.0,-1
26009,0.0,-1
26010,0.0,-1
26011,0.0,-1
26012,0.0,-1
26013,0.0,-1
26014,0.0,-1
26015,0.0,-1
26016,0.0,-1
26017,0.0,-1
26018,0.0,-1
26019,0.0,-1
26020,0.0,-1
26021,0.0,-1
26022,0.0,-1
26023,0.0,-1
26024,0.0,-1
26025,0.0,-1
26026,0.0,-1
26027,0.0,-1
26028,0.0,-1
26029,0.0,-1
26030,0.0,-1
26031,0.0,-1
26032,0.0,-1
26033,0.0,-1
26034,0.0,-1
26035,0.0,-1
26036,0.0,-1
26037,0.0,-1
26038,0.0,-1
26039,0.0,-1
26040,0.0,-1
26041,0.0,-1
26042,0.0,-1
26043,0.0,-1
26044,0.0,-1
26045,0.0,-1
26046,0.0,-1
26047,0.0,-1
26048,0.0,-1
26049,0.0,-1
26050,0.0,-1
26051,0.0,-1
26052,0.0,-1
26053,0.0,-1
26054,0.0,-1
26055,0.0,-1
26056,0.0,-1
26057,0.0,-1
26058,0.0,-1
26059,0.0,-1
26060,0.0,-1
26061,0.0,-1
26062,0.0,-1
26063,0.0,-1
26064,0.0,-1
26065,0.0,-1
26066,0.0,-1
26067,0.0,-1
26068,0.0,-1
26069,0.0,-1
26070,0.0,-1
26071,0.0,-1
26072,0.0,-1
26073,0.0,-1
26074,0.0,-1
26075,0.0,-1
26076,0.0,-1
26077,0.0,-1
26078,0.0,-1
26079,0.0,-1
26080,0.0,-1
26081,0.0,-1
26082,0.0,-1
26083,0.0,-1
26084,0.0,-1
26085,0.0,-1
26086,0.0,-1
26087,0.0,-1
26088,0.0,-1
26089,0.0,-1
26090,0.0,-1
26091,0.0,-1
26092,0.0,-1
26093,0.0,-1
26094,0.0,-1
26095,0.0,-1
26096,0.0,-1
26097,0.0,-1
26098,0.0,-1
26099,0.0,-1
26100,0.0,-1
26101,0.0,-1
26102,0.0,-1
26103,0.0,-1
26104,0.0,-1
26105,0.0,-1
26106,0.0,-1
26107,0.0,-1
26108,0.0,-1
26109,0.0,-1
26110,0.0,-1
26111,0.0,-1
26112,0.0,-1
26113,0.0,-1
26114,0.0,-1
26115,0.0,-1
26116,0.0,-1
26117,0.0,-1
26118,0.0,-1
26119,0.0,-1
26120,0.0,-1
26121,0.0,-1
26122,0.0,-1
26123,0.0,-1
26124,0.0,-1
26125,0.0,-1
26126,0.0,-1
26127,0.0,-1
26128,0.0,-1
26129,0.0,-1
26130,0.0,-1
26131,0.0,-1
26132,0.0,-1
26133,0.0,-1
26134,0.0,-1
26135,0.0,-1
26136,0.0,-1
26137,0.0,-1
26138,0.0,-1
26139,0.0,-1
26140,0.0,-1
26141,0.0,-1
26142,0.0,-1
26143,0.0,-1
26144,0.0,-1
26145,0.0,-1
26146,0.0,-1
26147,0.0,-1
26148,0.0,-1
26149,0.0,-1
26150,0.0,-1
26151,0.0,-1
26152,0.0,-1
26153,0.0,-1
26154,0.0,-1
26155,0.0,-1
26156,0.0,-1
26157,0.0,-1
26158,0.0,-1
26159,0.0,-1
26160,0.0,-1
26161,0.0,-1
26162,0.0,-1
26163,0.0,-1
26164,0.0,-1
26165,0.0,-1
26166,0.0,-1
26167,0.0,-1
26168,0.0,-1
26169,0.0,-1
26170,0.0,-1
26171,0.0,-1
26172,0.0,-1
26173,0.0,-1
26174,0.0,-1
26175,0.0,-1
26176,0.0,-1
26177,0.0,-1
26178,0.0,-1
26179,0.0,-1
26180,0.0,-1
26181,0.0,-1
26182,0.0,-1
26183,0.0,-1
26184,0.0,-1
26185,0.0,-1
26186,0.0,-1
26187,0.0,-1
26188,0.0,-1
26189,0.0,-1
26190,0.0,-1
26191,0.0,-1
26192,0.0,-1
26193,0.0,-1
26194,0.0,-1
26195,0.0,-1
26196,0.0,-1
26197,0.0,-1
26198,0.0,-1
26199,0.0,-1
26200,0.0,-1
26201,0.0,-1
26202,0.0,-1
26203,0.0,-1
26204,0.0,-1
26205,0.0,-1
26206,0.0,-1
26207,0.0,-1
26208,0.0,-1
26209,0.0,-1
26210,0.0,-1
26211,0.0,-1
26212,0.0,-1
26213,0.0,-1
26214,0.0,-1
26215,0.0,-1
26216,0.0,-1
26217,0.0,-1
26218,0.0,-1
26219,0.0,-1
26220,0.0,-1
26221,0.0,-1
26222,0.0,-1
26223,0.0,-1
26224,0.0,-1
26225,0.0,-1
26226,0.0,-1
26227,0.0,-1
26228,0.0,-1
26229,0.0,-1
26230,0.0,-1
26231,0.0,-1
26232,0.0,-1
26233,0.0,-1
26234,0.0,-1
26235,0.0,-1
26236,0.0,-1
26237,0.0,-1
26238,0.0,-1
26239,0.0,-1
26240,0.0,-1
26241,0.0,-1
26242,0.0,-1
26243,0.0,-1
26244,0.0,-1
26245,0.0,-1
26246,0.0,-1
26247,0.0,-1
26248,0.0,-1
26249,0.0,-1
26250,0.0,-1
26251,0.0,-1
26252,0.0,-1
26253,0.0,-1
26254,0.0,-1
26255,0.0,-1
26256,0.0,-1
26257,0.0,-1
26258,0.0,-1
26259,0.0,-1
26260,0.0,-1
26261,0.0,-1
26262,0.0,-1
26263,0.0,-1
26264,0.0,-1
26265,0.0,-1
26266,0.0,-1
26267,0.0,-1
26268,0.0,-1
26269,0.0,-1
26270,0.0,-1
26271,0.0,-1
26272,0.0,-1
26273,0.0,-1
26274,0.0,-1
26275,0.0,-1
26276,0.0,-1
26277,0.0,-1
26278,0.0,-1
26279,0.0,-1
26280,0.0,-1
26281,0.0,-1
26282,0.0,-1
26283,0.0,-1
26284,0.0,-1
26285,0.0,-1
26286,0.0,-1
26287,0.0,-1
26288,0.0,-1
26289,0.0,-1
26290,0.0,-1
26291,0.0,-1
26292,0.0,-1
26293,0.0,-1
26294,0.0,-1
26295,0.0,-1
26296,0.0,-1
26297,0.0,-1
26298,0.0,-1
26299,0.0,-1
26300,0.0,-1
26301,0.0,-1
26302,0.0,-1
26303,0.0,-1
26304,0.0,-1
26305,0.0,-1
26306,0.0,-1
26307,0.0,-1
26308,0.0,-1
26309,0.0,-1
26310,0.0,-1
26311,0.0,-1
26312,0.0,-1
26313,0.0,-1
26314,0.0,-1
26315,0.0,-1
26316,0.0,-1
26317,0.0,-1
26318,0.0,-1
26319,0.0,-1
26320,0.0,-1
26321,0.0,-1
26322,0.0,-1
26323,0.0,-1
26324,0.0,-1
26325,0.0,-1
26326,0.0,-1
26327,0.0,-1
26328,0.0,-1
26329,0.0,-1
26330,0.0,-1
26331,0.0,-1
26332,0.0,-1
26333,0.0,-1
26334,0.0,-1
26335,0.0,-1
26336,0.0,-1
26337,0.0,-1
26338,0.0,-1
26339,0.0,-1
26340,0.0,-1
26341,0.0,-1
26342,0.0,-1
26343,0.0,-1
26344,0.0,-1
26345,0.0,-1
26346,0.0,-1
26347,0.0,-1
26348,0.0,-1
26349,0.0,-1
26350,0.0,-1
26351,0.0,-1
26352,0.0,-1
26353,0.0,-1
26354,0.0,-1
26355,0.0,-1
26356,0.0,-1
26357,0.0,-1
26358,0.0,-1
26359,0.0,-1
26360,0.0,-1
26361,0.0,-1
26362,0.0,-1
26363,0.0,-1
26364,0.0,-1
26365,0.0,-1
26366,0.0,-1
26367,0.0,-1
26368,0.0,-1
26369,0.0,-1
26370,0.0,-1
26371,0.0,-1
26372,0.0,-1
26373,0.0,-1
26374,0.0,-1
26375,0.0,-1
26376,0.0,-1
26377,0.0,-1
26378,0.0,-1
26379,0.0,-1
26380,0.0,-1
26381,0.0,-1
26382,0.0,-1
26383,0.0,-1
26384,0.0,-1
26385,0.0,-1
26386,0.0,-1
26387,0.0,-1
26388,0.0,-1
26389,0.0,-1
26390,0.0,-1
26391,0.0,-1
26392,0.0,-1
26393,0.0,-1
26394,0.0,-1
26395,0.0,-1
26396,0.0,-1
26397,0.0,-1
26398,0.0,-1
26399,0.0,-1
26400,0.0,-1
26401,0.0,-1
26402,0.0,-1
26403,0.0,-1
26404,0.0,-1
26405,0.0,-1
26406,0.0,-1
26407,0.0,-1
26408,0.0,-1
26409,0.0,-1
26410,0.0,-1
26411,0.0,-1
26412,0.0,-1
26413,0.0,-1
26414,0.0,-1
26415,0.0,-1
26416,0.0,-1
26417,0.0,-1
26418,0.0,-1
26419,0.0,-1
26420,0.0,-1
26421,0.0,-1
26422,0.0,-1
26423,0.0,-1
26424,0.0,-1
26425,0.0,-1
26426,0.0,-1
26427,0.0,-1
26428,0.0,-1
26429,0.0,-1
26430,0.0,-1
26431,0.0,-1
26432,0.0,-1
26433,0.0,-1
26434,0.0,-1
26435,0.0,-1
26436,0.0,-1
26437,0.0,-1
26438,0.0,-1
26439,0.0,-1
26440,0.0,-1
26441,0.0,-1
26442,0.0,-1
26443,0.0,-1
26444,0.0,-1
26445,0.0,-1
26446,0.0,-1
26447,0.0,-1
26448,0.0,-1
26449,0.0,-1
26450,0.0,-1
26451,0.0,-1
26452,0.0,-1
26453,0.0,-1
26454,0.0,-1
26455,0.0,-1
26456,0.0,-1
26457,0.0,-1
26458,0.0,-1
26459,0.0,-1
26460,0.0,-1
26461,0.0,-1
26462,0.0,-1
26463,0.0,-1
26464,0.0,-1
26465,0.0,-1
26466,0.0,-1
26467,0.0,-1
26468,0.0,-1
26469,0.0,-1
26470,0.0,-1
26471,0.0,-1
26472,0.0,-1
26473,0.0,-1
26474,0.0,-1
26475,0.0,-1
26476,0.0,-1
26477,0.0,-1
26478,0.0,-1
26479,0.0,-1
26480,0.0,-1
26481,0.0,-1
26482,0.0,-1
26483,0.0,-1
26484,0.0,-1
26485,0.0,-1
26486,0.0,-1
26487,0.0,-1
26488,0.0,-1
26489,0.0,-1
26490,0.0,-1
26491,0.0,-1
26492,0.0,-1
26493,0.0,-1
26494,0.0,-1
26495,0.0,-1
26496,0.0,-1
26497,0.0,-1
26498,0.0,-1
26499,0.0,-1
26500,0.0,-1
26501,0.0,-1
26502,0.0,-1
26503,0.0,-1
26504,0.0,-1
26505,0.0,-1
26506,0.0,-1
26507,0.0,-1
26508,0.0,-1
26509,0.0,-1
26510,0.0,-1
26511,0.0,-1
26512,0.0,-1
26513,0.0,-1
26514,0.0,-1
26515,0.0,-1
26516,0.0,-1
26517,0.0,-1
26518,0.0,-1
26519,0.0,-1
26520,16.106056846572116,2
26521,5.4478365571240115,2
26522,3.3506497231720247,2
26523,2.212813264233791,2
26524,3.454917886067895,2
26525,2.5472164754758513,2
26526,2.618293419550862,2
26527,2.4660152873469854,2
26528,21.758950208698344,2
26529,6.369728139141685,2
26530,3.679553457547112,2
26531,2.3127117927093424,2
26532,3.8655681444658088,2
26533,2.712998788097831,2
26534,2.7983261279629317,2
26535,2.6305830776309267,2
26536,21.999276685813324,2
26537,6.671372199840196,2
26538,3.7187013019677693,2
26539,2.3492122558493196,2
26540,3.8087007453409574,2
26541,2.7602499779341843,2
26542,2.8049877457874732,2
26543,2.6500601158252857,2
26544,18.213822366873487,2
26545,6.118734008694568,2
26546,3.591814497561294,2
26547,2.2929290660907844,2
26548,3.5457741146790087,2
26549,2.6563032292240867,2
26550,2.730770998206515,2
26551,2.5605834827623775,2
26552,15.751909073310564,2
26553,5.64440452147812,2
26554,3.4507522146173937,2
26555,2.2566561012205035,2
26556,3.468083581575692,2
26557,2.5780126329963062,2
26558,2.6615944246643983,2
26559,2.5042237302707235,2
26560,21.421163830110515,2
26561,6.627487133888659,2
26562,3.8272782429948777,2
26563,2.3664330054959906,2
26564,3.719384519799913,2
26565,2.7249163068176387,2
26566,2.825249548864557,2
26567,2.6552702027156734,2
26568,17.887822479215043,2
26569,6.213937679232489,2
26570,3.580788875461952,2
26571,2.2934659597617726,2
26572,3.5794437465128714,2
26573,2.659957552918639,2
26574,2.7364884736446693,2
26575,2.566578223999872,2
26576,31.88918811570526,2
26577,7.842294772616675,2
26578,4.290074461554346,2
26579,2.443037113886656,2
26580,4.252875308172063,2
26581,2.920257012596086,2
26582,3.06245161978946,2
26583,2.814496251423102,2
26584,30.05904861039267,2
26585,7.7296852182015625,2
26586,4.132753099598838,2
26587,2.389603052719295,2
26588,4.105834864285918,2
26589,2.891686498278989,2
26590,3.0390972014831124,2
26591,2.75004602217684,2
26592,16.732118465806654,2
26593,5.7748438836671125,2
26594,3.464294793551609,2
26595,2.2734145018651444,2
26596,3.475807979774795,2
26597,2.60461163230875,2
26598,2.677891936380585,2
26599,2.5215259306062823,2
26600,20.4141262036149,2
26601,6.438124192696764,2
26602,3.70549117977453,2
26603,2.302929033022299,2
26604,3.682846196605983,2
26605,2.715063300406865,2
26606,2.7922239431685836,2
26607,2.596479518036102,2
26608,11.377193030759058,2
26609,4.657456855696696,2
26610,2.979976660050462,2
26611,2.123771224261249,2
26612,3.0563619485848847,2
26613,2.374211056385455,2
26614,2.4257840553694434,2
26615,2.319725098130256,2
26616,15.437425063943522,2
26617,5.645755304593944,2
26618,3.38734000814592,2
26619,2.229516647955729,2
26620,3.40505255819592,2
26621,2.5481132661835315,2
26622,2.619722156053296,2
26623,2.4716697890271346,2
26624,17.957871594170154,2
26625,5.859073736730408,2
26626,3.4873858775743085,2
26627,2.257444376652249,2
26628,3.516132705107689,2
26629,2.6097876368699544,2
26630,2.671210435410127,2
26631,2.511107211201606,2
26632,19.63019926626216,2
26633,6.213590878791959,2
26634,3.6932883388779185,2
26635,2.3034281651879014,2
26636,3.674438374599429,2
26637,2.6908569786948426,2
26638,2.7736605187235583,2
26639,2.585771363362695,2
26640,30.10322144108901,2
26641,7.962528916596407,2
26642,4.209349582750517,2
26643,2.4262190167031292,2
26644,4.2815550434175025,2
26645,2.938452220608847,2
26646,3.05054902089662,2
26647,2.7944982814352755,2
26648,15.85471879579413,2
26649,5.460475946740617,2
26650,3.34652737170319,2
26651,2.229785127324017,2
26652,3.3953120481525563,2
26653,2.552658910417156,2
26654,2.613408233278257,2
26655,2.4714944458829327,2
26656,64.62250620391066,2
26657,11.28487499847428,2
26658,5.229822265590775,2
26659,2.5966455079987956,2
26660,5.43577812894055,2
26661,3.3117640494995886,2
26662,3.5144955324921323,2
26663,3.1226361153124365,2
26664,19.59559297601866,2
26665,6.218950753389536,2
26666,3.647593573561035,2
26667,2.285044816498789,2
26668,3.583240571319154,2
26669,2.6658906358624397,2
26670,2.7526354966370117,2
26671,2.559278595983785,2
26672,32.74554240655568,2
26673,8.284870667500448,2
26674,4.2901755852122365,2
26675,2.492242213318652,2
26676,4.373124890737648,2
26677,2.968239824665928,2
26678,3.0988105654253184,2
26679,2.859310584898205,2
26680,43.87252281342082,2
26681,9.209223462225673,2
26682,4.817603603394171,2
26683,2.4491269485038725,2
26684,4.6851778220693365,2
26685,3.0681630504257646,2
26686,3.210560443550331,2
26687,2.9433908834309404,2
26688,43.299231673477685,2
26689,9.338964615071843,2
26690,4.706760952487416,2
26691,2.5233789558596245,2
26692,4.724030058994217,2
26693,3.12206956008294,2
26694,3.2159847491352616,2
26695,2.93662560821325,2
26696,22.251318119738798,2
26697,6.431521058454763,2
26698,3.78273450648167,2
26699,2.3218826139216358,2
26700,3.717299927511494,2
26701,2.7300830260477875,2
26702,2.8091151370763563,2
26703,2.6373644627024233,2
26704,15.643637055639106,2
26705,5.492384738642708,2
26706,3.354476554394143,2
26707,2.2381954550681638,2
26708,3.345335085311854,2
26709,2.5577208668207487,2
26710,2.630698831547585,2
26711,2.476670936321584,2
26712,29.78317522358177,2
26713,7.885803451687268,2
26714,4.149401828612158,2
26715,2.42659038278215,2
26716,4.280617652132681,2
26717,2.909875024958391,2
26718,3.0319842485923787,2
26719,2.801458780245932,2
26720,21.59977403210543,2
26721,6.636742659972534,2
26722,3.7290582305871096,2
26723,2.312684367674577,2
26724,3.7678275907956,2
26725,2.747475801336447,2
26726,2.803193484973283,2
26727,2.630126188223135,2
26728,15.691059000249096,2
26729,5.690283632544802,2
26730,3.401433669715046,2
26731,2.238339706578753,2
26732,3.3628028284749747,2
26733,2.5711061511839866,2
26734,2.6241953696509848,2
26735,2.481897578676926,2
26736,23.482220076727096,2
26737,6.656527205708535,2
26738,3.740262263476526,2
26739,2.3306918787170714,2
26740,3.803337220776429,2
26741,2.73634989705461,2
26742,2.8221903645105284,2
26743,2.6434869668638075,2
26744,13.906748669315636,2
26745,5.1239397518181145,2
26746,3.2430640343909873,2
26747,2.1849885093909363,2
26748,3.232758010223493,2
26749,2.4766024312189074,2
26750,2.5355887693353507,2
26751,2.409054358666405,2
26752,14.645013709606268,2
26753,5.400438612748916,2
26754,3.312251476291808,2
26755,2.220241388058631,2
26756,3.3128712942074436,2
26757,2.525974553926522,2
26758,2.6088481480040477,2
26759,2.461436155385067,2
26760,41.50585515845996,2
26761,9.353677069884672,2
26762,4.701823503027794,2
26763,2.541503427819366,2
26764,4.6736955910052576,2
26765,3.1269659619048777,2
26766,3.24972613012538,2
26767,2.9587228690315808,2
26768,16.51540298025757,2
26769,5.775577875400782,2
26770,3.4329671203846583,2
26771,2.2473655430651336,2
26772,3.4647396199280984,2
26773,2.5756080277398206,2
26774,2.6364171238473904,2
26775,2.4875309611727947,2
26776,29.92108984243992,2
26777,7.492108152958989,2
26778,4.07569858510629,2
26779,2.29969884857714,2
26780,4.146272035887725,2
26781,2.7570484844770724,2
26782,2.9205332562717703,2
26783,2.667661842240943,2
26784,24.591933939005095,2
26785,7.090897291472224,2
26786,3.9779672534928685,2
26787,2.3677659128579593,2
26788,3.887876507531478,2
26789,2.806031223005768,2
26790,2.9257033792987066,2
26791,2.6981762291719567,2
26792,17.251531724963428,2
26793,5.754836985625956,2
26794,3.4587028324160545,2
26795,2.2576029700721327,2
26796,3.4631999753676124,2
26797,2.596906549168824,2
26798,2.6609993267315835,2
26799,2.50764186989774,2
26800,67.63261770299171,2
26801,12.179885262080665,2
26802,5.584475446406311,2
26803,2.6476906593571337,2
26804,5.5293252314615255,2
26805,3.44110994231049,2
26806,3.611470541978699,2
26807,3.227539128932503,2
26808,21.64430513956712,2
26809,6.701951369674319,2
26810,3.8269028966611276,2
26811,2.3485232124475224,2
26812,3.776717676911185,2
26813,2.7609187664009665,2
26814,2.8334235296264496,2
26815,2.6436155103410153,2
26816,29.268801392050015,2
26817,7.355083588979327,2
26818,4.0727761640511435,2
26819,2.3986543726306153,2
26820,4.050331555886593,2
26821,2.859949463825867,2
26822,2.951441772769673,2
26823,2.7324575337699177,2
26824,35.01052874000835,2
26825,8.034748007048485,2
26826,4.402235291441174,2
26827,2.464184549972019,2
26828,4.376657785811198,2
26829,3.0195267969077473,2
26830,3.135267604376179,2
26831,2.870460616768871,2
26832,22.22900338752474,2
26833,6.683386468305645,2
26834,3.759224847861231,2
26835,2.331940281095156,2
26836,3.7671538373493436,2
26837,2.7340835804781336,2
26838,2.8176232872097136,2
26839,2.6469765455087635,2
26840,21.035307218569713,2
26841,6.71630390143654,2
26842,3.8074582182972248,2
26843,2.304866649760457,2
26844,3.8236741050116962,2
26845,2.7118327685616954,2
26846,2.789596174075373,2
26847,2.6163227298275884,2
26848,14.35842594691918,2
26849,5.240954238008758,2
26850,3.2970171954154917,2
26851,2.203483054558608,2
26852,3.2716103546970765,2
26853,2.493104027432276,2
26854,2.555461836409688,2
26855,2.434689587153232,2
26856,47.337477634338,2
26857,9.802344574976356,2
26858,4.780120674585872,2
26859,2.5437908036644488,2
26860,4.98521315457215,2
26861,3.1717870067080223,2
26862,3.344249238519532,2
26863,2.9981413988473657,2
26864,15.095044619656688,2
26865,5.481858717587531,2
26866,3.3444476083495456,2
26867,2.2388320301099123,2
26868,3.2869336500719593,2
26869,2.5511034874460603,2
26870,2.6077118309678844,2
26871,2.475111349719017,2
26872,15.915551760086064,2
26873,5.47586195201016,2
26874,3.414090471007924,2
26875,2.238884058718498,2
26876,3.4130495434756467,2
26877,2.5630838339660076,2
26878,2.632261205334248,2
26879,2.4921946108724096,2
26880,25.211450748963184,2
26881,6.950289308445241,2
26882,3.8298986922787526,2
26883,2.3500121208708777,2
26884,3.9275655695521734,2
26885,2.7844642750304303,2
26886,2.8676867623590723,2
26887,2.673924089722643,2
26888,28.08298670123935,2
26889,7.617258338753844,2
26890,4.109136238530633,2
26891,2.40764650592682,2
26892,4.140265186769334,2
26893,2.899238447904883,2
26894,3.0165968563986585,2
26895,2.7778495474698195,2
26896,23.071262458081755,2
26897,6.798441105210773,2
26898,3.8358795454005166,2
26899,2.384849276849298,2
26900,3.7549936234846792,2
26901,2.7852274534599206,2
26902,2.8772314471072904,2
26903,2.6890285169349366,2
26904,19.77965538790953,2
26905,6.248262764618063,2
26906,3.6859717949991047,2
26907,2.3116074207882273,2
26908,3.693895672243745,2
26909,2.683408006074534,2
26910,2.7930364416176947,2
26911,2.592864164333699,2
26912,111.63687628809022,2
26913,16.938085656200933,2
26914,6.329428506172577,2
26915,2.752199306195803,2
26916,6.633242448307364,2
26917,3.743925575353904,2
26918,3.955730421124999,2
26919,3.4432774119394525,2
26920,15.593828254092578,2
26921,5.520058794835308,2
26922,3.3804336447972605,2
26923,2.229977945860247,2
26924,3.3592916500099346,2
26925,2.5480771554860713,2
26926,2.6263508959847885,2
26927,2.4756788589885015,2
26928,0.0,-1
26929,0.0,-1
26930,0.0,-1
26931,0.0,-1
26932,0.0,-1
26933,0.0,-1
26934,0.0,-1
26935,0.0,-1
26936,0.0,-1
26937,0.0,-1
26938,0.0,-1
26939,0.0,-1
26940,0.0,-1
26941,0.0,-1
26942,0.0,-1
26943,0.0,-1
26944,0.0,-1
26945,0.0,-1
26946,0.0,-1
26947,0.0,-1
26948,0.0,-1
26949,0.0,-1
26950,0.0,-1
26951,0.0,-1
26952,0.0,-1
26953,0.0,-1
26954,0.0,-1
26955,0.0,-1
26956,0.0,-1
26957,0.0,-1
26958,0.0,-1
26959,0.0,-1
26960,0.0,-1
26961,0.0,-1
26962,0.0,-1
26963,0.0,-1
26964,0.0,-1
26965,0.0,-1
26966,0.0,-1
26967,0.0,-1
26968,0.0,-1
26969,0.0,-1
26970,0.0,-1
26971,0.0,-1
26972,0.0,-1
26973,0.0,-1
26974,0.0,-1
26975,0.0,-1
26976,0.0,-1
26977,0.0,-1
26978,0.0,-1
26979,0.0,-1
26980,0.0,-1
26981,0.0,-1
26982,0.0,-1
26983,0.0,-1
26984,0.0,-1
26985,0.0,-1
26986,0.0,-1
26987,0.0,-1
26988,0.0,-1
26989,0.0,-1
26990,0.0,-1
26991,0.0,-1
26992,0.0,-1
26993,0.0,-1
26994,0.0,-1
26995,0.0,-1
26996,0.0,-1
26997,0.0,-1
26998,0.0,-1
26999,0.0,-1
27000,0.0,-1
27001,0.0,-1
27002,0.0,-1
27003,0.0,-1
27004,0.0,-1
27005,0.0,-1
27006,0.0,-1
27007,0.0,-1
27008,0.0,-1
27009,0.0,-1
27010,0.0,-1
27011,0.0,-1
27012,0.0,-1
27013,0.0,-1
27014,0.0,-1
27015,0.0,-1
27016,0.0,-1
27017,0.0,-1
27018,0.0,-1
27019,0.0,-1
27020,0.0,-1
27021,0.0,-1
27022,0.0,-1
27023,0.0,-1
27024,0.0,-1
27025,0.0,-1
27026,0.0,-1
27027,0.0,-1
27028,0.0,-1
27029,0.0,-1
27030,0.0,-1
27031,0.0,-1
27032,0.0,-1
27033,0.0,-1
27034,0.0,-1
27035,0.0,-1
27036,0.0,-1
27037,0.0,-1
27038,0.0,-1
27039,0.0,-1
27040,0.0,-1
27041,0.0,-1
27042,0.0,-1
27043,0.0,-1
27044,0.0,-1
27045,0.0,-1
27046,0.0,-1
27047,0.0,-1
27048,0.0,-1
27049,0.0,-1
27050,0.0,-1
27051,0.0,-1
27052,0.0,-1
27053,0.0,-1
27054,0.0,-1
27055,0.0,-1
27056,0.0,-1
27057,0.0,-1
27058,0.0,-1
27059,0.0,-1
27060,0.0,-1
27061,0.0,-1
27062,0.0,-1
27063,0.0,-1
27064,0.0,-1
27065,0.0,-1
27066,0.0,-1
27067,0.0,-1
27068,0.0,-1
27069,0.0,-1
27070,0.0,-1
27071,0.0,-1
27072,0.0,-1
27073,0.0,-1
27074,0.0,-1
27075,0.0,-1
27076,0.0,-1
27077,0.0,-1
27078,0.0,-1
27079,0.0,-1
27080,0.0,-1
27081,0.0,-1
27082,0.0,-1
27083,0.0,-1
27084,0.0,-1
27085,0.0,-1
27086,0.0,-1
27087,0.0,-1
27088,0.0,-1
27089,0.0,-1
27090,0.0,-1
27091,0.0,-1
27092,0.0,-1
27093,0.0,-1
27094,0.0,-1
27095,0.0,-1
27096,0.0,-1
27097,0.0,-1
27098,0.0,-1
27099,0.0,-1
27100,0.0,-1
27101,0.0,-1
27102,0.0,-1
27103,0.0,-1
27104,0.0,-1
27105,0.0,-1
27106,0.0,-1
27107,0.0,-1
27108,0.0,-1
27109,0.0,-1
27110,0.0,-1
27111,0.0,-1
27112,0.0,-1
27113,0.0,-1
27114,0.0,-1
27115,0.0,-1
27116,0.0,-1
27117,0.0,-1
27118,0.0,-1
27119,0.0,-1
27120,0.0,-1
27121,0.0,-1
27122,0.0,-1
27123,0.0,-1
27124,0.0,-1
27125,0.0,-1
27126,0.0,-1
27127,0.0,-1
27128,0.0,-1
27129,0.0,-1
27130,0.0,-1
27131,0.0,-1
27132,0.0,-1
27133,0.0,-1
27134,0.0,-1
27135,0.0,-1
27136,0.0,-1
27137,0.0,-1
27138,0.0,-1
27139,0.0,-1
27140,0.0,-1
27141,0.0,-1
27142,0.0,-1
27143,0.0,-1
27144,0.0,-1
27145,0.0,-1
27146,0.0,-1
27147,0.0,-1
27148,0.0,-1
27149,0.0,-1
27150,0.0,-1
27151,0.0,-1
27152,0.0,-1
27153,0.0,-1
27154,0.0,-1
27155,0.0,-1
27156,0.0,-1
27157,0.0,-1
27158,0.0,-1
27159,0.0,-1
27160,0.0,-1
27161,0.0,-1
27162,0.0,-1
27163,0.0,-1
27164,0.0,-1
27165,0.0,-1
27166,0.0,-1
27167,0.0,-1
27168,0.0,-1
27169,0.0,-1
27170,0.0,-1
27171,0.0,-1
27172,0.0,-1
27173,0.0,-1
27174,0.0,-1
27175,0.0,-1
27176,0.0,-1
27177,0.0,-1
27178,0.0,-1
27179,0.0,-1
27180,0.0,-1
27181,0.0,-1
27182,0.0,-1
27183,0.0,-1
27184,0.0,-1
27185,0.0,-1
27186,0.0,-1
27187,0.0,-1
27188,0.0,-1
27189,0.0,-1
27190,0.0,-1
27191,0.0,-1
27192,0.0,-1
27193,0.0,-1
27194,0.0,-1
27195,0.0,-1
27196,0.0,-1
27197,0.0,-1
27198,0.0,-1
27199,0.0,-1
27200,0.0,-1
27201,0.0,-1
27202,0.0,-1
27203,0.0,-1
27204,0.0,-1
27205,0.0,-1
27206,0.0,-1
27207,0.0,-1
27208,0.0,-1
27209,0.0,-1
27210,0.0,-1
27211,0.0,-1
27212,0.0,-1
27213,0.0,-1
27214,0.0,-1
27215,0.0,-1
27216,0.0,-1
27217,0.0,-1
27218,0.0,-1
27219,0.0,-1
27220,0.0,-1
27221,0.0,-1
27222,0.0,-1
27223,0.0,-1
27224,0.0,-1
27225,0.0,-1
27226,0.0,-1
27227,0.0,-1
27228,0.0,-1
27229,0.0,-1
27230,0.0,-1
27231,0.0,-1
27232,0.0,-1
27233,0.0,-1
27234,0.0,-1
27235,0.0,-1
27236,0.0,-1
27237,0.0,-1
27238,0.0,-1
27239,0.0,-1
27240,0.0,-1
27241,0.0,-1
27242,0.0,-1
27243,0.0,-1
27244,0.0,-1
27245,0.0,-1
27246,0.0,-1
27247,0.0,-1
27248,0.0,-1
27249,0.0,-1
27250,0.0,-1
27251,0.0,-1
27252,0.0,-1
27253,0.0,-1
27254,0.0,-1
27255,0.0,-1
27256,0.0,-1
27257,0.0,-1
27258,0.0,-1
27259,0.0,-1
27260,0.0,-1
27261,0.0,-1
27262,0.0,-1
27263,0.0,-1
27264,0.0,-1
27265,0.0,-1
27266,0.0,-1
27267,0.0,-1
27268,0.0,-1
27269,0.0,-1
27270,0.0,-1
27271,0.0,-1
27272,0.0,-1
27273,0.0,-1
27274,0.0,-1
27275,0.0,-1
27276,0.0,-1
27277,0.0,-1
27278,0.0,-1
27279,0.0,-1
27280,0.0,-1
27281,0.0,-1
27282,0.0,-1
27283,0.0,-1
27284,0.0,-1
27285,0.0,-1
27286,0.0,-1
27287,0.0,-1
27288,0.0,-1
27289,0.0,-1
27290,0.0,-1
27291,0.0,-1
27292,0.0,-1
27293,0.0,-1
27294,0.0,-1
27295,0.0,-1
27296,0.0,-1
27297,0.0,-1
27298,0.0,-1
27299,0.0,-1
27300,0.0,-1
27301,0.0,-1
27302,0.0,-1
27303,0.0,-1
27304,0.0,-1
27305,0.0,-1
27306,0.0,-1
27307,0.0,-1
27308,0.0,-1
27309,0.0,-1
27310,0.0,-1
27311,0.0,-1
27312,0.0,-1
27313,0.0,-1
27314,0.0,-1
27315,0.0,-1
27316,0.0,-1
27317,0.0,-1
27318,0.0,-1
27319,0.0,-1
27320,0.0,-1
27321,0.0,-1
27322,0.0,-1
27323,0.0,-1
27324,0.0,-1
27325,0.0,-1
27326,0.0,-1
27327,0.0,-1
27328,0.0,-1
27329,0.0,-1
27330,0.0,-1
27331,0.0,-1
27332,0.0,-1
27333,0.0,-1
27334,0.0,-1
27335,0.0,-1
27336,0.0,-1
27337,0.0,-1
27338,0.0,-1
27339,0.0,-1
27340,0.0,-1
27341,0.0,-1
27342,0.0,-1
27343,0.0,-1
27344,0.0,-1
27345,0.0,-1
27346,0.0,-1
27347,0.0,-1
27348,0.0,-1
27349,0.0,-1
27350,0.0,-1
27351,0.0,-1
27352,0.0,-1
27353,0.0,-1
27354,0.0,-1
27355,0.0,-1
27356,0.0,-1
27357,0.0,-1
27358,0.0,-1
27359,0.0,-1
27360,0.0,-1
27361,0.0,-1
27362,0.0,-1
27363,0.0,-1
27364,0.0,-1
27365,0.0,-1
27366,0.0,-1
27367,0.0,-1
27368,0.0,-1
27369,0.0,-1
27370,0.0,-1
27371,0.0,-1
27372,0.0,-1
27373,0.0,-1
27374,0.0,-1
27375,0.0,-1
27376,0.0,-1
27377,0.0,-1
27378,0.0,-1
27379,0.0,-1
27380,0.0,-1
27381,0.0,-1
27382,0.0,-1
27383,0.0,-1
27384,0.0,-1
27385,0.0,-1
27386,0.0,-1
27387,0.0,-1
27388,0.0,-1
27389,0.0,-1
27390,0.0,-1
27391,0.0,-1
27392,0.0,-1
27393,0.0,-1
27394,0.0,-1
27395,0.0,-1
27396,0.0,-1
27397,0.0,-1
27398,0.0,-1
27399,0.0,-1
27400,0.0,-1
27401,0.0,-1
27402,0.0,-1
27403,0.0,-1
27404,0.0,-1
27405,0.0,-1
27406,0.0,-1
27407,0.0,-1
27408,0.0,-1
27409,0.0,-1
27410,0.0,-1
27411,0.0,-1
27412,0.0,-1
27413,0.0,-1
27414,0.0,-1
27415,0.0,-1
27416,0.0,-1
27417,0.0,-1
27418,0.0,-1
27419,0.0,-1
27420,0.0,-1
27421,0.0,-1
27422,0.0,-1
27423,0.0,-1
27424,0.0,-1
27425,0.0,-1
27426,0.0,-1
27427,0.0,-1
27428,0.0,-1
27429,0.0,-1
27430,0.0,-1
27431,0.0,-1
27432,0.0,-1
27433,0.0,-1
27434,0.0,-1
27435,0.0,-1
27436,0.0,-1
27437,0.0,-1
27438,0.0,-1
27439,0.0,-1
27440,0.0,-1
27441,0.0,-1
27442,0.0,-1
27443,0.0,-1
27444,0.0,-1
27445,0.0,-1
27446,0.0,-1
27447,0.0,-1
27448,0.0,-1
27449,0.0,-1
27450,0.0,-1
27451,0.0,-1
27452,0.0,-1
27453,0.0,-1
27454,0.0,-1
27455,0.0,-1
27456,0.0,-1
27457,0.0,-1
27458,0.0,-1
27459,0.0,-1
27460,0.0,-1
27461,0.0,-1
27462,0.0,-1
27463,0.0,-1
27464,0.0,-1
27465,0.0,-1
27466,0.0,-1
27467,0.0,-1
27468,0.0,-1
27469,0.0,-1
27470,0.0,-1
27471,0.0,-1
27472,0.0,-1
27473,0.0,-1
27474,0.0,-1
27475,0.0,-1
27476,0.0,-1
27477,0.0,-1
27478,0.0,-1
27479,0.0,-1
27480,0.0,-1
27481,0.0,-1
27482,0.0,-1
27483,0.0,-1
27484,0.0,-1
27485,0.0,-1
27486,0.0,-1
27487,0.0,-1
27488,0.0,-1
27489,0.0,-1
27490,0.0,-1
27491,0.0,-1
27492,0.0,-1
27493,0.0,-1
27494,0.0,-1
27495,0.0,-1
27496,0.0,-1
27497,0.0,-1
27498,0.0,-1
27499,0.0,-1
27500,0.0,-1
27501,0.0,-1
27502,0.0,-1
27503,0.0,-1
27504,0.0,-1
27505,0.0,-1
27506,0.0,-1
27507,0.0,-1
27508,0.0,-1
27509,0.0,-1
27510,0.0,-1
27511,0.0,-1
27512,0.0,-1
27513,0.0,-1
27514,0.0,-1
27515,0.0,-1
27516,0.0,-1
27517,0.0,-1
27518,0.0,-1
27519,0.0,-1
27520,0.0,-1
27521,0.0,-1
27522,0.0,-1
27523,0.0,-1
27524,0.0,-1
27525,0.0,-1
27526,0.0,-1
27527,0.0,-1
27528,0.0,-1
27529,0.0,-1
27530,0.0,-1
27531,0.0,-1
27532,0.0,-1
27533,0.0,-1
27534,0.0,-1
27535,0.0,-1
27536,0.0,-1
27537,0.0,-1
27538,0.0,-1
27539,0.0,-1
27540,0.0,-1
27541,0.0,-1
27542,0.0,-1
27543,0.0,-1
27544,0.0,-1
27545,0.0,-1
27546,0.0,-1
27547,0.0,-1
27548,0.0,-1
27549,0.0,-1
27550,0.0,-1
27551,0.0,-1
27552,0.0,-1
27553,0.0,-1
27554,0.0,-1
27555,0.0,-1
27556,0.0,-1
27557,0.0,-1
27558,0.0,-1
27559,0.0,-1
27560,0.0,-1
27561,0.0,-1
27562,0.0,-1
27563,0.0,-1
27564,0.0,-1
27565,0.0,-1
27566,0.0,-1
27567,0.0,-1
27568,0.0,-1
27569,0.0,-1
27570,0.0,-1
27571,0.0,-1
27572,0.0,-1
27573,0.0,-1
27574,0.0,-1
27575,0.0,-1
27576,0.0,-1
27577,0.0,-1
27578,0.0,-1
27579,0.0,-1
27580,0.0,-1
27581,0.0,-1
27582,0.0,-1
27583,0.0,-1
27584,0.0,-1
27585,0.0,-1
27586,0.0,-1
27587,0.0,-1
27588,0.0,-1
27589,0.0,-1
27590,0.0,-1
27591,0.0,-1
27592,0.0,-1
27593,0.0,-1
27594,0.0,-1
27595,0.0,-1
27596,0.0,-1
27597,0.0,-1
27598,0.0,-1
27599,0.0,-1
27600,0.0,-1
27601,0.0,-1
27602,0.0,-1
27603,0.0,-1
27604,0.0,-1
27605,0.0,-1
27606,0.0,-1
27607,0.0,-1
27608,0.0,-1
27609,0.0,-1
27610,0.0,-1
27611,0.0,-1
27612,0.0,-1
27613,0.0,-1
27614,0.0,-1
27615,0.0,-1
27616,0.0,-1
27617,0.0,-1
27618,0.0,-1
27619,0.0,-1
27620,0.0,-1
27621,0.0,-1
27622,0.0,-1
27623,0.0,-1
27624,0.0,-1
27625,0.0,-1
27626,0.0,-1
27627,0.0,-1
27628,0.0,-1
27629,0.0,-1
27630,0.0,-1
27631,0.0,-1
27632,0.0,-1
27633,0.0,-1
27634,0.0,-1
27635,0.0,-1
27636,0.0,-1
27637,0.0,-1
27638,0.0,-1
27639,0.0,-1
27640,0.0,-1
27641,0.0,-1
27642,0.0,-1
27643,0.0,-1
27644,0.0,-1
27645,0.0,-1
27646,0.0,-1
27647,0.0,-1
27648,0.0,-1
27649,0.0,-1
27650,0.0,-1
27651,0.0,-1
27652,0.0,-1
27653,0.0,-1
27654,0.0,-1
27655,0.0,-1
27656,0.0,-1
27657,0.0,-1
27658,0.0,-1
27659,0.0,-1
27660,0.0,-1
27661,0.0,-1
27662,0.0,-1
27663,0.0,-1
27664,0.0,-1
27665,0.0,-1
27666,0.0,-1
27667,0.0,-1
27668,0.0,-1
27669,0.0,-1
27670,0.0,-1
27671,0.0,-1
27672,0.0,-1
27673,0.0,-1
27674,0.0,-1
27675,0.0,-1
27676,0.0,-1
27677,0.0,-1
27678,0.0,-1
27679,0.0,-1
27680,0.0,-1
27681,0.0,-1
27682,0.0,-1
27683,0.0,-1
27684,0.0,-1
27685,0.0,-1
27686,0.0,-1
27687,0.0,-1
27688,0.0,-1
27689,0.0,-1
27690,0.0,-1
27691,0.0,-1
27692,0.0,-1
27693,0.0,-1
27694,0.0,-1
27695,0.0,-1
27696,0.0,-1
27697,0.0,-1
27698,0.0,-1
27699,0.0,-1
27700,0.0,-1
27701,0.0,-1
27702,0.0,-1
27703,0.0,-1
27704,0.0,-1
27705,0.0,-1
27706,0.0,-1
27707,0.0,-1
27708,0.0,-1
27709,0.0,-1
27710,0.0,-1
27711,0.0,-1
27712,0.0,-1
27713,0.0,-1
27714,0.0,-1
27715,0.0,-1
27716,0.0,-1
27717,0.0,-1
27718,0.0,-1
27719,0.0,-1
27720,0.0,-1
27721,0.0,-1
27722,0.0,-1
27723,0.0,-1
27724,0.0,-1
27725,0.0,-1
27726,0.0,-1
27727,0.0,-1
27728,0.0,-1
27729,0.0,-1
27730,0.0,-1
27731,0.0,-1
27732,0.0,-1
27733,0.0,-1
27734,0.0,-1
27735,0.0,-1
27736,0.0,-1
27737,0.0,-1
27738,0.0,-1
27739,0.0,-1
27740,0.0,-1
27741,0.0,-1
27742,0.0,-1
27743,0.0,-1
27744,0.0,-1
27745,0.0,-1
27746,0.0,-1
27747,0.0,-1
27748,0.0,-1
27749,0.0,-1
27750,0.0,-1
27751,0.0,-1
27752,0.0,-1
27753,0.0,-1
27754,0.0,-1
27755,0.0,-1
27756,0.0,-1
27757,0.0,-1
27758,0.0,-1
27759,0.0,-1
27760,0.0,-1
27761,0.0,-1
27762,0.0,-1
27763,0.0,-1
27764,0.0,-1
27765,0.0,-1
27766,0.0,-1
27767,0.0,-1
27768,0.0,-1
27769,0.0,-1
27770,0.0,-1
27771,0.0,-1
27772,0.0,-1
27773,0.0,-1
27774,0.0,-1
27775,0.0,-1
27776,0.0,-1
27777,0.0,-1
27778,0.0,-1
27779,0.0,-1
27780,0.0,-1
27781,0.0,-1
27782,0.0,-1
27783,0.0,-1
27784,0.0,-1
27785,0.0,-1
27786,0.0,-1
27787,0.0,-1
27788,0.0,-1
27789,0.0,-1
27790,0.0,-1
27791,0.0,-1
27792,0.0,-1
27793,0.0,-1
27794,0.0,-1
27795,0.0,-1
27796,0.0,-1
27797,0.0,-1
27798,0.0,-1
27799,0.0,-1
27800,0.0,-1
27801,0.0,-1
27802,0.0,-1
27803,0.0,-1
27804,0.0,-1
27805,0.0,-1
27806,0.0,-1
27807,0.0,-1
27808,0.0,-1
27809,0.0,-1
27810,0.0,-1
27811,0.0,-1
27812,0.0,-1
27813,0.0,-1
27814,0.0,-1
27815,0.0,-1
27816,0.0,-1
27817,0.0,-1
27818,0.0,-1
27819,0.0,-1
27820,0.0,-1
27821,0.0,-1
27822,0.0,-1
27823,0.0,-1
27824,0.0,-1
27825,0.0,-1
27826,0.0,-1
27827,0.0,-1
27828,0.0,-1
27829,0.0,-1
27830,0.0,-1
27831,0.0,-1
27832,0.0,-1
27833,0.0,-1
27834,0.0,-1
27835,0.0,-1
27836,0.0,-1
27837,0.0,-1
27838,0.0,-1
27839,0.0,-1
27840,0.0,-1
27841,0.0,-1
27842,0.0,-1
27843,0.0,-1
27844,0.0,-1
27845,0.0,-1
27846,0.0,-1
27847,0.0,-1
27848,0.0,-1
27849,0.0,-1
27850,0.0,-1
27851,0.0,-1
27852,0.0,-1
27853,0.0,-1
27854,0.0,-1
27855,0.0,-1
27856,0.0,-1
27857,0.0,-1
27858,0.0,-1
27859,0.0,-1
27860,0.0,-1
27861,0.0,-1
27862,0.0,-1
27863,0.0,-1
27864,0.0,-1
27865,0.0,-1
27866,0.0,-1
27867,0.0,-1
27868,0.0,-1
27869,0.0,-1
27870,0.0,-1
27871,0.0,-1
27872,0.0,-1
27873,0.0,-1
27874,0.0,-1
27875,0.0,-1
27876,0.0,-1
27877,0.0,-1
27878,0.0,-1
27879,0.0,-1
27880,0.0,-1
27881,0.0,-1
27882,0.0,-1
27883,0.0,-1
27884,0.0,-1
27885,0.0,-1
27886,0.0,-1
27887,0.0,-1
27888,0.0,-1
27889,0.0,-1
27890,0.0,-1
27891,0.0,-1
27892,0.0,-1
27893,0.0,-1
27894,0.0,-1
27895,0.0,-1
27896,0.0,-1
27897,0.0,-1
27898,0.0,-1
27899,0.0,-1
27900,0.0,-1
27901,0.0,-1
27902,0.0,-1
27903,0.0,-1
27904,0.0,-1
27905,0.0,-1
27906,0.0,-1
27907,0.0,-1
27908,0.0,-1
27909,0.0,-1
27910,0.0,-1
27911,0.0,-1
27912,0.0,-1
27913,0.0,-1
27914,0.0,-1
27915,0.0,-1
27916,0.0,-1
27917,0.0,-1
27918,0.0,-1
27919,0.0,-1
27920,0.0,-1
27921,0.0,-1
27922,0.0,-1
27923,0.0,-1
27924,0.0,-1
27925,0.0,-1
27926,0.0,-1
27927,0.0,-1
27928,0.0,-1
27929,0.0,-1
27930,0.0,-1
27931,0.0,-1
27932,0.0,-1
27933,0.0,-1
27934,0.0,-1
27935,0.0,-1
27936,0.0,-1
27937,0.0,-1
27938,0.0,-1
27939,0.0,-1
27940,0.0,-1
27941,0.0,-1
27942,0.0,-1
27943,0.0,-1
27944,0.0,-1
27945,0.0,-1
27946,0.0,-1
27947,0.0,-1
27948,0.0,-1
27949,0.0,-1
27950,0.0,-1
27951,0.0,-1
27952,0.0,-1
27953,0.0,-1
27954,0.0,-1
27955,0.0,-1
27956,0.0,-1
27957,0.0,-1
27958,0.0,-1
27959,0.0,-1
27960,0.0,-1
27961,0.0,-1
27962,0.0,-1
27963,0.0,-1
27964,0.0,-1
27965,0.0,-1
27966,0.0,-1
27967,0.0,-1
27968,0.0,-1
27969,0.0,-1
27970,0.0,-1
27971,0.0,-1
27972,0.0,-1
27973,0.0,-1
27974,0.0,-1
27975,0.0,-1
27976,0.0,-1
27977,0.0,-1
27978,0.0,-1
27979,0.0,-1
27980,0.0,-1
27981,0.0,-1
27982,0.0,-1
27983,0.0,-1
27984,0.0,-1
27985,0.0,-1
27986,0.0,-1
27987,0.0,-1
27988,0.0,-1
27989,0.0,-1
27990,0.0,-1
27991,0.0,-1
27992,0.0,-1
27993,0.0,-1
27994,0.0,-1
27995,0.0,-1
27996,0.0,-1
27997,0.0,-1
27998,0.0,-1
27999,0.0,-1
28000,0.0,-1
28001,0.0,-1
28002,0.0,-1
28003,0.0,-1
28004,0.0,-1
28005,0.0,-1
28006,0.0,-1
28007,0.0,-1
28008,0.0,-1
28009,0.0,-1
28010,0.0,-1
28011,0.0,-1
28012,0.0,-1
28013,0.0,-1
28014,0.0,-1
28015,0.0,-1
28016,0.0,-1
28017,0.0,-1
28018,0.0,-1
28019,0.0,-1
28020,0.0,-1
28021,0.0,-1
28022,0.0,-1
28023,0.0,-1
28024,0.0,-1
28025,0.0,-1
28026,0.0,-1
28027,0.0,-1
28028,0.0,-1
28029,0.0,-1
28030,0.0,-1
28031,0.0,-1
28032,0.0,-1
28033,0.0,-1
28034,0.0,-1
28035,0.0,-1
28036,0.0,-1
28037,0.0,-1
28038,0.0,-1
28039,0.0,-1
28040,0.0,-1
28041,0.0,-1
28042,0.0,-1
28043,0.0,-1
28044,0.0,-1
28045,0.0,-1
28046,0.0,-1
28047,0.0,-1
28048,0.0,-1
28049,0.0,-1
28050,0.0,-1
28051,0.0,-1
28052,0.0,-1
28053,0.0,-1
28054,0.0,-1
28055,0.0,-1
28056,0.0,-1
28057,0.0,-1
28058,0.0,-1
28059,0.0,-1
28060,0.0,-1
28061,0.0,-1
28062,0.0,-1
28063,0.0,-1
28064,0.0,-1
28065,0.0,-1
28066,0.0,-1
28067,0.0,-1
28068,0.0,-1
28069,0.0,-1
28070,0.0,-1
28071,0.0,-1
28072,0.0,-1
28073,0.0,-1
28074,0.0,-1
28075,0.0,-1
28076,0.0,-1
28077,0.0,-1
28078,0.0,-1
28079,0.0,-1
28080,0.0,-1
28081,0.0,-1
28082,0.0,-1
28083,0.0,-1
28084,0.0,-1
28085,0.0,-1
28086,0.0,-1
28087,0.0,-1
28088,0.0,-1
28089,0.0,-1
28090,0.0,-1
28091,0.0,-1
28092,0.0,-1
28093,0.0,-1
28094,0.0,-1
28095,0.0,-1
28096,0.0,-1
28097,0.0,-1
28098,0.0,-1
28099,0.0,-1
28100,0.0,-1
28101,0.0,-1
28102,0.0,-1
28103,0.0,-1
28104,0.0,-1
28105,0.0,-1
28106,0.0,-1
28107,0.0,-1
28108,0.0,-1
28109,0.0,-1
28110,0.0,-1
28111,0.0,-1
28112,0.0,-1
28113,0.0,-1
28114,0.0,-1
28115,0.0,-1
28116,0.0,-1
28117,0.0,-1
28118,0.0,-1
28119,0.0,-1
28120,0.0,-1
28121,0.0,-1
28122,0.0,-1
28123,0.0,-1
28124,0.0,-1
28125,0.0,-1
28126,0.0,-1
28127,0.0,-1
28128,0.0,-1
28129,0.0,-1
28130,0.0,-1
28131,0.0,-1
28132,0.0,-1
28133,0.0,-1
28134,0.0,-1
28135,0.0,-1
28136,0.0,-1
28137,0.0,-1
28138,0.0,-1
28139,0.0,-1
28140,0.0,-1
28141,0.0,-1
28142,0.0,-1
28143,0.0,-1
28144,0.0,-1
28145,0.0,-1
28146,0.0,-1
28147,0.0,-1
28148,0.0,-1
28149,0.0,-1
28150,0.0,-1
28151,0.0,-1
28152,14.74935208908406,2
28153,5.244077360534252,2
28154,3.310990066548285,2
28155,2.1780550608073095,2
28156,3.372112814441367,2
28157,2.503766921070542,2
28158,2.5720464031717554,2
28159,2.3931111621109684,2
28160,20.19609101101592,2
28161,6.054950723088576,2
28162,3.6462527484125595,2
28163,2.272444812762315,2
28164,3.744008847554142,2
28165,2.6565116995086635,2
28166,2.7410690866780087,2
28167,2.5538473603096987,2
28168,20.402045850454968,2
28169,6.390449875826298,2
28170,3.685507989215224,2
28171,2.3072514681278076,2
28172,3.675204367445147,2
28173,2.703378041208478,2
28174,2.739624048828353,2
28175,2.5782970923478783,2
28176,16.623427036254352,2
28177,5.831179302264579,2
28178,3.562325298720445,2
28179,2.2534706954368193,2
28180,3.448905223324588,2
28181,2.6034215878787372,2
28182,2.678627447834253,2
28183,2.486187454959772,2
28184,14.390388646809376,2
28185,5.423746778850977,2
28186,3.430819245013055,2
28187,2.219758813182084,2
28188,3.344318965692694,2
28189,2.519979039948018,2
28190,2.6166972103684727,2
28191,2.441477698898925,2
28192,19.447172756474398,2
28193,6.36323669366576,2
28194,3.7664424662538383,2
28195,2.3231896961098837,2
28196,3.6111193662018035,2
28197,2.6680188121113053,2
28198,2.764946111994988,2
28199,2.5792917619994657,2
28200,16.699688500410957,2
28201,5.8826121920308,2
28202,3.550899337429685,2
28203,2.254202315703003,2
28204,3.4520252001652905,2
28205,2.5993325584969416,2
28206,2.6836167648081486,2
28207,2.492279314979478,2
28208,28.477652913275605,2
28209,7.425663428225336,2
28210,4.253422034369989,2
28211,2.395066505479014,2
28212,4.127673122370111,2
28213,2.8540710093027744,2
28214,3.002398502203599,2
28215,2.7126567872091423,2
28216,28.698655455536873,2
28217,7.286390808807785,2
28218,4.078622857175845,2
28219,2.3447020084061774,2
28220,3.9819347334667614,2
28221,2.82765232236006,2
28222,2.9898900912318673,2
28223,2.6730734758078105,2
28224,15.077543533582723,2
28225,5.517956289295194,2
28226,3.4278749314280663,2
28227,2.2355660807523714,2
28228,3.4152109266704795,2
28229,2.5511747687927784,2
28230,2.63023818441719,2
28231,2.459098928545165,2
28232,18.733082712838307,2
28233,6.1925748636166285,2
28234,3.663723785658207,2
28235,2.2628709362041355,2
28236,3.5867811165851413,2
28237,2.674472185522771,2
28238,2.729078028158956,2
28239,2.524680101202261,2
28240,10.489809821030835,2
28241,4.515756006930564,2
28242,2.949614553608216,2
28243,2.0942392592838526,2
28244,2.993034806066399,2
28245,2.3353697370523925,2
28246,2.382331687282562,2
28247,2.2653384820614666,2
28248,14.446246184960472,2
28249,5.408501875388437,2
28250,3.3478790524372304,2
28251,2.1939142933253004,2
28252,3.328719346402781,2
28253,2.5110144856934493,2
28254,2.569932045615876,2
28255,2.4071343857913665,2
28256,17.21163403443214,2
28257,5.68227215465661,2
28258,3.454165412148984,2
28259,2.220095939375726,2
28260,3.408075302644839,2
28261,2.556757404308038,2
28262,2.619047363615941,2
28263,2.443295317196359,2
28264,18.065861510705957,2
28265,5.976887792646314,2
28266,3.641198882388049,2
28267,2.263674869942632,2
28268,3.5270176468982273,2
28269,2.640574979325546,2
28270,2.7126611450563294,2
28271,2.5125856698062052,2
28272,27.369760977534423,2
28273,7.628392969160547,2
28274,4.171996215940642,2
28275,2.3794557980955586,2
28276,4.177766372352994,2
28277,2.868248006781266,2
28278,2.9711257892002205,2
28279,2.699632080524927,2
28280,14.793336940068508,2
28281,5.222275611332998,2
28282,3.3338569782299046,2
28283,2.194093835083843,2
28284,3.323207028352254,2
28285,2.506925716301812,2
28286,2.560179417988811,2
28287,2.408197434043349,2
28288,58.467352469160666,2
28289,10.789093847105923,2
28290,5.070737071601454,2
28291,2.5392725630888906,2
28292,5.246052457877936,2
28293,3.230007682756941,2
28294,3.3922545517829605,2
28295,3.0033680355602863,2
28296,17.467550565690484,2
28297,6.017545530760258,2
28298,3.5684954476389654,2
28299,2.2462757668225044,2
28300,3.5008162990440415,2
28301,2.6145575612916465,2
28302,2.7036193249069465,2
28303,2.492920342393055,2
28304,29.89605505316441,2
28305,7.948197690082984,2
28306,4.233933216444508,2
28307,2.441834627345381,2
28308,4.23382842292392,2
28309,2.896102322449629,2
28310,3.040566596282975,2
28311,2.7525867385637746,2
28312,39.202574543693224,2
28313,8.76712233886604,2
28314,4.736044354052241,2
28315,2.4007909961827063,2
28316,4.652368834444936,2
28317,3.0043050853438635,2
28318,3.119897230404072,2
28319,2.853971559571585,2
28320,37.52146218149242,2
28321,9.024552017998777,2
28322,4.718155112323449,2
28323,2.471171262924015,2
28324,4.545249606995964,2
28325,3.05294392771056,2
28326,3.1363267895333893,2
28327,2.8437671633506687,2
28328,20.539970884320212,2
28329,6.086899080701911,2
28330,3.7412952091765046,2
28331,2.281207260140564,2
28332,3.639502717403409,2
28333,2.675156700571464,2
28334,2.757196893361455,2
28335,2.565282771218791,2
28336,14.620222375983387,2
28337,5.198074609375876,2
28338,3.343835475733734,2
28339,2.202413560806391,2
28340,3.253698349909812,2
28341,2.516996683259097,2
28342,2.5803301450190834,2
28343,2.4155960806824197,2
28344,27.300489694329915,2
28345,7.496032780781356,2
28346,4.105960104933572,2
28347,2.37964576982967,2
28348,4.1088047471397395,2
28349,2.851849169907634,2
28350,2.9474118338172333,2
28351,2.7151576877261174,2
28352,19.965003067564187,2
28353,6.282188357834725,2
28354,3.700593865595893,2
28355,2.2726287690123756,2
28356,3.6630056073815105,2
28357,2.6895797710173768,2
28358,2.7381239222075098,2
28359,2.5508301579203874,2
28360,14.374261582969876,2
28361,5.513943450934378,2
28362,3.3955233921728456,2
28363,2.202311186980632,2
28364,3.299040918693191,2
28365,2.5244879190674334,2
28366,2.5701553642696724,2
28367,2.414046674311915,2
28368,21.1559963130325,2
28369,6.321105542609565,2
28370,3.727930508051863,2
28371,2.2895091597785378,2
28372,3.7042438922916645,2
28373,2.6753920390484476,2
28374,2.7535566618373917,2
28375,2.564859068135559,2
28376,12.8260265830205,2
28377,4.939174660096283,2
28378,3.202533351580189,2
28379,2.1522586911888966,2
28380,3.1446292021460334,2
28381,2.4335241270197203,2
28382,2.491970857002604,2
28383,2.353640950899389,2
28384,13.37147991105513,2
28385,5.173452361737478,2
28386,3.253542842115874,2
28387,2.1853024378970174,2
28388,3.2443106884389183,2
28389,2.473071076665378,2
28390,2.5647537342591646,2
28391,2.4026947735791166,2
28392,38.81837078575527,2
28393,8.895561189876421,2
28394,4.690000966108645,2
28395,2.4879475313411588,2
28396,4.568299461857393,2
28397,3.0574085848202066,2
28398,3.1636283820736093,2
28399,2.857398797862949,2
28400,15.244749322832643,2
28401,5.518852245187761,2
28402,3.3899035531769486,2
28403,2.210755210050193,2
28404,3.4026440127170874,2
28405,2.5325603368145906,2
28406,2.573175045702977,2
28407,2.4308648538014697,2
28408,27.870952397309008,2
28409,7.18119717988356,2
28410,4.028329234651669,2
28411,2.261135728871903,2
28412,3.9671926748136603,2
28413,2.708359492058474,2
28414,2.873129015952252,2
28415,2.5882114679128523,2
28416,22.085152221630537,2
28417,6.720615641377199,2
28418,3.920790366254403,2
28419,2.3241183160302636,2
28420,3.745388587114089,2
28421,2.7573312198451836,2
28422,2.877852007463846,2
28423,2.6312791376880456,2
28424,15.923015187610478,2
28425,5.462611574060302,2
28426,3.392797913171738,2
28427,2.220747327411054,2
28428,3.380002697305328,2
28429,2.5427117016001475,2
28430,2.6086330478034503,2
28431,2.4411742415837585,2
28432,61.48222510710267,2
28433,11.226344394635605,2
28434,5.485276124622035,2
28435,2.588446353903708,2
28436,5.339061594363262,2
28437,3.35520248984257,2
28438,3.5217206376490595,2
28439,3.107700452928997,2
28440,19.931010262897512,2
28441,6.4113317973686135,2
28442,3.8018618080048148,2
28443,2.30646234032009,2
28444,3.6637378835832637,2
28445,2.7070684612068496,2
28446,2.7871564105285103,2
28447,2.561279609723282,2
28448,26.633845336085546,2
28449,7.060781821248126,2
28450,4.029095794253404,2
28451,2.3532311068347265,2
28452,3.92728885952678,2
28453,2.7908770558494087,2
28454,2.8719476540690208,2
28455,2.650303706413343,2
28456,31.631671642748525,2
28457,7.786891192961389,2
28458,4.371328826475665,2
28459,2.4154687054949253,2
28460,4.248774656184794,2
28461,2.9309408239606403,2
28462,3.056975110438125,2
28463,2.7685565290843557,2
28464,20.496345295116296,2
28465,6.408037767819675,2
28466,3.7043827258285784,2
28467,2.2907838411675305,2
28468,3.6676151575708245,2
28469,2.676759448320622,2
28470,2.764820515581776,2
28471,2.5665807758972723,2
28472,19.50439706004599,2
28473,6.451572690430223,2
28474,3.7518914026852226,2
28475,2.2651176439224447,2
28476,3.7050853411462352,2
28477,2.6466943998281636,2
28478,2.735147735131558,2
28479,2.53616056901533,2
28480,13.539489006787846,2
28481,5.0598644321578075,2
28482,3.2412142698384,2
28483,2.1691102024547164,2
28484,3.1684869764411157,2
28485,2.442398619417893,2
28486,2.505870318296283,2
28487,2.3661146605558168,2
28488,42.69501395559891,2
28489,9.08759675785025,2
28490,4.729585661728825,2
28491,2.489785558168862,2
28492,4.805062233949511,2
28493,3.0767441412071688,2
28494,3.2628897647322015,2
28495,2.910127641653018,2
28496,14.00100107208827,2
28497,5.225198092924806,2
28498,3.3248571432189826,2
28499,2.202773609993685,2
28500,3.194972166894412,2
28501,2.5042913756502316,2
28502,2.5523760649150495,2
28503,2.408313227896254,2
28504,14.837624221692657,2
28505,5.260298633006175,2
28506,3.3537527950294894,2
28507,2.2028900837232275,2
28508,3.302427135756447,2
28509,2.5165348849670157,2
28510,2.5745196767787384,2
28511,2.424759733741834,2
28512,23.275430043188038,2
28513,6.595909985658772,2
28514,3.801071694510086,2
28515,2.3079240293730576,2
28516,3.7894180424829793,2
28517,2.718312610129807,2
28518,2.8193334217096693,2
28519,2.592036068473309,2
28520,24.915310306563846,2
28521,7.194338231232618,2
28522,4.050727420889829,2
28523,2.3611634228432377,2
28524,4.037020064008597,2
28525,2.823742008704747,2
28526,2.9442419778585878,2
28527,2.696512414610366,2
28528,20.91648452545063,2
28529,6.499015322626611,2
28530,3.8178831245842546,2
28531,2.340457915304376,2
28532,3.6527563755660917,2
28533,2.7229389133853696,2
28534,2.823181263309294,2
28535,2.6187197331702783,2
28536,18.91500013698317,2
28537,5.984004378782016,2
28538,3.6437084901097148,2
28539,2.272076931282455,2
28540,3.594895731697278,2
28541,2.6276433299163906,2
28542,2.7356946546407213,2
28543,2.513975284223567,2
28544,91.70330708277686,2
28545,15.71194593524194,2
28546,6.274466169565148,2
28547,2.684584588654528,2
28548,6.258630571790726,2
28549,3.6466317417744767,2
28550,3.8582103678977675,2
28551,3.307187192463054,2
28552,14.356885606315759,2
28553,5.265781135806536,2
28554,3.367779492756267,2
28555,2.194452948879617,2
28556,3.279844806057212,2
28557,2.4994676626325814,2
28558,2.5800074856662696,2
28559,2.413951765965641,2
28560,0.0,-1
28561,0.0,-1
28562,0.0,-1
28563,0.0,-1
28564,0.0,-1
28565,0.0,-1
28566,0.0,-1
28567,0.0,-1
28568,0.0,-1
28569,0.0,-1
28570,0.0,-1
28571,0.0,-1
28572,0.0,-1
28573,0.0,-1
28574,0.0,-1
28575,0.0,-1
28576,0.0,-1
28577,0.0,-1
28578,0.0,-1
28579,0.0,-1
28580,0.0,-1
28581,0.0,-1
28582,0.0,-1
28583,0.0,-1
28584,0.0,-1
28585,0.0,-1
28586,0.0,-1
28587,0.0,-1
28588,0.0,-1
28589,0.0,-1
28590,0.0,-1
28591,0.0,-1
28592,0.0,-1
28593,0.0,-1
28594,0.0,-1
28595,0.0,-1
28596,0.0,-1
28597,0.0,-1
28598,0.0,-1
28599,0.0,-1
28600,0.0,-1
28601,0.0,-1
28602,0.0,-1
28603,0.0,-1
28604,0.0,-1
28605,0.0,-1
28606,0.0,-1
28607,0.0,-1
28608,0.0,-1
28609,0.0,-1
28610,0.0,-1
28611,0.0,-1
28612,0.0,-1
28613,0.0,-1
28614,0.0,-1
28615,0.0,-1
28616,0.0,-1
28617,0.0,-1
28618,0.0,-1
28619,0.0,-1
28620,0.0,-1
28621,0.0,-1
28622,0.0,-1
28623,0.0,-1
28624,0.0,-1
28625,0.0,-1
28626,0.0,-1
28627,0.0,-1
28628,0.0,-1
28629,0.0,-1
28630,0.0,-1
28631,0.0,-1
28632,0.0,-1
28633,0.0,-1
28634,0.0,-1
28635,0.0,-1
28636,0.0,-1
28637,0.0,-1
28638,0.0,-1
28639,0.0,-1
28640,0.0,-1
28641,0.0,-1
28642,0.0,-1
28643,0.0,-1
28644,0.0,-1
28645,0.0,-1
28646,0.0,-1
28647,0.0,-1
28648,0.0,-1
28649,0.0,-1
28650,0.0,-1
28651,0.0,-1
28652,0.0,-1
28653,0.0,-1
28654,0.0,-1
28655,0.0,-1
28656,0.0,-1
28657,0.0,-1
28658,0.0,-1
28659,0.0,-1
28660,0.0,-1
28661,0.0,-1
28662,0.0,-1
28663,0.0,-1
28664,0.0,-1
28665,0.0,-1
28666,0.0,-1
28667,0.0,-1
28668,0.0,-1
28669,0.0,-1
28670,0.0,-1
28671,0.0,-1
28672,0.0,-1
28673,0.0,-1
28674,0.0,-1
28675,0.0,-1
28676,0.0,-1
28677,0.0,-1
28678,0.0,-1
28679,0.0,-1
28680,0.0,-1
28681,0.0,-1
28682,0.0,-1
28683,0.0,-1
28684,0.0,-1
28685,0.0,-1
28686,0.0,-1
28687,0.0,-1
28688,0.0,-1
28689,0.0,-1
28690,0.0,-1
28691,0.0,-1
28692,0.0,-1
28693,0.0,-1
28694,0.0,-1
28695,0.0,-1
28696,0.0,-1
28697,0.0,-1
28698,0.0,-1
28699,0.0,-1
28700,0.0,-1
28701,0.0,-1
28702,0.0,-1
28703,0.0,-1
28704,0.0,-1
28705,0.0,-1
28706,0.0,-1
28707,0.0,-1
28708,0.0,-1
28709,0.0,-1
28710,0.0,-1
28711,0.0,-1
28712,0.0,-1
28713,0.0,-1
28714,0.0,-1
28715,0.0,-1
28716,0.0,-1
28717,0.0,-1
28718,0.0,-1
28719,0.0,-1
28720,0.0,-1
28721,0.0,-1
28722,0.0,-1
28723,0.0,-1
28724,0.0,-1
28725,0.0,-1
28726,0.0,-1
28727,0.0,-1
28728,0.0,-1
28729,0.0,-1
28730,0.0,-1
28731,0.0,-1
28732,0.0,-1
28733,0.0,-1
28734,0.0,-1
28735,0.0,-1
28736,0.0,-1
28737,0.0,-1
28738,0.0,-1
28739,0.0,-1
28740,0.0,-1
28741,0.0,-1
28742,0.0,-1
28743,0.0,-1
28744,0.0,-1
28745,0.0,-1
28746,0.0,-1
28747,0.0,-1
28748,0.0,-1
28749,0.0,-1
28750,0.0,-1
28751,0.0,-1
28752,0.0,-1
28753,0.0,-1
28754,0.0,-1
28755,0.0,-1
28756,0.0,-1
28757,0.0,-1
28758,0.0,-1
28759,0.0,-1
28760,0.0,-1
28761,0.0,-1
28762,0.0,-1
28763,0.0,-1
28764,0.0,-1
28765,0.0,-1
28766,0.0,-1
28767,0.0,-1
28768,0.0,-1
28769,0.0,-1
28770,0.0,-1
28771,0.0,-1
28772,0.0,-1
28773,0.0,-1
28774,0.0,-1
28775,0.0,-1
28776,0.0,-1
28777,0.0,-1
28778,0.0,-1
28779,0.0,-1
28780,0.0,-1
28781,0.0,-1
28782,0.0,-1
28783,0.0,-1
28784,0.0,-1
28785,0.0,-1
28786,0.0,-1
28787,0.0,-1
28788,0.0,-1
28789,0.0,-1
28790,0.0,-1
28791,0.0,-1
28792,0.0,-1
28793,0.0,-1
28794,0.0,-1
28795,0.0,-1
28796,0.0,-1
28797,0.0,-1
28798,0.0,-1
28799,0.0,-1
28800,0.0,-1
28801,0.0,-1
28802,0.0,-1
28803,0.0,-1
28804,0.0,-1
28805,0.0,-1
28806,0.0,-1
28807,0.0,-1
28808,0.0,-1
28809,0.0,-1
28810,0.0,-1
28811,0.0,-1
28812,0.0,-1
28813,0.0,-1
28814,0.0,-1
28815,0.0,-1
28816,0.0,-1
28817,0.0,-1
28818,0.0,-1
28819,0.0,-1
28820,0.0,-1
28821,0.0,-1
28822,0.0,-1
28823,0.0,-1
28824,0.0,-1
28825,0.0,-1
28826,0.0,-1
28827,0.0,-1
28828,0.0,-1
28829,0.0,-1
28830,0.0,-1
28831,0.0,-1
28832,0.0,-1
28833,0.0,-1
28834,0.0,-1
28835,0.0,-1
28836,0.0,-1
28837,0.0,-1
28838,0.0,-1
28839,0.0,-1
28840,0.0,-1
28841,0.0,-1
28842,0.0,-1
28843,0.0,-1
28844,0.0,-1
28845,0.0,-1
28846,0.0,-1
28847,0.0,-1
28848,0.0,-1
28849,0.0,-1
28850,0.0,-1
28851,0.0,-1
28852,0.0,-1
28853,0.0,-1
28854,0.0,-1
28855,0.0,-1
28856,0.0,-1
28857,0.0,-1
28858,0.0,-1
28859,0.0,-1
28860,0.0,-1
28861,0.0,-1
28862,0.0,-1
28863,0.0,-1
28864,0.0,-1
28865,0.0,-1
28866,0.0,-1
28867,0.0,-1
28868,0.0,-1
28869,0.0,-1
28870,0.0,-1
28871,0.0,-1
28872,0.0,-1
28873,0.0,-1
28874,0.0,-1
28875,0.0,-1
28876,0.0,-1
28877,0.0,-1
28878,0.0,-1
28879,0.0,-1
28880,0.0,-1
28881,0.0,-1
28882,0.0,-1
28883,0.0,-1
28884,0.0,-1
28885,0.0,-1
28886,0.0,-1
28887,0.0,-1
28888,0.0,-1
28889,0.0,-1
28890,0.0,-1
28891,0.0,-1
28892,0.0,-1
28893,0.0,-1
28894,0.0,-1
28895,0.0,-1
28896,0.0,-1
28897,0.0,-1
28898,0.0,-1
28899,0.0,-1
28900,0.0,-1
28901,0.0,-1
28902,0.0,-1
28903,0.0,-1
28904,0.0,-1
28905,0.0,-1
28906,0.0,-1
28907,0.0,-1
28908,0.0,-1
28909,0.0,-1
28910,0.0,-1
28911,0.0,-1
28912,0.0,-1
28913,0.0,-1
28914,0.0,-1
28915,0.0,-1
28916,0.0,-1
28917,0.0,-1
28918,0.0,-1
28919,0.0,-1
28920,0.0,-1
28921,0.0,-1
28922,0.0,-1
28923,0.0,-1
28924,0.0,-1
28925,0.0,-1
28926,0.0,-1
28927,0.0,-1
28928,0.0,-1
28929,0.0,-1
28930,0.0,-1
28931,0.0,-1
28932,0.0,-1
28933,0.0,-1
28934,0.0,-1
28935,0.0,-1
28936,0.0,-1
28937,0.0,-1
28938,0.0,-1
28939,0.0,-1
28940,0.0,-1
28941,0.0,-1
28942,0.0,-1
28943,0.0,-1
28944,0.0,-1
28945,0.0,-1
28946,0.0,-1
28947,0.0,-1
28948,0.0,-1
28949,0.0,-1
28950,0.0,-1
28951,0.0,-1
28952,0.0,-1
28953,0.0,-1
28954,0.0,-1
28955,0.0,-1
28956,0.0,-1
28957,0.0,-1
28958,0.0,-1
28959,0.0,-1
28960,0.0,-1
28961,0.0,-1
28962,0.0,-1
28963,0.0,-1
28964,0.0,-1
28965,0.0,-1
28966,0.0,-1
28967,0.0,-1
28968,14.081319728122013,2
28969,5.161695226548239,2
28970,3.2484919916775934,2
28971,2.154385527056919,2
28972,3.3182821292850675,2
28973,2.4665725305729365,2
28974,2.5317190610960463,2
28975,2.3895687032149526,2
28976,18.949951925715535,2
28977,6.004013066252378,2
28978,3.5690250631381026,2
28979,2.244759986652571,2
28980,3.6809094777001814,2
28981,2.6197360426641034,2
28982,2.7070978401384274,2
28983,2.5389410473565723,2
28984,19.031579034228187,2
28985,6.263301310879192,2
28986,3.5986209718131286,2
28987,2.277823857725665,2
28988,3.6208385832703627,2
28989,2.661638793924008,2
28990,2.7015531376884643,2
28991,2.560490439136807,2
28992,15.93584082960936,2
28993,5.720320990931746,2
28994,3.472445298874075,2
28995,2.2266620819702725,2
28996,3.3862538134897657,2
28997,2.5648336718903657,2
28998,2.6377341426710164,2
28999,2.477368316734771,2
29000,13.835335944916284,2
29001,5.341314091107067,2
29002,3.34794337756341,2
29003,2.1940262906436088,2
29004,3.290919976211535,2
29005,2.4891189830154015,2
29006,2.5775819788498717,2
29007,2.4295914377251866,2
29008,18.426442852036416,2
29009,6.235947124084769,2
29010,3.6922604318744416,2
29011,2.2930950631253797,2
29012,3.5485874620032907,2
29013,2.6241504871673085,2
29014,2.7216936351058507,2
29015,2.560810399047133,2
29016,15.71213234574934,2
29017,5.870636921084167,2
29018,3.4807547216513246,2
29019,2.2272240490218973,2
29020,3.4097491649688307,2
29021,2.5660636010542657,2
29022,2.641866873601758,2
29023,2.4851307487646475,2
29024,27.008183960761183,2
29025,7.329833182420096,2
29026,4.143765915424305,2
29027,2.3622073749744468,2
29028,4.040838847352546,2
29029,2.81031073867766,2
29030,2.9475910162086443,2
29031,2.7065519614046307,2
29032,26.153632675262166,2
29033,7.279533283343449,2
29034,3.9866673680703886,2
29035,2.3143793123458103,2
29036,3.9120191495616754,2
29037,2.7843780050719724,2
29038,2.9332975240307784,2
29039,2.651235219141692,2
29040,14.596981812981403,2
29041,5.428297250357362,2
29042,3.3613374103259424,2
29043,2.2090875187113617,2
29044,3.3276938835486676,2
29045,2.515504782790081,2
29046,2.587414115966434,2
29047,2.4426213416666993,2
29048,17.883592285710858,2
29049,6.046024622924392,2
29050,3.5900060447713624,2
29051,2.235569937278078,2
29052,3.489581148368689,2
29053,2.627379844297201,2
29054,2.6915878618235785,2
29055,2.5101967711093867,2
29056,10.13675442954254,2
29057,4.468162293031949,2
29058,2.900827076206088,2
29059,2.073621773112331,2
29060,2.945208254552404,2
29061,2.3069189234510405,2
29062,2.3553117558281245,2
29063,2.257502268493374,2
29064,13.658071559785402,2
29065,5.335728470545776,2
29066,3.271018312492449,2
29067,2.1693192310894007,2
29068,3.2687393477599485,2
29069,2.4684081981341186,2
29070,2.5330970869618463,2
29071,2.397286277039144,2
29072,16.187779222580787,2
29073,5.575528627848754,2
29074,3.3732982518629226,2
29075,2.1945579044723265,2
29076,3.3409215241313417,2
29077,2.524166567077905,2
29078,2.585291090990625,2
29079,2.431909529214694,2
29080,17.36533891304021,2
29081,5.880076860509262,2
29082,3.579199101930234,2
29083,2.2364295714567217,2
29084,3.4825826961563364,2
29085,2.600274356176708,2
29086,2.685595658247779,2
29087,2.5005805976077884,2
29088,25.997986494577344,2
29089,7.486011162807969,2
29090,4.0563709863300685,2
29091,2.347508442818186,2
29092,4.067312494578222,2
29093,2.8260241013966056,2
29094,2.927695614882498,2
29095,2.689850315742969,2
29096,13.888275557138309,2
29097,5.162699737993583,2
29098,3.244400710083673,2
29099,2.1694484852727762,2
29100,3.2655951373747225,2
29101,2.4727266032307456,2
29102,2.5240783145386954,2
29103,2.395848767206553,2
29104,55.559413846194914,2
29105,10.532877083550648,2
29106,5.021364726389136,2
29107,2.50015704142717,2
29108,5.109966050936983,2
29109,3.1701558927212163,2
29110,3.3562790334710666,2
29111,2.990402093171336,2
29112,17.088323576362022,2
29113,5.904116511849706,2
29114,3.5163723145854244,2
29115,2.2196710993761157,2
29116,3.4534601763408297,2
29117,2.5705870066438603,2
29118,2.661754586320507,2
29119,2.477965502272889,2
29120,28.070981823523926,2
29121,7.715548225699813,2
29122,4.13618737065735,2
29123,2.4068960129966146,2
29124,4.152412540395177,2
29125,2.8454123531176005,2
29126,2.972170934172243,2
29127,2.742541938222163,2
29128,37.850651569008036,2
29129,8.538827151140545,2
29130,4.664979810870521,2
29131,2.3680453544044777,2
29132,4.478370255179721,2
29133,2.9397271650987458,2
29134,3.079578100094633,2
29135,2.830646695715926,2
29136,36.30426802558432,2
29137,8.758622091849386,2
29138,4.594771253185097,2
29139,2.435067591623501,2
29140,4.4457404045614,2
29141,2.9964110625436104,2
29142,3.0821594014689384,2
29143,2.8313038559906016,2
29144,19.418703524470583,2
29145,6.0584842645543535,2
29146,3.6753576762247118,2
29147,2.252712299021622,2
29148,3.5468052157436203,2
29149,2.640541702071375,2
29150,2.7090723303999886,2
29151,2.5483591132431473,2
29152,13.81303399167587,2
29153,5.141197144622325,2
29154,3.263068304687305,2
29155,2.177329818813142,2
29156,3.2099476587088387,2
29157,2.4813628507698073,2
29158,2.5454556097212677,2
29159,2.4027287080227664,2
29160,26.17763302977835,2
29161,7.3440729050137,2
29162,3.976860905524427,2
29163,2.3473460779921527,2
29164,4.043713263378415,2
29165,2.804065728312307,2
29166,2.9133437676515297,2
29167,2.6956374731595507,2
29168,19.01310978900638,2
29169,6.249852068786635,2
29170,3.6254520052960566,2
29171,2.244867259773371,2
29172,3.5860188088665894,2
29173,2.6528339190174375,2
29174,2.699835938936495,2
29175,2.543781252708695,2
29176,13.778632552361119,2
29177,5.396403380752127,2
29178,3.3157977809013466,2
29179,2.177364833044376,2
29180,3.217235599257778,2
29181,2.4868925856927717,2
29182,2.534386464749655,2
29183,2.4036324716789723,2
29184,20.387508386011245,2
29185,6.24576226308649,2
29186,3.625180513747851,2
29187,2.2609156986087418,2
29188,3.635782022726321,2
29189,2.637955758993194,2
29190,2.7241634087343702,2
29191,2.5547287284944264,2
29192,12.313502736611833,2
29193,4.872257386152166,2
29194,3.14889714232034,2
29195,2.1292331590752394,2
29196,3.1002157672286934,2
29197,2.4022284506550315,2
29198,2.4543147576698123,2
29199,2.34267136070831,2
29200,13.022838752243395,2
29201,5.094478687862798,2
29202,3.2151774341931665,2
29203,2.160954028730742,2
29204,3.1754606907526197,2
29205,2.4425249208097224,2
29206,2.5259900665711488,2
29207,2.387709577256191,2
29208,35.90775892083425,2
29209,8.687968401070524,2
29210,4.54772998910592,2
29211,2.451029610787292,2
29212,4.442495315720916,2
29213,2.9999255493390558,2
29214,3.1029953047940215,2
29215,2.836426033148256,2
29216,14.601007012287134,2
29217,5.474740577066245,2
29218,3.333225670336611,2
29219,2.185555782367786,2
29220,3.3180300277608623,2
29221,2.4961512926731935,2
29222,2.545955351960615,2
29223,2.4127954378753866,2
29224,25.977967374351277,2
29225,7.124886801809406,2
29226,3.923531490052807,2
29227,2.234085719698344,2
29228,3.9241164940136843,2
29229,2.6675217460042893,2
29230,2.829440858406601,2
29231,2.5770163361349674,2
29232,21.09096588858914,2
29233,6.6719706905659955,2
29234,3.837301872997374,2
29235,2.2943874503639505,2
29236,3.695127171869948,2
29237,2.7070240215975554,2
29238,2.824806646819066,2
29239,2.6114065185007784,2
29240,15.22064580761798,2
29241,5.423874115944273,2
29242,3.342687100708169,2
29243,2.1951988382014402,2
29244,3.3150855429011257,2
29245,2.507507279403523,2
29246,2.5711873088235784,2
29247,2.4265154821328214,2
29248,55.27271188271721,2
29249,11.214775722696462,2
29250,5.290283056050234,2
29251,2.546546288972124,2
29252,5.236962639886705,2
29253,3.285244275478946,2
29254,3.463923234517494,2
29255,3.0906789471875533,2
29256,18.645348390650934,2
29257,6.343089868679428,2
29258,3.7153508257558094,2
29259,2.276899061354045,2
29260,3.600575942332445,2
29261,2.660428612392931,2
29262,2.7367373493914937,2
29263,2.555835499075536,2
29264,24.80383704461962,2
29265,6.948789450088843,2
29266,3.9384808354036753,2
29267,2.3220498096588438,2
29268,3.841468685771446,2
29269,2.7468790533805083,2
29270,2.83557827342885,2
29271,2.6312133632902577,2
29272,30.22919522816337,2
29273,7.588136183517921,2
29274,4.254890599687237,2
29275,2.381254021127389,2
29276,4.137942481147473,2
29277,2.890026203773458,2
29278,3.011360177038956,2
29279,2.7598259143419526,2
29280,19.03201926894767,2
29281,6.267683900641455,2
29282,3.6358699121713585,2
29283,2.2623177406872625,2
29284,3.5863092783603068,2
29285,2.6362998421395414,2
29286,2.717088712876429,2
29287,2.558233606143055,2
29288,18.48541647934743,2
29289,6.34030322353976,2
29290,3.672765556216229,2
29291,2.23788528464961,2
29292,3.623283554400249,2
29293,2.6183347251813025,2
29294,2.6896919050783406,2
29295,2.529661066831621,2
29296,12.7205747905332,2
29297,4.996697095542763,2
29298,3.197458154251292,2
29299,2.1455382311172917,2
29300,3.1256049103472563,2
29301,2.411473836267817,2
29302,2.472423628763181,2
29303,2.360041239936923,2
29304,40.2920337342379,2
29305,9.07328238292186,2
29306,4.627980887790774,2
29307,2.453057472957219,2
29308,4.712683186904092,2
29309,3.031032226930627,2
29310,3.2005196057555962,2
29311,2.8852176139845085,2
29312,13.44385830520632,2
29313,5.17371772318626,2
29314,3.250958255543641,2
29315,2.1778831939807173,2
29316,3.1504807986062966,2
29317,2.470272024184733,2
29318,2.522416179972533,2
29319,2.3977030220987423,2
29320,14.14263889762696,2
29321,5.202953708544537,2
29322,3.313346998853812,2
29323,2.177799094167337,2
29324,3.2534170730170713,2
29325,2.4824944983911275,2
29326,2.5421119080686454,2
29327,2.415225606254558,2
29328,21.69754409852974,2
29329,6.5353861546459715,2
29330,3.7281188948830115,2
29331,2.2784886145779804,2
29332,3.73913250671675,2
29333,2.682514935563127,2
29334,2.7716565913547315,2
29335,2.58349049852418,2
29336,23.55164671060343,2
29337,7.117329801067448,2
29338,3.966027228365261,2
29339,2.330031620376098,2
29340,3.948963516719639,2
29341,2.7861865978124625,2
29342,2.898100861992101,2
29343,2.680153084364151,2
29344,20.042929359950755,2
29345,6.375360096493918,2
29346,3.7051418635141298,2
29347,2.309757790785147,2
29348,3.5589442542431464,2
29349,2.685790991197839,2
29350,2.774044143942514,2
29351,2.5961084982057616,2
29352,17.653609561650445,2
29353,5.857796565536405,2
29354,3.57328832573431,2
29355,2.2440197376892894,2
29356,3.5298102584311195,2
29357,2.5907245419384997,2
29358,2.690155551245035,2
29359,2.506357559379141,2
29360,89.22893868043114,2
29361,15.578092813041234,2
29362,6.080490609741143,2
29363,2.6398451306738293,2
29364,6.109729432476852,2
29365,3.5723090829242348,2
29366,3.764040884316779,2
29367,3.287346340846058,2
29368,13.657629245270131,2
29369,5.211514101261568,2
29370,3.298524077246224,2
29371,2.169871211104261,2
29372,3.2230147506301674,2
29373,2.465595274366049,2
29374,2.5445255553444337,2
29375,2.3990766762263296,2
29376,0.0,-1
29377,0.0,-1
29378,0.0,-1
29379,0.0,-1
29380,0.0,-1
29381,0.0,-1
29382,0.0,-1
29383,0.0,-1
29384,0.0,-1
29385,0.0,-1
29386,0.0,-1
29387,0.0,-1
29388,0.0,-1
29389,0.0,-1
29390,0.0,-1
29391,0.0,-1
29392,0.0,-1
29393,0.0,-1
29394,0.0,-1
29395,0.0,-1
29396,0.0,-1
29397,0.0,-1
29398,0.0,-1
29399,0.0,-1
29400,0.0,-1
29401,0.0,-1
29402,0.0,-1
29403,0.0,-1
29404,0.0,-1
29405,0.0,-1
29406,0.0,-1
29407,0.0,-1
29408,0.0,-1
29409,0.0,-1
29410,0.0,-1
29411,0.0,-1
29412,0.0,-1
29413,0.0,-1
29414,0.0,-1
29415,0.0,-1
29416,0.0,-1
29417,0.0,-1
29418,0.0,-1
29419,0.0,-1
29420,0.0,-1
29421,0.0,-1
29422,0.0,-1
29423,0.0,-1
29424,0.0,-1
29425,0.0,-1
29426,0.0,-1
29427,0.0,-1
29428,0.0,-1
29429,0.0,-1
29430,0.0,-1
29431,0.0,-1
29432,0.0,-1
29433,0.0,-1
29434,0.0,-1
29435,0.0,-1
29436,0.0,-1
29437,0.0,-1
29438,0.0,-1
29439,0.0,-1
29440,0.0,-1
29441,0.0,-1
29442,0.0,-1
29443,0.0,-1
29444,0.0,-1
29445,0.0,-1
29446,0.0,-1
29447,0.0,-1
29448,0.0,-1
29449,0.0,-1
29450,0.0,-1
29451,0.0,-1
29452,0.0,-1
29453,0.0,-1
29454,0.0,-1
29455,0.0,-1
29456,0.0,-1
29457,0.0,-1
29458,0.0,-1
29459,0.0,-1
29460,0.0,-1
29461,0.0,-1
29462,0.0,-1
29463,0.0,-1
29464,0.0,-1
29465,0.0,-1
29466,0.0,-1
29467,0.0,-1
29468,0.0,-1
29469,0.0,-1
29470,0.0,-1
29471,0.0,-1
29472,0.0,-1
29473,0.0,-1
29474,0.0,-1
29475,0.0,-1
29476,0.0,-1
29477,0.0,-1
29478,0.0,-1
29479,0.0,-1
29480,0.0,-1
29481,0.0,-1
29482,0.0,-1
29483,0.0,-1
29484,0.0,-1
29485,0.0,-1
29486,0.0,-1
29487,0.0,-1
29488,0.0,-1
29489,0.0,-1
29490,0.0,-1
29491,0.0,-1
29492,0.0,-1
29493,0.0,-1
29494,0.0,-1
29495,0.0,-1
29496,0.0,-1
29497,0.0,-1
29498,0.0,-1
29499,0.0,-1
29500,0.0,-1
29501,0.0,-1
29502,0.0,-1
29503,0.0,-1
29504,0.0,-1
29505,0.0,-1
29506,0.0,-1
29507,0.0,-1
29508,0.0,-1
29509,0.0,-1
29510,0.0,-1
29511,0.0,-1
29512,0.0,-1
29513,0.0,-1
29514,0.0,-1
29515,0.0,-1
29516,0.0,-1
29517,0.0,-1
29518,0.0,-1
29519,0.0,-1
29520,0.0,-1
29521,0.0,-1
29522,0.0,-1
29523,0.0,-1
29524,0.0,-1
29525,0.0,-1
29526,0.0,-1
29527,0.0,-1
29528,0.0,-1
29529,0.0,-1
29530,0.0,-1
29531,0.0,-1
29532,0.0,-1
29533,0.0,-1
29534,0.0,-1
29535,0.0,-1
29536,0.0,-1
29537,0.0,-1
29538,0.0,-1
29539,0.0,-1
29540,0.0,-1
29541,0.0,-1
29542,0.0,-1
29543,0.0,-1
29544,0.0,-1
29545,0.0,-1
29546,0.0,-1
29547,0.0,-1
29548,0.0,-1
29549,0.0,-1
29550,0.0,-1
29551,0.0,-1
29552,0.0,-1
29553,0.0,-1
29554,0.0,-1
29555,0.0,-1
29556,0.0,-1
29557,0.0,-1
29558,0.0,-1
29559,0.0,-1
29560,0.0,-1
29561,0.0,-1
29562,0.0,-1
29563,0.0,-1
29564,0.0,-1
29565,0.0,-1
29566,0.0,-1
29567,0.0,-1
29568,0.0,-1
29569,0.0,-1
29570,0.0,-1
29571,0.0,-1
29572,0.0,-1
29573,0.0,-1
29574,0.0,-1
29575,0.0,-1
29576,0.0,-1
29577,0.0,-1
29578,0.0,-1
29579,0.0,-1
29580,0.0,-1
29581,0.0,-1
29582,0.0,-1
29583,0.0,-1
29584,0.0,-1
29585,0.0,-1
29586,0.0,-1
29587,0.0,-1
29588,0.0,-1
29589,0.0,-1
29590,0.0,-1
29591,0.0,-1
29592,0.0,-1
29593,0.0,-1
29594,0.0,-1
29595,0.0,-1
29596,0.0,-1
29597,0.0,-1
29598,0.0,-1
29599,0.0,-1
29600,0.0,-1
29601,0.0,-1
29602,0.0,-1
29603,0.0,-1
29604,0.0,-1
29605,0.0,-1
29606,0.0,-1
29607,0.0,-1
29608,0.0,-1
29609,0.0,-1
29610,0.0,-1
29611,0.0,-1
29612,0.0,-1
29613,0.0,-1
29614,0.0,-1
29615,0.0,-1
29616,0.0,-1
29617,0.0,-1
29618,0.0,-1
29619,0.0,-1
29620,0.0,-1
29621,0.0,-1
29622,0.0,-1
29623,0.0,-1
29624,0.0,-1
29625,0.0,-1
29626,0.0,-1
29627,0.0,-1
29628,0.0,-1
29629,0.0,-1
29630,0.0,-1
29631,0.0,-1
29632,0.0,-1
29633,0.0,-1
29634,0.0,-1
29635,0.0,-1
29636,0.0,-1
29637,0.0,-1
29638,0.0,-1
29639,0.0,-1
29640,0.0,-1
29641,0.0,-1
29642,0.0,-1
29643,0.0,-1
29644,0.0,-1
29645,0.0,-1
29646,0.0,-1
29647,0.0,-1
29648,0.0,-1
29649,0.0,-1
29650,0.0,-1
29651,0.0,-1
29652,0.0,-1
29653,0.0,-1
29654,0.0,-1
29655,0.0,-1
29656,0.0,-1
29657,0.0,-1
29658,0.0,-1
29659,0.0,-1
29660,0.0,-1
29661,0.0,-1
29662,0.0,-1
29663,0.0,-1
29664,0.0,-1
29665,0.0,-1
29666,0.0,-1
29667,0.0,-1
29668,0.0,-1
29669,0.0,-1
29670,0.0,-1
29671,0.0,-1
29672,0.0,-1
29673,0.0,-1
29674,0.0,-1
29675,0.0,-1
29676,0.0,-1
29677,0.0,-1
29678,0.0,-1
29679,0.0,-1
29680,0.0,-1
29681,0.0,-1
29682,0.0,-1
29683,0.0,-1
29684,0.0,-1
29685,0.0,-1
29686,0.0,-1
29687,0.0,-1
29688,0.0,-1
29689,0.0,-1
29690,0.0,-1
29691,0.0,-1
29692,0.0,-1
29693,0.0,-1
29694,0.0,-1
29695,0.0,-1
29696,0.0,-1
29697,0.0,-1
29698,0.0,-1
29699,0.0,-1
29700,0.0,-1
29701,0.0,-1
29702,0.0,-1
29703,0.0,-1
29704,0.0,-1
29705,0.0,-1
29706,0.0,-1
29707,0.0,-1
29708,0.0,-1
29709,0.0,-1
29710,0.0,-1
29711,0.0,-1
29712,0.0,-1
29713,0.0,-1
29714,0.0,-1
29715,0.0,-1
29716,0.0,-1
29717,0.0,-1
29718,0.0,-1
29719,0.0,-1
29720,0.0,-1
29721,0.0,-1
29722,0.0,-1
29723,0.0,-1
29724,0.0,-1
29725,0.0,-1
29726,0.0,-1
29727,0.0,-1
29728,0.0,-1
29729,0.0,-1
29730,0.0,-1
29731,0.0,-1
29732,0.0,-1
29733,0.0,-1
29734,0.0,-1
29735,0.0,-1
29736,0.0,-1
29737,0.0,-1
29738,0.0,-1
29739,0.0,-1
29740,0.0,-1
29741,0.0,-1
29742,0.0,-1
29743,0.0,-1
29744,0.0,-1
29745,0.0,-1
29746,0.0,-1
29747,0.0,-1
29748,0.0,-1
29749,0.0,-1
29750,0.0,-1
29751,0.0,-1
29752,0.0,-1
29753,0.0,-1
29754,0.0,-1
29755,0.0,-1
29756,0.0,-1
29757,0.0,-1
29758,0.0,-1
29759,0.0,-1
29760,0.0,-1
29761,0.0,-1
29762,0.0,-1
29763,0.0,-1
29764,0.0,-1
29765,0.0,-1
29766,0.0,-1
29767,0.0,-1
29768,0.0,-1
29769,0.0,-1
29770,0.0,-1
29771,0.0,-1
29772,0.0,-1
29773,0.0,-1
29774,0.0,-1
29775,0.0,-1
29776,0.0,-1
29777,0.0,-1
29778,0.0,-1
29779,0.0,-1
29780,0.0,-1
29781,0.0,-1
29782,0.0,-1
29783,0.0,-1
29784,0.0,-1
29785,0.0,-1
29786,0.0,-1
29787,0.0,-1
29788,0.0,-1
29789,0.0,-1
29790,0.0,-1
29791,0.0,-1
29792,0.0,-1
29793,0.0,-1
29794,0.0,-1
29795,0.0,-1
29796,0.0,-1
29797,0.0,-1
29798,0.0,-1
29799,0.0,-1
29800,0.0,-1
29801,0.0,-1
29802,0.0,-1
29803,0.0,-1
29804,0.0,-1
29805,0.0,-1
29806,0.0,-1
29807,0.0,-1
29808,0.0,-1
29809,0.0,-1
29810,0.0,-1
29811,0.0,-1
29812,0.0,-1
29813,0.0,-1
29814,0.0,-1
29815,0.0,-1
29816,0.0,-1
29817,0.0,-1
29818,0.0,-1
29819,0.0,-1
29820,0.0,-1
29821,0.0,-1
29822,0.0,-1
29823,0.0,-1
29824,0.0,-1
29825,0.0,-1
29826,0.0,-1
29827,0.0,-1
29828,0.0,-1
29829,0.0,-1
29830,0.0,-1
29831,0.0,-1
29832,0.0,-1
29833,0.0,-1
29834,0.0,-1
29835,0.0,-1
29836,0.0,-1
29837,0.0,-1
29838,0.0,-1
29839,0.0,-1
29840,0.0,-1
29841,0.0,-1
29842,0.0,-1
29843,0.0,-1
29844,0.0,-1
29845,0.0,-1
29846,0.0,-1
29847,0.0,-1
29848,0.0,-1
29849,0.0,-1
29850,0.0,-1
29851,0.0,-1
29852,0.0,-1
29853,0.0,-1
29854,0.0,-1
29855,0.0,-1
29856,0.0,-1
29857,0.0,-1
29858,0.0,-1
29859,0.0,-1
29860,0.0,-1
29861,0.0,-1
29862,0.0,-1
29863,0.0,-1
29864,0.0,-1
29865,0.0,-1
29866,0.0,-1
29867,0.0,-1
29868,0.0,-1
29869,0.0,-1
29870,0.0,-1
29871,0.0,-1
29872,0.0,-1
29873,0.0,-1
29874,0.0,-1
29875,0.0,-1
29876,0.0,-1
29877,0.0,-1
29878,0.0,-1
29879,0.0,-1
29880,0.0,-1
29881,0.0,-1
29882,0.0,-1
29883,0.0,-1
29884,0.0,-1
29885,0.0,-1
29886,0.0,-1
29887,0.0,-1
29888,0.0,-1
29889,0.0,-1
29890,0.0,-1
29891,0.0,-1
29892,0.0,-1
29893,0.0,-1
29894,0.0,-1
29895,0.0,-1
29896,0.0,-1
29897,0.0,-1
29898,0.0,-1
29899,0.0,-1
29900,0.0,-1
29901,0.0,-1
29902,0.0,-1
29903,0.0,-1
29904,0.0,-1
29905,0.0,-1
29906,0.0,-1
29907,0.0,-1
29908,0.0,-1
29909,0.0,-1
29910,0.0,-1
29911,0.0,-1
29912,0.0,-1
29913,0.0,-1
29914,0.0,-1
29915,0.0,-1
29916,0.0,-1
29917,0.0,-1
29918,0.0,-1
29919,0.0,-1
29920,0.0,-1
29921,0.0,-1
29922,0.0,-1
29923,0.0,-1
29924,0.0,-1
29925,0.0,-1
29926,0.0,-1
29927,0.0,-1
29928,0.0,-1
29929,0.0,-1
29930,0.0,-1
29931,0.0,-1
29932,0.0,-1
29933,0.0,-1
29934,0.0,-1
29935,0.0,-1
29936,0.0,-1
29937,0.0,-1
29938,0.0,-1
29939,0.0,-1
29940,0.0,-1
29941,0.0,-1
29942,0.0,-1
29943,0.0,-1
29944,0.0,-1
29945,0.0,-1
29946,0.0,-1
29947,0.0,-1
29948,0.0,-1
29949,0.0,-1
29950,0.0,-1
29951,0.0,-1
29952,0.0,-1
29953,0.0,-1
29954,0.0,-1
29955,0.0,-1
29956,0.0,-1
29957,0.0,-1
29958,0.0,-1
29959,0.0,-1
29960,0.0,-1
29961,0.0,-1
29962,0.0,-1
29963,0.0,-1
29964,0.0,-1
29965,0.0,-1
29966,0.0,-1
29967,0.0,-1
29968,0.0,-1
29969,0.0,-1
29970,0.0,-1
29971,0.0,-1
29972,0.0,-1
29973,0.0,-1
29974,0.0,-1
29975,0.0,-1
29976,0.0,-1
29977,0.0,-1
29978,0.0,-1
29979,0.0,-1
29980,0.0,-1
29981,0.0,-1
29982,0.0,-1
29983,0.0,-1
29984,0.0,-1
29985,0.0,-1
29986,0.0,-1
29987,0.0,-1
29988,0.0,-1
29989,0.0,-1
29990,0.0,-1
29991,0.0,-1
29992,0.0,-1
29993,0.0,-1
29994,0.0,-1
29995,0.0,-1
29996,0.0,-1
29997,0.0,-1
29998,0.0,-1
29999,0.0,-1
30000,0.0,-1
30001,0.0,-1
30002,0.0,-1
30003,0.0,-1
30004,0.0,-1
30005,0.0,-1
30006,0.0,-1
30007,0.0,-1
30008,0.0,-1
30009,0.0,-1
30010,0.0,-1
30011,0.0,-1
30012,0.0,-1
30013,0.0,-1
30014,0.0,-1
30015,0.0,-1
30016,0.0,-1
30017,0.0,-1
30018,0.0,-1
30019,0.0,-1
30020,0.0,-1
30021,0.0,-1
30022,0.0,-1
30023,0.0,-1
30024,0.0,-1
30025,0.0,-1
30026,0.0,-1
30027,0.0,-1
30028,0.0,-1
30029,0.0,-1
30030,0.0,-1
30031,0.0,-1
30032,0.0,-1
30033,0.0,-1
30034,0.0,-1
30035,0.0,-1
30036,0.0,-1
30037,0.0,-1
30038,0.0,-1
30039,0.0,-1
30040,0.0,-1
30041,0.0,-1
30042,0.0,-1
30043,0.0,-1
30044,0.0,-1
30045,0.0,-1
30046,0.0,-1
30047,0.0,-1
30048,0.0,-1
30049,0.0,-1
30050,0.0,-1
30051,0.0,-1
30052,0.0,-1
30053,0.0,-1
30054,0.0,-1
30055,0.0,-1
30056,0.0,-1
30057,0.0,-1
30058,0.0,-1
30059,0.0,-1
30060,0.0,-1
30061,0.0,-1
30062,0.0,-1
30063,0.0,-1
30064,0.0,-1
30065,0.0,-1
30066,0.0,-1
30067,0.0,-1
30068,0.0,-1
30069,0.0,-1
30070,0.0,-1
30071,0.0,-1
30072,0.0,-1
30073,0.0,-1
30074,0.0,-1
30075,0.0,-1
30076,0.0,-1
30077,0.0,-1
30078,0.0,-1
30079,0.0,-1
30080,0.0,-1
30081,0.0,-1
30082,0.0,-1
30083,0.0,-1
30084,0.0,-1
30085,0.0,-1
30086,0.0,-1
30087,0.0,-1
30088,0.0,-1
30089,0.0,-1
30090,0.0,-1
30091,0.0,-1
30092,0.0,-1
30093,0.0,-1
30094,0.0,-1
30095,0.0,-1
30096,0.0,-1
30097,0.0,-1
30098,0.0,-1
30099,0.0,-1
30100,0.0,-1
30101,0.0,-1
30102,0.0,-1
30103,0.0,-1
30104,0.0,-1
30105,0.0,-1
30106,0.0,-1
30107,0.0,-1
30108,0.0,-1
30109,0.0,-1
30110,0.0,-1
30111,0.0,-1
30112,0.0,-1
30113,0.0,-1
30114,0.0,-1
30115,0.0,-1
30116,0.0,-1
30117,0.0,-1
30118,0.0,-1
30119,0.0,-1
30120,0.0,-1
30121,0.0,-1
30122,0.0,-1
30123,0.0,-1
30124,0.0,-1
30125,0.0,-1
30126,0.0,-1
30127,0.0,-1
30128,0.0,-1
30129,0.0,-1
30130,0.0,-1
30131,0.0,-1
30132,0.0,-1
30133,0.0,-1
30134,0.0,-1
30135,0.0,-1
30136,0.0,-1
30137,0.0,-1
30138,0.0,-1
30139,0.0,-1
30140,0.0,-1
30141,0.0,-1
30142,0.0,-1
30143,0.0,-1
30144,0.0,-1
30145,0.0,-1
30146,0.0,-1
30147,0.0,-1
30148,0.0,-1
30149,0.0,-1
30150,0.0,-1
30151,0.0,-1
30152,0.0,-1
30153,0.0,-1
30154,0.0,-1
30155,0.0,-1
30156,0.0,-1
30157,0.0,-1
30158,0.0,-1
30159,0.0,-1
30160,0.0,-1
30161,0.0,-1
30162,0.0,-1
30163,0.0,-1
30164,0.0,-1
30165,0.0,-1
30166,0.0,-1
30167,0.0,-1
30168,0.0,-1
30169,0.0,-1
30170,0.0,-1
30171,0.0,-1
30172,0.0,-1
30173,0.0,-1
30174,0.0,-1
30175,0.0,-1
30176,0.0,-1
30177,0.0,-1
30178,0.0,-1
30179,0.0,-1
30180,0.0,-1
30181,0.0,-1
30182,0.0,-1
30183,0.0,-1
30184,0.0,-1
30185,0.0,-1
30186,0.0,-1
30187,0.0,-1
30188,0.0,-1
30189,0.0,-1
30190,0.0,-1
30191,0.0,-1
30192,0.0,-1
30193,0.0,-1
30194,0.0,-1
30195,0.0,-1
30196,0.0,-1
30197,0.0,-1
30198,0.0,-1
30199,0.0,-1
30200,0.0,-1
30201,0.0,-1
30202,0.0,-1
30203,0.0,-1
30204,0.0,-1
30205,0.0,-1
30206,0.0,-1
30207,0.0,-1
30208,0.0,-1
30209,0.0,-1
30210,0.0,-1
30211,0.0,-1
30212,0.0,-1
30213,0.0,-1
30214,0.0,-1
30215,0.0,-1
30216,0.0,-1
30217,0.0,-1
30218,0.0,-1
30219,0.0,-1
30220,0.0,-1
30221,0.0,-1
30222,0.0,-1
30223,0.0,-1
30224,0.0,-1
30225,0.0,-1
30226,0.0,-1
30227,0.0,-1
30228,0.0,-1
30229,0.0,-1
30230,0.0,-1
30231,0.0,-1
30232,0.0,-1
30233,0.0,-1
30234,0.0,-1
30235,0.0,-1
30236,0.0,-1
30237,0.0,-1
30238,0.0,-1
30239,0.0,-1
30240,0.0,-1
30241,0.0,-1
30242,0.0,-1
30243,0.0,-1
30244,0.0,-1
30245,0.0,-1
30246,0.0,-1
30247,0.0,-1
30248,0.0,-1
30249,0.0,-1
30250,0.0,-1
30251,0.0,-1
30252,0.0,-1
30253,0.0,-1
30254,0.0,-1
30255,0.0,-1
30256,0.0,-1
30257,0.0,-1
30258,0.0,-1
30259,0.0,-1
30260,0.0,-1
30261,0.0,-1
30262,0.0,-1
30263,0.0,-1
30264,0.0,-1
30265,0.0,-1
30266,0.0,-1
30267,0.0,-1
30268,0.0,-1
30269,0.0,-1
30270,0.0,-1
30271,0.0,-1
30272,0.0,-1
30273,0.0,-1
30274,0.0,-1
30275,0.0,-1
30276,0.0,-1
30277,0.0,-1
30278,0.0,-1
30279,0.0,-1
30280,0.0,-1
30281,0.0,-1
30282,0.0,-1
30283,0.0,-1
30284,0.0,-1
30285,0.0,-1
30286,0.0,-1
30287,0.0,-1
30288,0.0,-1
30289,0.0,-1
30290,0.0,-1
30291,0.0,-1
30292,0.0,-1
30293,0.0,-1
30294,0.0,-1
30295,0.0,-1
30296,0.0,-1
30297,0.0,-1
30298,0.0,-1
30299,0.0,-1
30300,0.0,-1
30301,0.0,-1
30302,0.0,-1
30303,0.0,-1
30304,0.0,-1
30305,0.0,-1
30306,0.0,-1
30307,0.0,-1
30308,0.0,-1
30309,0.0,-1
30310,0.0,-1
30311,0.0,-1
30312,0.0,-1
30313,0.0,-1
30314,0.0,-1
30315,0.0,-1
30316,0.0,-1
30317,0.0,-1
30318,0.0,-1
30319,0.0,-1
30320,0.0,-1
30321,0.0,-1
30322,0.0,-1
30323,0.0,-1
30324,0.0,-1
30325,0.0,-1
30326,0.0,-1
30327,0.0,-1
30328,0.0,-1
30329,0.0,-1
30330,0.0,-1
30331,0.0,-1
30332,0.0,-1
30333,0.0,-1
30334,0.0,-1
30335,0.0,-1
30336,0.0,-1
30337,0.0,-1
30338,0.0,-1
30339,0.0,-1
30340,0.0,-1
30341,0.0,-1
30342,0.0,-1
30343,0.0,-1
30344,0.0,-1
30345,0.0,-1
30346,0.0,-1
30347,0.0,-1
30348,0.0,-1
30349,0.0,-1
30350,0.0,-1
30351,0.0,-1
30352,0.0,-1
30353,0.0,-1
30354,0.0,-1
30355,0.0,-1
30356,0.0,-1
30357,0.0,-1
30358,0.0,-1
30359,0.0,-1
30360,0.0,-1
30361,0.0,-1
30362,0.0,-1
30363,0.0,-1
30364,0.0,-1
30365,0.0,-1
30366,0.0,-1
30367,0.0,-1
30368,0.0,-1
30369,0.0,-1
30370,0.0,-1
30371,0.0,-1
30372,0.0,-1
30373,0.0,-1
30374,0.0,-1
30375,0.0,-1
30376,0.0,-1
30377,0.0,-1
30378,0.0,-1
30379,0.0,-1
30380,0.0,-1
30381,0.0,-1
30382,0.0,-1
30383,0.0,-1
30384,0.0,-1
30385,0.0,-1
30386,0.0,-1
30387,0.0,-1
30388,0.0,-1
30389,0.0,-1
30390,0.0,-1
30391,0.0,-1
30392,0.0,-1
30393,0.0,-1
30394,0.0,-1
30395,0.0,-1
30396,0.0,-1
30397,0.0,-1
30398,0.0,-1
30399,0.0,-1
30400,0.0,-1
30401,0.0,-1
30402,0.0,-1
30403,0.0,-1
30404,0.0,-1
30405,0.0,-1
30406,0.0,-1
30407,0.0,-1
30408,0.0,-1
30409,0.0,-1
30410,0.0,-1
30411,0.0,-1
30412,0.0,-1
30413,0.0,-1
30414,0.0,-1
30415,0.0,-1
30416,0.0,-1
30417,0.0,-1
30418,0.0,-1
30419,0.0,-1
30420,0.0,-1
30421,0.0,-1
30422,0.0,-1
30423,0.0,-1
30424,0.0,-1
30425,0.0,-1
30426,0.0,-1
30427,0.0,-1
30428,0.0,-1
30429,0.0,-1
30430,0.0,-1
30431,0.0,-1
30432,0.0,-1
30433,0.0,-1
30434,0.0,-1
30435,0.0,-1
30436,0.0,-1
30437,0.0,-1
30438,0.0,-1
30439,0.0,-1
30440,0.0,-1
30441,0.0,-1
30442,0.0,-1
30443,0.0,-1
30444,0.0,-1
30445,0.0,-1
30446,0.0,-1
30447,0.0,-1
30448,0.0,-1
30449,0.0,-1
30450,0.0,-1
30451,0.0,-1
30452,0.0,-1
30453,0.0,-1
30454,0.0,-1
30455,0.0,-1
30456,0.0,-1
30457,0.0,-1
30458,0.0,-1
30459,0.0,-1
30460,0.0,-1
30461,0.0,-1
30462,0.0,-1
30463,0.0,-1
30464,0.0,-1
30465,0.0,-1
30466,0.0,-1
30467,0.0,-1
30468,0.0,-1
30469,0.0,-1
30470,0.0,-1
30471,0.0,-1
30472,0.0,-1
30473,0.0,-1
30474,0.0,-1
30475,0.0,-1
30476,0.0,-1
30477,0.0,-1
30478,0.0,-1
30479,0.0,-1
30480,0.0,-1
30481,0.0,-1
30482,0.0,-1
30483,0.0,-1
30484,0.0,-1
30485,0.0,-1
30486,0.0,-1
30487,0.0,-1
30488,0.0,-1
30489,0.0,-1
30490,0.0,-1
30491,0.0,-1
30492,0.0,-1
30493,0.0,-1
30494,0.0,-1
30495,0.0,-1
30496,0.0,-1
30497,0.0,-1
30498,0.0,-1
30499,0.0,-1
30500,0.0,-1
30501,0.0,-1
30502,0.0,-1
30503,0.0,-1
30504,0.0,-1
30505,0.0,-1
30506,0.0,-1
30507,0.0,-1
30508,0.0,-1
30509,0.0,-1
30510,0.0,-1
30511,0.0,-1
30512,0.0,-1
30513,0.0,-1
30514,0.0,-1
30515,0.0,-1
30516,0.0,-1
30517,0.0,-1
30518,0.0,-1
30519,0.0,-1
30520,0.0,-1
30521,0.0,-1
30522,0.0,-1
30523,0.0,-1
30524,0.0,-1
30525,0.0,-1
30526,0.0,-1
30527,0.0,-1
30528,0.0,-1
30529,0.0,-1
30530,0.0,-1
30531,0.0,-1
30532,0.0,-1
30533,0.0,-1
30534,0.0,-1
30535,0.0,-1
30536,0.0,-1
30537,0.0,-1
30538,0.0,-1
30539,0.0,-1
30540,0.0,-1
30541,0.0,-1
30542,0.0,-1
30543,0.0,-1
30544,0.0,-1
30545,0.0,-1
30546,0.0,-1
30547,0.0,-1
30548,0.0,-1
30549,0.0,-1
30550,0.0,-1
30551,0.0,-1
30552,0.0,-1
30553,0.0,-1
30554,0.0,-1
30555,0.0,-1
30556,0.0,-1
30557,0.0,-1
30558,0.0,-1
30559,0.0,-1
30560,0.0,-1
30561,0.0,-1
30562,0.0,-1
30563,0.0,-1
30564,0.0,-1
30565,0.0,-1
30566,0.0,-1
30567,0.0,-1
30568,0.0,-1
30569,0.0,-1
30570,0.0,-1
30571,0.0,-1
30572,0.0,-1
30573,0.0,-1
30574,0.0,-1
30575,0.0,-1
30576,0.0,-1
30577,0.0,-1
30578,0.0,-1
30579,0.0,-1
30580,0.0,-1
30581,0.0,-1
30582,0.0,-1
30583,0.0,-1
30584,0.0,-1
30585,0.0,-1
30586,0.0,-1
30587,0.0,-1
30588,0.0,-1
30589,0.0,-1
30590,0.0,-1
30591,0.0,-1
30592,0.0,-1
30593,0.0,-1
30594,0.0,-1
30595,0.0,-1
30596,0.0,-1
30597,0.0,-1
30598,0.0,-1
30599,0.0,-1
30600,12.613895031579792,3
30601,5.002602462825423,3
30602,3.3099290358313627,3
30603,2.1196637861087093,3
30604,3.198916950818725,3
30605,2.4710491506259573,3
30606,2.5088308124671688,3
30607,2.3531839904735223,3
30608,17.37787558998709,3
30609,5.94249010810826,3
30610,3.5974947966566004,3
30611,2.2040808846620745,3
30612,3.578412644064048,3
30613,2.6085954733760994,3
30614,2.7047846975271974,3
30615,2.491901410305527,3
30616,17.493959969388882,3
30617,5.54591128462409,3
30618,3.6363422222795307,3
30619,2.23655841879389,3
30620,3.5255542329564458,3
30621,2.635157006021135,3
30622,2.7310486355987296,3
30623,2.521974147795409,3
30624,15.24561473527518,3
30625,5.623534146862721,3
30626,3.532411983174044,3
30627,2.1896192131208454,3
30628,3.3136158191746143,3
30629,2.5341607802584325,3
30630,2.6248905110635583,3
30631,2.453989519133059,3
30632,12.579347773248818,3
30633,4.99543468800037,3
30634,3.3570404409780426,3
30635,2.1572625909579775,3
30636,3.236693965830073,3
30637,2.46350076533342,3
30638,2.5822531173217955,3
30639,2.3942543425486535,3
30640,16.41372421974224,3
30641,5.730769185183586,3
30642,3.6613843057947433,3
30643,2.2508724278631504,3
30644,3.544305038579583,3
30645,2.62267194867205,3
30646,2.68280016091228,3
30647,2.5409463374453494,3
30648,14.933417327359354,3
30649,5.340397693101523,3
30650,3.4685381573144283,3
30651,2.1892655606869256,3
30652,3.4127908870713144,3
30653,2.543971260900235,3
30654,2.6160586981407254,3
30655,2.434131551113601,3
30656,23.043835438544892,3
30657,6.674240524168731,3
30658,4.036913166711696,3
30659,2.3152715594690028,3
30660,3.9589785070984,3
30661,2.795489098628661,3
30662,2.883870793351804,3
30663,2.705504858585138,3
30664,20.560901357767683,3
30665,6.450631033544672,3
30666,3.870786747030114,3
30667,2.272266557294444,3
30668,3.9834729480132696,3
30669,2.7706932831867466,3
30670,2.8699755247354473,3
30671,2.667982909590913,3
30672,13.28394069027943,3
30673,5.082588540056881,3
30674,3.3486329309013585,3
30675,2.1729845563721275,3
30676,3.203139877070688,3
30677,2.512218626551206,3
30678,2.54574419711353,3
30679,2.4250482681124392,3
30680,18.0312996091153,3
30681,5.646116844872405,3
30682,3.5204477878172558,3
30683,2.1963776315009187,3
30684,3.485059921005436,3
30685,2.5764311795583716,3
30686,2.632558549084719,3
30687,2.4953887841996107,3
30688,9.674756257809248,3
30689,4.144655904337041,3
30690,2.8791929872073783,3
30691,2.04234808059095,3
30692,2.9395081322869516,3
30693,2.3073189254721953,3
30694,2.347115653022143,3
30695,2.2206588687936817,3
30696,12.92781475763702,3
30697,4.886199133322172,3
30698,3.2347620434548503,3
30699,2.133593017259733,3
30700,3.2124429100220735,3
30701,2.4700693257135793,3
30702,2.5397473403397615,3
30703,2.3624573043754418,3
30704,12.219811777762253,3
30705,5.13327673680073,3
30706,3.3730125486652454,3
30707,2.157962837134458,3
30708,3.3082270165892043,3
30709,2.4990133304554827,3
30710,2.566004545225723,3
30711,2.413503201642765,3
30712,15.838551792132666,3
30713,5.694190729180795,3
30714,3.5365158699243624,3
30715,2.1988595445833035,3
30716,3.3043001342608505,3
30717,2.5995059301258165,3
30718,2.614478317958787,3
30719,2.4853263082587955,3
30720,23.1662184835346,3
30721,6.831416569874248,3
30722,4.065151470487974,3
30723,2.3032368895348148,3
30724,3.808827468605967,3
30725,2.7854137820795146,3
30726,2.8969784031040735,3
30727,2.6462220992261227,3
30728,11.809304623737859,3
30729,4.8855464947120595,3
30730,3.3000596040668313,3
30731,2.133593017259733,3
30732,3.2415019514779693,3
30733,2.47122382463499,3
30734,2.5602160348074023,3
30735,2.360593637484752,3
30736,42.46880815501882,3
30737,9.27634400725164,3
30738,4.86171150136296,3
30739,2.448897858397648,3
30740,4.851719506690989,3
30741,3.138429627648858,3
30742,3.243334353475269,3
30743,3.013668123235658,3
30744,15.212687069367256,3
30745,5.560894171390033,3
30746,3.440304916595043,3
30747,2.1818164881025846,3
30748,3.528533121005881,3
30749,2.5368159834391126,3
30750,2.612829387447816,3
30751,2.429012551939736,3
30752,23.068012570468085,3
30753,7.430104171880147,3
30754,4.05146943423438,3
30755,2.3589424893989923,3
30756,4.024709264115268,3
30757,2.852765510905004,3
30758,2.938402692449943,3
30759,2.7380108380181323,3
30760,30.890100766383874,3
30761,8.19349768852341,3
30762,4.225791777208893,3
30763,2.3241058206422056,3
30764,4.406964801309887,3
30765,2.922563130451481,3
30766,3.0640625814739786,3
30767,2.762224395216761,3
30768,29.910331857823085,3
30769,7.821074082433117,3
30770,4.4905810325549815,3
30771,2.386949938077148,3
30772,4.335820648257021,3
30773,3.0137614119785723,3
30774,3.052550752412405,3
30775,2.813326077154312,3
30776,16.708286743679977,3
30777,5.897736696183322,3
30778,3.519725900257664,3
30779,2.214068343568594,3
30780,3.584245102303666,3
30781,2.6254160790997365,3
30782,2.663947040380955,3
30783,2.492068841778283,3
30784,12.686353402579263,3
30785,4.855392389591713,3
30786,3.2531811573330733,3
30787,2.1409219050331774,3
30788,3.1805602105120574,3
30789,2.467354027257748,3
30790,2.510057334250767,3
30791,2.3421739311116903,3
30792,22.85737492361679,3
30793,6.83489079951974,3
30794,4.015411768935579,3
30795,2.3028706396197802,3
30796,4.034164829341955,3
30797,2.844208885364181,3
30798,2.837376218482696,3
30799,2.6337102787027034,3
30800,17.203459475975205,3
30801,6.053448682311553,3
30802,3.6225420184440478,3
30803,2.2058577550915217,3
30804,3.484954102599269,3
30805,2.56208273607026,3
30806,2.711774794038978,3
30807,2.5082013055265047,3
30808,12.948334257047998,3
30809,5.036688630372899,3
30810,3.291552990632717,3
30811,2.1412701967183105,3
30812,3.2506741392488467,3
30813,2.4688922399227784,3
30814,2.5127828123457023,3
30815,2.3712051292395953,3
30816,16.914268170161048,3
30817,5.858609097035502,3
30818,3.5859391069380027,3
30819,2.2198073304459514,3
30820,3.569782321889188,3
30821,2.579967244015611,3
30822,2.7200542235504983,3
30823,2.500773793841573,3
30824,12.009578863924053,3
30825,4.432599563383842,3
30826,3.0934660161949665,3
30827,2.0949031023091673,3
30828,3.0679520379801204,3
30829,2.3972132487655156,3
30830,2.441533506249815,3
30831,2.2917059037564083,3
30832,12.41950598067683,3
30833,4.671126306258262,3
30834,3.151925151152239,3
30835,2.125927348413671,3
30836,3.1634514327643073,3
30837,2.4523281501043397,3
30838,2.491001600703631,3
30839,2.3429575351612515,3
30840,30.398131346517836,3
30841,7.733634544462414,3
30842,4.3568264993020955,3
30843,2.4023063032913923,3
30844,4.304725643690041,3
30845,2.9506082708124595,3
30846,3.1304051632600616,3
30847,2.797903313158534,3
30848,13.825308651707864,3
30849,5.113792278530764,3
30850,3.2312698061295793,3
30851,2.149539019534044,3
30852,3.285594496525826,3
30853,2.4915616494973616,3
30854,2.580641762417521,3
30855,2.381687084632992,3
30856,23.18612875976056,3
30857,6.438073541415132,3
30858,3.932009402455187,3
30859,2.197409496005314,3
30860,4.021281214622854,3
30861,2.6932104011411186,3
30862,2.7508249633484474,3
30863,2.5455672024745946,3
30864,18.514049194787344,3
30865,6.232986245386655,3
30866,3.5299226036419737,3
30867,2.2548399502391945,3
30868,3.7593575588350974,3
30869,2.6545448443916295,3
30870,2.8217484820237817,3
30871,2.5979385528547336,3
30872,13.612001859016775,3
30873,5.004748934655593,3
30874,3.3662293645641452,3
30875,2.1576126946350067,3
30876,3.313006723535551,3
30877,2.481983858852499,3
30878,2.5755069389006477,3
30879,2.4055640158674176,3
30880,56.37399937637994,3
30881,10.4448067160256,3
30882,5.114682722242791,3
30883,2.492013122560534,3
30884,4.953672962781217,3
30885,3.268157609985698,3
30886,3.3465608162441085,3
30887,3.0673356465868817,3
30888,17.72091286859783,3
30889,5.733638173647903,3
30890,3.616336083009707,3
30891,2.236199561925451,3
30892,3.613204224674981,3
30893,2.650506142101775,3
30894,2.708775210306419,3
30895,2.527836886378544,3
30896,19.999997254422265,3
30897,6.495937813119803,3
30898,3.8493072074768397,3
30899,2.2766482462907938,3
30900,3.8582461910041994,3
30901,2.7336404150880096,3
30902,2.884608654502316,3
30903,2.6511156901343624,3
30904,28.877939363047002,3
30905,7.282738641186202,3
30906,4.207040163307429,3
30907,2.3343673995281513,3
30908,3.9905801958895264,3
30909,2.85143821643488,3
30910,2.990213783480223,3
30911,2.681526460409547,3
30912,16.991904489849354,3
30913,5.847970387984262,3
30914,3.6607841644024055,3
30915,2.2194503308723084,3
30916,3.5992660675370316,3
30917,2.6174761219609404,3
30918,2.7287265613593092,3
30919,2.522188571969424,3
30920,16.288835978445032,3
30921,5.967584264993179,3
30922,3.6749027854819825,3
30923,2.1981502299774274,3
30924,3.4990063340412614,3
30925,2.626346627495584,3
30926,2.6301426360059463,3
30927,2.4981028725057075,3
30928,11.51932633624923,3
30929,4.7323521617169915,3
30930,3.074583962661885,3
30931,2.109748840749957,3
30932,3.0964612169873797,3
30933,2.414269979852741,3
30934,2.475315444712185,3
30935,2.3439025368950896,3
30936,33.53579084120239,3
30937,8.053101885498961,3
30938,4.415954139243092,3
30939,2.407214158038123,3
30940,4.514031068002751,3
30941,3.0204303515659117,3
30942,3.1736812193168475,3
30943,2.835568531095654,3
30944,12.621253076616625,3
30945,4.7824838513906265,3
30946,3.1807074027828284,3
30947,2.140225437510266,3
30948,3.1940247905787285,3
30949,2.429880146705384,3
30950,2.525660027079093,3
30951,2.3704575987512304,3
30952,12.808299321983357,3
30953,5.001981990673697,3
30954,3.2432890338020264,3
30955,2.1409219050331774,3
30956,3.237497528054033,3
30957,2.479293039438899,3
30958,2.526833021136693,3
30959,2.3955903347882987,3
30960,18.435852405572803,3
30961,6.111978816746451,3
30962,3.8627547258224357,3
30963,2.2369173154553783,3
30964,3.7051596728091565,3
30965,2.7117303117374485,3
30966,2.763457724532317,3
30967,2.5596647262717624,3
30968,23.32328238287628,3
30969,6.250272660693883,3
30970,3.8802910001373996,3
30971,2.2852810491071525,3
30972,3.921579187216837,3
30973,2.7803102270168996,3
30974,2.8818434243303295,3
30975,2.6120636944489783,3
30976,16.36855233945245,3
30977,5.969528938048403,3
30978,3.602987478063438,3
30979,2.2664663253691577,3
30980,3.483734427943139,3
30981,2.644091749392828,3
30982,2.746681729372915,3
30983,2.5665141665225497,3
30984,14.624121433635304,3
30985,5.67304024455284,3
30986,3.443133290919285,3
30987,2.2044361799430017,3
30988,3.448797612722005,3
30989,2.6069953120346097,3
30990,2.6339915344849016,3
30991,2.491514242010426,3
30992,61.25113617348163,3
30993,12.364113483209003,3
30994,6.208643275020333,3
30995,2.5876636812944245,3
30996,6.009096796495365,3
30997,3.4554206390745565,3
30998,3.7229768349816426,3
30999,3.3255598251073066,3
31000,12.660159286537816,3
31001,4.892076138427561,3
31002,3.255945038557786,3
31003,2.133593017259733,3
31004,3.2736037075920117,3
31005,2.4272416855499523,3
31006,2.533472987327437,3
31007,2.3613389802548124,3
31008,0.0,-1
31009,0.0,-1
31010,0.0,-1
31011,0.0,-1
31012,0.0,-1
31013,0.0,-1
31014,0.0,-1
31015,0.0,-1
31016,0.0,-1
31017,0.0,-1
31018,0.0,-1
31019,0.0,-1
31020,0.0,-1
31021,0.0,-1
31022,0.0,-1
31023,0.0,-1
31024,0.0,-1
31025,0.0,-1
31026,0.0,-1
31027,0.0,-1
31028,0.0,-1
31029,0.0,-1
31030,0.0,-1
31031,0.0,-1
31032,0.0,-1
31033,0.0,-1
31034,0.0,-1
31035,0.0,-1
31036,0.0,-1
31037,0.0,-1
31038,0.0,-1
31039,0.0,-1
31040,0.0,-1
31041,0.0,-1
31042,0.0,-1
31043,0.0,-1
31044,0.0,-1
31045,0.0,-1
31046,0.0,-1
31047,0.0,-1
31048,0.0,-1
31049,0.0,-1
31050,0.0,-1
31051,0.0,-1
31052,0.0,-1
31053,0.0,-1
31054,0.0,-1
31055,0.0,-1
31056,0.0,-1
31057,0.0,-1
31058,0.0,-1
31059,0.0,-1
31060,0.0,-1
31061,0.0,-1
31062,0.0,-1
31063,0.0,-1
31064,0.0,-1
31065,0.0,-1
31066,0.0,-1
31067,0.0,-1
31068,0.0,-1
31069,0.0,-1
31070,0.0,-1
31071,0.0,-1
31072,0.0,-1
31073,0.0,-1
31074,0.0,-1
31075,0.0,-1
31076,0.0,-1
31077,0.0,-1
31078,0.0,-1
31079,0.0,-1
31080,0.0,-1
31081,0.0,-1
31082,0.0,-1
31083,0.0,-1
31084,0.0,-1
31085,0.0,-1
31086,0.0,-1
31087,0.0,-1
31088,0.0,-1
31089,0.0,-1
31090,0.0,-1
31091,0.0,-1
31092,0.0,-1
31093,0.0,-1
31094,0.0,-1
31095,0.0,-1
31096,0.0,-1
31097,0.0,-1
31098,0.0,-1
31099,0.0,-1
31100,0.0,-1
31101,0.0,-1
31102,0.0,-1
31103,0.0,-1
31104,0.0,-1
31105,0.0,-1
31106,0.0,-1
31107,0.0,-1
31108,0.0,-1
31109,0.0,-1
31110,0.0,-1
31111,0.0,-1
31112,0.0,-1
31113,0.0,-1
31114,0.0,-1
31115,0.0,-1
31116,0.0,-1
31117,0.0,-1
31118,0.0,-1
31119,0.0,-1
31120,0.0,-1
31121,0.0,-1
31122,0.0,-1
31123,0.0,-1
31124,0.0,-1
31125,0.0,-1
31126,0.0,-1
31127,0.0,-1
31128,0.0,-1
31129,0.0,-1
31130,0.0,-1
31131,0.0,-1
31132,0.0,-1
31133,0.0,-1
31134,0.0,-1
31135,0.0,-1
31136,0.0,-1
31137,0.0,-1
31138,0.0,-1
31139,0.0,-1
31140,0.0,-1
31141,0.0,-1
31142,0.0,-1
31143,0.0,-1
31144,0.0,-1
31145,0.0,-1
31146,0.0,-1
31147,0.0,-1
31148,0.0,-1
31149,0.0,-1
31150,0.0,-1
31151,0.0,-1
31152,0.0,-1
31153,0.0,-1
31154,0.0,-1
31155,0.0,-1
31156,0.0,-1
31157,0.0,-1
31158,0.0,-1
31159,0.0,-1
31160,0.0,-1
31161,0.0,-1
31162,0.0,-1
31163,0.0,-1
31164,0.0,-1
31165,0.0,-1
31166,0.0,-1
31167,0.0,-1
31168,0.0,-1
31169,0.0,-1
31170,0.0,-1
31171,0.0,-1
31172,0.0,-1
31173,0.0,-1
31174,0.0,-1
31175,0.0,-1
31176,0.0,-1
31177,0.0,-1
31178,0.0,-1
31179,0.0,-1
31180,0.0,-1
31181,0.0,-1
31182,0.0,-1
31183,0.0,-1
31184,0.0,-1
31185,0.0,-1
31186,0.0,-1
31187,0.0,-1
31188,0.0,-1
31189,0.0,-1
31190,0.0,-1
31191,0.0,-1
31192,0.0,-1
31193,0.0,-1
31194,0.0,-1
31195,0.0,-1
31196,0.0,-1
31197,0.0,-1
31198,0.0,-1
31199,0.0,-1
31200,0.0,-1
31201,0.0,-1
31202,0.0,-1
31203,0.0,-1
31204,0.0,-1
31205,0.0,-1
31206,0.0,-1
31207,0.0,-1
31208,0.0,-1
31209,0.0,-1
31210,0.0,-1
31211,0.0,-1
31212,0.0,-1
31213,0.0,-1
31214,0.0,-1
31215,0.0,-1
31216,0.0,-1
31217,0.0,-1
31218,0.0,-1
31219,0.0,-1
31220,0.0,-1
31221,0.0,-1
31222,0.0,-1
31223,0.0,-1
31224,0.0,-1
31225,0.0,-1
31226,0.0,-1
31227,0.0,-1
31228,0.0,-1
31229,0.0,-1
31230,0.0,-1
31231,0.0,-1
31232,0.0,-1
31233,0.0,-1
31234,0.0,-1
31235,0.0,-1
31236,0.0,-1
31237,0.0,-1
31238,0.0,-1
31239,0.0,-1
31240,0.0,-1
31241,0.0,-1
31242,0.0,-1
31243,0.0,-1
31244,0.0,-1
31245,0.0,-1
31246,0.0,-1
31247,0.0,-1
31248,0.0,-1
31249,0.0,-1
31250,0.0,-1
31251,0.0,-1
31252,0.0,-1
31253,0.0,-1
31254,0.0,-1
31255,0.0,-1
31256,0.0,-1
31257,0.0,-1
31258,0.0,-1
31259,0.0,-1
31260,0.0,-1
31261,0.0,-1
31262,0.0,-1
31263,0.0,-1
31264,0.0,-1
31265,0.0,-1
31266,0.0,-1
31267,0.0,-1
31268,0.0,-1
31269,0.0,-1
31270,0.0,-1
31271,0.0,-1
31272,0.0,-1
31273,0.0,-1
31274,0.0,-1
31275,0.0,-1
31276,0.0,-1
31277,0.0,-1
31278,0.0,-1
31279,0.0,-1
31280,0.0,-1
31281,0.0,-1
31282,0.0,-1
31283,0.0,-1
31284,0.0,-1
31285,0.0,-1
31286,0.0,-1
31287,0.0,-1
31288,0.0,-1
31289,0.0,-1
31290,0.0,-1
31291,0.0,-1
31292,0.0,-1
31293,0.0,-1
31294,0.0,-1
31295,0.0,-1
31296,0.0,-1
31297,0.0,-1
31298,0.0,-1
31299,0.0,-1
31300,0.0,-1
31301,0.0,-1
31302,0.0,-1
31303,0.0,-1
31304,0.0,-1
31305,0.0,-1
31306,0.0,-1
31307,0.0,-1
31308,0.0,-1
31309,0.0,-1
31310,0.0,-1
31311,0.0,-1
31312,0.0,-1
31313,0.0,-1
31314,0.0,-1
31315,0.0,-1
31316,0.0,-1
31317,0.0,-1
31318,0.0,-1
31319,0.0,-1
31320,0.0,-1
31321,0.0,-1
31322,0.0,-1
31323,0.0,-1
31324,0.0,-1
31325,0.0,-1
31326,0.0,-1
31327,0.0,-1
31328,0.0,-1
31329,0.0,-1
31330,0.0,-1
31331,0.0,-1
31332,0.0,-1
31333,0.0,-1
31334,0.0,-1
31335,0.0,-1
31336,0.0,-1
31337,0.0,-1
31338,0.0,-1
31339,0.0,-1
31340,0.0,-1
31341,0.0,-1
31342,0.0,-1
31343,0.0,-1
31344,0.0,-1
31345,0.0,-1
31346,0.0,-1
31347,0.0,-1
31348,0.0,-1
31349,0.0,-1
31350,0.0,-1
31351,0.0,-1
31352,0.0,-1
31353,0.0,-1
31354,0.0,-1
31355,0.0,-1
31356,0.0,-1
31357,0.0,-1
31358,0.0,-1
31359,0.0,-1
31360,0.0,-1
31361,0.0,-1
31362,0.0,-1
31363,0.0,-1
31364,0.0,-1
31365,0.0,-1
31366,0.0,-1
31367,0.0,-1
31368,0.0,-1
31369,0.0,-1
31370,0.0,-1
31371,0.0,-1
31372,0.0,-1
31373,0.0,-1
31374,0.0,-1
31375,0.0,-1
31376,0.0,-1
31377,0.0,-1
31378,0.0,-1
31379,0.0,-1
31380,0.0,-1
31381,0.0,-1
31382,0.0,-1
31383,0.0,-1
31384,0.0,-1
31385,0.0,-1
31386,0.0,-1
31387,0.0,-1
31388,0.0,-1
31389,0.0,-1
31390,0.0,-1
31391,0.0,-1
31392,0.0,-1
31393,0.0,-1
31394,0.0,-1
31395,0.0,-1
31396,0.0,-1
31397,0.0,-1
31398,0.0,-1
31399,0.0,-1
31400,0.0,-1
31401,0.0,-1
31402,0.0,-1
31403,0.0,-1
31404,0.0,-1
31405,0.0,-1
31406,0.0,-1
31407,0.0,-1
31408,0.0,-1
31409,0.0,-1
31410,0.0,-1
31411,0.0,-1
31412,0.0,-1
31413,0.0,-1
31414,0.0,-1
31415,0.0,-1
