row_index,oof_pred
0,17.906833812363786
1,8.215805595128629
2,4.940726267415943
3,0.10955994995904085
4,5.378768563933064
5,2.129313207250891
6,2.453799313274245
7,1.6209487796531439
8,20.8491410457659
9,9.329365962788584
10,5.976124296984695
11,0.12020587072008089
12,6.616495838250523
13,2.469246021872166
14,3.0121574973296044
15,1.9411599075290156
16,18.917360828026716
17,8.76312139219685
18,5.333439056504336
19,0.11926171628774068
20,5.886129132748363
21,2.210894034535233
22,2.618446339690497
23,1.7847800493725177
24,17.70738768307281
25,7.957453632767032
26,4.92467951572048
27,0.08854319228677887
28,5.097013211577956
29,1.962252798882998
30,2.4171450854999765
31,1.6079114037701336
32,14.722601256727327
33,6.486062565346105
34,4.460416864501842
35,0.09760619608768106
36,4.741254709427048
37,1.7188681933893117
38,2.1118730145817457
39,1.4018125974421043
40,17.346094731171597
41,7.735607433901703
42,4.920928670237279
43,0.09297841315837617
44,5.290043143878126
45,1.8632577432155797
46,2.4060566064494147
47,1.527341886464007
48,17.30350952607617
49,8.081321224350404
50,4.8155414080305725
51,0.09263924521136624
52,5.437019704065628
53,1.9662009416289679
54,2.3692882782662283
55,1.57464261347706
56,25.546562877391413
57,11.664096294038766
58,6.662791166969661
59,0.20246636821205347
60,7.522609458717809
61,2.794945916699454
62,3.3982648840177196
63,2.2351999062952723
64,28.771385310208288
65,12.74138359497124
66,7.5646611310385135
67,0.18984878019175697
68,8.39307811366116
69,3.198393296253815
70,4.074702473231339
71,2.555524393989605
72,15.57235187498681
73,7.230470117713403
74,4.292536817760762
75,0.07145534679238374
76,4.595460447509407
77,1.7295789622722104
78,2.006244687864391
79,1.3669364325125224
80,21.607800202848047
81,9.849143441454608
82,5.74633303285756
83,0.11614893280649136
84,6.242829077095119
85,2.3563778688026398
86,2.785424085468333
87,1.9550140846597837
88,13.494565246534464
89,5.91265853712779
90,3.387621112673859
91,0.0737364387325792
92,3.5308935846428633
93,1.3047475518340548
94,1.5404718173981884
95,1.0723774520950702
96,15.29608318222817
97,6.924522735417797
98,4.391878289182413
99,0.0910596840354595
100,4.927597829585788
101,1.782575502389601
102,2.1865985361674882
103,1.4662842503283768
104,17.542095813759968
105,8.05858106372865
106,4.918372317750681
107,0.12699319207653656
108,5.042659384352516
109,1.974235315021459
110,2.373370509762706
111,1.636551628358487
112,19.38944113958363
113,8.48865646983117
114,5.338610760775945
115,0.11610809584599101
116,5.741029854882542
117,2.0915404270956155
118,2.6124790429732574
119,1.7425707427610055
120,25.837930305002175
121,12.013609389099317
122,7.371962871283909
123,0.1802722604002193
124,7.751568834073424
125,3.0803458715012697
126,3.8228848466842544
127,2.4327113208404842
128,14.957965784553032
129,6.909021443663127
130,4.46489266161562
131,0.08701147922282293
132,4.7617578560637766
133,1.8404918403496349
134,2.1850792792682263
135,1.513838554089496
136,40.77997950756967
137,17.255798645273522
138,10.493670744870418
139,0.24892730030304785
140,12.02344277707571
141,4.465072247500731
142,5.670868181784278
143,3.669509069928152
144,20.425090936898997
145,9.036628988385553
146,5.518110139241702
147,0.11543037932297735
148,5.8592662380019815
149,2.183877424684663
150,2.7012982288774334
151,1.7516355288488688
152,24.339191045366864
153,11.252344796033109
154,6.294850634239774
155,0.13407497369730909
156,7.287102854366508
157,2.697478567307932
158,3.453515627871856
159,2.136822410225823
160,37.83961912277203
161,16.9691564384594
162,9.672126149052934
163,0.24324657557359736
164,10.705507514996372
165,4.3577725482388745
166,5.003659876270214
167,3.3816127056455825
168,32.15618064344201
169,14.278573822172891
170,8.826398968610754
171,0.18205365921267733
172,9.260823463608267
173,3.389400171728338
174,4.252793269808421
175,2.666171828151655
176,20.134661144645044
177,8.906736209870793
178,5.484276970500973
179,0.1499339811883493
180,5.829895021199429
181,2.224100715181643
182,2.774618282871773
183,1.831441507240258
184,14.838865717114475
185,6.519868788821525
186,3.9883810499896373
187,0.10027998127305697
188,4.482392037442109
189,1.6878247014355245
190,2.1035922123874324
191,1.3690249790583477
192,27.675236547580827
193,11.574015492172046
194,6.970226167348802
195,0.17504456789936304
196,7.986201226897088
197,3.12529534956202
198,3.850231031300492
199,2.4017520415553792
200,22.365973510141995
201,9.654843047109582
202,6.041000740351308
203,0.11911619217219471
204,6.267796825138999
205,2.4697610144149014
206,2.8355258492275186
207,1.9851792384056115
208,15.08613027904985
209,6.867621071711761
210,4.245107974871218
211,0.0896070462524101
212,4.675518165702942
213,1.8082807044460691
214,2.10414325123045
215,1.4292116738245415
216,21.764234794484448
217,9.810189805642642
218,5.786153635562677
219,0.12661914952219042
220,6.101148919665003
221,2.2629243128337198
222,2.8417812348943325
223,1.9171322613949187
224,14.43859551579672
225,5.9683421667894
226,3.7157023938664984
227,0.09547776213947602
228,4.1548448660398405
229,1.5594999086599155
230,1.7776033781294407
231,1.2361113953853746
232,14.704081220521124
233,6.375102408788782
234,3.9748604028890107
235,0.08564413407888545
236,4.495865986714896
237,1.6143158485228215
238,2.069746500770491
239,1.28573585279263
240,30.21141919681036
241,13.697408912538116
242,8.36969901145324
243,0.18802984014436264
244,9.120747551299862
245,3.21903055174139
246,4.233549824572335
247,2.6086568480150034
248,15.32457932485965
249,6.903496072543234
250,4.5607827176924856
251,0.08836641030776556
252,4.711657052513058
253,1.7428177760853374
254,2.1894596441986205
255,1.454342791505714
256,34.08335715759624
257,13.85748093219987
258,8.399580649638578
259,0.23510275812636708
260,9.255618620315301
261,3.3908048684324563
262,4.568448634530863
263,3.0047825568035957
264,22.525417976802608
265,10.158911606178368
266,6.263287945625038
267,0.14856081234568502
268,6.650945272868295
269,2.648732210247593
270,3.252036735216263
271,2.052446478741267
272,16.468787842077
273,7.368970954133474
274,4.623931096568308
275,0.11061619297760131
276,4.8986082799108335
277,1.8926691265142477
278,2.177246143979474
279,1.4899302870657036
280,43.727827343841156
281,19.04388755141463
282,11.597022414828785
283,0.28632209227898825
284,12.70362181917639
285,4.8873715708563745
286,5.840709072366665
287,3.920234244731799
288,19.01002762243668
289,8.706480508910381
290,5.4481081600846375
291,0.10095919620477369
292,5.796798351950072
293,2.2271065426102115
294,2.5848158100459444
295,1.7051660092125258
296,24.11743927485558
297,10.411710641661927
298,6.295316217278454
299,0.1591173266967943
300,7.127199769369194
301,2.7348408325119578
302,3.3283084966293983
303,2.121555584393558
304,28.344813552358275
305,12.388143259754337
306,7.643910808125644
307,0.14408116866233917
308,8.13484814655056
309,3.120497178752448
310,4.022810040739614
311,2.5247451368875633
312,21.415650220868304
313,9.188903911048733
314,5.658589149442681
315,0.11915828185540105
316,6.110466353131439
317,2.31187881681256
318,2.810010106673044
319,1.9688694556207778
320,23.279560535356683
321,10.711239017757185
322,6.320597164076319
323,0.13495984103758166
324,6.8457844869933915
325,2.5109701618406963
326,3.250574452377143
327,2.1729951633203983
328,14.881710482537645
329,6.575396350555717
330,4.03873883954674
331,0.10070093662098893
332,4.465811808884587
333,1.6178524461374997
334,2.0577261537114317
335,1.345670392906654
336,35.66677756574772
337,16.11354677148839
338,9.601319366099338
339,0.19526235665883798
340,10.201878975794962
341,3.924800628810465
342,4.771311784947835
343,3.1722267204477177
344,13.91904919921429
345,6.350437620856544
346,3.832545748419617
347,0.09134026783034224
348,4.033615648453834
349,1.5733590853933992
350,1.8969536942602845
351,1.3213690125320572
352,15.050557093725669
353,6.622655632472928
354,4.299817657938249
355,0.08957523332862215
356,4.700657451744385
357,1.7404228181072217
358,2.191386184644382
359,1.4169385720785115
360,23.33487673798136
361,10.397409562988665
362,6.144184697715781
363,0.1170851030872562
364,6.861606423722683
365,2.574092030130484
366,3.178134144829673
367,2.1437822650698717
368,25.952897238634545
369,11.583915352385969
370,6.80273831710046
371,0.15305930022838551
372,7.758752376313689
373,2.9929773316430537
374,3.66691840741458
375,2.47903772013769
376,17.553207127441432
377,8.207363867644716
378,4.7764071782133195
379,0.09865958794762926
380,5.444926236174999
381,1.9570543585152644
382,2.3637982796051
383,1.6630729676483973
384,18.87863535799394
385,8.450645906913165
386,5.273129459466947
387,0.10151370182335265
388,5.454204520314276
389,2.11297782949134
390,2.508366764836562
391,1.7064496574534542
392,53.406546578288854
393,26.263665165641896
394,15.23234540249596
395,0.3883829393522644
396,16.202859806248263
397,6.188450505316873
398,7.51041044680831
399,5.014035026489364
400,15.289483880620383
401,6.740115939624877
402,4.366098410773834
403,0.08887681021307502
404,4.7417409120532135
405,1.743386788274829
406,2.292810854344675
407,1.4151106820311947
408,19.69974031903222
409,9.082447109969207
410,4.2870921400906985
411,0.35304534509825797
412,4.482929281173395
413,1.8387590565711536
414,2.0492032347473343
415,1.4993860009177797
416,23.247175596963565
417,10.52388834019406
418,5.303531494157567
419,0.3494790003436967
420,5.723749263590421
421,2.296103959727332
422,2.4511196119955403
423,1.8385559538680818
424,21.660276783006992
425,10.083985495508532
426,4.93277012478268
427,0.35045894436001135
428,5.37474023774734
429,2.0756377720612313
430,2.412569957838868
431,1.7140254141526514
432,19.760826314831764
433,8.928158554363371
434,4.569546139292988
435,0.31893619737024764
436,4.619145991343495
437,1.7840244833526704
438,2.041132221081685
439,1.522773257171373
440,17.206005445922084
441,7.455137285284277
442,3.901281429900189
443,0.2740860277915564
444,4.278511004929941
445,1.6075027348247581
446,1.8829806955859651
447,1.3962463381823227
448,20.321681683194218
449,8.966649558094653
450,4.556865646209235
451,0.3021667835440805
452,4.700102157809861
453,1.7474051442444771
454,2.0785240482537586
455,1.5155543471357813
456,19.06134287749423
457,9.164726108989036
458,4.371592589282768
459,0.33569447177008693
460,4.884969027476657
461,1.8347682359070523
462,2.0350216567415695
463,1.574742915219626
464,27.617053712403003
465,11.975116491647
466,5.9826986838422895
467,0.45827913333746606
468,6.640875408879216
469,2.458467496322159
470,2.8576086264865155
471,2.062165883191762
472,33.08789919166285
473,14.983142194645064
474,7.0717330661973365
475,0.4779456009405182
476,7.888997812414714
477,3.0396401172991543
478,3.611561092947957
479,2.564879241525731
480,16.004444636275036
481,7.471188569137232
482,3.6143029207279413
483,0.26983488195412536
484,3.975836374390495
485,1.6128070953308453
486,1.8497183427296164
487,1.3557568943990472
488,23.227458239559404
489,10.628668132589297
490,5.194714817798424
491,0.38900172216937734
492,5.56162674487293
493,2.1313217990179893
494,2.436535663734604
495,1.8291822867300143
496,13.078836253255247
497,5.872210758544201
498,3.095075396072936
499,0.2981638695477681
500,3.1124341365929626
501,1.2081685082044797
502,1.4529759731010552
503,1.0276780871328217
504,16.96533388584034
505,7.691688125087394
506,3.941722492887128
507,0.2891806779681597
508,4.164341730087644
509,1.6162653350725364
510,1.906184819728184
511,1.3953545907261518
512,19.23408181112858
513,9.069584358013135
514,4.439165447080439
515,0.32252200452948415
516,4.551619489380485
517,1.8512910653620698
518,2.0534280567648393
519,1.5675216630186015
520,22.301834294261283
521,9.890324486438901
522,5.013793319856453
523,0.36741751876201
524,5.223055588146468
525,1.981414738477564
526,2.3206078349554815
527,1.750191306297463
528,29.667291312193317
529,13.515750920939807
530,6.7711065657882346
531,0.4618843005403543
532,7.254835469654869
533,2.8160289688798854
534,3.178429750308468
535,2.3125353438540652
536,16.655580174253394
537,7.866363015987535
538,3.9295824662575867
539,0.28138683890731186
540,4.212073559838554
541,1.6463240580982528
542,1.8804763324667557
543,1.4371956900311729
544,45.92681513274497
545,19.817230052772167
546,10.434549916448944
547,0.6901668151640092
548,11.501863592292722
549,4.425167096338033
550,5.318243583805245
551,3.706009942591555
552,21.514859544093184
553,9.916235132815782
554,4.750995066621353
555,0.3257449484904973
556,5.09691016124551
557,1.9399863423202393
558,2.202546335848243
559,1.715007205864166
560,28.288473986283144
561,12.602363072622955
562,6.33526806534839
563,0.4141890817680963
564,7.011407496678683
565,2.5518719169444
566,2.966312826866747
567,2.1614621404347547
568,42.9410590009208
569,18.66647949793036
570,9.246035739443203
571,0.7198737765571399
572,9.657040645447852
573,4.0870148867435265
574,4.509494726692771
575,3.2601009016815072
576,37.99163939171367
577,15.855686276540682
578,8.614103549874958
579,0.5582835336064614
580,8.922284899338882
581,3.3388253156759724
582,3.992621793946449
583,2.7390605800986276
584,23.504542324866367
585,10.213633947153847
586,5.458281416592856
587,0.35886200615367175
588,5.516550544380589
589,2.1073893813821507
590,2.473156883191079
591,1.812977225076302
592,17.03200182777413
593,7.549369244009416
594,3.6726255413207993
595,0.2684783890245359
596,3.8701643589159747
597,1.604165583329467
598,1.805227268445436
599,1.265892088294187
600,32.024937794116205
601,14.080775435797166
602,6.475417713544825
603,0.4304986509509569
604,7.350644112995167
605,2.696353402605451
606,3.366616642595783
607,2.301666817487946
608,23.994291436644104
609,11.24361226054816
610,5.407165895460221
611,0.3628998482058103
612,5.674354309780682
613,2.2905926053691004
614,2.5631954602242537
615,1.9737906560263014
616,17.70507827438794
617,8.139871523732483
618,3.9341933213340843
619,0.27872947392335334
620,4.144035428629167
621,1.675932983907859
622,1.8631589997879425
623,1.34305442921113
624,23.26374856532009
625,10.615086535920344
626,5.245479977713192
627,0.3355785274921804
628,5.460928691326127
629,2.0395515532021697
630,2.4528881540202536
631,1.8458131295008224
632,16.168676249306944
633,7.209311442125893
634,3.5996522758302967
635,0.2788047239518228
636,3.826490022493251
637,1.4839567832637517
638,1.6912201253356
639,1.2066092095708518
640,16.539138744678503
641,7.513521342843276
642,3.723507301860733
643,0.261096321830804
644,4.013871785785573
645,1.5453399252683064
646,1.8126190787083116
647,1.2614201368781592
648,34.78284766482188
649,14.925860137736532
650,7.808369051242804
651,0.4680146991162927
652,8.76269291695451
653,3.1556212481329418
654,3.798644345984929
655,2.6222874889865735
656,17.596100662639778
657,7.928878054315129
658,4.057333882081251
659,0.2607160929515084
660,4.340709528095194
661,1.604388173879971
662,1.9118490749305106
663,1.3912742341968756
664,37.41252870635072
665,16.55843993390186
666,8.369469460474924
667,0.7268393773829667
668,8.244006827745029
669,3.337645482673389
670,4.044712395724041
671,2.936744956633648
672,25.613767454247192
673,11.49500838446163
674,5.911193690206448
675,0.4175948674405196
676,6.197999475339865
677,2.397298012069412
678,2.705089835749277
679,2.0451692552954204
680,18.214740996014978
681,8.470949176752919
682,4.270677115878248
683,0.30434102736937274
684,4.407253689092189
685,1.7607124887317922
686,1.942172958330182
687,1.445964277136935
688,50.31353618234371
689,22.168619317179246
690,10.95219657027947
691,0.8294967675729816
692,12.22048813696279
693,4.882888831803356
694,5.350946693222638
695,3.8303696971626504
696,21.0824996550375
697,10.285629007667447
698,5.194765074921988
699,0.3475408543752019
700,5.4682923871683355
701,2.088107061213465
702,2.3797818638676014
703,1.7206840263287446
704,27.887718289228904
705,11.89687683990367
706,6.221957061642899
707,0.4174732197248336
708,6.708449475544613
709,2.5801226704993905
710,2.851172121270917
711,2.0619038455057215
712,32.55231987025967
713,13.757480238909842
714,7.21568508393981
715,0.4798761754160721
716,7.717501024799267
717,2.916973948522203
718,3.4979958503106108
719,2.416330736714158
720,23.783962640483374
721,10.367227482181175
722,5.219247242280077
723,0.35188131383758164
724,5.613082616460018
725,2.203611678895792
726,2.405340964111833
727,1.839074728492582
728,25.71179463598063
729,11.59851127540381
730,5.67499109522284
731,0.4420020161372866
732,6.041359006802217
733,2.238558235176471
734,2.5908642494177427
735,2.1063130740692353
736,16.584758737116974
737,7.778489942331985
738,3.7956431493397647
739,0.2870027713381096
740,4.014246358165373
741,1.491257683932309
742,1.825791065536931
743,1.26383234484994
744,40.705464581997305
745,17.8611331295351
746,9.099501618499891
747,0.5515318563241772
748,9.499007496990597
749,3.7256100789309965
750,4.316413584645653
751,3.1967528036552872
752,16.003503789198554
753,7.30253700769763
754,3.4894637194973352
755,0.28814413733658367
756,3.727436238370604
757,1.4640230916596961
758,1.6534030868113654
759,1.2919042594107575
760,17.81135203484053
761,7.8275256088280845
762,4.119488769874755
763,0.2921416976756046
764,4.236814219411252
765,1.6703356705389074
766,1.9141115445340673
767,1.3912396869880748
768,26.76173788861662
769,11.743460627676518
770,5.586376100794071
771,0.4114212372501874
772,6.289967556000527
773,2.3300787685158184
774,2.7138058188022067
775,2.003490403065108
776,29.87814387930237
777,13.469328237575665
778,6.435616605659547
779,0.408100511754598
780,7.160019691862789
781,2.8121280431969047
782,3.310864388057066
783,2.430777555163616
784,20.230506597486606
785,8.703589649967967
786,4.334728605794365
787,0.2685043075133834
788,4.832262443674676
789,1.8066035611130384
790,2.127729589741429
791,1.5331655947077478
792,22.275015739086946
793,9.82507622782556
794,4.833438265238348
795,0.29926465081893905
796,5.024241598875554
797,1.9296595976986914
798,2.189371566778496
799,1.656184090420289
800,62.060874080408745
801,28.502629772988175
802,13.819432808025727
803,0.9025771572787191
804,14.608714090831235
805,6.12584413903245
806,7.2185908547941775
807,5.236313296700805
808,17.60173427146585
809,7.824551522284721
810,4.026291432239271
811,0.29394266784344675
812,4.201791326251918
813,1.649099171955019
814,1.9260865526353317
815,1.4183241733129914
816,17.94555773759367
817,7.894487264155366
818,4.934719598540944
819,0.0848044340154981
820,5.449678706535213
821,2.0426604180889254
822,2.4489461179535583
823,1.5766536298262805
824,19.74457269773468
825,9.309267715405436
826,5.670565853487678
827,0.10620140680198273
828,6.402998969365606
829,2.414757301534825
830,2.9296246951153826
831,1.841578902309705
832,18.69205541531413
833,8.600009304588017
834,5.166746717362201
835,0.10084251586327422
836,5.58088206443915
837,2.17680094313345
838,2.626757033043918
839,1.712624388662173
840,17.29439280288287
841,7.748985299443324
842,4.956551414464654
843,0.11406442675004404
844,5.181294604647594
845,1.9018190943586821
846,2.4419458271660233
847,1.4977543335276393
848,14.779262983415824
849,6.739310556183477
850,4.435155536799821
851,0.0856622371957877
852,4.805958566690678
853,1.6857959356807044
854,2.1148443516742494
855,1.4135351282893198
856,17.204905704823123
857,7.897798181938995
858,4.853236860761917
859,0.09487430579271007
860,5.130799342758602
861,1.7814550453797944
862,2.301216312408476
863,1.5035828857000888
864,16.541759047640813
865,7.8508919137748325
866,4.755029494463807
867,0.10496680798249271
868,5.27040621930207
869,1.8985952803737718
870,2.36730756022261
871,1.5428256719046414
872,26.163049213721337
873,11.605277885987734
874,6.905259634943941
875,0.17815190433672495
876,7.655863950290628
877,2.706083113018576
878,3.3640817517014066
879,2.1312524185691952
880,27.50597257085397
881,12.496859900084319
882,7.405843002673301
883,0.15797968429926057
884,8.192433152839296
885,3.1176073791923615
886,4.004234857562838
887,2.398709647851273
888,14.537251718099828
889,6.898458163031913
890,4.21474096969976
891,0.0655089802639823
892,4.572144036734098
893,1.640738022474885
894,1.984920710681903
895,1.3017010612962046
896,20.20893183498684
897,9.186540663598471
898,5.621907744627331
899,0.12131301634945323
900,6.181734277155986
901,2.296052359397584
902,2.742268433556879
903,1.8471568592458512
904,12.827851309323757
905,5.421916649626461
906,3.2952694335309625
907,0.03885397194270434
908,3.7218216782717675
909,1.3585977033141925
910,1.6967419343287522
911,1.1103493831026012
912,14.680405371914791
913,6.5312642552163735
914,4.288787542115848
915,0.08081207650952618
916,4.777005858907926
917,1.7358559483683613
918,2.0852850047810745
919,1.400483228623328
920,16.681413754376386
921,7.659829116462455
922,4.7720446069204545
923,0.09378259379875327
924,4.925530658497572
925,1.8739427840182006
926,2.2980893977468306
927,1.5895381949067189
928,18.991172173724593
929,8.249903434250784
930,5.341342947301994
931,0.11700465623919953
932,5.499581414488864
933,2.0112514370017522
934,2.551679178976506
935,1.7460877058980357
936,25.976728159239773
937,11.730906677490673
938,7.237363632129481
939,0.14342371289020944
940,7.9009696444624575
941,2.937245291085275
942,3.62188534104151
943,2.241443911987848
944,14.445937216718134
945,6.775004415340266
946,4.4389017064400145
947,0.09598470559168787
948,4.725245782888083
949,1.7586467633299097
950,2.0944119700508694
951,1.477946504329664
952,39.770093738705945
953,17.84662356263698
954,10.812322250864483
955,0.28285723073416646
956,11.958467529198016
957,4.4985394964907846
958,5.479551903919893
959,3.5797972923247094
960,19.275452780188143
961,8.586557697739545
962,5.324945297964467
963,0.10392842530034768
964,5.688303227499307
965,2.069442275437456
966,2.642739944680762
967,1.7466419413161687
968,24.325752435319846
969,11.755080699581885
970,6.385364859815726
971,0.17074399291943937
972,7.157724302244159
973,2.557624792792211
974,3.254549007323214
975,2.0586507922784776
976,36.41157384495789
977,15.968266214201085
978,9.735597292058298
979,0.22624000571255004
980,10.348520390695164
981,4.114679254903702
982,4.7446896436500765
983,3.2067427055064353
984,31.66520920880049
985,14.235690872351963
986,9.260087083800384
987,0.2342958393874773
988,9.318334369506672
989,3.490760531101336
990,4.218168193947204
991,2.685680691279415
992,20.460431497959824
993,9.12118895124873
994,5.562154115848924
995,0.13447795833809198
996,5.889705473273151
997,2.2553973721095546
998,2.7088753620406525
999,1.8255237783565654
1000,14.317778193428392
1001,6.380810357613223
1002,4.063247265213945
1003,0.07982948587487099
1004,4.415151796556134
1005,1.6605135045839183
1006,1.9823204151026488
1007,1.312939746415736
1008,27.335558928523955
1009,11.792869203093376
1010,6.872142141435907
1011,0.15190678670747348
1012,7.815749309391854
1013,2.838941934959021
1014,3.5871091458841935
1015,2.2929129569780935
1016,20.610708621313204
1017,9.322473087062972
1018,5.859108604305565
1019,0.11071138154803416
1020,6.008564432884175
1021,2.2739728768827034
1022,2.763720813200002
1023,1.8853150470217046
1024,15.310231676450345
1025,6.856690992213357
1026,4.2947990510897105
1027,0.07995036639715364
1028,4.579644486290608
1029,1.6991484473913239
1030,2.0476935004853885
1031,1.3725387280531263
1032,20.66904661501018
1033,9.753563697923067
1034,5.671405978599658
1035,0.1123961595625985
1036,6.057466828240516
1037,2.272046750460939
1038,2.7723397765394884
1039,1.8552435865864425
1040,13.534453298925321
1041,6.332637554840298
1042,3.8174972334134334
1043,0.0552006620101525
1044,4.314777479130415
1045,1.5396018415358461
1046,1.8659551563139538
1047,1.2833750448131402
1048,14.34313804842947
1049,6.247164697207628
1050,4.006673382709291
1051,0.07945515849052603
1052,4.573402017882469
1053,1.6376979377732483
1054,1.9690323404879206
1055,1.304669686188516
1056,30.065844311352276
1057,13.372991167941011
1058,8.239792991832134
1059,0.20003226519557546
1060,8.75114805124955
1061,3.260202427444078
1062,4.061453443194489
1063,2.6035067017045184
1064,15.414391285559628
1065,7.069748289992092
1066,4.361340418529566
1067,0.09119921285125805
1068,4.791013767823554
1069,1.7349752912534113
1070,2.127926817874131
1071,1.3946238409522909
1072,32.25338628238553
1073,13.678572365542138
1074,8.608921040765235
1075,0.21182861741540981
1076,9.046367532544856
1077,3.42305710323843
1078,4.438929884613785
1079,2.81548665892184
1080,22.82099855985538
1081,10.29992064396931
1082,6.217158877937042
1083,0.14177496155896127
1084,6.678440390617323
1085,2.5566432091343265
1086,3.006103399893108
1087,1.9843777699191583
1088,15.616830071667973
1089,7.262479591021287
1090,4.586452504802496
1091,0.08789197678139314
1092,4.983921075629968
1093,1.824522785077264
1094,2.17148180214772
1095,1.4431868124978227
1096,43.32180749494264
1097,19.89103360640958
1098,11.577684265985766
1099,0.33088410344416197
1100,12.590228640513274
1101,4.751069292854888
1102,5.57501658449685
1103,3.852187785227395
1104,18.918340739454248
1105,8.660780501337596
1106,5.414795980478189
1107,0.08432756149593067
1108,5.6401786386268125
1109,2.102173380033075
1110,2.509200230140114
1111,1.696266559771594
1112,23.56273761328276
1113,10.775603898995454
1114,6.539912750865011
1115,0.1582011185806589
1116,6.960140972484038
1117,2.6317337675026717
1118,3.319049324216005
1119,2.1162269550497714
1120,28.24635698848636
1121,12.312458488853894
1122,7.4463722534613455
1123,0.16942288310248166
1124,8.157447773467966
1125,3.022714223169014
1126,3.775679808917781
1127,2.4067656893714857
1128,20.162587519658867
1129,9.130097840390357
1130,5.730733634517833
1131,0.11831271405601461
1132,6.203801093886484
1133,2.3199513507960905
1134,2.7845291294383125
1135,1.8857596202075597
1136,21.84513326545269
1137,10.017761955345293
1138,6.266894950641487
1139,0.13264390634903042
1140,6.506748379788601
1141,2.459944835163386
1142,3.1193843459015898
1143,2.130924745694635
1144,14.841349143508094
1145,6.507175806892841
1146,4.037539485445654
1147,0.08114298602311475
1148,4.40870776726251
1149,1.5404740302726205
1150,2.0275003278564476
1151,1.298230798934678
1152,33.20692042214528
1153,15.466058469211314
1154,9.403412750311823
1155,0.23197698017191656
1156,10.081352636864084
1157,3.875519239038081
1158,4.549023588077224
1159,3.213518351793472
1160,13.828169658674902
1161,6.387861918860941
1162,3.8503586467766358
1163,0.061054945461089305
1164,4.015469397165769
1165,1.4881303255097305
1166,1.8115095011617497
1167,1.2135526721523582
1168,14.647391707166292
1169,6.493150817416957
1170,4.360680503063513
1171,0.09727991212263036
1172,4.654335119329961
1173,1.7357238264922725
1174,2.058367433587206
1175,1.4087561893739962
1176,22.270615953472642
1177,10.126162622888033
1178,5.98640836759326
1179,0.11857973750663174
1180,6.54264552618887
1181,2.525220222597313
1182,3.027620296916131
1183,2.0834791337534906
1184,25.094339916793977
1185,11.382222644849408
1186,6.71469971204253
1187,0.13945789842583736
1188,7.352609779878368
1189,2.915577777656825
1190,3.594125411516833
1191,2.329544313442476
1192,17.459875351897335
1193,7.990153925948621
1194,4.6203569553161605
1195,0.10070765650743321
1196,5.160636205368867
1197,1.872135072249447
1198,2.430573572347721
1199,1.5072465051862995
1200,19.16354186868696
1201,8.319320210910302
1202,5.175078712625225
1203,0.0910022872156689
1204,5.406099562985291
1205,2.032293779205366
1206,2.496164389385886
1207,1.6195373141028182
1208,60.35306958258529
1209,26.912128363887884
1210,14.719910445145363
1211,0.475406261322682
1212,16.196520791139484
1213,5.906978372110494
1214,7.427885155868674
1215,4.83199661885909
1216,15.177599084834613
1217,6.669552752685097
1218,4.438181629185329
1219,0.09102677014254745
1220,4.59568005779401
1221,1.770438050257973
1222,2.2222777353303362
1223,1.4029224915421836
1224,19.023420826625205
1225,9.065352286875493
1226,3.7755881492432364
1227,1.3498924396605465
1228,2.8594111907387614
1229,1.653583819812006
1230,1.6412863667963136
1231,1.457090116695329
1232,21.898840501740512
1233,9.994980654332743
1234,4.502609512505286
1235,1.5853349241051087
1236,3.4358481697854577
1237,1.9145587671778261
1238,1.9696374345235395
1239,1.7422739057649717
1240,20.403318909081367
1241,8.867008804085433
1242,3.966936553748972
1243,1.5395895761214422
1244,2.8006913338757182
1245,1.787285428071529
1246,1.720263574059686
1247,1.5736179636242946
1248,20.115890661943013
1249,9.203399243426526
1250,4.109933692942408
1251,1.3997596630695934
1252,3.0581808928236742
1253,1.7011430309834574
1254,1.8831135488429482
1255,1.5386903571357864
1256,17.233301477929103
1257,8.043889321728232
1258,3.567506662962278
1259,1.3328405722906338
1260,2.747446986382547
1261,1.4909284948750445
1262,1.593019621964716
1263,1.3616623605439329
1264,19.04046936640598
1265,8.503203338766008
1266,3.52087567851434
1267,1.4107726315382745
1268,2.7484362508737816
1269,1.5499249471649261
1270,1.7194986198133115
1271,1.4713160269774723
1272,19.30008207360597
1273,9.27655087016721
1274,3.995019818511315
1275,1.3804690153327175
1276,2.952480893905453
1277,1.7225411318291075
1278,1.7873303564451932
1279,1.5184911671999464
1280,26.731322422724265
1281,12.140106533603838
1282,5.035284238385921
1283,2.0072028537521374
1284,4.113998249707768
1285,2.298369465698414
1286,2.2663377574194983
1287,2.043439893924121
1288,32.30888411596066
1289,14.352101604744119
1290,6.240635444211116
1291,2.346966055971731
1292,4.842149312189601
1293,2.7713263412861444
1294,2.8061300002546803
1295,2.6345008301667403
1296,16.429557343449293
1297,7.984629939043069
1298,3.1917428205742975
1299,1.2010801730278622
1300,2.702527001246564
1301,1.4726068035495166
1302,1.5316300419686697
1303,1.308104776645556
1304,22.5929261969468
1305,10.948195733946836
1306,4.6677038232723085
1307,1.6138996462227773
1308,3.472922768987984
1309,2.0697846018436263
1310,2.1264599085243003
1311,1.8540032407240432
1312,13.651905943788394
1313,6.0050598963226465
1314,2.736028534744476
1315,1.0494791397949257
1316,2.1558865153000495
1317,1.2147644402011872
1318,1.2577324989742467
1319,1.1204808711563956
1320,15.69759892854181
1321,6.757892462056686
1322,3.0980583548721574
1323,1.2756537198797673
1324,2.252646932248048
1325,1.376126151136649
1326,1.3959266914425548
1327,1.2869808982291475
1328,17.274450259731573
1329,8.245576924044466
1330,3.5201685598181602
1331,1.4066361963092042
1332,2.4174069631938293
1333,1.5540625509853534
1334,1.5411428853785278
1335,1.4944638265254981
1336,21.190966103842996
1337,9.832043091354624
1338,4.40858030708109
1339,1.4891184573866414
1340,3.203505104573634
1341,1.790815083190432
1342,1.9245265373412903
1343,1.6449163856669704
1344,28.103058059466292
1345,13.070522556990097
1346,5.760558775646675
1347,2.188052704999111
1348,4.258066740394596
1349,2.54489315852205
1350,2.5172311508550815
1351,2.2675240066023554
1352,15.954748424025674
1353,7.4282273861353865
1354,3.2539022645655185
1355,1.2772674718092598
1356,2.3535891340160173
1357,1.427681226554645
1358,1.4740793741252802
1359,1.3935335081104074
1360,43.9168592785802
1361,20.10896212446155
1362,8.284453790136228
1363,2.987692029260844
1364,6.708404570328836
1365,3.789557017659677
1366,3.9158963322273292
1367,3.323457769462814
1368,21.70668988151096
1369,10.482992862098781
1370,4.268227534776355
1371,1.493215923068694
1372,3.3957982340314294
1373,1.9151370817423587
1374,1.9599825353507192
1375,1.7084744839652004
1376,28.66989600391049
1377,13.038485798237396
1378,5.397533470129179
1379,1.8766120961977597
1380,4.336673239761631
1381,2.4209966049896194
1382,2.543549336918067
1383,2.1592162819365295
1384,40.60797127098647
1385,19.06723397450151
1386,7.608824407288699
1387,2.8723535685130788
1388,6.190131533165322
1389,3.6857827481530094
1390,3.4571938458607128
1391,3.279187573183584
1392,32.82210193667681
1393,14.153598149764502
1394,5.890331941937604
1395,2.4345209302960398
1396,4.595028222745075
1397,2.7520171783210756
1398,2.8394847961975214
1399,2.4205570404879664
1400,22.656811812562367
1401,10.683516405225156
1402,4.58724340850136
1403,1.6230089290371712
1404,3.479022055633892
1405,1.917142935131686
1406,1.985013417855906
1407,1.691500662917132
1408,15.690008096250901
1409,7.220352711288924
1410,3.08462049684478
1411,1.253222520430609
1412,2.490228956471994
1413,1.4168551190660745
1414,1.4203757574774598
1415,1.2518513879560629
1416,28.829504410542704
1417,12.584028952640198
1418,5.601340293585262
1419,2.1805634413236112
1420,4.148165950985484
1421,2.3281994068741376
1422,2.3681559885199874
1423,2.2148095417273352
1424,23.7283989555366
1425,11.016824732963565
1426,4.823535710111725
1427,1.5835899817937245
1428,3.5783229250078423
1429,2.110144016282604
1430,2.107418123101127
1431,1.8915103438218457
1432,16.032521762711067
1433,7.3595758854688675
1434,3.1250588106907227
1435,1.2774107203810554
1436,2.3732925403642917
1437,1.405336539164143
1438,1.4011584899423832
1439,1.3049673608744792
1440,22.172563661186288
1441,10.656538270290406
1442,4.610561933458436
1443,1.6324195764072356
1444,3.4611688692997085
1445,1.9381411278519038
1446,2.0808401127563885
1447,1.8293926925756567
1448,14.352639401521479
1449,6.450966573699735
1450,2.835298830193447
1451,1.1165023567148367
1452,2.1478093665518556
1453,1.2956837849590521
1454,1.291526560100738
1455,1.2164489441731672
1456,14.780368976524056
1457,6.673052079630686
1458,2.877753232776738
1459,1.1409209851435276
1460,2.1217369206982237
1461,1.30542590019468
1462,1.3255644947772602
1463,1.194588772621898
1464,33.34984703516827
1465,14.630521323748683
1466,6.018613873237026
1467,2.30855762499915
1468,5.068868608828298
1469,2.7295023833562513
1470,2.9219654757952176
1471,2.5204319446048546
1472,17.259106534223392
1473,8.085164383126807
1474,3.562885169268336
1475,1.2922813664504411
1476,2.7610178965882843
1477,1.501976160165684
1478,1.6024262170105397
1479,1.3824934028066684
1480,35.37591006828867
1481,15.656066035048955
1482,7.653248205460859
1483,2.35317041131155
1484,5.352352022741411
1485,2.962320212552952
1486,3.1308386590114865
1487,2.870804308571421
1488,26.050092016998295
1489,11.608043020359883
1490,5.3394942373493075
1491,1.7922131412637767
1492,3.9691709517812668
1493,2.2164913359221847
1494,2.291552685399311
1495,1.8951961143277767
1496,18.89772532958593
1497,8.737567291011898
1498,3.83663786342105
1499,1.33411556081497
1500,2.8501734805055543
1501,1.6152469876845243
1502,1.6256984641279406
1503,1.431509439186259
1504,47.06683381532545
1505,22.081852629384734
1506,8.826678385211318
1507,3.366735300841202
1508,7.202768647845166
1509,4.241573484821645
1510,3.999605034244474
1511,3.7452292862004195
1512,19.517780117513798
1513,9.164362090345056
1514,3.946167848746505
1515,1.4639440942051507
1516,2.8885402460032594
1517,1.7615002853484534
1518,1.6756294144625785
1519,1.5182889431613131
1520,27.951538519614672
1521,12.291142304762836
1522,5.2525982087764564
1523,2.0180510280681547
1524,4.116072816311694
1525,2.4208713203145393
1526,2.390960906108769
1527,2.0999875415050235
1528,31.949117167354256
1529,14.464438342333196
1530,6.48805924051346
1531,2.2403614164502224
1532,4.8510684455537705
1533,2.6804146547524463
1534,2.799124475113948
1535,2.4267048849639163
1536,23.5749684216024
1537,10.579212478720642
1538,4.501557180133176
1539,1.6314577079597452
1540,3.5535495377541544
1541,2.0302906841680257
1542,2.156533713292037
1543,1.8254528299760548
1544,24.15195027421176
1545,10.919109077142116
1546,4.721950864626311
1547,1.7723682050778613
1548,3.4983476758264755
1549,1.9718282022069904
1550,2.0722873371916815
1551,1.9343551340399254
1552,15.225566431947355
1553,6.72942597313081
1554,2.9755452378887233
1555,1.168503644916987
1556,2.1361315075877676
1557,1.281799352562306
1558,1.344712495047307
1559,1.2106259220415345
1560,39.65357163325962
1561,18.221860420245644
1562,7.737558686342001
1563,2.952557170657644
1564,5.996775155981749
1565,3.3663112474285155
1566,3.2393231029751317
1567,3.093794155582183
1568,15.814824711578678
1569,7.159094590357082
1570,3.1270326524915113
1571,1.2245424436835541
1572,2.515414051686773
1573,1.393320025560677
1574,1.4137960852659148
1575,1.2747561677137076
1576,15.801122187323573
1577,7.0192895719425135
1578,3.1296515190031857
1579,1.2640772063467502
1580,2.2967353923831286
1581,1.400458225058513
1582,1.4114137383902718
1583,1.2911697823235493
1584,25.518326022633318
1585,11.132868045235297
1586,4.648153265105898
1587,1.8202218181210097
1588,3.82570691007554
1589,2.160021552522648
1590,2.1447187283191305
1591,1.88450191967322
1592,24.85712640493212
1593,11.579959692093828
1594,4.684370503467204
1595,1.9393137602514978
1596,3.5830462328222343
1597,2.2219509548224994
1598,2.342723455471387
1599,2.128167568760947
1600,19.15627093204742
1601,9.034498404061777
1602,3.7997022764009594
1603,1.485168679831162
1604,2.906198545646459
1605,1.6845943867992668
1606,1.7816934286372872
1607,1.5401796880550809
1608,19.655958851047636
1609,9.245310750926325
1610,3.923184365200924
1611,1.4998962656164463
1612,2.812861290377855
1613,1.788082731215295
1614,1.6979833741704429
1615,1.6248560034754849
1616,57.93284109432493
1617,29.654830401541616
1618,12.212655775961354
1619,4.399098667770597
1620,9.212901909594292
1621,5.4258205463961335
1622,5.478684922077522
1623,4.975169981120353
1624,16.107093777519474
1625,7.364230127778882
1626,3.2346599269785323
1627,1.2891845510578401
1628,2.3443325799866317
1629,1.4246759721784068
1630,1.4954277992599425
1631,1.3280697775431909
1632,19.917254986651383
1633,9.551264885894069
1634,4.323846420760825
1635,0.8838660907146452
1636,4.001905206052072
1637,1.8303498307612724
1638,1.9222072038665865
1639,1.516928829611579
1640,22.687849881494827
1641,10.888640458710475
1642,4.988203640562569
1643,0.8406425993348583
1644,5.038297613730894
1645,2.120279201286588
1646,2.2889690894397865
1647,1.804593064350616
1648,22.107588026867177
1649,10.060365416064572
1650,4.6617431540322585
1651,0.7080356358697923
1652,4.49983709872875
1653,1.9000808423142752
1654,2.1316783371865045
1655,1.6053662457012183
1656,20.259796496464055
1657,9.49510372289939
1658,4.405135567033521
1659,0.7183619638535829
1660,4.071736526447717
1661,1.7027214593116218
1662,1.942532184850042
1663,1.4922691381392763
1664,17.87610308741422
1665,8.338640169786373
1666,3.7898865242872994
1667,0.7533215454393355
1668,3.669065365416029
1669,1.561175230780317
1670,1.7444939633803054
1671,1.365572503549353
1672,20.14647597054041
1673,9.135668204986418
1674,4.0887849697620915
1675,0.6110372918033324
1676,3.8593332634505515
1677,1.6057344449381579
1678,1.8176257736705532
1679,1.4181318097946345
1680,19.68566409321424
1681,9.722443647854991
1682,4.382536794554099
1683,0.7891932310753244
1684,4.269179172403415
1685,1.7781004275051788
1686,1.9639751844396134
1687,1.566974118401168
1688,27.5943313298998
1689,12.773935841932373
1690,5.61298325532814
1691,1.1465426924476523
1692,5.5011487029633
1693,2.4103940974397586
1694,2.5591550997109893
1695,2.0810127888158645
1696,32.51250792932265
1697,14.800246122514505
1698,6.794473818013994
1699,1.1357650723790302
1700,6.5390871453865715
1701,2.9328994004565256
1702,3.335281899140724
1703,2.4653416397675394
1704,16.937152945829048
1705,8.007613538340387
1706,3.5630428051537577
1707,0.6523516582349331
1708,3.6051463629174183
1709,1.4942433505839794
1710,1.682987579214178
1711,1.2673388188386783
1712,23.473616520941512
1713,11.12847874104212
1714,5.0068673477967955
1715,0.8656216031538075
1716,4.757523091523705
1717,2.0263607950710516
1718,2.32880233132256
1719,1.8444572817993663
1720,14.264557087414266
1721,5.827011353478802
1722,2.90735184952893
1723,0.6922197995594096
1724,2.6130464701867733
1725,1.216553304414001
1726,1.3699059766548778
1727,1.0667329876947556
1728,17.40619332281682
1729,7.855454328756074
1730,3.867804212215812
1731,0.7273601461827455
1732,3.6521334359250637
1733,1.5941552406349035
1734,1.7875347137032251
1735,1.4118799014736538
1736,18.687167254879615
1737,8.923499733375298
1738,4.0624440198198535
1739,0.7357613605008018
1740,3.793263288922918
1741,1.6775245989298837
1742,1.7808663351991763
1743,1.4673834163986197
1744,23.493440150976447
1745,10.538965470072002
1746,4.855075315187679
1747,0.8427322530433025
1748,4.5272179049942975
1749,1.9756510890158032
1750,2.2100654173862284
1751,1.7315848221084795
1752,29.40321256196716
1753,13.200175386406329
1754,6.4431042796277325
1755,1.075096081129519
1756,6.0122731769634274
1757,2.711773419466607
1758,2.9583580808802337
1759,2.2732375534662816
1760,16.96928965316703
1761,8.142546889689319
1762,3.7935799097518372
1763,0.6909792622940886
1764,3.6434377438538976
1765,1.5518919663232174
1766,1.7104445301396203
1767,1.4164955054365234
1768,46.254053702877016
1769,21.128735528607052
1770,9.568305924642896
1771,1.5814899867218841
1772,9.428506095060165
1773,4.261041271824474
1774,4.767367682425906
1775,3.4596673681902796
1776,23.033855477711395
1777,10.51731655939806
1778,4.708264661706558
1779,0.8636436501593562
1780,4.505098992002473
1781,1.9476176979913988
1782,2.1068513564065845
1783,1.7962470294637292
1784,28.245631390708112
1785,12.879770600649753
1786,5.651481839450106
1787,0.9566851308248948
1788,5.606358211052476
1789,2.286108089031572
1790,2.6631629023362446
1791,2.0265768376167004
1792,42.638598721994086
1793,19.98922407154602
1794,8.587072160957202
1795,1.585727716601679
1796,8.220531826253888
1797,3.7343754640613964
1798,3.9618884127999388
1799,3.2701400610410025
1800,36.870667706154535
1801,16.057476743487484
1802,7.832463322850506
1803,1.3501700425277001
1804,6.9955082196279506
1805,3.062031920490981
1806,3.4600281707570484
1807,2.5673959151831265
1808,24.61381198896417
1809,11.51553988774411
1810,5.149394820014588
1811,0.935848370585931
1812,4.906202918127724
1813,2.0185718157749206
1814,2.2474251463154
1815,1.800520695747567
1816,16.72527217182807
1817,7.766800924061658
1818,3.4507490987398435
1819,0.6866540440650767
1820,3.3383039216470594
1821,1.5355996378835333
1822,1.6612366647187184
1823,1.2402115840782286
1824,30.70538356190769
1825,13.817417076363698
1826,6.310023576088877
1827,1.0101269139400457
1828,6.023698852307757
1829,2.5924131998766535
1830,3.0399847542887657
1831,2.2572836394655686
1832,24.698117984406476
1833,11.440112811050055
1834,5.195029421754546
1835,0.8503784700536939
1836,4.834933570928162
1837,2.0848345622901445
1838,2.3022360599037137
1839,1.8498332479149084
1840,17.32661043508222
1841,8.127585860610456
1842,3.6831008514346983
1843,0.7142655054486894
1844,3.573289171115353
1845,1.566037707912324
1846,1.7189981873649165
1847,1.3485833944675085
1848,24.174170947359496
1849,11.35574001688981
1850,5.043306275797303
1851,0.878032350356078
1852,4.719440134272932
1853,1.9912426286175178
1854,2.2949141623698686
1855,1.891382948763063
1856,16.29133733883156
1857,7.053985874337797
1858,3.312898366647764
1859,0.7062791039341166
1860,3.1766669382417856
1861,1.4217496264546343
1862,1.520883689001314
1863,1.180465373348802
1864,17.36963218355557
1865,7.509023820915112
1866,3.5706923817990366
1867,0.6958401834653235
1868,3.5058327306210573
1869,1.4813534763346037
1870,1.7227496531119846
1871,1.2573095376260726
1872,35.04758064598741
1873,15.67523998611024
1874,7.264507035342765
1875,1.174426900748448
1876,7.00934072632669
1877,2.946070156993658
1878,3.4431943470271853
1879,2.542125319015832
1880,18.816371328951497
1881,8.564498891390327
1882,3.8974210830553124
1883,0.7872666399325895
1884,3.617828404026658
1885,1.5851643800207156
1886,1.810876071719148
1887,1.4180693400411708
1888,41.51690983576675
1889,17.561438807730422
1890,8.487558931145433
1891,1.5467188019985485
1892,7.5483362253640225
1893,3.309692435133844
1894,3.862893634992376
1895,2.9320432049261846
1896,25.93747806609277
1897,11.771056303759648
1898,5.488277017555962
1899,0.8865923388172929
1900,5.095303385103736
1901,2.3132354974699765
1902,2.5498420282758447
1903,1.9182982722226312
1904,19.67371660943931
1905,9.012900997319086
1906,4.0336461723586
1907,0.7957314502263986
1908,3.813151140068389
1909,1.6986326144572883
1910,1.8191310894496326
1911,1.4763575015955432
1912,49.56758589931237
1913,22.097859316979626
1914,10.489753620573195
1915,1.5350869631925248
1916,10.150015437546811
1917,4.531434281737819
1918,4.868445592632426
1919,3.77724709240798
1920,22.13986777632979
1921,10.440364283152281
1922,4.7911883058673705
1923,0.7013242390005984
1924,4.606589777994881
1925,1.9149527958243275
1926,2.077683324713412
1927,1.6061978352026962
1928,27.968617068332726
1929,12.190092706121943
1930,5.539346191595524
1931,1.088939214921984
1932,5.236361720956955
1933,2.386519990846222
1934,2.591622560330417
1935,2.035966615318902
1936,33.06131731175598
1937,14.092167838270944
1938,6.707424207068201
1939,1.1686558564363756
1940,6.234889959489992
1941,2.7582789109154637
1942,3.1705220058450125
1943,2.396891423065042
1944,24.719024432641596
1945,11.345267354371725
1946,5.22689375719408
1947,0.8989543321672359
1948,5.016974240228688
1949,2.199837437560331
1950,2.408934282407055
1951,1.878967281995173
1952,25.472571828254704
1953,11.97404764427828
1954,5.416937449356462
1955,0.9819900170696829
1956,5.14408834486593
1957,2.1887607207329762
1958,2.4901079580198235
1959,2.055926632184872
1960,16.458237981736932
1961,7.24085833543198
1962,3.5189976712076216
1963,0.6651342513777818
1964,3.2500619671409363
1965,1.429481725772115
1966,1.6388259532681113
1967,1.2786700673994393
1968,41.680630681471136
1969,18.329599675334503
1970,8.3502095931907
1971,1.3703804116196978
1972,7.838201880769822
1973,3.552740481051512
1974,3.8506415529437374
1975,3.01696861093796
1976,15.366221834815658
1977,7.224498356660017
1978,3.293486353607161
1979,0.6608967416070766
1980,3.0198059220949713
1981,1.3425619998244387
1982,1.493042787234788
1983,1.1981965649902109
1984,17.40863349224773
1985,7.996088961143123
1986,3.7331556239166988
1987,0.7306297446320813
1988,3.5946104269830133
1989,1.566377265410367
1990,1.727929717538831
1991,1.3920629719350244
1992,26.179474926039948
1993,11.847286680714609
1994,5.0640456248435735
1995,0.9067615535356133
1996,5.260610897471221
1997,2.2966478439996596
1998,2.5087627840823568
1999,1.9799797313426997
2000,28.41829978542512
2001,13.270704551036395
2002,6.047043719387058
2003,1.0388972341632678
2004,5.723178387487804
2005,2.6202625882318826
2006,3.0371119361570624
2007,2.341111621285797
2008,19.327359091360194
2009,8.965410523754093
2010,4.064136958067291
2011,0.6253957756983005
2012,3.9962803668993505
2013,1.68786670760725
2014,1.905793116203809
2015,1.4859155423466315
2016,22.98169663967459
2017,10.398787392613492
2018,4.70891852893383
2019,0.7988499651888045
2020,4.456340288536243
2021,1.9055064829969914
2022,2.008680130296183
2023,1.6633575106030694
2024,60.39180999785033
2025,29.470656376568463
2026,13.383813912139948
2027,2.084305719140885
2028,12.937617256997305
2029,5.81080880989731
2030,6.272965989245185
2031,4.885652313363179
2032,17.12811858867404
2033,7.881747273498797
2034,3.9001137179983223
2035,0.7343775038721327
2036,3.5820835099403037
2037,1.5430934174786783
2038,1.8093613808243334
2039,1.3632167975907248
2040,18.71852501074534
2041,8.281529792717366
2042,4.739655862514447
2043,0.22087145781011427
2044,4.870700296571589
2045,1.9905276628688355
2046,2.2866982497581247
2047,1.5448265286266363
2048,21.366255316637407
2049,9.902040595994151
2050,5.90459163109731
2051,0.14511952055089222
2052,6.603099132314534
2053,2.5066234011992616
2054,2.928875989838625
2055,1.9826053147524747
2056,20.097228265737584
2057,9.023146982816616
2058,5.428809227455118
2059,0.10487508701810638
2060,5.907288507025549
2061,2.243297855999713
2062,2.7042086770646376
2063,1.7513363437817406
2064,18.292952595921847
2065,8.48141950459507
2066,5.1303999904702735
2067,0.11484850207945564
2068,5.2799329092219125
2069,1.9890160850273082
2070,2.418415132394466
2071,1.6028750374577414
2072,15.843705530180388
2073,6.9678072318500215
2074,4.388942058465685
2075,0.1181934383661402
2076,4.716712384995487
2077,1.7884138037334425
2078,2.1964225527878067
2079,1.4274812915730846
2080,18.331312210454193
2081,8.245426873864563
2082,5.024430777008761
2083,0.0868877547258389
2084,5.188264597048966
2085,1.87047889201756
2086,2.348282944226009
2087,1.5550538398494926
2088,17.92692067195848
2089,8.643290713054284
2090,5.099864212700924
2091,0.11818049803498139
2092,5.55506133813706
2093,2.007259006521108
2094,2.4369728777726882
2095,1.6455173918997745
2096,24.66704569103072
2097,11.158826675846196
2098,6.6976168573812425
2099,0.16663388188209988
2100,7.441782066786995
2101,2.844135563094184
2102,3.385552432289632
2103,2.2414728236187833
2104,29.92055793048735
2105,13.38554943716988
2106,7.5053290913842075
2107,0.19764611314788613
2108,8.405140405103237
2109,3.2723477262628875
2110,4.1437817985437455
2111,2.646131255025808
2112,15.481855718001896
2113,7.273077713268535
2114,4.267959897576973
2115,0.09627920817113338
2116,4.5418304098397595
2117,1.778092811728663
2118,2.1394442678415633
2119,1.3909030109910507
2120,21.8614798384365
2121,10.0191768539188
2122,5.68940613351245
2123,0.15360237323035728
2124,6.172898608090856
2125,2.328014903151268
2126,2.8938266435171687
2127,1.9834162689600077
2128,13.649600245826152
2129,5.826305136187397
2130,3.265581117626298
2131,0.22161081002039346
2132,3.6346362808706294
2133,1.3110177232030868
2134,1.6153473998186714
2135,1.0883408362501925
2136,16.641841511939752
2137,7.290930172051798
2138,4.515602349502599
2139,0.15312025167002766
2140,4.852474059558265
2141,1.8255115956282657
2142,2.214396457481194
2143,1.500664483790089
2144,18.204043686956286
2145,8.374244740604928
2146,4.9720403036744525
2147,0.15214585633703576
2148,5.308021864805546
2149,2.0948688443320083
2150,2.386187630636554
2151,1.6550762392587206
2152,20.76643248933086
2153,9.094344695401768
2154,5.4221986589020155
2155,0.15205158932556648
2156,5.7269641693523345
2157,2.229312812408242
2158,2.693528567310974
2159,1.8135900620027932
2160,27.347604453064786
2161,12.329941941148903
2162,7.4239940716775275
2163,0.18821116541786026
2164,8.045195389167493
2165,3.134686457542731
2166,3.840421539094119
2167,2.5342145519516617
2168,16.46661369001428
2169,7.641925181111488
2170,4.4282505630829725
2171,0.135113674746607
2172,4.833259009205411
2173,1.8016089914207767
2174,2.1877079880037202
2175,1.5159617472990072
2176,42.62345095837191
2177,19.40582169829255
2178,10.692959648151122
2179,0.3446967530928333
2180,12.097458126580932
2181,4.798046537572124
2182,5.773648266150198
2183,3.6984054235619683
2184,21.19201006072773
2185,9.429129254820097
2186,5.520864344346836
2187,0.17251865682578696
2188,5.7003100677479575
2189,2.2305565577579665
2190,2.6397574919507143
2191,1.9259412124536177
2192,26.58464550873613
2193,12.022599725162545
2194,6.792584878064252
2195,0.15033815257083383
2196,7.837523969177105
2197,2.727893848117656
2198,3.493399844672277
2199,2.234916358680257
2200,38.1434041090798
2201,18.181543602636943
2202,9.829022722578479
2203,0.38339653054576917
2204,11.093826617728423
2205,4.319130281781575
2206,5.152593779464674
2207,3.4718734653322096
2208,34.35144402786858
2209,15.011801927273176
2210,9.34391293431896
2211,0.20019616555210165
2212,9.711210763626127
2213,3.6356158782080468
2214,4.404361283962055
2215,2.800589941324539
2216,21.975028886119166
2217,9.78497062654059
2218,5.806133594849241
2219,0.15952675879718706
2220,6.191268074595061
2221,2.310276062261152
2222,2.859858026856288
2223,1.889822904574743
2224,15.656769936304002
2225,7.028313759686233
2226,4.091163087395139
2227,0.13387133468464263
2228,4.31215103272053
2229,1.7645453070175894
2230,2.0761652132567296
2231,1.2980860960095506
2232,29.15833799045035
2233,12.720295767150269
2234,7.264577376263569
2235,0.1607959583867751
2236,8.080850670093676
2237,3.0031582238285024
2238,3.86843234972436
2239,2.4622616417100796
2240,23.007562090351325
2241,10.326278903876922
2242,6.1611295912117505
2243,0.14905059534628123
2244,6.2643519775290795
2245,2.5035818312244142
2246,2.939236289106887
2247,2.0659096115976285
2248,15.824160912166882
2249,7.191298616927111
2250,4.2260411741344015
2251,0.12585014407012882
2252,4.586100381790825
2253,1.7858966746301856
2254,2.0924219073139043
2255,1.404337849454303
2256,22.111718110422448
2257,10.044549833382243
2258,5.85495698345389
2259,0.14586469081254558
2260,6.229160491617247
2261,2.2155492927371756
2262,2.8806856018507077
2263,2.002500458868728
2264,15.355055710885312
2265,6.533332455208281
2266,3.789935989778026
2267,0.17493761125281856
2268,4.0514418643444605
2269,1.6118599352932736
2270,1.835506730360562
2271,1.2660711087441556
2272,16.467414336579928
2273,6.988151313495853
2274,4.0856968853210995
2275,0.14668467424714995
2276,4.566643958338393
2277,1.6771227619945326
2278,2.1252687912885713
2279,1.3270534334565902
2280,33.39594911708273
2281,14.430851339622532
2282,8.652786615137003
2283,0.1662696287459795
2284,9.032726807718266
2285,3.4439640937461555
2286,4.268657747570814
2287,2.729700799613575
2288,17.018267670739448
2289,7.681755671786385
2290,4.665493160495414
2291,0.12242808633176573
2292,4.848247432955694
2293,1.8132600502938114
2294,2.2773919302119445
2295,1.4561774144222697
2296,37.097177773318464
2297,15.478440973368102
2298,8.845436370132074
2299,0.34598788564948085
2300,9.059114002191594
2301,3.4894267392381395
2302,4.607374225096282
2303,2.966627882414507
2304,23.53039731764111
2305,10.590567381839008
2306,6.536858593789418
2307,0.14794228362104614
2308,6.813541014206129
2309,2.6425720287245773
2310,3.2965232016861967
2311,2.0795652001944225
2312,17.994179403325713
2313,7.884359545217171
2314,4.697076188925189
2315,0.13965819879333202
2316,5.014935617849301
2317,1.9527781630590908
2318,2.299141181072945
2319,1.5550134314712234
2320,45.19635377091516
2321,19.53388207255334
2322,11.651690174766218
2323,0.306435476516499
2324,12.366365295690825
2325,4.808453378129047
2326,5.703791054152943
2327,3.9665084120931002
2328,20.067672261310754
2329,9.355934367484014
2330,5.611789021651757
2331,0.11502149174950169
2332,6.077706897523506
2333,2.269570148130502
2334,2.6872298681630618
2335,1.7336862033234632
2336,26.44993582075144
2337,11.081340356426194
2338,6.571216399938638
2339,0.19055507375419595
2340,7.02411775349893
2341,2.8205745389143955
2342,3.367825011998282
2343,2.2398479221598633
2344,30.519669942213255
2345,13.050550242776572
2346,7.977998326266665
2347,0.15066019195173677
2348,8.514424160668609
2349,3.233876602238396
2350,4.06068080162468
2351,2.5562941435898776
2352,22.40761679774702
2353,10.117692812881657
2354,5.903564103875963
2355,0.15895254336214162
2356,6.489803438678752
2357,2.518650542173043
2358,2.992787690667635
2359,2.012991737691888
2360,23.981623083139617
2361,11.031172441947467
2362,6.266767141757326
2363,0.1994800495591532
2364,6.582312821401309
2365,2.55361704140408
2366,3.154683304410311
2367,2.253737271783109
2368,15.830222728018851
2369,6.840567873952632
2370,4.116037413729987
2371,0.16485081475199337
2372,4.382778852224127
2373,1.6222826606014453
2374,2.0280359640853822
2375,1.3537708522433682
2376,38.27236795620921
2377,16.08154579211565
2378,9.389914628931974
2379,0.20824388036903918
2380,10.085327263881961
2381,3.997419390922021
2382,4.807573247723758
2383,3.207171599322314
2384,14.733133844642571
2385,6.689125165017989
2386,3.878494668029521
2387,0.1181958663377332
2388,3.979808726404424
2389,1.5761676391064585
2390,1.8897972764214528
2391,1.2905740944801072
2392,16.465818775447172
2393,7.244592847517591
2394,4.447345908290155
2395,0.1382847258032358
2396,4.856460576812474
2397,1.8800916472713427
2398,2.168408155525948
2399,1.5118578399402913
2400,23.966205005803772
2401,10.624882640162891
2402,6.0101401842211075
2403,0.148122168391462
2404,6.968044877723403
2405,2.6182168231964087
2406,3.155294583927155
2407,2.114929882656207
2408,26.720117467454564
2409,12.237778435316217
2410,6.956671846106963
2411,0.16052563131035977
2412,7.577971756927146
2413,2.992772170405987
2414,3.7903928862461
2415,2.530477785955228
2416,17.217078617429554
2417,8.25093983580352
2418,4.940728663572195
2419,0.09513702499966654
2420,5.365508022889462
2421,1.954791310297929
2422,2.534748198423239
2423,1.6120297163587889
2424,20.391767091301897
2425,8.935151355998732
2426,5.241880042301811
2427,0.12231092472722295
2428,5.759878660307361
2429,2.196019972038617
2430,2.5492633414866805
2431,1.7486829286239454
2432,57.70805284771556
2433,27.732979927228563
2434,14.825727840957565
2435,0.5417140214964116
2436,16.03137521588376
2437,6.34654058133783
2438,7.78888839490395
2439,5.120759903273233
2440,15.804856814103141
2441,7.120839099103781
2442,4.490201836620634
2443,0.15471772090763658
2444,4.657296012086857
2445,1.7459621657198645
2446,2.206624340977456
2447,1.4412343199286182
2448,17.090889741776106
2449,7.968918235591688
2450,3.329723144838485
2451,1.332021813380186
2452,2.345811276937889
2453,1.4950904704300785
2454,1.427304946091894
2455,1.3737032893713248
2456,18.260980345074636
2457,8.570540634687429
2458,3.5527136656752814
2459,1.6772249319314714
2460,2.507352679406826
2461,1.6824384612350676
2462,1.5964937001678472
2463,1.4916254204847346
2464,17.63612317777615
2465,7.427468249268563
2466,3.2463183697623426
2467,1.5605952353444292
2468,2.1584341681985166
2469,1.5084688479506503
2470,1.4714736443551717
2471,1.342940624161826
2472,16.70407736975265
2473,7.025528440661851
2474,3.144046061371109
2475,1.3965898047867698
2476,2.143297814125305
2477,1.3977243340142371
2478,1.4133476047872493
2479,1.2811112830057414
2480,14.000469119437657
2481,6.355580630666914
2482,2.8312150048957876
2483,1.1893333656016423
2484,1.897801352050591
2485,1.2452481265157989
2486,1.2413553331914133
2487,1.1747433814926649
2488,16.359025369264668
2489,7.153683115573884
2490,2.875565347576176
2491,1.3531468360708023
2492,2.0536248244738466
2493,1.3029845145235854
2494,1.325662575427722
2495,1.2560849336205404
2496,15.621189408506392
2497,7.380032582768147
2498,2.984398063741138
2499,1.3980318259349827
2500,2.0827405381011546
2501,1.3740230610775384
2502,1.3122589418249861
2503,1.2629654061441038
2504,24.50307366692146
2505,11.254593753337021
2506,4.519425270822053
2507,1.9110192110197848
2508,3.4943370315829667
2509,2.1182188276826284
2510,2.0955967925455363
2511,1.9109244474644378
2512,25.59161951430753
2513,11.482948054252148
2514,4.778260229196988
2515,2.187082861473822
2516,3.2888737910838364
2517,2.081845842206322
2518,2.106318946957058
2519,1.9263672622266712
2520,13.703598565243132
2521,6.491497708870922
2522,2.5109341069548625
2523,1.1442521444310716
2524,1.966846307030344
2525,1.2236562377491391
2526,1.1886284986731073
2527,1.1564082961489761
2528,19.166571646920673
2529,8.578754815849233
2530,3.6774193220930935
2531,1.6271336777383267
2532,2.489661728818049
2533,1.643297667092808
2534,1.6406053166147383
2535,1.5326995651778152
2536,10.8851197737419
2537,4.569020628238904
2538,2.0612230288618107
2539,0.9851671778810919
2540,1.4877331908359486
2541,0.9792801661171077
2542,0.9509516043017984
2543,0.9564143985109258
2544,13.34969314593246
2545,6.27332999515381
2546,2.8691495819994253
2547,1.2221091051989277
2548,1.8024366908673803
2549,1.2399221123586737
2550,1.1892719476176508
2551,1.1733229054661887
2552,15.040829593354372
2553,7.224521635827776
2554,3.0008543475225506
2555,1.3170442980553339
2556,1.8860373418965701
2557,1.385120071550277
2558,1.3104645040168652
2559,1.3203802332446841
2560,17.275701993925324
2561,7.439167679026399
2562,3.35443593588097
2563,1.5282947236536486
2564,2.1791757454207463
2565,1.4473972820144427
2566,1.4161420425945694
2567,1.3968546435222249
2568,23.891118008362202
2569,10.93085007166217
2570,4.745633306344411
2571,2.0701307924069696
2572,3.301837660673898
2573,2.120500089417611
2574,2.0638429153750013
2575,1.9086963306380238
2576,13.297206475546371
2577,6.552506633412159
2578,2.7778795189128624
2579,1.2161445333433563
2580,1.8169096717472097
2581,1.255873508688534
2582,1.2065725239133358
2583,1.1923107733708178
2584,38.0355873231568
2585,17.810253998163617
2586,7.315636339168364
2587,3.29275479365039
2588,5.304536984040081
2589,3.207274296022834
2590,3.235759124648554
2591,2.963046977529153
2592,17.828110692450174
2593,7.909739589991183
2594,3.34057204844416
2595,1.5181717270959298
2596,2.3179827254642853
2597,1.4879192924023854
2598,1.4490407615127676
2599,1.41387747228185
2600,22.917915008226004
2601,10.837242991632122
2602,4.327516077357804
2603,1.8806929150724996
2604,3.1824553953231476
2605,1.9328669061580275
2606,1.9975547795962783
2607,1.7960023769151314
2608,32.61656016421249
2609,15.128106216103966
2610,6.308283335469357
2611,2.679861638679751
2612,4.6554650216310485
2613,2.83612071564726
2614,2.743821036266236
2615,2.5662408482310815
2616,29.82785891268382
2617,13.528672591847101
2618,5.684505711540472
2619,2.478551550473065
2620,4.028336853872734
2621,2.5369717995175196
2622,2.555393314608673
2623,2.289730599133931
2624,19.560920583336845
2625,8.505214746030873
2626,3.497353638162858
2627,1.6507397094032392
2628,2.3917705005090473
2629,1.586024641460576
2630,1.4712613269036223
2631,1.4393217060526395
2632,13.315893826669079
2633,5.929576979731813
2634,2.4639371540258868
2635,1.196510911989069
2636,1.7211469763678167
2637,1.2281125774452766
2638,1.1694798467735377
2639,1.1052320390839532
2640,24.57313104538619
2641,10.950926372348576
2642,4.7339084112094065
2643,2.069641429147829
2644,3.243424285743123
2645,2.046523111281169
2646,2.0608235636388375
2647,1.9432300783571486
2648,19.268349083139714
2649,8.80023777001868
2650,3.837372191244798
2651,1.6936158594832038
2652,2.5305657769948895
2653,1.627812447414151
2654,1.5887808840085689
2655,1.4954499683125617
2656,13.948058736651575
2657,6.538350284439421
2658,2.7475609657060036
2659,1.2341453429336218
2660,1.849997059978983
2661,1.2550100252044483
2662,1.2037021826150966
2663,1.1702176554255028
2664,19.426069071484648
2665,9.17327520163089
2666,3.605242557721333
2667,1.6835245244643409
2668,2.425061599237664
2669,1.6039255887123
2670,1.5994564018251778
2671,1.5044952117729138
2672,12.05615178844741
2673,5.680176161408622
2674,2.352496343884102
2675,1.1267025308055478
2676,1.602220882681103
2677,1.128278793262655
2678,1.1114289815081226
2679,1.0674084899770269
2680,12.821116076456292
2681,5.95869168545204
2682,2.5280808527993637
2683,1.1788023806475516
2684,1.7491226251006715
2685,1.1940584984206277
2686,1.1463455243975795
2687,1.1226437688485247
2688,27.92674494158789
2689,12.816451144931838
2690,5.244396730428541
2691,2.26084262272236
2692,4.106498435543039
2693,2.404694044188659
2694,2.392105174734238
2695,2.210997134747199
2696,14.341221466343706
2697,6.587822436968025
2698,2.737753959737684
2699,1.2450130564929722
2700,1.8919497794146796
2701,1.2578716177692908
2702,1.2095807701891361
2703,1.1854297878807476
2704,30.15927792085475
2705,13.517541449493397
2706,6.1523651671281225
2707,2.5254624576307947
2708,3.7506569480001235
2709,2.514756889191749
2710,2.609112932654866
2711,2.4179210012122545
2712,21.09658906441033
2713,9.386763615646684
2714,4.002203133160751
2715,1.8322767831609987
2716,2.6456288565138184
2717,1.8134273445304303
2718,1.7021476224683456
2719,1.588731579720704
2720,14.562012142523592
2721,6.997173960541511
2722,2.977700793420362
2723,1.2426158779721022
2724,1.950766502623958
2725,1.298103212516248
2726,1.2458334477944015
2727,1.2139382631353013
2728,38.82693054444759
2729,18.36979986919964
2730,7.529723064682527
2731,3.2559950622170764
2732,5.53157412505222
2733,3.4536130029011924
2734,3.38452101543844
2735,3.05363474242327
2736,17.503870831288662
2737,7.791926429779319
2738,3.3939567455362907
2739,1.50257037192298
2740,2.193244487412648
2741,1.4849579001639066
2742,1.4203495282416596
2743,1.354321579112473
2744,21.08077675384347
2745,9.47859425913113
2746,3.870759659118742
2747,1.9814104927063012
2748,2.729065609419042
2749,1.796306115167798
2750,1.7373459672713398
2751,1.6161986432492679
2752,26.396383919360307
2753,11.43494184495337
2754,5.005910067456908
2755,2.1146822045264524
2756,3.6254569344182372
2757,2.183139684446152
2758,2.2024188961088482
2759,2.0037718753900653
2760,19.182555462474536
2761,8.395319359920688
2762,3.6599329538245486
2763,1.5932362831969544
2764,2.4142733220635124
2765,1.618699009073722
2766,1.5678479229421123
2767,1.4695730993960159
2768,20.519332699629448
2769,9.511548388473818
2770,4.095047830211918
2771,1.6941559462499818
2772,2.6860875087055742
2773,1.7159121772870705
2774,1.7221091284079562
2775,1.6665742100987762
2776,13.011695892954716
2777,6.035387947387695
2778,2.600018485695283
2779,1.1863628958465227
2780,1.7150914007929676
2781,1.1510173406255302
2782,1.1666603745550719
2783,1.1170151071805876
2784,32.239621384238255
2785,15.185160414182567
2786,6.236699734869658
2787,2.7403461408597605
2788,4.350396396658288
2789,2.7205382479120916
2790,2.6420974924332676
2791,2.5927194133614226
2792,11.817271799532525
2793,5.5323888689923875
2794,2.2948282897178243
2795,1.1184742061436033
2796,1.537932673299754
2797,1.104415269275075
2798,1.0580027192163273
2799,1.0563329892035087
2800,13.462803701317842
2801,6.210682152600255
2802,2.716066480402361
2803,1.2176442176898608
2804,1.7996281046252578
2805,1.2337591867180493
2806,1.1860128434610462
2807,1.1696670456357028
2808,20.422346447428605
2809,9.252361910774171
2810,3.724748742849109
2811,1.7809967787187062
2812,2.53210995244045
2813,1.7783976708192557
2814,1.689661560597672
2815,1.6475456641214345
2816,22.914217379645688
2817,10.452712252791123
2818,4.563407360320891
2819,1.9948875705938816
2820,2.9988190070226546
2821,2.071614620384057
2822,2.034542045518194
2823,1.9087990136784347
2824,16.473604531130103
2825,7.154218650722891
2826,2.7923570914950377
2827,1.3937370723418276
2828,2.0361484468869375
2829,1.3430917538811298
2830,1.366430475066323
2831,1.262086468881167
2832,17.762690833833457
2833,7.933388811671272
2834,3.4816475813191654
2835,1.5497778772387512
2836,2.188237839759557
2837,1.5453620987295034
2838,1.4542158439717463
2839,1.4025559652096278
2840,49.33157683049761
2841,23.859605022388195
2842,10.089599407727313
2843,4.243522536957334
2844,6.997475157229316
2845,4.3786727797548295
2846,4.507046436081355
2847,4.037894292795552
2848,14.060796331281283
2849,6.394456617988282
2850,2.8202673680158723
2851,1.267331354081102
2852,1.8413422953118468
2853,1.277116728491543
2854,1.2641195302291341
2855,1.178440754218709
2856,18.207329654283235
2857,8.630231636584439
2858,4.740055421348527
2859,0.19800293964940974
2860,5.080130420835445
2861,2.035367090639602
2862,2.2981744725628115
2863,1.6358005189053904
2864,23.26789566139568
2865,10.400680449715791
2866,6.040701229032225
2867,0.16808456125775748
2868,6.56880617407077
2869,2.4439803093101546
2870,2.858554095322502
2871,1.9319817854911694
2872,20.60261659747744
2873,9.409550844475902
2874,5.457055168567268
2875,0.12023765799385518
2876,5.834441838088535
2877,2.2809757561889485
2878,2.6553415872356045
2879,1.790072662548129
2880,19.337998663950227
2881,8.4030236164207
2882,4.935651712227459
2883,0.1295277586326638
2884,5.110361411472421
2885,1.9234100830058565
2886,2.4071351221007498
2887,1.5973058206075557
2888,15.926762605956949
2889,7.218374598952119
2890,4.3049022795351535
2891,0.10819310416416485
2892,4.634854082106153
2893,1.7527662091104717
2894,2.0718808688741133
2895,1.4495820281306926
2896,18.66362520314292
2897,8.194145824889274
2898,4.679635301972248
2899,0.08689452869137201
2900,5.306296562926509
2901,1.8840315916147008
2902,2.3959048454094565
2903,1.5659934778532414
2904,19.063951509837185
2905,8.769639332533485
2906,4.912947850880435
2907,0.12541444247308034
2908,5.311196800469364
2909,1.9579347988170233
2910,2.344094303088997
2911,1.5826476266637508
2912,25.352306959185377
2913,11.64041200712128
2914,6.5558513919718155
2915,0.14678397643515703
2916,7.055740487641864
2917,2.747628930033802
2918,3.1923479216385653
2919,2.117339336100998
2920,31.000189299330145
2921,13.536689559339013
2922,7.150033542217709
2923,0.20299164037824927
2924,8.509057017886049
2925,3.29083780915125
2926,3.964059843166679
2927,2.6772497428747313
2928,15.779465967382034
2929,7.363068669366345
2930,4.046541020447137
2931,0.07964086524199773
2932,4.532474467838833
2933,1.7632393567630469
2934,1.9887082898094257
2935,1.3736603086073496
2936,22.28012687248214
2937,10.2822020254196
2938,5.664490944034743
2939,0.18297732623746474
2940,6.098391494278514
2941,2.3341272953568044
2942,2.7351142957324215
2943,1.897651686029197
2944,12.891973933974539
2945,5.922971254750506
2946,3.194432769934855
2947,0.15428402905943603
2948,3.457931232170573
2949,1.3057935268576242
2950,1.596220996892646
2951,1.0580458170832494
2952,16.413431892154986
2953,7.150219842994434
2954,4.334453617924498
2955,0.1470990421804946
2956,4.752332031326053
2957,1.8529693448673203
2958,2.1138365809260367
2959,1.512344605403535
2960,18.489515268685686
2961,8.544520589715885
2962,4.799701708272854
2963,0.1461903663075111
2964,5.057043872363962
2965,1.9718246099853343
2966,2.2158981898060905
2967,1.6329945877893572
2968,21.07021990262931
2969,9.26855777847974
2970,5.378131349301623
2971,0.15886685973142736
2972,5.550535904137463
2973,2.111984044205105
2974,2.5517453976003464
2975,1.8009478288959482
2976,27.24439033606158
2977,13.061083328483843
2978,7.292839289648986
2979,0.18844152907675438
2980,7.85883807567212
2981,3.0691042459741977
2982,3.6444632693643926
2983,2.3987011797628703
2984,16.593379733473697
2985,7.376019714037582
2986,4.447498036673755
2987,0.13610344802112384
2988,4.679073533001104
2989,1.7971813596250052
2990,2.0959870006461214
2991,1.5491126928411276
2992,41.72648030336445
2993,18.568365410645796
2994,10.68890274346819
2995,0.3090906791633147
2996,12.304297855354227
2997,4.720716569751928
2998,5.655523356564139
2999,3.6500034826529957
3000,21.930701644782708
3001,9.845858106845851
3002,5.259743396389781
3003,0.16607647602895892
3004,5.775488734218712
3005,2.118199395993316
3006,2.527049809243365
3007,1.7924489195818083
3008,26.522714601972396
3009,12.031868421375588
3010,6.67124551718446
3011,0.11575246932245425
3012,7.423537848583372
3013,2.7943731610561473
3014,3.5054656919833813
3015,2.2207379801915743
3016,38.124594338467105
3017,17.83237730126476
3018,9.33051053582664
3019,0.2906499577440914
3020,10.567516757695076
3021,4.369251621437875
3022,4.829641981672098
3023,3.3729801946473885
3024,34.244271352294014
3025,14.755001803396755
3026,9.097661908713976
3027,0.18403777053088927
3028,9.082289731923618
3029,3.5449863666383425
3030,4.354878040193039
3031,2.8181417088578007
3032,22.68897497739044
3033,10.089938585160152
3034,5.6458087129597505
3035,0.145408242567147
3036,6.174006552225005
3037,2.2323792425598628
3038,2.7550878452850434
3039,1.8778332161041131
3040,15.98120074844101
3041,6.981555393851616
3042,4.136962080862707
3043,0.12502267594755873
3044,4.428643257782204
3045,1.7544318021558913
3046,2.033854747446557
3047,1.3213384531603585
3048,29.00382778059638
3049,12.767761745573798
3050,7.260484573927815
3051,0.19452419297330284
3052,8.089596352806922
3053,2.997636828157573
3054,3.6671282674079007
3055,2.4564327131835055
3056,23.58438882320773
3057,10.536825630058555
3058,6.0190672231939075
3059,0.1653310752839332
3060,6.124385043012075
3061,2.382652430311552
3062,2.665616167279337
3063,1.9797448509378959
3064,16.99521658201644
3065,7.573959682697051
3066,4.31059354581945
3067,0.13415537478491935
3068,4.668620387534782
3069,1.8078708170525648
3070,2.0295471206356996
3071,1.4339755932540985
3072,21.515533624980687
3073,10.236459566441344
3074,5.712463893205001
3075,0.12922574576486948
3076,6.165518599476654
3077,2.269025879149783
3078,2.675583528704338
3079,1.9679627637024335
3080,15.692466863978614
3081,6.746664648202596
3082,3.791435422636174
3083,0.11742645083058706
3084,4.345249623621316
3085,1.6401864238404267
3086,1.8306852198853714
3087,1.316128050915622
3088,16.34108642704763
3089,6.998541059142406
3090,4.022583867513798
3091,0.1199630518929036
3092,4.514021776400137
3093,1.6901009351612852
3094,1.998651307111132
3095,1.298485022468811
3096,32.44427157025163
3097,14.468025889005146
3098,8.539536886919024
3099,0.17243499534755444
3100,8.957243327571081
3101,3.395786260625541
3102,4.212259844535333
3103,2.688769920937715
3104,16.587031336305447
3105,7.65167332962534
3106,4.510106212987519
3107,0.12308795976579755
3108,4.720796705480081
3109,1.7959684309483097
3110,2.1420899046885378
3111,1.5137955114323653
3112,36.9548828175728
3113,15.673997612714688
3114,8.834289920426643
3115,0.38369727134344517
3116,9.03937262626052
3117,3.5486553480124425
3118,4.689430542083904
3119,3.062364608013554
3120,23.80847495311867
3121,10.727490786477443
3122,6.208632779900254
3123,0.15733546510368046
3124,6.8706106437931815
3125,2.5993376225352813
3126,3.1696498960617565
3127,2.0443585433828164
3128,18.15954876922574
3129,8.081074200759419
3130,4.554960938824241
3131,0.1268280153758766
3132,5.01979042772397
3133,1.9081753871968423
3134,2.1269959178948628
3135,1.5343492956728901
3136,43.92723583714068
3137,19.67625273465916
3138,11.200356324862716
3139,0.3021150539421756
3140,12.499275291487093
3141,4.914040498381688
3142,5.608608753217767
3143,3.9390850067870287
3144,19.924905508796513
3145,9.459666470858421
3146,5.518624090758884
3147,0.10897494103870743
3148,5.837677766968553
3149,2.196219148065623
3150,2.5845698959393957
3151,1.7157224444811647
3152,25.639501249057783
3153,11.482643500756982
3154,6.2734264845827195
3155,0.18423428167687683
3156,7.075036854022076
3157,2.693509644542082
3158,3.328651786452291
3159,2.1408455314769497
3160,30.16914251397393
3161,13.488550990214199
3162,7.546788263846719
3163,0.1930751407941409
3164,8.109737820096326
3165,3.0684396429540484
3166,3.7503744466206843
3167,2.4623796097375394
3168,22.963607613685774
3169,10.207426561722844
3170,5.662788001323631
3171,0.1363408575435326
3172,6.3108727341496325
3173,2.327576672983505
3174,2.9244575148182324
3175,1.98542545410793
3176,25.483466483547197
3177,11.467657362046312
3178,6.2041821269801956
3179,0.2160758791118572
3180,6.750803008300927
3181,2.4901817847071372
3182,3.106872623423708
3183,2.167454590044552
3184,17.222117239296736
3185,7.405397750712416
3186,4.151774622539864
3187,0.14106309154204444
3188,4.60722796165541
3189,1.6724118784041335
3190,2.0887422303343026
3191,1.3693838941316645
3192,35.14819094969547
3193,16.297450370327457
3194,9.419735037151314
3195,0.23913740015815904
3196,10.049373438578911
3197,3.8310796213077927
3198,4.654856888692653
3199,3.2616289949039077
3200,15.139943903309518
3201,6.733316510199431
3202,3.774691481168325
3203,0.10982917542286373
3204,3.9806917900465457
3205,1.5630502351649922
3206,1.8086741076721558
3207,1.2695333471538173
3208,16.503334627713578
3209,7.285224690708719
3210,4.341335763592611
3211,0.13624195933886574
3212,4.707093085756828
3213,1.8060909003777668
3214,2.0700564001792636
3215,1.4671423275127395
3216,24.601962150049076
3217,10.816845025304843
3218,6.139511582509449
3219,0.14664673373082351
3220,6.948824342640836
3221,2.553519192810831
3222,2.9452245838178777
3223,2.055783082723868
3224,27.569592759648316
3225,12.344690535087105
3226,6.710048975007343
3227,0.17156098522762786
3228,7.831372283876753
3229,2.898662886373901
3230,3.615316620209526
3231,2.5028495910768043
3232,17.755157515903115
3233,8.073699692141775
3234,4.711889741143984
3235,0.088655564950077
3236,5.419817102504687
3237,1.9222977910892065
3238,2.38200234188254
3239,1.544753287048759
3240,21.74267182423367
3241,9.549013201647211
3242,5.2639012259203035
3243,0.13425093383823927
3244,5.636489621557536
3245,2.1491174309554273
3246,2.459965391111517
3247,1.792638895749801
3248,55.84784563315833
3249,27.585944225492927
3250,15.829502038202573
3251,0.42550988872994894
3252,16.636730169638575
3253,6.475679114340394
3254,7.825391836628281
3255,5.451488176721557
3256,16.62072604216587
3257,7.319359222884721
3258,4.374422566869058
3259,0.14692149985924574
3260,4.620280800193563
3261,1.8173357123479488
3262,2.136464063658414
3263,1.4866379436076904
3264,17.27041417712917
3265,7.878339625330461
3266,4.91633291908676
3267,0.10653285768170773
3268,5.367712870337196
3269,2.1700451060765507
3270,2.4603740336026045
3271,1.641648556856009
3272,21.633989901164004
3273,9.70375983914464
3274,6.0001981073261454
3275,0.10785373171050164
3276,6.735627088333381
3277,2.4676415852198086
3278,3.018669146835871
3279,1.9479994366427553
3280,19.463399276766296
3281,8.998785595715553
3282,5.446273058562166
3283,0.08985976068806063
3284,5.94524841849621
3285,2.1979209157405206
3286,2.6410884300458592
3287,1.747683196465403
3288,18.43366106841934
3289,8.240319289710392
3290,5.1139536442649725
3291,0.07619193476544295
3292,5.268524196318865
3293,2.003930034053336
3294,2.4778063442475244
3295,1.6363600274486467
3296,15.552385746156707
3297,7.002550319018637
3298,4.598511006558802
3299,0.07286249078941028
3300,4.879162522767081
3301,1.743184879900401
3302,2.1690849099703327
3303,1.4230326029975797
3304,18.186341803208524
3305,7.956680145439539
3306,4.973463642262777
3307,0.08173358927930795
3308,5.438073214275504
3309,1.8846224184375733
3310,2.422350129528001
3311,1.538662638467797
3312,17.96836655828541
3313,8.373653823788485
3314,4.91020178064668
3315,0.0919201963189856
3316,5.605066245223576
3317,2.0378787342834697
3318,2.425225342186289
3319,1.626751062193087
3320,25.630582993456272
3321,11.535694733529132
3322,6.822076938223052
3323,0.12823920321871463
3324,7.797979335985754
3325,2.822518147112446
3326,3.477858523264832
3327,2.2214326526054506
3328,30.584431389019496
3329,13.172173830156762
3330,7.769419485872516
3331,0.17992933487451063
3332,8.641035816448241
3333,3.306026258563986
3334,4.20510789392818
3335,2.6448793217627924
3336,16.00494187163675
3337,7.4920433064121665
3338,4.279972817569321
3339,0.08315377943640405
3340,4.550583601678199
3341,1.8181551477883058
3342,2.0523196378363653
3343,1.4168037048903765
3344,22.346560803221625
3345,10.03059758719534
3346,5.787872049317261
3347,0.10261271185519501
3348,6.34879806014934
3349,2.385677287217221
3350,2.8199460513447807
3351,1.970261870906635
3352,13.521168008419727
3353,5.996014233418091
3354,3.5288917105465045
3355,0.07692236460174796
3356,3.6976822325902834
3357,1.3215278798366452
3358,1.6009964516120918
3359,1.0795315606260052
3360,15.52280028798964
3361,7.1724397363981565
3362,4.49343072895551
3363,0.0645873644892161
3364,5.081751929231776
3365,1.8108112009003108
3366,2.2132672960917494
3367,1.4984518980390245
3368,17.73822607006029
3369,8.128282300246822
3370,4.905421496849473
3371,0.0985017410908762
3372,5.2028134880129775
3373,1.9844641084794226
3374,2.351886777616978
3375,1.6321828986723275
3376,20.457484997885647
3377,8.79406831982319
3378,5.516886858135381
3379,0.10421258310075976
3380,5.955126071235478
3381,2.144444626127791
3382,2.690427594313401
3383,1.8026262754893123
3384,26.67556806628685
3385,11.992648182070091
3386,7.380635927268202
3387,0.1500592797000234
3388,7.870304417094823
3389,3.0781967726294064
3390,3.8183065238618985
3391,2.4331768359183403
3392,15.482097421716333
3393,7.30051638108073
3394,4.588508516863927
3395,0.0649183071448055
3396,4.9128868143845
3397,1.8727203999092668
3398,2.2070138949316123
3399,1.5424307081981887
3400,41.89006834644359
3401,18.62726904425572
3402,10.875666570288784
3403,0.2407440563830075
3404,12.808780604530575
3405,4.568890634091278
3406,5.8551474173309055
3407,3.678683564146817
3408,20.738593590012062
3409,9.366386307396478
3410,5.375674243418851
3411,0.09619440422772577
3412,5.932252882049239
3413,2.1884824890357484
3414,2.643716100688995
3415,1.7492102656906892
3416,24.882396892592975
3417,11.397540066410913
3418,6.5178953974551215
3419,0.1302253867445033
3420,7.7204480761962575
3421,2.7448965158850416
3422,3.536927704635841
3423,2.1706819987003274
3424,39.831020582590675
3425,17.647567893625343
3426,10.029945559919193
3427,0.23297839758786276
3428,11.235226153495056
3429,4.470877855194165
3430,5.09981584256433
3431,3.401069211820512
3432,34.23186296778646
3433,14.969098433589831
3434,9.047385820298459
3435,0.19449667305577967
3436,9.472778941272066
3437,3.5891755055363546
3438,4.408291959652059
3439,2.796475451925253
3440,22.02813815096946
3441,9.585628041871905
3442,5.626935807289265
3443,0.1311477895397261
3444,6.117747683978514
3445,2.2767931109622075
3446,2.813775804349796
3447,1.8710336227496915
3448,15.441491225481785
3449,6.873041739016858
3450,4.117999360692341
3451,0.0830378735535474
3452,4.6976557515401725
3453,1.753934706305217
3454,2.1681495708223992
3455,1.3941570687632847
3456,28.607863150685922
3457,12.159851097862473
3458,7.241387145889069
3459,0.141756702927772
3460,8.273803096703753
3461,3.1309612314384125
3462,3.8825473499467393
3463,2.413769243238642
3464,23.213025033416383
3465,10.00574951887999
3466,6.041445939706225
3467,0.11268967349892277
3468,6.382640465023214
3469,2.492660321744418
3470,2.8514082977581596
3471,2.017856353934709
3472,15.2338653264791
3473,7.073405951004162
3474,4.410556808283473
3475,0.06833921855275686
3476,4.754909294762374
3477,1.8453224731934195
3478,2.1603021927133867
3479,1.4122912667639755
3480,22.40490662853374
3481,10.184450920903636
3482,5.873434073004853
3483,0.13502770717327128
3484,6.2400439519349975
3485,2.2990561739556554
3486,2.8682379454885467
3487,1.949026293539522
3488,15.521413617025399
3489,6.341866766314311
3490,3.8180781015126373
3491,0.09406791969448657
3492,4.472346085688184
3493,1.638401966419667
3494,1.8509809607875183
3495,1.2714167407761452
3496,15.213887926188445
3497,6.709099383667592
3498,4.177490910326306
3499,0.06529757587370692
3500,4.7488036554957365
3501,1.689967770442838
3502,2.1647838165883537
3503,1.3323633016953662
3504,31.617557465086133
3505,14.149950282125513
3506,8.73659024811567
3507,0.1838987137413716
3508,9.533311822921045
3509,3.3366524894307377
3510,4.3606314676783064
3511,2.6826330614094207
3512,15.790848293534614
3513,7.297723254973797
3514,4.694054506210541
3515,0.07950169341624165
3516,4.860026963160811
3517,1.8226174816246654
3518,2.267573961518109
3519,1.4900762768406268
3520,36.66294017977583
3521,15.132134430781877
3522,9.03735806701371
3523,0.23283404017363857
3524,9.676256116279294
3525,3.484267219448745
3526,4.726652740371613
3527,3.087759235150422
3528,24.159303518284325
3529,10.334969042863552
3530,6.265601033473443
3531,0.12587899061356947
3532,6.922268893727112
3533,2.6130485889314192
3534,3.271666095046119
3535,2.042121785040967
3536,17.158874232347213
3537,7.761083544297566
3538,4.758435338224374
3539,0.0888624657186116
3540,5.0908242709193114
3541,1.9325146287051205
3542,2.239928380373005
3543,1.5287962784272475
3544,44.23025110191053
3545,19.558967296739798
3546,11.675054903737898
3547,0.2691403708189516
3548,13.16216858916769
3549,5.06524320520666
3550,6.035197965752754
3551,4.026122410046615
3552,20.024994199282684
3553,9.040262048482926
3554,5.5471957809481225
3555,0.08171515820330325
3556,6.05443783547828
3557,2.269497289637185
3558,2.6478951996116775
3559,1.746629364840608
3560,25.269438768798704
3561,11.054518095546834
3562,6.475921963158468
3563,0.1606183414426543
3564,7.462615672888051
3565,2.83319410099089
3566,3.4105469943746316
3567,2.1948548166069446
3568,29.902904680718688
3569,12.791235863493661
3570,7.826140197556749
3571,0.15255828510642278
3572,8.323301678868757
3573,3.1878010250558866
3574,4.0995675773106965
3575,2.572007788094572
3576,22.49851075920229
3577,9.766873179368977
3578,5.799484145234015
3579,0.12177399975122193
3580,6.336619989511829
3581,2.3771795708869994
3582,2.859396748068955
3583,2.026668923595678
3584,23.430602074656143
3585,11.011420793144293
3586,6.307984645338456
3587,0.12214667949687918
3588,6.983386260089649
3589,2.5085905976916067
3590,3.232928394404444
3591,2.166286181195668
3592,15.403280462408363
3593,6.738145750449557
3594,4.202016235407782
3595,0.06614205053151928
3596,4.678046016120384
3597,1.6316066955411812
3598,2.1152286535740443
3599,1.3136184857359368
3600,35.09979356343745
3601,16.46915229196244
3602,9.680131080657853
3603,0.20322854100509022
3604,10.663964454481341
3605,3.9862356946346815
3606,4.900434802740212
3607,3.1945622772293154
3608,14.202257416596597
3609,6.579640246340494
3610,3.9702436106095162
3611,0.07693103018926363
3612,4.178015211363499
3613,1.6082606280279632
3614,1.9342795653856053
3615,1.2903372236289028
3616,15.736094024789665
3617,6.807030825551149
3618,4.4580989407194584
3619,0.07862097714394613
3620,4.896369449838261
3621,1.7899123684157099
3622,2.2389077919814784
3623,1.45176878679459
3624,24.180371613920055
3625,10.638757720296521
3626,6.211974781780335
3627,0.12860679457578783
3628,6.995258284153043
3629,2.61695439681221
3630,3.235498973264044
3631,2.1615425543665547
3632,27.537702226651916
3633,12.194297793566406
3634,7.047874775183091
3635,0.15606126764491712
3636,8.201855307393323
3637,3.0746697995979
3638,3.7655316842945377
3639,2.536210521135977
3640,18.15141721511781
3641,8.237613086585565
3642,4.846819874885212
3643,0.09581660782162998
3644,5.446388991452498
3645,1.972405674195133
3646,2.407773155410839
3647,1.6599207362697215
3648,20.11920297237907
3649,8.902657876659575
3650,5.471223062666145
3651,0.10516570834813697
3652,5.718755981927859
3653,2.184996777083322
3654,2.577100762711438
3655,1.764432078610047
3656,56.56730807514792
3657,28.251615612601064
3658,15.558959372562352
3659,0.39102319660970314
3660,17.158468432111267
3661,6.359453648513751
3662,7.737645009919082
3663,5.117272387372235
3664,16.007183740780615
3665,7.053582504120243
3666,4.4857560978931215
3667,0.0653215063175589
3668,4.897637866511845
3669,1.7962093371903378
3670,2.335915216043325
3671,1.4584586274179334
3672,18.12191763301982
3673,7.962462549397496
3674,4.853591641396961
3675,0.1723177913736923
3676,5.290830319924804
3677,2.0877653392783526
3678,2.4867833098344585
3679,1.6607433133535432
3680,20.977574081762114
3681,9.612504432756236
3682,5.927368481989577
3683,0.1285948207979316
3684,6.622234976997096
3685,2.5852702350971493
3686,3.0873958162981325
3687,1.990873708144056
3688,19.53197990287514
3689,8.832256293330046
3690,5.4376358841231305
3691,0.08910560732042253
3692,5.853220451063339
3693,2.325459422565002
3694,2.758633295663973
3695,1.795119878498247
3696,18.866939370965046
3697,7.964408421918957
3698,5.200950489498835
3699,0.0971175551960873
3700,5.347035561862671
3701,2.071713026428771
3702,2.5973175809290576
3703,1.5964956128530683
3704,15.365673337293558
3705,6.953347002787939
3706,4.562803151913353
3707,0.11467541631469136
3708,4.974386593588825
3709,1.7805391694401633
3710,2.2679840469970567
3711,1.4495085662924243
3712,18.197704021314703
3713,8.088798450815515
3714,5.226612072441541
3715,0.07080556798058082
3716,5.404237767362897
3717,1.8653383083000754
3718,2.4338438463807646
3719,1.5777236168524695
3720,17.867022133828865
3721,8.222040156914177
3722,5.062120450906398
3723,0.09577863121152493
3724,5.73224173129234
3725,2.0767786884976043
3726,2.563539881904445
3727,1.632004653884427
3728,24.91502941154654
3729,11.185918592316439
3730,6.857600673310073
3731,0.15309173327158243
3732,7.419429582577921
3733,2.802330871916109
3734,3.4957549914830737
3735,2.2509461442809724
3736,29.748244149850763
3737,13.01397997491563
3738,7.497613120197312
3739,0.20544841181369616
3740,8.50321031722846
3741,3.2776412721857966
3742,4.195752440068151
3743,2.5902558787284367
3744,15.37563660559971
3745,7.214436359121791
3746,4.451782997013032
3747,0.06519265404538026
3748,4.7260265969635435
3749,1.7791434322092814
3750,2.194978190891836
3751,1.4064032340807793
3752,22.236133948399946
3753,9.485300641781215
3754,5.993459455590087
3755,0.12769864593884828
3756,6.457108143167573
3757,2.4674558158096978
3758,2.964721991301364
3759,2.0264447988130256
3760,12.873842560014824
3761,5.462583559770223
3762,3.11335457469124
3763,0.17034540267969436
3764,3.3670295722710595
3765,1.337390722970455
3766,1.6085261720234074
3767,1.1518282560277826
3768,15.44214846906274
3769,6.986445570307556
3770,4.638427428939417
3771,0.08257022550744145
3772,5.059165907862024
3773,1.887865328733825
3774,2.237449354401802
3775,1.4873727869335835
3776,17.889741787526532
3777,7.918087435213379
3778,4.9681918374659615
3779,0.11095087377853301
3780,5.233487046509118
3781,2.0398099691673646
3782,2.462050954674498
3783,1.7004885378616974
3784,19.933780636853943
3785,8.516332765384202
3786,5.659149053986944
3787,0.13668710797686343
3788,5.903729801393821
3789,2.2084753565869146
3790,2.7757922673935647
3791,1.8967203199986953
3792,27.793331736212796
3793,12.113957859162491
3794,7.680844863407612
3795,0.15893966332635445
3796,8.350521446586127
3797,3.1862576181197673
3798,3.940123003493007
3799,2.451462401692292
3800,15.331106075162324
3801,7.25011277647459
3802,4.72060125778468
3803,0.08291381881472629
3804,4.975278744997396
3805,1.8911745880575341
3806,2.247000978132672
3807,1.55502736407843
3808,40.50048596886806
3809,18.673248613582597
3810,11.385227065912453
3811,0.24822637744097867
3812,12.45740015225455
3813,4.866877987017831
3814,6.015412869055698
3815,3.8354978404461435
3816,21.32113636576296
3817,8.871080002454766
3818,5.680578024359327
3819,0.1267571836623304
3820,5.9786382450179145
3821,2.2447246334483055
3822,2.7951136442483966
3823,1.892299202779497
3824,25.226101119509455
3825,12.113447619893881
3826,6.96396992099022
3827,0.1069665166108902
3828,7.565250584550206
3829,2.7322097978257163
3830,3.5551576414785098
3831,2.3030366537520885
3832,38.92606737830265
3833,16.93824743920498
3834,10.318459671074882
3835,0.26508661264472955
3836,11.052953924838315
3837,4.480286529107284
3838,5.259401749288794
3839,3.4926539258066964
3840,33.40174057506697
3841,14.582175743004424
3842,9.540614878192887
3843,0.1918379139881256
3844,9.73018519672433
3845,3.7241272075397536
3846,4.515825638412039
3847,2.875890381905368
3848,22.2858378010627
3849,9.501171131523641
3850,5.894161256622756
3851,0.15846890555561813
3852,6.254664498023213
3853,2.4563070521987678
3854,2.958822594148959
3855,2.0094348665594612
3856,16.016436620492186
3857,6.727953520876854
3858,4.265235699806427
3859,0.08077561748833974
3860,4.602655515584112
3861,1.8069829474621644
3862,2.134263577682152
3863,1.3409411399929887
3864,29.06240823732649
3865,12.367319517566779
3866,7.329962137753564
3867,0.1513254110180823
3868,8.170358475563585
3869,3.073234989060579
3870,3.902829205957863
3871,2.5238363953363967
3872,22.58303944651271
3873,9.873962109655848
3874,6.373609467751967
3875,0.12827784507540474
3876,6.368192472644492
3877,2.568772285574909
3878,3.0322713350662265
3879,2.1377841947121974
3880,16.070223288972688
3881,7.21557444193533
3882,4.657576688523927
3883,0.08861661497434031
3884,4.915665003909931
3885,1.8669623449746398
3886,2.2394615150537427
3887,1.472600656174227
3888,22.364362263673975
3889,10.214203348201336
3890,6.019211522272149
3891,0.13281294845640484
3892,6.446050970320948
3893,2.4257135608422447
3894,2.9343200066298527
3895,2.0070960026796416
3896,15.360988402967228
3897,6.554588387310696
3898,3.8528504438390407
3899,0.09733777716218607
3900,4.230373886323424
3901,1.6169168609394884
3902,1.9578079519081681
3903,1.2827275928025956
3904,15.590588164976536
3905,6.839267747064704
3906,4.330752808693149
3907,0.09386949804801745
3908,4.680613485101239
3909,1.753346669750062
3910,2.125960904576686
3911,1.3521456655460615
3912,32.450743555396755
3913,14.191598239737456
3914,8.87535517961399
3915,0.14195767312502763
3916,9.365042291728935
3917,3.514408812854626
3918,4.379138714729007
3919,2.7469652633166097
3920,16.083370918894715
3921,7.309914734705955
3922,4.661170062195929
3923,0.10165819078697627
3924,5.0018243085279
3925,1.864459608607633
3926,2.274563735252865
3927,1.4722974512837594
3928,35.98171808081745
3929,14.997375013217612
3930,9.057245744087716
3931,0.2852675463252201
3932,9.17241468587841
3933,3.6394739259233866
3934,4.741250531034957
3935,3.0206971816082837
3936,24.04541320439612
3937,10.610232306298306
3938,6.606235480961407
3939,0.17065993818830158
3940,7.062847508104948
3941,2.7036427594094325
3942,3.198965993201689
3943,2.097463226097939
3944,16.69177744443076
3945,7.550524164296081
3946,4.8244714379429805
3947,0.09938993894965137
3948,5.197630452639849
3949,2.0001590751417617
3950,2.3646305893055346
3951,1.5537232330744835
3952,41.527833010078574
3953,19.52507651602751
3954,12.10225549806631
3955,0.23806494050507868
3956,13.019857365131314
3957,5.112126312276237
3958,6.109020789584571
3959,4.030584264845956
3960,20.684282618562055
3961,9.16506008131726
3962,5.786019331058658
3963,0.08219297155913825
3964,6.028525364856385
3965,2.2599618201671765
3966,2.717378754109388
3967,1.8196686151807402
3968,24.883114439368033
3969,11.036264454907364
3970,6.870173112601037
3971,0.15746505736341312
3972,7.356594554529644
3973,2.8065338623154092
3974,3.505156799637563
3975,2.2289876499904073
3976,29.680594342867355
3977,12.825968809852677
3978,7.898992157564488
3979,0.1400487214617644
3980,8.500858150118734
3981,3.265196640822952
3982,4.188586905896845
3983,2.6375106130984745
3984,22.24189196046825
3985,9.604393969399707
3986,6.117804176049627
3987,0.11943928803243749
3988,6.624254897779197
3989,2.5199598910344765
3990,3.021113130267591
3991,2.059530726981438
3992,23.894023181417907
3993,10.505576868483654
3994,6.615242169109478
3995,0.16949170989545417
3996,6.69851903389034
3997,2.661199673430865
3998,3.289359387209196
3999,2.313902241823534
4000,16.11032906933817
4001,6.8800628064958405
4002,4.285810282716907
4003,0.11254467783205517
4004,4.5277025166016855
4005,1.6641774497443422
4006,2.1424984916105445
4007,1.3562566846579671
4008,35.54671736488863
4009,15.755160549417637
4010,9.525232675252704
4011,0.1969500414536052
4012,10.572896475663873
4013,4.070336590201664
4014,4.862639465421656
4015,3.3190251588254043
4016,14.372351320222467
4017,6.737646429993847
4018,4.130198682717791
4019,0.09405244283991762
4020,4.312164894536834
4021,1.6658025780504508
4022,2.0744206978879043
4023,1.3420594112714819
4024,16.192957623329512
4025,7.157296719561237
4026,4.82448665293672
4027,0.10217081878418527
4028,4.92324352931432
4029,1.9174629768807236
4030,2.2610789237132045
4031,1.5278892571014442
4032,23.81729289256062
4033,10.577667407907144
4034,6.3672811342710744
4035,0.13025931970821444
4036,6.958660938789665
4037,2.7297467452198956
4038,3.2418830420341553
4039,2.2541448803745228
4040,27.48518657972335
4041,12.04159160052237
4042,7.225679480841522
4043,0.16613000741826425
4044,8.008574716703896
4045,3.167141279534293
4046,3.9146605041391624
4047,2.5670638560699492
4048,18.52626957250139
4049,8.244378035941368
4050,4.938252188324703
4051,0.08220946594169662
4052,5.465457504944318
4053,2.0091611116689387
4054,2.6120029509316933
4055,1.6144780750686532
4056,19.560599955844058
4057,8.631952637926334
4058,5.331011611981544
4059,0.11749277604933811
4060,5.608158302482913
4061,2.2246680531015643
4062,2.6808113741695583
4063,1.7790818946216513
4064,53.43373271206525
4065,26.309383829663968
4066,15.52632158867391
4067,0.391090978710239
4068,16.347846827930702
4069,6.594249568130595
4070,8.24027396526169
4071,5.2649719827969275
4072,15.952948861703844
4073,6.92944821560666
4074,4.6227733312565595
4075,0.08791487937581005
4076,4.784159600539675
4077,1.8803241566553786
4078,2.340172510116958
4079,1.463751773290869
4080,19.167309306586812
4081,8.989891615914797
4082,4.458519834368928
4083,0.24519335712766943
4084,4.7802202103641775
4085,1.886869212648855
4086,2.1208263578103255
4087,1.5510438553021397
4088,22.653261674151253
4089,10.867525793373815
4090,5.366987432939987
4091,0.23700197238892062
4092,6.139009500482515
4093,2.3209317568635304
4094,2.6190669933970314
4095,1.8406812494906433
4096,21.374434589364796
4097,9.616014870029758
4098,4.960236261469453
4099,0.19619352673918217
4100,5.429342669319417
4101,2.12277027022333
4102,2.3910609801970253
4103,1.7051638878601103
4104,20.175284399592478
4105,8.756690695154626
4106,4.645914624563878
4107,0.1805701950367156
4108,4.9253414289990145
4109,1.8729686832865053
4110,2.2815272054893256
4111,1.520671122114942
4112,17.177235178128658
4113,7.792902549330371
4114,4.188016502406774
4115,0.16472128261929306
4116,4.555863179380413
4117,1.6235997930777966
4118,1.9550415488166524
4119,1.3796853689709474
4120,19.715338691141383
4121,8.64423182291243
4122,4.640202875463346
4123,0.18020732555241684
4124,4.965065654599811
4125,1.728403510108657
4126,2.1354578592669413
4127,1.4907444784759496
4128,18.836466924450452
4129,8.973857452353469
4130,4.561143026439094
4131,0.18714800874161916
4132,5.125288524560215
4133,1.8809158394911436
4134,2.1927491677587225
4135,1.5412783395146108
4136,27.944277493533278
4137,11.822313142681297
4138,6.177812195677314
4139,0.27490826837476484
4140,7.0642312639833875
4141,2.5185886133045305
4142,3.0041345387150966
4143,2.0935201752693566
4144,31.051660197717002
4145,14.002171557493815
4146,7.058223651455038
4147,0.3547105736239484
4148,7.987756510758713
4149,3.006526509877666
4150,3.7299183465472123
4151,2.4299617362625408
4152,16.657815651299547
4153,8.084245942814478
4154,3.975504763977279
4155,0.14462831787066402
4156,4.347382269030145
4157,1.6488692552572413
4158,1.9118518120610417
4159,1.3577944347182567
4160,23.46078404786101
4161,10.304317832645964
4162,5.416449875325805
4163,0.22173406785389382
4164,5.8177136748133575
4165,2.2101168180027395
4166,2.55439592179458
4167,1.8446734250746144
4168,13.82700501079925
4169,5.884024171314708
4170,3.1338778858557355
4171,0.23022891249296243
4172,3.429634578588688
4173,1.2484110659719756
4174,1.5205423952340151
4175,1.059577797677598
4176,17.039053077227994
4177,7.7129478531998865
4178,4.270981678562469
4179,0.17183196932059422
4180,4.576582902028492
4181,1.6955937007044084
4182,1.986457212799036
4183,1.3873629656228217
4184,19.704921464872495
4185,9.232227052771393
4186,4.744495570995843
4187,0.20767787324146575
4188,4.900294955269881
4189,1.8825384226051725
4190,2.1738763998068165
4191,1.6116488294860465
4192,21.45394735470407
4193,9.434219556381446
4194,5.02511072347108
4195,0.21245536030148865
4196,5.336913019778461
4197,2.020800390235039
4198,2.423743844095766
4199,1.749904332764695
4200,28.77928337702203
4201,12.987709029897589
4202,6.8309438822420985
4203,0.2980754601474389
4204,7.576927306332217
4205,2.8792868792238937
4206,3.370463280530282
4207,2.3023073321570475
4208,17.08005347118368
4209,7.894829444711723
4210,4.211991831734281
4211,0.15584293948746925
4212,4.4951849957594865
4213,1.6745712021678836
4214,1.9283518229159615
4215,1.3947888870005942
4216,46.81612465454799
4217,19.973814225896543
4218,10.337342516808361
4219,0.45996133135123696
4220,11.424346401167758
4221,4.433293515255245
4222,5.331199957788819
4223,3.5426912473596994
4224,21.809582409441422
4225,9.72645786762253
4226,5.035159987700983
4227,0.19652947510704272
4228,5.410147987775759
4229,1.9973531326327403
4230,2.3761002227614343
4231,1.7165004689547276
4232,27.93827512406921
4233,12.78598470628788
4234,6.386897320553909
4235,0.2784313625697378
4236,7.261893745913222
4237,2.5610014599898836
4238,3.125875082211777
4239,2.144405328659339
4240,42.47971753074384
4241,18.2231130008765
4242,9.64672993520834
4243,0.462003088718506
4244,10.52866542050468
4245,4.1167890516517165
4246,4.6094506555578825
4247,3.245765926751758
4248,37.02122223271402
4249,15.445186463251105
4250,8.685707192823042
4251,0.40682728076682084
4252,9.12451546580926
4253,3.384220844352886
4254,3.9907994368011104
4255,2.676790737676428
4256,23.58517306455169
4257,10.464525325038672
4258,5.288369396661803
4259,0.25838967704735755
4260,5.702721862991731
4261,2.2136501856979693
4262,2.5146129643399577
4263,1.8311105068725855
4264,16.929530551915317
4265,7.2339780776220515
4266,3.869378716131189
4267,0.15209451848659605
4268,4.1974780099989575
4269,1.6290884693651813
4270,1.8830148138123952
4271,1.2656457788129785
4272,30.544628003151175
4273,13.106082454716432
4274,6.727734444018116
4275,0.2870043820149685
4276,7.7166996799075145
4277,2.7682998043402742
4278,3.3432627621442044
4279,2.346696293114829
4280,23.82162480773583
4281,10.82351322897323
4282,5.683087378991681
4283,0.24419565364012624
4284,5.841520802665376
4285,2.2275719249830908
4286,2.5588057926034997
4287,1.9105290320439832
4288,17.600701525584853
4289,8.021475993926028
4290,4.241512576119688
4291,0.1611312504166787
4292,4.5057809005527485
4293,1.6687768115945159
4294,1.961711665836497
4295,1.3627398220729563
4296,24.360717062949522
4297,11.244156052902332
4298,5.471496492095064
4299,0.2554187613495544
4300,5.865523190598981
4301,2.1867486319368057
4302,2.5459925847272578
4303,1.8505567533344771
4304,15.922463285861092
4305,7.088567594203057
4306,3.70853736254842
4307,0.1483208779577382
4308,4.115447698190312
4309,1.5201595500663994
4310,1.797061572372552
4311,1.2213100120340425
4312,16.814831842788372
4313,7.4757923360287455
4314,3.9273826462228727
4315,0.1632168011314251
4316,4.333591075108104
4317,1.5937986033858766
4318,1.9016392099699666
4319,1.2566173835111965
4320,34.87984549414557
4321,14.339203604713665
4322,7.897511642704659
4323,0.32247055111020595
4324,8.707407478854224
4325,3.1831634437840863
4326,3.7588181070533118
4327,2.6069048991826547
4328,17.652523266579383
4329,7.936376560638211
4330,4.071467203329974
4331,0.14245669374603057
4332,4.458912556711516
4333,1.6546904652717362
4334,1.9799501912445274
4335,1.350720750443
4336,37.47667944426085
4337,16.107653317639798
4338,8.558861785212132
4339,0.4363051501918535
4340,8.710194109883613
4341,3.365806542428822
4342,4.230471649200769
4343,2.864991960372167
4344,26.26831930020987
4345,11.77628355536296
4346,6.115934190033545
4347,0.2722583666881128
4348,6.579164311701463
4349,2.5089700960155352
4350,2.7852214769551846
4351,1.979815450000349
4352,17.979860119154573
4353,8.379553195079968
4354,4.372279931629927
4355,0.18539074649918202
4356,4.7211389616042725
4357,1.777687956742777
4358,2.0343272789479774
4359,1.4604305032161091
4360,47.25462716055205
4361,21.38424667147043
4362,11.495122995637196
4363,0.42635400329888384
4364,12.512598254440384
4365,4.819186588091817
4366,5.493482092042884
4367,3.8307417715181202
4368,21.58442150443498
4369,9.853415827181577
4370,5.217319837363598
4371,0.1813746238350263
4372,5.527519329705667
4373,2.0418185706155443
4374,2.345414139356572
4375,1.686884636814629
4376,26.54598249346364
4377,11.969164710702994
4378,6.242857133792867
4379,0.3065025471055759
4380,6.7354781021142625
4381,2.549351464933891
4382,3.0589843273169626
4383,2.114686317361883
4384,32.6052452235377
4385,13.600480304531752
4386,7.355606695203003
4387,0.311385622644434
4388,8.185265374027354
4389,3.0167290937681304
4390,3.7054645138755924
4391,2.4714760598917302
4392,23.596163488886344
4393,10.168520306937854
4394,5.374423882744357
4395,0.23084258332528126
4396,5.933209647250624
4397,2.215719951473865
4398,2.5131187901949286
4399,1.8322869309585248
4400,25.288346333221245
4401,11.62138670126037
4402,6.062996005995063
4403,0.24945774330131507
4404,6.250491170398557
4405,2.383060125357519
4406,2.8827773017850404
4407,2.1184089139179836
4408,17.075166413464416
4409,7.563993092907392
4410,3.9755037949009737
4411,0.1900004441552642
4412,4.288355380658507
4413,1.529328412044154
4414,1.9119337663576956
4415,1.2784907926697597
4416,39.331822305537
4417,17.196547166995924
4418,9.034341236038221
4419,0.38256773994817467
4420,9.85720548823265
4421,3.6690784151056093
4422,4.178132523503067
4423,3.062420522131291
4424,15.377791104664087
4425,6.9624090595858545
4426,3.617780641055723
4427,0.1456050268432917
4428,3.779157761023843
4429,1.4459409593073007
4430,1.7146646046961596
4431,1.1959487924814578
4432,17.261379193284544
4433,7.863582518742111
4434,4.314758562102578
4435,0.16699098995165082
4436,4.575249130752457
4437,1.7264714557138208
4438,1.9952256877351295
4439,1.4124343406337654
4440,25.31822485638536
4441,11.470283294005675
4442,5.719988244848152
4443,0.24748030946620622
4444,6.313838554434473
4445,2.419554063172401
4446,2.739252700853385
4447,2.0656964099691675
4448,28.604416381080263
4449,12.743904327610291
4450,6.536537612845973
4451,0.29967062013813317
4452,7.263742955057482
4453,2.840951647855343
4454,3.347959453664351
4455,2.3741316451330676
4456,19.62589329002655
4457,8.536054236889482
4458,4.4082782484009275
4459,0.2044621115123251
4460,4.936470630512694
4461,1.8320115599260436
4462,2.2765651512119294
4463,1.5116164714108564
4464,22.08422288322749
4465,9.86901989035562
4466,4.95837182935772
4467,0.24143075369504235
4468,5.28322889598528
4469,2.0455587910958895
4470,2.325390051736975
4471,1.6725896016112685
4472,63.9935196568074
4473,29.13324347183097
4474,15.035874597457862
4475,0.6019626503265108
4476,16.269972189770485
4477,6.4272358913521845
4478,7.631435160057104
4479,5.166875053193305
4480,17.68607530006543
4481,7.637389354469602
4482,4.227319767652893
4483,0.16909581042457608
4484,4.452476404209184
4485,1.7159296320771058
4486,2.0634812434134244
4487,1.3498179974686366
4488,19.680412608027364
4489,9.318723753268737
4490,4.108241372305121
4491,0.6572353301740947
4492,4.0978305194575855
4493,1.8247392857194973
4494,1.8711273442875602
4495,1.5058949710953093
4496,21.878048243537442
4497,9.913345860386203
4498,4.745050185939109
4499,0.6249837546060383
4500,4.8285551561467654
4501,2.0124803777532536
4502,2.209425762291471
4503,1.674359436001733
4504,20.220092041631254
4505,9.41544248561244
4506,4.337387531221915
4507,0.6312102907234325
4508,4.317862038099382
4509,1.8457378685726888
4510,1.9872819622554736
4511,1.558731350135521
4512,19.534051780141553
4513,8.920388251752568
4514,4.171028771445891
4515,0.5453675149763384
4516,3.980853364889163
4517,1.716478101182033
4518,1.9652255442324498
4519,1.475073068472615
4520,17.610885994169823
4521,7.810597523962348
4522,3.640308409160053
4523,0.5506457390708649
4524,3.6151161613525873
4525,1.5340490611975972
4526,1.7220269373979409
4527,1.3313369176735572
4528,19.577575650577067
4529,8.372737378230255
4530,4.040924720015847
4531,0.5420176687489655
4532,4.157963599813863
4533,1.6653481680442046
4534,1.9242651197557876
4535,1.4136248976496757
4536,18.85112914156789
4537,8.88264990354132
4538,3.9771070261738246
4539,0.5724290226985672
4540,3.950697656627216
4541,1.7031217429541454
4542,1.7944009145280366
4543,1.4690056969887624
4544,29.09267845225534
4545,13.014010459803044
4546,5.72710469224475
4547,0.9987218236393756
4548,6.012786762075325
4549,2.461516285164067
4550,2.6673680951432113
4551,2.151015383377513
4552,31.095599870711233
4553,13.850376822914114
4554,6.275324234881756
4555,0.8939736682891634
4556,6.424747195225507
4557,2.674125922922023
4558,3.0926580986422496
4559,2.329942229794768
4560,16.839240827372294
4561,7.664649151055849
4562,3.2440917085719505
4563,0.4254194373487193
4564,3.4439291862621912
4565,1.4237466916893442
4566,1.4777818754177015
4567,1.223102619022456
4568,22.366967829287525
4569,10.446935520319402
4570,4.584703434471406
4571,0.5837385634785291
4572,4.670843549329292
4573,1.9627242269164031
4574,2.104343302149628
4575,1.7010726263350435
4576,13.564292523933283
4577,5.919485558663228
4578,3.0053929218833613
4579,0.48745502962288884
4580,2.8094677911200807
4581,1.173538027541348
4582,1.290787695922058
4583,1.0119392148534134
4584,16.47783848247718
4585,7.6100258282474575
4586,3.49569548510593
4587,0.5469916173662591
4588,3.57788827689234
4589,1.4454458214266837
4590,1.616234794776955
4591,1.291449020123357
4592,18.576484998723977
4593,8.833084362035322
4594,3.87899382162008
4595,0.5811359200177851
4596,3.683900103954711
4597,1.6218520295519652
4598,1.7453568264648025
4599,1.4210608190942395
4600,20.92143683387246
4601,9.189435278724117
4602,4.32874695203872
4603,0.5704552930097077
4604,4.316750880821329
4605,1.7449069960775905
4606,1.9430589166112202
4607,1.5422581103183246
4608,27.56351092875832
4609,12.788587114079618
4610,5.872144216985559
4611,0.9113415254628622
4612,5.836558113370593
4613,2.4968648337365114
4614,2.782844058297689
4615,2.156469116771165
4616,16.28345401086382
4617,7.707824589535172
4618,3.5648103075492847
4619,0.5396985494122888
4620,3.4828420923501775
4621,1.4872275914200979
4622,1.6488394700429658
4623,1.3344004856459704
4624,43.455223593963815
4625,19.323433190932146
4626,8.835376956493876
4627,1.3397378414093424
4628,9.427851404619718
4629,3.6806015683579627
4630,4.473417783049163
4631,3.145530021375546
4632,20.93141142892418
4633,9.563183832646791
4634,4.357261760752994
4635,0.5750157002430457
4636,4.326455728071359
4637,1.7986946955752434
4638,2.0115987908254094
4639,1.5404320118144497
4640,26.488348840903818
4641,12.203532589680785
4642,5.352406695922253
4643,0.7789031383454903
4644,5.725255774694773
4645,2.2452230879536024
4646,2.6167129306185397
4647,1.9864127771728655
4648,39.751398653222246
4649,18.445406803223857
4650,8.11802994281431
4651,1.2995001636232653
4652,8.287686955725322
4653,3.5733145705621303
4654,3.7340698660337623
4655,2.9601911819176907
4656,35.140772942241874
4657,15.506123313937632
4658,7.1388888685503575
4659,1.1024180584338656
4660,6.843639389499745
4661,2.8978017724851073
4662,3.276164476440769
4663,2.4954727136174792
4664,22.910405303124207
4665,10.352950316202373
4666,4.681011940204022
4667,0.6740125575269151
4668,4.511283647961335
4669,1.9464719880573325
4670,2.1480688640781227
4671,1.6694195429188823
4672,16.06936298100053
4673,7.192234658067584
4674,3.2180886499571564
4675,0.5179578044903586
4676,3.3044149512805054
4677,1.4172296605808694
4678,1.5926441369436428
4679,1.2233914844197489
4680,29.293229669859915
4681,12.763719041242217
4682,5.881170174807551
4683,0.8824492214911502
4684,6.013926300218553
4685,2.5302356600254896
4686,2.8130926186543306
4687,2.1774773484821712
4688,23.30905249951095
4689,10.3100797279163
4690,4.6366883914277395
4691,0.6160216094727683
4692,4.482130009761907
4693,1.9709501337061535
4694,2.0685391973086076
4695,1.669712520065348
4696,16.173965811896455
4697,7.816007745691787
4698,3.570490055491489
4699,0.5346250787460849
4700,3.4915121629728936
4701,1.5110653664495257
4702,1.6233584716516423
4703,1.2975632934432655
4704,22.854321799259512
4705,10.550731377030516
4706,4.616158708363433
4707,0.6680240370123927
4708,4.530990822911125
4709,1.9165475711372453
4710,2.1191788647331204
4711,1.7068253140325307
4712,15.15871736273226
4713,6.650506244747137
4714,3.082963103092489
4715,0.5590989953246848
4716,3.143391028856284
4717,1.3216548847290717
4718,1.4030580139589475
4719,1.1230096970362093
4720,16.07327209934009
4721,7.052157488422984
4722,3.232095282005903
4723,0.5107092540425627
4724,3.3042708853549096
4725,1.3567522543285564
4726,1.5565495991573495
4727,1.1925968857495248
4728,33.40501863077135
4729,14.619276911543482
4730,6.830364139315336
4731,0.9034478195409893
4732,7.087985412043202
4733,2.6755312436119603
4734,3.2101989608932398
4735,2.3836604114872277
4736,16.92489511608173
4737,7.8085981485697005
4738,3.538902559059479
4739,0.5670770831548347
4740,3.4049370625032744
4741,1.4727610504538093
4742,1.6617660249625033
4743,1.320742872074669
4744,37.61833431277473
4745,15.935400182291117
4746,7.7872235039033235
4747,1.2373812343061126
4748,7.36204643620515
4749,3.0014157401464945
4750,3.5166299889561206
4751,2.7676342863550105
4752,25.200748635407404
4753,11.257092125018621
4754,5.243132716480144
4755,0.7536078770189973
4756,5.114853760199924
4757,2.2199369083939127
4758,2.4325935405877206
4759,1.8547257600854314
4760,17.976185022550727
4761,8.37600369750344
4762,3.836353557000941
4763,0.5811197144498741
4764,3.6333128823428904
4765,1.5866317729644943
4766,1.7085435688595036
4767,1.3810583475315903
4768,45.29509580284289
4769,19.964501394064925
4770,9.505592952291831
4771,1.196039682226562
4772,9.728170947246067
4773,4.219159302397151
4774,4.679014440001632
4775,3.4789775760365007
4776,20.74831364167479
4777,9.474062260103556
4778,4.364320947754646
4779,0.5970475549040898
4780,4.293169301053028
4781,1.8970576339129999
4782,1.9936286867291049
4783,1.5760609841901312
4784,26.462602814473996
4785,11.814621283665469
4786,5.211740839018954
4787,0.7739192053732404
4788,5.530338964562452
4789,2.2569858189342975
4790,2.4815378370820627
4791,1.9544505017108555
4792,31.12207591688266
4793,13.280838053790362
4794,6.279715621782549
4795,0.9051951510792794
4796,6.242433334201341
4797,2.5816992369984844
4798,3.012100972712895
4799,2.2548898310898977
4800,23.586882851296235
4801,10.411781005262483
4802,4.621043280632265
4803,0.6634312327464408
4804,4.6783670110981515
4805,1.9886648843603976
4806,2.151863036897684
4807,1.7707635636806578
4808,23.749977698260246
4809,11.252839027654874
4810,5.10846839146967
4811,0.6980606857882463
4812,5.184113820342953
4813,2.037309813168636
4814,2.4184085940463618
4815,1.8743096108080357
4816,15.620210082809475
4817,7.169938632118858
4818,3.4129555529620443
4819,0.5319929432972744
4820,3.4209366452679624
4821,1.367135989671926
4822,1.5862585130147044
4823,1.2030203222070734
4824,37.475949332195725
4825,17.392136380368058
4826,7.7326146840303
4827,1.0686068316950699
4828,7.697480310017206
4829,3.1979599094450757
4830,3.58326369858515
4831,2.7742278202173596
4832,14.995003527202362
4833,6.730407434364415
4834,3.0813545960211712
4835,0.49245313203224306
4836,3.1055131147460813
4837,1.3334988820326503
4838,1.468092075157133
4839,1.184289053710364
4840,16.95457450617604
4841,7.454435227047396
4842,3.576099172953312
4843,0.5282028935529609
4844,3.5598679934125674
4845,1.4401253075020093
4846,1.6963584232491526
4847,1.2828777874879054
4848,24.617074254008454
4849,11.08606994665961
4850,4.878653233621315
4851,0.7251995092868349
4852,4.943406107498031
4853,2.130451687240125
4854,2.3470843563340864
4855,1.9099630797945972
4856,27.889041114427584
4857,12.81375571881516
4858,5.6725430343722
4859,0.7746796143210608
4860,5.768077729072849
4861,2.4670849931652414
4862,2.7804591083582246
4863,2.229911674020552
4864,18.763004901628946
4865,8.557641184171684
4866,3.7746545038864663
4867,0.5563648052691539
4868,4.099773731903218
4869,1.7463947838631626
4870,1.8435911733042387
4871,1.5174762687821517
4872,20.698499878164352
4873,9.274043220946357
4874,4.420790344670903
4875,0.5782811067526826
4876,4.125447066872114
4877,1.8015954831678225
4878,1.9182657540140298
4879,1.5474008086322122
4880,55.235688802856636
4881,25.52035680085015
4882,12.525840666947007
4883,1.5804189349271636
4884,12.80499970667176
4885,5.285229993393846
4886,6.088994544083405
4887,4.472582962848391
4888,16.953750296173403
4889,7.640661358989898
4890,3.589313461364075
4891,0.5690046859627983
4892,3.486788081066685
4893,1.4639539500459422
4894,1.7548272527663877
4895,1.2997280422525082
4896,18.8944628703016
4897,8.74024665084256
4898,4.428798236094216
4899,0.3086114769915986
4900,4.5549499743555515
4901,1.8279242167227552
4902,2.038861248095856
4903,1.469745040596791
4904,22.622612239912705
4905,10.449842931810487
4906,5.387677930665258
4907,0.2361382057451113
4908,5.8998410017641945
4909,2.2628602965831273
4910,2.5613267387535448
4911,1.8526129581325768
4912,21.304608683561174
4913,9.696105279676756
4914,5.048270524304325
4915,0.22521510402381495
4916,5.338989935400628
4917,2.051281816221692
4918,2.3834129235605874
4919,1.6760206516098892
4920,19.606723754138805
4921,9.075992203946262
4922,4.769390540030273
4923,0.21169164578209895
4924,4.929326645024471
4925,1.848154520679255
4926,2.1620223268127243
4927,1.5525367448606167
4928,17.15185021523465
4929,7.752738972965283
4930,4.036204173435191
4931,0.23550735096778205
4932,4.324643504784785
4933,1.6523169557340698
4934,1.9373211151204213
4935,1.39025247377565
4936,19.977254906994446
4937,8.928737274611999
4938,4.592779964753012
4939,0.19784534670014825
4940,4.70551728187665
4941,1.722703625964809
4942,2.015092263218782
4943,1.4511174814529977
4944,18.96260255561842
4945,9.183612984783592
4946,4.724173076100921
4947,0.2101257530439483
4948,5.071508474067742
4949,1.872074983737492
4950,2.1781605367190453
4951,1.5879294747961767
4952,26.38459843659512
4953,12.10820116062323
4954,6.0598172370593995
4955,0.33847416070402786
4956,6.751383368766351
4957,2.5576993965589465
4958,2.8567503573968107
4959,2.098486792449711
4960,32.72705871492597
4961,14.691955892345296
4962,7.250520378986244
4963,0.45082682992422113
4964,7.898903763363694
4965,3.1291618516144717
4966,3.729774623008698
4967,2.561067158135447
4968,16.427287943517328
4969,7.742902026215103
4970,3.7830451874009277
4971,0.16721670012798506
4972,4.1232562379138535
4973,1.5945415954387925
4974,1.8498167421796254
4975,1.3175459563862684
4976,23.181902114927723
4977,10.555956318131125
4978,5.22018759396526
4979,0.2377840422792922
4980,5.5439320871517745
4981,2.134996408440167
4982,2.6121352693762447
4983,1.8897840484689705
4984,13.874844195834923
4985,5.9939361075356095
4986,3.125899736589388
4987,0.3364660888691733
4988,3.160406152347613
4989,1.2487215389692656
4990,1.4629791676122872
4991,1.0254401449710666
4992,17.37270489453841
4993,7.731126720786739
4994,4.190793471505253
4995,0.25622218011359366
4996,4.4654630744198816
4997,1.670675961133679
4998,1.9539114663765103
4999,1.4265496408782568
5000,18.680272803721667
5001,8.872257320940784
5002,4.556019267957262
5003,0.2770442328269714
5004,4.636032152947568
5005,1.8787610826335224
5006,2.0519713802168225
5007,1.5227350695133626
5008,22.34543295730991
5009,9.869888697323692
5010,5.085025016967519
5011,0.25218677762966374
5012,5.212886683664017
5013,2.0547268157928555
5014,2.4102610619845275
5015,1.7550881967254781
5016,29.2949298056337
5017,13.289386132738937
5018,6.907335226597637
5019,0.4108709698058378
5020,7.298191924836391
5021,2.9130409766154384
5022,3.315498338595652
5023,2.38484649684519
5024,17.030815144958027
5025,8.064831002944297
5026,4.149407251977953
5027,0.24526981544050447
5028,4.453147677667273
5029,1.6637070721658258
5030,1.928556151885027
5031,1.454388642102863
5032,45.69539921242587
5033,20.96721479021538
5034,10.095673730631527
5035,0.6035418996748709
5036,11.209234235578139
5037,4.4876221464537895
5038,5.272384414680038
5039,3.519992069818391
5040,22.507992183548755
5041,9.965470322632283
5042,4.961011560893674
5043,0.22477844272424374
5044,5.1222440855844935
5045,1.9934144908495528
5046,2.2561100659635125
5047,1.7810269344258753
5048,27.879734223910756
5049,12.666066305196415
5050,6.167882695768227
5051,0.34342184759718675
5052,7.10117681789094
5053,2.473236104677271
5054,2.964340612662831
5055,2.0936016052635362
5056,42.3159383547619
5057,19.95829044248852
5058,9.038362689446844
5059,0.7030000266245768
5060,9.74499028090311
5061,4.035528017491458
5062,4.467454032074089
5063,3.303216545126312
5064,35.95673772746512
5065,15.671412325614002
5066,8.198870988203444
5067,0.47760125868651226
5068,8.642105188779457
5069,3.2262208571778785
5070,3.7898296644388507
5071,2.6588644847061307
5072,23.777408877639992
5073,10.71669233811447
5074,5.490716792665264
5075,0.278144450621961
5076,5.6853266381060275
5077,2.142689396706479
5078,2.5454114822685607
5079,1.8115956521283176
5080,16.463552539679828
5081,7.6104285479313605
5082,3.813911219273874
5083,0.2388344022962495
5084,4.009870459194044
5085,1.6361415153375383
5086,1.835986101725296
5087,1.2652280084057015
5088,30.861490470058207
5089,13.80374774617303
5090,6.6450654282674
5091,0.3585906753213509
5092,7.254314618345116
5093,2.7139599390468097
5094,3.28487415188663
5095,2.3229627827338257
5096,23.970743238060404
5097,10.846476933526146
5098,5.4904506015930705
5099,0.23222922416282962
5100,5.536887335146598
5101,2.208434016756606
5102,2.5379401925179463
5103,1.8814842892538362
5104,17.117918371576426
5105,8.038845685043075
5106,4.00491644536119
5107,0.2506758418698422
5108,4.2944427205075115
5109,1.6817853689842348
5110,1.892980769322288
5111,1.3702415434581101
5112,23.33223583266036
5113,10.813390683737275
5114,5.3694108627463395
5115,0.28855963315160127
5116,5.5404478797929535
5117,2.0515099426339978
5118,2.5612644996505014
5119,1.8871230713944303
5120,15.82907398015621
5121,7.016057838057576
5122,3.6042071282400103
5123,0.23299617306872733
5124,3.8763458178389456
5125,1.5099640128944856
5126,1.6767563089631896
5127,1.1994069969445575
5128,17.012416222696068
5129,7.336126310661391
5130,3.8144795644054046
5131,0.23417431814876796
5132,4.196017230052348
5133,1.5310716432254505
5134,1.8507681926584516
5135,1.266214464018568
5136,34.47192065801566
5137,15.218092306889098
5138,7.746845378893741
5139,0.3360107083327141
5140,8.50876710762598
5141,3.041101358670168
5142,3.7016794315085044
5143,2.5213752912464527
5144,17.83966316659872
5145,8.268181552922123
5146,4.306917247985358
5147,0.2507935592740334
5148,4.435607315907367
5149,1.648431560412318
5150,2.0113187673991746
5151,1.3939828982357247
5152,38.44467115755701
5153,16.525997154633462
5154,8.739354793321008
5155,0.5195842874205
5156,8.680741036199365
5157,3.325344663659205
5158,4.285970893746472
5159,2.841427309369494
5160,25.818537166196435
5161,11.693646121738654
5162,6.014042501040809
5163,0.28852123058245727
5164,6.087978994503909
5165,2.454643715670742
5166,2.819387283687489
5167,1.9330752871770633
5168,18.856252004430054
5169,8.520310133499668
5170,4.317470091618028
5171,0.2619285988495769
5172,4.547777905373327
5173,1.794315119249818
5174,2.000753500981565
5175,1.4713307747172741
5176,50.56473851509265
5177,21.89503867732224
5178,11.435250456530785
5179,0.5367029364236545
5180,12.094728688682514
5181,4.765613929881885
5182,5.418506476329763
5183,3.875553045619018
5184,22.21418833490045
5185,10.345535142780887
5186,5.315542088555475
5187,0.23516958581722003
5188,5.606611585034905
5189,2.056638000638279
5190,2.3541349870803683
5191,1.6829390998342477
5192,28.525207573853034
5193,12.28719680987908
5194,5.972677239507356
5195,0.3846995763453307
5196,6.366033114484557
5197,2.5175367876772103
5198,2.863014027358391
5199,2.098229325767146
5200,32.763019248572114
5201,14.063075785926674
5202,7.276485881520356
5203,0.4450603554383923
5204,7.594492813904972
5205,3.037987062114961
5206,3.5466485953932616
5207,2.534122696868497
5208,23.41983752244386
5209,10.713489861209435
5210,5.4045174372953
5211,0.2922557788261585
5212,5.743629450731178
5213,2.3035338026414443
5214,2.6222570038651694
5215,1.8734753549806238
5216,25.47872438481905
5217,11.791617584997399
5218,5.923467331438864
5219,0.30516840293452413
5220,6.163817219497075
5221,2.3556723210566264
5222,2.8080990808810404
5223,2.135489061182662
5224,16.387704189975317
5225,7.25787812309011
5226,3.9363927109393773
5227,0.2280022112100336
5228,4.11608991052342
5229,1.5152018103127198
5230,1.8121666068860387
5231,1.292985216253351
5232,40.50274986708717
5233,17.701688879500132
5234,8.91471836640695
5235,0.4671357045790773
5236,9.61953954248023
5237,3.709090150726187
5238,4.239710917363758
5239,3.0650512821570075
5240,15.126759913958168
5241,7.158595542705204
5242,3.619486127632908
5243,0.23129351016727023
5244,3.6291466855448413
5245,1.4573002010617453
5246,1.6699324696337277
5247,1.2578523749085626
5248,17.22212699982872
5249,7.8628737101927015
5250,4.148903056988701
5251,0.25950693567229094
5252,4.443632506851768
5253,1.7215549678616986
5254,1.9430779713096908
5255,1.4312655711372333
5256,25.899578735047854
5257,11.652518381620713
5258,5.571583549617333
5259,0.2975683616387108
5260,6.307111113145394
5261,2.4706091934057484
5262,2.7857473197224416
5263,2.0476018542709467
5264,28.703025910325703
5265,13.250901965531733
5266,6.465133861980227
5267,0.36414859479033
5268,7.0156721984333394
5269,2.7696657854633937
5270,3.3419905819719147
5271,2.40897565375209
5272,18.83378477627366
5273,8.589101023201252
5274,4.409816120988065
5275,0.23837810953723776
5276,4.79415720681098
5277,1.7778274068050386
5278,2.0777895782961955
5279,1.5254277498375188
5280,21.853253908414494
5281,9.68615233292266
5282,4.972246938953115
5283,0.23240162543149898
5284,5.246404059446999
5285,2.0438606244809585
5286,2.295833298776737
5287,1.7440397851105183
5288,59.80753102077139
5289,29.732104016098408
5290,14.484750998616256
5291,0.8617929057562261
5292,15.408902125435526
5293,6.297302030493578
5294,7.243203166724311
5295,5.117904882066052
5296,16.771023814929414
5297,7.561285492759948
5298,4.220915267623544
5299,0.26856197411876875
5300,4.259958566958384
5301,1.6232315993623583
5302,1.9803217202845718
5303,1.36656775564121
5304,19.472616227079335
5305,8.694722395929034
5306,4.642420214338753
5307,0.14608179394382012
5308,5.2062373173391965
5309,2.031774971117891
5310,2.3073030105465446
5311,1.6026957112734486
5312,21.44795881755155
5313,10.015651705434205
5314,5.387912983990915
5315,0.1528514670302804
5316,6.025304062411565
5317,2.3243487991307528
5318,2.5966507180349536
5319,1.791265529159155
5320,19.821735598798952
5321,9.077097596671914
5322,4.845018908523146
5323,0.12168017799512958
5324,5.4095537382002705
5325,2.0147790885748487
5326,2.4841429786040927
5327,1.632453601758617
5328,18.682918426177654
5329,8.231015655497275
5330,4.604165475608026
5331,0.11902683851249395
5332,4.852822996403318
5333,1.8460302697131477
5334,2.175933049904847
5335,1.5427731937548568
5336,16.100196293054797
5337,6.972138207824876
5338,4.055671958934053
5339,0.12400737382642288
5340,4.462753353426432
5341,1.6227475955220092
5342,1.955687858427849
5343,1.3654124926961417
5344,18.14075760047325
5345,8.153186558185986
5346,4.51170072532046
5347,0.12288245830492651
5348,4.771273130719895
5349,1.7032936434358505
5350,2.1468408646513772
5351,1.4934320418968103
5352,17.858760198138757
5353,8.54923670076484
5354,4.433187272112085
5355,0.13957652039496496
5356,5.116902483168229
5357,1.8818703000484807
5358,2.14484171247913
5359,1.5905362186804337
5360,26.89903311291892
5361,11.783790005576936
5362,6.297417143080604
5363,0.19908188156759102
5364,7.269534086422498
5365,2.6406855920903425
5366,3.1663171846570903
5367,2.1533154749990127
5368,30.15296425391214
5369,13.455244027513718
5370,6.97113833260576
5371,0.22803273569468588
5372,8.027462469987615
5373,2.9751887611533303
5374,3.6797327094529084
5375,2.443921080216591
5376,15.430238643515235
5377,7.193532811078251
5378,3.7758924038935775
5379,0.0785511586365874
5380,4.264632748104532
5381,1.5739387809718555
5382,1.8978126223047458
5383,1.303266182105985
5384,22.363306339920605
5385,10.208093341266238
5386,5.375644190311816
5387,0.1729062069191794
5388,6.050828789547907
5389,2.2253135852581116
5390,2.5972421858119836
5391,1.8680668208540483
5392,13.493925196541833
5393,5.923563483126371
5394,3.3389274618590075
5395,0.10639935943296593
5396,3.545134428312909
5397,1.2988993411069518
5398,1.5855528548784057
5399,1.0727242662197767
5400,15.947593994983707
5401,7.142766306184491
5402,4.018553700355869
5403,0.1369656375156306
5404,4.4874361098794555
5405,1.6546472169294673
5406,1.969013750903037
5407,1.4003685658339196
5408,17.71970245677214
5409,8.081533163545748
5410,4.389633811549826
5411,0.1516211844012852
5412,4.740070438375971
5413,1.8626841605523936
5414,2.0628457560461357
5415,1.5201102889777132
5416,21.15815305462963
5417,9.125972459478112
5418,5.053466456610483
5419,0.14889404034372777
5420,5.495690796281283
5421,1.9948919531482474
5422,2.4341955983715566
5423,1.7058440650878828
5424,26.503058375140068
5425,12.562739098465192
5426,6.729879251759038
5427,0.22867911301261398
5428,7.422464518244616
5429,2.8110182658284515
5430,3.3154458906674487
5431,2.2543868327140113
5432,15.949469424490955
5433,7.426219661094022
5434,4.116352499000399
5435,0.1329002103818201
5436,4.558594708243579
5437,1.6832580905678802
5438,1.9608025862298015
5439,1.4489939519408819
5440,41.303993630783694
5441,18.482765401476705
5442,10.146922189061517
5443,0.3479459459465159
5444,11.687924610789976
5445,4.3388353450276
5446,5.1977866096690475
5447,3.509618692097366
5448,20.58848190010389
5449,8.994298490965535
5450,4.818421257039145
5451,0.14093609819428785
5452,5.424479019146029
5453,1.9966475536615105
5454,2.402265568667346
5455,1.6898233062807353
5456,25.92202760516275
5457,11.762153638480166
5458,6.1888443342151325
5459,0.18534707403310885
5460,7.130926590748858
5461,2.528660848082844
5462,3.0068877124640667
5463,2.1253140458864106
5464,38.30670084525532
5465,16.942259791196232
5466,9.40379114795646
5467,0.3371624630801206
5468,10.120343429699973
5469,4.006335502734862
5470,4.496832181727832
5471,3.193399070699976
5472,34.007030945709104
5473,14.309639390999543
5474,8.405576854697202
5475,0.23756542016059873
5476,9.033664337035258
5477,3.2240182744131096
5478,3.843455353383534
5479,2.5886323855816276
5480,21.96338807183879
5481,9.492956039946923
5482,5.421327565921628
5483,0.17739735250085534
5484,5.605833546443519
5485,2.0911883531170794
5486,2.5681556226927347
5487,1.7751061073940846
5488,15.487348515570325
5489,6.933455340565569
5490,3.7475449235346723
5491,0.10920586756837054
5492,4.125920683058972
5493,1.634272596842799
5494,1.884102255113114
5495,1.2741497705674596
5496,28.53812049666973
5497,12.824228944851894
5498,6.491157443866304
5499,0.21312290348038368
5500,7.45977189717578
5501,2.7065434743532224
5502,3.5159625936853955
5503,2.2431456435856743
5504,22.71490708722374
5505,10.47522069695217
5506,5.490971173102786
5507,0.16186730234570076
5508,5.923785298211291
5509,2.2500092533253584
5510,2.6196340956007864
5511,1.876317201536546
5512,16.347287262827404
5513,7.4212446959773954
5514,3.964690056194517
5515,0.12378315686579915
5516,4.342969341320558
5517,1.72598516565901
5518,1.9259508354282273
5519,1.3570139594295203
5520,21.641468077247236
5521,10.21108602548725
5522,5.375057421901731
5523,0.1554335756088615
5524,5.797341153725584
5525,2.1239451465317445
5526,2.654158086180398
5527,1.8511611942999502
5528,14.217747296558771
5529,6.327863968092476
5530,3.447268602125475
5531,0.12700029421377473
5532,4.005502998910089
5533,1.4637426332599501
5534,1.7120299780742154
5535,1.1852684274469505
5536,15.551396863528211
5537,6.94933276308763
5538,3.803294627290099
5539,0.12644375231334679
5540,4.337895063618027
5541,1.5261240049609663
5542,1.8558476386886869
5543,1.2575346039078625
5544,31.49451800096313
5545,13.673084594625022
5546,7.76701402554393
5547,0.21263231701807855
5548,8.829567805551452
5549,3.059607192433729
5550,3.700716356960693
5551,2.5125435918397874
5552,16.232673693722653
5553,7.384896639116087
5554,4.173936739723906
5555,0.11789654806354331
5556,4.541821696680249
5557,1.6235760796655498
5558,1.9746627021588687
5559,1.377626530589538
5560,34.30777928111629
5561,15.388958490230712
5562,8.385746727978377
5563,0.3493547669659195
5564,8.979020022430673
5565,3.3292557001802456
5566,4.145632305104512
5567,2.8528442366977327
5568,23.31213599765201
5569,10.530042773651328
5570,5.761308037256591
5571,0.17599088663443066
5572,6.287163397390767
5573,2.4131496379466117
5574,2.8323622762762746
5575,1.9686756399180396
5576,17.19030183911427
5577,7.875894269164207
5578,4.3356397776523865
5579,0.14023547032012634
5580,4.725394475101008
5581,1.7805720109654861
5582,1.9714830140186685
5583,1.4339000347573838
5584,44.54972839874394
5585,19.966820661306926
5586,11.04447458629845
5587,0.32291830504874725
5588,12.159529880553588
5589,4.809769015233739
5590,5.3964132212601275
5591,3.742665428585221
5592,19.40326305375084
5593,9.283762652481741
5594,4.954254673047646
5595,0.12043057950762864
5596,5.4807124702537715
5597,1.9740099283636725
5598,2.3772994061905406
5599,1.586047843434737
5600,25.667720144474654
5601,10.900698359587425
5602,6.126003161565027
5603,0.19589752394890195
5604,6.71388428602779
5605,2.5317583228314273
5606,2.9854912949912795
5607,1.9769459660112398
5608,28.495228973166554
5609,12.287593824403663
5610,7.166319261792313
5611,0.19461599790240935
5612,7.903052616638784
5613,2.8853143994061723
5614,3.5814776865441256
5615,2.3138016747842665
5616,21.641033772823956
5617,9.684100925511881
5618,5.308791597652849
5619,0.15433589456999527
5620,5.866818603555204
5621,2.2478084280618362
5622,2.565186977422567
5623,1.8262394791140106
5624,24.282633463322238
5625,11.113234237687093
5626,5.783343542116037
5627,0.18132252514735614
5628,6.48164254855157
5629,2.280042069691659
5630,2.7370391449565767
5631,2.0884655982205356
5632,14.983270922432597
5633,7.076791946834259
5634,3.817334670820457
5635,0.11676776863769521
5636,4.256763057502517
5637,1.478549547569673
5638,1.8738467707280262
5639,1.287510177022047
5640,35.817827176183485
5641,16.35050939242387
5642,9.057947642465855
5643,0.27050232531957935
5644,9.742257827803323
5645,3.6018615065043127
5646,4.151534188670709
5647,3.031368712426423
5648,14.987067714878268
5649,6.8330769572288546
5650,3.544630810848965
5651,0.0958769675515345
5652,3.7982207580259577
5653,1.417523583998383
5654,1.631444778849838
5655,1.2451007346331475
5656,16.015613746750354
5657,7.0786800514013235
5658,4.101898840696907
5659,0.12802243286716797
5660,4.426603947790486
5661,1.6607766047687198
5662,1.930685417695482
5663,1.3537196644141214
5664,24.258472080659157
5665,10.959890143542067
5666,5.465697230344282
5667,0.16673214626496233
5668,6.373747708193043
5669,2.3587280670282955
5670,2.798348488310802
5671,1.9570452650043584
5672,26.25617581990655
5673,12.1892368207025
5674,6.286723441631521
5675,0.19941161748770503
5676,7.094039725651196
5677,2.7673332726018884
5678,3.2915783262809906
5679,2.347109087810894
5680,18.95947009949135
5681,8.324472507023478
5682,4.4441221995466105
5683,0.11825705621601855
5684,4.952599179032316
5685,1.7766748116998115
5686,2.2247857423722017
5687,1.5269716548093162
5688,20.39500159886881
5689,9.093739555636292
5690,4.897432105603354
5691,0.14612472811138663
5692,5.283747781085543
5693,1.9279267456658118
5694,2.308511536458266
5695,1.6447264184780421
5696,54.864574077151445
5697,26.654913918518652
5698,14.089466840992634
5699,0.42288956194196964
5700,15.658098857100562
5701,5.997506475954435
5702,7.35602331787233
5703,4.9928497123914894
5704,16.018373169967962
5705,7.093429367661782
5706,4.066035847355051
5707,0.13362470856083927
5708,4.40954310514288
5709,1.6454018791664171
5710,1.9317388880566884
5711,1.3651325176844442
5712,20.31196774523717
5713,9.347018472858432
5714,4.0457336319077175
5715,0.9037582382372642
5716,3.613820592394403
5717,1.793744657964756
5718,1.8604270989705738
5719,1.533376604352763
5720,22.536274246647487
5721,10.749563684189445
5722,4.696123712827234
5723,0.9447213007628411
5724,4.677046236804403
5725,2.0812542095616378
5726,2.2586297566936846
5727,1.7583583500819062
5728,21.881065787441656
5729,10.060194880629476
5730,4.5427938394396055
5731,0.7809399162564828
5732,4.144135954195574
5733,1.9621234399727108
5734,2.0839630408323275
5735,1.6490853597722241
5736,20.467635237914187
5737,9.074511375503821
5738,4.135156123076158
5739,0.7948533061919467
5740,3.7484940198690806
5741,1.7221707191460427
5742,1.9451393468942557
5743,1.4893787129544391
5744,18.002888370035297
5745,8.266548617375948
5746,3.796106488273474
5747,0.8266614798257856
5748,3.444988981298894
5749,1.5639420120820033
5750,1.7335361327733398
5751,1.3810535759920455
5752,20.75463718203278
5753,9.286486766825844
5754,4.209223326830506
5755,0.7469042957609417
5756,3.879386001085526
5757,1.6349218305193642
5758,1.8832027350133516
5759,1.5100313243680492
5760,19.742697923800204
5761,9.493388552646557
5762,4.018952271194807
5763,0.8730141984943489
5764,3.836716090325915
5765,1.745349476509002
5766,1.8811765682858388
5767,1.5187996025853632
5768,28.54322929755231
5769,12.850054409532088
5770,5.565669301423402
5771,1.2445490709771467
5772,5.2103293403885464
5773,2.3803539952251804
5774,2.483909142784471
5775,2.063874625608228
5776,33.05303710889083
5777,14.884153360283818
5778,6.654167121787095
5779,1.2194787457828262
5780,6.368612990147089
5781,2.8488834039335216
5782,3.299787188777034
5783,2.4056136591609447
5784,16.470171757536484
5785,7.8913323801139965
5786,3.2663297288856965
5787,0.6720835057291173
5788,3.2159920346268174
5789,1.4710236754177326
5790,1.5934277104160803
5791,1.256393208925528
5792,23.384968853409834
5793,10.679953441373199
5794,4.7074969626421455
5795,0.9637205390517579
5796,4.47525414926828
5797,2.0017626553070955
5798,2.238453900505658
5799,1.7772902078803912
5800,13.838517067393724
5801,5.766334352247513
5802,2.8982163906791865
5803,0.7255479498600248
5804,2.5901988856422236
5805,1.2890226443859836
5806,1.4126367395443575
5807,1.1369024896024904
5808,17.245859266841414
5809,7.7786220891551165
5810,3.813093424095559
5811,0.7622787722779009
5812,3.464266481855191
5813,1.5866385865718509
5814,1.748417615874515
5815,1.3819669466128817
5816,19.661235816280907
5817,9.29593332425916
5818,4.0907365441677195
5819,0.8177879916621977
5820,3.623979753386633
5821,1.6928457747271193
5822,1.8409382528265992
5823,1.5185858633546805
5824,22.597468395551527
5825,9.83796909741661
5826,4.510736681173571
5827,0.9269273983334874
5828,4.124240916196813
5829,1.8642691291264508
5830,2.079686752690713
5831,1.7144058486799132
5832,28.87003956646854
5833,13.104718894081314
5834,6.136108685106841
5835,1.153583138737724
5836,5.710844491784007
5837,2.620040885006966
5838,2.8898326598565496
5839,2.2011180157428463
5840,16.933215586195402
5841,8.00220637022603
5842,3.651212754802579
5843,0.7267040883080271
5844,3.3595039863436034
5845,1.5774752444254463
5846,1.722717802649445
5847,1.3912684912005358
5848,45.87834718797899
5849,20.664330291725044
5850,9.216689548965594
5851,1.6601398337000801
5852,8.659532229080884
5853,4.010873357295839
5854,4.442771292342683
5855,3.4020142073909025
5856,21.95071329429623
5857,9.997707261955417
5858,4.4044987703455005
5859,0.9183263158862086
5860,4.063889127103795
5861,1.8889961555485724
5862,2.0520013984800496
5863,1.6931195587753438
5864,27.918790140179585
5865,13.00068220004469
5866,5.5133228966297505
5867,1.053901893874295
5868,5.187952529808996
5869,2.3138924046346796
5870,2.6445909946776864
5871,2.0940169836023728
5872,42.71494205266525
5873,18.909769845358205
5874,8.543004018997646
5875,1.678622676661011
5876,7.867731443873106
5877,3.723954300801795
5878,3.9391723510143555
5879,3.188760511028411
5880,37.2231339041247
5881,15.804099632037715
5882,7.35295064888176
5883,1.536490911708981
5884,6.682525858294904
5885,3.06608213161889
5886,3.356832233336768
5887,2.617503470288216
5888,24.469030917541044
5889,10.949600080020353
5890,4.779332111487825
5891,1.0120339792445823
5892,4.500101816875487
5893,2.0291336524400285
5894,2.1723488866415672
5895,1.781027421953897
5896,16.94901290982782
5897,7.41756013207767
5898,3.287448796474896
5899,0.7189370369123373
5900,3.1149013193131605
5901,1.5103566969360127
5902,1.6471009234926455
5903,1.2048424524133956
5904,30.962834793133162
5905,13.290202908779019
5906,6.063071670298267
5907,1.1656582630376473
5908,5.827968505112912
5909,2.5362093825813017
5910,2.906510647904786
5911,2.29334223361991
5912,24.157986651098124
5913,11.093912671760727
5914,5.011594759759979
5915,1.005078234335216
5916,4.455625251178481
5917,2.069748352752472
5918,2.2284055134156335
5919,1.865511574862618
5920,17.488125249731116
5921,8.144886339592233
5922,3.618893908476971
5923,0.7077738435294391
5924,3.35284005536463
5925,1.548906259838886
5926,1.6820414445279699
5927,1.2983277179393933
5928,24.744521330067478
5929,11.520390390272985
5930,4.925366872570525
5931,0.9523584531535046
5932,4.612311304694823
5933,2.0126597869123457
5934,2.258921207131066
5935,1.8224316507730336
5936,16.077638957307478
5937,7.084753293388287
5938,3.1762943220157736
5939,0.7005496891925725
5940,2.9564024131178366
5941,1.4187837175323053
5942,1.5617085495860508
5943,1.1844041373967622
5944,16.52543582109618
5945,7.533746349229623
5946,3.3962323830775176
5947,0.6915106376750284
5948,3.2512533388627016
5949,1.4896034264641123
5950,1.649574619794416
5951,1.2229709095060104
5952,34.70521217112504
5953,14.727196478804927
5954,6.684280951170489
5955,1.315983202449776
5956,6.50520326242052
5957,2.862650110951859
5958,3.1386434201656304
5959,2.5027562586163064
5960,18.526850593862015
5961,8.451200143722481
5962,3.7327731592320217
5963,0.8443070317620075
5964,3.5055448648029444
5965,1.6104641423287371
5966,1.763550043561106
5967,1.3819153594787368
5968,39.21808154980429
5969,16.581889052100937
5970,7.994478804726022
5971,1.684388786145673
5972,6.874929218363334
5973,3.1879090093468827
5974,3.559281152267247
5975,2.875010911077241
5976,27.70790484713482
5977,12.441068980317707
5978,5.6281935580549804
5979,1.0961273226139827
5980,5.102413523923198
5981,2.374057494002135
5982,2.4735399643396927
5983,1.9281613198598566
5984,18.851319202557995
5985,8.999244581948203
5986,4.057459972399402
5987,0.869239128155336
5988,3.6502308554916505
5989,1.7323334121581988
5990,1.8280816109660831
5991,1.472801929589307
5992,49.109113148384694
5993,21.68838485223242
5994,10.09362866722936
5995,1.6445724356296212
5996,9.374086385298485
5997,4.3390506126925334
5998,4.734480397418826
5999,3.520815477073697
6000,21.95296886659139
6001,10.175252101895149
6002,4.720355654234964
6003,0.7400406559137048
6004,4.252617542906329
6005,1.8607953208875034
6006,2.0165832387763154
6007,1.6375357430835025
6008,27.52804344401669
6009,12.116130455128923
6010,5.570117944540954
6011,1.0919253904785091
6012,5.354504453811464
6013,2.350204548954392
6014,2.6352873762539604
6015,2.029094912119287
6016,32.80718612580752
6017,13.895275023459698
6018,6.521737584354073
6019,1.2701451671634532
6020,5.9875667094801654
6021,2.723267747237034
6022,3.0782888683343095
6023,2.37453368136447
6024,24.10400269978354
6025,10.88804215765798
6026,5.022203164535282
6027,0.9564691459985595
6028,4.687329211724178
6029,2.1020205361282875
6030,2.301501660354883
6031,1.8279390768763442
6032,25.07415635851678
6033,11.549898157769842
6034,5.314277872569582
6035,1.0297807763289524
6036,4.764773852446237
6037,2.128538772882087
6038,2.428035115035819
6039,1.9886910616013118
6040,17.134458402115204
6041,7.581323636057987
6042,3.507333720839365
6043,0.718461398893226
6044,3.257995369319831
6045,1.4311741902187571
6046,1.6850959282351432
6047,1.2474557105729103
6048,40.94987646286916
6049,18.448775627541146
6050,8.122171789118992
6051,1.5218495265827388
6052,7.282553742428292
6053,3.3899435827107345
6054,3.616637239801265
6055,3.0484945981427876
6056,15.533940697148424
6057,7.027342281744812
6058,3.1699402812816833
6059,0.72637598882875
6060,2.9585133778776673
6061,1.3655431129697007
6062,1.4992516012308283
6063,1.1745679150450838
6064,17.413306874937035
6065,8.042939198457168
6066,3.665405437009077
6067,0.7407063930746558
6068,3.3575987765444366
6069,1.5753049878970824
6070,1.7194469009193267
6071,1.3779807381894886
6072,25.930402405243505
6073,11.947050047230816
6074,5.199030030369008
6075,0.9603599058321194
6076,4.958977967126808
6077,2.265431454405568
6078,2.4294740428488355
6079,2.0160975398784142
6080,28.431204233875498
6081,12.854741935241611
6082,5.913014204740466
6083,1.065587140545318
6084,5.638517528999505
6085,2.5916475458228567
6086,2.90219369184284
6087,2.252483223701754
6088,20.703239513341497
6089,9.32234174661826
6090,4.000541217795354
6091,0.7180988647691614
6092,3.997197012991484
6093,1.7044853401531797
6094,1.9687154965662874
6095,1.5049784335448966
6096,21.793364324234044
6097,10.150841502152634
6098,4.594095772970512
6099,0.8722899531162414
6100,4.0936222518192
6101,1.919729875927435
6102,2.049766405056233
6103,1.634631736196954
6104,60.41241643037904
6105,27.90648426432091
6106,13.344483115766721
6107,2.059480369345695
6108,12.475999791358701
6109,5.6819191497160775
6110,6.204118419356211
6111,4.825330624200849
6112,17.475957744175076
6113,7.772514513779903
6114,3.6477504012366655
6115,0.7341695835862649
6116,3.4098352601664055
6117,1.581131852227349
6118,1.7830985322553725
6119,1.3328720945417682
6120,17.810145544097843
6121,7.829171020862912
6122,4.952200454861481
6123,0.08549239381133025
6124,5.4740132724289285
6125,2.047279476586323
6126,2.481741802369039
6127,1.5744331226441337
6128,20.14461394039977
6129,9.405297783519684
6130,5.717298729450815
6131,0.11284167652040557
6132,6.5062986145383315
6133,2.4619531849667027
6134,2.980528525130731
6135,1.8688906193461672
6136,18.493580608162816
6137,8.42587575971282
6138,5.198752149339139
6139,0.09303432120800412
6140,5.582832407935236
6141,2.150300997178515
6142,2.607692746256514
6143,1.6544176884798276
6144,17.151710555588558
6145,7.561006109846829
6146,4.958964443905602
6147,0.08355558321495497
6148,5.20447670455307
6149,1.932144866357473
6150,2.491546294207754
6151,1.5360648127495578
6152,14.982996585454586
6153,6.895584662002508
6154,4.495622956271294
6155,0.0917734554366822
6156,4.7975031049868395
6157,1.7032430034806052
6158,2.1304267168900424
6159,1.4519475821690442
6160,16.811354950925978
6161,7.934817610790177
6162,4.931379264615018
6163,0.07351099651870682
6164,5.2041231254253795
6165,1.7583959386318107
6166,2.3062933443463502
6167,1.4722361655818563
6168,16.45398534684318
6169,7.832265183458454
6170,4.782663326124701
6171,0.08598357693350375
6172,5.3561106438689245
6173,1.925256340559553
6174,2.3938648165733363
6175,1.5416466358560714
6176,26.127532375264582
6177,11.748855162270745
6178,6.921908149753683
6179,0.18896797573813298
6180,7.581703278209788
6181,2.7180288818399156
6182,3.4201559116457014
6183,2.1510054010231543
6184,26.583087423159714
6185,12.072963835179692
6186,7.259650385174703
6187,0.15662345625393898
6188,8.038816889568645
6189,3.1068026841994594
6190,4.033946279560712
6191,2.384461521890214
6192,14.70831634064502
6193,7.035815912944021
6194,4.2662489655983435
6195,0.0598124069549509
6196,4.602665810721763
6197,1.67400566393157
6198,2.028035832723112
6199,1.3399574406920773
6200,20.512039719545154
6201,9.21276215108307
6202,5.731026960210873
6203,0.10424117904000907
6204,6.254627004662797
6205,2.3051808032300087
6206,2.827436438393994
6207,1.8670992561461703
6208,12.962185457352863
6209,5.439261489832166
6210,3.4212170170748935
6211,0.06170236837202128
6212,3.824404880654998
6213,1.3731549917786807
6214,1.7339237298122137
6215,1.1445461276425835
6216,14.29049308959622
6217,6.400132807926246
6218,4.279382988744036
6219,0.0695303076156905
6220,4.743389676729156
6221,1.731559139175664
6222,2.0854158063131143
6223,1.3877147611567522
6224,16.99324462575169
6225,7.81279106080464
6226,4.940151696527931
6227,0.09575334644844022
6228,4.986283547323567
6229,1.9031727532355254
6230,2.3483609572390622
6231,1.621102444892818
6232,18.831979946708103
6233,8.17508190120208
6234,5.355307514525739
6235,0.11024462313151369
6236,5.565441637172132
6237,2.0297853010165037
6238,2.5816482366687707
6239,1.7598571467473494
6240,25.435926984231557
6241,11.60195860098741
6242,7.098079418760008
6243,0.1372223715126133
6244,7.664257811977408
6245,2.8884170391072677
6246,3.5505425615770623
6247,2.199484178704085
6248,14.131798939372525
6249,6.606865579902894
6250,4.418316419207705
6251,0.08671808525808833
6252,4.681617811052452
6253,1.7438675377719817
6254,2.1017512613522547
6255,1.4391749965767775
6256,39.4103042423487
6257,17.74134086056836
6258,10.51418058142639
6259,0.27504716460150314
6260,11.560891195435739
6261,4.475308037056429
6262,5.500387586567517
6263,3.582172591689718
6264,18.802624276384787
6265,8.624479084874546
6266,5.305970750523378
6267,0.08914065857147496
6268,5.788390677680925
6269,2.072792265568848
6270,2.6198061316386028
6271,1.7397728386666174
6272,23.80579231209568
6273,11.761923682681825
6274,6.542013354164226
6275,0.14612084939112677
6276,7.259292117203684
6277,2.552288708469208
6278,3.314906738424759
6279,2.0506374888243943
6280,35.69604925681559
6281,15.828994699249046
6282,9.539611038188626
6283,0.2275449589538763
6284,10.185312297680627
6285,4.0994380654998155
6286,4.73023188160166
6287,3.197902150581783
6288,30.799987057066424
6289,13.79667759363838
6290,9.159428612514516
6291,0.20514287757581753
6292,9.048723984165807
6293,3.4847805134219385
6294,4.217111360398007
6295,2.6789921763217928
6296,20.368355740456735
6297,8.845222488640784
6298,5.575657293744044
6299,0.14398626920901336
6300,5.906510055843755
6301,2.280037382025365
6302,2.744146923118962
6303,1.8303346142020103
6304,14.329057911769494
6305,6.243751613345318
6306,4.089428430168335
6307,0.06696037865506886
6308,4.369380572009352
6309,1.6700791948313702
6310,1.9974403359266735
6311,1.3155707014186968
6312,26.295827277780962
6313,11.612079883923368
6314,6.890954092806422
6315,0.15354689967724422
6316,7.755280493641332
6317,2.8647452672011178
6318,3.600747987861667
6319,2.318744488728228
6320,20.625513602340387
6321,9.300081647096365
6322,5.945711841314348
6323,0.11456992668654033
6324,6.132824899543255
6325,2.317689336889346
6326,2.810143846828033
6327,1.8813700099944777
6328,15.191412035174688
6329,6.784114813065141
6330,4.38736926892883
6331,0.06715372836417058
6332,4.570010371347667
6333,1.710772908209406
6334,2.0810322236257472
6335,1.4019737558238894
6336,20.956872356208216
6337,9.864782199859759
6338,5.785869600620833
6339,0.12316718949163662
6340,6.219076785411494
6341,2.313179027832007
6342,2.804573720329251
6343,1.8699580685035562
6344,13.46843621423537
6345,6.013094721880721
6346,3.7969682033308922
6347,0.06388704620147481
6348,4.217857434655858
6349,1.5238847232601611
6350,1.8806416141014797
6351,1.3064458745795346
6352,14.192290306864317
6353,6.3619991240118
6354,4.0662621190939054
6355,0.06741950674918783
6356,4.592480167564799
6357,1.59277498453977
6358,1.9463950195246897
6359,1.2757208997516258
6360,29.842701441241804
6361,13.430646818271368
6362,8.26167817506005
6363,0.18407567423693977
6364,8.783643827430822
6365,3.243888804458829
6366,4.031937676094257
6367,2.585097625410922
6368,15.227208193840884
6369,6.955041760294853
6370,4.360122188751927
6371,0.08533913373154813
6372,4.7282492527754405
6373,1.7304014653570579
6374,2.120842563821038
6375,1.3857354807837383
6376,33.192136211459186
6377,13.791601865575217
6378,8.549002393431747
6379,0.1852671635597124
6380,9.114239777276975
6381,3.451595091246396
6382,4.4601457509852604
6383,2.822503384073832
6384,22.344998575931236
6385,10.266144270260718
6386,6.342624504792708
6387,0.12773982350544333
6388,6.81147336357348
6389,2.558990413656691
6390,3.0740757514033388
6391,1.9723194888736975
6392,15.50775437231174
6393,7.2761714211613056
6394,4.631077753447936
6395,0.08046223427958475
6396,4.995687078532485
6397,1.8346131718257928
6398,2.1965663875600394
6399,1.4608361581984708
6400,41.99593820063368
6401,19.467614806633975
6402,11.649236224606417
6403,0.2976138692648378
6404,12.800703776205784
6405,4.782110382772719
6406,5.587406964738254
6407,3.781047007166776
6408,18.4442897123251
6409,8.660029825355009
6410,5.48365650642772
6411,0.07924555914582787
6412,5.658584105202746
6413,2.076748075038862
6414,2.5205840518890046
6415,1.60994489318934
6416,22.755023761899793
6417,10.592211748523782
6418,6.57401049932804
6419,0.15327918331751214
6420,6.979230383635293
6421,2.6568412515067648
6422,3.3562239650148253
6423,2.1229568327115262
6424,26.93021205928444
6425,12.247609596117206
6426,7.54355305886135
6427,0.17187498717715013
6428,8.116599416906675
6429,3.0616904673552523
6430,3.8806870116847083
6431,2.4317262285621233
6432,19.809683888537958
6433,8.907519774253792
6434,5.7131582900663815
6435,0.11652076443461738
6436,6.219009973618878
6437,2.3264796926977747
6438,2.82589196041543
6439,1.8833029860220138
6440,21.904168853452344
6441,10.20895268602169
6442,6.358117892287862
6443,0.12714948960048414
6444,6.595197162653782
6445,2.488013448477883
6446,3.1575629555627036
6447,2.1265677564998255
6448,14.413975627405751
6449,6.2823614632713864
6450,4.063838746875023
6451,0.08222304063434
6452,4.370246307770461
6453,1.5488970795756283
6454,2.0374994217227167
6455,1.2996062733162659
6456,34.695229289319116
6457,15.512596697456269
6458,9.407529865078917
6459,0.22341358104406556
6460,10.161939267870434
6461,3.8260287970110722
6462,4.454426399358006
6463,3.139287071604949
6464,13.176299471430108
6465,6.163254182662503
6466,3.8816554604954168
6467,0.05307563522549207
6468,4.107859921335276
6469,1.4778833068430208
6470,1.8259667572781313
6471,1.2177901444392605
6472,14.35156906856957
6473,6.633797701214031
6474,4.453841709006515
6475,0.08811995440341346
6476,4.718656266199435
6477,1.7806311871022842
6478,2.1440792294346522
6479,1.4454202277560149
6480,21.730283230132724
6481,10.166606182505094
6482,6.023801832499435
6483,0.12292333012629451
6484,6.5667573654605755
6485,2.5129269554496205
6486,3.0428035724918785
6487,2.0737439420163972
6488,24.69407410356428
6489,11.474754275372058
6490,6.881509634043724
6491,0.13926258045437792
6492,7.450383867231318
6493,2.9802381650015186
6494,3.6617887243846643
6495,2.3902541483864126
6496,17.15477888075015
6497,8.04450216815303
6498,4.641697307235626
6499,0.0852341935161776
6500,5.235049957704769
6501,1.8868219861440758
6502,2.486750637500155
6503,1.5152280951551307
6504,19.05692162572671
6505,8.413911878344086
6506,5.287630256536425
6507,0.11091632944650369
6508,5.442412682328629
6509,2.028430850081151
6510,2.5840200814834224
6511,1.6325851084792053
6512,58.55303910368509
6513,26.435384129276663
6514,14.71534726354054
6515,0.4155336178578819
6516,16.170041706220406
6517,6.010813856429815
6518,7.513311968285378
6519,4.897156408771782
6520,14.845083014232042
6521,6.438062971907892
6522,4.379926061261226
6523,0.07314371340036027
6524,4.564044316582759
6525,1.752824716383897
6526,2.198285393719262
6527,1.3657586428796082
6528,19.724989025728426
6529,8.931479391433173
6530,3.8768194889212535
6531,1.080267888169233
6532,3.304434508199447
6533,1.7592128278536971
6534,1.7637084865762305
6535,1.5535875118595135
6536,20.764893533716208
6537,9.790248157952185
6538,4.357262591914939
6539,1.2379389687027318
6540,3.753161804456246
6541,1.9028314466456075
6542,1.9619355020031193
6543,1.620208776802166
6544,19.672445389023526
6545,9.04443949720159
6546,3.9833457525188867
6547,1.1851198080726333
6548,3.3592161767650217
6549,1.7018864958813622
6550,1.799649258807227
6551,1.4960147715116745
6552,18.820527276370605
6553,8.730772973463264
6554,3.6368546118334204
6555,1.1037077640326243
6556,3.117703975413303
6557,1.643580542524128
6558,1.7858363241832573
6559,1.4705988819632354
6560,17.215877814943724
6561,7.719258216851485
6562,3.4019590863768516
6563,0.9717383802121016
6564,2.959369309907526
6565,1.5135947604855133
6566,1.6260805320593728
6567,1.3294972709804296
6568,19.291201441348527
6569,8.401559293735609
6570,3.728710275850768
6571,1.0583855985198738
6572,3.2926083575409697
6573,1.6068467533682589
6574,1.7555061772109903
6575,1.4873769925817366
6576,18.32934396715816
6577,8.604810122107803
6578,3.6615429037717697
6579,1.155336049748824
6580,3.153895731355639
6581,1.6588737710562562
6582,1.7051513156556235
6583,1.4806916931408023
6584,29.03845764411076
6585,13.499142797538443
6586,5.544690430750385
6587,1.5427764151038135
6588,4.985479300646242
6589,2.4810492307551857
6590,2.5272277534443375
6591,2.1931228309572175
6592,30.152305433168547
6593,13.81959042404463
6594,5.863853685400592
6595,1.661423813342149
6596,5.104529838967612
6597,2.5351579008618343
6598,2.737141127031361
6599,2.269280893620757
6600,16.813221954485137
6601,7.716917721198902
6602,3.09118930502867
6603,0.8958580640614375
6604,2.9777867638116904
6605,1.439723915593511
6606,1.4627472164857633
6607,1.2467753987567003
6608,21.5331344089913
6609,10.284897182485695
6610,4.259973552402806
6611,1.2757802948855779
6612,3.6786602125712906
6613,1.900053165729536
6614,1.9520723749879545
6615,1.6639860612377348
6616,14.032272533758098
6617,6.0807179152207755
6618,2.937220004893432
6619,0.889035848537541
6620,2.439009361312367
6621,1.2443588340373608
6622,1.3219759742791815
6623,1.1312669177282453
6624,15.215584647176973
6625,7.019329279135694
6626,3.2049762996971425
6627,0.9669676995837991
6628,2.826114586290147
6629,1.4195318433741992
6630,1.4847333709919461
6631,1.2812643785534499
6632,17.512107545821305
6633,8.187815308263207
6634,3.532026348561186
6635,1.0694320051709547
6636,2.8961104517106975
6637,1.5732568002055929
6638,1.632360282812049
6639,1.4142401500172144
6640,21.196139768784295
6641,9.472959275225286
6642,4.134707133405551
6643,1.279349980205992
6644,3.527457385611972
6645,1.779675808887491
6646,1.851799884556645
6647,1.5947065464936887
6648,26.584151798496304
6649,12.401406748350468
6650,5.494948421903281
6651,1.5629790672846489
6652,4.618760893107543
6653,2.360942115567831
6654,2.527439336356392
6655,2.1197594855415134
6656,14.917271480461581
6657,7.0921609167681865
6658,3.190100848519763
6659,0.9607516534040856
6660,2.701224157233649
6661,1.4525580042561483
6662,1.4904935812310942
6663,1.3220020616441226
6664,43.50404177537171
6665,19.009967177193406
6666,8.306749960318287
6667,2.2273224176567847
6668,7.1290821061858045
6669,3.3963490281237685
6670,3.834973512698542
6671,3.0641536792942916
6672,20.509663675107255
6673,9.507789950976367
6674,4.023506859511
6675,1.2319918769897547
6676,3.448286448111593
6677,1.811987327145352
6678,1.8379100285197758
6679,1.598270336521289
6680,27.01135103008579
6681,12.869997076181265
6682,5.19998623041365
6683,1.5281107527572957
6684,4.482724793901428
6685,2.2877852672315986
6686,2.440745556890762
6687,2.0743493043658865
6688,40.657210178320554
6689,18.45288773215335
6690,7.608006802297203
6691,2.3780132087817143
6692,6.484707619034681
6693,3.4184697222909506
6694,3.3676185527961127
6695,2.9453668143744967
6696,33.08813048499219
6697,14.931432962350412
6698,6.438063802591627
6699,1.8353306528506694
6700,5.440449330046031
6701,2.772770157517118
6702,2.8784823559414137
6703,2.4822010730441093
6704,22.052476224459106
6705,10.428370161191145
6706,4.372811207690739
6707,1.3764616539713297
6708,3.7054828300611877
6709,1.9237763241473285
6710,1.9795457639116505
6711,1.6930245721532777
6712,15.433248219377196
6713,6.905787370446057
6714,2.9720671502496034
6715,0.9393869418200712
6716,2.7180971473295337
6717,1.4081504189508023
6718,1.4948199371429842
6719,1.2495784206236307
6720,27.966732047695587
6721,12.513246441974207
6722,5.510007956502398
6723,1.489409458746498
6724,4.742654167160183
6725,2.3903021692634447
6726,2.607746233616591
6727,2.1102054789623454
6728,22.87654131138658
6729,10.498486916825685
6730,4.27942997019419
6731,1.3048749841531133
6732,3.61296449398535
6733,1.9403821346282863
6734,1.9499725750965122
6735,1.7021838595988996
6736,15.669959872112692
6737,7.238294829177961
6738,3.295782155706683
6739,0.9416894982924474
6740,2.731474005934348
6741,1.4481039055923834
6742,1.4809530451009494
6743,1.257082244812869
6744,22.149231622576263
6745,10.49371931212223
6746,4.357622993834697
6747,1.324515742799044
6748,3.6116774489542727
6749,1.8568097060089512
6750,1.9819438818627282
6751,1.6804434682392986
6752,14.317638702962551
6753,6.095270915425298
6754,2.8057459159992875
6755,0.9318939456412992
6756,2.4762871708320318
6757,1.344127046970708
6758,1.3811259339071664
6759,1.220377816251686
6760,14.325775690221825
6761,6.535313720655737
6762,2.951788730189923
6763,0.9224726318993277
6764,2.4711457947729025
6765,1.3059708457109347
6766,1.3998325173928305
6767,1.197465107848724
6768,30.79268452426317
6769,14.469718200215514
6770,6.071559977783264
6771,1.6685348104137891
6772,5.463097178073572
6773,2.609752192691105
6774,2.8719940816856813
6775,2.4109246640321045
6776,16.986498025806338
6777,7.844488747852316
6778,3.3883816795027606
6779,0.9818327115288534
6780,2.8767778785398956
6781,1.498180709019924
6782,1.5684649004609013
6783,1.3429557860343129
6784,36.48555171508552
6785,15.302272883181278
6786,7.374367809111679
6787,2.261812068194271
6788,6.009353452746192
6789,2.8421020060361966
6790,3.084500229530758
6791,2.6700240879640735
6792,25.06463562520471
6793,11.24325968346667
6794,4.871077649727322
6795,1.4189150546278897
6796,4.0034621952117995
6797,2.1137914141486456
6798,2.213710364713646
6799,1.8612206330069612
6800,17.934829365868026
6801,8.203908736678672
6802,3.613106709761959
6803,1.023711899810845
6804,2.9578434392446535
6805,1.5814283475963307
6806,1.6212314122403715
6807,1.400144310631478
6808,46.213287086191265
6809,20.832142523795188
6810,9.180930256889647
6811,2.5547751792088227
6812,7.614294281969792
6813,4.10421103684495
6814,4.2765202569592065
6815,3.4581762641566693
6816,19.904433779677955
6817,9.187530643162688
6818,4.024001856137877
6819,1.131276356234453
6820,3.3971206904187063
6821,1.7770049408986883
6822,1.7920361429747849
6823,1.5086706263879741
6824,26.45931202494028
6825,12.133454595992188
6826,4.861358426314536
6827,1.5219196971970979
6828,4.314599250506745
6829,2.1990785498427003
6830,2.2590322872119946
6831,1.9872078517440896
6832,31.311627909984185
6833,13.913255728194853
6834,6.062146107886646
6835,1.7131050824443281
6836,5.057697723411244
6837,2.6214287946828905
6838,2.796919373559325
6839,2.3313329612293967
6840,22.614360787950627
6841,10.239220859299008
6842,4.217624787655558
6843,1.3701424921661058
6844,3.746373063315753
6845,1.920769778339507
6846,1.9810497289651325
6847,1.7464494868531033
6848,22.820313208835064
6849,11.216956069952392
6850,4.691769220608187
6851,1.356444534638611
6852,4.02692118001364
6853,1.9410462463158644
6854,2.1390593773621625
6855,1.818554441569345
6856,14.634460234326093
6857,6.620163867001478
6858,3.002831396145155
6859,0.891489988400797
6860,2.5070188146989594
6861,1.3231958858779727
6862,1.411379164990171
6863,1.1973013849116128
6864,36.724582041253235
6865,17.14888498565824
6866,7.371028089304091
6867,2.0898945009389505
6868,6.3118650720577545
6869,3.053397606501894
6870,3.198957328456376
6871,2.7610839550480764
6872,14.78893093951705
6873,6.5707287763224835
6874,2.899407172881027
6875,0.9263206627605416
6876,2.557778681765665
6877,1.3222253254928515
6878,1.3938738940393243
6879,1.206446055025431
6880,15.610504607295832
6881,6.817872989465811
6882,3.2483708691240025
6883,0.9271385517876592
6884,2.732865717089421
6885,1.3940004021233314
6886,1.51089445980329
6887,1.251538951756097
6888,23.379266306131612
6889,10.619254556344403
6890,4.471848929268807
6891,1.3787830148126907
6892,3.9042993569271225
6893,1.9928797966601535
6894,2.0810845092035173
6895,1.8494256242658196
6896,26.89881563741493
6897,12.54577940833416
6898,5.371703457219484
6899,1.4387307558172633
6900,4.628452778668457
6901,2.390779953177192
6902,2.5317081174812883
6903,2.222978592934978
6904,19.26421411266982
6905,8.806254266453852
6906,3.4564290598556533
6907,1.0565085183191618
6908,3.32060162166515
6909,1.6636514496338592
6910,1.6414900300602229
6911,1.5415034347523666
6912,19.943929869057513
6913,9.294406474119134
6914,4.102202694410493
6915,1.1711458953390534
6916,3.3813931988229498
6917,1.7775888193107652
6918,1.8005988871806708
6919,1.550336910229639
6920,59.708546183570135
6921,27.22717968819352
6922,12.08830416002069
6923,2.9090844402920686
6924,10.707413638916307
6925,5.142916554903256
6926,5.5021578861906395
6927,4.683716143978151
6928,16.11814248799
6929,7.225562097800634
6930,3.4330766836694
6931,0.9977949994099666
6932,2.771838628687931
6933,1.430067706955561
6934,1.6350629689554428
6935,1.325542530413194
6936,18.452258059762435
6937,8.263562791018252
6938,4.680547674156354
6939,0.08958119965029639
6940,5.22916919091571
6941,1.9891091447259373
6942,2.2411988455113776
6943,1.5348829741415535
6944,21.067872697175194
6945,9.399802568411143
6946,5.608843257908261
6947,0.11511182882890522
6948,6.387402475156935
6949,2.2880554066605776
6950,2.784985309124968
6951,1.796778653206128
6952,18.99317681042855
6953,8.912067958372244
6954,5.031547525045646
6955,0.11228474320419751
6956,5.527072903907806
6957,2.055373606604096
6958,2.4285534500869046
6959,1.663300078292819
6960,18.148400621232803
6961,8.209086998473868
6962,4.62367444456703
6963,0.10689941637352961
6964,4.8399156353812645
6965,1.849931256304518
6966,2.244819391841047
6967,1.5522498135406428
6968,16.12493930668983
6969,7.18264023878949
6970,4.201215593186073
6971,0.08946925918194382
6972,4.566047610075111
6973,1.6686164576890161
6974,2.004542082123967
6975,1.3693555384372131
6976,17.92785657173625
6977,7.852750992097801
6978,4.694809485527461
6979,0.10056185218760347
6980,5.085849136927372
6981,1.7976959105897052
6982,2.254595704826638
6983,1.4402820343010614
6984,17.90611117501183
6985,8.12550723932461
6986,4.542074470859417
6987,0.11903860229798863
6988,5.197232094125287
6989,1.8790150377839443
6990,2.2036820424470727
6991,1.5243990698277416
6992,26.896660194709327
6993,11.83438726165209
6994,6.660193566730232
6995,0.16780830236659133
6996,7.523564593211848
6997,2.7034634783615354
6998,3.2360466761144595
6999,2.126455785341276
7000,29.619390480035506
7001,12.978785815146262
7002,7.2543152229313606
7003,0.1802722430366358
7004,8.18232386851484
7005,2.95820134075246
7006,3.726680770795754
7007,2.422368488107933
7008,15.960876607059104
7009,7.545916033130222
7010,3.953313839157047
7011,0.0791656394236334
7012,4.426417234046042
7013,1.6281588198514705
7014,1.8193131282786614
7015,1.2427150887528637
7016,22.358580547475423
7017,10.045011668315075
7018,5.335380394037252
7019,0.1236126073741113
7020,6.147589728867723
7021,2.2198289627789927
7022,2.6015795428456516
7023,1.8594258970957989
7024,13.499876174309993
7025,6.106380850142429
7026,3.5858326673575602
7027,0.01470929915898444
7028,3.7597448086720733
7029,1.3150509311947014
7030,1.5854255336545064
7031,1.0398316265843073
7032,15.551256674213562
7033,7.156271453957576
7034,4.075420267453071
7035,0.08595209119631582
7036,4.651182303310638
7037,1.6485926434679754
7038,1.971476069344493
7039,1.3974869854373013
7040,17.692645581520793
7041,8.174166173819033
7042,4.452684804916233
7043,0.10389477986969042
7044,4.772506683189872
7045,1.8269380435234075
7046,2.1388165962750763
7047,1.527083219191983
7048,20.08161887990363
7049,8.663868628185044
7050,4.998300596775224
7051,0.12019588685584882
7052,5.424123046657228
7053,1.955918032363121
7054,2.3671119804469574
7055,1.655224257163576
7056,26.79366526815216
7057,12.078406173106346
7058,6.946383932961655
7059,0.17260158041441956
7060,7.365615471855457
7061,2.782247452650404
7062,3.3839476264617416
7063,2.2590128103202534
7064,15.213643440163393
7065,7.332329588594201
7066,4.173468432341301
7067,0.08357290399261248
7068,4.521669133484385
7069,1.6825684516014356
7070,1.956848712733458
7071,1.4386917757157374
7072,42.96227692009742
7073,18.503895804510428
7074,10.590359248857915
7075,0.23299366852137995
7076,12.15067564355537
7077,4.225558748940007
7078,5.329024240922529
7079,3.486746247248642
7080,20.122285717214424
7081,8.90783455345218
7082,5.001422516596817
7083,0.11203558951257726
7084,5.530669613257487
7085,2.0145491287709314
7086,2.443443058462825
7087,1.635254054394492
7088,25.590350743814266
7089,11.675825394949022
7090,6.182198651157296
7091,0.16750466312129808
7092,6.922212905558073
7093,2.5670912874813228
7094,3.1914532252680194
7095,2.0295368550587276
7096,38.36027824140798
7097,17.517233201592354
7098,9.613103190131238
7099,0.23442767680072701
7100,10.53479036906573
7101,3.980558245163371
7102,4.575833874368128
7103,3.0970436898630567
7104,34.113451848777345
7105,14.653672804151528
7106,8.818000781526234
7107,0.24158495879042408
7108,9.20696389136185
7109,3.3675518140731517
7110,4.154036558656796
7111,2.682270271886228
7112,21.902440625188852
7113,9.746836989084079
7114,5.366464489238192
7115,0.13220729279990995
7116,5.8342547914478375
7117,2.133975314249638
7118,2.606179879984597
7119,1.7797050208835727
7120,15.427575844039442
7121,6.911702891732013
7122,3.79476173424477
7123,0.08767783452254231
7124,4.3633612642626565
7125,1.6140141174886355
7126,1.93943995650245
7127,1.3060444655474548
7128,28.7910095420328
7129,12.20999481316241
7130,6.864964018906935
7131,0.17604725371790028
7132,7.877490166200163
7133,2.842201165600241
7134,3.4517043551431756
7135,2.244926168419645
7136,22.41037648521592
7137,9.739482145410005
7138,5.623453767316765
7139,0.12310719186734713
7140,5.9467199607356624
7141,2.25571967075706
7142,2.5579532817450747
7143,1.8308148319064386
7144,15.65708918710886
7145,7.3166630026424855
7146,4.023992372904052
7147,0.07395961956115998
7148,4.4715863725716565
7149,1.6984591517543428
7150,1.9307706542657743
7151,1.3246491669982488
7152,21.79491571592151
7153,9.964466255299335
7154,5.54370373500412
7155,0.12840275447303087
7156,5.981414716991817
7157,2.166048426217894
7158,2.6406346315100677
7159,1.82564275654062
7160,14.877893982863334
7161,6.455092385886308
7162,3.5227632676016314
7163,0.07912483913375315
7164,4.149461662740019
7165,1.513369054520077
7166,1.6694828964372426
7167,1.209974817924612
7168,15.342200537969276
7169,6.739850094228737
7170,3.794077976801983
7171,0.09345084565098635
7172,4.35709886293003
7173,1.5395635268743235
7174,1.9008230312562207
7175,1.2474981220244643
7176,31.48332423579854
7177,13.887035961068262
7178,8.115161435379992
7179,0.19023229882173645
7180,8.762676750751211
7181,3.0802892504052175
7182,3.8914275541785863
7183,2.5377218178508882
7184,15.770933131418438
7185,7.237499815528857
7186,4.22576015086273
7187,0.06852462005104613
7188,4.532887306381817
7189,1.6543201149468127
7190,2.043990399676471
7191,1.3866547742810555
7192,35.54205050097596
7193,14.591237109104979
7194,8.285593850075156
7195,0.23149600754114721
7196,9.228860572751236
7197,3.22299143842213
7198,4.197321774495359
7199,2.8575389128314996
7200,23.375936348029626
7201,10.436336647100797
7202,5.958221769688147
7203,0.1485765651187942
7204,6.417481539977057
7205,2.439464942248403
7206,2.976517244301302
7207,1.9199850057277335
7208,17.092597410652843
7209,7.806859032158632
7210,4.3931603204674845
7211,0.0942080670368061
7212,4.720521024686572
7213,1.7736720371250743
7214,2.046172236374828
7215,1.4374151918348315
7216,43.56428270338284
7217,19.820691741843063
7218,11.426561209455345
7219,0.23842707435688687
7220,12.692874637249595
7221,4.542862948800235
7222,5.410604962234995
7223,3.6671286619009065
7224,19.526589336100866
7225,8.959915319549609
7226,5.100661339615043
7227,0.11124921423953942
7228,5.577969684491748
7229,2.093483750691228
7230,2.381558340257902
7231,1.649336861038144
7232,25.138912799797115
7233,11.030071866172216
7234,6.035760472413035
7235,0.1630765732599712
7236,6.965752217115961
7237,2.5389390033233363
7238,3.048324294894393
7239,2.0141698280715126
7240,29.06156314665153
7241,12.043107126161463
7242,7.180730303175504
7243,0.1585741949735522
7244,7.692590498308211
7245,2.805983595390829
7246,3.618567328133227
7247,2.3429208941971984
7248,22.601044701102573
7249,9.608321296461455
7250,5.404259388186232
7251,0.12016382644934306
7252,6.0054093361866245
7253,2.189776178078409
7254,2.606415196765021
7255,1.8657242228187512
7256,23.34690146845158
7257,10.80803264415657
7258,5.834436851219758
7259,0.138334135855816
7260,6.601876806661399
7261,2.3249203823393336
7262,2.976416560474586
7263,2.044239880579432
7264,15.777349429052963
7265,6.840825544546277
7266,3.8726363625460145
7267,0.09600838189284179
7268,4.441961116176905
7269,1.5442805615903303
7270,1.8785577290203632
7271,1.2991579134072617
7272,36.85511654493541
7273,16.600599030947745
7274,9.300044778854877
7275,0.22426161171443162
7276,9.888407378841897
7277,3.7595410601631007
7278,4.539704873573153
7279,3.0446196580106837
7280,14.252143712170547
7281,6.447145980747011
7282,3.548618129270112
7283,0.0758600555481345
7284,3.8559579005390336
7285,1.4495030222870677
7286,1.6988092504885706
7287,1.2301404278531143
7288,15.95066896211628
7289,6.9671252446963265
7290,4.088276047681476
7291,0.0878312149253521
7292,4.585673936470831
7293,1.6521234102329931
7294,2.03797604527356
7295,1.3649015510009157
7296,23.748532907397202
7297,10.541852557033666
7298,5.841049511934266
7299,0.12354319775913472
7300,6.643762547142737
7301,2.4299914613809075
7302,2.943831981738917
7303,2.047062107768101
7304,26.838764794102225
7305,11.673966240933403
7306,6.486426063893352
7307,0.16910691895755003
7308,7.483240434572387
7309,2.794090797070993
7310,3.353592728788681
7311,2.37555191111976
7312,17.999162790856033
7313,8.217079584728694
7314,4.378574773211881
7315,0.11300953998027274
7316,4.9372546829613775
7317,1.7947883117980317
7318,2.1427664836387237
7319,1.5018639684342103
7320,19.601114616833343
7321,8.758744486689558
7322,5.040821488482061
7323,0.12430968588995008
7324,5.201490539446746
7325,2.022727934310972
7326,2.40275699144899
7327,1.6724213920960318
7328,55.9304531459247
7329,25.96001816220446
7330,14.820802774063464
7331,0.40837818223151867
7332,15.638547345402554
7333,6.005272920558783
7334,7.124525958567937
7335,4.831806138662784
7336,16.240401167994843
7337,7.287099645108346
7338,4.174350305830636
7339,0.08896128968920705
7340,4.5583205865256
7341,1.6544363644329483
7342,2.1443024481947504
7343,1.3839818265114643
7344,17.647391372088055
7345,7.802561579401346
7346,3.309908486135677
7347,1.5421337856471977
7348,2.273098400757776
7349,1.5775734435245012
7350,1.4806111992634017
7351,1.418898378713016
7352,20.159442172453847
7353,9.632596825918908
7354,4.167011345655789
7355,2.0271947741015084
7356,2.9204994013432346
7357,1.965520166179926
7358,1.8595173455741534
7359,1.770653886721641
7360,20.108810066953268
7361,8.854018806488748
7362,3.969915505348636
7363,1.893424374837399
7364,2.665148545334139
7365,1.7937374622916238
7366,1.8127892860323607
7367,1.6759119053762108
7368,18.780410047422933
7369,8.216582104030774
7370,3.63243787439011
7371,1.6851515860399082
7372,2.5480236209774834
7373,1.640942538647904
7374,1.6261946253723445
7375,1.4947371922104764
7376,16.4175080046115
7377,7.224041978119032
7378,3.202957943942936
7379,1.459930015585829
7380,2.3910853467236666
7381,1.4296848409607856
7382,1.477553550362409
7383,1.3319770614388349
7384,19.161911945561858
7385,8.397401324779482
7386,3.5133537935481387
7387,1.7244392052161952
7388,2.5191555243233847
7389,1.6101133179309863
7390,1.6600624809364928
7391,1.533183466980157
7392,17.98702410798818
7393,8.481967885659648
7394,3.6070932567459746
7395,1.7795373694873502
7396,2.5808652418044176
7397,1.6788986771700307
7398,1.6021177988660726
7399,1.5377457830832608
7400,25.50101667041327
7401,11.274337455852384
7402,4.573978713345328
7403,2.2922129971843686
7404,3.227175014135082
7405,2.27362840545159
7406,2.1620587318486786
7407,2.0776013621431795
7408,29.748365010043468
7409,13.679401373890487
7410,5.664741521516305
7411,2.594623875945885
7412,3.8288231849688272
7413,2.617359706750533
7414,2.5692534037152717
7415,2.4489756937531353
7416,15.516793993207783
7417,7.089215285168385
7418,2.879470817412885
7419,1.3772276530334688
7420,2.255578849277305
7421,1.4046836103106697
7422,1.400556387160785
7423,1.3358412378158853
7424,20.857936562499408
7425,9.698247424858598
7426,4.1616409894246935
7427,2.004716065799484
7428,2.827429735248029
7429,1.9334112301704378
7430,1.87464916428012
7431,1.8081259364803792
7432,13.075299938907913
7433,5.480175245676457
7434,2.377966973823852
7435,1.1500737365633562
7436,1.5934227426609684
7437,1.1496971813767929
7438,1.0991589226755272
7439,1.1129352462620947
7440,15.542033015663158
7441,7.016407402639995
7442,3.2087295850174775
7443,1.478764707214757
7444,2.1127995803890256
7445,1.4402458602036912
7446,1.431003075840129
7447,1.3526142069108706
7448,17.325455555095473
7449,8.085053718709219
7450,3.4361478462996775
7451,1.6325767658040573
7452,2.3514021870383184
7453,1.5888015843389147
7454,1.568461638361914
7455,1.5268229795991528
7456,20.267923677209538
7457,8.929484869234667
7458,3.9660172810144414
7459,1.87979502472448
7460,2.700853950669691
7461,1.7433828904544995
7462,1.727804903092382
7463,1.6718892172940936
7464,27.09881166617024
7465,13.099960630044231
7466,5.652268393783222
7467,2.5548065520676926
7468,3.869600543509548
7469,2.682236714523876
7470,2.489187758406476
7471,2.3626291871634053
7472,15.520243321050202
7473,7.237919631141175
7474,3.174747287886808
7475,1.4587482728295358
7476,2.2412758085588607
7477,1.4782939829486361
7478,1.4191675333706408
7479,1.427986501100497
7480,41.707938993058
7481,18.63775294353792
7482,7.835131908535432
7483,3.84021290579283
7484,5.10033698455037
7485,3.5715964695420785
7486,3.5413542378073957
7487,3.2806915049562457
7488,19.845680303725103
7489,9.080188327302592
7490,3.6789102805029694
7491,1.7639405332989688
7492,2.688939992581897
7493,1.7279048472520733
7494,1.6485497923961296
7495,1.6812821757951666
7496,26.41061355187579
7497,12.054338426906453
7498,4.834301260838335
7499,2.353614467881269
7500,3.478672506113294
7501,2.1935872188263463
7502,2.2307799822265717
7503,2.111193199202676
7504,39.81386215591772
7505,17.818105858944158
7506,7.17232615861623
7507,3.3175580202225055
7508,4.626282107031837
7509,3.421035028137814
7510,3.1987620957678016
7511,3.119863506883322
7512,34.76651380596593
7513,14.875199484250363
7514,6.040523689929824
7515,3.209420494247431
7516,4.216765070791561
7517,2.8151870906478917
7518,2.722313699569041
7519,2.6810678187698915
7520,22.13792633925476
7521,9.806327263242117
7522,4.414252553055658
7523,2.112558005021465
7524,2.8437244713306273
7525,1.9258496246681247
7526,1.8854169045821751
7527,1.7996265985163564
7528,15.860077677100088
7529,7.0183035490272525
7530,2.909859725410501
7531,1.45901508640091
7532,2.060608511954022
7533,1.496983193354221
7534,1.4321338010611542
7535,1.292627895532732
7536,29.85976144963896
7537,13.574956474075433
7538,5.391082192555856
7539,2.4574212849124093
7540,3.6990448926312167
7541,2.561354287964126
7542,2.62812625439583
7543,2.362412368203889
7544,21.292742739287842
7545,9.949490764451392
7546,4.087656910296939
7547,2.0331750873793863
7548,2.7963686978587043
7549,1.9022439393148804
7550,1.8587650756571406
7551,1.7819239011995522
7552,16.31975857330235
7553,7.400928050832253
7554,3.118103050222488
7555,1.4868020657645173
7556,2.2390964943001124
7557,1.5146467376558979
7558,1.4365846359443022
7559,1.3468296557841455
7560,21.467360515596113
7561,10.331059668923661
7562,4.310941158567915
7563,2.1035612554960053
7564,2.8096606373669517
7565,1.8426102186518984
7566,1.9230939388300952
7567,1.8271878122317602
7568,14.431487445090566
7569,6.553133924223482
7570,2.816962226748687
7571,1.4147393549794454
7572,1.979147802702465
7573,1.3406223201645222
7574,1.3161915400204014
7575,1.2250699868067805
7576,14.929528107208137
7577,6.749677917816287
7578,2.8754919553393004
7579,1.3585295625272902
7580,1.958843469381484
7581,1.3181845440093987
7582,1.3024737703574025
7583,1.2087518668259827
7584,32.965776381837564
7585,14.28616198492051
7586,5.8432651450248185
7587,3.0121812084173785
7588,4.158441052949477
7589,2.809551517732036
7590,2.771440009108857
7591,2.709150706733953
7592,16.430442603565727
7593,7.155673616623343
7594,3.239470703489581
7595,1.476057074917926
7596,2.219507710035086
7597,1.4462466972551589
7598,1.4581070508170644
7599,1.3632695160036974
7600,34.93815040704703
7601,15.28793462758713
7602,6.871000246396222
7603,3.0151082212053817
7604,4.1897127590570085
7605,3.021707334478338
7606,2.9597642872870336
7607,2.816874373659039
7608,23.290825163148657
7609,10.548454292890922
7610,4.600926134540757
7611,2.1682413195505856
7612,3.116462414472487
7613,2.1487188973141325
7614,2.0670890745487855
7615,1.9621019227693295
7616,17.285641950303557
7617,7.995200922693394
7618,3.368526393415568
7619,1.5600088439572009
7620,2.4399566630898764
7621,1.5442021041139973
7622,1.5320340792260563
7623,1.4299340648774623
7624,48.605630153562934
7625,20.81901469920781
7626,8.88489916802195
7627,4.077441665939884
7628,6.065093447464863
7629,4.209631578085791
7630,4.094618111075638
7631,3.6697258801512187
7632,20.101140549885155
7633,9.484568091782622
7634,4.1027053081769935
7635,1.8592668794430787
7636,2.7997730574399626
7637,1.772605177382159
7638,1.8035467128971794
7639,1.6532329330318936
7640,24.720510672470475
7641,10.911608155365752
7642,4.73302656394891
7643,2.396280040587143
7644,3.422249176825615
7645,2.310280688429859
7646,2.1975206827034426
7647,2.0575616983465763
7648,30.401476523597296
7649,12.99222082400735
7650,5.705587584020688
7651,2.585789868130524
7652,3.8909224207811235
7653,2.646958358340199
7654,2.6654690860343138
7655,2.3394668928223057
7656,22.301762821476284
7657,9.657924188435278
7658,4.19047512681015
7659,2.058536220664301
7660,2.9297521452633877
7661,1.9838717916003537
7662,1.9078699712320089
7663,1.8109251147184862
7664,22.54118915521689
7665,10.719338238709023
7666,4.592216439417705
7667,2.2364519749582903
7668,3.183827682431584
7669,2.0103586618687563
7670,2.008353495052538
7671,2.0323867268004636
7672,14.665593659765372
7673,6.898457832926965
7674,2.9082234244294085
7675,1.4065063838988598
7676,1.9044215155065556
7677,1.3124954191463234
7678,1.301835338409535
7679,1.2169282026574648
7680,37.23118125043894
7681,17.49257179222107
7682,7.069371151862094
7683,3.514430652200438
7684,4.642813695421062
7685,3.2040546958452767
7686,2.9632478507894033
7687,3.030059395811815
7688,14.035850438856594
7689,6.444079783415026
7690,2.7252914633301493
7691,1.3425189381484492
7692,1.888162661186613
7693,1.2710612229397578
7694,1.2510062767318226
7695,1.1855715918626433
7696,15.360571968437753
7697,7.006447674880787
7698,3.1544811552852323
7699,1.5059959157127154
7700,2.03052066475768
7701,1.4234260197026234
7702,1.390105740282233
7703,1.3097770997610543
7704,23.361950699213537
7705,10.941405254504177
7706,4.39504383600314
7707,2.182815327161983
7708,3.1099974106158164
7709,2.1247717379186395
7710,2.0890119692725166
7711,1.9879779664438841
7712,26.594299251937098
7713,12.259052703433584
7714,5.159925470933317
7715,2.410375993958131
7716,3.507949526761818
7717,2.5649221368404556
7718,2.515077150467236
7719,2.324924623791768
7720,18.3508789005145
7721,7.914508112485285
7722,3.42882916680636
7723,1.6742421469071769
7724,2.50913309149171
7725,1.59887701640669
7726,1.5969096582567548
7727,1.5321977960757989
7728,21.104886024670495
7729,9.292939588456269
7730,4.109157004380132
7731,1.9635225359857607
7732,2.6616608828414545
7733,1.8024570619021336
7734,1.7756892938064655
7735,1.7103920825559202
7736,58.32798719169814
7737,27.933940224144383
7738,11.71084646376225
7739,4.489139619305297
7740,7.9510509443313815
7741,5.156264469028612
7742,5.332663465659874
7743,4.835950666172396
7744,15.958909885874935
7745,7.236980210784745
7746,3.095202450647556
7747,1.508047880549255
7748,2.173193414292068
7749,1.463934592185366
7750,1.460065198910263
7751,1.3782527987564692
7752,16.095724130902305
7753,7.650197236295322
7754,3.2166995303694628
7755,1.3188715957941046
7756,2.156253099353094
7757,1.438101314955591
7758,1.3943611535107006
7759,1.3202240256783397
7760,19.30456899569248
7761,8.691811869975387
7762,3.88508096724551
7763,1.6811699658081956
7764,2.627101732840899
7765,1.6447524951946726
7766,1.6542710054027772
7767,1.527979711363364
7768,17.708986777485126
7769,7.694766511248787
7770,3.538392917695314
7771,1.6492092708042259
7772,2.1880907432821446
7773,1.6128819694115373
7774,1.5225611405248882
7775,1.4549381639496
7776,15.757134465162265
7777,7.013289297914173
7778,3.1501982851811454
7779,1.4158138128069155
7780,2.0491627102569914
7781,1.3938942299110093
7782,1.4219759561360736
7783,1.3292378578507138
7784,14.285935439884518
7785,6.595845491283824
7786,2.923198931118669
7787,1.3088015284573011
7788,1.9114682590769212
7789,1.2744703071412407
7790,1.2626795628176941
7791,1.2184292835984607
7792,15.769731796646603
7793,6.902593038097651
7794,2.8317629272749447
7795,1.4473551587154068
7796,1.9761058267797014
7797,1.307771471770036
7798,1.3664864736462117
7799,1.270250193386666
7800,15.420976903184293
7801,7.205547877791798
7802,3.1184078694336574
7803,1.4044223842353318
7804,1.9880309070261672
7805,1.3605375883273647
7806,1.3573849161088154
7807,1.262692745482885
7808,23.914771201184756
7809,10.535218852514843
7810,4.203801728447876
7811,2.0653222399696793
7812,3.127500250928273
7813,2.0171481037930765
7814,1.9545322877822422
7815,1.779491677339282
7816,26.098965540880197
7817,11.290418865733377
7818,4.896945881510411
7819,2.2890841327874067
7820,3.288153689204492
7821,2.1834334495010643
7822,2.2065325583659265
7823,2.180910676592808
7824,14.0173840027444
7825,6.479122893959249
7826,2.579060150388416
7827,1.180774317114388
7828,1.982641117423338
7829,1.2534300351623262
7830,1.2601192312583929
7831,1.1632222394112994
7832,19.232693587032543
7833,8.956805808192629
7834,3.7730590362882297
7835,1.6440121758806456
7836,2.4687743516762617
7837,1.6769196649712559
7838,1.6289963294131864
7839,1.5545986738374886
7840,10.74157907326016
7841,4.808221726670579
7842,2.157057131319532
7843,1.007352246164399
7844,1.5572438085157785
7845,1.0150883977863838
7846,0.9997170310770696
7847,0.9734547958060951
7848,13.1972037408049
7849,5.919130704629574
7850,2.717139515154366
7851,1.2817014253504304
7852,1.79549096463226
7853,1.2312177048363961
7854,1.1881387200448221
7855,1.1702821826878542
7856,14.910001715252827
7857,7.141281995878979
7858,2.9526487094965397
7859,1.4263005261866566
7860,1.8418334482257235
7861,1.327577663839468
7862,1.283655894134656
7863,1.3088559690665527
7864,17.180407221356162
7865,7.775811093161887
7866,3.5054809143493104
7867,1.5570732429211749
7868,2.165907872709308
7869,1.465854553705513
7870,1.4791525397998742
7871,1.4289527913671995
7872,22.001297574336988
7873,10.947296785802799
7874,4.538932368118695
7875,2.2646229821674315
7876,2.87415236527424
7877,2.1036468575110554
7878,2.0118373914855225
7879,1.8715870730993664
7880,13.450335832393465
7881,6.231586085781951
7882,2.7842459119565097
7883,1.2436907257445802
7884,1.8457023175641325
7885,1.2166158256664734
7886,1.237858393743971
7887,1.1978862507908368
7888,38.61682441939624
7889,17.96228240055636
7890,6.81815060512348
7891,3.2133732238740156
7892,4.937722389305683
7893,3.3320292221702146
7894,3.3088118865435057
7895,2.941306294339664
7896,19.919717417566766
7897,9.162521912139175
7898,3.7949705161370866
7899,1.5183104829597323
7900,2.865445852206167
7901,1.7104516841966704
7902,1.7198185942643132
7903,1.5349188960417182
7904,23.475196826293523
7905,10.589127091537858
7906,4.226889399066331
7907,1.9238465651509677
7908,2.9604734074900487
7909,1.8954910805961132
7910,1.931598793991251
7911,1.7518459432764764
7912,32.26102474728485
7913,15.634508175879844
7914,5.858571150575049
7915,2.8977589028236697
7916,4.150663446843368
7917,2.8272501772183425
7918,2.607366262202038
7919,2.5645080204569735
7920,28.76183168074535
7921,13.310701102605586
7922,5.049328575141359
7923,2.6472913379374274
7924,3.558184699600788
7925,2.346395930847448
7926,2.334707276721097
7927,2.1459307818233917
7928,18.467621887272408
7929,8.33742132645217
7930,3.6017301020433528
7931,1.6356952054350387
7932,2.2608881314305824
7933,1.5386371770628169
7934,1.4803956034605952
7935,1.4297012978677373
7936,12.9336938219625
7937,5.906509644277132
7938,2.510359785064179
7939,1.2621106532397541
7940,1.6882434502394599
7941,1.212288435522567
7942,1.1535516370607835
7943,1.1051682027579195
7944,24.452785889076118
7945,10.971560343790584
7946,4.711933261201346
7947,2.2666255248475973
7948,3.009148873194783
7949,1.9966648277385513
7950,1.986513918760417
7951,1.901008909877841
7952,21.460390133343203
7953,9.602110435261457
7954,4.0394981570506605
7955,1.7387587469494499
7956,2.722885202402569
7957,1.8798461371079007
7958,1.7642362919948238
7959,1.6710259500852829
7960,13.780875972702217
7961,6.345663225432679
7962,2.664387800840995
7963,1.288015362378842
7964,1.8161195547599402
7965,1.2243278463974159
7966,1.1820115050461664
7967,1.1487816951006211
7968,18.4082475697538
7969,8.912904067348451
7970,3.7932219770260436
7971,1.6725661840316832
7972,2.399075156938383
7973,1.600413641937576
7974,1.6273645375889054
7975,1.570167714169104
7976,12.31502891450129
7977,5.400287895610604
7978,2.3628501318591275
7979,1.176166859948816
7980,1.6899546309746794
7981,1.102836851312334
7982,1.0826375913786348
7983,1.0834671583319422
7984,13.5734231566306
7985,6.22511316827823
7986,2.6696327023529918
7987,1.2258521096466146
7988,1.831958360963519
7989,1.2192761012393043
7990,1.2154509233295638
7991,1.1640747901769881
7992,28.67780558695391
7993,12.884123231719542
7994,4.885848736313571
7995,2.4076357374576394
7996,3.8310814240354327
7997,2.226651014797216
7998,2.324296104772168
7999,2.1402546936705518
8000,13.902233384418778
8001,6.478812576732319
8002,2.853037782020333
8003,1.290039150803559
8004,1.806675038938836
8005,1.266819035412608
8006,1.2513546829991282
8007,1.2039441605526353
8008,30.636465489961566
8009,13.459185389487958
8010,6.33403185608681
8011,2.506557669657488
8012,3.9299567495400995
8013,2.5054889493183516
8014,2.54867918498136
8015,2.474480813486981
8016,22.077910941432584
8017,10.232148570746222
8018,4.728899090116649
8019,1.8835571580351762
8020,3.2152089222716107
8021,1.967916063386512
8022,1.9601205545593652
8023,1.6939593683816927
8024,14.707617887531029
8025,6.849211049589574
8026,2.9578060022931516
8027,1.3397561850858517
8028,1.8353825929149687
8029,1.2876453572685556
8030,1.2245667416320307
8031,1.2035339925649509
8032,42.80502338122524
8033,19.977730248416666
8034,7.769025415306019
8035,3.1301433812463797
8036,5.975157215431831
8037,3.70691544886045
8038,3.460804096923581
8039,3.2877060097264836
8040,16.90290801030438
8041,7.9175117853260275
8042,3.491465039710489
8043,1.569148069742046
8044,2.1760377532667463
8045,1.5318184734408888
8046,1.4266328642142048
8047,1.3693231885437112
8048,21.5102658367592
8049,9.615551667849042
8050,4.044072671454239
8051,1.9953179947717825
8052,2.6677674883302394
8053,1.8664490317930595
8054,1.7855793219174
8055,1.6466431115115592
8056,25.18643383289952
8057,11.744468984914034
8058,4.995225941630585
8059,2.255414791290217
8060,3.220144230002093
8061,2.155302473913404
8062,2.144357525406623
8063,1.9504359959403283
8064,18.552701919508728
8065,8.295357471093684
8066,3.4449500469696175
8067,1.6769798457094112
8068,2.266289553825416
8069,1.602466235922723
8070,1.6282611857370144
8071,1.5144547638172738
8072,21.073864362958684
8073,9.60917803064375
8074,4.101004973003363
8075,1.8401202923127178
8076,2.8078051734734197
8077,1.7077932479172129
8078,1.7594410006378085
8079,1.7041243487545161
8080,13.21690631714627
8081,6.042761442668985
8082,2.606694665188235
8083,1.2147181758487517
8084,1.7344037994389225
8085,1.1243158084724616
8086,1.1535439560338818
8087,1.09764918989279
8088,32.345114603811616
8089,15.605788256880516
8090,6.1511023257802755
8091,2.8906294035885365
8092,4.313985514769528
8093,2.7596024434653708
8094,2.6238568522199124
8095,2.561228993326462
8096,13.150333064970502
8097,5.883019720586047
8098,2.5767772878234374
8099,1.1888993131241172
8100,1.7884555036046186
8101,1.1946902980102978
8102,1.1675899168986459
8103,1.141538800269267
8104,13.653647699641654
8105,6.211974868495234
8106,2.715004369974739
8107,1.2578886114132561
8108,1.8167865569810406
8109,1.2420589870032692
8110,1.2067749480191938
8111,1.150560644079481
8112,20.135510770249645
8113,9.078567169714448
8114,3.6756534833169563
8115,1.904961055628891
8116,2.547824843046313
8117,1.7238047406093493
8118,1.6406438435545383
8119,1.608365757640397
8120,22.00159489966293
8121,10.250860470221143
8122,4.194245010778507
8123,2.0696004118022566
8124,2.7093292811973413
8125,1.9934104057480282
8126,2.027421321412148
8127,1.9119700004269153
8128,16.336529405667214
8129,7.747193659416479
8130,3.200840386898662
8131,1.5097831405455588
8132,2.2032535971525213
8133,1.4519890990672302
8134,1.475776676410964
8135,1.3700116661485071
8136,16.59872724410945
8137,7.6998303943497675
8138,3.2556499787725244
8139,1.5588729322717638
8140,2.071919603418104
8141,1.4670860608129055
8142,1.358095003691138
8143,1.3615437722023744
8144,56.14847913370737
8145,25.59312459695171
8146,10.098485766535788
8147,4.278273997528421
8148,7.079373383891428
8149,4.572335885626012
8150,4.622648667658392
8151,4.231093367301374
8152,13.823634377610606
8153,6.25317665014994
8154,2.8310447345916585
8155,1.327408998321896
8156,1.8548817820726236
8157,1.272334303185091
8158,1.305344953838754
8159,1.215661307711126
8160,20.048408062608583
8161,9.149939355936226
8162,3.953684266662886
8163,0.8777378660449067
8164,3.7508687055367966
8165,1.8127654974383236
8166,1.8653314301984951
8167,1.543308932529479
8168,21.792163638116392
8169,10.448480095615258
8170,4.60304030680197
8171,0.9051927446755593
8172,4.448086225183007
8173,2.023555757400156
8174,2.0665145591553027
8175,1.6992138321407186
8176,20.93648339205466
8177,9.558705555375967
8178,4.2656409973931755
8179,0.9022301811834758
8180,3.9307132466123007
8181,1.792471717129326
8182,2.0149974509257094
8183,1.5436543816627315
8184,19.05501273714624
8185,8.62604682045005
8186,4.004261541965026
8187,0.7981603008995396
8188,3.6300429987325797
8189,1.6574432523876108
8190,1.7810811701214093
8191,1.479016047037762
8192,17.32729934465186
8193,7.675657304916052
8194,3.5284079491318727
8195,0.7793717297221394
8196,3.3780447592016887
8197,1.5329282764367889
8198,1.657777991257322
8199,1.3858988637448872
8200,19.29689707349921
8201,8.607983575777277
8202,3.710428613784778
8203,0.8199207421117761
8204,3.4715770283210188
8205,1.569295081700855
8206,1.7557894690996976
8207,1.4152849608754456
8208,18.652917186193203
8209,9.16572821659264
8210,3.9391394159020727
8211,0.9128869365233109
8212,3.711130628437427
8213,1.6989079387652195
8214,1.7920718820297834
8215,1.53975261385624
8216,28.49354280753051
8217,12.78717349983234
8218,5.456234221165935
8219,1.20249721986567
8220,5.2039157987028135
8221,2.3815457282394745
8222,2.522321791152922
8223,2.0815493228476596
8224,30.890505950562996
8225,14.098509829816809
8226,6.196788129038906
8227,1.3249811969639784
8228,5.838496662667925
8229,2.6058978028234905
8230,2.8889466574616955
8231,2.2658578384864043
8232,16.351409143006162
8233,7.550063359347751
8234,3.260104231815439
8235,0.6920225384151135
8236,3.260065165429709
8237,1.4636654090380963
8238,1.5900043865075872
8239,1.2828708899187011
8240,22.862213633246625
8241,10.760911213078206
8242,4.785368056741981
8243,0.931598057932447
8244,4.499029050506734
8245,1.996701339389274
8246,2.1788687312896897
8247,1.7944627962377742
8248,15.247002780567799
8249,6.378207356372882
8250,3.1059679892493706
8251,0.6824501035618262
8252,2.7524009772772007
8253,1.2897886472866014
8254,1.4189830162483286
8255,1.1431457968280139
8256,16.196420090203166
8257,7.163236428761633
8258,3.426584286778529
8259,0.7466011169780392
8260,3.1375904444164027
8261,1.4394597242987905
8262,1.5979721870318295
8263,1.288018192990961
8264,18.437922618712825
8265,8.56598950869845
8266,3.832118028270494
8267,0.8069518783913364
8268,3.470724006125619
8269,1.6311476796309485
8270,1.7143068790131464
8271,1.4515987934554992
8272,21.101207751121624
8273,9.684607050311843
8274,4.424015998218325
8275,0.9338859884381219
8276,3.962223367280875
8277,1.7937374216142967
8278,1.9585183321729143
8279,1.6503953278720558
8280,27.986186724025274
8281,13.282212960473238
8282,5.932142014542867
8283,1.1850589684900994
8284,5.423213723059216
8285,2.5355950705964005
8286,2.7002487464931284
8287,2.1599319000473645
8288,16.262468764246375
8289,7.616586182886969
8290,3.448541326843473
8291,0.7140577469834377
8292,3.2562914091077206
8293,1.4850896938617912
8294,1.5964585574000933
8295,1.330678213018572
8296,43.12588325216609
8297,19.484681486510198
8298,8.761800415333793
8299,1.7097235049827004
8300,8.45988043317084
8301,3.7871557371254037
8302,4.266132465356119
8303,3.2711254685603635
8304,22.134848310260114
8305,10.105120023802224
8306,4.272858296283247
8307,0.8629193680218938
8308,4.175618759243274
8309,1.8366469410114614
8310,1.9784009859658518
8311,1.6574782641868864
8312,26.517282096697038
8313,12.155689162744013
8314,5.240758355231326
8315,1.1604669238096421
8316,4.974841112279021
8317,2.163686988095185
8318,2.432162972959417
8319,1.9461989097169352
8320,40.91947139777659
8321,17.9816912818802
8322,7.9956277122507045
8323,1.7671218601770167
8324,7.190912268622522
8325,3.437316578526699
8326,3.4931345527115214
8327,2.9495182073724724
8328,35.734385516061764
8329,15.132935826799779
8330,6.9194857247023105
8331,1.4930163105754706
8332,6.492760340557693
8333,2.8397746460164033
8334,3.163939294778951
8335,2.428887670813957
8336,21.980182040581564
8337,9.964754144923543
8338,4.7036047760642505
8339,1.0226155198150313
8340,3.9937812653421045
8341,1.8737845450426374
8342,2.064979366210581
8343,1.7127450062612646
8344,16.044198770212727
8345,7.106022057911847
8346,3.1564420282148427
8347,0.7262207365386847
8348,2.9746016208860246
8349,1.4089589752038365
8350,1.5046995412196125
8351,1.180486952915635
8352,30.09567309677602
8353,13.366788997222192
8354,5.777288707160475
8355,1.1294138828111013
8356,5.318025374066073
8357,2.3693240650729464
8358,2.8230350249470826
8359,2.1214617910660754
8360,23.20434953781731
8361,10.95292601266969
8362,4.660527585069866
8363,1.0067668201647242
8364,4.311824725658018
8365,2.0016227173573493
8366,2.159541427204056
8367,1.7866719905352653
8368,16.75696748973507
8369,7.6508667846106615
8370,3.417357940822659
8371,0.736545102663761
8372,3.2435019838252908
8373,1.4921533894611194
8374,1.5756811517497262
8375,1.2373700553417653
8376,22.328770001319842
8377,10.859376009881602
8378,4.611388733179909
8379,0.9846763414172603
8380,4.222965247400126
8381,1.8784409509503268
8382,2.1433823223673727
8383,1.7754375090888121
8384,14.84287109090542
8385,6.67814875836263
8386,3.0090531983591142
8387,0.7053103574789227
8388,2.9092073948779698
8389,1.3611081123259732
8390,1.4682254745847267
8391,1.173077455160553
8392,15.733694384979435
8393,6.973322659725717
8394,3.194095329286849
8395,0.6799204511255103
8396,3.055506049771637
8397,1.358054674794887
8398,1.4983757208718296
8399,1.1852024263203584
8400,32.657352871656094
8401,14.515364546385701
8402,6.41207085270594
8403,1.2257062052194732
8404,6.380139748952223
8405,2.7305777933457427
8406,3.102793421976682
8407,2.3472063636698457
8408,17.59691847353503
8409,8.042338724038286
8410,3.6543887524350946
8411,0.7984247214235216
8412,3.441410467788653
8413,1.5452233183010153
8414,1.6914303103608566
8415,1.3884982131912433
8416,37.855021684326545
8417,16.35528661209517
8418,7.901840806927334
8419,1.6589187283397815
8420,6.8308982755949215
8421,3.2070844428249825
8422,3.480330440610842
8423,2.9088134019097844
8424,24.575807145882116
8425,11.342198366422961
8426,5.095909486927612
8427,1.1306688539007395
8428,4.576253933514271
8429,2.1428590386083846
8430,2.27785851126416
8431,1.9010054296249386
8432,18.29848228032018
8433,8.59426074084286
8434,3.79945722905598
8435,0.8393916086406699
8436,3.5602928926046125
8437,1.664234848597481
8438,1.736216437437754
8439,1.4338023741880632
8440,47.93401146998261
8441,20.553553131281895
8442,9.238027613449193
8443,1.8100895959115695
8444,9.021171547915827
8445,4.205803578212887
8446,4.525656428995971
8447,3.4185551655334954
8448,20.692864158004195
8449,10.045287288329666
8450,4.404541772859462
8451,0.9077119401741816
8452,4.034217254095839
8453,1.8012000127472216
8454,2.0112851746674494
8455,1.565299122396015
8456,26.578209477413168
8457,11.407044621793723
8458,5.15402903181382
8459,1.2226790357003676
8460,4.729885001742805
8461,2.2408309662353756
8462,2.3543620869122552
8463,1.8881575175110439
8464,31.046098858396867
8465,13.20787722103013
8466,6.293149994336361
8467,1.3460942587359945
8468,5.733324473151761
8469,2.57882047310213
8470,2.9279321579538373
8471,2.228532176020875
8472,22.238899789167437
8473,10.072558177021223
8474,4.450342365366943
8475,1.0003701040107686
8476,4.137322315955108
8477,1.9535055847829956
8478,2.044067554047158
8479,1.7119241947837556
8480,24.42069014022197
8481,11.473478654380168
8482,5.235115454744721
8483,1.0280206780699184
8484,4.918990557307264
8485,2.0694915873565436
8486,2.292805207935148
8487,1.9843812669638554
8488,15.61597810022002
8489,7.153228077187959
8490,3.227337028424523
8491,0.694059177466606
8492,3.0373594623908717
8493,1.3406119414885054
8494,1.5238643801372505
8495,1.1910718532861087
8496,37.567279701542354
8497,17.025032931951312
8498,7.5330490618307735
8499,1.563403688391715
8500,7.091980996562043
8501,3.1923796063082186
8502,3.4066831191610842
8503,2.8893308959759207
8504,15.247882824768464
8505,6.959941953529498
8506,3.079904128752147
8507,0.708954983922185
8508,2.8455194157755983
8509,1.2886121127457493
8510,1.3578529149919014
8511,1.1979410320792847
8512,16.31806295411905
8513,7.418556404584896
8514,3.490423771432168
8515,0.7399267553592985
8516,3.213396838950657
8517,1.4292067758041735
8518,1.557109087495531
8519,1.2481830834246859
8520,24.47465664142849
8521,11.445083784467759
8522,4.721744832791248
8523,1.0796716517426885
8524,4.549494358212406
8525,2.087048100940812
8526,2.2873000377687185
8527,1.868426843109303
8528,27.080596046116895
8529,12.487902421478429
8530,5.5862138736393385
8531,1.1331058953889148
8532,5.050105893694313
8533,2.413067548502961
8534,2.697690100552863
8535,2.169897422268359
8536,19.5352939091616
8537,8.368466493099646
8538,3.569747506337054
8539,0.8133058324208836
8540,3.509110790656838
8541,1.5844106535954534
8542,1.7644862946350912
8543,1.433885158452287
8544,21.1790950256547
8545,9.683856568214779
8546,4.374165980374069
8547,0.8994087102730448
8548,3.7835984876874544
8549,1.7990300656640301
8550,1.926069730170369
8551,1.6211835704738646
8552,60.55243458374756
8553,27.235394188002747
8554,12.336356641339494
8555,2.2389184679759055
8556,12.206688823742251
8557,5.298082707367795
8558,5.973542508955925
8559,4.664830277478671
8560,16.93294039646143
8561,7.482140614587508
8562,3.502393494844868
8563,0.78398174019599
8564,3.2092801119193393
8565,1.5147666452364796
8566,1.6640168275383334
8567,1.3081155416606998
8568,17.61788563257442
8569,7.992701110822946
8570,4.875850648866435
8571,0.10136871810856085
8572,5.38799190873695
8573,2.122685786497867
8574,2.452272052726847
8575,1.6150085945362724
8576,20.345199590872888
8577,9.102281176907766
8578,5.874425253659121
8579,0.1177842962779188
8580,6.503531061968532
8581,2.41140900306677
8582,2.9710036469301655
8583,1.878674598112522
8584,18.20617014384672
8585,8.409289535342324
8586,5.187514310962856
8587,0.08700018507155531
8588,5.753117600440592
8589,2.1297575190491798
8590,2.5898232032752
8591,1.7099711650226286
8592,17.205262157865523
8593,7.9333194240287295
8594,4.916959905633126
8595,0.0851512285445712
8596,5.058463257338465
8597,1.9521320936600561
8598,2.4111529331002743
8599,1.589303915790369
8600,15.229016287593188
8601,6.721485812005713
8602,4.482385973431721
8603,0.10578462621177173
8604,4.730574412574929
8605,1.7484473837442729
8606,2.1248783431120652
8607,1.4301654188213146
8608,17.307000446887066
8609,7.75719612141252
8610,4.920570701417989
8611,0.0879512812916213
8612,5.280899678514462
8613,1.8607578847089015
8614,2.4074535031902533
8615,1.5286183698450186
8616,17.153032322368777
8617,8.093899165241645
8618,4.754571468945183
8619,0.0832806660522019
8620,5.340427442234687
8621,1.9589768075559575
8622,2.3253673789907254
8623,1.5569150625725119
8624,25.342480215093776
8625,11.485627814156604
8626,6.622850283587955
8627,0.19677151713321578
8628,7.574151598107536
8629,2.7678597773478195
8630,3.3938687998942076
8631,2.192497949502561
8632,27.629364265293887
8633,12.224656402781799
8634,7.39024816793749
8635,0.17991653785969955
8636,8.286714609191899
8637,3.1839452228197964
8638,4.060642913441593
8639,2.542725175445636
8640,15.490998206568486
8641,7.17403452486116
8642,4.251532388936141
8643,0.06705564126645537
8644,4.531845649209362
8645,1.7132280543560485
8646,1.9617756422044104
8647,1.3576891124762234
8648,21.042716624612854
8649,9.633364040679524
8650,5.7042045534923815
8651,0.11445119347033025
8652,6.235239185174863
8653,2.352594630727304
8654,2.7938557936695045
8655,1.9369633481290738
8656,13.422030268287171
8657,5.925114856015392
8658,3.489610311603099
8659,0.062301366167044236
8660,3.6397680025259294
8661,1.3081083609924995
8662,1.57624941598253
8663,1.0713083817897906
8664,14.961829047802897
8665,6.720961481567435
8666,4.332137563564147
8667,0.08833458082883108
8668,4.81123983248791
8669,1.7530355120574879
8670,2.169010415819796
8671,1.455108304809827
8672,17.328187211568913
8673,7.912493603356927
8674,4.844887382193008
8675,0.10745583646001541
8676,4.970643213189103
8677,1.9402834994276088
8678,2.337908391511721
8679,1.609565335423473
8680,18.99046417549218
8681,8.337716629963186
8682,5.303282158199691
8683,0.10584762296410709
8684,5.6831392030392935
8685,2.0856721869242425
8686,2.6172286305240076
8687,1.7347765658179766
8688,25.284320069664645
8689,11.856534172859334
8690,7.169488828582311
8691,0.146872648999493
8692,7.604325093910472
8693,2.9956781372204246
8694,3.731388306583883
8695,2.366875881383029
8696,14.814434358252845
8697,6.858576906468603
8698,4.4220251891375275
8699,0.08332940013271477
8700,4.734794607859251
8701,1.8202446780767216
8702,2.1469425346398796
8703,1.5045184201951483
8704,41.34574065893846
8705,17.84934212211735
8706,10.64573100745376
8707,0.24220063404196354
8708,12.181162389268223
8709,4.402111553028745
8710,5.621948835888714
8711,3.61128160894389
8712,19.80735105459285
8713,8.770876073954753
8714,5.35389488004965
8715,0.10361529520921091
8716,5.706048993274699
8717,2.140662644336164
8718,2.640295108400753
8719,1.7264886464518496
8720,24.097342529312524
8721,11.180956061417524
8722,6.32552128039694
8723,0.12756827411538593
8724,7.4189545928715175
8725,2.694057754214466
8726,3.4627670982304215
8727,2.119333692739768
8728,36.08995496103167
8729,16.82247410880199
8730,9.571971770430133
8731,0.2220250350789358
8732,10.412606746329725
8733,4.308341362474182
8734,4.875215714420999
8735,3.337473747114976
8736,31.35018598536089
8737,14.270126328667768
8738,8.747284437200479
8739,0.19398223165262354
8740,9.005571817842371
8741,3.4032315100504653
8742,4.243476869467236
8743,2.717092223780029
8744,20.6178295183235
8745,9.355133693863554
8746,5.61027047734393
8747,0.17303355966132142
8748,5.900770714163665
8749,2.2853092005591553
8750,2.7762461559377467
8751,1.8758299335257183
8752,14.654981461714291
8753,6.531187970683575
8754,3.9662004441298326
8755,0.09381947619504749
8756,4.418953164961906
8757,1.6928806763613435
8758,2.0818681296976345
8759,1.3596712934377868
8760,27.270494145843795
8761,11.94981796135814
8762,7.112155077188811
8763,0.14621321464453518
8764,8.00042577568455
8765,3.107099415781289
8766,3.829012038803736
8767,2.3827032728744495
8768,21.81480818748164
8769,9.43098346655379
8770,5.885998544929103
8771,0.11751435157179378
8772,6.12940416156306
8773,2.402736099617712
8774,2.767114852936061
8775,1.9300340273992522
8776,14.623811559850903
8777,6.804077273560285
8778,4.311976913866383
8779,0.08200092984399161
8780,4.621603341986373
8781,1.8185434648859906
8782,2.1198693226713954
8783,1.415617382399391
8784,20.965348951756848
8785,9.50815240702686
8786,5.605963298004167
8787,0.11003851484843427
8788,6.033325244117307
8789,2.2160716554621307
8790,2.7815347415577514
8791,1.8698095901969405
8792,13.847921468199878
8793,6.119458816839611
8794,3.743344872429999
8795,0.0673021316855192
8796,4.336589048227708
8797,1.6168002044480945
8798,1.8492399574619751
8799,1.2538339974976662
8800,14.195148357055691
8801,6.196206327153815
8802,3.9577242329834594
8803,0.0786715503136121
8804,4.540036243214182
8805,1.6074108654813328
8806,2.0686069051189695
8807,1.2782718973715794
8808,28.91372286963343
8809,13.365916309963193
8810,8.18982575008243
8811,0.1822904276431566
8812,8.800999173483886
8813,3.1792773494346735
8814,4.134135462817353
8815,2.587469527869564
8816,15.023140374405974
8817,6.683892369879838
8818,4.433555104344647
8819,0.08561833565258212
8820,4.604099824553961
8821,1.7212774960422514
8822,2.159408831841844
8823,1.4322944121816288
8824,35.155795870787514
8825,14.106409893352081
8826,8.618808545125528
8827,0.23312197506800283
8828,9.42803941906464
8829,3.406786358782982
8830,4.524068797768249
8831,3.013749383501171
8832,22.69966977121609
8833,10.068429334731817
8834,6.29642833970241
8835,0.1280332988281775
8836,6.808228560219642
8837,2.5939855350817
8838,3.25275742520236
8839,2.0389113673537906
8840,16.130397062381345
8841,7.31461778905404
8842,4.557010905380694
8843,0.09069339138155881
8844,4.817837654914051
8845,1.8478169730564746
8846,2.145020417885335
8847,1.4825323076695476
8848,41.606069723638896
8849,18.893378159287106
8850,11.45850642935731
8851,0.26434477441491416
8852,12.6252885313704
8853,4.846531236054864
8854,5.730893720747667
8855,3.8753815593147474
8856,19.225581708634998
8857,8.709921492493399
8858,5.455392654572737
8859,0.09313136340152212
8860,5.90729384503712
8861,2.2206247400502948
8862,2.5986037881142883
8863,1.730090446363903
8864,23.890886237309658
8865,10.825386095300862
8866,6.378637252026834
8867,0.16648052229697072
8868,7.175982015616275
8869,2.7554503925660914
8870,3.319133117113875
8871,2.152031784381783
8872,27.755958059158655
8873,12.122051516113315
8874,7.531633670598297
8875,0.12656795603942564
8876,8.140113204904068
8877,3.051746592037983
8878,3.939509399192474
8879,2.483631629964031
8880,21.49999633047713
8881,9.272248774583472
8882,5.580913996711546
8883,0.11657033841385334
8884,6.019938067469178
8885,2.289424186442632
8886,2.782088352461674
8887,1.9395152066170018
8888,22.5131748807327
8889,10.421567335667797
8890,6.159982810303895
8891,0.12598174544947452
8892,6.714243974796031
8893,2.466252393923759
8894,3.205184666531767
8895,2.1377146868831853
8896,14.617340865499324
8897,6.513153891663425
8898,4.0238805144287735
8899,0.07990267246203385
8900,4.50860013942156
8901,1.6058158473609785
8902,2.0507181920129716
8903,1.3325570886763847
8904,34.530798164009596
8905,15.730716115215273
8906,9.28984869975822
8907,0.20387624990148445
8908,10.029941204370765
8909,3.8386944658382083
8910,4.687607453211675
8911,3.116965977733647
8912,13.668749729576447
8913,6.2540361617756455
8914,3.8320088355064614
8915,0.08194726427300197
8916,4.10918012608516
8917,1.5500995335548844
8918,1.8718358713727088
8919,1.3064624801777345
8920,15.353452662483665
8921,6.601937126666596
8922,4.321924229214241
8923,0.08384951990588378
8924,4.716643073605288
8925,1.7490194981518161
8926,2.1916664595498623
8927,1.4186753404057342
8928,22.809785409290782
8929,10.164228251685618
8930,5.946980871708282
8931,0.11112311079658177
8932,6.841336713197196
8933,2.54938107251821
8934,3.1456587856002174
8935,2.1243297283121363
8936,25.74447473972917
8937,11.59232829827727
8938,6.754846720809267
8939,0.1535303266646241
8940,7.581649890001773
8941,2.9943928389984484
8942,3.637490486765551
8943,2.477243870653699
8944,17.281325527967784
8945,8.070252862516334
8946,4.760792789146949
8947,0.09503193445605401
8948,5.304260599573295
8949,1.9555846087836781
8950,2.385793883458731
8951,1.6520570724620653
8952,18.798096230645417
8953,8.422626664242712
8954,5.260450756285504
8955,0.11492116599624512
8956,5.418208343954877
8957,2.102243252665459
8958,2.5018746797151286
8959,1.701672889561062
8960,49.36125397976988
8961,25.676366534837275
8962,14.752963205350321
8963,0.32236904085652685
8964,16.25565037623495
8965,5.888218015092871
8966,7.280957753754106
8967,4.683029336319463
8968,15.054163332922405
8969,6.671347370077002
8970,4.323455741059049
8971,0.08916501107126083
8972,4.6889509524737365
8973,1.7583565935751633
8974,2.2706966583113335
8975,1.449124539973624
8976,20.17305823734638
8977,9.470407489123215
8978,4.458993278074289
8979,0.3738125710205021
8980,4.5908033838148
8981,1.8217311571910637
8982,2.0138636121543776
8983,1.4843167986331103
8984,21.19523670238303
8985,10.22403540512622
8986,4.912006625577148
8987,0.41395181025172106
8988,5.151845573863206
8989,2.0672880613267886
8990,2.2547794680947653
8991,1.7180363798814438
8992,20.078023148012125
8993,9.047102205195989
8994,4.464685720570134
8995,0.39346221634256207
8996,4.604063081325847
8997,1.832557557532306
8998,2.082385730777764
8999,1.5440030490952144
9000,18.63761027615283
9001,8.605477071085904
9002,4.264231286478354
9003,0.34902603659294645
9004,4.298774578545479
9005,1.6976878765274883
9006,1.8852409600373679
9007,1.4413885894355505
9008,16.703746591309592
9009,7.687336783747267
9010,3.7249776256098923
9011,0.342271544615191
9012,3.901114465180601
9013,1.548272273480142
9014,1.745012601352336
9015,1.3205460070489963
9016,18.853211546223733
9017,8.395147566649111
9018,4.123368039937827
9019,0.3899847993330025
9020,4.351912099560621
9021,1.6330672975184137
9022,1.8736655357217478
9023,1.3758780037781355
9024,17.759688837635267
9025,8.651323276110833
9026,4.215314097770163
9027,0.3496522052430341
9028,4.284944291146208
9029,1.691569691037205
9030,1.8412812056508505
9031,1.4692950297797358
9032,26.902306122201608
9033,12.226285699648328
9034,5.9353714246019145
9035,0.5357611132984871
9036,6.557309477552485
9037,2.509858629063622
9038,2.756086828831579
9039,2.0926742072937268
9040,30.701354525176587
9041,13.80074358284971
9042,6.580053405165038
9043,0.6344059166141482
9044,7.390295942992341
9045,2.7101883849664072
9046,3.2464181721023277
9047,2.2655608530431235
9048,15.767926340599361
9049,7.34278450753159
9050,3.426752214398342
9051,0.3114201195330044
9052,3.7673507436058227
9053,1.4682982024352547
9054,1.6187886798022688
9055,1.2434442145166007
9056,21.997443650904305
9057,10.353121325865272
9058,4.898770338767491
9059,0.4153413349138964
9060,5.092202112306375
9061,1.943383773501008
9062,2.2916073057683577
9063,1.7146033588826892
9064,14.256047302819189
9065,6.147941156453474
9066,3.18674329108632
9067,0.31653247491322556
9068,3.1603089291440005
9069,1.219422713622364
9070,1.406326248545923
9071,1.0079250627633949
9072,16.136724915505887
9073,7.317593781668372
9074,3.6785817749859806
9075,0.34247320364044376
9076,3.923009044129507
9077,1.4966631664766796
9078,1.7093417121174848
9079,1.3020098514264147
9080,18.473185980848925
9081,8.588442710766834
9082,4.068752765518645
9083,0.36747367073254394
9084,4.088803446247797
9085,1.6760460139600573
9086,1.8033179705196605
9087,1.409535203541331
9088,21.314944196453553
9089,9.324341087162292
9090,4.533593380450881
9091,0.42670690906734177
9092,4.537003568720053
9093,1.8355556449983268
9094,2.062386127779127
9095,1.6223780821606366
9096,27.39793225113116
9097,12.442412596141951
9098,6.175016418740329
9099,0.5864587484226044
9100,6.567943338911647
9101,2.5334793921656544
9102,2.8481522232337415
9103,2.133842304853212
9104,16.03678772703276
9105,7.822572805921629
9106,3.6894393609814222
9107,0.31911984059417464
9108,3.842897767641746
9109,1.4679960368100569
9110,1.6619288504927232
9111,1.3428720776004397
9112,42.22527330249408
9113,18.62324008293297
9114,9.17655062280974
9115,0.8535506182068381
9116,9.96271340488703
9117,3.9844085653201287
9118,4.637227768358145
9119,3.1451833420822677
9120,20.527819277054892
9121,9.220341112842863
9122,4.365262099567034
9123,0.357109849191731
9124,4.478144715272952
9125,1.756901183480274
9126,1.9814165721708368
9127,1.6107266389934705
9128,26.24614972886028
9129,11.898144688711108
9130,5.655198982493104
9131,0.5159944571399766
9132,6.26754749207202
9133,2.2984809471196863
9134,2.640135065340779
9135,1.9650958128183404
9136,38.64155208596562
9137,18.50337420951839
9138,8.452439522464706
9139,0.8098674951032369
9140,9.018706125533576
9141,3.5783306815817886
9142,3.9336907540988104
9143,2.9191959593257706
9144,33.82889452281361
9145,14.778635784125388
9146,7.753525894946934
9147,0.646787429730775
9148,7.874584635241675
9149,3.0291143484929344
9150,3.500623501068691
9151,2.4787707604031897
9152,22.355425717226048
9153,10.045382951638002
9154,4.8755524770791085
9155,0.43129000562048664
9156,5.009469035562143
9157,1.928892336090152
9158,2.1884258061515696
9159,1.6724326251423507
9160,15.793528239215593
9161,7.3911374634208835
9162,3.4725360223261004
9163,0.31656165291326455
9164,3.5635315661174416
9165,1.4814356466757919
9166,1.5986052462662608
9167,1.1902513699625135
9168,28.421721241516224
9169,12.857089951914729
9170,6.000578205239491
9171,0.5522513933370711
9172,6.327557449893798
9173,2.4396795013916646
9174,2.8693041346429955
9175,2.121132770730888
9176,22.822548781069802
9177,10.392221635963377
9178,5.010188177439028
9179,0.4282959382081163
9180,4.951606840817044
9181,1.996741121926541
9182,2.2226104091022507
9183,1.7296004931946543
9184,16.64102828249092
9185,7.856395933531291
9186,3.613659707575016
9187,0.32640382783837946
9188,3.89253369276001
9189,1.5240177602453477
9190,1.6863484187647955
9191,1.2680825216969636
9192,22.136975284023737
9193,10.152263757878423
9194,4.791052866326181
9195,0.4213081893062755
9196,4.797518932372992
9197,1.8557095436768527
9198,2.2013281889775502
9199,1.7332834018086087
9200,14.505146923146127
9201,6.639254605739965
9202,3.3229006447759994
9203,0.29581338950693237
9204,3.3792688207939836
9205,1.3707191812729327
9206,1.529503681594115
9207,1.1629332369545449
9208,16.454920216096394
9209,7.144846592682325
9210,3.4679975236092027
9211,0.32430523576238407
9212,3.751382989443811
9213,1.4068387322993956
9214,1.7101655067191353
9215,1.2004609852421322
9216,32.305470627653996
9217,14.495529306537685
9218,7.466756993762145
9219,0.5318262290933129
9220,7.715156454690684
9221,2.864820919304831
9222,3.4277033713876346
9223,2.4187337772539923
9224,17.12015522270767
9225,8.002930715188834
9226,3.842477695463388
9227,0.3548880784736998
9228,3.963622744027974
9229,1.51448791385788
9230,1.7750085474727044
9231,1.3328481286979554
9232,35.993891431919174
9233,15.42619357865796
9234,7.767143212858599
9235,0.8247107490206614
9236,7.35307124801847
9237,3.0309125790953497
9238,3.745394612643175
9239,2.596960876813702
9240,24.016519045783006
9241,10.844632051505005
9242,5.256434181348589
9243,0.5061393329890351
9244,5.421107955881922
9245,2.203843084252494
9246,2.465672556032993
9247,1.7761352892880335
9248,17.70126121994587
9249,8.06151542595044
9250,3.859052998039386
9251,0.3556984378301306
9252,3.8919738446605443
9253,1.5769246762355256
9254,1.7247534239367632
9255,1.3287354040303445
9256,44.721303702905495
9257,19.345162449999858
9258,10.043943471070062
9259,0.8378747747139418
9260,10.649753339026352
9261,4.20613195473283
9262,4.7367063440345065
9263,3.448863542099767
9264,20.489728441826728
9265,9.470108765997047
9266,4.539836294643609
9267,0.3968879052800421
9268,4.662567163233132
9269,1.8162111842064284
9270,2.0413214554768278
9271,1.5345825058014184
9272,27.430451316866705
9273,11.62727944340885
9274,5.537624736536191
9275,0.6007574930090186
9276,5.8682091324475145
9277,2.319318743222538
9278,2.5429728906570137
9279,1.9515114524909205
9280,29.68340646449809
9281,13.189083629749971
9282,6.5633744072047495
9283,0.6703910157474346
9284,6.691053817913461
9285,2.6981179394957473
9286,3.1376453972121556
9287,2.291360242213728
9288,22.172567962308914
9289,10.064783100305622
9290,4.7988783291641655
9291,0.43249448283355607
9292,4.932299813401178
9293,2.036501875424897
9294,2.2680228319242643
9295,1.6984201711996545
9296,24.26262211419612
9297,11.353472371404179
9298,5.445874178542306
9299,0.48741403651185133
9300,5.583265991994831
9301,2.1340393177240937
9302,2.4793309264143635
9303,1.9475903467550784
9304,15.643900531016133
9305,7.167728902839295
9306,3.551733983836236
9307,0.29638705606212656
9308,3.6705823392260037
9309,1.387021242489202
9310,1.65750887585195
9311,1.2132220308220465
9312,36.820918105754984
9313,16.066075550406204
9314,7.876640808992661
9315,0.6574013048522528
9316,8.231749622598608
9317,3.346844551916788
9318,3.769639197411061
9319,2.8123010222861997
9320,14.13865960249197
9321,6.826206632366607
9322,3.2751694879510613
9323,0.3273087137848448
9324,3.2861248938508103
9325,1.3425137447864872
9326,1.4903389516917613
9327,1.178985494415407
9328,16.47171707352803
9329,7.492339360243759
9330,3.7089329504801625
9331,0.344535129550861
9332,3.8456710180552545
9333,1.5759548078030303
9334,1.7266220448480598
9335,1.3381177930020043
9336,24.511462849742813
9337,10.998292275544115
9338,4.917029619035636
9339,0.4659613289614957
9340,5.386946880557574
9341,2.187177051311841
9342,2.400174043032994
9343,1.8371351526862565
9344,26.735114909580336
9345,12.24451983638311
9346,5.576502249824298
9347,0.5247760009298313
9348,6.110783593118337
9349,2.466361717115673
9350,2.9153321190374406
9351,2.2046463533383034
9352,18.557453202263222
9353,8.225278697724356
9354,4.097322707704616
9355,0.3862110189325124
9356,4.382204823584989
9357,1.6569404067890574
9358,1.9217108821387845
9359,1.403634677030513
9360,20.85619688223194
9361,9.171833702123037
9362,4.518434204468233
9363,0.40413658389795254
9364,4.634392681216898
9365,1.863340352752931
9366,1.9775018640938202
9367,1.6141918803993163
9368,54.905898824186416
9369,25.48484740930285
9370,12.793263608652357
9371,0.8950060013961734
9372,13.11672561084044
9373,5.541278115166149
9374,6.392998358681744
9375,4.482451347686419
9376,16.122912634767037
9377,7.319882379437047
9378,3.7040792976189376
9379,0.33664239224169135
9380,3.797947903837976
9381,1.4573509991389297
9382,1.7387961421495934
9383,1.2504329447514102
9384,18.30004148862561
9385,8.49894738965317
9386,3.5709646267920463
9387,1.4107315323939862
9388,2.66304214265496
9389,1.695357033449887
9390,1.6224992236721876
9391,1.5078109318118675
9392,20.561041105719358
9393,10.070747092559705
9394,4.34005603492516
9395,1.6520932339477994
9396,3.2832129691625034
9397,1.9514310846082705
9398,1.8717670082022657
9399,1.7221500108278758
9400,20.279561641118434
9401,9.160101526457778
9402,3.9492160081316197
9403,1.5975920874712586
9404,2.9037090452771865
9405,1.7580354479716238
9406,1.7967773745376787
9407,1.627046137250927
9408,19.75219386497352
9409,8.83625535065261
9410,3.9799976317923083
9411,1.4277153403817164
9412,2.8727989970969574
9413,1.7547305411515284
9414,1.7748205348712436
9415,1.5888600703893925
9416,16.72836707905934
9417,7.592597344337419
9418,3.4040606885188267
9419,1.284681531828639
9420,2.6712083409578495
9421,1.47980647314666
9422,1.5765556969434147
9423,1.4110766126912802
9424,19.547449102197735
9425,8.714762782102959
9426,3.6219523941515446
9427,1.4313452531567972
9428,2.734588208591578
9429,1.5800252203225074
9430,1.6241197460964167
9431,1.5005465718874813
9432,18.989498565503
9433,9.187721359070492
9434,3.9344310381099135
9435,1.516091742590588
9436,3.0547451512992003
9437,1.7782185107735844
9438,1.7591701436567175
9439,1.6114805848048985
9440,26.64040500089673
9441,11.984975244503273
9442,4.975247953159811
9443,2.142317820151705
9444,3.7074641220886746
9445,2.316495666441872
9446,2.293811457935971
9447,2.1299134810167453
9448,30.65120714761455
9449,14.288184308943281
9450,6.044074140207464
9451,2.122593948361287
9452,4.432240193840676
9453,2.7014332519630972
9454,2.672464721850582
9455,2.463383962932303
9456,16.25335154733484
9457,7.656397229200034
9458,3.169087283308199
9459,1.2406853166117424
9460,2.5421660750484727
9461,1.502217802139726
9462,1.55961669464864
9463,1.3668680071678532
9464,21.676704276865834
9465,10.379014704340234
9466,4.441240726214216
9467,1.7101948491319185
9468,3.258567846464293
9469,1.9803232749648172
9470,1.9749165015336851
9471,1.78775368469831
9472,14.057878355782302
9473,5.970597792947379
9474,2.6691493183738224
9475,1.020804679643312
9476,2.0232079183019036
9477,1.222416653861567
9478,1.2534697919645654
9479,1.1343752674897933
9480,15.45764367954866
9481,7.053781758725087
9482,3.1673598724560716
9483,1.2946890336107326
9484,2.1958576829836365
9485,1.400552251387767
9486,1.4485766245130398
9487,1.3199530780640065
9488,17.529958765466898
9489,8.343521470326966
9490,3.5392854589230156
9491,1.4156038127880648
9492,2.450685354083936
9493,1.5829133818818497
9494,1.592668124750233
9495,1.4652411117629596
9496,21.72040751061697
9497,9.841203760986483
9498,4.416976439444166
9499,1.5911179718561805
9500,3.1435528435347746
9501,1.858287928461926
9502,1.908691838936123
9503,1.7488453021588348
9504,28.190884446751642
9505,13.463132899782638
9506,5.782410830419051
9507,2.2213624637621483
9508,4.280355013083112
9509,2.670001992573947
9510,2.5290438997418683
9511,2.343855008833209
9512,15.729548562999314
9513,7.519275873686653
9514,3.3203068909956706
9515,1.296534787348701
9516,2.4346803511561954
9517,1.4803944379667884
9518,1.4607327601138234
9519,1.4037617802838533
9520,43.70086323342489
9521,20.017064931834312
9522,8.391869866560768
9523,3.284081056593638
9524,6.248769529646695
9525,3.710478672437989
9526,3.71132101765721
9527,3.3475631800454195
9528,20.782784441126786
9529,9.745104515220468
9530,4.014501154863385
9531,1.5460722085602792
9532,3.09747935768162
9533,1.8373755113534667
9534,1.7868947617660365
9535,1.772707384723539
9536,28.24471113000236
9537,12.713562630800814
9538,5.261308571950195
9539,2.0793534186280036
9540,4.013633619904605
9541,2.3555639784229796
9542,2.4483006300477634
9543,2.257021906592997
9544,41.84008498145744
9545,18.284870652932835
9546,7.707423966893458
9547,2.994281914577187
9548,5.348343912166906
9549,3.5256455779560296
9550,3.399943902040637
9551,3.1652808662384664
9552,34.179575942664215
9553,14.955908976326873
9554,6.35409500876678
9555,2.8100221111160875
9556,4.572403124132654
9557,2.8365151886071507
9558,2.8468802129190625
9559,2.5920563247131456
9560,23.157356282724276
9561,10.575372491497852
9562,4.854103008918837
9563,1.7620528123661923
9564,3.4290705687990295
9565,2.0297744009807333
9566,2.0425460440450904
9567,1.8625752434405594
9568,16.268644308999598
9569,7.3592645907700485
9570,3.0735058982260743
9571,1.2921427406650356
9572,2.301271176007023
9573,1.5135392583682266
9574,1.49592269555462
9575,1.305409045654126
9576,29.93937542294127
9577,13.358443676974527
9578,5.330025536602204
9579,2.1157363852531508
9580,4.00681697312498
9581,2.432451824200709
9582,2.570792624165434
9583,2.2099938503387166
9584,22.870892686957585
9585,10.99883746940732
9586,4.420919405388436
9587,1.7047301492193632
9588,3.3833625726192316
9589,1.9967379238225682
9590,1.9639029318337846
9591,1.8044587528010279
9592,16.416294796179436
9593,7.748591223869248
9594,3.1923017845766686
9595,1.2932926428740852
9596,2.317159030665226
9597,1.486068245262719
9598,1.466484804991974
9599,1.327145502994931
9600,22.574755011333252
9601,10.876619362167988
9602,4.594521139440486
9603,1.7911171000286803
9604,3.3165711394566557
9605,1.9141867790520615
9606,2.000623509823297
9607,1.8675855731091895
9608,14.916641795008056
9609,6.796931545738654
9610,2.8605532611111495
9611,1.2006937602864043
9612,2.172262858807316
9613,1.389530001846989
9614,1.4012768646257185
9615,1.2276941630788498
9616,15.072688443846394
9617,6.855146815749518
9618,2.9905646269632333
9619,1.2016321102965075
9620,2.1920639771304598
9621,1.3568142799278469
9622,1.3628395615495517
9623,1.1980488919972558
9624,34.381736304988245
9625,14.782129040049039
9626,6.295570644343929
9627,2.636115659733008
9628,4.944572687852508
9629,2.8933401622896597
9630,3.0004884388552915
9631,2.6842448310415774
9632,17.5374135022538
9633,7.802345398351735
9634,3.5558387133455036
9635,1.312623763016173
9636,2.6801981329692675
9637,1.5246151401766141
9638,1.6101620265412233
9639,1.4263345937411043
9640,36.14542061316892
9641,15.981348711832402
9642,7.466713130026029
9643,2.6260756017243727
9644,4.907815661713863
9645,3.1369597461312084
9646,3.169465601104936
9647,2.9116484301345538
9648,24.673860987313194
9649,11.454925660583974
9650,5.002046376162888
9651,1.8404681086930323
9652,3.801369808519754
9653,2.227424055073697
9654,2.1889659219100497
9655,1.9834941773801265
9656,17.90700900674472
9657,8.466674588214719
9658,3.675160217186183
9659,1.368029124724505
9660,2.7690139421521867
9661,1.6383425225342894
9662,1.6430041917516423
9663,1.4589752754113525
9664,50.94645421966782
9665,23.027322274134985
9666,9.991897736906203
9667,4.008978767965148
9668,7.353901283367897
9669,4.567511450164946
9670,4.34749029021846
9671,3.893752681959779
9672,19.934267868074603
9673,9.653963099877542
9674,4.050487052035501
9675,1.5745248984024696
9676,2.9629094361906736
9677,1.7175992140405973
9678,1.7532402376499714
9679,1.5913700014788101
9680,27.386080964476623
9681,11.956772649703437
9682,5.145794290007777
9683,2.0311209653645004
9684,4.002254642750337
9685,2.4165636668342514
9686,2.3145421105734028
9687,2.115621402880574
9688,32.548920247618405
9689,13.644778604044992
9690,6.165913468034414
9691,2.2375043984080234
9692,4.546274856056628
9693,2.7518365838344554
9694,2.844018048768396
9695,2.414068055108179
9696,23.086251941961105
9697,10.33055035864304
9698,4.54888274506192
9699,1.7326479132179886
9700,3.48546902019298
9701,2.066169559768739
9702,2.023917532109342
9703,1.8501537872784533
9704,23.24436440144597
9705,11.08671787614974
9706,4.886889164127261
9707,1.8463550998302782
9708,3.567598705459169
9709,1.986076654302498
9710,2.0463780491120254
9711,1.9919989781590997
9712,15.25994412749094
9713,7.041860546013874
9714,3.0197339605817053
9715,1.2065029484068852
9716,2.185683561133633
9717,1.3469425180842363
9718,1.3837736713619795
9719,1.2339098493391574
9720,40.807230453881466
9721,18.740689829849376
9722,7.843171367983245
9723,3.1251672762567715
9724,5.605237753928487
9725,3.4481706463315143
9726,3.3638663746617996
9727,3.1821889104352605
9728,15.333023578372925
9729,7.110528903192926
9730,3.038288468195934
9731,1.2126339066247753
9732,2.2051291790758167
9733,1.3901236178152174
9734,1.4099199293493763
9735,1.2773003053357117
9736,16.00130301607965
9737,7.2669774070917486
9738,3.274076603291459
9739,1.3116395206898996
9740,2.246735046427143
9741,1.4425405059506597
9742,1.4440495568135647
9743,1.3052546247110302
9744,24.989712019410867
9745,11.452477109368777
9746,4.680321325950108
9747,1.8800212687430045
9748,3.646322303516985
9749,2.1551855785814578
9750,2.203365294441722
9751,1.9838727696931617
9752,27.130959398391177
9753,12.352291765829337
9754,5.220497400837073
9755,2.0336293414757494
9756,3.7922671917755797
9757,2.482133535051724
9758,2.4748342014477918
9759,2.2465372938626116
9760,20.513532355145653
9761,8.904410470442569
9762,3.769772366861816
9763,1.4173554276880032
9764,2.9692701718844763
9765,1.7138102992760986
9766,1.7528099419971428
9767,1.5870556877288373
9768,21.067704606316287
9769,9.580801396019611
9770,4.211673545231449
9771,1.5951188789134105
9772,2.92980358631983
9773,1.7835526149884597
9774,1.791545338788831
9775,1.656726700802279
9776,60.53311863980363
9777,29.33328253002901
9778,12.527219190614701
9779,4.423928210845521
9780,8.918583454871948
9781,5.278958255028057
9782,5.461297987914708
9783,4.887114126800265
9784,16.31468783576456
9785,7.6628403926597475
9786,3.208439128841317
9787,1.3316105192048215
9788,2.411619638426756
9789,1.451240177213396
9790,1.51511873592251
9791,1.3554846470154194
9792,16.53282789726874
9793,7.482763944378586
9794,4.827464916548669
9795,0.05551176999608273
9796,5.3922014263482145
9797,2.169172051791586
9798,2.5087445962804766
9799,1.6486472769589646
9800,20.535743048161756
9801,9.45041997947933
9802,6.074740089592423
9803,0.09704631873428525
9804,6.768918133511603
9805,2.4870103186237853
9806,3.041622196278643
9807,1.9325070240970597
9808,18.384241456117703
9809,8.518023495574758
9810,5.4687055394420545
9811,0.08839270169460735
9812,5.85181300250073
9813,2.2843242076787775
9814,2.7307801702404473
9815,1.7441872535656415
9816,16.411829746644322
9817,7.496914120227606
9818,4.984676507952411
9819,0.0726690958987427
9820,5.227117358277223
9821,1.9719539839789315
9822,2.524197466543421
9823,1.6027368000552453
9824,15.125862462955586
9825,6.702350135925929
9826,4.489737207675411
9827,0.07469232008807945
9828,4.708967783835614
9829,1.7680215852960235
9830,2.153744502940295
9831,1.390914561283183
9832,15.798274582504291
9833,7.28662686242893
9834,4.789595717686353
9835,0.07125306091623126
9836,5.288652728982679
9837,1.819230068085809
9838,2.3817117723612844
9839,1.4994277988776916
9840,16.732559253595944
9841,7.909219801098859
9842,5.0664600476587704
9843,0.08884364970958261
9844,5.564817429325951
9845,1.965786528576641
9846,2.4989740811159984
9847,1.578157456725309
9848,23.005343687452314
9849,10.878094070103392
9850,6.5790848547072835
9851,0.08508226416153429
9852,7.009737258766381
9853,2.7423607960009444
9854,3.2363744106134438
9855,2.1064189460984313
9856,28.279266500215172
9857,12.29797256335066
9858,7.341904261763487
9859,0.14542523491730447
9860,8.723489269016763
9861,3.316138477071339
9862,4.080453312679956
9863,2.633657638524856
9864,14.712717589404077
9865,6.898785669869656
9866,4.1903470206864935
9867,0.059844614049234905
9868,4.749121689389334
9869,1.7654910807750952
9870,2.060226244448871
9871,1.3214185408931174
9872,20.320599511197216
9873,9.491717542854689
9874,5.851111379143102
9875,0.10977412752305114
9876,6.368406435499932
9877,2.4313670274242685
9878,2.973666818842612
9879,1.9680790828234218
9880,12.830843346480673
9881,5.6188426963316855
9882,3.4316521720189654
9883,0.014809700865091263
9884,3.778246623925174
9885,1.35245887151524
9886,1.7221297766715635
9887,1.0012436084588634
9888,15.096085814883079
9889,6.513367972905574
9890,4.375054013281545
9891,0.06388255163026434
9892,4.827216765249606
9893,1.765336502378886
9894,2.129691077271392
9895,1.4001292882549574
9896,16.130965471948194
9897,7.5395519866587115
9898,4.810359122726141
9899,0.09068522973024562
9900,5.041365629198994
9901,1.9515615167163956
9902,2.340665524846007
9903,1.5901503179211218
9904,18.37157000018567
9905,8.242058781705598
9906,5.391885090142185
9907,0.10545341948910904
9908,5.556802510752534
9909,2.136745445749366
9910,2.6778345052858206
9911,1.8184707931129442
9912,24.557763979763156
9913,11.761788003162076
9914,7.256965234546559
9915,0.12381543134074863
9916,7.692899936945991
9917,2.9877673309788197
9918,3.6804278989656427
9919,2.2936224221581027
9920,14.648355000698908
9921,6.763919367677053
9922,4.48788215253501
9923,0.05753038572718575
9924,4.822943727421512
9925,1.826752444585647
9926,2.2134032736246194
9927,1.4769491163763828
9928,39.591170812640364
9929,17.27413950101195
9930,10.685652592936025
9931,0.20049029539068808
9932,12.538653067103867
9933,4.570255256117241
9934,5.725028054206123
9935,3.5458249770182135
9936,19.50787170400469
9937,8.568961156005322
9938,5.342841204352615
9939,0.09945611498811209
9940,5.908982844846033
9941,2.1933924080011376
9942,2.7605905342698156
9943,1.7571218627763074
9944,24.550968402687314
9945,11.291762616734788
9946,6.638330172382082
9947,0.08642750020871433
9948,7.2962889261610835
9949,2.728172715785212
9950,3.48675386709417
9951,2.035900038323022
9952,35.099496563198734
9953,16.57315541127431
9954,9.44630091065483
9955,0.21353020882877832
9956,10.672477925145014
9957,4.341521316464804
9958,4.807637580473041
9959,3.351942729667459
9960,29.98983115167505
9961,13.598302358050901
9962,9.10909509111563
9963,0.15326626926103193
9964,8.833159550563405
9965,3.5714080266406323
9966,4.438543444905199
9967,2.777859734691967
9968,19.590598005202946
9969,8.70430927779813
9970,5.6316981944095135
9971,0.10211106588380049
9972,6.081903678029716
9973,2.234249561909317
9974,2.833618319253216
9975,1.8596939282623226
9976,13.764948375065732
9977,6.205544501019721
9978,4.142238851526562
9979,0.06339925119724779
9980,4.4246974921717985
9981,1.666673633632884
9982,2.058944760087273
9983,1.2319662655641672
9984,25.319832218987
9985,11.831692285848613
9986,7.16148803573472
9987,0.1506300705588583
9988,7.9056771086997815
9989,2.9905856804880133
9990,3.738454657124535
9991,2.369231567510367
9992,21.133329388993527
9993,9.421033226242514
9994,6.119270943173743
9995,0.09680015095049642
9996,6.3625063869960305
9997,2.38320635536249
9998,2.8652992372990878
9999,1.937246506073452
10000,14.785242046041953
10001,6.725498556601691
10002,4.295994904236303
10003,0.07695375790737337
10004,4.677924527458965
10005,1.7984196392550444
10006,2.0890175986064903
10007,1.3347913921167478
10008,19.141954749469573
10009,8.953290634173605
10010,5.806036949082591
10011,0.09768737605077818
10012,6.287240208850885
10013,2.29128911519271
10014,2.8288102292707515
10015,1.9308541877110497
10016,13.23336640189675
10017,5.971020360324743
10018,3.74712476130566
10019,0.06066002529427502
10020,4.374367593234651
10021,1.5990129648549722
10022,1.870809039349181
10023,1.2961713444629308
10024,14.573722323485917
10025,6.3175693757742755
10026,4.132404796895209
10027,0.056075690426053655
10028,4.6748647901795435
10029,1.6302996817037325
10030,2.1313564995895735
10031,1.247684540914191
10032,28.317112264819105
10033,13.26998302421358
10034,8.463646780802621
10035,0.14240492962504447
10036,8.733407519120592
10037,3.349189116869069
10038,4.238148477191513
10039,2.5876374206096804
10040,14.882836065596221
10041,6.9538767704943885
10042,4.551831436210624
10043,0.06919144401539133
10044,4.815121366581837
10045,1.7938127830475272
10046,2.244122640665092
10047,1.4509742115164224
10048,32.99426974226811
10049,13.668980595586072
10050,8.85595503040829
10051,0.17024287987790965
10052,9.571519133004134
10053,3.4457454463807924
10054,4.7222330479948615
10055,2.9878931328566574
10056,21.186659508119114
10057,9.7681302920886
10058,6.304797725442618
10059,0.12860535974933252
10060,6.686218915332545
10061,2.57675003792774
10062,3.205162570231217
10063,1.975035856584456
10064,15.864206316055023
10065,7.211443055360721
10066,4.595889097833832
10067,0.07380457446657017
10068,5.081169807659775
10069,1.890190978625868
10070,2.1987258171811424
10071,1.4405445866412623
10072,42.28631019273675
10073,18.873814367762364
10074,11.709056712022587
10075,0.23224820635490023
10076,13.097062212607138
10077,4.821592892973316
10078,5.7391920310256985
10079,3.959668093157142
10080,18.622251095792837
10081,8.71211198897518
10082,5.759588404763976
10083,0.08233807751036375
10084,5.974839920183219
10085,2.2452086630048425
10086,2.697498239995264
10087,1.696824139820535
10088,23.129108497212243
10089,10.68517179999983
10090,6.5344860254004145
10091,0.14712841332766521
10092,7.029040037728804
10093,2.7211630261634756
10094,3.452107513220769
10095,2.0843713011455445
10096,27.433677097125198
10097,12.830922151694972
10098,7.886507955087922
10099,0.13626159032717178
10100,8.18161766959394
10101,3.1231634604109826
10102,3.8376610527645183
10103,2.4475221062726855
10104,19.573169491293097
10105,8.869981229424987
10106,5.863166891655072
10107,0.11981690453478282
10108,6.435499306722241
10109,2.341631568161824
10110,3.0707772310217374
10111,1.9334187036160762
10112,22.456451539829118
10113,10.052176262548675
10114,6.4006506175553355
10115,0.114909858030958
10116,6.965562170490871
10117,2.501314004344783
10118,3.317101905050576
10119,2.165684379512544
10120,14.68387253810735
10121,6.635553043349062
10122,4.07711755218591
10123,0.05900406428265863
10124,4.497827149630439
10125,1.561587096873151
10126,2.128291484037859
10127,1.2885472170936279
10128,32.76440157522877
10129,15.251248996596809
10130,9.680187516996762
10131,0.20544941498032007
10132,10.170975979632674
10133,3.854125304182594
10134,4.7819925715568585
10135,3.204810492309033
10136,13.774921131399669
10137,6.1169803736213435
10138,3.9305560211356165
10139,0.04930509315285923
10140,4.1717269188043975
10141,1.5163561560808374
10142,1.8652165356176256
10143,1.252501512480042
10144,14.252465966443097
10145,6.489794829551749
10146,4.368485868139739
10147,0.0712053855071917
10148,4.849743678087233
10149,1.8130399360053888
10150,2.155808084037288
10151,1.3992479353933764
10152,22.20716865736185
10153,9.931153652842246
10154,6.2270814708857225
10155,0.1214048250817559
10156,6.842579289394557
10157,2.6016126836240434
10158,3.128610694628951
10159,2.080932701919581
10160,25.297439233765278
10161,11.601956839160174
10162,6.8540196116458105
10163,0.13843280172747335
10164,7.77673225343238
10165,2.9313773154045313
10166,3.696833434009034
10167,2.4614997351423193
10168,15.95688402950219
10169,7.804623114405046
10170,4.8973438380431595
10171,0.08925055422378274
10172,5.4560334552182885
10173,1.8243138545721762
10174,2.399598684794022
10175,1.4226876077421227
10176,18.448986530899635
10177,8.34877749818492
10178,5.240581515695969
10179,0.09243916801946463
10180,5.537269682127315
10181,2.1498191444095633
10182,2.5579581264874647
10183,1.7391160389561515
10184,51.52217511089896
10185,25.162164191866967
10186,15.129676472452548
10187,0.3988424991304307
10188,15.638051191601233
10189,6.228243339500052
10190,7.716536950098909
10191,5.268273916807832
10192,14.92028937553012
10193,6.644376070917294
10194,4.484691455764157
10195,0.07180907189463843
10196,4.7888493650160475
10197,1.7833964866699408
10198,2.246249886862545
10199,1.4109740651709435
10200,18.12840239453862
10201,8.475986011650845
10202,4.618695845095125
10203,0.16406379067817012
10204,4.903481537834121
10205,1.9194592657927219
10206,2.184541975190354
10207,1.4678228928198358
10208,21.88858726769916
10209,10.111767329296462
10210,5.421646321942054
10211,0.17583782475666368
10212,6.148338515836341
10213,2.2619696564329796
10214,2.5779039954701513
10215,1.838382051635257
10216,20.628877206500214
10217,9.139567439569309
10218,5.030437263828051
10219,0.13483783391041926
10220,5.528732216242477
10221,2.091749401486086
10222,2.471553119409607
10223,1.6927694465476537
10224,18.97561191220377
10225,8.656540681171448
10226,4.826750832508259
10227,0.14242787138785706
10228,5.0533126480893475
10229,1.8722326087562986
10230,2.202675532722044
10231,1.562236787318706
10232,16.437576763144442
10233,7.547257013001816
10234,4.094817940925919
10235,0.13275310160928488
10236,4.426443536190344
10237,1.6739110365987517
10238,1.985444908714725
10239,1.396642048539619
10240,18.26198559383309
10241,8.18437573850338
10242,4.4376911397284395
10243,0.11986209734434913
10244,4.6830725486048665
10245,1.7019307957292715
10246,2.0334654355508146
10247,1.4316966377536362
10248,17.643877482865093
10249,8.562614004691133
10250,4.648127631582709
10251,0.12617637560147535
10252,5.067202360514971
10253,1.8089648294952672
10254,2.1159576088176912
10255,1.5172394473320827
10256,26.218360402150132
10257,11.965341665668383
10258,6.393984669846534
10259,0.20176461885527702
10260,7.277154379678206
10261,2.680711327541071
10262,3.0850113252440745
10263,2.155918694790835
10264,30.227014469432394
10265,13.67369297266062
10266,6.968265867385748
10267,0.2796834573953154
10268,8.016081609927145
10269,3.0511458415493147
10270,3.7771699524767244
10271,2.4389998509835165
10272,16.04406399106264
10273,7.505736091552891
10274,3.8662638152790674
10275,0.08764295578695622
10276,4.349541187432929
10277,1.617436838122032
10278,1.855757627399362
10279,1.3217590204862957
10280,22.520084002925195
10281,10.274720875713728
10282,5.367732912873087
10283,0.19262211692349782
10284,5.865005986660902
10285,2.1467035595118253
10286,2.6326192362524496
10287,1.8478670815513145
10288,13.840891233502283
10289,5.999420766742337
10290,3.2575023439330786
10291,0.14166289768795962
10292,3.489665168305818
10293,1.264754169697142
10294,1.5513065826028678
10295,1.0476748392399555
10296,16.253788978706485
10297,7.325844532376869
10298,4.183648148449939
10299,0.15929848921677914
10300,4.6242911907387745
10301,1.6985687367659672
10302,1.9700789055402734
10303,1.4472302695176842
10304,18.68916343854794
10305,8.666197108969065
10306,4.54403062737848
10307,0.15746143906672821
10308,4.771735791889199
10309,1.8651041692455894
10310,2.082397894407078
10311,1.5079775276956537
10312,20.885771927459
10313,9.141419835201477
10314,4.987841637511813
10315,0.18409547491927547
10316,5.211416123150532
10317,2.009629796731495
10318,2.365430643766387
10319,1.6934215258874994
10320,26.730674262156967
10321,12.382164410617523
10322,6.677380272016702
10323,0.22914878251781776
10324,7.3117378074293145
10325,2.7956552816283704
10326,3.280302650888254
10327,2.259420218299049
10328,16.190845866792582
10329,7.625053089960971
10330,4.160195004821897
10331,0.13408345498000993
10332,4.68724410817682
10333,1.6746457646995974
10334,1.9617504296715436
10335,1.434969236603598
10336,42.47646492327394
10337,19.21532957509985
10338,9.970454882231266
10339,0.3824197209951853
10340,11.42925720822615
10341,4.4456041551178975
10342,5.298200903035724
10343,3.473883865193979
10344,21.536142108029463
10345,9.466396574821017
10346,5.132442701392334
10347,0.16445892027758047
10348,5.418597776007186
10349,2.013906111279512
10350,2.369538603627339
10351,1.7802637989237287
10352,25.966218537888455
10353,11.949935332667415
10354,6.322523774955816
10355,0.2004354483670965
10356,7.231383721755884
10357,2.494042628745042
10358,3.0500251313888977
10359,2.066117009845336
10360,40.322915425323345
10361,18.842728855853732
10362,9.37619950620841
10363,0.4210420259002715
10364,10.57488646697032
10365,4.054286368624779
10366,4.682491868109215
10367,3.3460573466531147
10368,34.535735540187005
10369,14.70703178927278
10370,8.555094711829229
10371,0.2699050012843126
10372,9.05774602164503
10373,3.256290681178846
10374,3.928900566106448
10375,2.574599342612592
10376,22.16028549438146
10377,9.991161509662382
10378,5.367268827272862
10379,0.19512255541080942
10380,5.7998085636843415
10381,2.096594313394706
10382,2.507722626215217
10383,1.766546379117674
10384,15.809783913117338
10385,7.1721098269166825
10386,3.8297789412856447
10387,0.13137703467460168
10388,4.147122472763444
10389,1.6367324904904823
10390,1.8456260708243575
10391,1.2642325851934713
10392,28.820248629841405
10393,12.962427461984554
10394,6.612009395534891
10395,0.21988772876900603
10396,7.492052404674784
10397,2.727028114825251
10398,3.378294833833441
10399,2.2797867661836286
10400,22.76714881935588
10401,10.073645680437858
10402,5.26177423212524
10403,0.17047655756201874
10404,5.555775993996438
10405,2.0855247544818813
10406,2.4558725636206353
10407,1.7552007792174584
10408,16.28588569864085
10409,7.510383789256114
10410,4.010442341821828
10411,0.12964556563090662
10412,4.446218215869415
10413,1.6588796416461817
10414,1.8877210981410462
10415,1.3465594711459874
10416,22.232250148350143
10417,10.342636673450727
10418,5.420388116708955
10419,0.19123132719095892
10420,5.821066239762909
10421,2.0746098088301466
10422,2.601617613126048
10423,1.8747566558979385
10424,15.15673209863528
10425,6.5505990811605175
10426,3.664725478110517
10427,0.1401660838847664
10428,3.979156197507701
10429,1.4985971838744363
10430,1.702113906582172
10431,1.2197780242396652
10432,16.246081153067752
10433,6.859865541336738
10434,3.8195068975308826
10435,0.1324855136271597
10436,4.4202430249504285
10437,1.5544680207429502
10438,1.9271771389781955
10439,1.2805397954323814
10440,33.44988250737824
10441,14.558319206185821
10442,8.18554054444267
10443,0.24532750128452918
10444,8.962834310946795
10445,3.129840239043018
10446,3.8737598073056216
10447,2.507426125400518
10448,17.069879990904703
10449,7.714702696500718
10450,4.20650062461878
10451,0.1253634480870334
10452,4.431174376322023
10453,1.6213946600535467
10454,1.987508388708902
10455,1.3694034688447037
10456,36.08900814045978
10457,15.783311813786998
10458,8.440720680366425
10459,0.3619293551109046
10460,8.694424430465784
10461,3.253349601269088
10462,4.262271282909684
10463,2.761076992061304
10464,23.98671939416448
10465,11.005881508943766
10466,5.896981033897095
10467,0.18582551074234213
10468,6.222042268423345
10469,2.4567493658230997
10470,2.859466599839024
10471,1.9447724711204353
10472,17.879268443730098
10473,8.109747474160754
10474,4.253978721682356
10475,0.14887751848975134
10476,4.592759968949102
10477,1.7584329293101546
10478,1.9935640523677949
10479,1.4249937275373217
10480,44.14972344402292
10481,19.48266568137806
10482,11.174978770753103
10483,0.3868769194175692
10484,11.84036718052529
10485,4.608690695496176
10486,5.306686815537302
10487,3.749594786686846
10488,20.904771526335963
10489,9.616036706843426
10490,5.157890854122306
10491,0.13582179961926286
10492,5.59756196375355
10493,2.091019911433403
10494,2.4278534432607355
10495,1.6547433010907864
10496,26.97385133777104
10497,11.791038573058984
10498,6.1600868641522135
10499,0.22910274475114598
10500,6.730643930120806
10501,2.601015003033796
10502,2.9850276694744955
10503,2.123591421370101
10504,29.4405541353208
10505,13.10330635754872
10506,7.3637847554496
10507,0.2212444093980652
10508,7.857834496127897
10509,2.9402435579457635
10510,3.5857423409827534
10511,2.3924071503577173
10512,22.060653614907235
10513,10.209807410973847
10514,5.377263630589668
10515,0.1900754452718023
10516,6.046650334626603
10517,2.299960472749018
10518,2.6499886525736183
10519,1.8298574251053235
10520,24.411955899072385
10521,11.195784300721085
10522,5.880784960212917
10523,0.2272813461161515
10524,6.344148122264459
10525,2.3417245077552766
10526,2.8023925252106805
10527,2.0880076212295693
10528,15.767268433847788
10529,6.91648064070743
10530,3.9154829969441187
10531,0.12915838335073343
10532,4.289925915258691
10533,1.519088419155728
10534,1.853784807017169
10535,1.2933594153567152
10536,38.3010756999368
10537,16.482651009904526
10538,8.82586822181595
10539,0.27907770278172495
10540,9.736182570944077
10541,3.6701255742584564
10542,4.380582734948899
10543,2.990655471272571
10544,14.452996322065085
10545,6.874122643238307
10546,3.6938717538466426
10547,0.1204665931514939
10548,3.7112797205467243
10549,1.4944466783541615
10550,1.716711868785395
10551,1.2633866536087608
10552,16.588519907103173
10553,7.32853155141637
10554,4.1554380938795275
10555,0.1481233480415306
10556,4.519320383909975
10557,1.6957240112424834
10558,1.9230954128550466
10559,1.4105287917788178
10560,24.209772340370776
10561,10.836295682478447
10562,5.39480497937056
10563,0.1694965091889073
10564,6.32839626314869
10565,2.4224839956218025
10566,2.79030228253697
10567,1.9873187759386273
10568,26.686311846963147
10569,12.378086573741406
10570,6.346987008082275
10571,0.21405542487693952
10572,7.082974758228224
10573,2.7676042161840453
10574,3.3826890653781985
10575,2.359971014353425
10576,18.42800932784843
10577,8.47680626068688
10578,4.578719539133568
10579,0.14083558971048898
10580,5.027281491344352
10581,1.8377280669851188
10582,2.2431138371526753
10583,1.55238749002472
10584,20.860566322053007
10585,9.147347252450567
10586,4.948616945526184
10587,0.16316432397646866
10588,5.323217277228736
10589,2.024062994077609
10590,2.2930664035154518
10591,1.712553749339365
10592,54.18593274470382
10593,26.142897058142783
10594,14.352590809313574
10595,0.42498358808273384
10596,15.452866978039582
10597,5.894380225761748
10598,7.228514178134452
10599,4.692629835049662
10600,15.853857219396854
10601,6.993780537545951
10602,4.19502837145138
10603,0.14422196291187453
10604,4.414854397055776
10605,1.6229480067534616
10606,1.970837894824227
10607,1.3781102019990235
10608,18.687463288841542
10609,8.675997623734514
10610,4.61346545085606
10611,0.12121431599770947
10612,5.070115248549201
10613,1.9411296768489925
10614,2.1823639126205605
10615,1.5368388546722807
10616,21.554312066879884
10617,9.772656166470306
10618,5.398640213337757
10619,0.13935970391900035
10620,6.07731643799732
10621,2.19895625224364
10622,2.601438833716388
10623,1.7652920430196624
10624,19.426912396216537
10625,8.81231076529392
10626,5.031482409220442
10627,0.1283655727277154
10628,5.390113405994257
10629,2.0279006349394932
10630,2.408316848599108
10631,1.5806950311794685
10632,17.828778647078124
10633,8.057956894460148
10634,4.482709210620568
10635,0.11875082834558706
10636,4.814813903811829
10637,1.8105915350747541
10638,2.2197746433266166
10639,1.5116718243100058
10640,16.509952541121294
10641,7.438879823868259
10642,4.1850840014516155
10643,0.13112591025197454
10644,4.451508115085117
10645,1.6617444730492448
10646,1.9704672934243834
10647,1.4145350480422307
10648,17.66676892966753
10649,7.845631001389364
10650,4.3275902651792
10651,0.11882468493054517
10652,4.870835690577034
10653,1.724026881853259
10654,2.1778645535121015
10655,1.4291756302720207
10656,17.557267360770467
10657,8.206521046818493
10658,4.448058294743811
10659,0.11196707679339046
10660,5.02056514779602
10661,1.7890868024507296
10662,2.150379458832033
10663,1.474845790453676
10664,25.926484505175
10665,11.673701811975855
10666,6.4914881475629125
10667,0.14833956564084919
10668,7.078548138371973
10669,2.6391571600745163
10670,3.059044734075927
10671,2.044368245542014
10672,29.62718798742557
10673,12.549482510457942
10674,6.828863931417155
10675,0.21290737074469165
10676,8.05814974743943
10677,2.9729909082642743
10678,3.5354228111413537
10679,2.4455668258526564
10680,15.689937177531121
10681,7.29059848017474
10682,3.6797995697342567
10683,0.08858483993881532
10684,4.3395766929881034
10685,1.621109685719796
10686,1.8442570091192498
10687,1.3078181704460972
10688,21.498335592787157
10689,9.870750600487202
10690,5.117712033901411
10691,0.14303942447577225
10692,5.7644374029322325
10693,2.172252390319918
10694,2.509116372200034
10695,1.786237272198422
10696,13.126877888875889
10697,5.931333165335769
10698,3.3197203452703956
10699,0.053764340681716725
10700,3.541118746966553
10701,1.2920504455018025
10702,1.5650628678635794
10703,1.0634633160990516
10704,16.235611981484737
10705,7.0372852914766275
10706,4.026928019026385
10707,0.11910423844167443
10708,4.528363903022485
10709,1.6213587944968917
10710,1.9068830882212229
10711,1.3407904780353368
10712,17.77300900433971
10713,8.468622383512013
10714,4.425851640200682
10715,0.12464366232778781
10716,4.796656735228042
10717,1.8168045690216346
10718,2.085916329790823
10719,1.502741403780039
10720,19.860346464393526
10721,8.840300289866295
10722,4.871680023700224
10723,0.14892294945143594
10724,5.1480471316861
10725,1.934924584053326
10726,2.333377812087046
10727,1.6764155576654711
10728,26.196683049055384
10729,12.099896078711986
10730,6.78369343987122
10731,0.17964915003522816
10732,7.18385392850466
10733,2.7676546780272964
10734,3.2582749347919844
10735,2.1848549231149006
10736,15.812667442435293
10737,7.224238271076063
10738,3.9646033264830325
10739,0.11122737720802317
10740,4.376621870229068
10741,1.6276495966801126
10742,1.9178781004988197
10743,1.3729841606308522
10744,42.99888938542906
10745,18.587881622841973
10746,10.282191242027038
10747,0.27601068855802235
10748,12.177607828306943
10749,4.333132509750306
10750,5.219395752928088
10751,3.3607197261923387
10752,20.157525964414834
10753,9.111618228135914
10754,4.7869363868258565
10755,0.11876962581143903
10756,5.501562554584135
10757,1.9889560717300696
10758,2.4030745510676694
10759,1.6430913760773564
10760,25.84468143156635
10761,11.616444161659707
10762,6.285360757621026
10763,0.16359231699087176
10764,6.858770498279763
10765,2.6011329048406826
10766,3.180476727982169
10767,2.0522055587299803
10768,37.945691733438366
10769,17.21145484550317
10770,9.083206614760359
10771,0.2824027132518856
10772,10.20617811976076
10773,3.944364505891146
10774,4.329659347813547
10775,3.0851194855425623
10776,33.565801475957514
10777,14.166258449535812
10778,8.479213387695529
10779,0.22406800537408345
10780,8.821153653435964
10781,3.2896671046975836
10782,4.008942854053538
10783,2.6106678884384453
10784,21.79903289232863
10785,9.826883787303546
10786,5.211783800303718
10787,0.16407100210597175
10788,5.735254948720957
10789,2.059380836981779
10790,2.5018529781562346
10791,1.741717417135122
10792,15.479596552724175
10793,6.954602608658566
10794,3.850369123171949
10795,0.11606910876750233
10796,4.230827139048931
10797,1.5838099680372464
10798,1.8590792083413201
10799,1.2330190731338455
10800,27.042177459317024
10801,11.902256730890503
10802,6.699237751641434
10803,0.18793486683138072
10804,7.339983668370358
10805,2.689292832462923
10806,3.2683094628606737
10807,2.2204092454430198
10808,22.398898172892494
10809,9.911207366352455
10810,5.407676020482744
10811,0.13685189268274137
10812,5.813013655408308
10813,2.1570334197167838
10814,2.4411321605333556
10815,1.7549708599203275
10816,16.467804640104795
10817,7.4463192309585855
10818,3.9828932652220175
10819,0.11354555375522608
10820,4.401651972276367
10821,1.648101449881235
10822,1.8645158490471085
10823,1.303829954129865
10824,20.85116195751521
10825,9.970747117479636
10826,5.410566874288011
10827,0.1459896046780987
10828,5.772382385465738
10829,2.105202624331773
10830,2.499281358443648
10831,1.8256669013727447
10832,14.371924990762047
10833,6.595488776957438
10834,3.5218495924325333
10835,0.11269036676712473
10836,4.136460217763791
10837,1.5014847784483358
10838,1.7091209475491231
10839,1.2632802350807792
10840,15.8595028631637
10841,6.868121549614174
10842,3.7187399520245847
10843,0.1020502353127029
10844,4.348943555465451
10845,1.515368677078248
10846,1.8371064224019351
10847,1.2335264461411406
10848,31.597910388127815
10849,13.990772876079903
10850,8.129319365133085
10851,0.2184607264532244
10852,8.645400468661519
10853,3.132200486690653
10854,3.8232053183912993
10855,2.511394104247593
10856,16.141171632320148
10857,7.674548480870719
10858,4.216352446399112
10859,0.11847053280052072
10860,4.589087319812298
10861,1.6364549968627742
10862,1.9804913177514338
10863,1.3878257707109671
10864,35.39837164974903
10865,14.76030314607315
10866,8.280500438297311
10867,0.2746919295688359
10868,9.006661024672727
10869,3.164962603382648
10870,4.2421537250015025
10871,2.7616476556412324
10872,23.15236920192316
10873,10.402133935315769
10874,5.907660045534799
10875,0.17676923979220824
10876,6.3305815430868435
10877,2.3679855745550067
10878,2.8335303037006874
10879,1.8939364603820672
10880,17.213176892690964
10881,8.013496036248059
10882,4.214305732203869
10883,0.12501530179187276
10884,4.765055498428216
10885,1.761378019715832
10886,1.97877426026051
10887,1.4206191750704378
10888,46.0033194565574
10889,19.74628169227889
10890,11.115314446396024
10891,0.26699423884203305
10892,12.682769651981253
10893,4.691346927745649
10894,5.358729070279419
10895,3.766167274710108
10896,19.69069505890813
10897,9.03731198094388
10898,5.180758056161039
10899,0.11778855867242628
10900,5.407793447982191
10901,2.0183992162241773
10902,2.349104462973088
10903,1.531619069808394
10904,25.66303819319344
10905,10.841787397725986
10906,6.092639871078146
10907,0.20563174449715244
10908,6.613181299413811
10909,2.4449121451054836
10910,2.995834271840592
10911,1.9845222043570505
10912,29.12288825553915
10913,12.98553969665962
10914,7.2406693311981405
10915,0.19857489143208187
10916,7.633096885787975
10917,2.8172194747161283
10918,3.3917456148061893
10919,2.328960756349476
10920,21.78734194444777
10921,9.715727843077351
10922,5.298328685603015
10923,0.15610089448421496
10924,5.913451376610071
10925,2.1170454160700833
10926,2.656534075631206
10927,1.8020971427085803
10928,24.01595849056524
10929,10.941761930376842
10930,5.707818034015195
10931,0.17038879936516887
10932,6.428346196238274
10933,2.2696039695639505
10934,2.792195324912236
10935,1.991037456710278
10936,16.005386327934097
10937,7.020238899031684
10938,3.7725936922953265
10939,0.09994165391934763
10940,4.190937593218802
10941,1.4847129797388905
10942,1.852450507234572
10943,1.2554841746461807
10944,36.22499934736812
10945,15.863668166311834
10946,8.991092992334885
10947,0.25132762719639673
10948,9.560539165263759
10949,3.53839101917581
10950,4.25318271078378
10951,2.976794681582729
10952,14.508134061188967
10953,6.4867717471601685
10954,3.506392938211563
10955,0.09552847211054898
10956,3.8175997442513547
10957,1.401604392003087
10958,1.658078245342326
10959,1.2402589189042508
10960,16.477435807603268
10961,7.367657438771332
10962,4.091118618559893
10963,0.1393162756425682
10964,4.576092630154356
10965,1.6817158621074226
10966,1.937846192413658
10967,1.3710020256810418
10968,24.046655847340652
10969,10.681378115398257
10970,5.774251187525614
10971,0.15748008297917995
10972,6.449385748002423
10973,2.3768695614758277
10974,2.7281800330592576
10975,1.9206434160115398
10976,27.19335835248663
10977,12.080116520113574
10978,6.396494651882186
10979,0.2084327283055894
10980,7.3094587982572605
10981,2.6816263433366356
10982,3.33287840133148
10983,2.3403143343035184
10984,17.587513394534607
10985,8.027824393687075
10986,4.402645092556103
10987,0.14150200853433328
10988,4.962478851613531
10989,1.7762521733035654
10990,2.203440188698314
10991,1.4567939992207521
10992,19.94230708629829
10993,9.009733638309825
10994,4.8414885198108975
10995,0.13189039404634362
10996,5.330451702206883
10997,1.9817156726139018
10998,2.294537883918744
10999,1.63493215114379
11000,56.954127586478826
11001,24.890002015525308
11002,14.337331927379607
11003,0.4265556702183734
11004,15.08346320594101
11005,5.9024082822732264
11006,7.269325622218353
11007,4.970594778736943
11008,16.15711717942627
11009,7.389097662616978
11010,4.176739470761932
11011,0.12187340559374787
11012,4.439111007555066
11013,1.6395137844453598
11014,1.9811536318523937
11015,1.3707877450042576
11016,18.568132525540726
11017,8.030749244990368
11018,4.814474245305538
11019,0.1345194427139085
11020,5.4028716929158165
11021,2.099748014551933
11022,2.4495827448067464
11023,1.663543114862679
11024,20.8537574137533
11025,9.671250864800276
11026,5.9792281405268515
11027,0.11597197502286441
11028,6.678929303028559
11029,2.5987361899660297
11030,2.9753359334680898
11031,1.9753371705291392
11032,19.677958285618995
11033,9.123929348546577
11034,5.43653121580222
11035,0.09535724029613933
11036,5.9739183669564815
11037,2.223706211837011
11038,2.788014419022853
11039,1.7515339684949596
11040,18.241687402086523
11041,8.091107420719071
11042,5.136135984492724
11043,0.08924958558278301
11044,5.240681402862094
11045,2.0451300695958015
11046,2.4606511664548396
11047,1.6588847165724858
11048,15.645511450399026
11049,6.997286581988067
11050,4.563710465895038
11051,0.09487214504017971
11052,4.956989766238826
11053,1.828134546100615
11054,2.3062721479297346
11055,1.4853529614651955
11056,18.406021645671352
11057,8.156619689013281
11058,5.037558685945384
11059,0.08328629324843172
11060,5.271833667364341
11061,1.862600560182741
11062,2.4333130750566885
11063,1.5991089524881599
11064,17.700734501415788
11065,8.536466346522813
11066,5.018770355844122
11067,0.10594044765729073
11068,5.748067237787282
11069,2.090555769909526
11070,2.45883645446667
11071,1.6960245713113502
11072,24.845229502309728
11073,11.231434630433688
11074,6.600246146340249
11075,0.15317130080367897
11076,7.355498723721959
11077,2.7797935854506077
11078,3.4407022566286902
11079,2.2531844695575476
11080,30.219971108985764
11081,13.550696775709374
11082,7.764988737215748
11083,0.18477892826018155
11084,8.831660446600905
11085,3.3687615498333114
11086,4.252853033551376
11087,2.7462295624440953
11088,15.222446061228522
11089,6.987274288273258
11090,4.338228768617575
11091,0.06648612901864433
11092,4.6036287376551375
11093,1.7619411802613105
11094,2.2426066072628394
11095,1.425283783769183
11096,21.246163656531696
11097,9.7395471116013
11098,5.863403285252053
11099,0.12782674982143039
11100,6.351888506905964
11101,2.453218167350669
11102,2.970117036288613
11103,2.027417053945976
11104,12.77543152895568
11105,5.997819170725319
11106,3.2920736629670806
11107,0.09717678106088887
11108,3.555128553654835
11109,1.3017608200703779
11110,1.6024995703201683
11111,1.1042786061712615
11112,15.93713831444682
11113,7.099237020513638
11114,4.534016919912865
11115,0.07033876392576068
11116,4.868167660973687
11117,1.806548416903279
11118,2.2591409861317358
11119,1.508496582015795
11120,17.569243498270172
11121,8.097489755102313
11122,5.095886183421874
11123,0.10246499417730918
11124,5.351025255855222
11125,2.104077900418823
11126,2.453753063410109
11127,1.6663606862945883
11128,20.36811836031213
11129,8.933838713577492
11130,5.6098332584268364
11131,0.11698093657974219
11132,5.954055746043009
11133,2.170415283683325
11134,2.759374488013823
11135,1.840317625898422
11136,26.75929195225654
11137,12.570568443858821
11138,7.520413290150094
11139,0.177248777027491
11140,8.078323939497853
11141,3.174813338381952
11142,3.8131331513244935
11143,2.5524831958208574
11144,15.801203254565726
11145,7.310751534802617
11146,4.614643375214075
11147,0.06346813612648516
11148,5.005998839951489
11149,1.8642232407483994
11150,2.3069226294228047
11151,1.5867253468860842
11152,41.89332300020535
11153,18.98820024045188
11154,11.081831199097776
11155,0.2822152879859566
11156,12.690925294879731
11157,4.796712204999489
11158,5.934006633855639
11159,3.8280948983102117
11160,20.181131323221443
11161,9.255980151613732
11162,5.500353967713647
11163,0.10883522715605366
11164,5.925076287927725
11165,2.194927670555699
11166,2.6898597300824467
11167,1.8863605549136255
11168,25.53685826497037
11169,11.834279127023
11170,6.819641930521592
11171,0.13714307265850378
11172,7.7788507655947345
11173,2.786023317389134
11174,3.4921289925711125
11175,2.3321586625090953
11176,38.68399377717372
11177,17.137235212753524
11178,10.183672319762339
11179,0.2712616157231897
11180,11.077102333768531
11181,4.457849143945357
11182,5.171897877759325
11183,3.5222573983969854
11184,35.30637156722161
11185,14.624783686095904
11186,9.436820555325145
11187,0.1788822134113667
11188,9.829584049678385
11189,3.649069804447364
11190,4.473296211628345
11191,2.858746491508141
11192,22.338548632452277
11193,9.491790849398562
11194,6.100765500852268
11195,0.13825893986077226
11196,6.300636839538593
11197,2.3487723862981236
11198,2.9556998500581786
11199,1.9692597112040309
11200,15.811270717711656
11201,7.047304441884899
11202,4.261209890201165
11203,0.06842283396234876
11204,4.538106576817303
11205,1.810896864110491
11206,2.2056887946063513
11207,1.385759145637732
11208,28.433698884719334
11209,12.641347741790428
11210,7.107555008575188
11211,0.16580847094135157
11212,8.029251298462508
11213,2.981079834587929
11214,3.914145898415818
11215,2.4697584251325844
11216,22.224619392211515
11217,10.200189009415459
11218,5.938722071158363
11219,0.1377268719303479
11220,6.472324635994023
11221,2.496753912711698
11222,2.964220018425591
11223,2.059240091671158
11224,16.104358048368386
11225,7.377103406425735
11226,4.541813571439373
11227,0.06726144261120791
11228,4.812630387319649
11229,1.9449802142509227
11230,2.241261680782627
11231,1.468512799815781
11232,21.704735710297413
11233,9.930752280984576
11234,6.0020811067179505
11235,0.13232033949464794
11236,6.325239629165827
11237,2.303776965847766
11238,2.9369079586349027
11239,2.007408039388296
11240,15.354411643804626
11241,6.633872388063545
11242,3.9007850258935033
11243,0.11239286830041223
11244,4.427508307014669
11245,1.6358298557379647
11246,1.8938202418129153
11247,1.309037960960701
11248,15.373346501309978
11249,6.926035718105218
11250,4.32184559906388
11251,0.06835866893683641
11252,4.809308451636939
11253,1.6936259430129703
11254,2.1404541209301455
11255,1.3512876919140655
11256,32.68962779184382
11257,13.885128377186629
11258,8.583303964563768
11259,0.15788900356448807
11260,9.506735717688032
11261,3.4629433648488925
11262,4.291876239899716
11263,2.7186730409226776
11264,16.64867331980955
11265,7.584638216339712
11266,4.90451632256024
11267,0.08110424700325986
11268,5.102449153207256
11269,1.825013993482673
11270,2.361366211691079
11271,1.5259039708564577
11272,35.248725397244954
11273,15.277374343009667
11274,8.939256655927538
11275,0.25869006826770813
11276,9.394660057155416
11277,3.6861473978054993
11278,4.698655747685886
11279,3.1608903051135018
11280,23.518907742860378
11281,10.417209711874612
11282,6.5784000018343
11283,0.14790408999482038
11284,6.963254416454281
11285,2.6884383812095716
11286,3.2229293717573917
11287,2.1793706869003495
11288,17.19560768635895
11289,7.819006948121245
11290,4.912035769974987
11291,0.0814591766486635
11292,5.305528599161529
11293,1.99721452505625
11294,2.342010359861553
11295,1.5624817949449885
11296,44.753879458091276
11297,20.264685199781564
11298,11.704856729248354
11299,0.25037927325636816
11300,12.923172876564536
11301,5.203496569669041
11302,5.854713421738925
11303,3.963891405857854
11304,19.46751028762081
11305,9.25232227624068
11306,5.631175222306496
11307,0.10077517803202964
11308,6.0340979155733105
11309,2.2097671838251887
11310,2.6939705222108508
11311,1.7198765619518528
11312,25.51002798353868
11313,10.848962299072145
11314,6.9522385167860445
11315,0.1584503441142155
11316,7.539024421049409
11317,2.893604745721757
11318,3.4237375590295147
11319,2.20467017506708
11320,29.054859693203788
11321,12.414766322428246
11322,8.107901054488396
11323,0.15343104254588671
11324,8.795099076794616
11325,3.243259252107606
11326,4.109422256804028
11327,2.5685252711950235
11328,22.04691541081182
11329,9.669985204512681
11330,6.0225971539349015
11331,0.11848200899296724
11332,6.545278823051322
11333,2.501263247776795
11334,2.886849677752201
11335,2.0130141658169753
11336,24.562476475860002
11337,11.088823041623716
11338,6.542329445334466
11339,0.16726465244082317
11340,6.9976941604974385
11341,2.611741404997152
11342,3.175297493370455
11343,2.3315387332239315
11344,15.632155469940653
11345,6.927699866782523
11346,4.264951593551655
11347,0.08067662210974988
11348,4.891576846899498
11349,1.663614739179665
11350,2.149688073923266
11351,1.4157438876063209
11352,35.42166267900306
11353,16.491341562929957
11354,9.80936762850874
11355,0.19271373760294452
11356,10.651567370866886
11357,3.9897693905958147
11358,4.763408314850145
11359,3.2700000492487242
11360,15.00859482974228
11361,6.721045807899092
11362,4.000630525534146
11363,0.07093426218315058
11364,4.1336821807850646
11365,1.5824773094774125
11366,1.893431209742324
11367,1.3206687373837622
11368,15.947429670839831
11369,7.031491093626014
11370,4.757136201977813
11371,0.09044682750916282
11372,4.95040338785929
11373,1.8871387087095877
11374,2.31182741289241
11375,1.4997547943585139
11376,24.19750221610328
11377,10.803855957394319
11378,6.258023767959825
11379,0.12376588608157438
11380,7.132631368388658
11381,2.6599921624468594
11382,3.2123012531925124
11383,2.188237182799243
11384,27.589623157662526
11385,12.332669438373633
11386,7.213484385174388
11387,0.16237923331987578
11388,8.171539822124439
11389,3.135249842468219
11390,3.882489290217759
11391,2.6327904662632684
11392,18.909306501002085
11393,8.391921273488714
11394,5.036198706451382
11395,0.08734242967736013
11396,5.462574175929876
11397,1.9783094894988114
11398,2.540878276650379
11399,1.6471194213120632
11400,20.245691796928327
11401,8.996877796910846
11402,5.488270073563013
11403,0.10477173687858626
11404,5.810577124492122
11405,2.1143016147402647
11406,2.6324884622729563
11407,1.7459514245305425
11408,55.77825609395057
11409,27.42880763028407
11410,15.206021477878283
11411,0.4107949123439298
11412,16.33962284874934
11413,6.646749046518402
11414,8.078688713299178
11415,5.589631627058503
11416,16.16622760954322
11417,7.178344084917844
11418,4.695949807702634
11419,0.0828185903111082
11420,4.934303610551079
11421,1.8622855244172125
11422,2.3271984602392735
11423,1.5417372590561063
11424,17.69785763408502
11425,7.8726006867769565
11426,4.845878337152003
11427,0.11781870148251344
11428,5.134972997941621
11429,2.0426077341257294
11430,2.413702350621069
11431,1.5497475680713286
11432,20.812432047587027
11433,9.573725261292356
11434,6.022380385291881
11435,0.11377411198631224
11436,6.866365841518634
11437,2.503646816593491
11438,2.944594569053211
11439,1.9999576633457556
11440,20.000530131938916
11441,8.907724429488116
11442,5.469652145341302
11443,0.10042438262837738
11444,5.932009382013054
11445,2.2438286875511153
11446,2.741404312589133
11447,1.7723191864407226
11448,18.098047234885307
11449,8.437527479087516
11450,5.306819173717163
11451,0.08629055075044476
11452,5.434672956865428
11453,2.0022956152514775
11454,2.4743938551779125
11455,1.5981781193135651
11456,15.691962349802456
11457,7.069792585433297
11458,4.590433967681135
11459,0.08807769985429033
11460,4.8426475487283405
11461,1.805432674465215
11462,2.25559317196456
11463,1.4476662538644816
11464,18.193874972362185
11465,8.190212892111699
11466,5.10037303903418
11467,0.09368680725636372
11468,5.265129576073004
11469,1.8957542137899084
11470,2.393386073278136
11471,1.5882159537303673
11472,16.903700308965927
11473,8.234384605943053
11474,5.0965449427074505
11475,0.08944371378033789
11476,5.6885322979140875
11477,2.013014442013483
11478,2.4500534446947406
11479,1.622353433605279
11480,24.679903461761366
11481,11.125459731291112
11482,6.745790267489154
11483,0.12978037151502111
11484,7.595706417120412
11485,2.8491729869017957
11486,3.3876063012165916
11487,2.2217285157185316
11488,30.065441427549246
11489,13.1374301479553
11490,7.785421863911485
11491,0.16309220799817498
11492,8.913510203568398
11493,3.3353479013007408
11494,4.2653469450383446
11495,2.6248748223373255
11496,15.06704495601233
11497,6.995799151616742
11498,4.21964359767652
11499,0.06251245850010037
11500,4.599148935991559
11501,1.7435202355402315
11502,2.0846425499988066
11503,1.3611168797335929
11504,21.646711642138644
11505,9.662529530499782
11506,5.882916677735297
11507,0.11969395960157994
11508,6.420679613576924
11509,2.3520261059225254
11510,2.969161170788423
11511,1.9701376726129418
11512,13.359488223145021
11513,5.897649596327605
11514,3.3330209788932086
11515,0.09086419261231055
11516,3.7007826249658473
11517,1.2983841853762361
11518,1.653883948291248
11519,1.0762008821748428
11520,15.8454066500806
11521,7.030314095042304
11522,4.574660483604288
11523,0.07711470452723848
11524,5.032508725031497
11525,1.869344248464851
11526,2.2667130571214242
11527,1.5398341308251648
11528,17.39662285502073
11529,8.057514966468222
11530,5.03848896489437
11531,0.10525356863800234
11532,5.274626099074207
11533,2.083960686947486
11534,2.399888470616837
11535,1.6237045561490442
11536,20.27046687533964
11537,8.73040508594256
11538,5.52923013322313
11539,0.1055975439532575
11540,5.652670089897381
11541,2.204603648279741
11542,2.6770811521332454
11543,1.7720631162714318
11544,27.409533764511657
11545,12.362537688468825
11546,7.485740912183274
11547,0.15311221535398262
11548,8.171568407141967
11549,3.116983408236036
11550,3.849532237732048
11551,2.480731676118128
11552,15.7557971159427
11553,7.295915223760758
11554,4.52020947401724
11555,0.08032061806696861
11556,4.98666794709664
11557,1.8270207922177797
11558,2.2404749515342037
11559,1.5359337240121738
11560,43.079249800203755
11561,18.90457981156747
11562,10.61258073958308
11563,0.23388784994400408
11564,12.200731673605604
11565,4.702873431520409
11566,5.750981390528351
11567,3.6077583589848246
11568,20.120731649194067
11569,8.977204591865348
11570,5.501009107025241
11571,0.10413408472182824
11572,5.768204463094366
11573,2.1498349230315132
11574,2.5949779222848224
11575,1.8124613566856917
11576,25.515824523896583
11577,11.897787743735401
11578,6.683364775871201
11579,0.10265155215154335
11580,7.547734604551243
11581,2.6671802405597385
11582,3.3383591249860833
11583,2.161143995712887
11584,38.97319485901887
11585,18.143625023989735
11586,10.054802732605593
11587,0.2445728072557644
11588,11.192324011330093
11589,4.299456893860541
11590,5.147827752461581
11591,3.4731418543122765
11592,33.497856173965495
11593,14.525440175064123
11594,9.146119301917597
11595,0.16889939275360347
11596,9.51340332266394
11597,3.5820944891011353
11598,4.364188590676938
11599,2.7542105183574406
11600,21.4014856595091
11601,9.525441684788124
11602,6.116331435039882
11603,0.15953555749307996
11604,6.408224465232525
11605,2.405323491109875
11606,3.0088075258325055
11607,1.9618590386484474
11608,15.42328712069356
11609,6.945760032885482
11610,4.235714839599755
11611,0.07562311648572279
11612,4.53198879876962
11613,1.8029428258707292
11614,2.1368118145352515
11615,1.3305513591569884
11616,28.465590252059243
11617,12.60773077207947
11618,7.348533541646996
11619,0.13494705285846487
11620,8.113082879862427
11621,3.020838044639594
11622,3.878093727879797
11623,2.449599925449357
11624,22.690860654324105
11625,9.95283698453261
11626,6.29018317647811
11627,0.12586818025765392
11628,6.396887183447122
11629,2.5029549477779685
11630,3.0024329852490492
11631,2.0518236701521007
11632,16.2603625731967
11633,7.532857666510134
11634,4.54973248808479
11635,0.0817558330805935
11636,5.054695941117597
11637,1.8642171543879882
11638,2.2293443585932886
11639,1.4532203453488128
11640,21.992340395676052
11641,9.905419584415359
11642,5.946370658149685
11643,0.1386013106047554
11644,6.310252394863535
11645,2.2743237183407183
11646,2.9735248450658394
11647,2.0458529223820294
11648,14.962509016650422
11649,6.451927541502841
11650,3.8900301573860125
11651,0.09059272126479352
11652,4.287164066667839
11653,1.6422489838254168
11654,1.908234751466252
11655,1.284344373999615
11656,15.874080907300275
11657,6.79134533469687
11658,4.1727002148758
11659,0.06974925366335968
11660,4.7591409509099245
11661,1.6966012510679525
11662,2.197559220201448
11663,1.3398235659526467
11664,32.688738343924996
11665,14.35695094046339
11666,8.6698343446211
11667,0.14543602956438917
11668,9.384609547044917
11669,3.4432752223639866
11670,4.2357357730521255
11671,2.6952699895953653
11672,16.303482027595532
11673,7.453226921615708
11674,4.696315470062121
11675,0.09987565100846271
11676,5.008289245199523
11677,1.8100414943286336
11678,2.336621924484053
11679,1.4978889048116244
11680,36.85024463479562
11681,15.394268008719418
11682,9.241327735479182
11683,0.24391733624601955
11684,9.572538132238671
11685,3.579296117224176
11686,4.849495079529034
11687,2.9693923815775967
11688,23.385746951956826
11689,10.55909389924044
11690,6.576978974382001
11691,0.15865247503070137
11692,6.844728791731265
11693,2.680045503937151
11694,3.3156461052795407
11695,2.082427610017908
11696,17.337839087121246
11697,7.564385667647853
11698,4.7285984869430955
11699,0.09988509676955028
11700,5.0911106681145775
11701,1.931165159927109
11702,2.3070611046264813
11703,1.5397922413771046
11704,46.809206781762455
11705,20.204564223649058
11706,12.320077995910381
11707,0.23846006351648297
11708,12.820893081224929
11709,4.932529245787784
11710,5.903827568964575
11711,3.9818046535743945
11712,19.998383186276453
11713,9.30281011457358
11714,5.679521874182204
11715,0.09924376473689409
11716,6.051318132659654
11717,2.235463873795399
11718,2.7047858375655394
11719,1.72931320792734
11720,26.285653144565675
11721,11.08154019610145
11722,6.619789370119472
11723,0.15749984790027569
11724,7.004604373372607
11725,2.836139329314774
11726,3.4057895035075845
11727,2.224033988058679
11728,29.493905976765443
11729,12.868673139475106
11730,7.854544681511152
11731,0.1406388701708106
11732,8.275597079361766
11733,3.2470652851662267
11734,4.057563509993208
11735,2.588292658936357
11736,21.195636559588817
11737,9.662239796252953
11738,5.857103402021094
11739,0.12227427158844299
11740,6.548186928479507
11741,2.4955215359773075
11742,3.0133257562622955
11743,1.9659836608306887
11744,23.499417516138216
11745,10.763689014434659
11746,6.630627020002624
11747,0.1449608716847236
11748,7.003036237071049
11749,2.613967734839479
11750,3.251706522578383
11751,2.284584526357171
11752,15.224265952343394
11753,6.814251270436567
11754,4.255599117870532
11755,0.06366673983384855
11756,4.641637557197721
11757,1.6266586652769681
11758,2.0980119476824735
11759,1.34669207573795
11760,38.10100965620832
11761,16.143666578443167
11762,9.231348733328595
11763,0.1739689713919758
11764,10.474867089807509
11765,3.9408763748355233
11766,4.660595249417215
11767,3.1276786956267175
11768,14.401160957622023
11769,6.7211769801326335
11770,3.961366623798391
11771,0.0763992224533162
11772,3.9720490488626536
11773,1.58200146416272
11774,1.905276966128147
11775,1.3140057594947716
11776,15.639796680392816
11777,7.0588491564718
11778,4.546725217185601
11779,0.08523992052718898
11780,5.038116514950373
11781,1.8860396434322786
11782,2.20873242320809
11783,1.499531858112162
11784,23.859793883022835
11785,10.473947302823182
11786,5.950038680725641
11787,0.12371399760696249
11788,6.839175827377557
11789,2.602436609914374
11790,3.1345424619434414
11791,2.1051983712568405
11792,26.12189720934816
11793,11.953216005076648
11794,6.908845291344863
11795,0.1421987198174829
11796,7.682990068326967
11797,3.025399557653859
11798,3.8178649485540608
11799,2.5333188152717665
11800,17.509211238660612
11801,8.286374395874182
11802,5.149987144442356
11803,0.08403727654883457
11804,5.452434189984857
11805,2.0265718784772817
11806,2.6133823239308986
11807,1.6748602278419618
11808,19.773860201594882
11809,8.556604278320522
11810,5.2210467536444325
11811,0.0969692348581185
11812,5.7643236582711435
11813,2.1939130117915715
11814,2.5926932483517233
11815,1.7746089318556761
11816,56.41961084796464
11817,27.75414472018389
11818,15.567427121531392
11819,0.3892880499508811
11820,16.561582683771565
11821,6.447962974282477
11822,7.885603542289619
11823,5.166494927133442
11824,15.751651057878604
11825,6.928648784375453
11826,4.591042608675734
11827,0.09116270315583218
11828,4.856661022300953
11829,1.793232418490355
11830,2.2760244946497488
11831,1.4645353014348519
11832,17.59561524149147
11833,7.815865819858288
11834,4.8994268257334594
11835,0.10380072658345305
11836,5.333264176321005
11837,2.134191426366239
11838,2.5542184016698757
11839,1.6441749686631506
11840,19.79030786087284
11841,9.16219842597769
11842,5.828323647715452
11843,0.11285884631065193
11844,6.4326568501864605
11845,2.502327747122256
11846,2.881944082574367
11847,1.9100288569255952
11848,18.930929309184645
11849,8.834621955247217
11850,5.298305565301931
11851,0.09020788871105868
11852,5.8428552291518345
11853,2.1696065919905663
11854,2.8006848415493675
11855,1.702963715542349
11856,16.699319678016835
11857,7.656158026073659
11858,5.03205592775893
11859,0.0906722901454317
11860,5.171907798394521
11861,1.9532323825717375
11862,2.390729188837482
11863,1.5894740366188795
11864,14.64146975154122
11865,6.435879810482986
11866,4.399312924351535
11867,0.08538196033939756
11868,4.640767090194179
11869,1.7452267931905112
11870,2.2000819547928843
11871,1.4368295313769726
11872,17.08703827534458
11873,7.921455066147681
11874,4.8860931889167425
11875,0.10281542748867818
11876,5.034406246435836
11877,1.814255322946609
11878,2.4046679555820676
11879,1.549066663254617
11880,15.988016546833501
11881,7.869603493382241
11882,4.770934458438023
11883,0.09406538577301204
11884,5.389018732662508
11885,1.9848816639754137
11886,2.3459627458983823
11887,1.6366910207854204
11888,24.201144649339607
11889,10.877355788119454
11890,6.535627614914084
11891,0.12875502631699542
11892,7.219783447078884
11893,2.704832945027044
11894,3.3282549532352093
11895,2.128317618281368
11896,26.98814905829552
11897,11.977681176815775
11898,7.368134119170248
11899,0.153303697318796
11900,8.471018444453307
11901,3.1902564813106835
11902,4.041866151322876
11903,2.5563893496692907
11904,13.979301203404955
11905,6.445091763228291
11906,4.148832364960172
11907,0.057409717337198025
11908,4.555916568748319
11909,1.6781580451519678
11910,2.0901950047613416
11911,1.3779070669542368
11912,20.60394566544059
11913,9.427738474938932
11914,5.770017553740686
11915,0.11713764320303649
11916,6.314964448460266
11917,2.396337534607706
11918,2.931806887828589
11919,1.9548825308895361
11920,12.296526414803514
11921,5.5167038670043995
11922,3.322152788014648
11923,0.07447742630077057
11924,3.606756893485933
11925,1.3338631012097901
11926,1.6414694556165481
11927,1.1144923081267144
11928,14.75524319059047
11929,6.630580530736133
11930,4.349415586788295
11931,0.07700434657230948
11932,4.730104483208807
11933,1.746825526642918
11934,2.192193534961859
11935,1.4597153566582148
11936,16.397962442752412
11937,7.501505897780096
11938,4.812053437514465
11939,0.10169531753324246
11940,5.073385841394174
11941,1.9660300840792662
11942,2.317795160957729
11943,1.5690284508766277
11944,19.01332435707061
11945,8.398281421255808
11946,5.468476411302314
11947,0.11529628980600004
11948,5.710530870285427
11949,2.148761454158358
11950,2.7137202767638477
11951,1.8548042331560635
11952,24.773180500585106
11953,11.801771927586058
11954,7.253509587889843
11955,0.1617963407032723
11956,7.808074458850744
11957,3.085577949025316
11958,3.6907741112665717
11959,2.419898024553737
11960,14.595406933893601
11961,6.795581936053307
11962,4.416400323023639
11963,0.0684420738973096
11964,4.8578252683158025
11965,1.7738469075698926
11966,2.199979396309906
11967,1.52106711690256
11968,39.28545487376652
11969,18.214226518745452
11970,10.785174173070251
11971,0.267318362417159
11972,12.055645841984525
11973,4.6475519118382325
11974,5.559603275588997
11975,3.7783021416203275
11976,19.186652507844254
11977,8.648718844412612
11978,5.537785818436128
11979,0.09866926596638402
11980,6.002828845295141
11981,2.202502861351163
11982,2.7530789635815442
11983,1.8293836816361981
11984,23.799899869694208
11985,11.286395666425324
11986,6.503975793824149
11987,0.12580825015916444
11988,7.322754450244218
11989,2.6662625228826133
11990,3.3264414407103167
11991,2.1961009387151704
11992,34.41929122420601
11993,15.594724142193398
11994,9.568271780187741
11995,0.24760444031603623
11996,10.243937107279645
11997,4.244790187838356
11998,4.827511767933542
11999,3.3280999432087777
12000,31.81700949554727
12001,13.736989220755088
12002,9.057217471460989
12003,0.17951026351694024
12004,9.443826627140478
12005,3.552325904723008
12006,4.3188454450097895
12007,2.7561529284935395
12008,20.130914615631113
12009,8.819107778304883
12010,5.895039953449564
12011,0.14910223940183828
12012,5.971445882110674
12013,2.2527207948053998
12014,2.8710564131050926
12015,1.9069228180764162
12016,14.387169634313686
12017,6.4479476065436305
12018,4.077803277645982
12019,0.07261668050727577
12020,4.3098962505318665
12021,1.7467531248084855
12022,2.0851512316163143
12023,1.31761653219746
12024,26.808263553252605
12025,12.096038748422645
12026,6.941588158925186
12027,0.1488561730865282
12028,7.7866201854733825
12029,2.9088878668264515
12030,3.8833285472589516
12031,2.373743248755659
12032,21.208343765918343
12033,9.438653553285846
12034,5.836248195746289
12035,0.10404686057506547
12036,6.201911126957325
12037,2.41073185450924
12038,2.9202881190442707
12039,1.9516576722125452
12040,14.83131699954018
12041,6.810479316628128
12042,4.259925569285263
12043,0.07477027884710037
12044,4.544105260411616
12045,1.8412470980401692
12046,2.105192805856605
12047,1.3904012951040816
12048,20.02255863873018
12049,9.090069283069635
12050,5.633067564733259
12051,0.1165332916872225
12052,6.040818795246306
12053,2.2318947635060824
12054,2.8744347588136785
12055,1.9357118501127615
12056,13.164559653983764
12057,5.741430809012115
12058,3.6284590894312765
12059,0.06605632259484198
12060,4.24746492970374
12061,1.5433430573405678
12062,1.854202061548781
12063,1.238419599496585
12064,14.122759972125706
12065,6.282677988313485
12066,4.126065651827488
12067,0.06820762569047441
12068,4.632530214295777
12069,1.6179675087869507
12070,2.0508238580712304
12071,1.3090886887430833
12072,29.87066644887502
12073,13.217223868260975
12074,8.367125268332193
12075,0.15796033948397853
12076,8.955611323032574
12077,3.344336921734203
12078,4.11555089399906
12079,2.557673987491102
12080,14.91666654651529
12081,6.822059871353585
12082,4.616346685941954
12083,0.07517356762844653
12084,4.828583632761536
12085,1.7056576898759799
12086,2.208853521719088
12087,1.4268028097140082
12088,33.1837515360478
12089,14.063907069752485
12090,8.708674142467805
12091,0.25036113282009925
12092,9.346730043152148
12093,3.5545391540324536
12094,4.594182557629528
12095,3.0087949541256656
12096,21.078272683186388
12097,9.694953681884924
12098,6.253254971314659
12099,0.13559126594397508
12100,6.55794469528211
12101,2.5523137946639802
12102,3.0913967156778095
12103,2.0756491061803835
12104,15.441029509844006
12105,7.237508252924987
12106,4.679027890218506
12107,0.0783366737825949
12108,5.036941325155554
12109,1.902916649793262
12110,2.2051160972199555
12111,1.4752712233195249
12112,41.89080622750155
12113,19.43909025641467
12114,11.67163035141349
12115,0.2869423117678716
12116,12.695557797225293
12117,4.983267456078367
12118,5.695931437968737
12119,3.9012864900699626
12120,18.595862708028193
12121,8.735141025076844
12122,5.485539803754647
12123,0.10133898082951152
12124,5.859936148780978
12125,2.120550706892084
12126,2.6602715619315753
12127,1.646413885047677
12128,23.28779486280813
12129,10.279776426410141
12130,6.559357821199727
12131,0.15343225067538122
12132,7.001237785017974
12133,2.7544272609906923
12134,3.3034740342631976
12135,2.10312753896678
12136,26.968336425141935
12137,11.928379575537278
12138,7.520248498971859
12139,0.12047247668707729
12140,8.111997547072212
12141,3.0628710100617305
12142,3.8015595479839046
12143,2.3814194288631234
12144,20.20713095165203
12145,9.089675902815854
12146,5.7689382463216115
12147,0.11088378833124474
12148,6.237830323722649
12149,2.392310559908481
12150,2.8145666866303953
12151,1.904320529161835
12152,22.59603425549554
12153,10.15161856004082
12154,6.362268800609782
12155,0.14974175714618035
12156,6.774077919095972
12157,2.492970100509871
12158,3.103283308738942
12159,2.220580493321517
12160,14.05625701034843
12161,6.491131680991872
12162,4.099309420915828
12163,0.07902015178890927
12164,4.510726947766588
12165,1.5699875788340734
12166,2.0705851597353035
12167,1.3359408305770852
12168,33.77819248720804
12169,15.825245643997196
12170,9.665063804588243
12171,0.17159096426548986
12172,10.127809199186661
12173,3.933050828121092
12174,4.619492207559233
12175,3.2019205267336606
12176,13.446115034027072
12177,6.266221130083988
12178,3.869425261820975
12179,0.06098064331925653
12180,4.047996926723269
12181,1.486934516239074
12182,1.8119127947332319
12183,1.2676685104495193
12184,14.66527717923187
12185,6.57995209842649
12186,4.501246218865549
12187,0.08916406349245881
12188,4.738995631389208
12189,1.7913591345510582
12190,2.1638186628758915
12191,1.4216985945125218
12192,22.451010896199477
12193,10.230369750741096
12194,5.973740987301509
12195,0.11753084633055705
12196,6.822127847070452
12197,2.530098746082388
12198,3.119410516144708
12199,2.0979961738253863
12200,25.231191919040604
12201,11.527782329052169
12202,6.875060849058
12203,0.14934883747469066
12204,7.597472942623475
12205,3.0261640183805105
12206,3.7421100818225
12207,2.4954105560942783
12208,16.76432956449942
12209,7.762709660649556
12210,4.701448434868221
12211,0.08192461334116351
12212,5.1900062159207785
12213,1.8442223016590022
12214,2.407655935583067
12215,1.5663981889404115
12216,19.274110602193968
12217,8.427047770551408
12218,5.319060401515277
12219,0.10720321055272865
12220,5.611113848418659
12221,2.0941878298926353
12222,2.5804408654436783
12223,1.7218576008115833
12224,53.3400483994582
12225,25.4994539338704
12226,14.416947688133805
12227,0.334089782570814
12228,15.552407211810142
12229,6.131651098628823
12230,7.607725921880368
12231,5.112330684909906
12232,14.747950290022182
12233,6.597104457520497
12234,4.387602332765912
12235,0.07441882986129651
12236,4.697038165837662
12237,1.7693151392607362
12238,2.1799641901674973
12239,1.4538905288710167
12240,18.048161785858195
12241,8.486870646504487
12242,4.767434108708781
12243,0.1386477772393051
12244,5.12151226091878
12245,2.0280137194458856
12246,2.27490897388101
12247,1.6194107261784634
12248,22.07405876039273
12249,9.928318319383056
12250,6.062754762661087
12251,0.10144915640580066
12252,6.632619177544562
12253,2.4931343560834947
12254,2.9549314417793626
12255,1.9719268742496485
12256,20.772080021744138
12257,9.379007255692944
12258,5.534933416921488
12259,0.09660558218309193
12260,5.844264220556267
12261,2.292122129558824
12262,2.6651473777448222
12263,1.781485422964829
12264,18.634159327337436
12265,8.523032855555662
12266,4.9961415642934615
12267,0.07881621368313478
12268,5.271722462545916
12269,1.9921859802754784
12270,2.4646686487636478
12271,1.611818166076015
12272,16.49455371229077
12273,7.450513487449143
12274,4.546823967502414
12275,0.09791835227928745
12276,4.7054935563363145
12277,1.74275063952169
12278,2.1332788481861056
12279,1.4327280268080764
12280,18.229357645892765
12281,8.052810077991259
12282,4.823150089750282
12283,0.0794338391160897
12284,5.40605944243317
12285,1.868244444120497
12286,2.4355676746126553
12287,1.5587275156063358
12288,18.47518980657644
12289,8.685072524766513
12290,5.087872442890205
12291,0.09160273794619321
12292,5.620682416829639
12293,2.033468250301964
12294,2.473886917878877
12295,1.63291979040505
12296,25.088997658489355
12297,11.35781333121468
12298,6.583380833800739
12299,0.11290186277970411
12300,7.1855713714265335
12301,2.7507972617188714
12302,3.221848947765365
12303,2.1051223482791612
12304,30.49229353319926
12305,13.368032462288607
12306,7.366696981173038
12307,0.17538028217599863
12308,8.627952247623728
12309,3.344320886607232
12310,4.025439620562795
12311,2.6919560991122156
12312,15.90127202686023
12313,7.413557590569905
12314,4.113493473244048
12315,0.07966221188121565
12316,4.626972773496873
12317,1.771460009789487
12318,2.051078958118251
12319,1.3818058936035362
12320,21.818395525694196
12321,10.237587261975884
12322,5.807495440818162
12323,0.12593190490361864
12324,6.287540882441306
12325,2.4312786860162494
12326,2.8237740669567826
12327,1.9959227900802763
12328,13.308080114897976
12329,6.045340644181714
12330,3.359293890573229
12331,0.09331487844572929
12332,3.6255603300986796
12333,1.331755978051255
12334,1.6488310340954597
12335,1.0622103448769182
12336,16.59824162391854
12337,7.137867323290667
12338,4.422855340301443
12339,0.10235881209152431
12340,4.910916948405379
12341,1.7830864359762302
12342,2.081771097126525
12343,1.4688115717137298
12344,18.715022521441647
12345,8.73780991415889
12346,4.952555449974482
12347,0.13401695239853598
12348,5.288805585380982
12349,2.0021223777754464
12350,2.326874873664417
12351,1.644430338644847
12352,20.628045149654508
12353,9.21412024855502
12354,5.504029782489138
12355,0.11943805068215226
12356,5.738800842184587
12357,2.1901228312981273
12358,2.660892383623906
12359,1.878526890310632
12360,27.03746335213148
12361,12.875164302929651
12362,7.456883271682155
12363,0.1618322018380012
12364,8.114874036225219
12365,3.1167740936591555
12366,3.706146418146941
12367,2.4090938307379592
12368,16.502583091556634
12369,7.542472930082994
12370,4.529700389664317
12371,0.11224648866361071
12372,4.793342459630496
12373,1.7988320759393368
12374,2.10321180879186
12375,1.5457261054962796
12376,43.18458069249936
12377,18.66754726583859
12378,11.092682241100638
12379,0.24779095108335691
12380,12.811153828499565
12381,4.774491375208897
12382,5.850849976432668
12383,3.679709830605815
12384,21.250263354699435
12385,9.537797136794277
12386,5.262507715611765
12387,0.11050933458269441
12388,5.866936879166439
12389,2.1378948929929407
12390,2.5938924016719667
12391,1.7807699611151713
12392,26.753885174107804
12393,12.007889850807308
12394,6.773071153328703
12395,0.11273809456050166
12396,7.4734548565838255
12397,2.812833716801399
12398,3.5427026766373824
12399,2.2047370834678706
12400,37.70129751063707
12401,17.76258711205979
12402,9.777389755667823
12403,0.2584226058376532
12404,10.932415844863685
12405,4.438762558044302
12406,4.955754896470619
12407,3.5101970019335105
12408,34.240151289209955
12409,14.729521841918258
12410,9.215942235967018
12411,0.18950793453182926
12412,9.395478413225662
12413,3.6703872648600897
12414,4.480030538863302
12415,2.8592864799357396
12416,22.27961840090627
12417,9.840848090680097
12418,5.740158351687587
12419,0.12860007151509018
12420,6.265798516964417
12421,2.3021005951637856
12422,2.8723438566901964
12423,1.916781227966702
12424,15.78070925255888
12425,6.883070992621483
12426,4.187259722400055
12427,0.09005756467745296
12428,4.587471623951018
12429,1.7406782448852276
12430,2.094086564237547
12431,1.3312213210072321
12432,28.568901102278748
12433,12.49018583499685
12434,7.345530581862354
12435,0.1731516220162548
12436,7.901694079033908
12437,3.0048555342533234
12438,3.73066699675843
12439,2.4582961954774274
12440,22.63083821352039
12441,9.990530169858511
12442,6.107676789698018
12443,0.11201730192185039
12444,6.2410047622895295
12445,2.4213218122528604
12446,2.769991691332605
12447,1.9890893468161475
12448,16.633731718908294
12449,7.427202866220561
12450,4.392268586749174
12451,0.08976440438409196
12452,4.825153969497551
12453,1.8281123353247075
12454,2.076878884075403
12455,1.4202092842812157
12456,21.452346741577543
12457,10.178368039618087
12458,5.894865378519678
12459,0.11782690665663088
12460,6.303765995693018
12461,2.3368800647698333
12462,2.8199868090108566
12463,2.0445689270812055
12464,15.169737164485925
12465,6.620571116370013
12466,3.7121377882933424
12467,0.09842940493427296
12468,4.458775883567876
12469,1.6802726782736823
12470,1.902976308707012
12471,1.3402297875898785
12472,16.384462279163483
12473,7.088450900269688
12474,4.145512569505244
12475,0.0735720014098058
12476,4.738381165251361
12477,1.680019544040649
12478,2.028300575558541
12479,1.3010262188396982
12480,33.15998214341654
12481,14.496044007166791
12482,8.718227470223452
12483,0.173799912102464
12484,9.24402521210053
12485,3.4288432554288946
12486,4.29444330218709
12487,2.6946513969361217
12488,16.72434582596243
12489,7.63522137002786
12490,4.619589004241895
12491,0.10246770115985482
12492,4.826889671923997
12493,1.8025033614882153
12494,2.2062227445499736
12495,1.499419383038395
12496,36.127611844661246
12497,15.53940621148996
12498,9.195934987959093
12499,0.24226821928913572
12500,9.940715802822856
12501,3.5912746500147996
12502,4.8140829173341935
12503,3.088412066009719
12504,23.93217353689846
12505,10.689095074209593
12506,6.325546905819109
12507,0.12627221913368988
12508,7.044839737250737
12509,2.610346112692748
12510,3.2258751560450283
12511,2.0425755545185753
12512,17.923181188943232
12513,8.07693747264222
12514,4.699547722242639
12515,0.11238512800883423
12516,5.079323964972143
12517,1.9559184144435398
12518,2.2011109668349174
12519,1.547726781691693
12520,44.217479669073484
12521,19.709718523167453
12522,12.020962545795971
12523,0.281536365964815
12524,13.281461153907038
12525,5.147180811574169
12526,5.959186499228207
12527,4.158209309124354
12528,20.579301444512772
12529,9.682775299900324
12530,5.7775041561802665
12531,0.09936666993249155
12532,5.988360352228624
12533,2.2708447251092805
12534,2.6564586243690576
12535,1.7215922427319825
12536,25.43486506170253
12537,11.10850123441307
12538,6.574895862325687
12539,0.17068670159421
12540,7.289577028261572
12541,2.7515988715660264
12542,3.423651893293216
12543,2.1776349929708303
12544,30.381987197487067
12545,13.563283399865856
12546,7.924023785778423
12547,0.16114998763803812
12548,8.319200376959543
12549,3.191476387781395
12550,3.9300174513553237
12551,2.5552904831037693
12552,22.6514243499441
12553,9.919481349916655
12554,5.852743074516062
12555,0.13144267715514044
12556,6.539561091068385
12557,2.3629897690928434
12558,3.0464242269527
12559,2.005807286868168
12560,25.065273354482542
12561,11.164802977832151
12562,6.2476784948507795
12563,0.14551028776292715
12564,6.841337524735137
12565,2.5259921087994766
12566,3.153552285792429
12567,2.236856835606527
12568,16.778799127156695
12569,7.145949223693504
12570,4.157967303025655
12571,0.10037558098098795
12572,4.5827736395779235
12573,1.6403347082698758
12574,2.0687339036286
12575,1.3570988897599756
12576,36.66701020877488
12577,16.318802662977717
12578,9.747143773579651
12579,0.24441111960860967
12580,10.29052559969514
12581,3.9763313487589
12582,4.799163489179719
12583,3.302504658713528
12584,14.434066846366841
12585,6.384356748273454
12586,3.8001150627134854
12587,0.08251784268384496
12588,4.105487054592633
12589,1.5087465582922328
12590,1.8414668783908337
12591,1.281929687679452
12592,16.30998602735105
12593,7.176703544618646
12594,4.4200218909219515
12595,0.09893025453942642
12596,4.887779365505997
12597,1.818909189573441
12598,2.1038208976217385
12599,1.449957078022666
12600,25.039376556357528
12601,11.010409779180309
12602,6.289243051573803
12603,0.14394916345619896
12604,7.007266463897898
12605,2.6596642459136484
12606,3.081938115861948
12607,2.142775855763124
12608,28.01997994104926
12609,12.360829320101942
12610,6.888281487278781
12611,0.17235245131782337
12612,8.059143211864297
12613,3.0159492990224464
12614,3.734352868081995
12615,2.593710778916886
12616,17.978922614550626
12617,8.310109051299188
12618,4.925084431254247
12619,0.10109755255061366
12620,5.523783303566276
12621,1.9686722154493883
12622,2.4644121908443504
12623,1.5641359113444946
12624,20.85284473298302
12625,9.376522473481154
12626,5.42534222776212
12627,0.10010950857048605
12628,5.783462604029183
12629,2.224271132710831
12630,2.5813216079844925
12631,1.8174356923890151
12632,55.711999776386385
12633,27.32148184306991
12634,16.034522021194572
12635,0.41383048922425536
12636,16.790423474235013
12637,6.51002162514153
12638,8.07071636724714
12639,5.506102482400967
12640,16.161652095639894
12641,7.039850806542219
12642,4.397671220596316
12643,0.09368330011357362
12644,4.811345464689868
12645,1.8257294398989357
12646,2.175740166660917
12647,1.4846008211275046
12648,14.650931603904322
12649,6.708318733021069
12650,2.77627065836685
12651,1.7490556267309856
12652,1.2633070044597332
12653,1.2959402858967333
12654,1.151729754344981
12655,1.2199269940175677
12656,14.978146037075533
12657,7.179544402112104
12658,2.9959180856283303
12659,2.254149216100502
12660,1.3513609540992284
12661,1.4962752996165387
12662,1.3409560272899868
12663,1.4200357288724648
12664,14.322611563563465
12665,6.152150647975721
12666,2.6922677707779954
12667,2.0888402429065693
12668,1.130309919764791
12669,1.307987627079385
12670,1.2009845569351365
12671,1.2438310270627624
12672,13.706690228917749
12673,5.996571582543272
12674,2.588496095316446
12675,1.9514206797958709
12676,1.1084023641910523
12677,1.2493962562981855
12678,1.1306453827921492
12679,1.190681644716676
12680,11.520011759154544
12681,4.9175681348847196
12682,2.0893199419729847
12683,1.713048558533544
12684,0.8924422620400417
12685,1.0309939559970247
12686,0.9091315718586165
12687,1.0688747018561064
12688,13.257181576653432
12689,5.9339111806287095
12690,2.3211526198282106
12691,1.8338295461452945
12692,1.055757108603152
12693,1.147681437968147
12694,1.0652690639399636
12695,1.1678356433131305
12696,12.40934045031232
12697,5.841459646241749
12698,2.449731260628285
12699,1.8748069598242487
12700,0.9169727736715045
12701,1.1772055140262696
12702,1.0399095114831443
12703,1.1368117257786645
12704,20.715775487365732
12705,8.92617515221453
12706,3.525420244956188
12707,2.6255425776049957
12708,1.8490308140848328
12709,1.9309011014181787
12710,1.6883723875298016
12711,1.8331268825571743
12712,20.728792862736967
12713,9.784762599955476
12714,4.009610696277632
12715,2.877460828989804
12716,1.6766770717130939
12717,1.874548875136022
12718,1.6573364400546384
12719,1.7780885574130818
12720,11.142128675012714
12721,5.096263215543792
12722,2.0596442589175328
12723,1.5581922628139122
12724,1.0905838188458827
12725,1.0616736211709998
12726,0.9719574854647187
12727,1.053265459754834
12728,15.877573114215046
12729,7.202426248997763
12730,3.0259313401966335
12731,2.203314658786883
12732,1.3186928087016774
12733,1.4568215425630697
12734,1.3465136454059956
12735,1.3875884070434519
12736,9.964129978527298
12737,4.143293805426873
12738,1.8972717563193497
12739,1.2932942740909372
12740,0.9174549328102405
12741,0.8930506831411681
12742,0.7672750900344399
12743,0.9116793255533687
12744,11.175867069644942
12745,4.852479298310574
12746,2.172457212846072
12747,1.685385489722247
12748,0.8542696626555506
12749,1.0664255892453012
12750,0.9347651379836155
12751,1.0717916122092492
12752,11.966977039397186
12753,5.762364322080617
12754,2.270153226890881
12755,1.8552270625035354
12756,0.8848957159777655
12757,1.1397516824144716
12758,1.0227975248142898
12759,1.1285921619005232
12760,14.471026280286003
12761,6.215791485407154
12762,2.7199763445084417
12763,2.0701550079701847
12764,1.0298665498235553
12765,1.25054472577197
12766,1.135402086753473
12767,1.2282565470727353
12768,17.66313694457497
12769,8.497648330533202
12770,3.8491079881879378
12771,2.9788463152887092
12772,1.534494270916702
12773,1.8894051706010173
12774,1.5319920094318802
12775,1.7007384556755134
12776,10.590924540647821
12777,4.892163559398404
12778,2.214946989511143
12779,1.6237263191976565
12780,0.8933945044151748
12781,1.067041029870771
12782,0.9380844146354373
12783,1.0950622477428877
12784,31.478612650850568
12785,14.254012306737648
12786,5.670039881436266
12787,4.506347971456966
12788,2.6080719961264665
12789,2.7317974500866398
12790,2.242578763657563
12791,2.6258189112563453
12792,15.329790892146509
12793,6.81913954824729
12794,2.7356491878117466
12795,2.0774701423042288
12796,1.2390047158583666
12797,1.341202404876714
12798,1.1891618456742232
12799,1.329110853078325
12800,17.55320013267064
12801,8.237872552441415
12802,3.2412673823927385
12803,2.703467006838874
12804,1.4643999103343917
12805,1.5791134373776248
12806,1.431080306010692
12807,1.5926043710350517
12808,26.991518682193586
12809,12.392494242055047
12810,4.735173093030258
12811,3.8988036190867965
12812,2.028373370868122
12813,2.346208675976536
12814,2.0628245722654124
12815,2.287395723089556
12816,23.326146797134083
12817,10.565959691119179
12818,4.0910949569754
12819,3.3679522723455437
12820,1.7916476035050337
12821,2.106096963709566
12822,1.7947186048470771
12823,2.066373122664201
12824,15.584413594205028
12825,7.215724012914785
12826,2.942190955586791
12827,2.2709756885820664
12828,1.2612143340844026
12829,1.3905449752418522
12830,1.2437910042228328
12831,1.3393244488985685
12832,10.799559836227923
12833,4.93715903583671
12834,1.9765392755198559
12835,1.610321396899253
12836,0.8423777526856231
12837,1.0477845341534024
12838,0.8948992390203883
12839,1.017758712475939
12840,19.15478186009662
12841,9.127263042683715
12842,3.587920479103007
12843,2.8025001659533517
12844,1.363077706491922
12845,1.6627109814533956
12846,1.5274729123409854
12847,1.663601044070761
12848,16.97012278429207
12849,7.55504569978874
12850,2.996912270993669
12851,2.1922904428238197
12852,1.3404449896129698
12853,1.4418896903270197
12854,1.310792047521491
12855,1.3698952691700257
12856,11.112780255785607
12857,5.18651782960739
12858,2.104203868258975
12859,1.6140799984036132
12860,0.8262107331219581
12861,1.0580572680361138
12862,0.9173254789648868
12863,1.0706640226517916
12864,15.70626595901923
12865,7.646635886567314
12866,3.0725553751405115
12867,2.3047646878748336
12868,1.2847265464722624
12869,1.4044634859131901
12870,1.3384385141568653
12871,1.3996713626054056
12872,10.218756261413338
12873,4.694326307701522
12874,1.9603253146144153
12875,1.4652170501027102
12876,0.7740049409773371
12877,0.9475279823683567
12878,0.8149479616191387
12879,0.9458624881781852
12880,10.858960166989368
12881,4.7909773316911854
12882,2.03315569844182
12883,1.531148856028515
12884,0.8402577818734749
12885,1.033142437395372
12886,0.9154693658644915
12887,1.0233588776671558
12888,21.78280976361229
12889,10.221438583418472
12890,4.0385704680879675
12891,3.184392224315083
12892,1.9467098346109553
12893,1.9299137978025156
12894,1.7433212762456822
12895,2.044343094206223
12896,11.531877495507455
12897,5.017348625398682
12898,2.1215445490139935
12899,1.7055133357251686
12900,0.8798161138349128
12901,1.0322887943892916
12902,0.920286027395132
12903,1.0709504114931598
12904,25.704469583395543
12905,11.20183368532352
12906,4.838318170351691
12907,3.0951583847754276
12908,1.7538888618388602
12909,2.091078212357698
12910,1.9120123341077757
12911,2.010073502252601
12912,16.806229939550065
12913,7.579391598266073
12914,3.344269630808723
12915,2.353449227388557
12916,1.2722543446670462
12917,1.5939470840638728
12918,1.3811362989055707
12919,1.4215477784351318
12920,12.092042439837236
12921,5.555178770393327
12922,2.255586559839504
12923,1.8037644398540194
12924,0.9299356867922175
12925,1.1255874513635653
12926,0.9864120326813638
12927,1.1251352181104448
12928,36.12814435981213
12929,14.682545653150731
12930,6.427283804589558
12931,4.8020756460803815
12932,2.985744066895899
12933,3.0933456988874215
12934,2.613600090403702
12935,2.9703665485518824
12936,14.053644973464548
12937,6.546243645196368
12938,2.6281583757023617
12939,2.0317937243696265
12940,1.0962001139608861
12941,1.2706747343841711
12942,1.1133062951387986
12943,1.2225546245848422
12944,18.230813588786148
12945,7.780199434320827
12946,3.041042184216074
12947,2.761257751281458
12948,1.331349421299616
12949,1.59029040482612
12950,1.3303411963395757
12951,1.4771993668747312
12952,21.258941924673547
12953,9.334203534676012
12954,4.001502507108574
12955,3.003687246915472
12956,1.6949678099306915
12957,1.994072667908269
12958,1.744270835146791
12959,1.8493612135754196
12960,15.258375349203378
12961,6.746764703552786
12962,2.8455592530315377
12963,2.2403134300813963
12964,1.1679457592258609
12965,1.4114021784623185
12966,1.2848561490165826
12967,1.335840997783334
12968,17.258107998783387
12969,8.052799748301062
12970,3.253038943267103
12971,2.3576947125613956
12972,1.4887591762264907
12973,1.5083116907359038
12974,1.3749544508871503
12975,1.4964748125798115
12976,10.906041782882252
12977,4.950401053800966
12978,2.143181423461108
12979,1.4926213114461464
12980,0.8635314390390225
12981,1.0230289364314076
12982,0.917824745482485
12983,1.0357714397652744
12984,26.68637714131864
12985,12.148950974902009
12986,4.927181807464382
12987,3.836728318214349
12988,2.298404418410488
12989,2.3456579717652044
12990,1.8494558823712464
12991,2.2507199018023125
12992,9.875027231664653
12993,4.384989595464222
12994,1.8745581476631785
12995,1.4837284130373203
12996,0.8374035676094742
12997,0.9947863661170764
12998,0.880466993957857
12999,1.0235545201049268
13000,11.229601646437386
13001,5.121550061972121
13002,2.1557703676925155
13003,1.6700985288683687
13004,0.8969735884729039
13005,1.0801534302445668
13006,0.9576285667538555
13007,1.0894273809404922
13008,16.744723116622197
13009,7.711381652909535
13010,2.8859932042201724
13011,2.4252513218700513
13012,1.2936990403838977
13013,1.548416099736315
13014,1.3888254134586084
13015,1.4486890833034414
13016,18.081850587758375
13017,8.446390292978528
13018,3.686849914768663
13019,2.766100550129137
13020,1.3845429477675153
13021,1.8758683987248856
13022,1.7429467253779156
13023,1.8195926984519066
13024,12.643180196193681
13025,5.835978315519758
13026,2.411134633716973
13027,1.89514099103098
13028,1.0436110497012985
13029,1.2313350259884743
13030,1.0910038813732608
13031,1.2777577989431044
13032,13.6900756504807
13033,6.208306608703845
13034,2.7765138837192467
13035,2.0777754376116513
13036,1.0744545572515847
13037,1.2793643499502028
13038,1.0750954469011396
13039,1.2458235700492328
13040,41.33841568694878
13041,19.394046975199355
13042,8.437099823833696
13043,4.569598316785436
13044,3.9445047488217915
13045,3.726035057080469
13046,3.3336067147189525
13047,3.5994960273684793
13048,11.541524997973761
13049,5.162874182423906
13050,2.1945309559640243
13051,1.7335334265836628
13052,0.9205332005666008
13053,1.1001952202283554
13054,0.9828197598268079
13055,1.1239960665598085
13056,19.471585145523445
13057,9.104629573181812
13058,4.285493210301313
13059,0.3807324492040241
13060,4.475667256874267
13061,1.873000037520824
13062,1.9808480082017703
13063,1.5279498399105034
13064,21.85925253839985
13065,9.974582770307823
13066,5.038529697962714
13067,0.40401433179215257
13068,5.315241977503094
13069,2.1165068682119985
13070,2.372028450536958
13071,1.741923840694432
13072,19.788615228466114
13073,9.1113889227439
13074,4.526294838019272
13075,0.3862795822145372
13076,4.7739926779168105
13077,1.8925315885844705
13078,2.0882734001491827
13079,1.5833280176486142
13080,19.003932730903376
13081,8.655422246503392
13082,4.212123595094462
13083,0.33743510942960175
13084,4.2131225705705875
13085,1.7652698024707607
13086,2.0097721654852467
13087,1.498553514589646
13088,17.015804892960965
13089,7.461627039230239
13090,3.7815689600296745
13091,0.3297390475601948
13092,3.9335512228065497
13093,1.5483030933982684
13094,1.7787400296463767
13095,1.3513272953528215
13096,18.71745379525246
13097,8.009096666016632
13098,4.047923196501695
13099,0.34468682836311193
13100,4.288878436284749
13101,1.642292574712427
13102,1.922301648131615
13103,1.3827290415458104
13104,18.862350644491453
13105,8.657553076272789
13106,4.141020753742581
13107,0.3615124378061749
13108,4.347799095983744
13109,1.7424123283437438
13110,1.9244922565146074
13111,1.4766781634880062
13112,27.76202933587915
13113,12.41358964507325
13114,6.016379984297186
13115,0.5091045941128223
13116,6.673005171098239
13117,2.5130793398120983
13118,2.8635797875434608
13119,2.079854001408269
13120,30.365035331356072
13121,13.699389902603858
13122,6.403430695907117
13123,0.6101786999888026
13124,6.965213109624452
13125,2.732776495515797
13126,3.2553256835894366
13127,2.314052238944764
13128,17.027480139281167
13129,7.774425731483651
13130,3.4851708730460547
13131,0.2696251782566844
13132,3.8170507966567593
13133,1.5314912642689065
13134,1.6375592545813948
13135,1.2818921212378127
13136,22.98024332525043
13137,10.701269049519208
13138,4.871374410822373
13139,0.42253803950883223
13140,5.199565400426805
13141,2.0937867516898674
13142,2.282507446738008
13143,1.785006400863245
13144,13.862898442263226
13145,6.062890873185102
13146,3.2231393154114794
13147,0.3159212709827722
13148,3.254086853970483
13149,1.2659589473217023
13150,1.4623734124972658
13151,1.0585428496638556
13152,16.144349546224593
13153,7.534139344137093
13154,3.701147327386336
13155,0.29869769439760274
13156,3.9342597628315543
13157,1.5052978527550729
13158,1.716362741019732
13159,1.3368440208870926
13160,18.80034980559182
13161,8.739131875669955
13162,4.144967648538893
13163,0.3663733233968862
13164,4.210746352528606
13165,1.7040626849158835
13166,1.866546448748342
13167,1.4987336409418301
13168,20.985627487364614
13169,9.22753292978932
13170,4.603019233215183
13171,0.4150360703937582
13172,4.737831375198747
13173,1.8547812023589774
13174,2.1260793098854434
13175,1.6039182710491102
13176,28.248221646273763
13177,12.908229839890259
13178,6.376937949604744
13179,0.5151630760497836
13180,6.595409226927866
13181,2.603989834892479
13182,2.9992677077894063
13183,2.176078579329286
13184,16.061025183890816
13185,7.636021641431024
13186,3.7288810812268847
13187,0.29405864217547134
13188,3.800180737158044
13189,1.5424653036849474
13190,1.7141245833584284
13191,1.364713617870284
13192,44.729697433320766
13193,19.57750350641735
13194,9.553865811251955
13195,0.7573442157494973
13196,10.565962638016016
13197,4.0050589514930435
13198,4.82342279319402
13199,3.4115294844297326
13200,21.15004553218571
13201,9.500979894916185
13202,4.541364043066184
13203,0.4019658843664586
13204,4.6807029807448295
13205,1.885336587909532
13206,2.1299573819824356
13207,1.5832506655879663
13208,26.591807417730603
13209,12.166596132630845
13210,5.651480118219301
13211,0.5061380245477235
13212,6.0169362686810315
13213,2.354408225628333
13214,2.780833660780209
13215,1.9935568334078198
13216,39.090492757969336
13217,18.163345625575886
13218,8.59366136003899
13219,0.7566561557419057
13220,9.146400821821976
13221,3.700369045349407
13222,4.033684865607654
13223,2.9546306093020616
13224,34.79752929899953
13225,15.078210490628818
13226,7.667455149365926
13227,0.5937765487964558
13228,7.617501181581789
13229,2.9892213211357683
13230,3.5467075817164853
13231,2.51381516933517
13232,22.503741556321145
13233,10.190084454143344
13234,4.8583688042426845
13235,0.43969276207711067
13236,4.978411117076815
13237,2.003154459354356
13238,2.2439019319671627
13239,1.6966488175872767
13240,15.892549435101246
13241,7.087742073646528
13242,3.3885286464405784
13243,0.28304418346471016
13244,3.6708997818875324
13245,1.482739584681298
13246,1.6953743653651325
13247,1.2684810469430154
13248,29.449785431472346
13249,12.688514210220019
13250,6.257706071494267
13251,0.502833420948373
13252,6.760124202104296
13253,2.6123468810186914
13254,3.0729593962188164
13255,2.1554103121228514
13256,23.10538964657466
13257,10.228444268120104
13258,5.01331465758152
13259,0.4223670954035484
13260,5.230145661816975
13261,2.088862831571482
13262,2.2314615761292798
13263,1.7580408894884088
13264,16.246136849655162
13265,7.667119322254586
13266,3.688052810202885
13267,0.28167988857608445
13268,3.767342723732469
13269,1.5566343465083963
13270,1.6931928467445745
13271,1.301534154923028
13272,22.67806803963177
13273,10.58577584748739
13274,4.966170652825403
13275,0.4081663745157672
13276,5.104944313424085
13277,1.9988727559182011
13278,2.2874531351849403
13279,1.7453068001133805
13280,14.807502827822285
13281,6.509276431663213
13282,3.1900914042729327
13283,0.3769675321151873
13284,3.4005744825665447
13285,1.3573395394073278
13286,1.4853151297015394
13287,1.128380088876151
13288,15.582735147986378
13289,7.088832647390582
13290,3.4805626858358725
13291,0.3022649850433811
13292,3.7026700803735295
13293,1.397908355707661
13294,1.6592585867778626
13295,1.210444065722998
13296,31.83368041921353
13297,14.35733771571693
13298,7.0746417630635
13299,0.5841558683042778
13300,7.579899570360497
13301,2.767115817010045
13302,3.377120720265346
13303,2.445485745011574
13304,17.36110961017098
13305,7.981729796349864
13306,3.789840532414189
13307,0.30056842559398544
13308,3.8926995401930298
13309,1.532034349821237
13310,1.7578113696430426
13311,1.3507698183888448
13312,36.35969765799645
13313,15.501839130753757
13314,7.771100328669562
13315,0.7941063286604815
13316,7.798229822501497
13317,3.061946097668369
13318,3.774308861292084
13319,2.7787202632419143
13320,25.12737441686981
13321,11.220130572797352
13322,5.418564156370334
13323,0.507643403431908
13324,5.584121811095713
13325,2.2628426896728273
13326,2.5893711413242753
13327,1.838520610336297
13328,17.772082920252068
13329,8.173575761249307
13330,3.921085907381773
13331,0.34170274162902836
13332,3.93354065069266
13333,1.630780734304175
13334,1.7895579626631224
13335,1.400887201731305
13336,46.668642432879906
13337,19.92658060163517
13338,10.173389713806285
13339,0.8408337491918861
13340,10.91124944424744
13341,4.330764403566902
13342,4.924069811299537
13343,3.567530888160311
13344,20.530721106188274
13345,9.394946079921136
13346,4.667067789347432
13347,0.3600856901725225
13348,4.849975806379191
13349,1.9371576403188737
13350,2.0986901160031532
13351,1.5933693478529085
13352,26.62088377685365
13353,11.844083615388977
13354,5.537532291296907
13355,0.5280765293129231
13356,6.231803111405026
13357,2.336266303252059
13358,2.6694883045430458
13359,1.948197306954185
13360,30.916724325326577
13361,13.423983698804365
13362,6.616309260656568
13363,0.5563424054428285
13364,6.818990404393792
13365,2.624836106837091
13366,3.1843958835358293
13367,2.261433970140319
13368,23.31135294944462
13369,10.177783891009177
13370,4.856675295481058
13371,0.4071921407280943
13372,5.23701259955549
13373,2.0216405569233937
13374,2.243197114458529
13375,1.784632902451213
13376,24.10382646316968
13377,11.60382065528706
13378,5.375244661616913
13379,0.4806737615971916
13380,5.631959804360421
13381,2.1655739569341588
13382,2.6178040908228235
13383,1.9818655265008924
13384,16.000531287616973
13385,7.1795248216223015
13386,3.507854422161159
13387,0.3470417710654593
13388,3.5823971517060245
13389,1.4121745323518287
13390,1.6666292747251104
13391,1.2372634117035863
13392,37.6970379569402
13393,17.23173451668286
13394,8.276634891447902
13395,0.7086114386247977
13396,8.84328187191117
13397,3.412826029359188
13398,4.022656377707052
13399,2.922993533415661
13400,14.779486484548535
13401,6.662753267561348
13402,3.2769992252523075
13403,0.2585023557076994
13404,3.434876962747512
13405,1.3749544997471739
13406,1.5346225091454044
13407,1.2125290430259827
13408,17.008243351656226
13409,7.292017822409831
13410,3.736202871015279
13411,0.27853518745703093
13412,3.8507735785081
13413,1.5089142304930556
13414,1.7761056599016078
13415,1.3180166741815416
13416,24.74183276812652
13417,11.101888530123887
13418,5.219801585472184
13419,0.43774648928295407
13420,5.663204401441844
13421,2.2229997678646454
13422,2.532253749800359
13423,1.9497367446349705
13424,27.58102842998628
13425,12.27349980389974
13426,5.768611096710591
13427,0.5424292276760599
13428,6.270888687908427
13429,2.512932728425602
13430,2.89707891844169
13431,2.205032968941
13432,19.277014789813542
13433,8.616123554099625
13434,4.003153946556254
13435,0.3651388423088452
13436,4.436460906363356
13437,1.7374074554847856
13438,1.9183973178440157
13439,1.5057752680988554
13440,20.299768409131694
13441,9.195844765260905
13442,4.6034965630743745
13443,0.4011293913794664
13444,4.571344211612941
13445,1.881489092206938
13446,2.0780181748955564
13447,1.6006740094593463
13448,54.362509009916955
13449,26.684556877566667
13450,13.943550207994324
13451,0.8304778867783194
13452,14.488825171128198
13453,5.737206412319099
13454,6.733552040361629
13455,4.798890177498378
13456,16.776354766349883
13457,7.5455812584887285
13458,3.753769893244894
13459,0.3142216580121549
13460,3.874367657137385
13461,1.5246531908070544
13462,1.872128825635983
13463,1.3467080441968915
13464,17.31753474479216
13465,7.625276171920673
13466,4.622786017163168
13467,0.13378755506597795
13468,5.024891922068049
13469,2.0815706108908323
13470,2.44746204826549
13471,1.6050123910016145
13472,21.179154885054047
13473,9.623222772922906
13474,5.997764383559228
13475,0.12469970370767931
13476,6.664106626339205
13477,2.556643096371494
13478,2.92890122316532
13479,1.9518142032721197
13480,19.706173465620097
13481,9.022674705938641
13482,5.385875320006766
13483,0.10601930222081699
13484,5.847751232377665
13485,2.1619208707307984
13486,2.733426897624326
13487,1.7235798277127006
13488,18.31854377270759
13489,8.2638082866917
13490,5.129007141963114
13491,0.09033532765419997
13492,5.353203525767335
13493,1.9721924483521311
13494,2.427837337765726
13495,1.5957577288638416
13496,15.67199930127822
13497,6.841175013241377
13498,4.416130942307087
13499,0.09878347390359685
13500,4.79579368360911
13501,1.7619144538081988
13502,2.1778669368142007
13503,1.4598283540268955
13504,18.04271436805172
13505,8.149332868345526
13506,5.021385437513165
13507,0.09027526222391108
13508,5.184341350971857
13509,1.8133246388105977
13510,2.388689755137715
13511,1.5398331502284335
13512,17.615244381236952
13513,8.483420492208108
13514,4.926081195584709
13515,0.10340437757967322
13516,5.664425913411948
13517,2.0350578257935603
13518,2.3895085206638846
13519,1.6691887602834528
13520,25.36425687813224
13521,11.329410404193391
13522,6.6406515857753865
13523,0.15100880056883018
13524,7.509266977862255
13525,2.7479905798666495
13526,3.3882898540078856
13527,2.1959038247696223
13528,29.533808019478954
13529,13.068318148929494
13530,7.50122274872727
13531,0.17861107344287608
13532,8.51117091659106
13533,3.231317587219652
13534,4.060751102315998
13535,2.6243540805500873
13536,15.29847480981903
13537,7.001094588925686
13538,4.164998385747945
13539,0.0681791873846488
13540,4.563716927445406
13541,1.686024647048044
13542,2.1042780742738443
13543,1.37824067316054
13544,21.172639579633234
13545,9.705936937925204
13546,5.866022733063163
13547,0.12060345835915509
13548,6.451214361192964
13549,2.428879858821078
13550,2.961221299585566
13551,1.9936419808490613
13552,12.36695515102929
13553,5.654137437654176
13554,3.20361872352579
13555,0.1274286596558047
13556,3.447192307065363
13557,1.307044596164122
13558,1.6286226166483733
13559,1.0768174223132643
13560,15.61693092916614
13561,7.043446031205591
13562,4.383323939741349
13563,0.09245222017591827
13564,4.746971151618744
13565,1.7628741321088537
13566,2.207657199427771
13567,1.4735262127313182
13568,16.699671591006435
13569,7.851201904425685
13570,4.865936917095949
13571,0.11723052633153506
13572,5.098109146128664
13573,2.042946997316166
13574,2.3699756982970093
13575,1.651017331980014
13576,20.521229369192408
13577,9.013557634749922
13578,5.693248480668774
13579,0.12514718892592153
13580,6.013581464799092
13581,2.210920542322354
13582,2.782640569916416
13583,1.8929412364085196
13584,27.047959991673228
13585,12.568896997140286
13586,7.542272553122537
13587,0.17001062548152843
13588,8.085422152438042
13589,3.131402084663288
13590,3.7659943531507913
13591,2.499563419119706
13592,15.749341481291998
13593,7.2974763247414955
13594,4.537008468512334
13595,0.08318856764467174
13596,4.899105939898761
13597,1.8195871687583511
13598,2.2251069990613317
13599,1.5331743326470153
13600,41.71342739675385
13601,18.524679857931382
13602,10.886651147255312
13603,0.28577138437883287
13604,12.431633074135885
13605,4.748464174189793
13606,5.756060420837349
13607,3.7963256670817276
13608,21.038354829712674
13609,9.287519874956482
13610,5.4922854533507
13611,0.10100161986664848
13612,6.065135900900555
13613,2.2051647937361927
13614,2.7378846823098137
13615,1.8459519293622397
13616,25.222437575253235
13617,11.870545734138366
13618,6.714988766205427
13619,0.13453694623909201
13620,7.752624186319587
13621,2.7127093206196924
13622,3.4314868830849865
13623,2.2234271431889523
13624,39.22772117431673
13625,16.960640709682863
13626,10.075968221171665
13627,0.24711631566439843
13628,10.807590669942362
13629,4.425158892988058
13630,5.039185309318675
13631,3.433802612626479
13632,34.59372093895344
13633,14.68213468772983
13634,9.305109632526591
13635,0.19697144484490528
13636,9.698781740234349
13637,3.5284343102434144
13638,4.327027436954786
13639,2.7765482367866827
13640,22.067054940441743
13641,9.353319519838674
13642,6.045495706360637
13643,0.15727057613478587
13644,6.1872293549838275
13645,2.290612405553764
13646,2.939597306514052
13647,1.940807354474709
13648,15.43269419120045
13649,6.764779649389503
13650,4.149284079587714
13651,0.08148845277634761
13652,4.396396307504494
13653,1.7704342673263629
13654,2.11619357091854
13655,1.3452057522662175
13656,28.569705389394937
13657,12.70410841361999
13658,7.181097548969889
13659,0.157686977708156
13660,8.100608603087458
13661,2.9588414954018645
13662,3.8984797420448825
13663,2.414125892149425
13664,22.37254491580475
13665,10.082833518903307
13666,5.965496920699488
13667,0.11765660808748682
13668,6.3955251821036505
13669,2.455133641949669
13670,2.926882845153728
13671,2.011994353149025
13672,15.800496046555768
13673,7.17234932957791
13674,4.307665175338873
13675,0.08416459324844386
13676,4.58872075156294
13677,1.857141096748365
13678,2.11640921359189
13679,1.405408200588408
13680,21.60163562224731
13681,9.877210376224314
13682,5.804228141663426
13683,0.12360631579145723
13684,6.183458701937525
13685,2.293064437556156
13686,2.9138417429975134
13687,1.9773578430059715
13688,14.461043468700515
13689,6.35250258212777
13690,3.8372071129704883
13691,0.10600512088088843
13692,4.307346483670406
13693,1.639192247976747
13694,1.8985981506828518
13695,1.3322003033410412
13696,15.241432026774945
13697,6.637018364520442
13698,4.089126915946136
13699,0.0803263335039324
13700,4.7211485061965615
13701,1.6514180151292228
13702,2.0961754417417335
13703,1.3165494802219768
13704,31.527549469467385
13705,13.944788090095695
13706,8.44498962498399
13707,0.18620491643483103
13708,9.336682249198056
13709,3.350313659040446
13710,4.093195231343573
13711,2.625769883116702
13712,15.689796246464029
13713,7.084130870729529
13714,4.6344249362542564
13715,0.0897642050791744
13716,4.881014660016309
13717,1.730815262943165
13718,2.233798526551379
13719,1.4685959656687604
13720,34.97685817558091
13721,15.145764929932962
13722,9.12380794640235
13723,0.26983906733457147
13724,9.770696841594024
13725,3.648597099440926
13726,4.689638036587379
13727,3.096543763835542
13728,22.031361569500056
13729,9.855739827867898
13730,6.257849853807373
13731,0.13682623396989824
13732,6.656036671398007
13733,2.567280631804896
13734,3.095398869592999
13735,2.0861065269523547
13736,17.319775552303078
13737,7.887187091240285
13738,4.858655812164186
13739,0.10093698190050372
13740,5.188061361161027
13741,1.9341245007507613
13742,2.2549593662279865
13743,1.5298819801013737
13744,45.43279731878952
13745,20.603865508022043
13746,11.766098828628687
13747,0.2755672858201767
13748,13.268990089325879
13749,5.1963361837668085
13750,5.9143346059564665
13751,3.9749689867249494
13752,19.668866010490696
13753,9.321944507822632
13754,5.549987674512818
13755,0.11059707634902433
13756,5.9304666417193035
13757,2.166637640602392
13758,2.656764974423134
13759,1.6934245468209628
13760,24.166751560568347
13761,10.548623769170003
13762,6.565791950650918
13763,0.1664265602116711
13764,7.141059445088007
13765,2.7429632003919533
13766,3.288826414921007
13767,2.137221982344844
13768,29.18397100337384
13769,12.684298394124557
13770,7.871230970823528
13771,0.1577421108964844
13772,8.654022093231864
13773,3.1988198796130103
13774,4.023615890878422
13775,2.4850197098145443
13776,21.608166263893015
13777,9.577823678682934
13778,5.805574196861979
13779,0.1328757935867533
13780,6.261667675067711
13781,2.4436825352822367
13782,2.83145053382212
13783,1.9690551310075257
13784,24.184266618073604
13785,10.709766867570028
13786,6.4323601182027454
13787,0.15254321633819679
13788,6.955130572640777
13789,2.5123169549066335
13790,3.1032915598525515
13791,2.2460378660881566
13792,15.168791826309802
13793,6.912584888310009
13794,4.139092696651965
13795,0.09237439469651855
13796,4.522808897983229
13797,1.6137093970954546
13798,2.0740303112144525
13799,1.3648172730618007
13800,35.71703903959151
13801,16.28819269666525
13802,9.68199708312501
13803,0.220653664302326
13804,10.486681445234845
13805,3.969223362223231
13806,4.744247573176417
13807,3.277576645934563
13808,14.73927993887883
13809,6.661108265562395
13810,3.9128430876523335
13811,0.08128780694511718
13812,4.1077992642884045
13813,1.546488860130845
13814,1.8713691277828157
13815,1.292013465529764
13816,15.438497620937786
13817,6.843261198549485
13818,4.544822090797033
13819,0.09837912255261258
13820,4.791808773901623
13821,1.804051020431012
13822,2.171219424990147
13823,1.4406333895855807
13824,24.159701644395966
13825,10.847703111955626
13826,6.099320231914322
13827,0.1356845041549698
13828,7.079812295447105
13829,2.567291814603341
13830,3.1373818144129517
13831,2.1263722379122356
13832,26.760282323107543
13833,12.09235224575433
13834,6.982525497278638
13835,0.1403249583170997
13836,7.976760656559789
13837,3.01106963476459
13838,3.738828300974996
13839,2.53827640520307
13840,17.660017302807862
13841,7.989379815590197
13842,4.6504520925056525
13843,0.07803659911419683
13844,5.154385178368471
13845,1.8786850069877945
13846,2.413736149546726
13847,1.5498081051716228
13848,19.841090360517537
13849,8.821242585278101
13850,5.413784236116056
13851,0.11423746475149027
13852,5.720278443382394
13853,2.096012118742052
13854,2.609603969249218
13855,1.7280259309552282
13856,57.48610637620646
13857,27.319253665132017
13858,15.232787213701982
13859,0.3762048460104548
13860,16.490898642193386
13861,6.490704515708533
13862,8.026066794705454
13863,5.44860371454066
13864,15.397181262725233
13865,6.928639545800693
13866,4.441625099633923
13867,0.1090720868487205
13868,4.6721564267011795
13869,1.7800277819629744
13870,2.1903552025731914
13871,1.4773538837136575
13872,18.762346478679873
13873,8.937786090788435
13874,4.37160013584917
13875,0.35495086748759874
13876,4.422034989676915
13877,1.85025705223931
13878,2.0196103441130218
13879,1.5234358197038211
13880,24.07524417055603
13881,11.050219251123748
13882,5.431411802109245
13883,0.41727096940757213
13884,5.776326375220056
13885,2.271339555601339
13886,2.54927539977354
13887,1.8702769432194253
13888,22.027210833009175
13889,10.015425159951716
13890,4.9408416012872145
13891,0.3352275416476512
13892,5.067586471775963
13893,2.0793776400861086
13894,2.279652916884707
13895,1.6614004877954731
13896,20.149211116111353
13897,9.171820981934198
13898,4.577464219804845
13899,0.34908322276532544
13900,4.668446847694166
13901,1.8127733475215566
13902,2.19669051592083
13903,1.5745442938196366
13904,17.874069058501284
13905,8.060528485432519
13906,4.092801287560981
13907,0.27683965792890425
13908,4.1937739286658235
13909,1.6304439292813084
13910,1.890643277857678
13911,1.3939324108746747
13912,20.306690888722276
13913,8.891360770411685
13914,4.365917635953188
13915,0.30365950510796846
13916,4.801239766766325
13917,1.760250923400114
13918,2.1012056281667286
13919,1.5322461137846946
13920,19.805585261232164
13921,9.357738334834167
13922,4.478084394776752
13923,0.3498061991286713
13924,4.809768245721534
13925,1.8286028046410658
13926,2.1134800379662924
13927,1.5378019385451434
13928,27.584280441582226
13929,12.306375832298475
13930,5.9955435232016825
13931,0.4014767565683144
13932,6.636543875275012
13933,2.475970881465931
13934,2.7385413755724337
13935,1.9932200101209112
13936,33.01362876472238
13937,14.391555529282694
13938,6.632598793164802
13939,0.54730005583975
13940,7.408197886979532
13941,3.0384984823536807
13942,3.5156872285498264
13943,2.4633383151870847
13944,16.70933193670286
13945,7.965465132674397
13946,3.702510540236326
13947,0.25236126608782045
13948,4.156481273667489
13949,1.641257317237523
13950,1.781111092698472
13951,1.3315450922482823
13952,23.456054723183076
13953,11.220669079148761
13954,5.244335953794825
13955,0.4256100119010126
13956,5.511404431626762
13957,2.2273344813184184
13958,2.4973121211665474
13959,1.8688112224042093
13960,13.171496192360912
13961,6.083817033505514
13962,3.1376377627364573
13963,0.347384569431613
13964,3.117521675595975
13965,1.228897152365563
13966,1.4731578339358322
13967,1.0024693105332483
13968,17.474874754595895
13969,7.626461726970428
13970,4.014939011385958
13971,0.3117686672171791
13972,4.203995368794301
13973,1.6426383859678455
13974,1.8581358321940533
13975,1.3877871185205604
13976,19.80196864735338
13977,9.543752572228572
13978,4.520595310691263
13979,0.31520410908901875
13980,4.610080714112377
13981,1.8441214024899988
13982,2.054743977015832
13983,1.5683502834884557
13984,22.059373022732352
13985,9.847328208326967
13986,4.874426838042214
13987,0.3930029790039924
13988,5.0134476991982835
13989,1.9819627132943707
13990,2.297672738692878
13991,1.7309605975389446
13992,29.451652108655633
13993,13.892380398550628
13994,6.769842256930724
13995,0.4908182833828176
13996,7.0706392549087
13997,2.8633984215456487
13998,3.2992450331346923
13999,2.307380388486067
14000,17.644563325496158
14001,8.147440236197925
14002,4.123750824733954
14003,0.313416831482957
14004,4.092480013593094
14005,1.6450154125556078
14006,1.869919177920046
14007,1.45722510192798
14008,46.596204530940966
14009,20.231550524009187
14010,9.952112048267924
14011,0.7659711973277823
14012,11.236603198968318
14013,4.4337498423688455
14014,5.226824551507936
14015,3.5280786873481462
14016,22.103658174758607
14017,10.16295938038593
14018,4.710769964550059
14019,0.3773920062236772
14020,5.081708391033532
14021,1.9893196094009453
14022,2.2837384451799787
14023,1.6824558137419174
14024,28.760065227997895
14025,12.640619018859828
14026,6.074400432164012
14027,0.35214615583834874
14028,6.593361996722606
14029,2.570233216058694
14030,3.0175574252277944
14031,2.1257098182800145
14032,42.345392784153425
14033,19.241733648039624
14034,8.935514865602569
14035,0.6962619540112801
14036,9.859977980065201
14037,4.059220603244647
14038,4.337585293859957
14039,3.2659422162475296
14040,37.26086688793381
14041,15.572982952999538
14042,8.480990843666874
14043,0.5639977537900456
14044,8.4467466971538
14045,3.301919114806263
14046,3.8967380813607764
14047,2.772497047869218
14048,24.036238452192872
14049,10.96060502183892
14050,5.111907590748599
14051,0.3757185370439434
14052,5.503559308910972
14053,2.0718963198847735
14054,2.40840381373983
14055,1.7833713058228715
14056,16.83830249864696
14057,7.543899641120023
14058,3.7902341444885566
14059,0.29130488803264376
14060,3.948520290450224
14061,1.5954008383585576
14062,1.8303898526581257
14063,1.260261404813456
14064,30.80412651451463
14065,13.778624774804292
14066,6.73201528827024
14067,0.4947609192041723
14068,7.237131913737977
14069,2.7836264011772096
14070,3.296285959619073
14071,2.367766990248407
14072,24.38191387377715
14073,11.16352483370845
14074,5.406524906657907
14075,0.421797208677991
14076,5.373003542431327
14077,2.2241241917040107
14078,2.410474418551374
14079,1.8846301936279684
14080,17.843211468225086
14081,8.324641362967537
14082,4.030027979771122
14083,0.2938027006553095
14084,4.192111171618153
14085,1.6781661115384596
14086,1.8766753629881152
14087,1.3752907869113455
14088,23.178941907488827
14089,11.046882508324138
14090,5.280406905674544
14091,0.37399179810944577
14092,5.3708812291192265
14093,2.09236564525995
14094,2.3786310474130996
14095,1.8617506455195794
14096,15.81971360158446
14097,6.823767036165124
14098,3.476894851445889
14099,0.3192647800193532
14100,3.8299957104029345
14101,1.4672619077622624
14102,1.6087145329771388
14103,1.232265610261983
14104,16.920587878749505
14105,7.550737777062248
14106,3.7808859449528067
14107,0.28904091680468436
14108,4.0420713109955955
14109,1.5298111764987705
14110,1.7896005789893106
14111,1.2335115070321558
14112,36.196414094961746
14113,15.310137199185071
14114,8.062177241661315
14115,0.5552553773894868
14116,8.438168885692933
14117,3.1766480038813696
14118,3.8084707067732664
14119,2.6619064045609164
14120,17.631421746734233
14121,8.325312536625848
14122,4.110364847485679
14123,0.25893557455812155
14124,4.245424332828178
14125,1.6585018862848648
14126,1.9217199468316248
14127,1.4325179157873902
14128,37.96522396908823
14129,16.410163198567375
14130,8.32017958640804
14131,0.8114717730270151
14132,8.280695851948384
14133,3.2587083405746746
14134,4.141586600842411
14135,2.9104218594325917
14136,25.440937684506316
14137,11.547854591928168
14138,5.732630392144801
14139,0.42302428232951933
14140,6.088798706237074
14141,2.342264371290722
14142,2.687339107289442
14143,1.8794550231126839
14144,18.701517482989733
14145,8.578379516271646
14146,4.186087272650153
14147,0.2928062400280458
14148,4.393975268335433
14149,1.7364770707721688
14150,1.9180960015008897
14151,1.441870797091721
14152,49.79251069734494
14153,21.043616715968618
14154,10.756422117738996
14155,0.8015381789272241
14156,11.603977485002499
14157,4.735896243971367
14158,5.192844834797756
14159,3.8745766644329014
14160,21.75865918973958
14161,10.475610060820562
14162,5.183503052786301
14163,0.31746332747121997
14164,5.225882425751726
14165,2.061702262805664
14166,2.2750154659704447
14167,1.6335506818396437
14168,27.98204284321191
14169,12.457899471023818
14170,6.038615732618587
14171,0.5119749979524767
14172,6.630605997254573
14173,2.5544414589254822
14174,3.028003707486833
14175,2.049847073602344
14176,32.39661481294218
14177,14.136748793803541
14178,7.192103719826774
14179,0.4659229982887414
14180,7.433089290623926
14181,2.912737109531188
14182,3.4015868822646373
14183,2.421272016506284
14184,24.133827968636616
14185,10.893786501229702
14186,5.264006877556826
14187,0.36845371368967755
14188,5.626722462610467
14189,2.1597472497942185
14190,2.5788298556683826
14191,1.8759812693768851
14192,26.689535498362694
14193,12.080844695162332
14194,5.623244980226832
14195,0.4812895365109843
14196,6.01153491474011
14197,2.2766199271507515
14198,2.698233419942972
14199,2.084744123299677
14200,17.086218188995545
14201,7.521151631953624
14202,3.8520941970239573
14203,0.312313192579253
14204,4.066345976969265
14205,1.502401255370068
14206,1.8226392118722476
14207,1.2641391943284734
14208,40.0601056603333
14209,17.7742342386937
14210,8.998828921281197
14211,0.7101802395035011
14212,9.323913767631803
14213,3.6979956654514985
14214,4.2706779041329135
14215,3.215603913652759
14216,15.681609980934613
14217,7.004736107626765
14218,3.503617931783628
14219,0.27708078995163354
14220,3.596708964478651
14221,1.4562173021844058
14222,1.6368834114243562
14223,1.2355513587839073
14224,17.676443495965792
14225,7.89567874320339
14226,4.025988729716794
14227,0.28567223747525
14228,4.249638770516273
14229,1.6707026278165649
14230,1.9332331391128086
14231,1.396750820147552
14232,26.486919365625386
14233,11.954005514619984
14234,5.754492585321385
14235,0.4197263816083806
14236,6.226426585774804
14237,2.3945154135158755
14238,2.6209484690031952
14239,2.0026433791721936
14240,30.532288970400014
14241,13.681553061155832
14242,6.360715719555975
14243,0.4992857961341249
14244,7.0491449407852365
14245,2.7433807332667963
14246,3.292094247729018
14247,2.4130193256803283
14248,19.883394334916098
14249,8.751595918886029
14250,4.410114576933801
14251,0.32774748224701744
14252,4.859332976894173
14253,1.7736691428398241
14254,2.0565408732951656
14255,1.4853062977890603
14256,22.048246923707964
14257,10.05306172254137
14258,4.886736545278314
14259,0.3647803490971228
14260,5.139828128025584
14261,2.029661942526708
14262,2.2373763776300395
14263,1.6972609728630892
14264,59.34766212778962
14265,28.755633996506596
14266,14.52147458256552
14267,0.8888085280653895
14268,15.177220337220575
14269,6.240963472138471
14270,7.315019655503655
14271,5.181501454110621
14272,17.445854758542566
14273,7.789237189237217
14274,4.037167900806373
14275,0.308039667330655
14276,4.1369482016249846
14277,1.6512993684170816
14278,1.933386054621892
14279,1.393625049051059
14280,18.102271169969644
14281,8.194928294572552
14282,4.534255460415067
14283,0.11053067682339561
14284,5.182125024805176
14285,1.946750428177894
14286,2.2768605705336595
14287,1.5106074101884535
14288,20.592786627089566
14289,9.762367868375824
14290,5.3257573730724355
14291,0.1426101380045045
14292,6.116850736928478
14293,2.2838493439917533
14294,2.6711322776206075
14295,1.7644859255774081
14296,19.84106053021152
14297,8.76759218240155
14298,4.943076307212205
14299,0.1599381386707984
14300,5.391143474423956
14301,2.0863367545761804
14302,2.4547102045238027
14303,1.6431812236536383
14304,18.13138361536362
14305,7.815427814651318
14306,4.60403469235819
14307,0.13298371906190098
14308,4.873685629050543
14309,1.813104939791623
14310,2.2617299939617244
14311,1.461800328027403
14312,15.658171994045524
14313,7.192709307169573
14314,4.207428909068224
14315,0.12419008015812719
14316,4.615456054727013
14317,1.6531146799137906
14318,2.0138295427782418
14319,1.4163031733998075
14320,18.35959018281012
14321,8.16653209084758
14322,4.564348129547011
14323,0.12479349511516655
14324,4.904072232377544
14325,1.6906697371327803
14326,2.1309399112127037
14327,1.4051286173433235
14328,17.211004481607002
14329,8.07430073991515
14330,4.504826641432492
14331,0.1313251701205964
14332,5.093793495576074
14333,1.833566387455878
14334,2.2138898721487275
14335,1.4806523491555725
14336,27.005001642683723
14337,11.741782107477075
14338,6.629898672638078
14339,0.22466168444825152
14340,7.630553555127006
14341,2.6325743592360036
14342,3.320302371185375
14343,2.1352761581134074
14344,29.08252914008679
14345,12.661400867156429
14346,6.9326767120677895
14347,0.21505321576969408
14348,7.801779190001019
14349,2.912573917773394
14350,3.654483492239393
14351,2.315966936962827
14352,15.26960913096451
14353,7.31758108400716
14354,3.899176237276976
14355,0.0985035706620126
14356,4.304227867850706
14357,1.5576773638829613
14358,1.854207273915797
14359,1.2832492051025255
14360,21.175888804305064
14361,9.479565636448402
14362,5.314000954043555
14363,0.16606075797201492
14364,5.850638063555301
14365,2.1585384395577982
14366,2.5262725623619304
14367,1.7584242897834665
14368,13.530595398694434
14369,5.754455721730514
14370,3.1923455525247064
14371,0.07951144534675912
14372,3.544835620755941
14373,1.2725532225063048
14374,1.566487815066713
14375,1.100338204082287
14376,15.809957961322874
14377,7.028190743367092
14378,4.120670242489266
14379,0.10318844276527926
14380,4.723508086942028
14381,1.6481142439245948
14382,1.9656603465068017
14383,1.3458581093643318
14384,17.937076543102304
14385,8.181022774708085
14386,4.572980950259332
14387,0.12176967448900572
14388,4.711372312598076
14389,1.819020000348346
14390,2.1803699045377782
14391,1.5422047090083415
14392,19.623522489825884
14393,8.527429278628528
14394,5.000733764879836
14395,0.16347691663575784
14396,5.20786979007452
14397,1.9275768059646754
14398,2.347705039425898
14399,1.690906684094793
14400,27.09977503807738
14401,12.101451549720558
14402,6.773485470149158
14403,0.2068468232236645
14404,7.512143122383637
14405,2.766483782535865
14406,3.301712910416019
14407,2.1505407732795807
14408,15.721693830446661
14409,7.325128596285427
14410,4.199814053164194
14411,0.10999846591815626
14412,4.529538910996241
14413,1.6600702961058493
14414,1.9583323974314057
14415,1.3874264933809095
14416,41.805175947895016
14417,18.77226846566689
14418,10.409910663228011
14419,0.29961813036864987
14420,11.505926654160353
14421,4.345726665228398
14422,5.152615515795048
14423,3.503150896702537
14424,20.051511359171005
14425,8.929099568739854
14426,4.969787180762916
14427,0.13347544865145883
14428,5.405886224538111
14429,1.925518222140942
14430,2.319072204053669
14431,1.6451227945459979
14432,25.251255146901915
14433,12.023027610380504
14434,6.190030386239953
14435,0.18975078476224672
14436,6.96866644653852
14437,2.510518007436516
14438,3.1362278076181695
14439,2.0844347513988213
14440,38.744494796960616
14441,16.981167567506574
14442,9.273466588362025
14443,0.31095041267508444
14444,10.094779207126608
14445,3.8661099563594443
14446,4.346353023435147
14447,3.0254763578156383
14448,32.891552765173486
14449,14.182502849497126
14450,8.740021114309688
14451,0.28151772112045026
14452,8.937351608212818
14453,3.3638244107523723
14454,3.8959526728425278
14455,2.6012988410029316
14456,21.46108333037816
14457,9.357308512326345
14458,5.208886809393522
14459,0.16373219554998109
14460,5.722233595941818
14461,2.1494313727481695
14462,2.487160436073896
14463,1.7377098390904708
14464,15.408140795381183
14465,6.803460624193162
14466,3.8384359641602526
14467,0.10159176730285908
14468,4.244643345550878
14469,1.6075994460224952
14470,1.8816595955525925
14471,1.293138029999727
14472,28.944401009898158
14473,12.156155494530012
14474,6.510448626035126
14475,0.2278763692827711
14476,7.516257214810375
14477,2.673725415664123
14478,3.2456245287298633
14479,2.229868314687852
14480,21.060840096242877
14481,9.416405419210358
14482,5.50350362298494
14483,0.15986245474892033
14484,5.795335476978962
14485,2.1592466375159862
14486,2.531697708281263
14487,1.7994180556471921
14488,16.304797064538246
14489,7.43155368293074
14490,4.136247091522261
14491,0.10789047986289987
14492,4.439891051923573
14493,1.6388769745950555
14494,1.9453305235936422
14495,1.3356418273054764
14496,21.38631972795227
14497,9.75590302561172
14498,5.34113982983009
14499,0.16540894677591533
14500,5.74525700612759
14501,2.163817081171401
14502,2.531411982925666
14503,1.7692406679847952
14504,14.858899009427406
14505,6.629693843418098
14506,3.6090802123078425
14507,0.0893779298035804
14508,3.9964589589168975
14509,1.44891999881769
14510,1.7224328269072384
14511,1.2285579554796922
14512,15.59922276027167
14513,6.909059559657143
14514,3.8379968655024967
14515,0.10370140946215808
14516,4.423859063197414
14517,1.558726848957276
14518,1.8355345475453357
14519,1.2608816115189423
14520,32.49812028195151
14521,13.928948604155117
14522,8.059747389229912
14523,0.21569657325397962
14524,8.816477609655417
14525,3.1619268471781097
14526,3.7561478473198737
14527,2.540216105115004
14528,15.889775870699365
14529,7.345898621654569
14530,4.131260964873339
14531,0.11974560509474359
14532,4.551972240646514
14533,1.652236007676891
14534,1.9814686808389224
14535,1.3596916313100627
14536,33.78234898117449
14537,14.329257489187274
14538,8.279365818959947
14539,0.30629144741351133
14540,8.802351324746777
14541,3.2389446127128645
14542,4.120883477000165
14543,2.7256574578659265
14544,23.988587179135752
14545,10.443814891541537
14546,5.868776258997821
14547,0.216060319217323
14548,6.363728757096345
14549,2.449075854210833
14550,2.785655262976142
14551,1.9229894080425636
14552,16.559072899260673
14553,7.808450449261199
14554,4.4201777743357615
14555,0.11559373141618436
14556,4.847430226744589
14557,1.758927048578719
14558,2.0706279886750494
14559,1.4181930978175972
14560,45.41434068228394
14561,20.22579652651997
14562,11.15902230834971
14563,0.320211525396464
14564,12.507386662333209
14565,4.621443461494377
14566,5.270981793368697
14567,3.7886144509361728
14568,19.650159364118917
14569,8.887748215607402
14570,5.0614059612532465
14571,0.13433238344467066
14572,5.356893067479454
14573,1.985685645719019
14574,2.3217741731228316
14575,1.6006510844703081
14576,24.841952406229574
14577,10.895227507663577
14578,6.169568007591084
14579,0.20847941994510658
14580,6.7003887867498655
14581,2.5185905099954384
14582,3.0478221517112822
14583,2.0569842655224333
14584,29.63104958823613
14585,12.7731576829828
14586,7.077264993233843
14587,0.2301584230417587
14588,7.840258772842483
14589,2.9128486683632193
14590,3.5974322635648286
14591,2.373796910181181
14592,21.188286871257862
14593,9.178676951144514
14594,5.331940794169532
14595,0.1574034784321185
14596,5.866259358655058
14597,2.1916902555747284
14598,2.5570169151835356
14599,1.786532825528289
14600,22.893171480254654
14601,10.42401768185356
14602,5.780486339446667
14603,0.16914134950650933
14604,6.101197888457849
14605,2.2413831451387356
14606,2.7178121757262255
14607,1.9782891094711577
14608,16.099249492128376
14609,7.028017239303354
14610,3.8368045306976555
14611,0.11414535604418646
14612,4.1429286499467946
14613,1.485996806401729
14614,1.8950113840640983
14615,1.2780153350378602
14616,36.40972643663478
14617,16.387655616202853
14618,9.141148502272724
14619,0.2959668905849687
14620,9.996137261263925
14621,3.728962426042229
14622,4.2076233487233745
14623,3.1120151660620237
14624,14.025209196684813
14625,6.5147310820310915
14626,3.5673369000687685
14627,0.08839988939921818
14628,3.788409957713784
14629,1.4141362199549847
14630,1.7073779559244548
14631,1.1905804234126822
14632,15.805090262829221
14633,7.062759473505304
14634,4.1785828696942255
14635,0.11277455823489567
14636,4.514393110985655
14637,1.6646354789079438
14638,1.940090335448404
14639,1.360298250799674
14640,23.845380808257207
14641,10.483684947149023
14642,5.718701946588681
14643,0.178597205176861
14644,6.253052222200188
14645,2.4209300258495383
14646,2.775112275360196
14647,2.0105106507557817
14648,27.33746679790466
14649,11.97529084172341
14650,6.612683507205792
14651,0.21913211707781793
14652,7.3446831882398795
14653,2.814468469755295
14654,3.364419142946879
14655,2.3326818712874067
14656,18.36614396697604
14657,8.292415537392065
14658,4.326755161254762
14659,0.14640789326276407
14660,4.937438086308888
14661,1.797552561933687
14662,2.2698172631358027
14663,1.4429799938514765
14664,20.03278841550116
14665,8.746010417173235
14666,4.921246827391765
14667,0.14138682611120917
14668,5.189155204201057
14669,1.9544469061630505
14670,2.3395643959360135
14671,1.565769694147997
14672,54.1729237176771
14673,26.086486661433913
14674,14.113714052128252
14675,0.5321537484553864
14676,15.608891410106025
14677,5.9566268752429155
14678,7.26184787859333
14679,4.8855834212964515
14680,16.35059807551019
14681,7.266692864710578
14682,4.250977762178907
14683,0.11441503710898149
14684,4.553260026805015
14685,1.7123936776246704
14686,2.108253069814599
14687,1.3601107517928155
14688,19.203037612190993
14689,9.142481139751405
14690,4.0779430175032365
14691,0.667107390838793
14692,3.8740768622417705
14693,1.7630296605493985
14694,1.86256177892282
14695,1.5046093538765302
14696,23.1491488549798
14697,10.611109571236788
14698,4.981764417432205
14699,0.7066254424005401
14700,4.940839052091709
14701,2.0526587301270705
14702,2.2699790825459227
14703,1.718246369634949
14704,21.81493613858909
14705,9.625501523518086
14706,4.536670418411354
14707,0.6357477057841655
14708,4.32665689443378
14709,1.9455471841573049
14710,2.097487996731641
14711,1.586970313914891
14712,19.54815719781429
14713,8.794514845537469
14714,4.065108435414726
14715,0.6086185019335467
14716,3.818898857956994
14717,1.6828865962872517
14718,1.9450523680894196
14719,1.4915491535443042
14720,17.653687804638857
14721,7.9932737029782785
14722,3.671813715710245
14723,0.6586214097584214
14724,3.5547745429834943
14725,1.5511728094666277
14726,1.7033631081335754
14727,1.3802518513958177
14728,19.422520541085465
14729,8.576996264666302
14730,3.859826273360841
14731,0.5697741155169368
14732,3.993404134785633
14733,1.6209740548576812
14734,1.9019935158695394
14735,1.4513479718534845
14736,19.39124075358986
14737,9.121599593552912
14738,4.096679179651398
14739,0.6678943074265908
14740,3.9229384748260623
14741,1.7287463306593651
14742,1.907708335407363
14743,1.4878892450693482
14744,28.23805509594074
14745,12.732878993331493
14746,5.637753937562815
14747,0.9066628770488704
14748,5.57510973878375
14749,2.4309224077353804
14750,2.5228505077090366
14751,1.9851862735043793
14752,33.54328282830826
14753,14.454750649433509
14754,6.400599018179885
14755,1.024998156551882
14756,6.63935907241727
14757,2.9100681763296503
14758,3.2421763548255074
14759,2.4489510470238818
14760,16.783227885252497
14761,7.881704915217074
14762,3.292712527136605
14763,0.5526464126649663
14764,3.519283526533676
14765,1.5101693395914941
14766,1.626513586197468
14767,1.2789517994685504
14768,22.644770389557394
14769,10.725385971393038
14770,4.670233233320706
14771,0.7078774665664005
14772,4.579358431909258
14773,1.9776287726824833
14774,2.16505438257735
14775,1.7110519434199494
14776,12.957573259186073
14777,5.837199303469442
14778,2.847749002115233
14779,0.502454095771354
14780,2.6483063448045425
14781,1.1654779214026563
14782,1.3219660699834666
14783,1.0015013918121254
14784,16.927393601069912
14785,7.309473527591781
14786,3.6837865124305065
14787,0.6010712501714981
14788,3.600334300274471
14789,1.5162996115040848
14790,1.678130058890283
14791,1.32790613948676
14792,18.340968345341487
14793,8.871411499072366
14794,3.8554897298139625
14795,0.6604933055387763
14796,3.6426583703965054
14797,1.645942792753511
14798,1.7476340722356738
14799,1.448852808555662
14800,21.49808736496867
14801,9.613190516839184
14802,4.513369847843923
14803,0.712094266251737
14804,4.224094565337009
14805,1.8340735262879149
14806,2.0898958067843663
14807,1.657198425874118
14808,28.56029167628543
14809,13.633147907774292
14810,6.194594379951038
14811,0.8368106618608758
14812,6.030822318083876
14813,2.657495599368268
14814,2.937939438963621
14815,2.189820443269622
14816,16.687248020994176
14817,7.7063634148744296
14818,3.6661620143117837
14819,0.5812171121674247
14820,3.4860002858471666
14821,1.5067531272113022
14822,1.6881637014938233
14823,1.3869638857651294
14824,46.467511553827805
14825,20.407697786772307
14826,8.901697455984642
14827,1.3514554543371964
14828,9.101286104368443
14829,4.042471929540593
14830,4.507255375872336
14831,3.3199809937345206
14832,21.626161349891543
14833,9.917384127105139
14834,4.284495373789459
14835,0.6789266986506217
14836,4.309237886767
14837,1.8428219854973713
14838,2.056843732725004
14839,1.5817260411588194
14840,28.129821002329017
14841,12.636991377879669
14842,5.523020572073083
14843,0.7611124247827253
14844,5.497088095562065
14845,2.3893470338585465
14846,2.676842881200764
14847,2.0150840134325994
14848,42.36653090839464
14849,19.61295617018413
14850,8.204923783054436
14851,1.2532801153463013
14852,8.32162566195879
14853,3.833056538249362
14854,3.93740550409425
14855,3.1344948335130542
14856,35.79198619747791
14857,15.329193059451958
14858,7.38479573866103
14859,1.0708646430140807
14860,6.717914898466769
14861,2.9796178141184924
14862,3.43541290110213
14863,2.5251413132584837
14864,22.39807694186261
14865,10.4285442870495
14866,4.70477261249673
14867,0.7059197916260589
14868,4.579819738816932
14869,1.92669485293488
14870,2.2032804266103043
14871,1.6730870389991308
14872,15.782698114221624
14873,7.060271679321925
14874,3.3287211886040544
14875,0.5550849755092706
14876,3.2822475348300966
14877,1.4418897668266732
14878,1.592818922302608
14879,1.17904572859036
14880,29.962453253108194
14881,13.42838072967772
14882,6.145277684995575
14883,0.8681034693415451
14884,6.115701911705116
14885,2.537266302936639
14886,2.9101875297121076
14887,2.205555764753354
14888,24.266695452534332
14889,10.914247677416359
14890,4.92773690217743
14891,0.7091204811981804
14892,4.679164819453874
14893,2.021960592624661
14894,2.1870460024208946
14895,1.725638369871952
14896,16.79422774971621
14897,7.692670648438557
14898,3.4803207670472776
14899,0.5714913418900534
14900,3.436876225873918
14901,1.503137838709607
14902,1.6383578681671185
14903,1.276759292876292
14904,22.69405836989833
14905,10.953180459676165
14906,4.935351562533833
14907,0.713773591361707
14908,4.732566414030059
14909,1.9776241789940545
14910,2.2203470509796284
14911,1.8021914448941183
14912,15.012851690564064
14913,6.593645968349049
14914,3.1303544534231222
14915,0.5343668751729123
14916,3.1581391545762254
14917,1.3582703309723316
14918,1.464233340016576
14919,1.1685151527327238
14920,16.000689615492995
14921,7.23268064084789
14922,3.343650084537356
14923,0.5544663524344133
14924,3.373489653176621
14925,1.403196262459644
14926,1.6133946037951867
14927,1.1750177974120453
14928,33.43482156671447
14929,15.005875843310728
14930,6.886771175350453
14931,1.0109525321591135
14932,6.775143450236348
14933,2.830327365651965
14934,3.2937679732301692
14935,2.444523774147999
14936,17.751557269148787
14937,8.235583593432262
14938,3.7175460115160432
14939,0.6762257028768164
14940,3.606332285769426
14941,1.5819821150592708
14942,1.76320848885428
14943,1.40763480250951
14944,37.26974217241123
14945,16.075231689994926
14946,7.739487820393304
14947,1.3837294069625967
14948,7.1645343287849075
14949,3.0864235263939603
14950,3.582708804953215
14951,2.7546087793668663
14952,24.441196921596706
14953,11.256176922516824
14954,5.224440111691886
14955,0.7748231483641487
14956,5.042911701239127
14957,2.1729298015874887
14958,2.4254696974737233
14959,1.8011269105311554
14960,18.828586030197364
14961,8.580618227832224
14962,3.9029338981080044
14963,0.6592863857637611
14964,3.748774571214502
14965,1.6653657946510514
14966,1.7428603409963792
14967,1.4144901179605285
14968,49.12913403705312
14969,21.090631227455763
14970,9.526477393662573
14971,1.4428307700976841
14972,9.973715450390571
14973,4.37604346440948
14974,4.6400278285886065
14975,3.600407993771723
14976,21.269941229365788
14977,10.053995653365197
14978,4.740329461410078
14979,0.6261385602526962
14980,4.444678099644247
14981,1.9387743959230461
14982,2.0497811745829275
14983,1.561530042728219
14984,25.674270881255506
14985,11.588911292795975
14986,5.238340114699731
14987,0.9120743786668978
14988,5.336332575011921
14989,2.241186674681518
14990,2.5654312809542
14991,1.8884667594194298
14992,31.33648103581846
14993,14.245549548484755
14994,6.457662454267298
14995,0.9633714860909156
14996,6.2200004936069835
14997,2.667071665858047
14998,3.0233406234915363
14999,2.275765681003352
15000,23.6778907333632
15001,10.596124078631684
15002,4.760101526386288
15003,0.7456205659237363
15004,4.804779366610189
15005,2.0487029683439264
15006,2.3916083667485055
15007,1.7908020241599618
15008,25.44729838312266
15009,11.69705246606109
15010,5.182505263181414
15011,0.8184131602426262
15012,5.09486957950659
15013,2.078963152559693
15014,2.414555706036947
15015,1.92600439396461
15016,16.011334705282884
15017,7.190791660593523
15018,3.392748956851368
15019,0.5680493332786637
15020,3.248818781936897
15021,1.3707108500283098
15022,1.5939882618359105
15023,1.1750520984526223
15024,39.92978202954799
15025,17.87350485529127
15026,8.098072967188475
15027,1.1745520006683277
15028,7.8399139325674785
15029,3.341549102593798
15030,3.6991483917090737
15031,2.9574373010458572
15032,15.544083443445876
15033,6.856497273672172
15034,3.2487885140748767
15035,0.5663064772007323
15036,3.153788215888124
15037,1.3707713287439154
15038,1.4777678892505588
15039,1.214368533484065
15040,16.59716070503414
15041,7.480657368666866
15042,3.524204207844704
15043,0.5770591752242429
15044,3.446454108100698
15045,1.48244606907323
15046,1.6485696676414934
15047,1.2815014104531754
15048,26.07436497175826
15049,11.690499665022605
15050,5.12010574442338
15051,0.8171245350441244
15052,5.28081975887947
15053,2.252056831610708
15054,2.4048460778701033
15055,1.9009020475384848
15056,28.33328828584623
15057,12.976245119109858
15058,5.7096476267707095
15059,0.9027790953029652
15060,5.856345431891362
15061,2.4699639514725082
15062,2.8770788932065905
15063,2.222502213324564
15064,19.02454696139444
15065,8.518053424941545
15066,3.9434691629843
15067,0.6369237901991658
15068,4.054650072669788
15069,1.652758487603787
15070,1.8544371865208829
15071,1.4433251674969705
15072,21.11990131649505
15073,9.762197607080216
15074,4.323606079298582
15075,0.6501784601107854
15076,4.216303674200257
15077,1.8588034968983627
15078,1.9770441745293983
15079,1.6094183108883267
15080,58.08484748562578
15081,27.55323512005648
15082,12.703618652515637
15083,1.9278162548750568
15084,12.627160851084808
15085,5.539433499888552
15086,6.2686929171025785
15087,4.8350190720259825
15088,16.77881138891398
15089,7.590036117878331
15090,3.5896660711247748
15091,0.6183570561009046
15092,3.4194950762780514
15093,1.5057297337981335
15094,1.7075060280410066
15095,1.311574779445676
15096,18.347484308002404
15097,8.247765343022337
15098,4.836396203630493
15099,0.14820999978271585
15100,5.361906794445264
15101,2.0412879953107232
15102,2.3654207608493483
15103,1.6212113652663096
15104,21.801063217537745
15105,10.204636748438109
15106,5.844085664725854
15107,0.1293939743526512
15108,6.647984952839114
15109,2.492423120215984
15110,2.9776770841197338
15111,1.904333979882395
15112,19.87926494714308
15113,9.111438141648732
15114,5.401302367077022
15115,0.12898534520782468
15116,5.796146150100831
15117,2.268290756423162
15118,2.661396723239553
15119,1.7507255464260014
15120,18.911572439604445
15121,8.196446106770614
15122,5.059146777037048
15123,0.09794507460192746
15124,5.310765875737872
15125,1.9969062264562172
15126,2.4994874120328423
15127,1.5556346544475612
15128,15.75069589535925
15129,7.216974873160327
15130,4.519866361844713
15131,0.12359230564134517
15132,4.856024739929
15133,1.745037632278026
15134,2.1767252681210225
15135,1.4459406487081299
15136,17.48931562005017
15137,7.918848368345107
15138,4.914643779804065
15139,0.1036334765563547
15140,5.174235692804065
15141,1.7869025466139628
15142,2.2959655220992436
15143,1.5264372918427258
15144,17.724220363650808
15145,8.279443535630778
15146,4.9227853329546205
15147,0.10543165959737953
15148,5.549829981544744
15149,2.010423864981825
15150,2.4615791147845703
15151,1.6067604700058462
15152,26.214123143508537
15153,11.632197858696939
15154,6.676150654591599
15155,0.20187064446142244
15156,7.298166763586457
15157,2.678474491069313
15158,3.3257032187378144
15159,2.182223270827212
15160,30.256235127360227
15161,13.468535176762517
15162,7.440153057736936
15163,0.2109149490344357
15164,8.25958646519634
15165,3.174362561503336
15166,4.086729664512118
15167,2.5232558318387586
15168,15.245584059371499
15169,7.271759791686391
15170,4.1727133952483655
15171,0.06948813095803122
15172,4.599302756213812
15173,1.7111200500892145
15174,2.06093851839822
15175,1.3634863153114753
15176,22.56322294050102
15177,9.890679394278731
15178,5.847752537626613
15179,0.15027784355985
15180,6.432702994767028
15181,2.383182331749502
15182,2.838954895980269
15183,1.9460837998608114
15184,13.481053572235949
15185,5.7982360842924825
15186,3.307022697680388
15187,0.10529401122094192
15188,3.6994176621633943
15189,1.3026321808757855
15190,1.6257269673875456
15191,1.1199509969044286
15192,16.35311457297042
15193,7.331888879366843
15194,4.613817978953654
15195,0.10604688515673959
15196,4.991023301019602
15197,1.8058571593850488
15198,2.1350174838164753
15199,1.4485981406031891
15200,18.213996610538523
15201,8.342662299712043
15202,4.875768174476741
15203,0.11066374737784304
15204,5.099500918303547
15205,1.951139834325643
15206,2.3443481292890844
15207,1.6328048208981132
15208,20.742389803676893
15209,8.820749569864187
15210,5.470054806250385
15211,0.12583439563423418
15212,5.743035743021287
15213,2.13143057656192
15214,2.6433783551316616
15215,1.8308813642927417
15216,27.75956407789592
15217,12.523433731274055
15218,7.433528859485977
15219,0.17193791697317445
15220,8.186628129624873
15221,3.0459427929910645
15222,3.747740316639645
15223,2.391627276710648
15224,16.297396528270298
15225,7.5704330770628125
15226,4.6221670312978755
15227,0.0996008630326295
15228,4.836935508993926
15229,1.8214899377407592
15230,2.1417949995709487
15231,1.5071102481891667
15232,42.611182295052956
15233,18.994121813715083
15234,10.942447924865911
15235,0.30368565980171697
15236,12.106496631612536
15237,4.623408275442235
15238,5.635713981401385
15239,3.65179528675881
15240,20.70239901511236
15241,9.211000604230032
15242,5.359699878925487
15243,0.12568165456453215
15244,5.734754138964803
15245,2.1547770919433438
15246,2.6246423847566738
15247,1.7982925415073778
15248,25.762102062458844
15249,12.188898615160822
15250,6.699569182876277
15251,0.16144182878277344
15252,7.473089938354903
15253,2.6442339959917374
15254,3.3781885890407497
15255,2.1900829766373766
15256,39.53084245051474
15257,16.958850490765425
15258,10.154165645565415
15259,0.2826489529228862
15260,11.08357427079305
15261,4.279079473233005
15262,4.965479671214474
15263,3.373992397286449
15264,33.63272237757357
15265,14.370444516697647
15266,9.07525884309619
15267,0.21927800475565123
15268,9.325530253099494
15269,3.5065527550985367
15270,4.267332263545759
15271,2.6940935896082685
15272,21.720327328406682
15273,9.516093577136964
15274,5.52526948475007
15275,0.16285793969732798
15276,6.03877649512545
15277,2.2947322260082688
15278,2.7829940187196547
15279,1.875298086611556
15280,15.939959718734817
15281,6.869788191185425
15282,4.180182627296157
15283,0.08327515301223513
15284,4.4731809428739915
15285,1.7434403874764088
15286,2.038667878365503
15287,1.324796772678013
15288,29.228836623033057
15289,12.42820652678189
15290,7.098977033094552
15291,0.17549982160462746
15292,8.245031698006922
15293,2.962317074936257
15294,3.7373096064054927
15295,2.466134246356009
15296,22.640020115612007
15297,10.338677037152557
15298,6.1721254564496295
15299,0.13991245122065663
15300,6.273651600671284
15301,2.4038584710731037
15302,2.8433393760938253
15303,2.004276459150373
15304,15.785828311305995
15305,7.2202464048724675
15306,4.427106043815412
15307,0.07369208583586119
15308,4.674556425624852
15309,1.7360360359132436
15310,2.054978760716788
15311,1.3839080816838403
15312,22.844120582183084
15313,10.43024973702737
15314,5.957100731147913
15315,0.1589831057897585
15316,6.3478785907451165
15317,2.377830995022548
15318,2.9023994084671236
15319,1.9664918761273504
15320,15.251206931995842
15321,6.709157630115577
15322,3.8626979230373006
15323,0.09142321309664166
15324,4.277360107377919
15325,1.5541758814583368
15326,1.8883178367159887
15327,1.242036367591235
15328,16.12466616843239
15329,7.138404331815859
15330,4.173926112365508
15331,0.089194331527865
15332,4.700253300988979
15333,1.672180223649862
15334,1.9899448131461128
15335,1.3095974862091266
15336,32.429246729516734
15337,13.853544234002026
15338,8.194786251380203
15339,0.19450067168515417
15340,8.850680238679281
15341,3.326000209858871
15342,4.10719886177278
15343,2.6233032998454378
15344,16.641883639770917
15345,7.665220590911244
15346,4.504844658208359
15347,0.11840242001817433
15348,4.852051750832391
15349,1.7967905684912266
15350,2.1703240029471256
15351,1.4342972066099762
15352,36.47834550036776
15353,14.70977178798579
15354,8.692737663172698
15355,0.2528856170875917
15356,8.987317616451637
15357,3.487078215203918
15358,4.529793812057972
15359,2.9312784192098915
15360,24.053055392523117
15361,10.73791476837371
15362,6.369744004766457
15363,0.170569169176663
15364,6.809600581294071
15365,2.614464487180443
15366,3.077892313450269
15367,2.051331318642293
15368,16.675387846304336
15369,7.717909093039906
15370,4.684125579948438
15371,0.101933230068812
15372,5.083471214158038
15373,1.8890249571849511
15374,2.2257288347461954
15375,1.4853484864149413
15376,44.094673286234254
15377,19.76910956206496
15378,11.797351579820669
15379,0.3209027899364179
15380,12.875621324086184
15381,5.036485840863388
15382,5.829254671182921
15383,3.9816548684605477
15384,19.890720485250036
15385,9.227107357015182
15386,5.600794196277142
15387,0.10892253969859823
15388,5.80271460068449
15389,2.1707430975777724
15390,2.598014510580919
15391,1.7395370219385857
15392,24.766908421515062
15393,11.090423863341684
15394,6.59105065743399
15395,0.1796148330902454
15396,7.05440386182682
15397,2.677211447435982
15398,3.3300377899346545
15399,2.181106249247983
15400,30.226753847994114
15401,12.801704345058775
15402,7.529806882259066
15403,0.17889736861638816
15404,8.18494675558873
15405,3.097723792044103
15406,3.956398733099225
15407,2.491553768529226
15408,22.091097023012548
15409,9.547208009342842
15410,5.827726100320938
15411,0.13938035148394076
15412,6.4071728069733425
15413,2.4189551006825725
15414,2.8743210735204148
15415,1.9552216432509089
15416,23.986120589474467
15417,10.711223146484201
15418,6.417780102799003
15419,0.1626240845647794
15420,6.651162524359923
15421,2.52304443979071
15422,3.160045326775323
15423,2.209757199321801
15424,16.35274961091494
15425,6.919528993395404
15426,4.172458481607477
15427,0.10955445403785571
15428,4.543721151095408
15429,1.6000586664383611
15430,2.043145520393227
15431,1.3362199348801571
15432,38.22025704420603
15433,16.856356160695523
15434,9.49371378989163
15435,0.22426356478292753
15436,10.283759514978389
15437,3.9704859842311095
15438,4.6562063777281955
15439,3.2156834496212636
15440,14.444173268493456
15441,6.701552661668319
15442,3.9043678450473465
15443,0.0706624386026366
15444,4.084554132748742
15445,1.5521678606967195
15446,1.8693226090722996
15447,1.2571050366081118
15448,15.617271434979203
15449,7.199311579334604
15450,4.53232277374995
15451,0.08745376497572264
15452,4.802703081697127
15453,1.791177651693574
15454,2.10276668395531
15455,1.438756314834513
15456,23.868893492874886
15457,10.619195726599896
15458,6.134962362609091
15459,0.16445840763371558
15460,6.649959763396093
15461,2.612032721822264
15462,3.0842497312685966
15463,2.180896246787554
15464,26.26341588347356
15465,11.649654255713866
15466,6.89171711607464
15467,0.15981512731939634
15468,7.627486934095877
15469,2.9663540836170528
15470,3.6621424604433965
15471,2.4167595620309488
15472,17.978094407603677
15473,8.053658343848323
15474,4.689480852840733
15475,0.09359485996513364
15476,5.246786930561453
15477,1.8938538596867192
15478,2.4529361493509607
15479,1.5398099284256572
15480,20.019684904007832
15481,8.9652556890261
15482,5.2668725694552245
15483,0.12140724838883578
15484,5.588465609899444
15485,2.163297510067881
15486,2.5856191020953303
15487,1.7186453053120982
15488,58.93043231734336
15489,27.615003521440123
15490,15.222313796799257
15491,0.48231319721793
15492,16.281716217178836
15493,6.357707135295794
15494,7.766687652478094
15495,5.159780469417527
15496,16.120076895672007
15497,7.149233879462006
15498,4.504958727720355
15499,0.1269405560912673
15500,4.728851348888455
15501,1.7632262703466117
15502,2.1831904068773818
15503,1.4117989737949121
15504,19.477581243170423
15505,9.183072025033594
15506,4.3425795418941835
15507,0.3377287928284817
15508,4.48094657862043
15509,1.889501148833059
15510,2.112164956888198
15511,1.5569063545586574
15512,22.433321994033992
15513,10.476267376835578
15514,5.153250559253272
15515,0.3368235120631498
15516,5.7178745112188665
15517,2.259629226386002
15518,2.5476605645963777
15519,1.8254498260802339
15520,20.487060934242706
15521,9.147983871647183
15522,4.723839684559584
15523,0.25249087713865165
15524,5.14871831881166
15525,2.018546978499713
15526,2.276583158870756
15527,1.6237967195816339
15528,19.604366607582296
15529,8.381832346287718
15530,4.495348123454005
15531,0.25605857126692827
15532,4.687693999775999
15533,1.7591562863283623
15534,2.1464424481480395
15535,1.4428372952216548
15536,16.929933971577892
15537,7.6189549663308
15538,3.913092061904635
15539,0.25652590226591376
15540,4.238735575068483
15541,1.5788493391609089
15542,1.841164846118187
15543,1.3773238744420588
15544,18.522153186049636
15545,8.342521024555051
15546,4.34585351658626
15547,0.2278320360697804
15548,4.621364424099517
15549,1.656503850673355
15550,2.02079744317148
15551,1.4393911584735322
15552,18.186153435302202
15553,8.652944341067492
15554,4.396285576632958
15555,0.26657235167653465
15556,4.819787840624519
15557,1.8264527087184435
15558,2.11396314990855
15559,1.5089889463108592
15560,27.473452167423332
15561,11.721238790356429
15562,6.146381763940872
15563,0.4089360725720465
15564,6.93914335208431
15565,2.4500308872783334
15566,2.921303140281781
15567,2.060560105984755
15568,30.156932032718448
15569,13.489311066144852
15570,6.616080045450828
15571,0.43318692110435286
15572,7.4232702891325735
15573,2.841600738487068
15574,3.5178174531429733
15575,2.3309780325221934
15576,16.195015233802764
15577,7.835765671215588
15578,3.734722425613596
15579,0.21707232704959614
15580,4.191919615430188
15581,1.5757581739494855
15582,1.8257036784552143
15583,1.3065255727098097
15584,22.84442696593917
15585,10.16367850222283
15586,5.171808398054448
15587,0.34723145121024324
15588,5.526021233673674
15589,2.124364787182851
15590,2.4315916949280405
15591,1.828220418950774
15592,13.31661356613676
15593,5.82690233432182
15594,3.0680143884847286
15595,0.2760452241912373
15596,3.303524941156528
15597,1.242132978878764
15598,1.4938805443246401
15599,1.061833307373702
15600,16.36021999669556
15601,7.326617700245462
15602,3.8711143200235676
15603,0.2647023417713654
15604,4.063128774956071
15605,1.6156261055992187
15606,1.8244720270328703
15607,1.363394635418159
15608,18.776255778204572
15609,8.7431235634233
15610,4.207103218643626
15611,0.2942710261021415
15612,4.234461885977636
15613,1.7127772625370266
15614,1.943810928728567
15615,1.4973171854373886
15616,20.708259653513103
15617,9.115558146677003
15618,4.778916336842669
15619,0.3149944621431196
15620,4.923609378618688
15621,1.8908513275533119
15622,2.2171165106310218
15623,1.696874945972925
15624,28.20235471800346
15625,12.402719046030096
15626,6.452951598757114
15627,0.41999769858317704
15628,7.230306484743155
15629,2.685460926228936
15630,3.1437961849935747
15631,2.142131396819504
15632,16.552646928194246
15633,7.703652487820538
15634,3.9823614542411745
15635,0.25281543493182324
15636,4.181322529457555
15637,1.6336430001962345
15638,1.8395869971212393
15639,1.4026762275896616
15640,42.72911160730422
15641,18.995706884986983
15642,9.626726170558344
15643,0.5591845740840606
15644,10.831813566984911
15645,4.263833013679571
15646,4.9059459344862235
15647,3.4461103004602016
15648,21.71477116939296
15649,9.555994743599333
15650,4.68238045616503
15651,0.3011898052526746
15652,5.01189963257585
15653,1.9195336227639022
15654,2.2842200115196536
15655,1.6543222991817659
15656,26.002685515250104
15657,12.215890316682618
15658,5.907634766269865
15659,0.3666026853933728
15660,6.55386711954419
15661,2.3895663405590035
15662,2.8665971233718794
15663,2.0399018860993157
15664,39.4216072617706
15665,17.548450255749607
15666,8.949245554553647
15667,0.6395728411280055
15668,9.654485094432543
15669,3.889171854054652
15670,4.341481121916972
15671,3.075394413117303
15672,34.63696397198575
15673,14.612299846066243
15674,8.072968739997469
15675,0.5055147441193585
15676,8.404140309915762
15677,3.1987740700790734
15678,3.6318046132033563
15679,2.5404890074692745
15680,22.236991340788286
15681,9.877172213135799
15682,4.930454154562944
15683,0.34579669472731417
15684,5.151640703583019
15685,2.086049880749578
15686,2.322762042565608
15687,1.7452857025176913
15688,16.041993262151617
15689,6.923866329054186
15690,3.527055103094672
15691,0.2611663871800929
15692,3.736252515479507
15693,1.5420484827304217
15694,1.7330575025683406
15695,1.2575956734756069
15696,29.72009266095293
15697,12.624718274864021
15698,6.3312641517744295
15699,0.4201177351804909
15700,7.362296118459697
15701,2.6087718246497125
15702,3.164823131247401
15703,2.2401070438164763
15704,22.9181988407129
15705,10.273369531868733
15706,5.260993822705145
15707,0.3502448490187151
15708,5.417711834128295
15709,2.1061336155842447
15710,2.4232614203573575
15711,1.8423611999654017
15712,16.80846809527947
15713,7.618328793916434
15714,3.811446112632084
15715,0.2619050284279734
15716,3.9355731030893484
15717,1.5661674741332168
15718,1.788363274056622
15719,1.3269772269131113
15720,23.003757065880414
15721,10.855077581949462
15722,5.183637086051833
15723,0.3102422926137002
15724,5.557422894594024
15725,2.124950612170837
15726,2.4013556978096853
15727,1.7987406261069896
15728,14.939141624497077
15729,6.696709587415843
15730,3.2809192941312753
15731,0.30283176735768513
15732,3.4619443602447575
15733,1.3983216926941993
15734,1.5920492025832793
15735,1.1822584504720681
15736,16.086061622384925
15737,7.141251290968035
15738,3.5865528972459395
15739,0.2537303491483762
15740,3.8996290648935847
15741,1.518260827871578
15742,1.75399610008593
15743,1.2275353379039045
15744,33.05057834206229
15745,14.222769758338137
15746,7.654385283772603
15747,0.4360481477477554
15748,8.321830696287265
15749,3.011335434606326
15750,3.520647795805199
15751,2.5049715800537298
15752,17.36581707082189
15753,7.856138348452844
15754,3.8633678967262446
15755,0.2605314226810376
15756,4.173688939495671
15757,1.6375632345696143
15758,1.8722616824204217
15759,1.3684227856458644
15760,36.07018917394333
15761,15.378378527668394
15762,8.068342525159757
15763,0.6644439360760586
15764,7.971926342534456
15765,3.200586007698962
15766,4.05560501106725
15767,2.7130922017980152
15768,24.423720917680505
15769,11.093122856435123
15770,5.686964868342867
15771,0.34811993183611434
15772,6.044396378451944
15773,2.348781337486882
15774,2.594848726667943
15775,1.8789856157239428
15776,17.412530046180983
15777,8.263616851967614
15778,4.063222925134467
15779,0.2725274306231465
15780,4.249158033317135
15781,1.6766169988108148
15782,1.883184617114733
15783,1.417788594744178
15784,44.737554774399705
15785,20.40296145745993
15786,10.46670660888639
15787,0.5975722943298288
15788,11.28397273837551
15789,4.593655850884498
15790,5.1056374313159845
15791,3.658244916986502
15792,21.342238069501036
15793,9.627306732419175
15794,5.097075521862196
15795,0.22683158278718513
15796,5.39690629944993
15797,1.9905262553885472
15798,2.2848771887312327
15799,1.659505684018994
15800,25.005474659848208
15801,11.18154158889277
15802,5.846350104035826
15803,0.39098443707501224
15804,6.223103410611767
15805,2.384010903361323
15806,2.8265332381835933
15807,2.002060601489567
15808,30.38905953918857
15809,12.885049811758003
15810,6.787136901169257
15811,0.47637208878512494
15812,7.436268209626518
15813,2.7602124519857085
15814,3.3843516358915138
15815,2.283289582940932
15816,22.54406021303384
15817,9.865759728407827
15818,5.158437939812523
15819,0.30325720286203484
15820,5.513020468780002
15821,2.1312531437293214
15822,2.3934441501682424
15823,1.7798793310870171
15824,24.8176442146401
15825,11.434938486084969
15826,5.704711941543203
15827,0.396075474987497
15828,5.860975219679542
15829,2.268435221854159
15830,2.7322824124405245
15831,2.0825058328578656
15832,16.213189920685096
15833,7.255846376765631
15834,3.6322365975916333
15835,0.28408902339328457
15836,3.7759311437389305
15837,1.4572399415677733
15838,1.7753108223016858
15839,1.2405088386838699
15840,38.87836762466637
15841,17.0783664607142
15842,8.61046085833928
15843,0.5449485592414643
15844,9.460248522927706
15845,3.6045488253128175
15846,4.063671776802523
15847,3.054085715587276
15848,15.199413444503888
15849,6.923454497457057
15850,3.4191710993096405
15851,0.22588102407687077
15852,3.6639722987370025
15853,1.4221544937758317
15854,1.6599117620924184
15855,1.199917599882252
15856,16.56479109773183
15857,7.40589306329329
15858,3.8532670233849315
15859,0.2709183541506861
15860,4.012141592612
15861,1.613482551711852
15862,1.807163626506264
15863,1.3628942809640618
15864,24.739470178840996
15865,11.11730907343726
15866,5.5658696922651965
15867,0.2839576366298274
15868,6.2091462743368755
15869,2.379088718550156
15870,2.6787439805845197
15871,2.0406176312277897
15872,26.76741740111341
15873,12.1136790294574
15874,6.221947106413867
15875,0.3761927805777511
15876,6.845382512022362
15877,2.6786117368544566
15878,3.1666049770826588
15879,2.254150372024855
15880,18.384030654889674
15881,8.17860869507613
15882,4.103181754141458
15883,0.2399077292803183
15884,4.512551710235941
15885,1.679335163311016
15886,2.1078418248965556
15887,1.3834287366807847
15888,21.01547503705491
15889,9.384010688165777
15890,4.6879331585300985
15891,0.326809528950922
15892,4.7922663008373805
15893,1.953845057305562
15894,2.197632404945892
15895,1.6268441030846184
15896,55.93762129638268
15897,26.301692951854886
15898,13.848007792235684
15899,0.6893174169780343
15900,14.748466215785921
15901,5.941879978992369
15902,7.02214389141471
15903,4.887635719671246
15904,16.83955025869972
15905,7.303733130486188
15906,3.846002705851409
15907,0.27531237452746476
15908,3.945737697838315
15909,1.617063356017405
15910,1.8705317703476152
15911,1.3332368110831332
15912,19.86897233031005
15913,8.89919337854632
15914,4.031315545637641
15915,0.5144816261213309
15916,4.094440943779544
15917,1.7768124791068676
15918,1.9491636419062284
15919,1.4561020976051882
15920,21.12547279811672
15921,9.841611309991519
15922,4.484630766667493
15923,0.5293457366500067
15924,4.646399634486458
15925,1.9530120560804447
15926,2.1261595025851547
15927,1.621952198581719
15928,19.954750681941157
15929,9.005018278360119
15930,4.20216109567565
15931,0.495250272232223
15932,4.3664345876420585
15933,1.755181349157418
15934,2.121513112869012
15935,1.5033650407393293
15936,18.78820497834819
15937,8.233543568907177
15938,4.0719707734090385
15939,0.4462861540437732
15940,3.9928886910003523
15941,1.6447394170807164
15942,1.8565078392254248
15943,1.4477105111073203
15944,16.56468681685124
15945,7.19662894807202
15946,3.592816200449342
15947,0.4258393515056982
15948,3.701674009558371
15949,1.5266633540938943
15950,1.7321634060985758
15951,1.3585620236025544
15952,18.838615931205112
15953,8.199091421844015
15954,4.051701890474081
15955,0.4259844855823644
15956,4.173802199898736
15957,1.6243872361470382
15958,1.9715266806797909
15959,1.4115974836377487
15960,17.960815208627235
15961,8.498521383455623
15962,3.9444677020857872
15963,0.502368053099974
15964,4.064255615242757
15965,1.6816456272663505
15966,1.834237924423736
15967,1.5139690726567292
15968,27.754190487701123
15969,12.121561018944941
15970,5.852450503125011
15971,0.6246590776864668
15972,6.437832332382305
15973,2.4930143884385663
15974,2.8094049982288025
15975,2.097984378539683
15976,30.017558734163327
15977,13.447567416275144
15978,6.330665422096393
15979,0.6369457787456859
15980,6.696591061298398
15981,2.6292321447816294
15982,3.1081248565619832
15983,2.2621118716870185
15984,15.76967945262503
15985,7.1662821642501635
15986,3.3089717681799593
15987,0.3704259351349934
15988,3.5979067797018756
15989,1.4720376760337477
15990,1.659323254338226
15991,1.2930681052463098
15992,21.95325344738342
15993,10.084000582465464
15994,4.55712421690146
15995,0.552376949941074
15996,4.615729412835267
15997,1.9094935027738904
15998,2.159448293382893
15999,1.6799718406593462
16000,13.252114989493814
16001,5.783208911276194
16002,2.9872097632389987
16003,0.4191673425614259
16004,2.93350137044869
16005,1.1964170764936888
16006,1.330968500880216
16007,1.065401193755868
16008,15.822101483162632
16009,7.135469113631567
16010,3.4906838408393193
16011,0.4633090681285011
16012,3.5056137600802364
16013,1.4760571913440281
16014,1.6919398202285796
16015,1.3156041137156036
16016,18.094858687044162
16017,8.416167270676189
16018,3.8663234182858597
16019,0.45654954495700706
16020,3.8053578382620254
16021,1.67459876191288
16022,1.82197662772339
16023,1.458121483203991
16024,20.80585302804527
16025,9.187946019724965
16026,4.414570939463115
16027,0.5299183348291927
16028,4.276401409425121
16029,1.7610214847196375
16030,2.0111588580386246
16031,1.5957803791959915
16032,27.50964417627186
16033,12.749993703757298
16034,6.133638252774792
16035,0.649070060603535
16036,6.383749026655432
16037,2.5677682881300457
16038,2.8711636853623648
16039,2.1841476896316285
16040,15.68166913167777
16041,7.511540401776689
16042,3.5490372696138026
16043,0.4716850970750488
16044,3.674943269330382
16045,1.522930878831451
16046,1.7051024879053724
16047,1.3341925562045367
16048,42.37897329613477
16049,18.66064189678726
16050,9.261147894682953
16051,1.0106615809897297
16052,9.819457555116188
16053,3.971486272089475
16054,4.58428251333567
16055,3.3679525305875297
16056,19.699416340189284
16057,8.783654804339909
16058,4.0201671905817244
16059,0.47986013786735243
16060,4.247522874000624
16061,1.7603251098086015
16062,1.9938436131842487
16063,1.5493305002981024
16064,25.60124215430746
16065,11.620237999347951
16066,5.7543394064755855
16067,0.49555376325720557
16068,6.24254771398202
16069,2.3897973501274437
16070,2.752286805434057
16071,2.046349735970058
16072,38.972251457751824
16073,17.208800211260012
16074,8.27002798215801
16075,0.9059159796462429
16076,8.603169452284856
16077,3.5779742551764184
16078,3.9439247118569325
16079,2.97269934918538
16080,35.454929615934304
16081,14.54285005336278
16082,7.530143579798234
16083,0.6980502305259998
16084,7.638520395804965
16085,3.0428402410234305
16086,3.5235022547831347
16087,2.5393212998989894
16088,22.549591123406636
16089,9.768379869502061
16090,4.787780789538888
16091,0.5468907699788368
16092,4.607390334352615
16093,1.8624507433814648
16094,2.1963498248131588
16095,1.689454686853893
16096,15.868073135277188
16097,7.1164952411131415
16098,3.322949627827063
16099,0.45969955172437965
16100,3.375284630011678
16101,1.4890146010525045
16102,1.642554973984291
16103,1.2370185349442606
16104,28.53190583972901
16105,12.919390208460893
16106,6.01221247797486
16107,0.6032096419080109
16108,6.349484607635786
16109,2.418002171372706
16110,3.0222430569668854
16111,2.1652300222402414
16112,22.31675285518085
16113,10.2403941218469
16114,4.43540021932274
16115,0.5338760626091763
16116,4.4822511397447125
16117,1.899239243780869
16118,2.1512186685388714
16119,1.6641272036642878
16120,16.63686235819932
16121,7.648229800088915
16122,3.4519838269615817
16123,0.4693640089090004
16124,3.5495691346188867
16125,1.5302548429958749
16126,1.6529060273225988
16127,1.2676168786071715
16128,21.94021359416546
16129,10.248799085653408
16130,4.624194174829015
16131,0.5457815811347307
16132,4.5771720980381865
16133,1.8598239947968669
16134,2.206303899077463
16135,1.7075551005933054
16136,14.70696259030861
16137,6.669944897678512
16138,3.1129180000815406
16139,0.4314273778097407
16140,3.202735520241102
16141,1.3568242797518784
16142,1.4911507140797475
16143,1.156677862811829
16144,15.638394747840952
16145,6.981869263444936
16146,3.299096182078456
16147,0.4307733876542616
16148,3.435793074220183
16149,1.3788059254442862
16150,1.6136391010447346
16151,1.1855481424272083
16152,30.9014973668668
16153,13.646710642719134
16154,6.8301772033788675
16155,0.6175814297375773
16156,7.304885839319265
16157,2.8779356348525558
16158,3.384363430098141
16159,2.4332867139212246
16160,16.529780051811937
16161,7.496429567203788
16162,3.612217600337645
16163,0.47422526687714867
16164,3.6066627142374457
16165,1.4966281516202475
16166,1.7078364859647817
16167,1.3314178740230176
16168,36.04068964510724
16169,15.754940400751112
16170,7.714298190585898
16171,1.0407816649759087
16172,7.252597757833077
16173,3.089016128417872
16174,3.567430712492428
16175,2.7324876500744146
16176,24.298953201250168
16177,10.70989775211108
16178,5.169366931740996
16179,0.5322751671498569
16180,5.3835760961334564
16181,2.1863482782959505
16182,2.427416258180685
16183,1.8687009872262221
16184,17.47602877355314
16185,8.045090512841941
16186,3.819026748545154
16187,0.4605325367461352
16188,3.793398131808093
16189,1.641196335318688
16190,1.7601560196110348
16191,1.3864785079893671
16192,45.1674373572405
16193,19.621913330938614
16194,10.00723502714428
16195,0.9699328910654619
16196,10.42515966802836
16197,4.407131477067449
16198,4.891360528008045
16199,3.5666490816437313
16200,19.71452319150791
16201,9.389609379374324
16202,4.388417475515265
16203,0.4850537020852046
16204,4.530123939277408
16205,1.7954319298461883
16206,2.1042392713523514
16207,1.5227021412954689
16208,26.08843894217747
16209,10.99866028570479
16210,5.436962511841063
16211,0.5864872082971802
16212,5.662625687915085
16213,2.311515103095316
16214,2.534891974410346
16215,1.8897655748840692
16216,29.907111047212684
16217,12.692219023250349
16218,6.484172416301411
16219,0.620343952246817
16220,6.839694657478601
16221,2.696047367012229
16222,3.19032433853192
16223,2.252408724464134
16224,22.203246286200564
16225,9.779413663471674
16226,4.553561731153062
16227,0.5308087683941596
16228,4.6906621042706105
16229,1.9743785077113871
16230,2.156180042836483
16231,1.7018702282782836
16232,24.160495823209136
16233,10.907407601549549
16234,5.08062884524989
16235,0.6436352179572167
16236,5.005576342402594
16237,2.0153282470476195
16238,2.339153767309674
16239,1.9031282581476598
16240,15.724824145158028
16241,7.257776144120048
16242,3.386247476379118
16243,0.48041890554321737
16244,3.4324078721208657
16245,1.3904120352273464
16246,1.6414067609829195
16247,1.223919079968326
16248,36.160170160936474
16249,16.283944787030585
16250,7.835316896093028
16251,0.7838652929185774
16252,8.000566899678555
16253,3.303580409911494
16254,3.6499661964433363
16255,2.8834320737589296
16256,14.468732164399094
16257,6.64909482497408
16258,3.03252951233997
16259,0.41640185961852716
16260,2.9425618865283467
16261,1.2753933504128658
16262,1.4109098193897691
16263,1.155854054269926
16264,16.085096720471032
16265,7.258842028299648
16266,3.627848460709803
16267,0.48457588467928947
16268,3.5510332843974473
16269,1.5166514867181475
16270,1.6942985698849518
16271,1.3063721879575505
16272,24.364676318261935
16273,10.936533718502279
16274,4.801317380106771
16275,0.598967972411894
16276,5.221856230890534
16277,2.1073450551073263
16278,2.3882878983867464
16279,1.8518139611443258
16280,27.318426787177543
16281,12.442481486217558
16282,5.8602006937234155
16283,0.5668898497053462
16284,6.136722454651003
16285,2.508027367360222
16286,2.9124872041346115
16287,2.2290514956300327
16288,18.8791146473493
16289,7.9541945996084635
16290,3.900898641812318
16291,0.4183182688910742
16292,4.25293638219181
16293,1.6071836712772694
16294,1.9634119058273969
16295,1.4129821811995504
16296,20.340106952987004
16297,9.166567923833849
16298,4.289436608072964
16299,0.5145284430937872
16300,4.127108342094702
16301,1.7462819493209414
16302,1.991795301778045
16303,1.5181898550751856
16304,53.68104242982899
16305,25.22548905376651
16306,13.01439155996343
16307,0.9075392751078664
16308,13.539065136552457
16309,5.63978063122727
16310,6.741595609843647
16311,4.774002000074056
16312,16.496356798928822
16313,7.410395364064886
16314,3.5726888446379963
16315,0.47413300815570053
16316,3.633316683140619
16317,1.5032648236611208
16318,1.7188959963151256
16319,1.3189374656289006
16320,18.4858880595767
16321,7.994861651158491
16322,4.5250117045583655
16323,0.15073802660784477
16324,5.070343912997602
16325,2.000032930500907
16326,2.2698212542389817
16327,1.5616072653472546
16328,21.568564945159004
16329,9.89185772005011
16330,5.4617044545996425
16331,0.1384924562542825
16332,6.136873581291142
16333,2.3561670247958304
16334,2.646082625525752
16335,1.831284781701731
16336,20.33464789416507
16337,9.472609611432304
16338,5.083269152437559
16339,0.12269008143886499
16340,5.597207638228194
16341,2.0812643239102213
16342,2.5394037426420577
16343,1.6773362509355616
16344,18.417048505731284
16345,8.19264106177933
16346,4.702100108319273
16347,0.11568494203564089
16348,4.9968142691666415
16349,1.83079192431367
16350,2.218951329367073
16351,1.496708596320487
16352,16.4890539314069
16353,7.1896627024585085
16354,4.140472347824227
16355,0.10610305172209063
16356,4.586790400129363
16357,1.699178911678284
16358,2.057230429733664
16359,1.4269563078513516
16360,18.449223565085894
16361,8.196985791416706
16362,4.66203964644897
16363,0.1261467764944414
16364,4.921838716731455
16365,1.7252924694264782
16366,2.1674156977231562
16367,1.4840265422049752
16368,17.661775550761885
16369,8.483222695769244
16370,4.536212087615685
16371,0.12442616712157174
16372,5.253719262036389
16373,1.9037123552828372
16374,2.2182342727887563
16375,1.5930653297744881
16376,26.942364542610846
16377,11.539298021687042
16378,6.327818597507113
16379,0.18473776103367906
16380,7.264789981839929
16381,2.621200920672385
16382,3.170204500957196
16383,2.1376268045150306
16384,31.018661205601795
16385,13.667838637245085
16386,7.204754575725091
16387,0.21967746732558746
16388,8.416965130016642
16389,3.098228990744678
16390,3.867472060346429
16391,2.5265871631244066
16392,16.080538745600922
16393,7.317640986506572
16394,3.9401306530768028
16395,0.06951372132418936
16396,4.443011975412364
16397,1.634151744125364
16398,1.9857589451934508
16399,1.3396267258881909
16400,21.996633532707996
16401,9.950803690989272
16402,5.37486687128377
16403,0.1428448907534067
16404,6.009506703472573
16405,2.275327718975526
16406,2.6982614670784044
16407,1.8834996530471246
16408,13.466575461657131
16409,5.899239805761482
16410,3.332861641656137
16411,0.0962157916790609
16412,3.565073975830213
16413,1.3004438717574178
16414,1.591966089997028
16415,1.0773938435207986
16416,16.069216976203116
16417,7.085848355840307
16418,4.0415189419949336
16419,0.11786735505114718
16420,4.517469433210194
16421,1.6495614087735113
16422,1.9918132183124684
16423,1.403396982042217
16424,18.508027966250708
16425,8.579688583876797
16426,4.576637098861731
16427,0.134519055008828
16428,4.869111684152836
16429,1.901170662782255
16430,2.1780332391592108
16431,1.5640517354043715
16432,20.902828886687136
16433,9.1252680522546
16434,5.204021128825604
16435,0.13453809090807997
16436,5.652529275087998
16437,2.021057050954714
16438,2.4900666450184317
16439,1.7195017798397105
16440,27.104496009383215
16441,12.585929524607307
16442,6.9123867030448265
16443,0.20978667640399587
16444,7.60685136707991
16445,2.8666099370623526
16446,3.3731023739714687
16447,2.3271479736630036
16448,16.075255171401547
16449,7.451288581500688
16450,4.181054493457426
16451,0.11131042957001591
16452,4.603170190159069
16453,1.6688988412808665
16454,1.9852696059325918
16455,1.4510196792480905
16456,43.55575029546472
16457,19.2208050224851
16458,10.568623173403973
16459,0.31436225276067076
16460,12.302278040998623
16461,4.579285757987109
16462,5.400749517303269
16463,3.6784069385924827
16464,21.20518091953111
16465,9.39366041836082
16466,5.090833236293609
16467,0.11631099343479662
16468,5.9085261914315454
16469,2.060517591732958
16470,2.502456708086911
16471,1.743527187020691
16472,26.28598696442985
16473,11.762964831132528
16474,6.283493049312008
16475,0.17408491599642043
16476,7.23946063424336
16477,2.5484403771826503
16478,3.089895163494867
16479,2.1380942651841486
16480,40.36786561480132
16481,17.518985894973465
16482,9.743024458233785
16483,0.34248682165689043
16484,10.758447668376027
16485,4.114647049914505
16486,4.652451933317662
16487,3.2985063001246564
16488,34.58327262441814
16489,14.467214435413485
16490,8.788934606653864
16491,0.24699761062143485
16492,9.375630207307397
16493,3.364975672634643
16494,4.05971504260896
16495,2.672266677311336
16496,22.29660100783918
16497,9.642369423546462
16498,5.536585844001643
16499,0.1714740941975439
16500,5.726808732168639
16501,2.131173232379611
16502,2.632934789604647
16503,1.8204681441136956
16504,15.648094293298184
16505,6.790482173978186
16506,3.7419068585907684
16507,0.11697443232676635
16508,4.057575521434501
16509,1.6076938898618076
16510,1.8502361197019532
16511,1.2652361608424758
16512,29.013081610048516
16513,12.687454339973364
16514,6.595560344662433
16515,0.18964078781183472
16516,7.675095627671821
16517,2.7490906771178816
16518,3.565886788159388
16519,2.2842978254504898
16520,22.88157680229079
16521,10.312496316922173
16522,5.454881667209989
16523,0.14992974264463185
16524,5.988636029676664
16525,2.268247635862508
16526,2.679892397496234
16527,1.8965479740690365
16528,16.331811132529214
16529,7.295569631276312
16530,4.021335709957659
16531,0.13689747595502588
16532,4.372558089439388
16533,1.7414454437772469
16534,1.945755851746591
16535,1.3670637071414864
16536,21.526377181380333
16537,10.08012803857424
16538,5.411242851095919
16539,0.13548790001676764
16540,5.827514690606856
16541,2.1134516123683693
16542,2.619238735212809
16543,1.8402688399761262
16544,14.722198647283484
16545,6.488598497129144
16546,3.496326995709135
16547,0.1441728244747034
16548,4.050894689364038
16549,1.4586606355434746
16550,1.7035801742357595
16551,1.2130174364159605
16552,15.723995545637653
16553,6.934067981598258
16554,3.8611598645843643
16555,0.10539249061620576
16556,4.452566262986319
16557,1.539542841605659
16558,1.8792954600887823
16559,1.2670249931860043
16560,32.0732244020018
16561,13.913904878620933
16562,8.021241106569487
16563,0.20802017167242018
16564,9.070291462541784
16565,3.2278367197406195
16566,3.957717396982131
16567,2.536700268285482
16568,16.794741275467032
16569,7.435134684328567
16570,4.307379154899475
16571,0.10236737604839258
16572,4.67256003923184
16573,1.6462842355708975
16574,2.0440675252443383
16575,1.4127067805836302
16576,35.7351163261751
16577,15.71603554707931
16578,8.609246009330446
16579,0.3000263825456821
16580,9.253271185671943
16581,3.4370853324660513
16582,4.343457416822357
16583,2.9408330912315352
16584,23.639103073039355
16585,10.463943960848397
16586,5.975354994452025
16587,0.18135569921084602
16588,6.5025151645932695
16589,2.436654529669665
16590,2.881884448620717
16591,1.9907631146556746
16592,17.213543890145868
16593,7.945873016316353
16594,4.335144901593107
16595,0.10338371967297709
16596,4.812717672903276
16597,1.8386437983370085
16598,2.0626633804089765
16599,1.446568324224549
16600,45.813753879556764
16601,20.388659783613665
16602,11.217145542948726
16603,0.3321894037338948
16604,12.57608329590612
16605,4.792554047613994
16606,5.472835609691526
16607,3.7684433287848984
16608,20.063508101103185
16609,9.657990100595987
16610,5.194358368582147
16611,0.12634989641070954
16612,5.6534231135307165
16613,2.0436100126105887
16614,2.4692203301484357
16615,1.6287179746041647
16616,24.85499710535518
16617,10.671474548381502
16618,6.192096071218325
16619,0.20043786084786086
16620,6.868103480477775
16621,2.546183187682445
16622,3.041467010427152
16623,1.9895419278996131
16624,29.733220595473277
16625,12.426718229611856
16626,7.329140298954603
16627,0.18748946088321888
16628,8.076154766188635
16629,2.860234932715594
16630,3.606139000818486
16631,2.2968516817964795
16632,22.275883547154955
16633,9.836969147114125
16634,5.307270571180123
16635,0.14020889155553481
16636,5.944116142584153
16637,2.266914168828235
16638,2.5858373984678202
16639,1.8433610452951212
16640,24.960777697950032
16641,11.191032905677222
16642,5.964725988424261
16643,0.17531756808785584
16644,6.652525830888895
16645,2.3698449193619036
16646,2.8489642232034234
16647,2.1420598906631745
16648,15.012123748153925
16649,6.942177170385557
16650,3.834857930230403
16651,0.1077644672547068
16652,4.278334962323558
16653,1.4665517711965483
16654,1.8429982831070228
16655,1.2628057354561781
16656,36.256546037207656
16657,16.548724485938646
16658,9.518418658053433
16659,0.2527323937325026
16660,10.221468441942445
16661,3.8356758177637063
16662,4.435586628080117
16663,3.1642625321275357
16664,14.7612031976194
16665,6.640093091966226
16666,3.5236293679670867
16667,0.09743516475192325
16668,3.6968265615561737
16669,1.3851804640647283
16670,1.636482844728897
16671,1.2430296053782146
16672,16.55153693514404
16673,7.235391381822081
16674,4.190036742389499
16675,0.13972710764275934
16676,4.492209093993297
16677,1.6848478581097481
16678,1.9695834939406822
16679,1.3745149899642048
16680,24.75910440817479
16681,11.221067381321035
16682,5.685286443703146
16683,0.1580296816983235
16684,6.761763216017962
16685,2.416953123136309
16686,2.9120076392450276
16687,2.019473668056164
16688,28.02434874949389
16689,12.493013114437405
16690,6.575267935117937
16691,0.18698487901351202
16692,7.497896501118406
16693,2.8166167414642493
16694,3.4145288607234954
16695,2.404315249454611
16696,18.742365094652104
16697,8.282016797707229
16698,4.495246015892202
16699,0.10981642486988967
16700,5.049605027800228
16701,1.8025044873065725
16702,2.2563630880762666
16703,1.5325285092520888
16704,20.417657138870222
16705,9.1317361502799
16706,4.948417962945263
16707,0.13068994780147977
16708,5.295828997543094
16709,1.9817496905317842
16710,2.3690471997689886
16711,1.6675079670276554
16712,56.68751064771503
16713,27.29882977130006
16714,14.671758109943216
16715,0.4101283510908217
16716,15.926655691636595
16717,6.082034999812015
16718,7.3911460355151055
16719,5.046785280202438
16720,16.5530973926456
16721,7.274075681874248
16722,4.120478207348996
16723,0.13648805308474365
16724,4.467561683488757
16725,1.650398919682811
16726,1.9697339962726625
16727,1.372857756028144
16728,20.475492673250745
16729,9.420102578613726
16730,4.043491602080042
16731,1.0086419007860359
16732,3.576927226016928
16733,1.798841845316482
16734,1.8495596742401217
16735,1.5600218181400716
16736,21.852250008985948
16737,10.528108309548468
16738,4.490308603564793
16739,1.0933776902317554
16740,4.414710567595203
16741,2.0177595795713423
16742,2.164098352831033
16743,1.7123920041369114
16744,21.174019888588347
16745,9.43883637473042
16746,4.277171336010454
16747,0.9901453356840718
16748,3.8512983126651408
16749,1.8591996052627113
16750,1.9972262307833886
16751,1.5963062918824882
16752,20.28072696698178
16753,8.836966473376311
16754,4.049286164437377
16755,0.9544474083729193
16756,3.623707559041446
16757,1.6804632645704678
16758,1.8702983445646701
16759,1.4531109696505895
16760,18.121661620840765
16761,8.303402285352679
16762,3.8320661822161477
16763,0.9382520570218233
16764,3.3956005555351783
16765,1.5655034393116676
16766,1.7036903726788826
16767,1.385665388187209
16768,19.35910373702099
16769,8.691707695740972
16770,3.7766239793867733
16771,0.948684303738556
16772,3.319348658599081
16773,1.514427039174041
16774,1.695663989194454
16775,1.4336652044812186
16776,19.020393984169342
16777,9.237679868776603
16778,3.83923500589155
16779,1.0014897001108782
16780,3.601927207832818
16781,1.7225366285523
16782,1.7803365542909397
16783,1.5275802298198742
16784,28.780575217827458
16785,12.91598321129243
16786,5.434797419327139
16787,1.4259352492414161
16788,4.923815467799139
16789,2.3801334071397315
16790,2.463689161183483
16791,2.072849151690281
16792,32.38357283174598
16793,14.08372821414026
16794,6.122541875815243
16795,1.4745653635971008
16796,5.845289318071792
16797,2.6889969540294048
16798,3.0778676032255885
16799,2.2955676734060493
16800,16.23399139593252
16801,7.90192872934392
16802,3.1796371454187065
16803,0.7925886379752611
16804,3.0974734409011213
16805,1.4160132254150235
16806,1.5183139548204347
16807,1.2646715615363198
16808,22.721085768912687
16809,10.401922210443908
16810,4.616504103715337
16811,1.115153453078466
16812,4.238575388978209
16813,1.9322096636790707
16814,2.1378234989724656
16815,1.7436613132660272
16816,14.471327971171235
16817,6.100741852517323
16818,2.9277493812584114
16819,0.7920766228057888
16820,2.57952047563988
16821,1.305872736966872
16822,1.3930307785153826
16823,1.1602408479144275
16824,16.929543994666616
16825,7.5439906818510565
16826,3.6288441701194487
16827,0.8376919990182204
16828,3.2528888260249467
16829,1.5115343239576848
16830,1.6426149701348256
16831,1.3242902545349835
16832,18.80933733577062
16833,8.81974599579128
16834,3.8639724855879654
16835,0.9449572672849325
16836,3.263750837198192
16837,1.5951542911667052
16838,1.7042991998797101
16839,1.4621177305251698
16840,21.578681683852363
16841,9.545564291623307
16842,4.374279683357055
16843,1.088000480652917
16844,3.839055857279033
16845,1.7724212289217547
16846,1.9271589333885546
16847,1.652657532255438
16848,28.79028104375726
16849,13.18908792591587
16850,5.8217441432808
16851,1.4034460737785055
16852,5.304782739118075
16853,2.5312495853154773
16854,2.7930063712424893
16855,2.1630420205027225
16856,16.636851300315993
16857,7.850635337458755
16858,3.5983712643128967
16859,0.8155479104949334
16860,3.2670200310552664
16861,1.5103389918784478
16862,1.658190091717629
16863,1.3558035739666732
16864,44.20121663845974
16865,19.891020447892597
16866,8.617425316553444
16867,2.01104485274736
16868,7.986542683524065
16869,3.7177521656490264
16870,4.099173690336291
16871,3.1967776745929566
16872,21.751820965033595
16873,9.7951072196935
16874,4.279723440430108
16875,1.09685973449567
16876,3.8643015955696476
16877,1.8087227176529166
16878,1.9127778885212048
16879,1.6552102251602279
16880,26.928709993425514
16881,12.885962535465596
16882,5.266610147853098
16883,1.2794586317571082
16884,4.740272486258788
16885,2.231864036266734
16886,2.52060806391481
16887,2.0441098084922293
16888,41.163472986461244
16889,18.457925920610894
16890,7.872598554404572
16891,2.0178203408384694
16892,7.021294930408674
16893,3.5624380998354765
16894,3.6654024234348226
16895,3.06637223044423
16896,35.62347187579489
16897,15.094399616888412
16898,6.985330637710776
16899,1.7178673159387428
16900,6.172731945205448
16901,2.8991870857440887
16902,3.1419417093090916
16903,2.4868507990876885
16904,22.857520592676362
16905,10.417215274274483
16906,4.427806743908762
16907,1.1463001323153033
16908,4.004665169417795
16909,1.9118870352462063
16910,2.0281109713309493
16911,1.7036819161410852
16912,16.514765461445123
16913,7.3133756961417316
16914,3.2409930531657554
16915,0.8424399781758557
16916,2.9995805595321765
16917,1.4444006944786523
16918,1.552067737663164
16919,1.2505868441685524
16920,31.176817156705617
16921,13.048208529169907
16922,5.71733538941904
16923,1.435099201079453
16924,5.434260885123001
16925,2.453323653736386
16926,2.8217538821721955
16927,2.2133815313977214
16928,23.040937657047216
16929,10.605117961194837
16930,4.683181171454435
16931,1.1728429492807564
16932,4.13827217338959
16933,1.9254551952848296
16934,2.0622784596012327
16935,1.7381233703987686
16936,16.67594361717676
16937,7.776107047860858
16938,3.415982681155734
16939,0.8575922190666516
16940,3.0913053667541797
16941,1.4602498115783467
16942,1.5661884547577027
16943,1.2652500987601325
16944,23.522645174997155
16945,11.257713745989866
16946,4.629620197622678
16947,1.1317349744565564
16948,4.21193389771254
16949,1.9333104671891685
16950,2.1228063038282747
16951,1.7510714696448713
16952,14.930091188795418
16953,6.801587503779269
16954,2.9840629941544714
16955,0.7776170974842219
16956,2.663251669524949
16957,1.3323836320453921
16958,1.44041328489793
16959,1.171474756318861
16960,15.518326365759387
16961,7.151383782794462
16962,3.210809041520719
16963,0.791381346477928
16964,2.9960279629915765
16965,1.424791305510224
16966,1.5430481073099518
16967,1.2266282855357211
16968,33.28695202095889
16969,14.729186342858409
16970,6.423749793407296
16971,1.4893314341511983
16972,6.096091297057337
16973,2.7191189621984235
16974,3.0087372918594864
16975,2.431901287258368
16976,18.468861244256356
16977,8.428343573159443
16978,3.6348001977979267
16979,0.966285501316989
16980,3.306639776564067
16981,1.584280364500387
16982,1.6831159979079646
16983,1.3916489007399533
16984,37.107081082768424
16985,16.02103486002787
16986,7.6491920023445354
16987,1.9132535352186815
16988,6.536095144947602
16989,3.0714438700988773
16990,3.4310769413987376
16991,2.772194301388715
16992,25.823313826239886
16993,11.707892921692336
16994,5.169148647784059
16995,1.3231703828249064
16996,4.590164806896503
16997,2.2389775244198296
16998,2.2738816568016076
16999,1.871141750273639
17000,17.958960766080345
17001,8.796110055924288
17002,3.9095031042882322
17003,0.9675150014360684
17004,3.318638835187806
17005,1.6473764223552982
17006,1.7033856095294964
17007,1.428007671036079
17008,47.64496698617946
17009,21.407222160669598
17010,9.71013370842125
17011,2.1590528185451006
17012,8.716415785178278
17013,4.240401431919176
17014,4.453202466361993
17015,3.5890087849669015
17016,21.09357290668267
17017,9.789842915546602
17018,4.438752251545532
17019,0.9457546607480339
17020,3.9089464477404596
17021,1.7706369675971987
17022,1.8929338250166476
17023,1.5912172274038043
17024,26.915249125212043
17025,11.995385471796936
17026,5.315119753510123
17027,1.3878369635881578
17028,4.838934569847373
17029,2.2506729213707066
17030,2.4774240529615326
17031,1.9728301060708466
17032,31.880287858272357
17033,13.826439246138557
17034,6.135767903081389
17035,1.6031895812410546
17036,5.382211000113346
17037,2.621823275929906
17038,2.8943592291489018
17039,2.3098593862729437
17040,22.96817709105665
17041,10.341032520582518
17042,4.540188939027989
17043,1.102298706274579
17044,4.158053853794739
17045,1.9721449463443794
17046,2.0994328230621386
17047,1.7322146346607339
17048,24.397122839611686
17049,11.775654660983642
17050,5.1426889130803906
17051,1.1837892629645637
17052,4.594572283812986
17053,2.051165775519866
17054,2.2945305132607667
17055,1.8956167987726007
17056,15.939357958975991
17057,7.04641101110042
17058,3.227030442926223
17059,0.8326637193028663
17060,2.7657628544362276
17061,1.3392450747649494
17062,1.5299800096224252
17063,1.2070531101935604
17064,39.39442187907714
17065,17.864484537919928
17066,7.77430833053591
17067,1.7998641904746628
17068,6.952160964684939
17069,3.230050432350719
17070,3.3537223140224937
17071,2.919351889315444
17072,15.387040703957997
17073,7.0696416437060785
17074,3.124305311350711
17075,0.8257827203650391
17076,2.7975244382198716
17077,1.3199518177662026
17078,1.443452865297093
17079,1.1751030829617177
17080,16.563619439189054
17081,7.617737400730706
17082,3.482996218981594
17083,0.8537300286321671
17084,3.136720648310976
17085,1.4863822015639752
17086,1.60513412317202
17087,1.3303221375135381
17088,24.219523889161703
17089,11.257893093084574
17090,4.80314314980234
17091,1.163294557796176
17092,4.478476164288308
17093,2.128941332141541
17094,2.2640963509689658
17095,1.8940857620769849
17096,27.837642221509828
17097,12.484546900665153
17098,5.7147514829681505
17099,1.3032609118942462
17100,5.228362398423821
17101,2.4629729027597973
17102,2.713483870947057
17103,2.1640815691028856
17104,19.763971881815927
17105,8.649167112696741
17106,3.5762327658157953
17107,0.9231557705691991
17108,3.3985254105005853
17109,1.6104843226277292
17110,1.809461126284026
17111,1.4762513761329785
17112,20.523535421559174
17113,9.59790446738776
17114,4.216887947058915
17115,1.0239378270205566
17116,3.571092146630392
17117,1.786353932114196
17118,1.8636159563502794
17119,1.5583374093124442
17120,57.76832091980698
17121,26.47710499690597
17122,12.48543354868822
17123,2.6025071468547902
17124,11.19852567206633
17125,5.328148576448414
17126,5.725465864703616
17127,4.652031441866922
17128,17.27096757730185
17129,7.6264970727674095
17130,3.594587114191111
17131,0.8862327310661069
17132,3.1674024013860564
17133,1.517960643515558
17134,1.6900951798070913
17135,1.3273579001416898
17136,20.189958454037846
17137,9.290765638530535
17138,4.141766749614243
17139,1.0374125945562813
17140,3.5554544394102527
17141,1.7457891490657889
17142,1.7961721302577855
17143,1.509332943406736
17144,20.802918077336024
17145,10.203615756693273
17146,4.496004659157992
17147,1.1049169156920526
17148,4.1330682988261565
17149,1.9281847854766505
17150,2.0358096694185486
17151,1.6820341836341288
17152,19.724487299530097
17153,8.751886150942457
17154,4.0086017789441595
17155,1.033466449786017
17156,3.4477396693083535
17157,1.7099141390770363
17158,1.8727085976175648
17159,1.5056248307620095
17160,19.21293139358078
17161,8.704396289764643
17162,3.871664027645153
17163,1.04106641663597
17164,3.3225595903054557
17165,1.595342412988338
17166,1.7512599465072909
17167,1.4173662175819275
17168,16.894514568578085
17169,7.80204959189172
17170,3.3186002853143397
17171,0.9470706067220196
17172,3.011814126395239
17173,1.4875205988958315
17174,1.5551807255762338
17175,1.359205027588806
17176,19.02900816127942
17177,8.432717723948953
17178,3.621800734471861
17179,0.9694226463953042
17180,3.2147909268751396
17181,1.5030945583790403
17182,1.6700540818427532
17183,1.3642476600893687
17184,17.936916777819903
17185,8.781955787677122
17186,3.7274255974249852
17187,1.0700779549676913
17188,3.2415795362034876
17189,1.5933973933496508
17190,1.6624076352748751
17191,1.4402323826599355
17192,27.503268471088848
17193,12.77470520115239
17194,5.480729553894403
17195,1.377325993096506
17196,5.174814614323016
17197,2.436955737195502
17198,2.5028698885905736
17199,2.129366629894458
17200,30.558270750389156
17201,13.830341946813716
17202,6.049122052044841
17203,1.6419917595038664
17204,5.487496244086619
17205,2.6480928866281257
17206,2.870474985987489
17207,2.293255723872613
17208,16.55863989864183
17209,7.570228758449206
17210,3.1405636326552058
17211,0.8170035802273917
17212,3.123838016594361
17213,1.441653221520182
17214,1.5060025737114162
17215,1.3091414531954024
17216,21.688348313841736
17217,10.494949482366701
17218,4.469689588520438
17219,1.1563703523490438
17220,3.892641448046698
17221,1.8318387239487168
17222,2.0771436618195267
17223,1.703316978916224
17224,14.883645198874357
17225,6.356238197878205
17226,2.942689544676845
17227,0.7499344973794088
17228,2.509439741492698
17229,1.2107732818932868
17230,1.2984247518096002
17231,1.1434168925625283
17232,15.824623122832875
17233,6.990591313096552
17234,3.3358510505734644
17235,0.8609279376502276
17236,2.7760587628777973
17237,1.391006020096717
17238,1.4672542231821686
17239,1.291819529474942
17240,17.83850902451818
17241,8.488180376422255
17242,3.6499768462544715
17243,0.9719126540196675
17244,3.0691301396520494
17245,1.5868412696098244
17246,1.6274609450756286
17247,1.4178647123360633
17248,21.155044187712914
17249,9.472590417457681
17250,4.197207932289237
17251,1.2172162064870689
17252,3.4418724447177196
17253,1.7070509046881102
17254,1.8334986210849842
17255,1.5475432954884372
17256,26.940254825475066
17257,12.464502657855038
17258,5.60315166014676
17259,1.4732332204146181
17260,4.700881140045255
17261,2.3936966926526426
17262,2.52864434373069
17263,2.0743885018181896
17264,15.48976376572258
17265,7.293591325795984
17266,3.2875524752270993
17267,0.8597002057596206
17268,2.855446340146959
17269,1.3858554902033606
17270,1.4654513413269177
17271,1.2904746828669016
17272,41.798792681048546
17273,19.29346985262185
17274,8.0132614107652
17275,2.2906507986139015
17276,7.318517585326722
17277,3.724144025434738
17278,3.941612838029739
17279,3.103907502862537
17280,21.382934413494848
17281,9.682600024246769
17282,4.134665389580133
17283,1.1358573564349557
17284,3.572592309092734
17285,1.7071984961840707
17286,1.776245684803015
17287,1.6185733291449698
17288,26.828222492421805
17289,12.330582353443305
17290,5.068954979996645
17291,1.4956727944905983
17292,4.6911848406186385
17293,2.1687772085944435
17294,2.3818187777207482
17295,1.936696573583997
17296,40.03135001726812
17297,18.868063354601627
17298,7.606189344540916
17299,2.190283760471783
17300,6.864209155537184
17301,3.340660776791807
17302,3.372906731773149
17303,2.971201667416537
17304,33.869458032954775
17305,14.909104368224327
17306,6.6177589884925805
17307,1.7676939670054599
17308,5.696431749904493
17309,2.7965405639947383
17310,2.928990259355024
17311,2.398068973833603
17312,22.09951155318472
17313,10.244628086810462
17314,4.494246044203529
17315,1.2796769360556481
17316,3.8992623115549723
17317,1.831799732652671
17318,1.9795017066040805
17319,1.6502268853780384
17320,15.105689763426028
17321,6.8601202321054515
17322,2.9634863215347966
17323,0.8389038041307728
17324,2.6540396790535983
17325,1.399544114516514
17326,1.4259433517218247
17327,1.207653490747545
17328,28.183953066304788
17329,12.92737972164829
17330,5.429700153271605
17331,1.3815362341327995
17332,4.6826229565223425
17333,2.2799274857847416
17334,2.5774810766386858
17335,2.0544645597699707
17336,23.102731551876285
17337,10.760912859785778
17338,4.6468950370436035
17339,1.2468323536219303
17340,3.8883115126532064
17341,1.9186218708558975
17342,2.0311501377271166
17343,1.7357946757978164
17344,16.033030242490682
17345,7.408597467611131
17346,3.242082407474714
17347,0.8606444599687504
17348,2.9035867541920184
17349,1.4005279652471427
17350,1.4505385059170035
17351,1.25079504473611
17352,21.643997450251295
17353,10.334883894587918
17354,4.556322158304841
17355,1.230238420587895
17356,3.824149620252885
17357,1.7544450907847773
17358,2.001434025080491
17359,1.6929624231162834
17360,15.290617872527298
17361,6.6497957301979485
17362,2.9408567085881128
17363,0.864800065502961
17364,2.527320220674295
17365,1.310488752284578
17366,1.3524782661111903
17367,1.1496249315326577
17368,15.619439705070404
17369,6.671872817038122
17370,3.02906691234466
17371,0.8247308468594431
17372,2.671670395247466
17373,1.3299312113432389
17374,1.449520125071535
17375,1.1936788484941974
17376,31.865540000254942
17377,14.240988099763186
17378,6.095080218177744
17379,1.6194595080398555
17380,5.495750937078866
17381,2.583776891888679
17382,2.8089756596480147
17383,2.3202454666919174
17384,17.543721898034615
17385,7.924163346005784
17386,3.4910607620077743
17387,0.963656027122302
17388,2.976860545181441
17389,1.4710236568234287
17390,1.5765090422065862
17391,1.3565311960219224
17392,36.79310573987512
17393,15.951376623058268
17394,7.631019160256483
17395,2.0304267655004336
17396,6.084477481869225
17397,2.94112618777245
17398,3.2791095081963397
17399,2.653682898671364
17400,24.32384578696968
17401,11.2519624998722
17402,5.085368551472103
17403,1.3431883364364012
17404,4.291053089135836
17405,2.1509772095402924
17406,2.2800237447323886
17407,1.8255216027737626
17408,17.985922272527976
17409,8.270857195756482
17410,3.5721522259582823
17411,1.009400101360109
17412,3.0737809531875198
17413,1.5667152282015602
17414,1.6012025221595474
17415,1.3732756814812181
17416,46.063077726668155
17417,19.900647781758803
17418,8.785454678484545
17419,2.276235745960335
17420,7.968024618947841
17421,3.91618780276016
17422,4.035104638858811
17423,3.391189868845829
17424,20.010871235596735
17425,9.336963891454223
17426,4.138328055386186
17427,1.0243449891774037
17428,3.5255179884247956
17429,1.7007674957366066
17430,1.8066771579147378
17431,1.4879852030368035
17432,26.91595505001642
17433,11.670285051277956
17434,4.965695780701524
17435,1.5483105035053406
17436,4.460094665605962
17437,2.2162185800160685
17438,2.31666888776883
17439,1.9471547051543803
17440,30.928065614540678
17441,13.69885290898364
17442,6.093889834605703
17443,1.6159910474826606
17444,5.196036434668757
17445,2.533101339757536
17446,2.7727004884356394
17447,2.2452260893926494
17448,22.832918179745707
17449,10.40351699092312
17450,4.582829744684199
17451,1.3130662723470603
17452,4.032750407342249
17453,2.009493647032507
17454,2.158538017026559
17455,1.752440552672529
17456,23.1764465591251
17457,11.162952970606053
17458,4.850328237327994
17459,1.2936698281359733
17460,4.203924079595723
17461,1.9917948896228426
17462,2.2072186666663094
17463,1.8622800016782652
17464,15.19907237930741
17465,6.7256975971010835
17466,3.1366907568972078
17467,0.8217163970957849
17468,2.6423866637474114
17469,1.270479106472817
17470,1.389368763072002
17471,1.1944710218650723
17472,37.253652208315664
17473,16.790077417546655
17474,7.075899180974854
17475,2.040848511483061
17476,6.201770250044839
17477,3.1079463375608447
17478,3.1160316594866586
17479,2.759398972157086
17480,14.579014091645115
17481,6.843160092134719
17482,2.9438355269033507
17483,0.8946050782444855
17484,2.5375836440078086
17485,1.2887543984743761
17486,1.3366138222376034
17487,1.1882566765555624
17488,15.765832964448357
17489,7.188330739199666
17490,3.2590209553500324
17491,0.8730032160273838
17492,2.892631202417377
17493,1.406469992922776
17494,1.459415023966069
17495,1.2646717889872707
17496,23.685550438387775
17497,10.765109774995977
17498,4.459612611371106
17499,1.287318176184946
17500,4.254300162537058
17501,2.089495554257646
17502,2.196768017846189
17503,1.8304502151623427
17504,26.20688784868546
17505,12.11697145255307
17506,5.341220478655996
17507,1.3019830364808158
17508,4.612562552888655
17509,2.3362614133906474
17510,2.6414893802194626
17511,2.1332567301050736
17512,18.679991494350183
17513,8.311610754050616
17514,3.6523675701267613
17515,0.9728693827940617
17516,3.3610383730673847
17517,1.5913210096664667
17518,1.7312597059740926
17519,1.4346405024509914
17520,20.19003906710194
17521,9.249554533051962
17522,4.262574886541277
17523,1.0877566955213536
17524,3.5494587410197154
17525,1.798613988550031
17526,1.8229620020893522
17527,1.6080124034091423
17528,54.08207445010546
17529,26.16395732452348
17530,11.57547161408949
17531,2.769978930023746
17532,10.385758848750063
17533,5.208768480552713
17534,5.300925304850643
17535,4.550591811206801
17536,16.451981888672023
17537,7.267725862226491
17538,3.445210134591163
17539,0.8945073528959553
17540,2.9752747643865556
17541,1.4304076999839657
17542,1.5808789992969974
17543,1.3181613439975468
17544,14.834660341920163
17545,7.057315432066701
17546,2.8714521199605936
17547,1.5883254967107658
17548,1.4371603906505674
17549,1.3326409674594224
17550,1.2246992893666873
17551,1.2500507677808839
17552,16.411805407832183
17553,8.05271366818434
17554,3.4723842375079297
17555,1.9911977120823336
17556,1.9551144999974306
17557,1.6056637603140087
17558,1.4773115782389614
17559,1.50260117459124
17560,16.43079387657059
17561,6.819793320508247
17562,3.1145083987504987
17563,1.8867330222810248
17564,1.6962257594242647
17565,1.4788597558503622
17566,1.3764713503895243
17567,1.3196075093275348
17568,15.651461977364066
17569,6.817903335423944
17570,2.9951838599584155
17571,1.7064460867563336
17572,1.6790115452390075
17573,1.3773254986203096
17574,1.2879161935462824
17575,1.3313126191780693
17576,13.428315911976057
17577,5.936694998120246
17578,2.5559037915413785
17579,1.4641445193948583
17580,1.4913159220399517
17581,1.2175544152697904
17582,1.1347685031770547
17583,1.1416269912114663
17584,14.612422127270111
17585,6.537092886624726
17586,2.6024704987595433
17587,1.6395053012851424
17588,1.4590337074020463
17589,1.1888551651045405
17590,1.1524998221035796
17591,1.1673667083706778
17592,14.006165090277118
17593,6.5654656286905
17594,2.81606826079724
17595,1.6629612154812208
17596,1.4998388667254041
17597,1.2741135803365942
17598,1.1741542084510688
17599,1.220422031240072
17600,20.655758566804376
17601,9.32236865026058
17602,3.715345606035161
17603,2.309957155563388
17604,2.2896841522699063
17605,1.9016618554011122
17606,1.7298849401846192
17607,1.760897885218085
17608,24.38311485569265
17609,11.235716210111642
17610,4.681340433366247
17611,2.6783788431996505
17612,2.643049987904733
17613,2.1776102013293226
17614,2.0224683180491696
17615,2.0074741929590494
17616,12.386760301723275
17617,5.829681565415582
17618,2.3378121393553073
17619,1.327195280542826
17620,1.4680428260867633
17621,1.1495035148739339
17622,1.0703761680467772
17623,1.101948178993728
17624,17.595299742731914
17625,8.094676251517763
17626,3.466612964922969
17627,1.9869183138138582
17628,1.911340771052832
17629,1.5839676651011312
17630,1.5148242470691606
17631,1.521462684311934
17632,10.348102089705232
17633,4.230638596237178
17634,2.0090442269718984
17635,1.174613101793693
17636,1.0885596766600592
17637,0.9402332896894852
17638,0.8537881899317452
17639,0.9321152929266379
17640,12.443619858334705
17641,5.416639433446765
17642,2.4397993268555416
17643,1.4709893921352246
17644,1.2305245471266044
17645,1.1365189018744084
17646,1.0578586976341389
17647,1.1128143063521456
17648,13.604205873681105
17649,6.469586594110792
17650,2.678470541171045
17651,1.6015771251961437
17652,1.3674276086982602
17653,1.2517982385323572
17654,1.1635830577581847
17655,1.2088370586946204
17656,16.233544930516814
17657,7.030059570429065
17658,3.126373651345237
17659,1.8625393801524666
17660,1.6061152152756228
17661,1.3971094652496288
17662,1.3006924602732517
17663,1.3125652554437666
17664,20.797398339511922
17665,9.788691003396655
17666,4.5193418212242875
17667,2.6629973136460854
17668,2.415301964435138
17669,2.1176780709743395
17670,1.848214671435159
17671,1.8979365606344376
17672,11.951240679186306
17673,5.63117771816136
17674,2.4859861740993385
17675,1.4445271532444608
17676,1.2472194500051252
17677,1.1243246393386361
17678,1.046680015103725
17679,1.1452795753098735
17680,36.27871128699492
17681,16.98845265901059
17682,6.788953309278267
17683,4.19918423127724
17684,3.8118553209920045
17685,3.12407897059926
17686,2.7733880102591932
17687,2.915727126261261
17688,16.836703922177854
17689,7.684003113122133
17690,3.133276975504796
17691,1.8297383224663342
17692,1.799946941571803
17693,1.4750492572860125
17694,1.332589379956487
17695,1.3977450065547272
17696,19.78045338966215
17697,9.636580974043683
17698,3.756554236138581
17699,2.4118174681015043
17700,2.1942257164588943
17701,1.7278473743786655
17702,1.646477960776569
17703,1.6901770964983014
17704,32.05713832393114
17705,15.306358928828134
17706,5.887496703910833
17707,3.4448261021155453
17708,3.4472641977430816
17709,2.8436655480514346
17710,2.61396089933406
17711,2.626953234398548
17712,25.938707065750155
17713,11.900809802510159
17714,4.778314771552512
17715,3.1620979674032648
17716,2.68148121201176
17717,2.230396454172534
17718,2.0656030432795993
17719,2.184289573279081
17720,16.988336701613107
17721,8.006227061230554
17722,3.36618175926604
17723,2.0327424237472673
17724,1.8660383727784553
17725,1.508809608651693
17726,1.3945870010070944
17727,1.4151723580642646
17728,12.166312447072535
17729,5.595335451068495
17730,2.235531594045332
17731,1.4475864199806696
17732,1.277620866417672
17733,1.1171701085437034
17734,1.0331547688313758
17735,1.0572119238179254
17736,21.823151357430906
17737,10.203500795182869
17738,4.197083893854086
17739,2.5085202236038286
17740,2.190932689542127
17741,1.87329307352767
17742,1.7754335429538393
17743,1.8164832712184615
17744,18.581946503448183
17745,8.581736162198904
17746,3.733699386913611
17747,2.0130457263898194
17748,2.055538363932517
17749,1.651059524399622
17750,1.541500486550924
17751,1.5446923876352978
17752,12.317171483542417
17753,5.812404014838788
17754,2.3674366790294528
17755,1.4474063456097503
17756,1.2710611866166532
17757,1.121440779876357
17758,1.039806928680317
17759,1.0985506617137233
17760,17.598054222618444
17761,8.572483901938421
17762,3.5709086215988837
17763,2.1051869887680787
17764,1.9431714884179203
17765,1.549048472479285
17766,1.5085678495896582
17767,1.5418212494785546
17768,11.35301470957305
17769,5.110705602871003
17770,2.123739171413365
17771,1.3860857395381159
17772,1.1306653710950954
17773,1.0306626468453763
17774,0.9515038494435999
17775,0.9833021357378721
17776,12.229679884845574
17777,5.40382114671355
17778,2.2889693834997877
17779,1.3992063043371696
17780,1.2615398244333096
17781,1.1315611480467853
17782,1.056401515698887
17783,1.0880452933129812
17784,24.70988422053319
17785,11.464434587374333
17786,4.510819762270826
17787,2.9744623420912872
17788,2.715289678099132
17789,2.0465862466570064
17790,1.9791181321694509
17791,2.1501308008773967
17792,13.65799005922415
17793,6.022721497335969
17794,2.5821299877610606
17795,1.5015097178153238
17796,1.4469670301519602
17797,1.2104515935698925
17798,1.153258128857672
17799,1.1850083695910503
17800,28.151270295799193
17801,12.591429154881546
17802,5.618432356393927
17803,2.852653019441351
17804,2.622591580735567
17805,2.3793738086978986
17806,2.269470492316937
17807,2.233840753119279
17808,17.712304320790043
17809,8.0530217373505
17810,3.66584223960019
17811,2.125628575416134
17812,1.8726403048694968
17813,1.6844969219732642
17814,1.523666369040437
17815,1.481585776927797
17816,13.771042128990889
17817,6.328655987315868
17818,2.6094324875803068
17819,1.5552581354396047
17820,1.385556931457328
17821,1.2164036720726867
17822,1.130359111210031
17823,1.1896562929480732
17824,39.88342684224622
17825,16.84724875183604
17826,7.114857206625112
17827,4.2012432450461334
17828,4.174866261637279
17829,3.317895353897444
17830,2.982010861016735
17831,3.125647422948999
17832,15.70311577788998
17833,7.179586910635052
17834,3.1090771732867357
17835,1.8637937248408982
17836,1.650918404676293
17837,1.410453075757464
17838,1.2797029664888835
17839,1.3072950861020878
17840,19.750782071875598
17841,8.416606974693286
17842,3.439352223949249
17843,2.456321853978098
17844,1.9693739595977655
17845,1.7284465531593016
17846,1.511130283272071
17847,1.5629871979241956
17848,23.466303430723954
17849,10.542804042936202
17850,4.69126674305807
17851,2.6831620832686385
17852,2.5145998151031668
17853,2.198599314415572
17854,1.9858321853443082
17855,2.0159651406952057
17856,17.000072399761596
17857,7.641486808310622
17858,3.3522679921312117
17859,2.064167134551351
17860,1.8048331942136597
17861,1.5761397564180097
17862,1.4999973296690072
17863,1.4515981456018534
17864,19.527632096303655
17865,9.176275162817259
17866,3.8030260716990725
17867,2.176242397199518
17868,2.1664321414068697
17869,1.7087140504866345
17870,1.5990279840552923
17871,1.6899367553921874
17872,11.994510465091349
17873,5.374376622584795
17874,2.328525876589428
17875,1.3970898726176362
17876,1.1943401516984726
17877,1.0625413910662307
17878,1.0009303699301533
17879,1.0456222745984265
17880,30.97316932893874
17881,14.40479601574401
17882,5.645825146976528
17883,3.633650235512645
17884,3.028011809527792
17885,2.6307585517737055
17886,2.2076339424444185
17887,2.5041835007568016
17888,11.123818190901611
17889,5.105530460872168
17890,2.1872233070069527
17891,1.350350152495066
17892,1.3058957368860893
17893,1.0516220723481424
17894,0.9710201488350083
17895,1.026672327339759
17896,12.30782510418775
17897,5.653523016157391
17898,2.3993875177881985
17899,1.4613199354046822
17900,1.289170083299899
17901,1.1387349975960575
17902,1.0599855251278698
17903,1.1213504044689333
17904,18.983289343968043
17905,8.501005719335115
17906,3.321445610899632
17907,2.2282214382348995
17908,1.957122667650014
17909,1.730384030785866
17910,1.6075911258378999
17911,1.6046837428321754
17912,19.527322164538877
17913,9.054051651259492
17914,3.9712946171029655
17915,2.4813901789482484
17916,1.950052138527348
17917,1.9472139380675664
17918,1.8785284493858712
17919,1.835176581480225
17920,14.266864573555063
17921,6.53048793567049
17922,2.785872214125652
17923,1.6553892664319925
17924,1.5671388250173466
17925,1.2868305368758752
17926,1.210396744927845
17927,1.2385616423008003
17928,15.583563189219028
17929,7.14045235295754
17930,3.183223262569143
17931,1.9002487546407798
17932,1.5992388671047322
17933,1.4511683000564053
17934,1.279888915812266
17935,1.3584466796386778
17936,49.34454919862894
17937,23.947280987226307
17938,9.685226516404663
17939,5.246773735283601
17940,5.4334322403648505
17941,4.244594038542705
17942,3.8020722380149006
17943,4.017505387634844
17944,12.538949450147992
17945,5.68975508288652
17946,2.4245890521205693
17947,1.5242191675556493
17948,1.2376790928639163
17949,1.1277637147676005
17950,1.0815824668600431
17951,1.109794200442324
17952,14.193883262712399
17953,6.469978271424743
17954,2.701810413792094
17955,1.6597283337104016
17956,1.1649282551094546
17957,1.2701346334519423
17958,1.1110350107031797
17959,1.2015837189022616
17960,16.051416179368985
17961,7.618478598857883
17962,3.2729462922199053
17963,2.167917552540812
17964,1.3992406115588594
17965,1.4764357070620628
17966,1.2975045437957198
17967,1.37551932199655
17968,14.825641392506387
17969,6.648389711698632
17970,2.991620205095868
17971,2.068399151012524
17972,1.2153672922187884
17973,1.345266454841073
17974,1.2114776886235108
17975,1.2581996413654954
17976,14.13111938490027
17977,6.4367888683877155
17978,2.681440966593614
17979,1.8436711382860071
17980,1.2254653754619467
17981,1.2722544830866123
17982,1.1895796409768304
17983,1.252682020767034
17984,12.687929352433331
17985,5.7849097691840825
17986,2.452775173097469
17987,1.6301546388656014
17988,1.1292167355414402
17989,1.1066230845802498
17990,1.027861757275625
17991,1.105789377689631
17992,13.76353217407676
17993,5.9386461514189985
17994,2.496986723674936
17995,1.8250777511873775
17996,1.1534281982684482
17997,1.1737379333627533
17998,1.1067813930190802
17999,1.1770525915357875
18000,13.192385562649235
18001,5.992004363069169
18002,2.57794638808874
18003,1.85785108145976
18004,0.9989792311280074
18005,1.2045090477480132
18006,1.0538491283302087
18007,1.176949130195149
18008,19.552007442061992
18009,9.036856992691728
18010,3.505968330448629
18011,2.6431126494474646
18012,1.7378035192673904
18013,1.749713596948689
18014,1.566043444633556
18015,1.622733964938879
18016,21.677987997425493
18017,10.509980545082309
18018,4.233817671729574
18019,2.757734463625359
18020,1.9739108833019485
18021,1.9695138087827144
18022,1.7722805121485192
18023,1.8602784052231818
18024,12.255830201332905
18025,5.814761099674272
18026,2.1518708722048436
18027,1.5234974486212272
18028,1.1701675152607438
18029,1.0527680269705606
18030,0.9563743889300363
18031,1.0368393065976063
18032,17.024348517854804
18033,7.994557751642783
18034,3.209224608055959
18035,2.14267113523907
18036,1.4435959646495398
18037,1.4963103697659443
18038,1.351370221392625
18039,1.4300232841941793
18040,9.84550179315325
18041,4.1725697207236445
18042,1.9197289658818042
18043,1.2217093399813503
18044,1.0016738241638348
18045,0.9356841498641282
18046,0.8181735507076641
18047,0.8955594423497644
18048,11.8319281086504
18049,5.604123379223446
18050,2.369162680463101
18051,1.5565250877614785
18052,1.0243929864788583
18053,1.0683229990180332
18054,0.9655585708342853
18055,1.082721244769818
18056,13.087279799792306
18057,6.214476932097154
18058,2.5942854619176106
18059,1.7247011535594188
18060,1.1071286506746767
18061,1.1735443874640161
18062,1.0796253041525243
18063,1.1955186321603735
18064,15.253031472963228
18065,6.632178440438572
18066,2.96046536284444
18067,2.0137662546649193
18068,1.2546278182055761
18069,1.3117990275284193
18070,1.177796104774754
18071,1.2799722437357184
18072,19.221989855639123
18073,9.293792683409043
18074,3.9981840012554453
18075,2.836416977126972
18076,1.788388509140532
18077,1.9314710368691341
18078,1.5857990738674976
18079,1.7948362442770445
18080,11.671472604409718
18081,5.567555986518134
18082,2.3385872902312705
18083,1.5746780304956103
18084,1.013839166156816
18085,1.0868714549254588
18086,0.9744726298248174
18087,1.1287925568029373
18088,34.045930080682005
18089,15.845121597805585
18090,6.708398902631552
18091,4.183031895207449
18092,3.0874043092537224
18093,2.8654703184128856
18094,2.485600563942126
18095,2.7387582470915732
18096,15.32609114271937
18097,7.152453449307427
18098,2.970254071284605
18099,1.9944207650797765
18100,1.354667986702452
18101,1.3792068484498066
18102,1.1896175486117289
18103,1.3068460840243872
18104,18.405759941512144
18105,8.6900321213176
18106,3.548971331817649
18107,2.5850024856039626
18108,1.5300026210699043
18109,1.7390195585704533
18110,1.4751323020211613
18111,1.5947522216297498
18112,30.330523383535336
18113,13.93838687395326
18114,5.352459357966042
18115,3.4429161135000976
18116,2.575740162830902
18117,2.644736642266016
18118,2.299651965596904
18119,2.438688246650896
18120,22.95487456328736
18121,10.944537612726698
18122,4.344484680171048
18123,3.380210322168678
18124,1.6937402929567988
18125,1.982810610513029
18126,1.7485305596973528
18127,2.064776575266504
18128,15.73977831988819
18129,7.240823705437166
18130,3.0964367577593075
18131,2.1883385153665267
18132,1.2447450944898124
18133,1.3663311633133788
18134,1.1855145477026234
18135,1.2863521068267763
18136,12.145575794153379
18137,5.441296628685626
18138,2.2023206832179953
18139,1.5218268186651815
18140,0.9957673854430243
18141,1.051276920753037
18142,0.9517507964528881
18143,1.0406960774559917
18144,20.744613767388337
18145,9.541700028485772
18146,4.157604403163314
18147,2.723307005725367
18148,1.858932417763736
18149,1.9426098860569576
18150,1.7697184285396825
18151,1.8007490827534705
18152,17.35642516742431
18153,7.921455436263317
18154,3.210759143070409
18155,2.1659895049965385
18156,1.3727227860695728
18157,1.5397212621255276
18158,1.3255198112009712
18159,1.426875547993452
18160,12.121786875626158
18161,5.7460264931202465
18162,2.5037661709951604
18163,1.5401949422073664
18164,1.0588828283314793
18165,1.0607520467969365
18166,0.9608312027525283
18167,1.0801607984364694
18168,16.970883166217114
18169,8.130726703784633
18170,3.2616424663540733
18171,2.2478343425064646
18172,1.3561704959273617
18173,1.4358272047233294
18174,1.334852516919816
18175,1.4353896332829983
18176,11.014085198928996
18177,4.92675363887905
18178,2.0828467455523203
18179,1.4344022863802977
18180,0.9190323528378086
18181,0.9898490467992581
18182,0.86965005301517
18183,0.9705841677138043
18184,11.373651982671861
18185,5.382174661490699
18186,2.27161285806714
18187,1.4814110855861145
18188,0.9908391159433969
18189,1.0660204651346141
18190,0.9722893708580307
18191,1.0482826780263408
18192,21.585122653547508
18193,10.24362863306509
18194,4.1187006315165275
18195,3.1822697261094066
18196,1.8281297644432086
18197,1.9268111054777557
18198,1.7812234624186931
18199,2.0246588981870137
18200,12.733872692467866
18201,5.783828632810267
18202,2.4449421990972593
18203,1.566749908831315
18204,1.0858250462348955
18205,1.1401030716397051
18206,1.0354319507336869
18207,1.1195074220945074
18208,26.507654310248043
18209,12.058368685228979
18210,5.170594639109854
18211,2.8806390493977734
18212,2.2533205796261684
18213,2.1804377871816123
18214,2.1165727052810195
18215,2.212939458897778
18216,17.505710132435617
18217,7.740033082411834
18218,3.457303006576394
18219,2.3466044172439426
18220,1.4498847549430591
18221,1.6432339718123548
18222,1.3902180930312722
18223,1.528810249938868
18224,13.307593586014024
18225,6.155038505182778
18226,2.6374947268433173
18227,1.661936654151161
18228,1.074991213260725
18229,1.1390189416185368
18230,1.0307669884716213
18231,1.1436279670278502
18232,33.63084341400564
18233,14.4972348124754
18234,6.499172489865269
18235,4.311471192530489
18236,2.868066835003864
18237,2.9575143756620945
18238,2.577233520621165
18239,2.732251322897788
18240,15.025257150040032
18241,7.003033275256459
18242,3.002289638024553
18243,2.020507675489722
18244,1.3135865258069646
18245,1.3727495495471695
18246,1.2086187395158392
18247,1.2863841006313212
18248,18.53883661525159
18249,8.609772953578938
18250,3.2733116135588207
18251,2.619167777848454
18252,1.6504995178087976
18253,1.714007842147141
18254,1.516195642080546
18255,1.5621661840039731
18256,21.32704512908991
18257,9.520663474474713
18258,4.289645077348703
18259,2.8148391460015603
18260,1.8654038815527865
18261,2.0128509178143807
18262,1.772746114397351
18263,1.8549511438024202
18264,15.93734276519669
18265,7.203471262818755
18266,2.911777930238803
18267,2.1625497206767905
18268,1.1823080026230484
18269,1.334855085391342
18270,1.2132460391361557
18271,1.3169360682304485
18272,17.807081907060866
18273,8.710581920994601
18274,3.6382354343776875
18275,2.2929687307146156
18276,1.7050665343361386
18277,1.5545824463941058
18278,1.4267866349895815
18279,1.5446111049558928
18280,11.666902258926585
18281,5.355087028999407
18282,2.277811731951453
18283,1.4288570396863056
18284,0.9696136137808271
18285,1.0182220073115547
18286,0.9223739005763317
18287,1.0204072075777875
18288,27.709964521872724
18289,13.330447712486245
18290,5.576351553242878
18291,3.795415433746287
18292,2.3450181287478533
18293,2.4905853904859856
18294,2.235284375621016
18295,2.3997382166646766
18296,11.040636627281316
18297,5.097719361314426
18298,2.107333649008488
18299,1.4523750799944268
18300,1.0779857539736912
18301,1.0004377266849642
18302,0.9021493228919467
18303,0.9680491206109707
18304,12.369316189189192
18305,5.581664692093125
18306,2.5014430768805473
18307,1.539735859800092
18308,1.050968063908807
18309,1.0761001457935029
18310,0.9980908663294404
18311,1.0903237803271484
18312,18.567145558319147
18313,8.57546954754657
18314,3.3997156811771405
18315,2.351283125193757
18316,1.5550380387256542
18317,1.643190766006767
18318,1.4121873198420936
18319,1.5449022484862136
18320,18.661257552037192
18321,8.823062284237041
18322,3.926739376440547
18323,2.684739926565447
18324,1.545186550943033
18325,1.8408424970244601
18326,1.6746342782683994
18327,1.7823915978604274
18328,13.563444204993932
18329,6.300947209255866
18330,2.47166083827911
18331,1.914971319089097
18332,1.2049367994369966
18333,1.2736732305989735
18334,1.1100535592670608
18335,1.2567386045436488
18336,14.348017191249715
18337,6.661552363770468
18338,2.936787329435853
18339,2.0512269291034793
18340,1.19048043488343
18341,1.302373172580344
18342,1.1192847612482408
18343,1.2616717564375186
18344,41.52507192266736
18345,19.93126742021111
18346,8.703592815036956
18347,5.456640154624777
18348,4.3444776824255005
18349,3.7032567495271853
18350,3.4422312252124097
18351,3.4883354029080498
18352,12.205545078384732
18353,5.665404884106103
18354,2.4207039814396056
18355,1.5784377476743658
18356,0.9819091928528662
18357,1.0356685762196858
18358,0.9556578400216856
18359,1.061331304936431
18360,16.803271458120175
18361,7.539483916906169
18362,4.891239259514446
18363,0.0811019250870397
18364,5.442147122712862
18365,2.086477591437935
18366,2.452308605820131
18367,1.5877017715615982
18368,19.51173030104518
18369,8.773641312927769
18370,5.7343116387660436
18371,0.10829720841695717
18372,6.455598357583078
18373,2.3562766536421806
18374,2.9699268382583517
18375,1.8434924347356867
18376,17.82143324096981
18377,8.46416828902014
18378,5.190384289423766
18379,0.09740193987272779
18380,5.660829239786554
18381,2.093325672427814
18382,2.565384536040712
18383,1.6707403152073146
18384,16.26223391088755
18385,7.561113711159355
18386,4.857288278481309
18387,0.07639997703282078
18388,5.022742249690303
18389,1.912103019795169
18390,2.4416753370784883
18391,1.554700209805472
18392,14.735115592297163
18393,6.57489910688043
18394,4.496969145501979
18395,0.0881093769451373
18396,4.686744136383362
18397,1.7519414153914734
18398,2.1386542882806747
18399,1.4058890240058037
18400,16.972448698484545
18401,7.587952734264601
18402,4.949815868538708
18403,0.08181141067394172
18404,5.26783294999346
18405,1.861405113567193
18406,2.4029880015797462
18407,1.5125548396140491
18408,16.245493914297693
18409,7.782778076008488
18410,4.744220973878454
18411,0.09605057919559937
18412,5.312452369098758
18413,1.952023931028922
18414,2.3992340653562585
18415,1.5725726239225548
18416,25.01716916763566
18417,11.28452754558872
18418,6.813379877687972
18419,0.16817176614687504
18420,7.675445649791664
18421,2.7591957029796275
18422,3.353941437092225
18423,2.1445989958392766
18424,26.49005197858402
18425,11.982465690033827
18426,7.400508658888387
18427,0.13746841166535587
18428,8.104917508995458
18429,3.1178342443287037
18430,3.9502177463113566
18431,2.494552320068571
18432,14.255474418807774
18433,6.5714064857426004
18434,4.106411991257497
18435,0.06547681928168674
18436,4.369879765737021
18437,1.6657081358413774
18438,1.891154057103031
18439,1.282625890808573
18440,19.594933081970563
18441,9.109538279774808
18442,5.611829435696718
18443,0.10346988963992909
18444,6.188612024056757
18445,2.292802937312483
18446,2.773501242789969
18447,1.8637934465523016
18448,12.744650747420867
18449,5.612100309431371
18450,3.602449716575853
18451,0.0345743064984233
18452,3.679358611778223
18453,1.3554513465183677
18454,1.6505052658361208
18455,1.0914312337853525
18456,14.040977853897715
18457,6.463471988515298
18458,4.227446182982139
18459,0.07585969878155817
18460,4.7824025459784165
18461,1.7160060696975046
18462,2.095568064282758
18463,1.4261840355994142
18464,16.4184893753266
18465,7.560644894005188
18466,4.787573119173578
18467,0.09721212628252138
18468,4.92685034388133
18469,1.9323278615239812
18470,2.323043351038623
18471,1.5990549974554333
18472,18.369795789802193
18473,8.118879213029013
18474,5.3035645905648785
18475,0.09537888014886509
18476,5.6914279499185625
18477,2.078519400293478
18478,2.680885434362441
18479,1.718359285338957
18480,24.797375479843108
18481,11.539566469275858
18482,7.114705979263438
18483,0.1571884001464395
18484,7.3773106025139885
18485,2.9753828888941207
18486,3.661617813578254
18487,2.3571129867602547
18488,13.922668735620393
18489,6.535540838853458
18490,4.278748576546297
18491,0.07979611024745896
18492,4.535856535425191
18493,1.7464168270740863
18494,2.0748254469862957
18495,1.4595067928082737
18496,39.22748151510949
18497,17.326700322813362
18498,10.385688215391209
18499,0.2545479169978926
18500,11.79133581154051
18501,4.264989531967246
18502,5.533056950271758
18503,3.4957688435535994
18504,18.26963443540402
18505,8.210839527759655
18506,5.266829447059218
18507,0.09672633024257733
18508,5.598754182917053
18509,2.11816700501506
18510,2.6578455346032506
18511,1.7084347316672555
18512,24.7622015960434
18513,11.245456221081868
18514,6.3916712263888416
18515,0.14508836331094616
18516,7.247978648126246
18517,2.6723136160934553
18518,3.3716716420482977
18519,2.060394994025124
18520,35.44169211460549
18521,16.320521522937792
18522,9.487673874993664
18523,0.2198136180146815
18524,10.290369344419402
18525,4.178745537106788
18526,4.735698996477784
18527,3.2205747417695365
18528,31.164951436047986
18529,13.876066833569805
18530,8.853983126186607
18531,0.16733075785971005
18532,9.03879189013672
18533,3.371825480673255
18534,4.259232832444517
18535,2.632021738528173
18536,19.832611455788328
18537,9.109185990421366
18538,5.6175516542309305
18539,0.149400592752624
18540,5.893507117618931
18541,2.288340034908959
18542,2.8772365342312898
18543,1.8667201715032216
18544,13.818868449450566
18545,6.36147891675491
18546,4.01123955510705
18547,0.07272551803914272
18548,4.48340656092392
18549,1.6807212836446908
18550,2.0755096965826456
18551,1.3314643112466236
18552,25.766516152359234
18553,11.40762809983962
18554,6.938944837827644
18555,0.15321904859627716
18556,7.546550032676946
18557,3.013130192204956
18558,3.6874149907885982
18559,2.313836308509861
18560,20.412825127927476
18561,9.008914928930697
18562,5.807180255078076
18563,0.10544839847806617
18564,5.955063256959351
18565,2.3624334028485174
18566,2.7469332954372514
18567,1.8634880066118529
18568,14.22092326447179
18569,6.539495082393772
18570,4.311928889122357
18571,0.05652500834201373
18572,4.595133318521775
18573,1.810383499244646
18574,2.107888238814404
18575,1.405133032047646
18576,20.138865197415942
18577,9.38219171405943
18578,5.60787314165075
18579,0.11990968277786317
18580,5.879578093764709
18581,2.205367174962254
18582,2.8012602166514133
18583,1.8540790512012704
18584,13.35233041826274
18585,5.912289320811604
18586,3.7234621865898014
18587,0.0631000938924921
18588,4.354511047836763
18589,1.5926548800070977
18590,1.8270889401262354
18591,1.2442372862982187
18592,13.638684354153476
18593,6.079631531086874
18594,3.9586951764091145
18595,0.07324038422585252
18596,4.580716901175289
18597,1.5813570075616386
18598,2.036756994716568
18599,1.2567748538716599
18600,29.84786218798182
18601,13.597878297399678
18602,8.364847167319502
18603,0.18550215387000127
18604,9.020494299849307
18605,3.1629919418055206
18606,4.143234510192042
18607,2.5905706410683895
18608,14.363225912557395
18609,6.651084096886694
18610,4.418726905073263
18611,0.08044459288753845
18612,4.6522384006641175
18613,1.7151545359846425
18614,2.146918959116974
18615,1.4062506448129093
18616,31.934103651470586
18617,13.575581703385021
18618,8.496376698237327
18619,0.2095074300310175
18620,9.201658054823868
18621,3.395386730976033
18622,4.502444015747297
18623,3.026374638536367
18624,21.78296645251471
18625,9.915635959900072
18626,6.227153892192123
18627,0.12847374866973246
18628,6.569509585079177
18629,2.5967213234274307
18630,3.2447170618108956
18631,1.9848224180500353
18632,15.493972137379224
18633,7.104097848354698
18634,4.5856872909769795
18635,0.07719499450843392
18636,4.874733347224527
18637,1.8618238645208
18638,2.1758561644499643
18639,1.4943714717210155
18640,39.695989902266916
18641,18.653693689572727
18642,11.651528125100372
18643,0.2818860732392066
18644,12.898479400256463
18645,4.834289750924016
18646,5.873719540431979
18647,3.8977095373094293
18648,18.07084081298642
18649,8.403907391961596
18650,5.238663035373606
18651,0.09344079106770745
18652,5.606942642943488
18653,2.148858492679171
18654,2.5708753775788695
18655,1.6615841303391667
18656,23.513508909179897
18657,10.688926972615866
18658,6.508232743771946
18659,0.1307509736581582
18660,7.12955758089068
18661,2.721674869934385
18662,3.3205505629847423
18663,2.069961359418844
18664,27.264057335351502
18665,11.817557069900479
18666,7.577338048240304
18667,0.1335740500560406
18668,7.803311672361715
18669,2.990036566553048
18670,3.8444286340044176
18671,2.4319543860279325
18672,20.92538163687943
18673,9.266142534212808
18674,5.57513280277663
18675,0.1192053682955081
18676,6.135394477706825
18677,2.3253266434458024
18678,2.8068340752871306
18679,1.937157301691044
18680,21.181375510076236
18681,9.990327843198221
18682,6.150745651067686
18683,0.11109601893458358
18684,6.695813651351947
18685,2.4546997866879328
18686,3.2296027066525843
18687,2.0968757553342208
18688,13.917937010296134
18689,6.312866639011043
18690,4.018095701348055
18691,0.07134984731691293
18692,4.4680787639169495
18693,1.5711408673160054
18694,2.0301864264817455
18695,1.3080351346342474
18696,33.18197065936426
18697,15.731544394767086
18698,9.311287078201266
18699,0.19201912461959608
18700,9.76205045906838
18701,3.753740913062148
18702,4.562217657604425
18703,3.029752166571129
18704,12.839164329771938
18705,5.981381483351021
18706,3.7177976440468634
18707,0.07501705324946965
18708,3.9403875474837156
18709,1.4994404057668402
18710,1.8112811261784885
18711,1.2657219323702928
18712,14.44617528098776
18713,6.385079460954323
18714,4.291435579332742
18715,0.07468148351570114
18716,4.66322791984461
18717,1.7229324402568136
18718,2.1816766293376815
18719,1.3893570923186809
18720,22.08756952610725
18721,9.975770187584153
18722,5.945362119538274
18723,0.10730500657750527
18724,6.658874494948517
18725,2.4948936456841624
18726,3.069060402628128
18727,2.072124793001214
18728,25.202230010816187
18729,11.289855022436832
18730,6.831640239524868
18731,0.13175342635269355
18732,7.632486010048263
18733,3.024366163831193
18734,3.6505932179979754
18735,2.491806622089962
18736,16.75308080804019
18737,8.013021731666399
18738,4.721299933733927
18739,0.07822778563771073
18740,5.254244555490502
18741,1.876658406492463
18742,2.351535913315948
18743,1.5512060701439225
18744,18.811699189918507
18745,8.414612936740026
18746,5.463924811186194
18747,0.10313347929812704
18748,5.667025799603276
18749,2.1724326366382902
18750,2.639471251780436
18751,1.7346505059262856
18752,52.933113771189284
18753,25.08406978882832
18754,14.613493627582562
18755,0.38555171892196416
18756,15.611738103870938
18757,5.804831276146148
18758,7.1005802669773725
18759,4.678987129164063
18760,14.66678514882469
18761,6.49006662363516
18762,4.278161008723583
18763,0.07671392810755884
18764,4.633786451228179
18765,1.6981456497542062
18766,2.2370127596186986
18767,1.3936213779856892
18768,13.330934244297184
18769,6.382214394135722
18770,2.543099353266382
18771,1.531726328441508
18772,1.1629021320806003
18773,1.2093221162493013
18774,1.0352499963720103
18775,1.094291137773033
18776,16.428450319243293
18777,7.33460911567718
18778,3.2475525250977673
18779,2.0722172167694124
18780,1.5398060594855751
18781,1.4560419175015722
18782,1.34027475669294
18783,1.4001207860870435
18784,15.372807490708485
18785,6.422854068036926
18786,2.9801651629646555
18787,1.9877936975003343
18788,1.2609687480916156
18789,1.4178339442512056
18790,1.2467041278074398
18791,1.2953859598272779
18792,13.968377614299634
18793,6.1165465133553
18794,2.6273147103409746
18795,1.7749274523390284
18796,1.1039440495546806
18797,1.24550130801268
18798,1.15836117896427
18799,1.2261985969326732
18800,12.00341250317058
18801,5.451755466134602
18802,2.3130262975566493
18803,1.5276134531294852
18804,1.0338103836098167
18805,1.0805428167302287
18806,0.9573267637401204
18807,1.0692612911157597
18808,13.082012852493587
18809,6.059872434819664
18810,2.3769140165396845
18811,1.8685732133872583
18812,1.0304582017718427
18813,1.1597847051861125
18814,1.1052056932643994
18815,1.1941796562819835
18816,13.068340695427738
18817,6.038640986895766
18818,2.5194239253101864
18819,1.7698142254908853
18820,1.0055008367415026
18821,1.1816824842620473
18822,1.0287576918714743
18823,1.1409493239915947
18824,19.24028137874954
18825,8.175671905142593
18826,3.3182642625499996
18827,2.745715220719962
18828,1.6338909075348804
18829,1.7020650145643965
18830,1.508202411141442
18831,1.6201827095428825
18832,23.070757484201366
18833,10.214867979985105
18834,4.228738750693929
18835,2.767823900446086
18836,1.997071011067127
18837,1.999777976314274
18838,1.8523789101626507
18839,2.0467189632384333
18840,11.508576719186188
18841,5.457642413372988
18842,2.035928196932929
18843,1.4635904930888322
18844,1.057464823578415
18845,1.0586551574710368
18846,0.9278547191011103
18847,1.0472807236930808
18848,16.402166188672684
18849,7.821020631945455
18850,3.273121788416986
18851,2.067780177174246
18852,1.4664731251701968
18853,1.5432500631321793
18854,1.3628404543753294
18855,1.4678913742295814
18856,9.698843940292429
18857,4.440590519422359
18858,1.9108094826337847
18859,1.231889859052595
18860,1.0292050884893549
18861,0.9299513095747962
18862,0.8033137316408793
18863,0.9304294062942264
18864,11.57865706796286
18865,5.098892677570547
18866,2.280050701691265
18867,1.5060125331294139
18868,1.0522300515980305
18869,1.111369280353035
18870,0.9682090513738965
18871,1.0602647544339217
18872,12.571399071922261
18873,6.121953427703625
18874,2.4296574881939224
18875,1.631247043942598
18876,1.0177573000444022
18877,1.1843555852400969
18878,1.0170335737918819
18879,1.192487574729862
18880,15.780229520901546
18881,6.738166164432338
18882,3.023202679022816
18883,1.9993099666871013
18884,1.3328403788241452
18885,1.3400770438975138
18886,1.3040360298030433
18887,1.344159124021259
18888,19.219145293708827
18889,9.770729974624173
18890,4.146023313732753
18891,2.8645768600371078
18892,1.7983069570151526
18893,2.0302840097027373
18894,1.7431554396163538
18895,1.8647385833258558
18896,11.709014240145004
18897,5.40394752819011
18898,2.3118277716875903
18899,1.4988949080896972
18900,1.0824032840562832
18901,1.0653214221850054
18902,0.9703201016527466
18903,1.1039127036985863
18904,34.20269437120068
18905,15.601720479127954
18906,6.127227492661546
18907,4.316044031507047
18908,2.8461753239818783
18909,2.8711609137007974
18910,2.446204211247617
18911,2.8243908770308077
18912,15.514744033884192
18913,7.034984600022284
18914,2.7531771978168487
18915,1.790876737919754
18916,1.3422138002836852
18917,1.3586065776214078
18918,1.2213748874867034
18919,1.3029568190874583
18920,18.313256113551287
18921,8.762614705364484
18922,3.5323537000712086
18923,2.698612385674812
18924,1.4721875039368955
18925,1.623645476971459
18926,1.553571564963802
18927,1.662748171824087
18928,28.479797027291344
18929,13.297019942356627
18930,5.141435340768787
18931,3.5047674034044722
18932,2.6920367433377823
18933,2.570017990279087
18934,2.1769827733275537
18935,2.476172418037265
18936,24.902121300064206
18937,10.517654779261282
18938,4.1072683287340945
18939,3.5602139044610026
18940,1.6848549663296954
18941,2.0936905320513715
18942,1.8591187933698334
18943,2.1134821123543284
18944,15.759543132639509
18945,7.236233834510236
18946,3.0533408253762966
18947,2.1437787235353034
18948,1.3002961253720615
18949,1.4360340911001641
18950,1.2304229270958729
18951,1.394314005341042
18952,11.133877712585537
18953,5.136973802635153
18954,2.01641006224265
18955,1.3990650907049738
18956,0.9593887487808532
18957,1.0171510625761098
18958,0.8815325489316015
18959,0.9537849574867977
18960,20.340464046716203
18961,9.347140360857377
18962,4.168452853381305
18963,2.8071649025668752
18964,1.7405218801302422
18965,1.8689400466113932
18966,1.738966876345249
18967,1.8858557263685674
18968,17.178572282700916
18969,7.681526460233236
18970,3.1129015445444024
18971,2.0805094822314913
18972,1.482168810996822
18973,1.5861364959961173
18974,1.3724737139747456
18975,1.4905886763743428
18976,11.48588231797931
18977,5.478987222835414
18978,2.1111571673683756
18979,1.4735356593012772
18980,0.9759177792304788
18981,0.9904274940086085
18982,0.8975772891323518
18983,1.01650094098331
18984,16.060994506044068
18985,7.832470767301427
18986,3.302264196041302
18987,2.162745064100859
18988,1.4560236835275182
18989,1.444202251242493
18990,1.4220618310058124
18991,1.4804480530592965
18992,10.85196961584088
18993,4.823578479819664
18994,2.060011317708814
18995,1.370583550460789
18996,1.0375892986330433
18997,0.9777661667675349
18998,0.8489306660221875
18999,0.9825858222321086
19000,11.128970157078479
19001,5.25309894967039
19002,2.100997477326735
19003,1.318146682612354
19004,0.9248307438734237
19005,1.001781717826356
19006,0.8711777215239336
19007,0.9324556946773235
19008,22.82712364366212
19009,10.124157865947701
19010,3.9440688577335323
19011,3.2585882909410993
19012,1.6878587072088933
19013,1.8966268845465128
19014,1.8390532075772035
19015,2.093146617343928
19016,12.17353126604073
19017,5.5378471189602845
19018,2.3878995637762417
19019,1.5253047159708588
19020,1.082941965783261
19021,1.113480811165011
19022,1.0070649554588071
19023,1.0945487265309384
19024,27.07723230551805
19025,10.976074096066915
19026,4.966003291302198
19027,2.955449369160271
19028,2.327146833397253
19029,2.175692087105652
19030,1.903597956615824
19031,2.1976802557957535
19032,16.278104788456297
19033,7.451201868371878
19034,3.5134008983095946
19035,2.272065174816553
19036,1.4626925797657577
19037,1.564567786289594
19038,1.334001221469981
19039,1.4159053450594903
19040,12.946139427873794
19041,5.99046226895101
19042,2.4744927625145183
19043,1.53166904603572
19044,1.046061623460694
19045,1.1571383404983249
19046,1.003966872182932
19047,1.0919609519225522
19048,35.89581062276554
19049,16.095602879945396
19050,6.205174719792831
19051,4.413392191972474
19052,2.877202514735838
19053,3.01122624345591
19054,2.4618445856619053
19055,3.0148455414736395
19056,14.5322323694842
19057,6.781529700623526
19058,2.9760265394539926
19059,1.9446531330135617
19060,1.3330757718342312
19061,1.4218218651996646
19062,1.2138788320023135
19063,1.267139070641815
19064,18.245032708700478
19065,8.270308992661857
19066,3.5121829431332277
19067,2.5884239405537763
19068,1.6595600096561425
19069,1.6940658647294673
19070,1.461539402124885
19071,1.557806894971206
19072,21.60100579046947
19073,10.363524767545822
19074,4.474297747597783
19075,2.894472765616573
19076,1.8525456012095591
19077,2.0434194063914077
19078,1.8519902638910317
19079,1.9161046109273758
19080,15.673561808268648
19081,6.910173454535159
19082,2.822244122595677
19083,2.10884281229376
19084,1.2126647524800185
19085,1.4251866027166786
19086,1.3007675298842771
19087,1.3962746481368247
19088,19.037372750974484
19089,8.50913125101167
19090,3.513353237155842
19091,2.2624738260711434
19092,1.7540457302518124
19093,1.5600150611842458
19094,1.4443872988270945
19095,1.624758756181878
19096,11.608177099520852
19097,5.388880340411987
19098,2.151395740410241
19099,1.3865381104294217
19100,1.0416908567172787
19101,1.0095949950787524
19102,0.910304677389357
19103,0.9643177446155418
19104,28.535489034442207
19105,12.878084447154146
19106,5.445209298945964
19107,3.7871814670701482
19108,2.291304502641863
19109,2.4465990368913406
19110,1.981864953090692
19111,2.458058722099415
19112,10.904099149540192
19113,4.813868567904596
19114,2.013570896061753
19115,1.3585403813477435
19116,0.9400749038881201
19117,0.9365190504852908
19118,0.7955587262598578
19119,0.9057100399313444
19120,11.174202024702437
19121,5.271813901797137
19122,2.1422028969332074
19123,1.4049145134207508
19124,0.9496192231151478
19125,1.0181920458971532
19126,0.920038498093331
19127,0.9962434560124597
19128,18.275159007199793
19129,8.201528921022069
19130,3.21165549362574
19131,2.3907313620544084
19132,1.6742971840063932
19133,1.6000392434830701
19134,1.396964197514713
19135,1.5296768703973302
19136,17.72094642911058
19137,8.495971242965716
19138,3.631803671879352
19139,2.617732179805313
19140,1.4999772247785135
19141,1.782805929790518
19142,1.716308801294236
19143,1.7826366742256938
19144,13.228162781510763
19145,6.244692467271874
19146,2.6189615745232646
19147,1.9641110295879238
19148,1.0544117734759593
19149,1.2502882710196728
19150,1.1214076596273355
19151,1.2189515947868583
19152,14.192445005419797
19153,6.599656331025011
19154,2.7737394861155527
19155,1.9570498626755402
19156,1.1530179659543505
19157,1.3619918369536785
19158,1.1613595686697598
19159,1.2933275812631568
19160,42.95391079609635
19161,20.400738855637517
19162,8.53327376579685
19163,5.501227266119595
19164,3.923588421988162
19165,3.8014823237160837
19166,3.2250554911455867
19167,3.772835901656225
19168,11.621471205994636
19169,5.296389411023691
19170,2.1904495317944597
19171,1.5340482119629781
19172,0.9969700673191766
19173,1.0740997872880866
19174,0.984821236621565
19175,1.0726492609445488
19176,20.671501842644194
19177,9.732094082979007
19178,4.304394005199705
19179,0.9692964208782767
19180,3.642701729589356
19181,1.8554641491305528
19182,1.9270021461092914
19183,1.5679675698540883
19184,22.18323761115569
19185,10.698438808677064
19186,4.91026199527105
19187,1.0452132537026748
19188,4.683743037399125
19189,2.1681521689236787
19190,2.3118660843769616
19191,1.8726180572873878
19192,21.957402985151393
19193,10.064702711533581
19194,4.620577508477394
19195,0.8453537752651996
19196,4.289039988487203
19197,1.919704124681347
19198,2.119930389853245
19199,1.662883914203223
19200,20.008549873334893
19201,9.298048713677106
19202,4.274965093160857
19203,0.8731205497014793
19204,3.8239630927789454
19205,1.7216266713313104
19206,1.898130764603856
19207,1.5219746313847597
19208,18.34350686741406
19209,8.396294079801969
19210,3.828174747286325
19211,0.8446916219682149
19212,3.566851151040831
19213,1.6048569556533654
19214,1.790259748326009
19215,1.4007275279572777
19216,20.709485514996107
19217,9.441835435916401
19218,4.1625442749446835
19219,0.805770132943475
19220,3.8149872170015287
19221,1.6796987888835735
19222,1.8744085906274366
19223,1.4740346950203131
19224,19.9075065549827
19225,9.770594751824802
19226,4.345407320175959
19227,0.9420176775214003
19228,4.076320625255037
19229,1.7789924700701942
19230,1.920915177034965
19231,1.5932806572997045
19232,27.772737026399046
19233,12.828766323013781
19234,5.6590998370483225
19235,1.3214387744537093
19236,5.409732892326138
19237,2.462895578324482
19238,2.5904323187643663
19239,2.141168002792471
19240,32.952051125490016
19241,14.958231454290736
19242,6.841261970789182
19243,1.388315263231936
19244,6.473927927668925
19245,2.9735360723947766
19246,3.3559126049416244
19247,2.5253775645964693
19248,16.4995686887781
19249,7.741273995755437
19250,3.3368659172776667
19251,0.7542945865969719
19252,3.2962631491600836
19253,1.4942326901075593
19254,1.6226055042440264
19255,1.2952218022688171
19256,23.287846646289005
19257,10.960273186426345
19258,4.841021420318818
19259,1.0503318799381989
19260,4.396607944741677
19261,1.9463247301573992
19262,2.253551359488137
19263,1.789605074341041
19264,15.173980916905684
19265,6.411992143265778
19266,3.056921160308069
19267,0.7564211613974862
19268,2.613199158368401
19269,1.318147614193455
19270,1.4220608254541216
19271,1.1468093820121559
19272,17.835166319909955
19273,7.856375271541993
19274,3.745309063667572
19275,0.8159688997926866
19276,3.4455137202898976
19277,1.586192325964669
19278,1.7474775025454863
19279,1.423083254473588
19280,19.442832686067387
19281,9.03545626349868
19282,4.100388871605138
19283,0.8462029720443182
19284,3.711878390323383
19285,1.7248231380092627
19286,1.844694969110667
19287,1.5114785744269177
19288,23.536541227381193
19289,10.436438474476278
19290,4.69012330019145
19291,1.0671443641664058
19292,4.1050195748628715
19293,1.9349057276501451
19294,2.115029914868433
19295,1.7544512703321238
19296,29.51039110190073
19297,13.333394508048976
19298,6.380630346574034
19299,1.3362453810585089
19300,5.827947772470847
19301,2.729754886534714
19302,2.964702703651733
19303,2.330732643565617
19304,17.051491068351844
19305,8.000723668714327
19306,3.647354848988895
19307,0.7607827384023598
19308,3.379248099376635
19309,1.5216242788619836
19310,1.694243622323396
19311,1.411961996626098
19312,46.45871515218699
19313,21.10344226501373
19314,9.395990005697929
19315,1.9979452903261683
19316,8.727513914611647
19317,4.0924902855872745
19318,4.5195119984994925
19319,3.4226005869470932
19320,23.198028339730463
19321,10.564371028383926
19322,4.566751933720411
19323,1.0697550421792286
19324,4.171700473325794
19325,1.9524600632748976
19326,2.042434896818257
19327,1.807079341831322
19328,28.618154695283703
19329,13.239674651114157
19330,5.765252066570532
19331,1.1383792140024336
19332,5.4903920793305785
19333,2.3171138031478704
19334,2.6412455998186624
19335,2.078668550114265
19336,43.989280042079024
19337,20.45289252392188
19338,8.5012340255595
19339,1.9260130133096123
19340,8.111542406478106
19341,3.8105580848967318
19342,4.014340425877623
19343,3.3329999152290886
19344,37.43566356346285
19345,16.2718734007229
19346,7.730917651167602
19347,1.4989708547849825
19348,6.798175605811264
19349,3.088288698851771
19350,3.405898957305503
19351,2.638147559570155
19352,24.460538290276034
19353,11.420618271925202
19354,5.019022830741832
19355,1.0977877588213514
19356,4.51226516996288
19357,2.0217789516673865
19358,2.210350459150545
19359,1.8206365095648867
19360,17.043153909617907
19361,7.813229861857128
19362,3.409483925655275
19363,0.7674584004308349
19364,3.220429591084242
19365,1.5570584370880283
19366,1.6663410767783147
19367,1.2637577164137714
19368,31.637149254779732
19369,14.069352894049215
19370,6.26829631578665
19371,1.26734432646693
19372,5.823862143038005
19373,2.650819872314364
19374,3.0294247410753403
19375,2.333490788339714
19376,24.462072314965738
19377,11.269487926719313
19378,5.191381421436721
19379,1.0280942068438697
19380,4.447780646715205
19381,2.0880590478410883
19382,2.2269339500180605
19383,1.868273731981037
19384,17.472950914855684
19385,8.227599078692586
19386,3.6613494118532643
19387,0.7881526514780449
19388,3.399431661582723
19389,1.5622780212643288
19390,1.71248227201677
19391,1.3462800788853848
19392,23.895508656059626
19393,11.295450510902578
19394,4.956370721295771
19395,1.0579369216381331
19396,4.346506156981507
19397,1.9408689469468074
19398,2.2028993340153273
19399,1.852407793287148
19400,15.996022462948709
19401,6.944307626602054
19402,3.1874620378391803
19403,0.7999575182646091
19404,2.9160182274023776
19405,1.4046737255001238
19406,1.509906667102639
19407,1.1824231085481123
19408,17.49312690390387
19409,7.439431242877462
19410,3.458877034368255
19411,0.7562477730020288
19412,3.23339747827215
19413,1.4868666478687207
19414,1.7018431860833363
19415,1.278736454272123
19416,35.216402920869704
19417,15.322960119328455
19418,7.085011007692283
19419,1.3447130302063388
19420,6.552736862980928
19421,2.8998230714483837
19422,3.3291357168742737
19423,2.5501344612206465
19424,19.266505227321993
19425,8.847369921125631
19426,3.9428768536619403
19427,0.8736103082863509
19428,3.4765608769217495
19429,1.6160112848104755
19430,1.8143077777365888
19431,1.4703748394957914
19432,41.278991859754264
19433,17.079916022974984
19434,8.223268623700562
19435,1.8214343023613828
19436,7.023882700657105
19437,3.2136379265330666
19438,3.653071398207788
19439,2.9149014494506815
19440,26.50703671990848
19441,12.111402782423657
19442,5.564651258243228
19443,1.114776039317707
19444,5.010134685759731
19445,2.34452989716304
19446,2.5398311643704083
19447,1.9785416119620887
19448,19.82998015699544
19449,9.008759805488864
19450,4.0674658298464195
19451,0.9048361729003943
19452,3.6480849994439715
19453,1.7170507360362113
19454,1.8369056204420275
19455,1.509096108110175
19456,51.220277337350694
19457,22.02325647392238
19458,10.369359377535107
19459,1.9180850677740189
19460,9.62521364048072
19461,4.416725431313963
19462,4.744271429595873
19463,3.717102298750801
19464,22.389141386453034
19465,10.693964401940967
19466,4.844787895884255
19467,0.8581431743846022
19468,4.4307542832920745
19469,1.9472777353374318
19470,2.0805070870463584
19471,1.682283217774978
19472,28.968656587023787
19473,12.580371598474013
19474,5.672430410389623
19475,1.2714225524065341
19476,5.280159525384373
19477,2.474857968244362
19478,2.671001224029611
19479,2.1013441761491327
19480,34.03872343019359
19481,14.599483290728227
19482,6.799116873335604
19483,1.4070194568659895
19484,6.154237516643768
19485,2.8028409713166553
19486,3.1540492530250783
19487,2.463528423762752
19488,24.702757046870325
19489,11.53832060986921
19490,5.130608951573118
19491,1.085541140932449
19492,4.7056801249528295
19493,2.1997756009731235
19494,2.3650195860109364
19495,1.8956477465633632
19496,24.868833628427126
19497,11.864246316424463
19498,5.383006706470497
19499,1.169155925634904
19500,4.857110565126796
19501,2.1558818742178394
19502,2.4553209866665395
19503,2.0289287299336825
19504,16.750108722769983
19505,7.3751113806159845
19506,3.551320513632784
19507,0.7544776130394366
19508,3.118394922629401
19509,1.4419680978930045
19510,1.6384353854889155
19511,1.2905535724011483
19512,41.03478018347777
19513,18.14082905751145
19514,8.061825135108705
19515,1.6470711037967183
19516,7.288884013917882
19517,3.486722066019115
19518,3.673481499804011
19519,3.0238418553509425
19520,15.9229639577737
19521,7.528878596161903
19522,3.307416334895854
19523,0.7665955967599266
19524,2.925701130323175
19525,1.4035494502286052
19526,1.511478753125576
19527,1.2560196727539925
19528,17.32904109159173
19529,7.796415529189409
19530,3.7007419560864743
19531,0.8024817054948127
19532,3.393820691045153
19533,1.5867924831604223
19534,1.7180788423871456
19535,1.394925390557541
19536,26.132594542494434
19537,12.054450418637877
19538,5.003833663979503
19539,1.046134362058252
19540,4.999811125648425
19541,2.2960250407843024
19542,2.4625192167928747
19543,2.016914196866794
19544,28.853504860931363
19545,13.373446781859558
19546,6.141895535521607
19547,1.2170823920284333
19548,5.673326744013214
19549,2.702288096824917
19550,3.110394778160217
19551,2.422673281429281
19552,20.04058792451424
19553,9.195566830006037
19554,4.167827536497214
19555,0.7892795537293256
19556,3.931872853413879
19557,1.7562785501737035
19558,1.948004918485992
19559,1.52855021008964
19560,22.928632532088525
19561,10.565969684269481
19562,4.885966228609894
19563,0.9906908808590936
19564,4.344990451101158
19565,2.0536083130086604
19566,2.1283372441856825
19567,1.7970101271202068
19568,60.56100756989608
19569,30.25131442094981
19570,13.119338278936278
19571,2.511491377916375
19572,12.313760827617845
19573,5.649762932221074
19574,5.960510326755224
19575,4.907690221116488
19576,18.189902923993337
19577,8.007110689390679
19578,3.823720393694699
19579,0.8227316516765545
19580,3.4899832433116877
19581,1.5728360055290573
19582,1.8224198904768483
19583,1.415527130114407
19584,15.207477769334291
19585,7.114087246321763
19586,2.917982319255752
19587,1.573730193875816
19588,1.5531891759674608
19589,1.325066113301428
19590,1.219040541406707
19591,1.253867604983377
19592,18.107182776597682
19593,8.423802271798765
19594,3.7963223285555165
19595,1.949305222456505
19596,2.1896420443555864
19597,1.7035648786257558
19598,1.5876558008931134
19599,1.506756975479589
19600,17.244105833485303
19601,7.559232620168528
19602,3.4747007122754816
19603,1.8518184402200821
19604,1.9786255141348397
19605,1.5465732225241853
19606,1.4438252161697744
19607,1.3900449582246936
19608,16.439684339428542
19609,7.438045668853786
19610,3.1912400651928614
19611,1.640163565849247
19612,1.9642999316525407
19613,1.4169977430228107
19614,1.4033751646785948
19615,1.3478450789363952
19616,14.226733417641011
19617,6.597302300899344
19618,2.7705886460150273
19619,1.5157009501615992
19620,1.6484692201429265
19621,1.2091309892063349
19622,1.1753040421843646
19623,1.1700379644690129
19624,16.390151062880875
19625,6.794933516601969
19626,2.9746959645652535
19627,1.653750423250919
19628,1.836236909162382
19629,1.3109518333558674
19630,1.3095727094065626
19631,1.264936950544683
19632,15.703386367498116
19633,7.0836509073464375
19634,3.0877269979467017
19635,1.6576995261087806
19636,1.7632720387309702
19637,1.3626668276442624
19638,1.2756012891074344
19639,1.3017402284529391
19640,21.852124145826163
19641,9.795840152860531
19642,4.0489157974655425
19643,2.351706289317919
19644,2.623806905321132
19645,2.017284230025599
19646,1.846966592613632
19647,1.8358956815431735
19648,25.064374899252954
19649,11.566070323030534
19650,5.026550205624903
19651,2.509283266594599
19652,2.994316423212085
19653,2.244957580561246
19654,2.1456685877957717
19655,2.069424779271717
19656,13.44003677671687
19657,6.50052817050751
19658,2.460786310908178
19659,1.3648754050823662
19660,1.60252419006338
19661,1.1749344632319942
19662,1.1038717279251273
19663,1.1199794054740013
19664,18.378839389289556
19665,8.738349833141887
19666,3.733084585071658
19667,1.951472576095041
19668,2.1823139212320033
19669,1.672350414493266
19670,1.5644727902320161
19671,1.5564076757617864
19672,10.087559567684586
19673,4.391307916885817
19674,2.0398977456244607
19675,1.186099176188001
19676,1.152749131805914
19677,0.9883685148423382
19678,0.9037966464977212
19679,0.9352501211252899
19680,13.471074621904945
19681,6.352411585272226
19682,2.7726884497840927
19683,1.5306002395803218
19684,1.667557722150402
19685,1.204141833312834
19686,1.147496003376104
19687,1.2009406792997426
19688,14.8410191255808
19689,7.034098169952868
19690,2.951836043572936
19691,1.6357136815923967
19692,1.6149251965918259
19693,1.2905865706054818
19694,1.2314411739084614
19695,1.2887187093232944
19696,17.92869173391962
19697,7.862771980467888
19698,3.6719459881087824
19699,1.8359273313950928
19700,2.16089903467535
19701,1.523627201391677
19702,1.4373010855477184
19703,1.4312083277869452
19704,23.258605214284234
19705,10.784753722753933
19706,4.896186560058974
19707,2.488715673353961
19708,2.917715229729011
19709,2.233465395133562
19710,2.047804098815914
19711,2.0393048224429027
19712,13.089832263488292
19713,6.309036980398829
19714,2.740268908958218
19715,1.4794685277899597
19716,1.5893014437557484
19717,1.2115995117666918
19718,1.1458763765943767
19719,1.2146415678384275
19720,36.69624214391135
19721,17.754380488373116
19722,7.6108761376454375
19723,3.8668942371366697
19724,4.547177972157305
19725,3.260308950808911
19726,3.1095257529908045
19727,3.064200951508759
19728,17.119640257011362
19729,8.104297977539975
19730,3.3910130665798
19731,1.8130938928706974
19732,2.0129698655679125
19733,1.5715665978144262
19734,1.4122853355256004
19735,1.4889358794014314
19736,21.765788474186262
19737,10.16454377072696
19738,4.288548547280592
19739,2.220503678641563
19740,2.6955844030941387
19741,1.9930916164980377
19742,1.895352177200291
19743,1.8123234752782331
19744,32.60009136239253
19745,15.589821133724943
19746,6.119327502035933
19747,3.2866677346086557
19748,3.811188005808366
19749,3.0158272861180015
19750,2.794567831863009
19751,2.6950834106461707
19752,27.330718621802994
19753,13.054762351818093
19754,5.306169678096025
19755,3.0935767949233544
19756,3.048850446657911
19757,2.3410748032757374
19758,2.2010047529905843
19759,2.331459344929763
19760,18.240809743293898
19761,8.442070745168825
19762,3.6308663569757385
19763,1.985524110196086
19764,2.046794053405183
19765,1.561031874572766
19766,1.4582812685455429
19767,1.4375437877343649
19768,13.15733147496404
19769,6.004468543032703
19770,2.426134730096198
19771,1.4352434252818116
19772,1.449063694298764
19773,1.1832035651852317
19774,1.081891743741073
19775,1.098898894600096
19776,23.594779943328472
19777,10.604290406473183
19778,4.845011041076532
19779,2.3634400295921583
19780,2.870686209630991
19781,2.202323933435389
19782,2.1041754671173143
19783,1.9905937909554365
19784,19.10109892990911
19785,8.867982429006622
19786,3.73040411355767
19787,1.9435312341818138
19788,2.1888744102012723
19789,1.7636398981853805
19790,1.616371171753061
19791,1.6050401479159497
19792,13.229258015995965
19793,6.2468419449667385
19794,2.7153807351203727
19795,1.491494512607652
19796,1.4766539572899602
19797,1.1968888252479464
19798,1.1048654361498786
19799,1.1522995749873417
19800,18.648633042489223
19801,8.829441232262852
19802,3.626619320359703
19803,2.0166940056354727
19804,2.0302715920523693
19805,1.5688880256204158
19806,1.541394531905199
19807,1.5126934038679118
19808,12.121661481955309
19809,5.375772841406471
19810,2.2956018914611533
19811,1.3703239714215032
19812,1.2907137516296734
19813,1.1087109469199306
19814,1.0064375026322645
19815,1.0492255407248188
19816,12.971169832563708
19817,6.116491365060357
19818,2.6482326169766517
19819,1.4200044604528297
19820,1.5806248094630724
19821,1.1932899202773162
19822,1.1493562013225036
19823,1.133684161109429
19824,25.622690381168233
19825,11.789166205932657
19826,4.915304718173247
19827,2.793123837138975
19828,3.0435525743977903
19829,2.230863957019313
19830,2.1903464115989824
19831,2.278571707970142
19832,13.613379514498911
19833,6.404158347677894
19834,2.766275421460677
19835,1.5338474723816813
19836,1.6123992841049204
19837,1.2006546976272872
19838,1.181382763087967
19839,1.1757629734812745
19840,29.470771024405042
19841,13.810746546064566
19842,6.075516134523107
19843,2.8096744872787474
19844,3.2498818853058498
19845,2.552121813972106
19846,2.6577106071006456
19847,2.5399920829590896
19848,19.84753259119326
19849,8.795041107386924
19850,3.9893796293357764
19851,2.1684199255387373
19852,2.085736229183251
19853,1.8257453500308913
19854,1.634370570519944
19855,1.6253209825620607
19856,14.74909527593885
19857,6.801851840293897
19858,2.974095190530428
19859,1.5437299073165343
19860,1.627317636420316
19861,1.2548152884472892
19862,1.182159703855802
19863,1.2325925512226288
19864,38.38831682928937
19865,17.693683115278063
19866,8.042384995967103
19867,3.678724708938021
19868,5.034791644498091
19869,3.6910182391288373
19870,3.419717304078515
19871,3.2650771905810383
19872,17.50651446453724
19873,7.875303843016733
19874,3.5007615612267515
19875,1.8213854132593448
19876,2.0013840699998173
19877,1.5273686906393698
19878,1.4114971366329685
19879,1.3755716485116445
19880,20.421743200703506
19881,9.366939612940769
19882,3.670009688212606
19883,2.2983061301290415
19884,2.4497115373823197
19885,1.882013022165146
19886,1.7427925503742747
19887,1.6610917997588919
19888,24.75402016353373
19889,10.970340277467328
19890,5.091235859957946
19891,2.4999847565324815
19892,2.9014470357773043
19893,2.321010945785343
19894,2.182469643070623
19895,2.106361327729738
19896,18.41856525795841
19897,8.359703378129712
19898,3.4702466023974647
19899,1.972951826127189
19900,2.035873746131459
19901,1.589767908720237
19902,1.5066946831970172
19903,1.5207694111426633
19904,19.520255853506114
19905,9.469150337354728
19906,4.1241242954962845
19907,2.052618968189696
19908,2.395527923286893
19909,1.7036926162292443
19910,1.697209027052464
19911,1.6394647033068255
19912,13.230939760421796
19913,6.031380211171543
19914,2.593746361641056
19915,1.3765729333919356
19916,1.471729228857446
19917,1.1548037448387345
19918,1.1090766981846836
19919,1.1246692503516762
19920,31.036126812676923
19921,14.888019662668007
19922,6.542557759802266
19923,3.3479418119571074
19924,3.775045107565496
19925,2.8424482775417923
19926,2.6946386482055145
19927,2.6148641184570764
19928,11.69278385583983
19929,5.412151498280988
19930,2.2983339537203413
19931,1.410193289049208
19932,1.3450833579479784
19933,1.0850996877870116
19934,1.0069546326097656
19935,1.023992651461173
19936,13.674368952684807
19937,6.149077574717629
19938,2.8103313037573208
19939,1.4819198438931374
19940,1.5385871838156997
19941,1.1766976176469914
19942,1.1417680371807883
19943,1.1630294326245858
19944,20.20155777469645
19945,9.099967521585391
19946,3.9222439691305433
19947,2.192581661454111
19948,2.371544837724759
19949,1.8161407617724739
19950,1.6990743488295315
19951,1.6874903962378618
19952,22.26838510200297
19953,10.012216441519055
19954,4.415269893965145
19955,2.3294353233856455
19956,2.4786906921392835
19957,2.0799796018367
19958,1.9522827678576737
19959,1.972221844490431
19960,16.088833483271646
19961,7.11900817161142
19962,2.883486883280624
19963,1.6604573080250955
19964,1.905119624765663
19965,1.3569168110091347
19966,1.2964906261398133
19967,1.3167390049186323
19968,16.51450148200161
19969,7.654209392828688
19970,3.418863469064652
19971,1.8398611808503917
19972,1.8756014739581957
19973,1.4545104400619644
19974,1.334430176812911
19975,1.3553805883681278
19976,49.25371709319695
19977,24.98089951252121
19978,10.543961080876777
19979,4.886743533969477
19980,6.48121323828159
19981,4.5491661658737526
19982,4.299908282098321
19983,4.246346949212717
19984,13.737226139792293
19985,6.2934025287127815
19986,2.729305468314695
19987,1.494661014706243
19988,1.4534740689923533
19989,1.1758788219044976
19990,1.1657059205319382
19991,1.1558559919869833
19992,14.677723330046119
19993,6.773424375863844
19994,2.8432996827375696
19995,1.618584909451021
19996,1.313545182281038
19997,1.3301348054753408
19998,1.1834738553888708
19999,1.2596575239433947
20000,16.705105535498745
20001,7.917386815710105
20002,3.4705173712257533
20003,1.9826322200326485
20004,1.6497344207368974
20005,1.5473004800254644
20006,1.3874325999728072
20007,1.4176339503471094
20008,15.53005425138979
20009,7.074752236221147
20010,3.226827027648294
20011,1.9551734702453638
20012,1.4988490760269875
20013,1.4015971376870469
20014,1.2904232736546803
20015,1.3002904215973223
20016,14.892482398169722
20017,6.852727851585653
20018,2.9189790209989965
20019,1.7706427568994205
20020,1.4378251331874916
20021,1.322951200251162
20022,1.3041564298570927
20023,1.2749887520895784
20024,13.487296044498239
20025,6.1210358084310075
20026,2.575131116223608
20027,1.600298946014162
20028,1.2993882798399963
20029,1.1331602487906025
20030,1.078587345924525
20031,1.118430954156791
20032,14.516759653321316
20033,6.240711076024421
20034,2.6205696071424334
20035,1.7536099985315559
20036,1.213874238419205
20037,1.202882901075625
20038,1.133136556421995
20039,1.1950370584094112
20040,14.432747970011789
20041,6.500146211482568
20042,2.828010241572869
20043,1.7451228286834255
20044,1.3289399707744507
20045,1.2769561070361746
20046,1.1569278859773708
20047,1.2180572925185156
20048,19.693292790235677
20049,9.210819957133284
20050,3.7161531404765142
20051,2.5797731449319214
20052,1.84954121147028
20053,1.8286788365063382
20054,1.6144914946974076
20055,1.6675713462096
20056,22.237107106901007
20057,10.85966711927288
20058,4.404803913019567
20059,2.6814207990790715
20060,2.2706514340566804
20061,2.0478941849706285
20062,1.8816870912643828
20063,1.8942495652648288
20064,12.073168690905353
20065,5.772977114277771
20066,2.2298688561815343
20067,1.4846419009230796
20068,1.1847226280238794
20069,1.1086455143748257
20070,1.0058247992424563
20071,1.0726041687601187
20072,17.143763912864106
20073,8.269519573463109
20074,3.3825425545083054
20075,2.0280114962690576
20076,1.6412258223645566
20077,1.5687312322310434
20078,1.4201282482492503
20079,1.473758882329854
20080,9.901119284981123
20081,4.24038987655835
20082,2.000719252613259
20083,1.1767621269009314
20084,1.141272867679291
20085,1.0431555275520799
20086,0.9241633400071778
20087,0.9990510653547178
20088,12.77503134263919
20089,5.921918118701367
20090,2.578784629868032
20091,1.51843499438838
20092,1.3689576745655825
20093,1.1691210907419205
20094,1.0706650846451284
20095,1.1739620485108548
20096,14.032600414811878
20097,6.616868789271705
20098,2.754916678277207
20099,1.687464842140026
20100,1.245880453996547
20101,1.2217355459810166
20102,1.1517937396877287
20103,1.2311458684574756
20104,16.632457791029122
20105,7.369668812379917
20106,3.32298660379648
20107,1.9135732581542542
20108,1.6339720775011206
20109,1.3782927664182425
20110,1.2987894730027507
20111,1.3557198524014638
20112,20.39184956093024
20113,9.944106782068504
20114,4.349192598423687
20115,2.7968874844314504
20116,2.1324799810416026
20117,2.0539983116639884
20118,1.7559123916336266
20119,1.8335502912545927
20120,12.399293964659053
20121,5.873579420582483
20122,2.540478235387433
20123,1.5273448098640372
20124,1.2935897678261856
20125,1.1724915639076339
20126,1.0644907725852182
20127,1.1816353635048307
20128,33.16701608833945
20129,15.355517830193017
20130,6.828793570118167
20131,3.7359166898408476
20132,3.129902680882976
20133,2.9641657871422122
20134,2.5796756750583687
20135,2.822981654720175
20136,15.821231181915472
20137,7.501110150857584
20138,3.015495451895339
20139,1.9046221018077096
20140,1.5565575439417818
20141,1.4021668541503423
20142,1.22987710336887
20143,1.3270404208160338
20144,19.47059179375361
20145,9.385263981016353
20146,3.83907342975094
20147,2.5649836481042505
20148,1.7602752925770917
20149,1.8122922004945352
20150,1.616421840126963
20151,1.6572418866120917
20152,30.164293301224703
20153,14.01721961083137
20154,5.3896319118152265
20155,3.1948759006698655
20156,2.687939732943472
20157,2.691736334272134
20158,2.3572575767083155
20159,2.4227451411091994
20160,25.117112318586546
20161,11.755572720087494
20162,4.828061655669982
20163,3.180757629413588
20164,2.0447342556202135
20165,2.2110789245858298
20166,1.9914062676810669
20167,2.20419219151468
20168,16.970768946315157
20169,8.226340638565098
20170,3.4318433993165325
20171,1.998317358451059
20172,1.5322092779220826
20173,1.498417113151562
20174,1.3332887590207465
20175,1.3784128513648564
20176,12.718598996066499
20177,5.743210555882037
20178,2.3559688369457246
20179,1.4474719810793581
20180,1.190880720325589
20181,1.1489183637191531
20182,1.0366121110460056
20183,1.0722149578888656
20184,21.435406675251333
20185,9.988144299486722
20186,4.523828039386504
20187,2.6881977751256065
20188,2.129127508683036
20189,1.995483640216665
20190,1.867664358090671
20191,1.8153780705645066
20192,17.75693930585789
20193,8.5085723352374
20194,3.3974455856017287
20195,1.9494195997483479
20196,1.740768330595049
20197,1.6138248820769385
20198,1.4600938412905908
20199,1.485766497247221
20200,12.715026022850017
20201,5.976170665650354
20202,2.6024649584137576
20203,1.4904074997608676
20204,1.1819399091475902
20205,1.118383483397229
20206,1.0139773299380561
20207,1.0886184861536705
20208,17.075073095390778
20209,8.387322400340219
20210,3.3867166034093237
20211,2.0838436098267934
20212,1.5694102092495306
20213,1.4479740157904828
20214,1.3912903524233986
20215,1.4280738618421183
20216,11.824407317345853
20217,5.228832675388866
20218,2.2594177113010265
20219,1.3715622497582065
20220,1.148693995706343
20221,1.0848996384596679
20222,0.9512908884227368
20223,1.0170355673436697
20224,12.373641435781186
20225,5.694055073652806
20226,2.476717825053709
20227,1.468407942450363
20228,1.315233364971141
20229,1.1541941066741233
20230,1.068397907605671
20231,1.0949160889398126
20232,22.69462365380831
20233,10.788235309379793
20234,4.484767014091243
20235,3.015314635377889
20236,2.137682638410685
20237,2.02712825234827
20238,1.9222376093927946
20239,2.1133774047795826
20240,13.492152072258543
20241,6.095522021394708
20242,2.6664215422251876
20243,1.5463233779020473
20244,1.3137895309478516
20245,1.1798910697708764
20246,1.096106553874474
20247,1.1863426598679183
20248,27.671788999378446
20249,12.892861760243903
20250,5.57453544988023
20251,2.599545199642007
20252,2.681683449468077
20253,2.28999415605006
20254,2.3342386636675676
20255,2.3050321564251433
20256,18.857731397410657
20257,8.381831434807687
20258,3.7645383954979135
20259,2.279410352292287
20260,1.737605902116271
20261,1.7060181408106256
20262,1.5038009517263202
20263,1.54164352761741
20264,14.071476655228878
20265,6.4529104855792845
20266,2.75914487246851
20267,1.6246171035048442
20268,1.255603534148115
20269,1.1982380054340274
20270,1.0875043690969337
20271,1.187395656860519
20272,36.482418877753936
20273,15.094208090943898
20274,7.130847290432963
20275,4.056852815283305
20276,3.4073175604469825
20277,3.2360966138854983
20278,2.883129091795823
20279,2.9645218012177375
20280,15.26749908172246
20281,7.355885504969722
20282,3.170488210604086
20283,1.895539351985366
20284,1.5489151335011186
20285,1.3832886290796649
20286,1.247478664777727
20287,1.302044871407725
20288,19.821967647411217
20289,9.069167667627529
20290,3.3664743652036333
20291,2.5134152626111788
20292,1.9041291470385184
20293,1.7585707622269775
20294,1.5491470247925543
20295,1.5824545648150676
20296,22.367205482060285
20297,10.163001374316776
20298,4.5568601562366915
20299,2.82975911585983
20300,2.0256753679814956
20301,2.1226364561505533
20302,1.933579155989722
20303,1.938667516638709
20304,16.68557837330087
20305,7.769976873941072
20306,3.179631320826844
20307,1.9897652982040614
20308,1.562230797587008
20309,1.461711516825631
20310,1.3420592515145569
20311,1.4104650761908897
20312,18.08577021197515
20313,9.112656179207093
20314,3.8904447085168288
20315,2.111062016566762
20316,1.958432134847232
20317,1.6061688537211496
20318,1.5137450343862942
20319,1.5645921933233784
20320,12.74349361509971
20321,5.682511094088957
20322,2.4943852656105445
20323,1.3987505488230914
20324,1.3239334921666983
20325,1.1273154716046696
20326,1.0528127187777894
20327,1.0836600694269911
20328,27.365884691039824
20329,13.167723865745153
20330,5.72233755755884
20331,3.516689328807877
20332,2.525895531532758
20333,2.548339974641736
20334,2.2944659501442333
20335,2.3893704159118774
20336,11.208803478337972
20337,5.150314558844333
20338,2.1935855163119298
20339,1.4334397041822708
20340,1.149241258940051
20341,1.0431505997298454
20342,0.9369933143069402
20343,0.9848105326209001
20344,12.897488546109656
20345,5.733885687678763
20346,2.649204044454298
20347,1.5109414534581587
20348,1.2383128742423932
20349,1.1116262323677726
20350,1.068980226117178
20351,1.1157194099485448
20352,18.63180914884909
20353,8.675700367420333
20354,3.5829535736917073
20355,2.2184179409038567
20356,1.8303579575074933
20357,1.6898833593882305
20358,1.5061986531394196
20359,1.582141761305277
20360,20.544502235219344
20361,9.359603555275283
20362,4.127061829892653
20363,2.597888147159501
20364,1.9202183255619492
20365,1.9049976498229144
20366,1.7360153725181944
20367,1.8242469202486198
20368,14.467849065187472
20369,6.77128481093925
20370,2.6025914281718387
20371,1.9186254222759147
20372,1.2533940255656089
20373,1.2794519233297914
20374,1.118852779435816
20375,1.272822294014485
20376,15.613464972393059
20377,7.261799027519008
20378,3.2496536154172944
20379,1.895757162826981
20380,1.4415820147489582
20381,1.4099623995595305
20382,1.26777139525718
20383,1.3298556063623288
20384,43.14646072565385
20385,20.768857179080925
20386,9.727355150510151
20387,5.06020040093334
20388,4.674297330541485
20389,3.986539215143447
20390,3.6037605207028847
20391,3.805665084465237
20392,13.218624041741935
20393,6.044701479329769
20394,2.6127366511247843
20395,1.5166729300735662
20396,1.1900116424472515
20397,1.128360871764715
20398,1.081945191404451
20399,1.1340234310437263
20400,16.014425879004133
20401,7.684805286163322
20402,3.1517120522269835
20403,1.417454946598243
20404,2.0825344588989165
20405,1.466480063855635
20406,1.364192643390532
20407,1.3395283832861753
20408,17.814434707057067
20409,8.19844868078977
20410,3.651558089444685
20411,1.8211672987268133
20412,2.3072026753782704
20413,1.5587436726031096
20414,1.5376681557189649
20415,1.5014490605860584
20416,17.10027955158189
20417,7.377466217821418
20418,3.3340261307094945
20419,1.6130094109903836
20420,2.1144303955533665
20421,1.560757868106814
20422,1.4813017724974444
20423,1.4395044532295922
20424,15.480328359042867
20425,6.903697016476418
20426,3.0158894122923097
20427,1.535305917588356
20428,1.9243703136831138
20429,1.3785136271853606
20430,1.377085204931515
20431,1.3262947319656364
20432,14.170395699081784
20433,6.245627798728834
20434,2.7729352842469073
20435,1.4282265694634533
20436,1.8608289777869818
20437,1.2291215155257653
20438,1.2232045691161741
20439,1.1894770448316938
20440,15.890063984631066
20441,6.835293775034936
20442,2.876258969764983
20443,1.4414567117468604
20444,2.070312718204904
20445,1.369289719150154
20446,1.4036921651992076
20447,1.3410215812753812
20448,15.081506124208492
20449,7.120250425142
20450,2.9634030379517813
20451,1.533121292029938
20452,1.8175035759052296
20453,1.316774797054645
20454,1.2804116669454815
20455,1.240954625783133
20456,24.809153978011675
20457,10.319930774557863
20458,4.19587744439667
20459,2.123993786462035
20460,3.2424028258913
20461,2.044620986204485
20462,1.93992471156628
20463,1.8598550464786778
20464,24.628031633361353
20465,11.099519297006587
20466,4.4615057846937605
20467,2.337499682739357
20468,3.052233052950468
20469,2.092662825347752
20470,2.0400624621022696
20471,2.0056774128370054
20472,13.316601427227019
20473,5.927645670705619
20474,2.3272115330522034
20475,1.307202561671455
20476,1.7641043505540746
20477,1.1798539125666023
20478,1.135779529945403
20479,1.1361508826159898
20480,17.976134345512154
20481,8.484596675421038
20482,3.5608930233426017
20483,1.7532617199791753
20484,2.1597687298818307
20485,1.5935749403016946
20486,1.514221521049015
20487,1.5124856022486273
20488,10.812679213957319
20489,4.81402170084531
20490,2.1184284758595937
20491,1.0584216251962237
20492,1.5186587349008571
20493,1.0154379610833764
20494,0.9548244824980343
20495,1.0043617274813075
20496,13.448127757935287
20497,5.718268560105309
20498,2.6114402649525785
20499,1.4107818727091819
20500,1.7262521736795147
20501,1.197944723744812
20502,1.1603799225544187
20503,1.1467593416527169
20504,14.927110602533347
20505,7.074174443772352
20506,2.8875253103139866
20507,1.568781063688035
20508,1.8382384620138013
20509,1.3236073182987405
20510,1.2827001934645061
20511,1.3022075888161393
20512,16.640354789676948
20513,7.517169997184189
20514,3.304249510708395
20515,1.6819886542740015
20516,1.9967406380907895
20517,1.421377915517031
20518,1.397084180214981
20519,1.4075503514133894
20520,22.384532926212025
20521,10.760168061148056
20522,4.3953755130427545
20523,2.2369034871389775
20524,2.7768089016806328
20525,2.07268797155423
20526,1.9599201779233413
20527,1.8586043882686267
20528,12.980340718145559
20529,5.856684724477466
20530,2.5825087002694165
20531,1.3821915039872181
20532,1.6778637037867006
20533,1.1911648480070474
20534,1.1703025865211034
20535,1.1943766106734255
20536,41.10152011193193
20537,18.551526518880856
20538,7.20900141545327
20539,3.0361106357155623
20540,5.562686597363427
20541,3.3800900892336605
20542,3.386839643096647
20543,3.003723281203086
20544,17.43368666297245
20545,7.800224056716952
20546,3.1371243759151985
20547,1.6479097801322644
20548,2.0092450213386464
20549,1.4533863831211677
20550,1.404827639230071
20551,1.3775124801488854
20552,23.79779592630805
20553,10.435997381966313
20554,4.223473859740052
20555,1.9008711615524427
20556,3.0450002051412097
20557,1.9269275457282373
20558,1.974378555250051
20559,1.7705480460297556
20560,32.749407887757926
20561,15.89092638919902
20562,5.457299063616362
20563,3.085367605330564
20564,3.93674079173539
20565,2.704370512957132
20566,2.4813027665589247
20567,2.538231070353396
20568,30.314128854504524
20569,13.26158266264186
20570,5.192181327846563
20571,2.5903642235005604
20572,3.938696781379093
20573,2.477055146780946
20574,2.516198257960717
20575,2.2177273142482083
20576,18.71278987278589
20577,8.507919689097154
20578,3.5673138650131793
20579,1.7642438832672063
20580,2.28090338253632
20581,1.561501389702318
20582,1.47624841004757
20583,1.464319485778637
20584,12.831312532827404
20585,5.495324740979498
20586,2.3385774117628575
20587,1.3546424947311861
20588,1.6556201869914333
20589,1.1652415897733936
20590,1.0864446284188998
20591,1.1182380032051338
20592,23.658604802042987
20593,10.70711652044503
20594,4.543306298902689
20595,2.235776692178402
20596,2.801572540885173
20597,1.978658817080372
20598,1.9209317775065462
20599,1.8857721507563148
20600,19.05495597054185
20601,8.601416680307741
20602,3.520735915771888
20603,1.8527615215234479
20604,2.262373009462859
20605,1.6796025113163555
20606,1.545099239636884
20607,1.56430242215451
20608,13.845390063320078
20609,6.163533983950628
20610,2.558019813109062
20611,1.42405107556297
20612,1.752740903955373
20613,1.2075000652733643
20614,1.1525838947544966
20615,1.1738013960931455
20616,17.82282277232713
20617,8.51403695638458
20618,3.585104122299734
20619,1.7734389696031783
20620,2.251646507107715
20621,1.5529944168500807
20622,1.5687117265197275
20623,1.5793597751642425
20624,12.269728050464249
20625,5.349487658793084
20626,2.2790248414319705
20627,1.242996456160215
20628,1.6070446357420636
20629,1.1045234360968723
20630,1.0620842928847452
20631,1.0891646403538002
20632,12.776932200946504
20633,5.6931676758397725
20634,2.390275584528248
20635,1.2984095438669296
20636,1.563052471677531
20637,1.126861702575454
20638,1.0992382563018808
20639,1.0974608620012052
20640,28.434783539956577
20641,12.276431275475595
20642,4.887122237707681
20643,2.396263820156037
20644,3.918207024411498
20645,2.3627426733506685
20646,2.477375414856629
20647,2.2037524368281307
20648,13.760717613717066
20649,6.163326515400544
20650,2.729214306101208
20651,1.4574800455859438
20652,1.7748475291025736
20653,1.2245184576773074
20654,1.213657828661263
20655,1.1844084037776388
20656,29.270471832202965
20657,12.65001754893564
20658,5.690707561441947
20659,2.8805184165939712
20660,3.371523487119303
20661,2.2838917705934967
20662,2.251767001497134
20663,2.3002214990966494
20664,19.828437856453416
20665,8.886756577938012
20666,4.046538347053737
20667,1.822617581246734
20668,2.609251850223021
20669,1.7712569629250878
20670,1.715027162394245
20671,1.5551566394121277
20672,14.607509437730997
20673,6.6436783179791155
20674,2.8618443970961045
20675,1.4575957973141203
20676,1.7799960955952439
20677,1.254101157028203
20678,1.1984796997591338
20679,1.1905046233508294
20680,41.9609520144132
20681,19.743635386510178
20682,7.494103410541689
20683,3.2495226220202795
20684,5.688790591313457
20685,3.7444286241073446
20686,3.480810256505552
20687,3.3155018439407895
20688,16.295269657764052
20689,7.743887515563763
20690,3.3489945801856047
20691,1.549815176254353
20692,2.104426315127353
20693,1.493716839752399
20694,1.3951392660551634
20695,1.3732679337891267
20696,21.674639903552
20697,9.579054799705942
20698,3.994371911645895
20699,2.103199666713446
20700,2.718608405750738
20701,1.8737238125146998
20702,1.8168849736393113
20703,1.6743617224598015
20704,26.21542774288282
20705,12.108067219723887
20706,5.060280848291946
20707,2.300992947771264
20708,3.4980761705548735
20709,2.218343806829614
20710,2.2602186482019784
20711,2.017582477591506
20712,18.485732358688285
20713,8.156781766197522
20714,3.3350828102744794
20715,1.7738362560928722
20716,2.2208668449730466
20717,1.5628175987885486
20718,1.5717443725153084
20719,1.5009943637414371
20720,20.263371522012232
20721,8.962153414628188
20722,3.7469931095942224
20723,1.9564860755335507
20724,2.43560546281009
20725,1.610843095489011
20726,1.6074005811138643
20727,1.6028483741827384
20728,13.204440350197814
20729,5.94275637876757
20730,2.4951558048908415
20731,1.286107984872588
20732,1.6224131344027977
20733,1.134079642924945
20734,1.1245570985569509
20735,1.104573944092946
20736,32.33486960594757
20737,15.06932704167814
20738,6.100882474780038
20739,2.9140804365197632
20740,4.33385696300217
20741,2.8299016887058572
20742,2.669495545434577
20743,2.585916399226351
20744,11.776968616831404
20745,5.120355999781441
20746,2.206929338037509
20747,1.2596595810210618
20748,1.4787397381846694
20749,1.072361512516166
20750,1.0208062080183407
20751,1.059070365523532
20752,13.626493710840283
20753,5.921324737908801
20754,2.579872522335793
20755,1.417479904192099
20756,1.7573377911523407
20757,1.2065036156254751
20758,1.169981738953284
20759,1.1643703954810165
20760,20.435880302764996
20761,9.173400711161628
20762,3.6141521306339084
20763,1.96093215669594
20764,2.5783380377098597
20765,1.7502637263196563
20766,1.6646083571465022
20767,1.6201746805193002
20768,21.783766734012243
20769,10.119916066749916
20770,4.128622314470237
20771,2.1662405232166133
20772,2.687744422959664
20773,1.9802827869791932
20774,2.0192095601429014
20775,1.9407156125835496
20776,15.536631630648678
20777,6.919617072392469
20778,2.943663116428308
20779,1.5016228430738063
20780,2.1032629120114135
20781,1.4263420415943548
20782,1.391970598820642
20783,1.3658942941449048
20784,16.298851349858644
20785,7.634895959290068
20786,3.201976849100307
20787,1.6939779022291706
20788,2.008020802664527
20789,1.4723862748446612
20790,1.3720504529021313
20791,1.3796881903127625
20792,54.68503084872247
20793,26.46122806662461
20794,10.304184277466666
20795,4.150245174121545
20796,7.726369012900813
20797,4.662188954713689
20798,4.74073782830053
20799,4.297341965432716
20800,14.059816159532673
20801,6.129048308904659
20802,2.6792822565933614
20803,1.4498487231092918
20804,1.756231561549804
20805,1.2440349631771808
20806,1.2526091231849545
20807,1.1956939871966181
20808,18.312073271614196
20809,8.886008118051423
20810,3.72455470941504
20811,1.38052239642954
20812,2.578623201070635
20813,1.633680049514006
20814,1.6456173886107455
20815,1.4378121773361097
20816,23.166263813750984
20817,10.782383839224057
20818,4.90346154484662
20819,1.6934860433798817
20820,3.734884146496288
20821,2.0565870018093837
20822,2.1454374980872415
20823,1.8226226715064318
20824,21.466184808658486
20825,9.853489238095179
20826,4.495756384880761
20827,1.5860623659871607
20828,3.273499152503381
20829,1.986448592851144
20830,1.9832469623386713
20831,1.6824025888695253
20832,20.092906827838572
20833,9.412900286924794
20834,4.122783769623404
20835,1.4739125500296788
20836,2.9801246249209092
20837,1.70073215960404
20838,1.8661547119942783
20839,1.5545824778796067
20840,17.32846307975893
20841,8.049781655801551
20842,3.6025119854306866
20843,1.3466909785972636
20844,2.6337695589080603
20845,1.439482758142502
20846,1.5592732263047968
20847,1.2969904481822623
20848,19.347960088582997
20849,8.72534515699137
20850,3.687258502692708
20851,1.3945748314070976
20852,2.891055111981018
20853,1.557192461940238
20854,1.7785745972103126
20855,1.4547099364702607
20856,20.025477170606145
20857,9.718721563015768
20858,4.197666349791791
20859,1.4588734098459588
20860,3.0434434227652827
20861,1.7503882399988595
20862,1.8268628150756159
20863,1.5637047345246982
20864,25.73455952588967
20865,11.708539402325432
20866,4.968542093455476
20867,2.13932789121378
20868,3.893560742311216
20869,2.252020097877799
20870,2.183099692721229
20871,1.9894469815042466
20872,32.3975304861143
20873,14.361226508440845
20874,6.572177057062641
20875,2.370777772994153
20876,4.969382322898872
20877,2.87813105893859
20878,2.9306674482408774
20879,2.7157586797769317
20880,16.191531786420775
20881,7.930838285268137
20882,3.170917384047445
20883,1.2507390059978223
20884,2.6750030277524495
20885,1.44250890649569
20886,1.5039174871416077
20887,1.2835381275991542
20888,23.385113066990993
20889,11.435167909070158
20890,4.903006129725556
20891,1.7484180708765478
20892,3.62825248443506
20893,2.1633341957153585
20894,2.223360551357474
20895,1.9584137907377286
20896,13.372107216579405
20897,5.850797597110921
20898,2.6647430670487537
20899,1.1206218045830574
20900,1.971199011423891
20901,1.2802872700875172
20902,1.289443494602992
20903,1.1353919544717517
20904,16.74753367237917
20905,7.532803291993249
20906,3.4260753058856452
20907,1.3367367841461602
20908,2.4477114327046112
20909,1.4929290870283314
20910,1.5441354939716765
20911,1.3833056149103578
20912,18.278586511387413
20913,9.026411563919627
20914,3.823868302582888
20915,1.4890376795758713
20916,2.6600348368651012
20917,1.6698351902002442
20918,1.7193970050448815
20919,1.512950163920804
20920,21.756926955367756
20921,10.258676482961027
20922,4.628379308411793
20923,1.6448163508430702
20924,3.348894800946864
20925,1.9307409464948835
20926,2.045615757060603
20927,1.789238245090665
20928,30.044090930758053
20929,14.026569521535919
20930,6.407079488063063
20931,2.428716740165601
20932,4.6192471475459245
20933,2.7619414084709764
20934,2.7621972750177486
20935,2.489766337180979
20936,17.048247190328844
20937,7.945102717867914
20938,3.576333225100709
20939,1.318425999212286
20940,2.536751626472239
20941,1.5036460927374866
20942,1.6011711621226805
20943,1.4589769270873263
20944,43.55834091328525
20945,20.31287179825899
20946,8.231100960632372
20947,3.214941764429442
20948,6.182750150397319
20949,3.803409939794716
20950,3.7226364718248237
20951,3.3549398691924535
20952,21.714714520528098
20953,10.336507447870058
20954,4.2006217146962745
20955,1.550681366304301
20956,3.268315783036201
20957,1.8377319455666132
20958,1.8564345184136195
20959,1.6896931179592631
20960,29.40509389418029
20961,13.253594015905279
20962,5.510353058698469
20963,2.078231481330529
20964,4.2412156519266695
20965,2.435470696047317
20966,2.543883016511594
20967,2.2422144767763346
20968,41.029259998041375
20969,19.534455085602367
20970,7.949414712099471
20971,2.934743325129319
20972,6.05535520925756
20973,3.729798742526008
20974,3.559108365801992
20975,3.4073065836982286
20976,34.73509414587785
20977,15.499692289095925
20978,6.60025849026411
20979,2.6862718073964773
20980,4.6801863722557835
20981,2.8916388296029876
20982,2.9366480328439057
20983,2.6943167607826313
20984,23.370918188348675
20985,11.024392323687252
20986,4.873342668939473
20987,1.7142850994531684
20988,3.6101386205609085
20989,2.0144158504553964
20990,2.1127544681481663
20991,1.7861620526040365
20992,16.7742013434684
20993,7.614060302660503
20994,3.2795314940351625
20995,1.3052139137126564
20996,2.57221976797589
20997,1.4965550270639614
20998,1.5806395623978062
20999,1.3018065969736206
21000,31.009555040855645
21001,13.746253041509725
21002,6.272409967072785
21003,2.446948872854905
21004,4.572484544998763
21005,2.649031168443797
21006,2.6604106259422657
21007,2.526787985250979
21008,23.449630406355578
21009,11.045236653798586
21010,4.734714283640287
21011,1.6676035149253319
21012,3.414496124851222
21013,2.0678823733698937
21014,2.083443572639936
21015,1.9029079768628518
21016,17.19283604488403
21017,8.094290710634896
21018,3.394885493862964
21019,1.3196507168778384
21020,2.63408034904522
21021,1.4844889793745497
21022,1.5573827610664206
21023,1.3818251206566947
21024,23.12290931691586
21025,11.415546133384684
21026,4.987915609290103
21027,1.7733536027976617
21028,3.563469910569178
21029,2.0544440547770715
21030,2.2118050750693383
21031,1.9872904413479844
21032,15.252975246660364
21033,6.703614861788354
21034,3.0252693349051043
21035,1.2242668267676218
21036,2.334294022822819
21037,1.393110843799081
21038,1.4121252326268026
21039,1.2945795233029245
21040,15.585682170730262
21041,7.111575285436916
21042,3.01293528404844
21043,1.2131797660973962
21044,2.108771804078261
21045,1.365982101849379
21046,1.40549441481604
21047,1.249825713881711
21048,34.9806123579807
21049,15.600254690782565
21050,6.645189686909043
21051,2.6632068999460823
21052,5.246827630184454
21053,2.8162390649706595
21054,3.0323470318343153
21055,2.764511280315506
21056,17.678268806126777
21057,8.383604402579087
21058,3.7485521750083346
21059,1.378781520319176
21060,2.73902173399854
21061,1.5493987739602442
21062,1.6740308227712646
21063,1.4202470399266771
21064,35.31267147346533
21065,15.60447364154065
21066,7.695143206694663
21067,2.468593247451811
21068,5.453274356921152
21069,2.973966804182484
21070,3.0667326796336085
21071,2.899087885556182
21072,26.206288401558417
21073,12.169120103949401
21074,5.664779273191105
21075,1.8051521172307607
21076,4.132079104949266
21077,2.324381082440057
21078,2.3955763433891053
21079,1.9624158667641818
21080,18.857444536888547
21081,8.847250779839927
21082,3.908311842544976
21083,1.381880913293894
21084,2.8368763143487485
21085,1.6168087766212675
21086,1.6584659780635658
21087,1.4301397402614437
21088,47.21477199969941
21089,22.423883057731164
21090,9.331733478955357
21091,3.5284274248623513
21092,7.190124436433142
21093,4.40583132194169
21094,4.134828658384938
21095,3.9300387852112144
21096,21.211971779328483
21097,10.480307606713927
21098,4.680213933980101
21099,1.5807538602058908
21100,3.4032885929869883
21101,2.0119607937843447
21102,1.9581212195758573
21103,1.6938751988293062
21104,26.88691444593699
21105,12.059162674716113
21106,5.420146203200507
21107,2.084894575651067
21108,4.110585448067483
21109,2.391246214555397
21110,2.3770812281616522
21111,2.0207688584992307
21112,32.12508864087223
21113,14.642789619142967
21114,6.908456875373438
21115,2.316829087908732
21116,4.770647366744911
21117,2.77288707238275
21118,2.863178646840589
21119,2.5271082885033396
21120,23.88895549105053
21121,10.929671916747044
21122,4.694830687945166
21123,1.7428976095852104
21124,3.6481253006900167
21125,2.1151596356290248
21126,2.242285031945199
21127,1.9375287422423668
21128,25.809267528051798
21129,11.782959717031636
21130,5.198139576750482
21131,1.8632265813825928
21132,3.904540015643531
21133,2.163323823883036
21134,2.291108634573904
21135,2.0876839682884443
21136,15.529472027846566
21137,6.934712048407411
21138,3.0040436801286523
21139,1.2520329293292947
21140,2.0917316457105186
21141,1.3246106486181075
21142,1.3987510116517539
21143,1.2430586034105309
21144,39.488041349674475
21145,18.21751652430185
21146,8.183306703376646
21147,3.252025714616656
21148,6.0399257438240905
21149,3.4237949161661896
21150,3.251093701623902
21151,3.1661236962243815
21152,15.577551621643224
21153,7.103513375173393
21154,3.1071287530535336
21155,1.2558650645523919
21156,2.357544075677392
21157,1.3831044725039192
21158,1.4016659374465121
21159,1.2737647513666315
21160,16.3343453584313
21161,7.514145687298425
21162,3.292627180420628
21163,1.2957329650051905
21164,2.3159255708670665
21165,1.4589624651717783
21166,1.5010382454338422
21167,1.3478926268916052
21168,26.277719895939125
21169,12.022761922128577
21170,5.06187751355759
21171,1.8983037212209766
21172,4.140799341245538
21173,2.3442223944246225
21174,2.304868520592359
21175,2.09578692362622
21176,28.337746602660932
21177,13.056716815429153
21178,5.712996971010075
21179,2.1606818224340754
21180,4.376179439458881
21181,2.591879039943959
21182,2.734699806064511
21183,2.4940682644743455
21184,18.834592130577978
21185,8.891187676170043
21186,3.772070765027108
21187,1.501348292159938
21188,2.8603146163209776
21189,1.63539856609768
21190,1.73905057100826
21191,1.4734026793911892
21192,21.932432143122558
21193,10.463330798236013
21194,4.587931725805613
21195,1.6471643185898055
21196,3.4274194129235713
21197,2.0290010492167276
21198,2.0000139764619678
21199,1.8059940569272275
21200,58.37566104784737
21201,31.021117875929576
21202,13.348710385961684
21203,4.5585636458837495
21204,9.534833418572271
21205,5.585525725711301
21206,5.6974808156806604
21207,5.0612732608993
21208,17.174166945349228
21209,7.746882890382904
21210,3.453993487946145
21211,1.303973078243408
21212,2.5880822672852233
21213,1.508594540804108
21214,1.6570272216557451
21215,1.3949951067789361
21216,18.020815744439464
21217,8.593386910898992
21218,3.6224942977729535
21219,1.4688765697646755
21220,2.4972137160377104
21221,1.58693660109309
21222,1.5743257120449976
21223,1.4002749280266786
21224,22.78195791822556
21225,10.419250148745112
21226,4.757677108681925
21227,1.8665175783314052
21228,3.482482951275271
21229,1.9944238024274492
21230,2.0401115001996
21231,1.77721832039806
21232,20.65532049732223
21233,9.114807793320821
21234,4.329185227532098
21235,1.7617002927256302
21236,3.02778687565539
21237,1.92615193655226
21238,1.9259109565839765
21239,1.6351852596969874
21240,18.96066216575922
21241,8.563123782483421
21242,3.833614011547245
21243,1.606069627029584
21244,2.7357016160975087
21245,1.6186102390513262
21246,1.7509612160315826
21247,1.4413243894212449
21248,16.87927906907117
21249,7.6710223638474035
21250,3.4270665883037363
21251,1.4466402949291848
21252,2.3626192503315537
21253,1.4515558284001875
21254,1.4816986551823095
21255,1.3626283559617698
21256,18.81141650522778
21257,8.290480974921703
21258,3.5343894819051704
21259,1.5585919758374644
21260,2.6293522581233133
21261,1.5331402313916669
21262,1.6964078797585762
21263,1.4447382557044648
21264,18.525573399379418
21265,8.604293015120533
21266,3.7523618768635547
21267,1.5766252351775092
21268,2.5586140559888455
21269,1.6089757579419466
21270,1.651067893444174
21271,1.451720711854401
21272,24.906719231202963
21273,11.663557003393386
21274,4.729684998567427
21275,2.254834596387861
21276,3.58580181424491
21277,2.1900163492567226
21278,2.1247286975710518
21279,1.952217286851457
21280,30.87559838820897
21281,13.448238322442341
21282,5.857550632197508
21283,2.422915938291863
21284,4.382108784805313
21285,2.5792774288683775
21286,2.561095645042223
21287,2.494568325966535
21288,15.870239106120843
21289,7.471173828088413
21290,2.9418835304880835
21291,1.3434793277626251
21292,2.318601792916703
21293,1.3577970415459628
21294,1.3983383774147828
21295,1.2674925991504769
21296,22.48580174763443
21297,10.60627537276012
21298,4.573565416436196
21299,1.8466880475543659
21300,3.297925104681272
21301,2.0118791808332666
21302,2.0293660673243075
21303,1.8111911434412347
21304,14.037258195475873
21305,6.2126530232209225
21306,2.707179862633879
21307,1.15736011182276
21308,2.0624846178037037
21309,1.234144667693394
21310,1.2405592419092422
21311,1.1643540535257741
21312,16.535117637112474
21313,7.354580611756045
21314,3.4045370235128662
21315,1.4413138031080788
21316,2.430377058702743
21317,1.4747130987582988
21318,1.4930563011948281
21319,1.36789919707313
21320,17.77825343191029
21321,8.628871445675975
21322,3.625711307976147
21323,1.576817400502346
21324,2.3911767327890283
21325,1.5795000786343836
21326,1.5550888229935587
21327,1.501598129084672
21328,20.86703026216987
21329,9.315145055994796
21330,4.251260242717653
21331,1.7806379399883945
21332,2.8851795783385152
21333,1.7789810340546646
21334,1.8737597587457273
21335,1.6558071952558602
21336,27.371423595158742
21337,13.097786988343689
21338,5.7184102937194154
21339,2.478063820916378
21340,3.9574113095486263
21341,2.5942637647554565
21342,2.4726002818859585
21343,2.3289391079068196
21344,16.597107214207643
21345,7.694956738022198
21346,3.4362468912648905
21347,1.4217891119913149
21348,2.400033406971816
21349,1.4425464064605114
21350,1.5093819435111628
21351,1.4232560818533047
21352,43.14806490900986
21353,20.119872467723063
21354,8.110640865843816
21355,3.4975178757358525
21356,5.9257734970135445
21357,3.788325723322448
21358,3.733412283986916
21359,3.3415717163888106
21360,20.99853494907379
21361,9.631791643803796
21362,3.979265786884342
21363,1.6861975006393948
21364,2.964708380713648
21365,1.776159446072605
21366,1.7895133275565251
21367,1.604169593258755
21368,26.271647670480153
21369,12.009008700979692
21370,4.876358313474365
21371,2.102908768993216
21372,3.5337556628649742
21373,2.2023097626943557
21374,2.257972807936726
21375,2.0651301151823667
21376,36.74488104836034
21377,17.783103787919337
21378,7.067608381099744
21379,3.169778535447634
21380,5.085403536882368
21381,3.362095154918044
21382,3.132585323760164
21383,3.0266266683063643
21384,33.61867611247655
21385,14.630615165669013
21386,6.054807019993579
21387,3.0694816723934224
21388,4.278346320913436
21389,2.7305724876789927
21390,2.667017741787831
21391,2.5668299639996643
21392,22.43625498691726
21393,10.645560239519988
21394,4.613016312798052
21395,1.9448896294284275
21396,3.2033189101369404
21397,1.912642923096746
21398,1.9605324544564404
21399,1.718196537473386
21400,15.816622920485974
21401,7.124663221106783
21402,3.0483904365837575
21403,1.3505134750869512
21404,2.283852328188152
21405,1.4026232341582343
21406,1.418127605760864
21407,1.2498021004934572
21408,29.23754467556293
21409,13.138344026979079
21410,5.867496636802537
21411,2.5107778135620626
21412,4.0556019658177735
21413,2.4813659174635276
21414,2.4515465267586176
21415,2.3662591501205683
21416,22.78004190228377
21417,10.582980903458747
21418,4.640087964236335
21419,1.8500623212222589
21420,3.2495072605368462
21421,2.0373803692805468
21422,2.0061608979365886
21423,1.8324708933040839
21424,16.435830541591486
21425,7.560212280587383
21426,3.1720418433925452
21427,1.3905266373228804
21428,2.340070585506923
21429,1.3765344608603123
21430,1.3877939191965663
21431,1.2911686239165414
21432,22.379282827547442
21433,10.508289140736322
21434,4.590625562307921
21435,1.9348841129306182
21436,3.084342784711305
21437,1.9101085628332943
21438,2.0359679837463887
21439,1.8298898752867043
21440,14.807815394665885
21441,6.432627898776547
21442,2.8357905598255786
21443,1.2925988999064912
21444,2.165986733867331
21445,1.2972411113080895
21446,1.2704844623900238
21447,1.233366882726139
21448,15.52108863930033
21449,7.078194285429916
21450,3.049879677811437
21451,1.3559727873454348
21452,2.1975501111110067
21453,1.3458373960900294
21454,1.3581712936884975
21455,1.2502479918943534
21456,32.133189456082405
21457,14.182145567477285
21458,5.691748584610756
21459,2.711943144657851
21460,4.476034525005459
21461,2.570004309319307
21462,2.6968509073040066
21463,2.4952379462864425
21464,16.423617717828165
21465,7.6668118380355335
21466,3.3965488083339177
21467,1.423178249854387
21468,2.2932654264055254
21469,1.4403599957507394
21470,1.4863994659035633
21471,1.3466819482973549
21472,34.3987905514261
21473,14.85205039310956
21474,7.082950936012797
21475,2.8002324685627236
21476,4.741428855957941
21477,2.8383497518909073
21478,2.9862502290365924
21479,2.7863920335905137
21480,25.514795828133344
21481,11.641285235084453
21482,5.322946226300346
21483,1.9865415709137577
21484,3.747235447057689
21485,2.2381545318980853
21486,2.228813381430513
21487,1.866320857462826
21488,17.974996431317752
21489,8.25477320820145
21490,3.619766064145678
21491,1.4590991883103441
21492,2.4190470686812398
21493,1.538228441073891
21494,1.4999257929170633
21495,1.3854232599784877
21496,47.0153965043626
21497,21.369368554940575
21498,8.427835100771471
21499,3.6412278501537854
21500,6.613097831153497
21501,4.164863108541557
21502,3.81581189243672
21503,3.744020221658781
21504,20.310380088370493
21505,9.793572515688007
21506,4.468333154380756
21507,1.7312006806676403
21508,3.136774679956406
21509,1.9285243229070166
21510,1.8888193988311217
21511,1.6183492845545526
21512,24.602880644954872
21513,11.208186688038161
21514,4.8985550868582495
21515,2.168062457537012
21516,3.533792422475421
21517,2.188635312201935
21518,2.124612946934798
21519,1.9277120251240007
21520,27.562806238719546
21521,13.140402646121867
21522,5.74947004259745
21523,2.407566125456788
21524,3.7561604620846385
21525,2.443844066280172
21526,2.430895434734794
21527,2.2313121486436827
21528,22.56396622084461
21529,9.978770906476985
21530,4.232289437425243
21531,1.8949925655831994
21532,3.047544643697139
21533,1.9305871267288197
21534,2.020764920780017
21535,1.7888658363472623
21536,24.813472154588684
21537,11.257006424587296
21538,5.013798301470781
21539,2.056137971618576
21540,3.6895304910180524
21541,2.119668021099743
21542,2.239120914515948
21543,2.027835846709162
21544,15.745898874470232
21545,7.194638750566251
21546,3.1089287728918142
21547,1.3301460183664233
21548,2.2248854293822835
21549,1.331940005410637
21550,1.3885063029358826
21551,1.2319711662840975
21552,37.50265779096218
21553,17.222178268178897
21554,7.144209653946384
21555,3.2653861007759124
21556,5.359353780466203
21557,3.1720776886515343
21558,2.9375037950505276
21559,3.039560302637902
21560,14.97332518005992
21561,6.785328715405672
21562,2.9580146443875037
21563,1.2968124240987282
21564,2.2144903928412845
21565,1.3159423815318951
21566,1.3225511588748804
21567,1.238964936952632
21568,16.662362098266584
21569,7.407990453352699
21570,3.3106472990447586
21571,1.363634593418666
21572,2.4204264784284133
21573,1.4531284812513696
21574,1.4945460814885665
21575,1.3310742678616294
21576,24.829285195034636
21577,11.159608643484342
21578,4.677154208810712
21579,2.0883902076699554
21580,3.5625642404200035
21581,2.1804270382690105
21582,2.1514294892344847
21583,1.9626125232185383
21584,25.90388721547292
21585,12.160687176432623
21586,5.2285232290977
21587,2.2243480537938276
21588,3.7253933490783915
21589,2.3176204455253315
21590,2.432332459242409
21591,2.2589277139397406
21592,18.0946879049216
21593,8.24762160090062
21594,3.6506421577839894
21595,1.6163555551413828
21596,2.6594207703249433
21597,1.591199352959173
21598,1.6486169918403721
21599,1.4452980644343396
21600,19.779427300684173
21601,9.31445121236373
21602,4.085333326315542
21603,1.7475626991195425
21604,2.860039321841655
21605,1.8233632988717003
21606,1.7642468637148865
21607,1.6317279858189577
21608,55.285448925039255
21609,28.17516795402927
21610,11.064267988955661
21611,4.751231800883955
21612,7.858756350919782
21613,5.1610331232607
21614,5.12397849604096
21615,4.757913986488129
21616,16.160248883021524
21617,7.394395503366808
21618,3.3126549707662476
21619,1.4176352183313132
21620,2.317288418618196
21621,1.4045292236297857
21622,1.488044156418363
21623,1.32757213818714
21624,18.140846476868138
21625,8.57914192208226
21626,4.570404115368991
21627,0.2139244212954256
21628,4.754086266320616
21629,2.032533629131587
21630,2.246382840253551
21631,1.6565329114802383
21632,23.195580932130536
21633,10.392696894593959
21634,6.021082238687814
21635,0.16766497381368747
21636,6.490397305661488
21637,2.500694275208123
21638,2.898431970694459
21639,1.988001982666265
21640,20.933915712315095
21641,9.400924380087599
21642,5.433668122094976
21643,0.12107797651580099
21644,5.791091793423776
21645,2.2852274431128006
21646,2.6365568917843256
21647,1.7945726048675754
21648,19.637088356358884
21649,8.823787968811336
21650,5.002172392428374
21651,0.12879651973914558
21652,5.0865248578951885
21653,1.9618516053721682
21654,2.406531112895594
21655,1.618431645711439
21656,16.750757910729675
21657,7.445901923300002
21658,4.434695848992461
21659,0.14624578016361442
21660,4.687890963722249
21661,1.7525825581483683
21662,2.1030959321992118
21663,1.4131739435732737
21664,18.973497702607865
21665,8.364814732392665
21666,4.803092668104957
21667,0.08886451735903304
21668,5.43589408240234
21669,1.9018268408368366
21670,2.4418127203634987
21671,1.5764370558294782
21672,19.199418361641193
21673,9.00914537370155
21674,5.03400465847778
21675,0.13735264553988996
21676,5.43903554687847
21677,2.0061789766801064
21678,2.4049815453414665
21679,1.6279467970318138
21680,25.067612157940633
21681,11.40282817555104
21682,6.5038088002407255
21683,0.14369487665230082
21684,7.08727072926117
21685,2.7009524671732925
21686,3.128603594727751
21687,2.0894658940628044
21688,31.998349671434184
21689,13.85135084309198
21690,7.390112197585529
21691,0.22322754020295585
21692,8.56364385205365
21693,3.3852139176305482
21694,4.066431864753255
21695,2.7419238043164356
21696,16.460844378052833
21697,7.518289260087465
21698,4.141385166700853
21699,0.09404889076910311
21700,4.6457929850802655
21701,1.765496139204991
21702,2.0160433931145816
21703,1.3883385866612072
21704,22.468214924326528
21705,10.5484438217837
21706,5.835499035561337
21707,0.1855171745308124
21708,6.107465584136682
21709,2.391043627772018
21710,2.775560205107325
21711,1.9651518625726692
21712,12.832345509370537
21713,6.10557160406862
21714,3.2555640768663276
21715,0.21191909548513854
21716,3.4213237160349825
21717,1.326477876844566
21718,1.6106001465754138
21719,1.0238143797022425
21720,16.69303174977839
21721,7.246789561951243
21722,4.313965673469259
21723,0.1699138335056702
21724,4.64498002167489
21725,1.7749979895251569
21726,2.039412413371051
21727,1.4680869194038713
21728,18.49799783194354
21729,8.698839225430447
21730,4.876684538019173
21731,0.18268892045061333
21732,5.025838223184665
21733,1.988897415000085
21734,2.274709773001892
21735,1.645085474820719
21736,21.145905977439213
21737,9.492097670591123
21738,5.478864189559647
21739,0.16492132065004977
21740,5.627577796468933
21741,2.1515171684104284
21742,2.5953928539860924
21743,1.8487582884319158
21744,27.475076020170164
21745,13.010537735744828
21746,7.433791610051176
21747,0.18151488589746467
21748,7.949391035721774
21749,3.1089445620240874
21750,3.6958971319433314
21751,2.4178814421264714
21752,17.263548236798542
21753,7.761131132359398
21754,4.488809518916465
21755,0.17670473975742368
21756,4.664877362624761
21757,1.820317749242653
21758,2.1064579730243436
21759,1.577794657027782
21760,42.25512597399307
21761,18.28379888729595
21762,10.555353217111401
21763,0.30151358308550213
21764,12.015929615786483
21765,4.7601065316063815
21766,5.7265643790408935
21767,3.646067067561045
21768,21.36965377440887
21769,9.572708845374562
21770,5.281131304876816
21771,0.1715197886376322
21772,5.696254090013197
21773,2.15426765214906
21774,2.562585919974555
21775,1.8054002011688954
21776,26.411976492943253
21777,11.894311702620184
21778,6.813820995573342
21779,0.10574214092377557
21780,7.377240106887213
21781,2.8111437567208886
21782,3.5358689174533846
21783,2.232538199562253
21784,39.746591656015546
21785,18.742522744153653
21786,9.805742174618347
21787,0.3572228795599955
21788,10.965129144955032
21789,4.604770155585913
21790,5.082543917975176
21791,3.588028973086654
21792,34.46287445578168
21793,15.140760061460249
21794,9.345662829871394
21795,0.19527612987952872
21796,9.293925383957971
21797,3.7047417918478542
21798,4.511901618148312
21799,2.93535379181306
21800,22.74783747436031
21801,10.168277927600101
21802,5.741872749965262
21803,0.15904743172857033
21804,6.2274620092354045
21805,2.283313391492176
21806,2.80256141276561
21807,1.9172198843897303
21808,15.992376344252914
21809,6.927764354267481
21810,4.066649246085791
21811,0.14055251578764041
21812,4.363984036780668
21813,1.710087188536201
21814,1.9988493619199197
21815,1.3130288497999403
21816,29.31423495781925
21817,13.033058418791489
21818,7.439231766439115
21819,0.21139093332904918
21820,8.156225764881247
21821,3.1191524330963394
21822,3.793058118420238
21823,2.554885981823246
21824,23.80654645490685
21825,10.598218238752057
21826,6.042710960826626
21827,0.13879723710862094
21828,6.197038378420559
21829,2.378146983925045
21830,2.669380000063487
21831,1.9560130496041146
21832,16.876109881383165
21833,7.548387813803527
21834,4.309331577429621
21835,0.14979686001652212
21836,4.592399515671155
21837,1.8044414655158303
21838,2.039996904028669
21839,1.4301921517603364
21840,21.95048842240217
21841,10.206863279881157
21842,5.8291111297137395
21843,0.14941718322841893
21844,6.146298073933824
21845,2.3209605717602004
21846,2.7294315450807556
21847,2.01389176336881
21848,15.309775769780838
21849,6.51114941758075
21850,3.703385295182028
21851,0.15880430615112673
21852,4.18552187671552
21853,1.6585515638561823
21854,1.8313613300822893
21855,1.3048772728323574
21856,16.10178889081932
21857,6.918344583692237
21858,4.014385879349734
21859,0.13772229675801312
21860,4.439272421953458
21861,1.7128331940950425
21862,1.9794520899062227
21863,1.322723052144783
21864,32.76436201527185
21865,14.407681030174006
21866,8.81764183497839
21867,0.18329097562557306
21868,9.206739890976104
21869,3.448615628675341
21870,4.21957251159952
21871,2.7438239659426915
21872,16.908594469793496
21873,7.792256681811581
21874,4.494306931811817
21875,0.15288618351440258
21876,4.723032946697843
21877,1.802386792414214
21878,2.1722916823925495
21879,1.513844578095915
21880,37.789478585003245
21881,16.196718197144914
21882,9.212075975224124
21883,0.42302601156003805
21884,9.272203032470317
21885,3.5788762190475514
21886,4.773345384450957
21887,3.1231621461162984
21888,24.177230679093668
21889,10.883907322906696
21890,6.238007498886232
21891,0.15336433860393098
21892,6.951377058262355
21893,2.5882851865728282
21894,3.171120096831123
21895,2.0442350314706657
21896,18.360421934157092
21897,8.156157582004594
21898,4.69106646150998
21899,0.1542021119966102
21900,4.983851339745394
21901,1.9315840783586182
21902,2.1550914526663325
21903,1.5610036431133423
21904,43.641781130825215
21905,19.68913055661407
21906,11.64928873768191
21907,0.3472380350110605
21908,12.897477036147572
21909,5.090263158622032
21910,5.8349414775880435
21911,4.050384798764827
21912,20.399991503505074
21913,9.774533260534817
21914,5.695245709754667
21915,0.11376347845099696
21916,5.889982591836628
21917,2.2577614971117903
21918,2.632181726886754
21919,1.7434391957585746
21920,25.69584496145833
21921,11.575648468102049
21922,6.610308047757939
21923,0.19103646383625117
21924,7.358632362320365
21925,2.7984218227698747
21926,3.4536192771268577
21927,2.129686344440782
21928,30.840469603759438
21929,13.42095947484271
21930,7.7639249798706
21931,0.19415508289321293
21932,8.233601153403661
21933,3.1361322375101603
21934,3.9298444948722318
21935,2.4746055065997767
21936,22.94494169831246
21937,10.256354677455786
21938,5.849840802983792
21939,0.1437228868574336
21940,6.347993701768083
21941,2.406483229545871
21942,2.9879856485816267
21943,2.0470102480871724
21944,25.171425894014
21945,11.41889938547677
21946,6.181759119228268
21947,0.21003859555951374
21948,6.718250490690243
21949,2.483896091355824
21950,3.1156448949713633
21951,2.1905963671935
21952,16.804525807618457
21953,7.2901704977277655
21954,4.076609024694842
21955,0.1584327427346002
21956,4.323505346335791
21957,1.630874970047839
21958,2.025764673347255
21959,1.3306733696043904
21960,37.217476365819444
21961,16.413792365695468
21962,9.558365873063439
21963,0.2590944220643158
21964,10.37035733705737
21965,3.932838960454372
21966,4.713517873817602
21967,3.3531559576487497
21968,15.240984680423304
21969,6.704679767999217
21970,3.771881024857908
21971,0.146133934620735
21972,3.958278333357527
21973,1.572420419587866
21974,1.824093822425238
21975,1.2934971730419855
21976,16.918515758130162
21977,7.440221500524872
21978,4.424813992529178
21979,0.16252839877712724
21980,4.702031697978642
21981,1.820346803940568
21982,2.0903764509786247
21983,1.474445708756399
21984,25.734321431814713
21985,11.413932003677617
21986,6.359628959005085
21987,0.1789824434888794
21988,7.057625024283508
21989,2.6733895628947204
21990,3.0893496533700393
21991,2.1540915226352166
21992,28.056013618592512
21993,12.579685225127648
21994,6.864285701157802
21995,0.20177527058686467
21996,7.803880947292675
21997,3.0003089214482874
21998,3.7407561753604743
21999,2.5631236910267217
22000,18.247050003677685
22001,8.364821283623659
22002,4.891254103389153
22003,0.0994816491239671
22004,5.572151028172728
22005,1.94876444002473
22006,2.4403068885757673
22007,1.5640055782678568
22008,21.216172802525666
22009,9.594570197245545
22010,5.373828802701034
22011,0.13286983892713897
22012,5.745316799775441
22013,2.18566541645981
22014,2.520949272999418
22015,1.8032149703896982
22016,53.537679061102665
22017,26.99633643918275
22018,15.475495289673585
22019,0.45412621570258394
22020,16.31837016306842
22021,6.446040791995761
22022,7.783328985935048
22023,5.462297540628704
22024,16.43994211136688
22025,7.342063174738097
22026,4.3368499683219
22027,0.16821543031209893
22028,4.521245214386435
22029,1.8020821034388113
22030,2.113235078914085
22031,1.485066607439167
22032,13.843019598994003
22033,6.711307781758748
22034,2.61992378386772
22035,1.647442256736703
22036,1.2564857450893383
22037,1.2961799620108387
22038,1.1403499945693938
22039,1.192450137839095
22040,14.795637917522216
22041,6.90964232801612
22042,3.051484306927959
22043,2.193965366631465
22044,1.2661377427063678
22045,1.3376482991440608
22046,1.2390672760825001
22047,1.363404408852248
22048,13.90954555357736
22049,6.091091223376748
22050,2.743075166772914
22051,2.0479275461185393
22052,1.010603966750989
22053,1.3455602845809018
22054,1.142570875972703
22055,1.2602716640247877
22056,13.05850939168487
22057,5.924596197562458
22058,2.5034617533892853
22059,1.917538536656718
22060,0.9890604396121777
22061,1.1993721301740408
22062,1.103021147325974
22063,1.1941050466170955
22064,11.63619497648485
22065,5.315747589703487
22066,2.2671815630383354
22067,1.6960116907522649
22068,0.9494476781835385
22069,1.0977437638710998
22070,0.9744325079527533
22071,1.1255081141887981
22072,13.036207096376392
22073,5.86109927663383
22074,2.261163224114261
22075,1.9710733546771977
22076,0.912947406459623
22077,1.1810805924175691
22078,1.0922067522830272
22079,1.181397184105077
22080,12.538846843408773
22081,5.915847135993743
22082,2.4366110637615592
22083,1.8768828605193324
22084,0.9216618530870384
22085,1.156690552924042
22086,1.0194953868211902
22087,1.120837544147094
22088,19.606424764072234
22089,8.421913429282894
22090,3.208024616123509
22091,2.7714402000564107
22092,1.5390271745495248
22093,1.7194732036779403
22094,1.5272557468922832
22095,1.673600432479251
22096,20.4434522633525
22097,9.340958049634882
22098,3.831780971910329
22099,2.8338848622381687
22100,1.5989546607919531
22101,1.8068011815939078
22102,1.6399959858825273
22103,1.8823080024209775
22104,10.651609193986317
22105,4.905515578488959
22106,1.8914094857876145
22107,1.6148711815310393
22108,0.8990803662208998
22109,1.0054771808242804
22110,0.8865043757772911
22111,1.0411850481451401
22112,14.899387601296437
22113,7.189188749897399
22114,3.004372376681544
22115,2.1841774199681043
22116,1.1963233132856572
22117,1.4443575584638129
22118,1.255119713663553
22119,1.4250434635861118
22120,9.537406376573887
22121,4.390205233826925
22122,1.830969735001935
22123,1.2428664455717706
22124,0.9688801601258199
22125,0.9169340857451
22126,0.7574524627649762
22127,0.9242680300692837
22128,11.281990741717637
22129,5.193463459771488
22130,2.302834212550435
22131,1.7094788147957438
22132,1.0221787477912954
22133,1.1404728018830372
22134,0.987578577609583
22135,1.119089549038615
22136,12.428125276091817
22137,5.971416097793884
22138,2.4083796106261675
22139,1.803796630513155
22140,0.9674272437362977
22141,1.175654677161031
22142,1.0305991374110444
22143,1.1958246933127978
22144,14.146597334453514
22145,6.402876632452469
22146,2.809825793550643
22147,2.083565982537717
22148,1.0865719088666819
22149,1.27628375460561
22150,1.173801212965488
22151,1.3196934719326956
22152,17.628806878558205
22153,8.938333372459404
22154,3.723435647538038
22155,2.9940123448357596
22156,1.3806073233045904
22157,1.8518134745451658
22158,1.5426856292523201
22159,1.7511488546590672
22160,10.656695826841498
22161,5.045945865558283
22162,2.1182554841050196
22163,1.5991375851267227
22164,0.8527543696355886
22165,0.995086378065589
22166,0.881295665559669
22167,1.08523370996787
22168,30.355318082594412
22169,14.10071804212449
22170,5.330195708813332
22171,4.4265812980383314
22172,2.232142006142103
22173,2.6076912750240093
22174,2.2116045961637263
22175,2.5602005429023595
22176,14.186630638584553
22177,6.54641747665001
22178,2.5770738965267572
22179,2.009011087823914
22180,1.046828261210323
22181,1.2619187880623994
22182,1.1216543875834735
22183,1.2408024986465924
22184,17.720066526671143
22185,8.336974145874594
22186,3.334770918010403
22187,2.7655147783293836
22188,1.2534726124733238
22189,1.5402144192790708
22190,1.4251284131982713
22191,1.6179173116984955
22192,26.55944127375418
22193,12.313313797295201
22194,4.404627408090674
22195,3.636783127802012
22196,1.979605355536583
22197,2.2137136833257345
22198,1.8354710519889872
22199,2.2400168753741783
22200,23.68775824659298
22201,10.67213214870555
22202,3.888367798741552
22203,3.6552649390589296
22204,1.5295193998040462
22205,1.9747649027112337
22206,1.7430895876405879
22207,2.020427697265077
22208,15.456734118357812
22209,7.271679000222448
22210,3.006948371669562
22211,2.216462171681042
22212,1.1815220450687023
22213,1.411982772120139
22214,1.17918730213565
22215,1.3847203391046805
22216,10.928845980080052
22217,4.83391269080186
22218,1.902004365044509
22219,1.581289759325943
22220,0.8367867262286051
22221,1.0209292404485708
22222,0.897821735615744
22223,0.9958543113099232
22224,19.24962406441098
22225,8.84154180486506
22226,3.828747165697259
22227,2.9568707890952863
22228,1.389862984827032
22229,1.6939833248539047
22230,1.514925574598888
22231,1.7359028522748403
22232,15.790338734019258
22233,7.179972086365746
22234,2.8245403856245517
22235,2.2221340107800835
22236,1.2480156937086067
22237,1.4991932394372276
22238,1.259835703795146
22239,1.4464505923692688
22240,11.441908259400932
22241,5.395356555618152
22242,2.0860893035359993
22243,1.6637186106191006
22244,0.9131348007761605
22245,1.0155525043201317
22246,0.910273974667974
22247,1.0789753176210155
22248,14.536439438377274
22249,7.229415123493626
22250,2.992322978169394
22251,2.241978287765928
22252,1.1679789564532848
22253,1.3449234704669109
22254,1.3003208822162555
22255,1.4248457641838201
22256,10.179130133813176
22257,4.595359000791959
22258,1.918801517853179
22259,1.4528477311191978
22260,0.8597883081163217
22261,0.9360515352800822
22262,0.8280692782626055
22263,0.9740369613792579
22264,10.714847379047914
22265,5.2422217619557685
22266,2.034118254700356
22267,1.503839471418803
22268,0.8845412580812109
22269,1.0124892205856177
22270,0.8970844105857374
22271,1.015191166046466
22272,22.185254585399505
22273,9.758339169129012
22274,3.757024867526449
22275,3.3227604487126676
22276,1.6204995239977926
22277,1.8207358112995966
22278,1.7328426803063541
22279,1.9990894593279789
22280,11.202864360836891
22281,5.075197285694506
22282,2.1697562991797166
22283,1.6708280306034446
22284,0.869274562641053
22285,1.0447558496323277
22286,0.9365217013160151
22287,1.0585798400587545
22288,25.242571511353294
22289,10.28159379215661
22290,4.660702844287344
22291,3.2411475188848193
22292,1.93917779382716
22293,1.9934137858111263
22294,1.7297597103162705
22295,2.0873783021747534
22296,16.14838907716775
22297,7.347768747531063
22298,3.39465293171584
22299,2.394357336018733
22300,1.347998923580182
22301,1.5580455790044336
22302,1.3012994521907744
22303,1.446885814532253
22304,12.557179156060286
22305,5.735100844413742
22306,2.370957794023357
22307,1.7239884304297683
22308,0.9260846909668582
22309,1.1202946946268977
22310,0.9711774102535329
22311,1.128952217836929
22312,32.87064473633211
22313,15.173869333481665
22314,5.668239589197442
22315,4.6092841620201686
22316,2.5319393652627107
22317,2.8114461589609774
22318,2.274597696019458
22319,2.7642322230879897
22320,13.12795863474726
22321,6.342707857992154
22322,2.6905001905930694
22323,2.0495863941125827
22324,1.0404193302148421
22325,1.3013873221138645
22326,1.082103044284779
22327,1.2163847986956955
22328,17.590805871944653
22329,8.044415679865589
22330,3.4002838007866254
22331,2.699788389436896
22332,1.4589363829506166
22333,1.6816000113079268
22334,1.4242828144994142
22335,1.543162281716358
22336,20.08605374648315
22337,9.666220301794247
22338,4.109272285695009
22339,2.988045812863934
22340,1.461051512306517
22341,1.8853910217607395
22342,1.6729454030605846
22343,1.8220955047529066
22344,15.11363512662567
22345,6.7519087829046445
22346,2.689416854007409
22347,2.2169501838376706
22348,1.0855461397782935
22349,1.4111214818122098
22350,1.261277722370799
22351,1.3989875914936514
22352,16.614709554410876
22353,7.614812542861629
22354,3.138107815037646
22355,2.354834233152415
22356,1.3754749259467707
22357,1.4089812742677925
22358,1.2696327425521636
22359,1.4707760249906097
22360,11.300789859581874
22361,5.289081561468017
22362,2.102322582503069
22363,1.502962423526283
22364,0.9416083015301245
22365,1.0313356235629851
22366,0.8970989029894054
22367,1.0134002663428903
22368,25.714370675051097
22369,11.955775911281629
22370,4.863134791138723
22371,3.8788229057122634
22372,1.8748569982260628
22373,2.178605262045985
22374,1.7213231675057843
22375,2.2012859939217386
22376,10.134826965799089
22377,4.60634398915579
22378,1.8882270284024663
22379,1.4802683086066477
22380,0.8255029463403433
22381,0.967641427566572
22382,0.8335338025464151
22383,0.9645351592996776
22384,11.236321441873525
22385,5.194649180344535
22386,2.1253667962805083
22387,1.5414429825852816
22388,0.8997683134440128
22389,0.9879297787209714
22390,0.9157728713775409
22391,1.0288117624552586
22392,16.127387859277434
22393,7.37738534427198
22394,2.8532670730299614
22395,2.4338938891866313
22396,1.1739761477735529
22397,1.4773531217468767
22398,1.2158745676119622
22399,1.457999907735655
22400,18.26229970743295
22401,8.51076541482844
22402,3.5046973275061126
22403,2.791205766168335
22404,1.388386242910988
22405,1.7425348193748984
22406,1.6435253080241654
22407,1.779526206163393
22408,12.675246509439315
22409,6.1009579809304935
22410,2.4960685942849956
22411,2.0128255064536473
22412,1.0036262895315469
22413,1.2340899005185582
22414,1.0985123182118444
22415,1.2317207347317187
22416,13.621399785082113
22417,6.5918074332922
22418,2.618781271120099
22419,2.034102444582804
22420,1.0491669976566909
22421,1.324561064430144
22422,1.1037420171137784
22423,1.2649645886997154
22424,44.22863857282422
22425,19.5443658908467
22426,7.8352160358703555
22427,5.603291718289973
22428,3.476254863837061
22429,3.492206231161309
22430,2.88451187036299
22431,3.4458282580849446
22432,11.392572927913458
22433,5.262893555394162
22434,2.1462251687028133
22435,1.6044797751057964
22436,0.9375974643486868
22437,1.035851086055948
22438,0.9559398053573144
22439,1.0705728809979602
22440,18.34453125518753
22441,8.366724730761963
22442,4.7721395027520845
22443,0.1606179891934267
22444,4.989716543617705
22445,1.9245564126425123
22446,2.236443831589768
22447,1.5138353731511072
22448,21.66813171853661
22449,10.233633771446303
22450,5.678909326319254
22451,0.1391050599171294
22452,6.473132082077133
22453,2.4242387997025125
22454,2.8051105845765654
22455,1.9396981096179768
22456,20.71168018680564
22457,9.27613916006615
22458,5.1785891215420055
22459,0.11187093895967941
22460,5.6773186122447
22461,2.1738175359121414
22462,2.5881058362698703
22463,1.7273844735594497
22464,18.719047122107728
22465,8.455367608211663
22466,4.989309543871603
22467,0.11847355852611512
22468,5.157080026666333
22469,1.9573031135742887
22470,2.312073461268292
22471,1.600145839359341
22472,16.104570914933827
22473,7.166148688674128
22474,4.339532934430736
22475,0.11226979480117077
22476,4.595971908787812
22477,1.718425526408139
22478,2.064866231051091
22479,1.4214743862502441
22480,18.276621933871713
22481,8.435478471398998
22482,4.72133149740864
22483,0.09290943688548929
22484,5.002264462160688
22485,1.7571392318218406
22486,2.163280064538577
22487,1.4666890551166698
22488,17.463117156700015
22489,8.338581034391886
22490,4.819635159432786
22491,0.10327038511951213
22492,5.280658503485124
22493,1.9117293377995042
22494,2.277821300286134
22495,1.562705422339753
22496,25.364560611747777
22497,11.298223918658195
22498,6.57991920753108
22499,0.16566712744249099
22500,7.502567429049964
22501,2.7394706240074136
22502,3.2251507041697858
22503,2.1948996664120215
22504,30.373237721750357
22505,13.543894743765055
22506,7.287841856791129
22507,0.22817039716050286
22508,8.384694805520889
22509,3.176871928902147
22510,3.9356277383064797
22511,2.521151453937431
22512,15.968675771879607
22513,7.348344316256183
22514,4.083501968729569
22515,0.0853222714355118
22516,4.48612495697811
22517,1.690629606753795
22518,1.9914357297292
22519,1.3698218939442106
22520,22.07594173783979
22521,10.147824404977579
22522,5.600190416166787
22523,0.14431354810855887
22524,6.167674270275474
22525,2.2885732390122953
22526,2.82767828768655
22527,1.9483950275666784
22528,13.926777682655901
22529,5.9315175315113144
22530,3.305806139110536
22531,0.15261694181238172
22532,3.6581067990271974
22533,1.308658673434559
22534,1.6002965643125513
22535,1.105505907901317
22536,16.428916929678227
22537,7.2595642466292025
22538,4.360419469122826
22539,0.12331683036562607
22540,4.711947227603764
22541,1.725197932590407
22542,2.044822012031703
22543,1.4573497735760397
22544,17.945020690463405
22545,8.18537151475156
22546,4.770971166827524
22547,0.13678957099183084
22548,4.981324225984323
22549,1.9481016479113566
22550,2.179476973661129
22551,1.5838764451896514
22552,20.951881247080642
22553,9.15972072606579
22554,5.279922087386683
22555,0.13987252008438172
22556,5.644090161530306
22557,2.1938718790021583
22558,2.626736587531248
22559,1.7850470608514912
22560,26.89036827690477
22561,12.182682972594995
22562,7.20204564266809
22563,0.18738429112883326
22564,7.749684665351906
22565,2.9865535745701233
22566,3.5647841626731287
22567,2.388550256605716
22568,16.37040236717711
22569,7.527143401820054
22570,4.315967160289322
22571,0.11908415324759127
22572,4.820972685300784
22573,1.7310115743668797
22574,2.0475637393597306
22575,1.4755663826031402
22576,43.20580957916285
22577,19.664051451160233
22578,10.704199070697078
22579,0.34632622910680505
22580,12.228448909719942
22581,4.725499587070188
22582,5.623656996981541
22583,3.629609415617853
22584,20.50384708018786
22585,9.104887996352675
22586,5.095476228654401
22587,0.13321857833495238
22588,5.385944630175386
22589,2.055757910327264
22590,2.420443687136003
22591,1.7830534959117759
22592,25.59468645783342
22593,11.966152090640561
22594,6.418185254943604
22595,0.16789477396100644
22596,7.3925385408579425
22597,2.558084120042295
22598,3.1920677111252926
22599,2.1096351005007135
22600,38.48163402198327
22601,18.49850941155278
22602,9.739131493011065
22603,0.34199127369775745
22604,10.87032548586447
22605,4.18376209045134
22606,4.879622290171211
22607,3.40204383714934
22608,34.31125449638554
22609,14.82186337227035
22610,8.877851272997843
22611,0.2579744564844955
22612,9.444199589143114
22613,3.3678031154086225
22614,4.117426348617031
22615,2.6550153798298037
22616,21.65960606287078
22617,9.790401853054894
22618,5.535209913346389
22619,0.1491743719492471
22620,6.034227706337013
22621,2.2341157326657286
22622,2.674849962685846
22623,1.8253895716980446
22624,15.926298376663466
22625,7.032278321239596
22626,3.9956977935869187
22627,0.10350608091019839
22628,4.29322143003845
22629,1.6901617251685086
22630,1.935413226782528
22631,1.3044953506492307
22632,28.76264843046242
22633,12.726873565614609
22634,7.118380165680496
22635,0.1733157250794985
22636,7.9743832583053536
22637,2.89270082043433
22638,3.649121347592917
22639,2.3740618269818543
22640,23.553805037613987
22641,10.633408796203478
22642,5.909203282183102
22643,0.13328282916634532
22644,6.221481814998279
22645,2.4016085248544847
22646,2.810695641192048
22647,1.9636077127812717
22648,16.614511489889274
22649,7.496916942305043
22650,4.274560879709611
22651,0.11318542058077506
22652,4.687189262898451
22653,1.7589495719432398
22654,2.018588408579206
22655,1.413208312703336
22656,22.210189735202825
22657,10.166610557793987
22658,5.560068738498565
22659,0.15786859221318958
22660,5.995844243312164
22661,2.1680841233398502
22662,2.7483285091626484
22663,1.96113566455593
22664,15.278073533174123
22665,6.727274064539332
22666,3.7760228965541547
22667,0.15258799389127178
22668,4.120940674524395
22669,1.5444286879408593
22670,1.7645414235077288
22671,1.2329585246909331
22672,16.427416949838427
22673,6.989926640672262
22674,4.004649654776673
22675,0.11749459046163051
22676,4.56198508990231
22677,1.6256288699000816
22678,2.014074650347309
22679,1.3168279749071077
22680,32.405648269479066
22681,14.340511079043733
22682,8.233053936996823
22683,0.19926747323218258
22684,8.780322918652724
22685,3.1466164604727815
22686,3.9437014381798763
22687,2.563538371853281
22688,16.640839481607177
22689,7.466243676597066
22690,4.4165762246319105
22691,0.10714225610385515
22692,4.613039555138888
22693,1.702024604757988
22694,2.1016676490756905
22695,1.448341875893106
22696,37.726023937347726
22697,16.135418635981814
22698,8.96086588524783
22699,0.33110304115477807
22700,9.321396697419111
22701,3.428731321329505
22702,4.548162840185206
22703,2.8739135066918955
22704,23.630360628672303
22705,10.99434815201014
22706,6.063599103647634
22707,0.16988340758068762
22708,6.4159259347928455
22709,2.515808424826026
22710,3.013368508941241
22711,1.9834431736023554
22712,17.58590160773719
22713,7.668655159595561
22714,4.473917612684608
22715,0.12957768074958192
22716,4.813621108053719
22717,1.820940220527392
22718,2.1002163545205583
22719,1.474532506568504
22720,45.06995548088432
22721,19.75052322214099
22722,11.640842196425822
22723,0.28807917232777597
22724,12.291550055114287
22725,4.7388861828451345
22726,5.549179212937895
22727,3.81336317457258
22728,21.211490217695253
22729,9.92009648880796
22730,5.379447017363707
22731,0.1210190798887685
22732,5.831785266715706
22733,2.1707063353458182
22734,2.5666722668435304
22735,1.692229725655291
22736,25.614399035343602
22737,11.288086069221507
22738,6.166990226757721
22739,0.18902979682939067
22740,6.698412539192979
22741,2.629081792629392
22742,3.08757273297672
22743,2.0989820090803635
22744,28.60510101877942
22745,12.420951102143459
22746,7.327480784637459
22747,0.1725381878493988
22748,8.052398153181729
22749,3.0513159512677333
22750,3.753130486734846
22751,2.449497339025196
22752,21.949010309232914
22753,9.819564994225146
22754,5.454280439532681
22755,0.14339765196890927
22756,6.187915939894809
22757,2.36292498424098
22758,2.791163148558679
22759,1.8930936376558856
22760,23.818928450016397
22761,10.932512714751779
22762,6.00125755123624
22763,0.17355342311702632
22764,6.561760924671152
22765,2.450332622456065
22766,2.9685431412094836
22767,2.1817325703606034
22768,15.829567349660897
22769,6.916414905718026
22770,4.061675654001797
22771,0.11192268399822856
22772,4.422300292834155
22773,1.5879788784755475
22774,1.9590608747593663
22775,1.3369554106963686
22776,38.75769485233113
22777,16.82546072052914
22778,9.16646604006213
22779,0.22603927142351155
22780,9.913864090282152
22781,3.865913366868059
22782,4.564943246592267
22783,3.1121868708159317
22784,15.117114777673125
22785,6.931715824377605
22786,3.8370688509814057
22787,0.12294897830642151
22788,3.9460385730972067
22789,1.5209131488646297
22790,1.795824042660275
22791,1.3208077638837514
22792,16.4923554030439
22793,7.21678276419975
22794,4.369296091472514
22795,0.1313630997291291
22796,4.7030607055367435
22797,1.767160237287896
22798,2.017491007542629
22799,1.4550214189375619
22800,24.564886424729128
22801,10.96465137057821
22802,5.666823370844804
22803,0.1527698562665395
22804,6.616977796108469
22805,2.5317669608626723
22806,2.9520203750861804
22807,2.0616759845475827
22808,26.19208378394001
22809,12.16621653370798
22810,6.7031062667988905
22811,0.17276722758802746
22812,7.36890980317503
22813,2.821007810433362
22814,3.537196801576426
22815,2.3856674686041184
22816,18.080339973936375
22817,8.545973858481934
22818,4.772136375809136
22819,0.11574207009952513
22820,5.213591559538222
22821,1.887028565889649
22822,2.3294884572006387
22823,1.5663513344346234
22824,20.21753390931002
22825,8.89105973519103
22826,5.105888091162503
22827,0.10914834426801728
22828,5.5980835557525985
22829,2.13661841673572
22830,2.4771904526264796
22831,1.7026189567669017
22832,58.847037180504024
22833,27.865251988017942
22834,15.435225658144685
22835,0.44106081917613393
22836,16.871625471586746
22837,6.36931667246766
22838,7.6817005486900936
22839,5.036110702274175
22840,16.494488618746704
22841,7.17003087910065
22842,4.412742087774949
22843,0.14013748879239302
22844,4.590085980386126
22845,1.6909001258962295
22846,2.0809529400306923
22847,1.4151744763242804
22848,18.82051722668759
22849,8.966738804499574
22850,3.8012279997205805
22851,1.1700669623661146
22852,3.0432630416538955
22853,1.7043801032565054
22854,1.7007380028238388
22855,1.4953436272952119
22856,22.2540829638568
22857,9.7140803502554
22858,4.498464967325549
22859,1.4275607670982204
22860,3.701437725301812
22861,1.9159955612868296
22862,2.017517382069332
22863,1.7007944267499386
22864,20.432430345500183
22865,8.878572668390213
22866,4.119639682934238
22867,1.2116233040096411
22868,3.1550764050971125
22869,1.7522786515615887
22870,1.7635313337769893
22871,1.574889753230474
22872,19.755836589462454
22873,8.692404380131835
22874,3.813335058819395
22875,1.2271020224430134
22876,3.051348662774406
22877,1.6481345111055836
22878,1.7995231781120842
22879,1.5191095572801843
22880,17.88798261821122
22881,8.106481829049343
22882,3.558277413819178
22883,1.1248429052336388
22884,2.8434149579101247
22885,1.5425876187701446
22886,1.6135904894210347
22887,1.385653954879499
22888,18.944741380431417
22889,8.348038442265675
22890,3.4913542683121586
22891,1.174006094255321
22892,2.9959718423402006
22893,1.5673958809547823
22894,1.746325978520688
22895,1.4705012924876817
22896,19.254966513037925
22897,8.828465709423053
22898,3.8561513657506383
22899,1.2763460628220258
22900,2.966891250632811
22901,1.6841747194637093
22902,1.7451092305464584
22903,1.5160368472748262
22904,26.994396667920373
22905,12.3470426304485
22906,5.213907463702795
22907,1.7440998205639007
22908,4.443974232924295
22909,2.319228372447212
22910,2.3576831210879092
22911,2.037001256142918
22912,30.777613672163394
22913,13.867088544528514
22914,5.731425656571346
22915,1.8517791000947206
22916,5.2376092996137045
22917,2.68787860611387
22918,2.8270134413483694
22919,2.3990104982039497
22920,16.359028227588148
22921,7.572152268603138
22922,2.999882767560854
22923,1.0600954236792528
22924,2.6802676976329085
22925,1.4661612298479847
22926,1.497037187093209
22927,1.329150260016649
22928,21.984362796559797
22929,9.953355884033755
22930,4.27970900652765
22931,1.4278244033184837
22932,3.4901009822602487
22933,1.8949624220026153
22934,1.9627749793080342
22935,1.71273553317105
22936,14.199071518254497
22937,6.255032766050644
22938,2.8361800712754874
22939,0.9598077538589155
22940,2.374797510888536
22941,1.2237851798145432
22942,1.2925468317814777
22943,1.137698847442939
22944,14.828733559491576
22945,6.527721471246843
22946,3.01876486651766
22947,1.1398593772135783
22948,2.3283525771957296
22949,1.3814194174429433
22950,1.3700799633090752
22951,1.2716586412351105
22952,16.839327942901633
22953,8.120137505241125
22954,3.4066389608748184
22955,1.224985216727976
22956,2.4851999036495482
22957,1.5530254076334589
22958,1.5282838458178951
22959,1.483102040560472
22960,20.971639737189715
22961,9.250715383431498
22962,4.2625062091233605
22963,1.4123565775218179
22964,3.195201188875398
22965,1.7541673228648809
22966,1.8558069490580444
22967,1.6580570270740609
22968,26.184293805193484
22969,12.90487396817248
22970,5.557589645862785
22971,1.8501948816319471
22972,4.542568131349348
22973,2.487895265106816
22974,2.640334218659432
22975,2.159306909881329
22976,14.835410646843995
22977,6.906250988357048
22978,3.0829469636885487
22979,1.1075494725757389
22980,2.336375419532723
22981,1.3922386734597407
22982,1.3874230251336916
22983,1.341671022908495
22984,43.99554505175493
22985,19.947775719292554
22986,8.075464506856871
22987,2.458848547824455
22988,7.185497813744222
22989,3.7017651786347114
22990,3.9474881624069424
22991,3.212651623498332
22992,21.06304191933656
22993,9.484476982763793
22994,3.872371980174972
22995,1.3100728401435633
22996,3.329733049698782
22997,1.8145813095405188
22998,1.8567752319627373
22999,1.6333428319074328
23000,27.51032938114629
23001,12.713791299186608
23002,5.247752954427567
23003,1.6950592228717383
23004,4.386622290467375
23005,2.322257693275633
23006,2.5102342012970404
23007,2.0695724689927824
23008,39.87254263330025
23009,18.990888554269137
23010,7.394977791834861
23011,2.612719923925686
23012,6.669605965887408
23013,3.5465152006045324
23014,3.427487977906087
23015,3.1167235209157003
23016,33.59225705872611
23017,14.511739144774497
23018,5.979127359993664
23019,2.1536958628733136
23020,4.929255827342159
23021,2.7627965875322733
23022,2.9470313742768206
23023,2.4263012125824135
23024,22.57870278794
23025,10.338718181692405
23026,4.529635073946325
23027,1.4714741578670651
23028,3.5034324213762416
23029,1.875669506220056
23030,1.9408616451306497
23031,1.7060609111878846
23032,14.54928407109417
23033,6.613954549395854
23034,2.7672940065028215
23035,1.087130081627829
23036,2.164457044047434
23037,1.336716184755931
23038,1.3448410322264224
23039,1.1906048038714183
23040,27.796970568345262
23041,12.717123556369186
23042,5.58580694007535
23043,1.8590164786049443
23044,4.56933847295149
23045,2.3816218300225582
23046,2.580470726764195
23047,2.1708212653246717
23048,23.61237491044756
23049,10.475968889776945
23050,4.590615048766557
23051,1.4566715117577709
23052,3.5874169629314374
23053,2.0233822057900945
23054,2.024287660152265
23055,1.7987747644979895
23056,15.372726850669054
23057,7.023873663331922
23058,2.927590572740712
23059,1.1325039986583596
23060,2.291041911327591
23061,1.3670994909046483
23062,1.3385874678368486
23063,1.2700508467362284
23064,22.0854039996671
23065,10.488129509153422
23066,4.446970700046788
23067,1.4361634188576726
23068,3.5107475060841695
23069,1.8885391335260462
23070,2.029711544429398
23071,1.7924500315161505
23072,13.841751494885205
23073,6.082692659724433
23074,2.641765073433825
23075,1.089205226629055
23076,2.1037571139963758
23077,1.2465633038043737
23078,1.2320838210679554
23079,1.19346164910184
23080,13.801760453198531
23081,6.332011433215092
23082,2.7123309257618127
23083,1.0072744857484819
23084,2.1214601828360076
23085,1.2542276518646738
23086,1.27597962175345
23087,1.1495929173625772
23088,32.35112853709061
23089,14.386508225331644
23090,5.998106243971425
23091,2.0006543043572846
23092,5.186974238370253
23093,2.6839689038831414
23094,2.9359537923751176
23095,2.4508654097840132
23096,17.115942127726324
23097,7.919859195057336
23098,3.4429786555698687
23099,1.1251031062038799
23100,2.6712992776773627
23101,1.4800531026450732
23102,1.537494357522879
23103,1.3667775380857035
23104,37.108663805274695
23105,15.45006830032873
23106,7.381866152400935
23107,2.3970139516351963
23108,5.66193626924853
23109,2.9137084975723795
23110,3.0422672842109613
23111,2.7900776510898626
23112,24.81210162000584
23113,11.331423496702376
23114,5.22679260567826
23115,1.5234450951295293
23116,4.209563375895231
23117,2.1495429218994366
23118,2.2452755327994622
23119,1.87659917120139
23120,17.90778281111352
23121,8.3055101300754
23122,3.5741529248035953
23123,1.1333528670133657
23124,2.7127566079187684
23125,1.582518536457547
23126,1.5551403498739447
23127,1.409245085152059
23128,45.81703677900789
23129,21.46190430586846
23130,8.360605424700362
23131,2.94561290845635
23132,7.0393731098546235
23133,4.1319014816579305
23134,3.9967737841686106
23135,3.6371581244933546
23136,20.08617086785176
23137,9.253409912192353
23138,4.212192770179864
23139,1.226781275682437
23140,3.3098350323972316
23141,1.7592384322979642
23142,1.759623462983007
23143,1.5567945496136322
23144,25.392292413723002
23145,11.525669038024418
23146,4.9934104501124
23147,1.6702189012527642
23148,4.262302186658061
23149,2.212862023526685
23150,2.3210195396905773
23151,1.9499500503573213
23152,29.07136346233393
23153,13.558704609967213
23154,6.0168098319565635
23155,1.961074116637461
23156,4.932940052948148
23157,2.5504865498799347
23158,2.7381432046646235
23159,2.211116282305435
23160,22.66670856252122
23161,9.895413279018912
23162,4.189946071252276
23163,1.4261573326127048
23164,3.5089023428857886
23165,1.9412838221324578
23166,2.0431306136619654
23167,1.7837361099557987
23168,24.9699473929345
23169,10.825573530358863
23170,4.693663979123366
23171,1.6040729947800092
23172,3.834546021171528
23173,1.9606392264851278
23174,2.1243112253434315
23175,1.873096408866675
23176,14.449696396873165
23177,6.42018752485091
23178,2.7623923857641173
23179,1.032909023208771
23180,2.0660520757954335
23181,1.1966955495632148
23182,1.2370633313538313
23183,1.1630423724526553
23184,39.16087375720311
23185,17.764396750916895
23186,7.531991476912136
23187,2.510956084749073
23188,6.217068621357399
23189,3.339059382287974
23190,3.381903139144353
23191,3.071767024817738
23192,15.235938424205798
23193,6.832609014820343
23194,2.9365006252224846
23195,1.042284396231191
23196,2.3944093094711985
23197,1.3381380825898332
23198,1.3616242712718958
23199,1.2541382470311744
23200,15.101567871891781
23201,6.657014565295687
23202,2.981537702176519
23203,1.0661663555789362
23204,2.306873084945344
23205,1.3581329762988306
23206,1.3525904403406817
23207,1.228972083393204
23208,24.85575694788476
23209,11.06345981870453
23210,4.5926137964341
23211,1.5334697627623168
23212,4.075284833402518
23213,2.1412980719047523
23214,2.155199583215897
23215,1.891749784930095
23216,25.83320545718589
23217,12.415665098356703
23218,5.162764908001062
23219,1.6963765635466175
23220,4.405544108857298
23221,2.328673676231251
23222,2.616823336730851
23223,2.1858323587430664
23224,18.757417616560378
23225,8.545477454232339
23226,3.655738819847064
23227,1.247788127447166
23228,3.1713431105483556
23229,1.6475238713741207
23230,1.7277781548579922
23231,1.5119814766944155
23232,19.35399203319606
23233,8.741747087711538
23234,3.836740997396317
23235,1.3515471948656537
23236,2.9905919911298957
23237,1.6891467095696577
23238,1.6579546117443946
23239,1.5484247534395899
23240,60.333030957394044
23241,28.634181156795552
23242,11.92702117943487
23243,3.648879515638175
23244,9.5895927272352
23245,5.357213678441537
23246,5.562671602769131
23247,4.88698685709787
23248,15.69441363264142
23249,7.003052032853908
23250,3.0969554315863155
23251,1.1490723779831846
23252,2.4032230433471726
23253,1.4115783496485634
23254,1.4431613211539591
23255,1.3193097604956108
23256,20.031107976282648
23257,9.145834184301286
23258,4.016212087065631
23259,1.1177408382106824
23260,3.2636804867510274
23261,1.757479573589885
23262,1.8160563948619661
23263,1.515948786812305
23264,20.889342152653295
23265,10.019689267254376
23266,4.490916871512391
23267,1.147154807563286
23268,3.929874729071232
23269,1.9374751404428514
23270,2.02340487317319
23271,1.696439401345923
23272,19.566140914596744
23273,8.840539592735237
23274,4.0529142225499415
23275,1.1248198831957414
23276,3.373101210161006
23277,1.6750410552140238
23278,1.8357482197479937
23279,1.486777127370174
23280,19.256286661073823
23281,8.909193733391177
23282,3.9944294712313124
23283,1.0530063986503106
23284,3.306534756343562
23285,1.6628714938505689
23286,1.7606881067904867
23287,1.5158155386111622
23288,17.101598284857385
23289,7.810978380849318
23290,3.3471093515399906
23291,0.9974871082145058
23292,2.9117562486499127
23293,1.529640815116048
23294,1.6053396731674574
23295,1.3691207820039282
23296,18.951708587213645
23297,8.410982871624176
23298,3.5835229338216785
23299,1.0722371417235026
23300,3.067127185640497
23301,1.5034531121170651
23302,1.6410461531986362
23303,1.3419054094302276
23304,18.847174662895565
23305,9.167036433413472
23306,4.004578170591419
23307,1.0732018568110802
23308,3.391195854971082
23309,1.6763561602431656
23310,1.74063252526265
23311,1.5323165973343251
23312,27.098713622143237
23313,12.480968985907474
23314,5.388274421844002
23315,1.540364183724763
23316,4.893353304683313
23317,2.4289511462715794
23318,2.4739804226785425
23319,2.153633599290401
23320,29.692296703284242
23321,13.153881002640487
23322,5.944108028758942
23323,1.7781237717296121
23324,5.3104889986585135
23325,2.5799404398163666
23326,2.8505094201121493
23327,2.237280274457933
23328,17.272970536545376
23329,7.997369912206191
23330,3.280023830910343
23331,0.9134742209424145
23332,3.0747306947452304
23333,1.5246710134947943
23334,1.6026180166647799
23335,1.3664093515315576
23336,23.038348170015947
23337,10.665757570388312
23338,4.6663015254297395
23339,1.1888243625976842
23340,3.9437260328281263
23341,1.9028782050529711
23342,2.1061631116906603
23343,1.7686986855145268
23344,14.734050291243014
23345,6.241460431546023
23346,2.9338765484051192
23347,0.8564206155553873
23348,2.4728680911230096
23349,1.24832419916249
23350,1.3197391641418406
23351,1.140291512460421
23352,16.152846187547283
23353,6.900340237267386
23354,3.225264715955634
23355,1.010347127235852
23356,2.6128013223908644
23357,1.4091954522967118
23358,1.4823137056944355
23359,1.2813480555943253
23360,17.830566640540212
23361,8.004410129727038
23362,3.5041831074901517
23363,1.045272648570593
23364,2.643985918613284
23365,1.553970066562437
23366,1.5852357853080485
23367,1.4292079852037187
23368,21.810584557859595
23369,9.63806296362785
23370,4.302568885069789
23371,1.16304609367022
23372,3.4692027397372693
23373,1.775908961567896
23374,1.897105479885571
23375,1.6477270573339484
23376,26.654968105518005
23377,12.493109606257002
23378,5.7510928505454775
23379,1.6866903949505025
23380,4.761407866758037
23381,2.4927998843445183
23382,2.6127972607066674
23383,2.1670341564174094
23384,15.997362996950114
23385,7.287861135751179
23386,3.269092432480947
23387,0.9812652993203904
23388,2.662898771363285
23389,1.4248993665440766
23390,1.5091773449508703
23391,1.3331679511899206
23392,42.59191494013389
23393,19.52500880429507
23394,8.079959626095295
23395,2.6419195133512465
23396,7.170268860777647
23397,3.6225910437830358
23398,3.717957997621601
23399,3.094120406790726
23400,22.455413783514107
23401,9.996625010405346
23402,4.331084715557179
23403,1.1744954637533573
23404,3.6172507137247933
23405,1.8340782439568042
23406,1.8832554439962121
23407,1.734813271242352
23408,27.317087791437178
23409,12.720487373708435
23410,5.281979552763937
23411,1.6380705413591308
23412,4.651589781193675
23413,2.235006335055996
23414,2.438623873233009
23415,2.0361546426084627
23416,41.77457704133128
23417,19.28701342859264
23418,7.934159633550723
23419,2.3960777359634107
23420,6.990388311955736
23421,3.49076362367406
23422,3.618669639462002
23423,3.108465133707882
23424,33.354031287736106
23425,14.536709168586917
23426,6.576839461508628
23427,2.0014314864422764
23428,5.539745394078942
23429,2.702284440975346
23430,2.8384992816288555
23431,2.36019754103213
23432,22.520394658945442
23433,10.574461618594185
23434,4.705927414961209
23435,1.4059437437561444
23436,3.863801504725574
23437,1.8675070172043438
23438,1.9920992779018212
23439,1.6918913796583939
23440,15.39923970527747
23441,6.9757222241621
23442,2.9066981872440274
23443,0.9332268804594079
23444,2.5046461707808905
23445,1.3965328439675329
23446,1.4339840039149023
23447,1.237738167414649
23448,28.810493826258586
23449,12.975729134344414
23450,5.598908186916147
23451,1.5848067523490863
23452,4.683299792558825
23453,2.3564566879108266
23454,2.643249354900683
23455,2.1165108654616547
23456,23.689082737028635
23457,10.919794663508249
23458,4.862042600686943
23459,1.262977990287678
23460,3.9679643806809315
23461,1.9652210628756919
23462,2.0619737335218
23463,1.7776005286286662
23464,16.348981078586018
23465,7.302802205892449
23466,3.148740678319751
23467,0.9535471860564798
23468,2.625352994626575
23469,1.4077130644566824
23470,1.4597653766108218
23471,1.2626514786858878
23472,22.16001803925853
23473,10.575189620945471
23474,4.6205106631985835
23475,1.3592795226033152
23476,3.7236369550092974
23477,1.8293234857470175
23478,2.042385861132698
23479,1.7493984328471777
23480,14.345248442115796
23481,6.343955955772536
23482,2.77337516559523
23483,0.9678369165327447
23484,2.2917042574827606
23485,1.2934804108751163
23486,1.3439285916293329
23487,1.1375023076711115
23488,15.690026192673566
23489,6.629920454439316
23490,2.95521615246036
23491,0.9309550115475771
23492,2.529111099874724
23493,1.3301304162782572
23494,1.439074856853356
23495,1.1889334116910255
23496,31.95626683006062
23497,14.650614198974019
23498,6.238692772112596
23499,1.9193863598469774
23500,5.3791906374096445
23501,2.642647410486131
23502,2.8312507661788873
23503,2.3677517430620223
23504,17.84816388165797
23505,8.022419936894837
23506,3.576509652157968
23507,1.0353655832285726
23508,2.9700873372859804
23509,1.5345702838322586
23510,1.6564475749131535
23511,1.4046150263160015
23512,37.36142776361676
23513,15.854870607768827
23514,7.497636848319263
23515,1.9995299721798476
23516,5.8979341242540855
23517,3.0024343792881587
23518,3.345185962649919
23519,2.7034190673054375
23520,24.297411291288565
23521,11.305206314984602
23522,5.137946894122771
23523,1.5198550329261027
23524,4.129615450255093
23525,2.146899033702777
23526,2.284453714832445
23527,1.8150395912375543
23528,18.307643601358546
23529,8.250877144423715
23530,3.6090072354036016
23531,1.0465222800193001
23532,2.991092505055774
23533,1.5880161041065626
23534,1.6297740872498088
23535,1.4114614985280796
23536,49.198772589088584
23537,21.059856454484915
23538,9.06470924389161
23539,3.007407142222379
23540,7.981968714711669
23541,3.97512293554341
23542,4.0563386632503455
23543,3.520467416365309
23544,20.239978254228454
23545,9.589432461320676
23546,4.312484375254701
23547,1.1227091090983723
23548,3.583717142862212
23549,1.7526686772388382
23550,1.8363760072383777
23551,1.5257842708630764
23552,27.009902835318506
23553,11.441115863825212
23554,5.017146813955071
23555,1.7946787125572157
23556,4.263260358849234
23557,2.270898141082595
23558,2.381628306089931
23559,2.012024901856083
23560,31.394295306687578
23561,13.790036372901593
23562,6.29929394642463
23563,1.7972736571406203
23564,5.16276577607562
23565,2.5754761756098863
23566,2.840813069726408
23567,2.315407194131417
23568,22.852219511952196
23569,10.664345966889309
23570,4.679548659623735
23571,1.3798615247102874
23572,3.887781102873518
23573,2.0335249998037512
23574,2.1295494789050435
23575,1.7993389284352945
23576,23.996058452033058
23577,11.289556854944625
23578,4.989501206420677
23579,1.3206065945026062
23580,4.251448707949291
23581,2.054051564667125
23582,2.252904175368904
23583,1.9522185191561827
23584,14.719885015035171
23585,6.436444786683564
23586,2.963149413603433
23587,0.9380793927302271
23588,2.380738607025628
23589,1.2677441418510915
23590,1.3636859417457858
23591,1.1649889632112262
23592,38.90678536550717
23593,17.309087790410597
23594,7.27021339037355
23595,2.4627205958522067
23596,6.254586985394752
23597,3.1232154308481843
23598,3.1945265738870865
23599,2.808574218860273
23600,15.224038451069122
23601,7.279609357901804
23602,3.045884536159169
23603,0.9239079474741259
23604,2.539511205899905
23605,1.35269363111106
23606,1.4245543828114542
23607,1.2174588013980998
23608,15.866316076966738
23609,6.946196661384457
23610,3.056865270634742
23611,0.9500494255741945
23612,2.536121980912144
23613,1.3830532207072057
23614,1.4245003268156406
23615,1.2755169963916113
23616,23.367200172506394
23617,10.839586122008162
23618,4.5285456766418735
23619,1.4190275314141498
23620,4.096212762006152
23621,2.1188747726892685
23622,2.236466567364272
23623,1.86887614002798
23624,26.60084567809492
23625,12.559453235577323
23626,5.587998367851028
23627,1.5734199957155095
23628,4.596454392254507
23629,2.421309119850939
23630,2.7193045018749693
23631,2.2389336327189873
23632,18.489342505934786
23633,8.21282141333924
23634,3.5863408972450275
23635,1.1673203967350712
23636,3.152661585202033
23637,1.5237812947303924
23638,1.673219917107418
23639,1.3870487832647171
23640,20.208090237739096
23641,9.292263309396743
23642,4.258789850419038
23643,1.1523035998979303
23644,3.437080971311894
23645,1.8060140847799262
23646,1.836762478231082
23647,1.617333100796218
23648,56.407401561016435
23649,27.992340941174795
23650,12.034721991704517
23651,3.3311689506460116
23652,10.615527912149945
23653,5.14393241125362
23654,5.41889037768093
23655,4.5899786033984125
23656,16.105009715591194
23657,7.058705677977404
23658,3.256981995252286
23659,1.0345712908242213
23660,2.5851757696581537
23661,1.39169436764171
23662,1.5274149856546324
23663,1.2728104146856338
23664,17.34007402063782
23665,8.113836816099887
23666,4.995190803120813
23667,0.0911522686589106
23668,5.350638105535504
23669,2.093844396456653
23670,2.4106640736838756
23671,1.5895154189429705
23672,20.602050275535003
23673,9.31718762386844
23674,5.859981191815006
23675,0.10545561570048637
23676,6.519221731721392
23677,2.373909502967759
23678,2.8977790567258372
23679,1.8556834677036471
23680,18.312729599428188
23681,8.396627224719174
23682,5.2605754816300045
23683,0.09005297531949195
23684,5.588862313924554
23685,2.171393274717293
23686,2.6008573902579624
23687,1.6791423287357023
23688,16.87863975214216
23689,7.667152240467581
23690,4.928095527071856
23691,0.088321760594713
23692,5.141113579989229
23693,1.934606433717021
23694,2.455565391550775
23695,1.5720053769738498
23696,15.540947342250481
23697,6.9333187756222845
23698,4.468691386344084
23699,0.0839815319655984
23700,4.6648639462688095
23701,1.736471877628215
23702,2.127521549640507
23703,1.411888584985313
23704,16.564777444451583
23705,7.607823871995507
23706,4.629469080839221
23707,0.0835572540084713
23708,5.176066015649022
23709,1.8004520767498542
23710,2.3459230088913308
23711,1.533749559137385
23712,16.571475251630744
23713,7.662942158800412
23714,4.775961682547916
23715,0.0867301023389495
23716,5.313925451183647
23717,1.902910531403694
23718,2.359219645816386
23719,1.5201096888433638
23720,24.720874732339357
23721,11.365436549117488
23722,6.7909060529369265
23723,0.11979972124590432
23724,7.4094249804991055
23725,2.7890276328669366
23726,3.324773421634337
23727,2.1050355399089855
23728,28.782322670200955
23729,12.32869881176652
23730,7.090007103049964
23731,0.14133956533198702
23732,8.326597305825961
23733,3.191041008094418
23734,3.9035610219449928
23735,2.4606988424217127
23736,14.551347947416891
23737,6.816098908354678
23738,3.9595829134096046
23739,0.046280036982491425
23740,4.510980583960287
23741,1.6702781524007482
23742,1.9537412449773766
23743,1.3510640044884965
23744,20.306043380362834
23745,9.234412697924048
23746,5.615237766766199
23747,0.12077737967492587
23748,6.201440211904263
23749,2.342277798393594
23750,2.823583158270935
23751,1.891830734364342
23752,12.85764057150101
23753,5.824366648217531
23754,3.4015706219306763
23755,0.07204711924994442
23756,3.662751335451569
23757,1.3527517282778228
23758,1.6791112819427298
23759,1.1005403864057004
23760,15.177499999184025
23761,6.6614734778084665
23762,4.294304108422318
23763,0.0951997290381987
23764,4.748628188455028
23765,1.7205740741184221
23766,2.0902755921435845
23767,1.3981481171054613
23768,16.89598198915765
23769,7.967200975890806
23770,4.778637975576562
23771,0.09420016429160616
23772,5.014227315139272
23773,1.9120181375833425
23774,2.2806326372740946
23775,1.5599795234300955
23776,18.378382011262314
23777,8.254378027062605
23778,5.263893306556325
23779,0.11996943775877637
23780,5.51334805325161
23781,2.0898075878609084
23782,2.6119746491764024
23783,1.751883459573594
23784,25.057295337315193
23785,11.962063635298392
23786,7.0879191983879295
23787,0.1296841710166372
23788,7.629177034555672
23789,2.967531027684891
23790,3.5376184278203104
23791,2.2584957939180743
23792,15.204806662725343
23793,6.930326212555833
23794,4.389406392217996
23795,0.08748921698373026
23796,4.729378779845678
23797,1.7519812403676458
23798,2.1406046940313033
23799,1.4328423685683263
23800,39.65476090014926
23801,17.25693328456376
23802,10.444355160822253
23803,0.23929369328718111
23804,12.07952633415842
23805,4.480835379955715
23806,5.480795373352194
23807,3.4824477069038102
23808,19.370092588261436
23809,8.473185881966632
23810,5.150865267775826
23811,0.09731793889184814
23812,5.587759776180723
23813,2.119387085068549
23814,2.6147646687590163
23815,1.7186591045906818
23816,25.720191895562213
23817,11.028894897857226
23818,6.490716523359118
23819,0.11446085629750566
23820,7.239267241564164
23821,2.6717797950051367
23822,3.3784049140166377
23823,2.03369212808335
23824,36.26876749315731
23825,16.9020902070146
23826,9.234811242492237
23827,0.2503196629231886
23828,10.467603787275262
23829,4.266879326097331
23830,4.640706659390234
23831,3.2249469819472942
23832,32.399237411387865
23833,14.025933111090945
23834,9.085961512851235
23835,0.17640320509329724
23836,8.926482497366225
23837,3.396877211061345
23838,4.216882939046012
23839,2.65985342917888
23840,20.289349114619814
23841,8.888201621457286
23842,5.499922243160004
23843,0.11028862399297396
23844,6.058167527724483
23845,2.181030101165132
23846,2.7860176615871226
23847,1.7993842456843063
23848,14.408006714641314
23849,6.403678139767835
23850,4.05684253798963
23851,0.08477623919282541
23852,4.353968398773717
23853,1.638943882933741
23854,2.030239827277958
23855,1.262533183916707
23856,25.741804654378097
23857,11.441863129187508
23858,6.803672669524287
23859,0.13370481686317948
23860,7.5576487633056235
23861,2.847537499784612
23862,3.562910807101878
23863,2.2729575470222656
23864,21.27959348803482
23865,9.521490936929434
23866,6.026231875527468
23867,0.10334566870087691
23868,6.293327605736098
23869,2.3730544236150073
23870,2.7774536275425112
23871,1.8964569071206203
23872,15.492069385164605
23873,6.992333904326936
23874,4.253094052328533
23875,0.08949315510898898
23876,4.61781955179733
23877,1.7647393019014137
23878,2.0483797412294056
23879,1.3605610996570512
23880,19.48850109831878
23881,9.325284603521975
23882,5.649004240425467
23883,0.10231024699802828
23884,6.032411918027197
23885,2.2199801149000007
23886,2.703458453538392
23887,1.867938432999383
23888,13.571497603272263
23889,5.999392792712947
23890,3.6185785606461054
23891,0.10531408456222702
23892,4.272320432617507
23893,1.590173814799006
23894,1.8560407884414099
23895,1.3218911480089754
23896,14.758115806154951
23897,6.456706158271441
23898,4.032617887241457
23899,0.08395554571891516
23900,4.579978238669426
23901,1.66241821409088
23902,2.0780852653358886
23903,1.302502897280858
23904,30.787104291037014
23905,13.58987279763065
23906,8.4641622643984
23907,0.182171611793347
23908,8.894953841903115
23909,3.18536891182219
23910,4.061508751256543
23911,2.53585455400177
23912,15.419337590694946
23913,7.105803838475048
23914,4.437590678189047
23915,0.09516630631158612
23916,4.642588826018591
23917,1.7443216327074846
23918,2.175917590519045
23919,1.4355245625855662
23920,33.77808798601603
23921,13.84280870515287
23922,8.481032558434935
23923,0.20267081136480689
23924,9.296240456533054
23925,3.3548592186329915
23926,4.578882368682717
23927,2.9252563627448267
23928,21.655316406963582
23929,9.677106986253612
23930,6.176406043197476
23931,0.13553779971677835
23932,6.651236716234117
23933,2.4935694321632775
23934,3.091184628866972
23935,1.9643257906019198
23936,16.391602042584537
23937,7.463592930619551
23938,4.534256888965038
23939,0.0935578989826511
23940,4.98334687511052
23941,1.8697653886567542
23942,2.158616344874962
23943,1.4762697119056223
23944,43.812855846022636
23945,19.05524106784789
23946,11.484347697380274
23947,0.2646234572805947
23948,12.657387158958027
23949,4.844274870601133
23950,5.646190608560052
23951,3.9461155723864616
23952,18.1159379192075
23953,8.629100891763738
23954,5.418870122229541
23955,0.09461106519437462
23956,5.62936230002448
23957,2.145286091617436
23958,2.6035167926344847
23959,1.6558089937484806
23960,23.580364641337077
23961,10.746535619785474
23962,6.385589106492184
23963,0.1520653528923139
23964,6.936577007510276
23965,2.660186611913472
23966,3.3605899758232947
23967,2.0776789749656532
23968,27.519568716590477
23969,12.681492016147374
23970,7.569919498215917
23971,0.16669404737099625
23972,7.881168812715004
23973,3.0092296221643045
23974,3.689414288940273
23975,2.3876551711295066
23976,20.249697834836322
23977,9.199966968659345
23978,5.58522827896151
23979,0.10694138038735829
23980,6.141532240450123
23981,2.2448200849393087
23982,2.893364135546453
23983,1.8778629179436057
23984,22.638628319007037
23985,10.167054554918996
23986,6.060653201982619
23987,0.12349808901755951
23988,6.655209452112673
23989,2.395521652280306
23990,3.0633691091186828
23991,2.069796266014846
23992,14.248437924864957
23993,6.4152044101050585
23994,3.9815955677627786
23995,0.08624075286678735
23996,4.361138007694291
23997,1.5715605232687548
23998,2.0623914196446873
23999,1.3200315804627871
24000,33.570151822050576
24001,15.110163526386964
24002,9.448151234470506
24003,0.20597939498407236
24004,9.894519874479197
24005,3.679822589670242
24006,4.518982133674388
24007,3.051761492513043
24008,13.605038789825409
24009,6.010763049900676
24010,3.73248726613813
24011,0.06501627318265024
24012,4.018933444772027
24013,1.4770926727547147
24014,1.7839645608682688
24015,1.248073125436268
24016,14.862624824273924
24017,6.5531226755802
24018,4.252031658660748
24019,0.07820353968954201
24020,4.805294573826647
24021,1.7336157702169253
24022,2.0927871312677353
24023,1.3747043199501574
24024,22.318543667730275
24025,9.983257508502064
24026,6.0284833696926166
24027,0.11945060380411426
24028,6.655359802089052
24029,2.5153572506593163
24030,2.946400130772673
24031,1.9985896295705938
24032,25.06939446133441
24033,11.354753300209273
24034,6.451437098808521
24035,0.13277813502487207
24036,7.49266004173597
24037,2.8271038523970473
24038,3.535254466079905
24039,2.4025346556962286
24040,16.588763884879082
24041,7.874657399164025
24042,4.703596354760212
24043,0.10408237278286261
24044,5.288771111760029
24045,1.8748109671195359
24046,2.394965994854075
24047,1.5381802063065597
24048,18.762478675983758
24049,8.496159235904512
24050,5.219403801409368
24051,0.10413867373302321
24052,5.527053790571809
24053,2.1048200061168845
24054,2.4848246421389457
24055,1.6847633942466935
24056,51.984831002534136
24057,24.47216406954714
24058,14.567203162484246
24059,0.37405649541612307
24060,15.249507100636325
24061,5.9362427885325175
24062,7.304696291182555
24063,4.919011853497096
24064,15.241779334126301
24065,6.752881516824298
24066,4.3695114256524885
24067,0.09090627038752436
24068,4.632706905360852
24069,1.7492145574544844
24070,2.189502265101874
24071,1.4165410554157787
24072,19.39872012381441
24073,8.652686411690954
24074,4.63628450193341
24075,0.1350651627229774
24076,5.184723135016412
24077,1.9472129276168328
24078,2.2536157775339105
24079,1.5474886805610955
24080,21.237723879909428
24081,9.931170077112526
24082,5.417950571900469
24083,0.13421421561129426
24084,6.287269216720628
24085,2.348183628735154
24086,2.755594646681014
24087,1.8221250825548505
24088,18.940269620541002
24089,8.528475019560974
24090,4.9213121157273685
24091,0.1233836676721847
24092,5.3982549395653106
24093,2.1228426944982832
24094,2.476162048863026
24095,1.6572485144353546
24096,18.453103685218366
24097,8.084696700963638
24098,4.661778765297707
24099,0.12269647825675734
24100,4.978212310864859
24101,1.8389275349582732
24102,2.292920310051179
24103,1.475440929208546
24104,16.260455634701103
24105,7.3087429574320355
24106,4.12510181965066
24107,0.1025633183892827
24108,4.605130746071721
24109,1.6099785545530583
24110,1.9711500686867383
24111,1.3694500306867832
24112,18.18702765392211
24113,8.275621958339253
24114,4.670917759537737
24115,0.11170316832440358
24116,5.0103004264693185
24117,1.7345829529074144
24118,2.150643845203723
24119,1.4503847763152198
24120,17.550899915272698
24121,8.421111048197456
24122,4.5555831605960755
24123,0.1080392815877189
24124,5.199084436942803
24125,1.8577897811230624
24126,2.2495504692498978
24127,1.4900102626647265
24128,27.297385099736182
24129,11.731736486054675
24130,6.566775485416496
24131,0.183131249446361
24132,7.434140720351089
24133,2.6026886363904183
24134,3.2043508378792103
24135,2.1284354266033794
24136,28.624495946863952
24137,12.936951434212245
24138,6.979810403491862
24139,0.21708792394547033
24140,8.072531626276309
24141,2.9749667255948453
24142,3.8196912733365154
24143,2.3745595282469103
24144,16.226182511586348
24145,7.629725285211678
24146,4.019739539005109
24147,0.0850774041543
24148,4.499431824188218
24149,1.635058751492392
24150,1.9206633338720065
24151,1.3294967007330478
24152,22.01671458377523
24153,9.856037801752302
24154,5.498103385340805
24155,0.1385928019528957
24156,6.128252838113445
24157,2.2506355704508043
24158,2.65628823400186
24159,1.8446329299511084
24160,13.58686770871748
24161,5.783708166059622
24162,3.220850820058176
24163,0.0791007209549273
24164,3.5923810936105642
24165,1.290940844944993
24166,1.6138044244068983
24167,1.1183687356354564
24168,15.713914913826308
24169,7.079563005634016
24170,4.181549193837832
24171,0.11109044520786861
24172,4.55001139609678
24173,1.669823452574833
24174,1.9410045208118105
24175,1.372976089555368
24176,18.229124370579726
24177,8.43048780452772
24178,4.582086171686688
24179,0.1194856369118825
24180,4.755197768366375
24181,1.8033122904130872
24182,2.1049340392514404
24183,1.511603033973026
24184,19.443736712575603
24185,8.617319725720208
24186,5.053721326189592
24187,0.1402074453474732
24188,5.389613389853018
24189,1.9783845470756176
24190,2.424759118022632
24191,1.7074507901864646
24192,26.570878182136358
24193,11.780454309002488
24194,6.672731381095766
24195,0.18463903116383718
24196,7.387090803035103
24197,2.782480560766088
24198,3.3699660614891447
24199,2.201552669845733
24200,16.010827084198834
24201,7.401534242991265
24202,4.191335528291187
24203,0.10916234309507489
24204,4.492448538014991
24205,1.661565918926088
24206,1.938628992063439
24207,1.391706682390684
24208,41.79993394337718
24209,18.902972645796737
24210,10.463597748799849
24211,0.25586338135609554
24212,11.884058185387607
24213,4.467454940533585
24214,5.255076785038268
24215,3.5102719010964
24216,20.66068688688562
24217,9.099489511378748
24218,4.9930124044279
24219,0.1280518656419077
24220,5.55658206811259
24221,1.9900876051970553
24222,2.430483636696971
24223,1.6897915518165252
24224,25.380690234956354
24225,11.911981362196245
24226,6.21974457544911
24227,0.14751932049657995
24228,7.0967987243953425
24229,2.4947894336362393
24230,3.0817640667358193
24231,2.044805224929394
24232,38.360723381705306
24233,16.87787016393429
24234,9.44137351169662
24235,0.30298528359292176
24236,10.252262774092834
24237,4.0073932708843625
24238,4.585403784165118
24239,3.1454509666234824
24240,34.59961615613478
24241,14.499662792143683
24242,8.575421934792963
24243,0.23991082354975954
24244,9.12802226464831
24245,3.314138588449402
24246,3.865869541470017
24247,2.5966510141356887
24248,21.78964614534542
24249,9.516028776258937
24250,5.268200537986281
24251,0.15968082762525718
24252,5.798759950250877
24253,2.1682154033571486
24254,2.519635506846534
24255,1.7598422348937413
24256,15.62159382642121
24257,6.724184636156902
24258,3.8212914029249885
24259,0.10277069204319025
24260,4.2032722506960365
24261,1.598441675890449
24262,1.860460618183338
24263,1.2811876786062497
24264,28.24172167043747
24265,11.960992181849292
24266,6.47668586951216
24267,0.18862490135340537
24268,7.472702632848498
24269,2.7278394098167404
24270,3.366449073970027
24271,2.2593568785869125
24272,21.60948751271254
24273,9.662497446917099
24274,5.570248002114848
24275,0.13669445045780945
24276,5.895913854475895
24277,2.2073110977424175
24278,2.6021074186892603
24279,1.8312832592804733
24280,16.688242193913943
24281,7.468852851945841
24282,4.0927720508238385
24283,0.10942821558188408
24284,4.441415030654815
24285,1.6363290995127013
24286,1.924789530161772
24287,1.3382871525952325
24288,21.820742478432926
24289,10.12122623486881
24290,5.43821044488108
24291,0.15266207810507965
24292,5.895068691887991
24293,2.2289095517821877
24294,2.6269039570663026
24295,1.829891294288323
24296,14.588213893113265
24297,6.464016380625315
24298,3.6427225841455715
24299,0.10818203599414063
24300,4.039139394860316
24301,1.4791418755762276
24302,1.7833434302792952
24303,1.2402267443156485
24304,15.5037741871015
24305,6.871510042405525
24306,3.7792281573224256
24307,0.10587301531584584
24308,4.327006011103816
24309,1.5382093830155699
24310,1.8135653176451563
24311,1.2494369856268428
24312,33.25943025604937
24313,14.335856495812441
24314,8.146248353265626
24315,0.21263669466977272
24316,8.9698735769446
24317,3.218474581848569
24318,3.8461087733353363
24319,2.593772519546946
24320,16.806033742962995
24321,7.576687080963902
24322,4.072650903228078
24323,0.09378890276101745
24324,4.5863884400032635
24325,1.653724642031939
24326,1.9822055502115583
24327,1.3377164056246165
24328,34.27908024284199
24329,14.58725932086369
24330,8.411106004381514
24331,0.27992086573532554
24332,8.900663210313729
24333,3.257923176591417
24334,4.141197509293382
24335,2.7236575995418737
24336,23.588304934839833
24337,10.449650995001658
24338,5.8809528933011865
24339,0.1919669082130081
24340,6.451444255304145
24341,2.4638782238228814
24342,2.811434811006561
24343,1.9376463408123352
24344,16.793568933015727
24345,7.93591750379952
24346,4.4158791990807655
24347,0.11642887741745922
24348,4.788280309425091
24349,1.7701466379004611
24350,2.0259786735976353
24351,1.4227076895413637
24352,43.715145581931
24353,20.219309696936946
24354,11.388994229042583
24355,0.2616015365938507
24356,12.803100383109214
24357,4.742886281208628
24358,5.380859767122031
24359,3.7772033646543695
24360,19.539558271345598
24361,8.879827275356552
24362,5.188241856155563
24363,0.10927754252907808
24364,5.513381055528962
24365,2.06348258291806
24366,2.3973019637951465
24367,1.6549976194835327
24368,24.011404581343484
24369,10.951539640419197
24370,6.104759156678783
24371,0.18855660851607062
24372,6.5926942272080105
24373,2.5149217318944506
24374,3.0532986488898772
24375,2.0496023051957266
24376,29.87939990643272
24377,12.683666237044925
24378,7.1283350207287395
24379,0.21041949213527905
24380,7.878046115745804
24381,2.8904772741878397
24382,3.628067448908171
24383,2.355797599536423
24384,21.69043802728697
24385,9.48533226901709
24386,5.427634552767977
24387,0.1412380843537459
24388,6.071941318115873
24389,2.255122706592585
24390,2.6280119897687335
24391,1.8289744704637685
24392,24.00286230637705
24393,10.96011940471596
24394,6.022347030232029
24395,0.16253532637160514
24396,6.397359242380602
24397,2.3885326914117075
24398,2.9153169288100003
24399,2.092109907918512
24400,15.79105813338029
24401,6.850303663549339
24402,3.811079043518355
24403,0.10163335599187572
24404,4.141222515241694
24405,1.474613754194883
24406,1.868960331058998
24407,1.2661632545182875
24408,34.759081009010885
24409,16.152881665067945
24410,9.027577893715494
24411,0.25479362559859897
24412,10.094294092858602
24413,3.757625577644539
24414,4.301247681575003
24415,3.1231341696094903
24416,14.745941824340953
24417,6.728108366502457
24418,3.632985720603395
24419,0.08607396534376549
24420,3.8323281304926904
24421,1.4375969363995167
24422,1.7216161975749475
24423,1.1902491018178762
24424,16.131858112264087
24425,7.211582740823754
24426,4.13537102709263
24427,0.11035318758859061
24428,4.462492060402861
24429,1.6488297205844944
24430,1.90775800402892
24431,1.3395150878391648
24432,23.361534275282477
24433,10.464701817112632
24434,5.726655884463293
24435,0.16375169304360807
24436,6.376210949472831
24437,2.439600207663104
24438,2.880486712318703
24439,2.010563670582919
24440,26.858838513646898
24441,12.079384447654585
24442,6.611356097487189
24443,0.18376044381854503
24444,7.456501067466898
24445,2.8785123478408328
24446,3.498351715869006
24447,2.3745909272952512
24448,17.874036527643586
24449,8.260212390710283
24450,4.397299466123916
24451,0.12603178603832055
24452,5.011239744996545
24453,1.825097927802
24454,2.282706783659559
24455,1.4635509224822076
24456,20.661343054719108
24457,9.094128831088135
24458,5.018056895440291
24459,0.13848201157780518
24460,5.374623506765881
24461,2.0513433236972127
24462,2.4141071185356267
24463,1.654962461303747
24464,59.685267722923925
24465,26.91169876496897
24466,14.669080054954772
24467,0.3982988392770894
24468,16.345026203730765
24469,6.114103621279826
24470,7.514503493987639
24471,4.966197589944223
24472,16.227298810973696
24473,7.077321677575575
24474,4.171778325068057
24475,0.10650260556865744
24476,4.448570158632087
24477,1.68875846955112
24478,2.0296487270550885
24479,1.3387352161968735
24480,13.913634393027978
24481,6.584879663728089
24482,2.7662852156138658
24483,1.6803086569014007
24484,1.228433670619392
24485,1.2970276126454483
24486,1.1828327600397819
24487,1.213498372991662
24488,16.438695372469436
24489,8.021439278165015
24490,3.163576808422322
24491,2.09396806062615
24492,1.6323632288563357
24493,1.6343719020771212
24494,1.4491802923296497
24495,1.4696851035722684
24496,15.932279743982654
24497,6.876271175149386
24498,2.96699722142952
24499,2.0110874371226797
24500,1.2631567634871175
24501,1.444798666201573
24502,1.3276804870717904
24503,1.349127863887774
24504,15.189241274893954
24505,6.45865094829826
24506,2.9172176537534273
24507,1.7798162355559384
24508,1.314611773092034
24509,1.2937376625875365
24510,1.2174130650329231
24511,1.2402816783101949
24512,12.478112889584855
24513,5.687260459792514
24514,2.535337853666696
24515,1.5991327951190644
24516,1.172401171853693
24517,1.0996244517541693
24518,1.0184197718255885
24519,1.0737641708837398
24520,15.016121132792705
24521,6.546872506150786
24522,2.5702318757026474
24523,1.8912901563951128
24524,1.2708927471455516
24525,1.267856695033289
24526,1.1952074131442152
24527,1.2338975863788129
24528,13.9114006077962
24529,6.703554176783877
24530,2.670239189937412
24531,1.7910631588028605
24532,1.2375725023134396
24533,1.3231466657545135
24534,1.1464215397937731
24535,1.242746709172259
24536,19.12082174967553
24537,8.853912175216607
24538,3.2814930333889984
24539,2.685935426828117
24540,1.5561141219825918
24541,1.738263624892993
24542,1.5157892336764018
24543,1.6579018105529546
24544,22.649995176711776
24545,10.701795410419969
24546,4.185736371515917
24547,2.7832263097554333
24548,1.9376642037191112
24549,1.9793231387279477
24550,1.761995158534557
24551,1.9014163732190241
24552,12.209962234755256
24553,5.7417389823473775
24554,2.1553683975517717
24555,1.545636967345578
24556,1.074192031240495
24557,1.0618601066468272
24558,0.9693974594964061
24559,1.0764924122060886
24560,17.03812668042843
24561,7.716612078583985
24562,3.20261979165745
24563,2.0598751036984453
24564,1.483435541726924
24565,1.520479995635051
24566,1.4338891684081458
24567,1.4451281970490668
24568,10.282129173945018
24569,4.401197573919092
24570,1.8200143636559072
24571,1.2478257417737308
24572,0.9183152994071835
24573,0.9020827987437495
24574,0.7673654242461171
24575,0.8821961550332622
24576,12.865977334425038
24577,6.071974671839008
24578,2.7004849805799362
24579,1.5936722731461501
24580,1.2743730344461643
24581,1.1967998050701112
24582,1.1115437772314951
24583,1.1515397195869261
24584,14.029221145513864
24585,6.635138595749944
24586,2.600552389974416
24587,1.7319575303576022
24588,1.2678640840896167
24589,1.2708248711446473
24590,1.1713284778914435
24591,1.250651826971157
24592,16.20025214123344
24593,6.9467797591313
24594,3.086975424024683
24595,1.9907054194531206
24596,1.4215326732739795
24597,1.4216084548253527
24598,1.319018113316227
24599,1.3909570115241117
24600,20.930049195012074
24601,10.046192221684633
24602,4.220190737773569
24603,2.807282524951763
24604,1.9923994065312083
24605,2.1101837225263744
24606,1.7529020869808098
24607,1.9211074575383098
24608,12.237953812701559
24609,5.941293728783663
24610,2.4242037768258826
24611,1.5190351879963586
24612,1.1797526990123808
24613,1.1124808363046346
24614,1.0466853853752358
24615,1.1328577462217704
24616,33.093368989629866
24617,15.677784983221635
24618,6.30689231290931
24619,4.2552455020067415
24620,2.7678075408441676
24621,2.873181541565739
24622,2.448376594532025
24623,2.851281588413535
24624,15.443961514233205
24625,7.359684968578074
24626,2.9152422892573435
24627,1.9368142280724532
24628,1.3985924776969871
24629,1.3820618287195818
24630,1.2306902511919182
24631,1.3427932977440251
24632,19.84452474506484
24633,9.746005474197187
24634,3.8151445129036934
24635,2.7628137364147562
24636,1.7845373576493946
24637,1.800863603672252
24638,1.6719181614145129
24639,1.763998602070473
24640,29.677000396468866
24641,13.521846408083269
24642,5.38236214024546
24643,3.5348567476072206
24644,2.7806496562332192
24645,2.6265864035229574
24646,2.3223889920009357
24647,2.5327865470850655
24648,26.227497632215997
24649,11.892076068089585
24650,4.781547326672211
24651,3.5678918237976087
24652,2.355140903664144
24653,2.3303822312982994
24654,2.0868467608543644
24655,2.284598648655348
24656,17.911258247247677
24657,8.082415488443278
24658,3.204961121639104
24659,2.149877387974036
24660,1.5806815511680246
24661,1.5693560406403602
24662,1.3924718006966101
24663,1.4642455109082317
24664,12.607330889572545
24665,5.695555131506947
24666,2.3223887996437163
24667,1.5784736178516128
24668,1.1892959120252007
24669,1.1977496876302889
24670,1.1156666494637424
24671,1.0909494563486692
24672,22.01259079820801
24673,9.789095886195353
24674,4.100186130460486
24675,2.8132260381150522
24676,1.853823822335328
24677,1.9010521572471542
24678,1.755249539830219
24679,1.9061904607634885
24680,17.428913298669666
24681,8.172156773712475
24682,3.34973577797213
24683,2.153941372963431
24684,1.5454593597531794
24685,1.563969667930912
24686,1.4172903393239469
24687,1.481731796521401
24688,12.816751403238586
24689,6.030812238174871
24690,2.434498024028912
24691,1.5787216273123712
24692,1.1976206034765162
24693,1.1256132816155062
24694,1.066842477913971
24695,1.1288708161850947
24696,17.583391005365208
24697,8.39510897890446
24698,3.147967497951681
24699,2.220212042317877
24700,1.4571454994222335
24701,1.5290806704847886
24702,1.4448932394839598
24703,1.4779180076945508
24704,12.127245869768327
24705,5.689358087653587
24706,2.268892032031431
24707,1.3931139351247148
24708,1.1749815074515737
24709,1.0896318843401769
24710,0.999574186225941
24711,1.005966812039278
24712,12.492429929462832
24713,5.787838033831644
24714,2.3497122957133603
24715,1.4658556504484677
24716,1.1588802376927425
24717,1.1571336767346672
24718,1.0385865630605948
24719,1.0847425337703045
24720,25.22369473429092
24721,11.512502644962717
24722,4.6818844646572835
24723,3.2567870341135707
24724,2.3114762905442268
24725,2.240666032162744
24726,2.008712431196138
24727,2.2693077424846817
24728,13.179164540751254
24729,5.858967040421311
24730,2.435386825071735
24731,1.676392885889191
24732,1.2055526730373214
24733,1.174946211658046
24734,1.0663581743100556
24735,1.1433489077826144
24736,27.07195669866641
24737,12.00039519853141
24738,5.369932899994726
24739,2.9817930669480424
24740,2.564045895378029
24741,2.265403438846782
24742,2.0360351394125873
24743,2.2854601071356355
24744,19.159091892869576
24745,8.733952813474083
24746,3.7639578729245406
24747,2.4218797920322475
24748,1.8212687207845897
24749,1.7433006152164932
24750,1.54384665641882
24751,1.5810032160012961
24752,13.821450350131101
24753,6.532788733427839
24754,2.835857505135059
24755,1.691971572170628
24756,1.2850658714129133
24757,1.2590903506208329
24758,1.1690762852194798
24759,1.180329945941784
24760,33.677155948154855
24761,16.05615338148533
24762,6.946052217444094
24763,4.268393752132377
24764,3.0662843138154456
24765,3.123251035800144
24766,2.6862760964520795
24767,3.0105222755123577
24768,15.216525689625515
24769,7.042580531697723
24770,2.9313786571914564
24771,1.9710373139567219
24772,1.3521440401977745
24773,1.3420669869541884
24774,1.2206886565090882
24775,1.307773660429203
24776,19.448969881573618
24777,8.849246765338886
24778,3.491463600286872
24779,2.662335568349439
24780,1.7665029934640422
24781,1.7747809970903345
24782,1.5777637156863613
24783,1.64065905819286
24784,23.358520542562736
24785,10.35827135839487
24786,4.463020264355655
24787,2.9591263917716777
24788,2.0904469638962278
24789,2.145183718961237
24790,1.9905828209141554
24791,1.9853277984612736
24792,17.45036817284828
24793,7.779479679561656
24794,3.19893064604895
24795,2.0947550383837115
24796,1.501551548070788
24797,1.5977695513346255
24798,1.4795259132589
24799,1.500200961795456
24800,18.093946582795265
24801,8.601071692621437
24802,3.6387401389417144
24803,2.1685956826938733
24804,1.7113991762565806
24805,1.6346055587732573
24806,1.4922029052237944
24807,1.6279741757164914
24808,12.819487943889431
24809,5.846571149325796
24810,2.410104886650166
24811,1.533400414860075
24812,1.2645780364841823
24813,1.1825519656527492
24814,1.0738988164877081
24815,1.0863851962545188
24816,27.003961838099727
24817,13.345943871284689
24818,5.476009342977442
24819,3.7873262480230365
24820,2.4204315613391962
24821,2.530671970401208
24822,1.9579295093919666
24823,2.49365563674155
24824,11.279900419837206
24825,5.196688066720991
24826,2.115702960845524
24827,1.4386329560771938
24828,1.0297907665725352
24829,1.0436684795116373
24830,0.8696643225312405
24831,1.012447442017988
24832,12.553480135858363
24833,5.95764533749168
24834,2.4580495997618335
24835,1.5371922749288596
24836,1.1862863463367153
24837,1.1525679142126872
24838,1.0651769923158914
24839,1.1551088796329878
24840,18.480112537182638
24841,8.725505268356017
24842,3.367822902459965
24843,2.3681249758133798
24844,1.6149885095357295
24845,1.7399851150437171
24846,1.4906182838763784
24847,1.622373089656565
24848,20.828485765947086
24849,9.657796800817543
24850,4.191501798597936
24851,2.7029895421836194
24852,1.9699494163226334
24853,2.0615885903818207
24854,1.903887069383555
24855,1.9609511223186815
24856,14.897969768976145
24857,6.65525911171454
24858,2.6321372557210796
24859,1.9234185301261666
24860,1.1711417329284026
24861,1.2807742252104801
24862,1.1815281461273759
24863,1.2662566633674361
24864,15.600697838837284
24865,7.316013456483448
24866,3.1388698123226737
24867,2.0019039695529246
24868,1.4295641527950538
24869,1.5093264289556592
24870,1.3119625986828882
24871,1.407722899073286
24872,42.674041651545565
24873,20.43576164072012
24874,9.06380772248953
24875,5.147945221452805
24876,4.123139078153098
24877,3.9529180969019935
24878,3.5680341901287003
24879,3.8028520595598683
24880,12.998481120464602
24881,5.909741931952792
24882,2.489990547094131
24883,1.5928333801719967
24884,1.221662115567048
24885,1.2139149021567075
24886,1.1105897473239494
24887,1.104870890246586
24888,19.296974045472357
24889,8.407153146263637
24890,4.700543903599686
24891,0.15579263775359842
24892,5.149049267385334
24893,2.051621157518572
24894,2.3673728995576853
24895,1.6175909472154517
24896,21.279490422171307
24897,9.934304704401097
24898,5.702088091092681
24899,0.13158231670905834
24900,6.454168271983768
24901,2.4658787524998558
24902,2.8189984119644396
24903,1.8794695350441044
24904,20.096971946022414
24905,9.273501837932473
24906,5.240958398714332
24907,0.11535985943080787
24908,5.907374647773096
24909,2.1461437916419226
24910,2.6980736826620957
24911,1.707638949850509
24912,18.761672785010138
24913,8.239043231942821
24914,4.959664787945835
24915,0.09534428943644076
24916,5.241635241213016
24917,1.9722436526783496
24918,2.369317267882845
24919,1.5877074685083854
24920,15.925345859996014
24921,6.955670756143492
24922,4.234372598718651
24923,0.0895639047746126
24924,4.761456619679418
24925,1.7054889069158556
24926,2.156092719584273
24927,1.426344833128662
24928,18.04552624209899
24929,8.143966210622812
24930,4.810603312886703
24931,0.09373948746513075
24932,5.056431835967393
24933,1.764503266105306
24934,2.2614563626117117
24935,1.5075529335003566
24936,17.514853008011595
24937,8.35688495003291
24938,4.745924678259281
24939,0.10302819435512288
24940,5.4331907165382205
24941,1.9963487047510124
24942,2.3452815502370736
24943,1.6266530251400098
24944,26.03425827100207
24945,11.49595308555274
24946,6.479384300174613
24947,0.15362470928935415
24948,7.326454227735064
24949,2.6996755509992143
24950,3.2751707927584506
24951,2.1850115631837124
24952,30.394494670545505
24953,13.180349465215619
24954,7.307780652242898
24955,0.18952593871675533
24956,8.55806530095277
24957,3.164669118209458
24958,3.9662261787046624
24959,2.5625757269127467
24960,15.295697693895148
24961,7.075453701534034
24962,4.027606713503535
24963,0.06737893085667641
24964,4.4909095226137445
24965,1.6561017162578666
24966,2.022337041441842
24967,1.366703715723539
24968,21.734589682399992
24969,9.763324315329776
24970,5.4524592341275335
24971,0.13521091134801935
24972,6.100573433835162
24973,2.328967451408628
24974,2.794704124388686
24975,1.9235095799899438
24976,13.058170511623388
24977,5.773060140336194
24978,3.270164878841149
24979,0.12571595081706696
24980,3.3587483834626215
24981,1.2608204042613238
24982,1.5754719452038133
24983,1.0521446346167425
24984,16.34082373277734
24985,7.152830214264698
24986,4.216365340746379
24987,0.09780173333573265
24988,4.654278164983255
24989,1.690317611100996
24990,2.079852707624546
24991,1.4272022616604139
24992,17.764153366495528
24993,8.243931017493308
24994,4.750009188598687
24995,0.12456224422181385
24996,5.009635748468927
24997,1.9422700130796284
24998,2.252640640099877
24999,1.5871782854320853
25000,20.52384250470561
25001,9.219248102421432
25002,5.319557088782894
25003,0.13849029787821726
25004,5.637372297198303
25005,2.0831167764793745
25006,2.5956505216277956
25007,1.8000903076991384
25008,26.84920265831437
25009,12.395149320810331
25010,7.1473739539725925
25011,0.18359043578453532
25012,8.004928994973877
25013,3.02241200580704
25014,3.5789310881105085
25015,2.4048762942051973
25016,15.842037251172423
25017,7.21391881408006
25018,4.311492537551464
25019,0.09268041344110915
25020,4.726950636437799
25021,1.7370837892401298
25022,2.0979616336058293
25023,1.4814765026828727
25024,42.60035934355666
25025,19.206262203973726
25026,10.692074489002225
25027,0.2924266698149492
25028,12.204936480623035
25029,4.632179596873259
25030,5.497869401642233
25031,3.723033731672277
25032,20.761264222649192
25033,9.242604075896622
25034,5.223445548537609
25035,0.10316229915077169
25036,5.994906941101683
25037,2.114512456927651
25038,2.5971250487460122
25039,1.7824448165616704
25040,25.114434681121736
25041,11.772903643164979
25042,6.418227033232581
25043,0.14256672642011253
25044,7.431155866205518
25045,2.6359028238171063
25046,3.2534598852862984
25047,2.198243538679033
25048,38.848734317899535
25049,17.254552907569277
25050,9.994480486339414
25051,0.2764785991545607
25052,10.952055102968203
25053,4.254710861785482
25054,4.892470245831711
25055,3.368290276533203
25056,34.93722704977388
25057,14.790528905254417
25058,9.077278743188042
25059,0.21901632612465252
25060,9.559969757876127
25061,3.483280782985564
25062,4.217239353796999
25063,2.7194648433121613
25064,21.86957926940725
25065,9.634993401530835
25066,5.788766104030924
25067,0.15002784308323053
25068,6.032004495853902
25069,2.2271684971245196
25070,2.8242195939699326
25071,1.8947543874707768
25072,15.553106404687487
25073,6.906366796576457
25074,3.9930189883044735
25075,0.0790381864276854
25076,4.290215562735501
25077,1.6990592606948416
25078,2.013931324735814
25079,1.3102334168578234
25080,28.500503642908114
25081,12.692178325148719
25082,6.89581497088688
25083,0.1616924993521784
25084,7.930030639541047
25085,2.866868453641656
25086,3.728479982684843
25087,2.36190570355605
25088,22.54237819108982
25089,10.089153850667715
25090,5.550987308714136
25091,0.13784663791619683
25092,6.138112547081105
25093,2.322959383825865
25094,2.784589442569258
25095,1.926438125549873
25096,16.037620744459325
25097,7.2056527471753515
25098,4.169159226949602
25099,0.1010486789175746
25100,4.5149252101567106
25101,1.8139105897564374
25102,2.059076521649995
25103,1.3945015355765074
25104,21.569812773031952
25105,10.11107002774575
25106,5.604095105601286
25107,0.14413064759915686
25108,6.082318333628506
25109,2.207935448122078
25110,2.8018228030968633
25111,1.9120381413035734
25112,14.626889888177907
25113,6.342199543749041
25114,3.609802661019114
25115,0.1332125550165443
25116,4.183070567591838
25117,1.5774185981331934
25118,1.821476865988588
25119,1.284191821208332
25120,15.802874557469417
25121,6.84325181330093
25122,3.9900068404616977
25123,0.09932423627597768
25124,4.578857658575069
25125,1.592207879473504
25126,1.9796309338195244
25127,1.2850425641083325
25128,32.69466492251281
25129,14.131415743647468
25130,8.388102444250274
25131,0.20208936528312066
25132,9.18298073052082
25133,3.2937643606413283
25134,4.021759681719634
25135,2.5975015438352593
25136,16.237738297665267
25137,7.274779654501246
25138,4.484685544112091
25139,0.09657609962338012
25140,4.780194960737326
25141,1.6954176244911061
25142,2.1749128001306386
25143,1.4463252246625298
25144,35.95564146666595
25145,15.55836934086764
25146,8.795901142397696
25147,0.28329340385573365
25148,9.480801450906062
25149,3.5151503689353385
25150,4.510581579710269
25151,3.0758156710742446
25152,23.402137345380076
25153,10.211934516072086
25154,6.039739231616318
25155,0.14457465125442853
25156,6.593158338272169
25157,2.508624631781068
25158,2.990484833066254
25159,2.0270403346744073
25160,17.225020793252458
25161,7.8895341454762775
25162,4.643281389084091
25163,0.11372385398811082
25164,5.054607671152082
25165,1.8773685794529276
25166,2.162078026794892
25167,1.4885788687479733
25168,44.89178417575428
25169,20.628453610615985
25170,11.536480399552177
25171,0.2998484464985928
25172,12.949399679784129
25173,5.001864557175536
25174,5.586437363341049
25175,3.8954684811221223
25176,19.952850097616835
25177,9.522955899350862
25178,5.411817440979425
25179,0.11681093584596626
25180,5.888465584043664
25181,2.1302283916181137
25182,2.615301844914873
25183,1.648560592405428
25184,25.253654219987656
25185,10.734200569979294
25186,6.413890836356962
25187,0.17608797289307537
25188,7.047146640154539
25189,2.679672371816779
25190,3.1743843108852015
25191,2.0764355547050797
25192,29.39176895206039
25193,12.306399596545605
25194,7.681751186119357
25195,0.17389066539130854
25196,8.451841478631287
25197,3.085404227468029
25198,3.8604206262711176
25199,2.446248138257692
25200,21.973910023671927
25201,9.83434464674949
25202,5.524785734444555
25203,0.1339350441841928
25204,6.228694953646691
25205,2.376645832663593
25206,2.761832304296938
25207,1.9266594543010187
25208,24.052455712534343
25209,10.627683698027742
25210,5.997559319140529
25211,0.16073403416169144
25212,6.681199756100632
25213,2.406930610834229
25214,2.9218263612534248
25215,2.1505343946541546
25216,15.66627174810068
25217,6.925737748771969
25218,3.94078213195442
25219,0.12240688955131608
25220,4.594219728347858
25221,1.5754066553026087
25222,1.9714112814513347
25223,1.3649151216272413
25224,34.809513177812256
25225,16.028504366868518
25226,9.512543027542312
25227,0.21926867799897806
25228,10.374772822418572
25229,3.8926759540589853
25230,4.531537386262493
25231,3.153822365394721
25232,15.150041393566912
25233,6.869683094343516
25234,3.732934796297713
25235,0.07713948145572183
25236,3.936323402177549
25237,1.4661164716779098
25238,1.7406977926519105
25239,1.255243644231209
25240,16.347362632019376
25241,7.12610085250615
25242,4.374693609876234
25243,0.10201718340098703
25244,4.725764434662475
25245,1.7616602386691558
25246,2.0996860742574515
25247,1.4180702589724088
25248,24.194113411083833
25249,10.743767336107082
25250,5.799305382281923
25251,0.14370772679965058
25252,6.873017825279891
25253,2.4783462584704163
25254,3.039126002605227
25255,2.0542641415941163
25256,27.498651751409753
25257,12.12566093379894
25258,6.693193056588004
25259,0.1664042385739878
25260,7.597079007353912
25261,2.8956542709565865
25262,3.5459789608226626
25263,2.3944373223909037
25264,18.29554726232542
25265,8.181168222860874
25266,4.597082806051631
25267,0.10485961173816383
25268,5.278976170295029
25269,1.874813247255843
25270,2.3635538903144058
25271,1.5473050665289756
25272,20.242334472926355
25273,9.123996667989994
25274,5.108122256713973
25275,0.13561765360694594
25276,5.514024134897393
25277,2.0427705576121813
25278,2.4990282529202568
25279,1.7317665337908585
25280,55.306222717057096
25281,26.651523175165465
25282,14.835591771650684
25283,0.3830790693599857
25284,16.272448232001135
25285,6.295001978835784
25286,7.70443251247169
25287,5.285582534919103
25288,16.504367229745743
25289,7.196009146498839
25290,4.257431848098048
25291,0.11061763933149608
25292,4.590360568792514
25293,1.7074391677908074
25294,2.0655657630928905
25295,1.4179706981709008
25296,17.286768967684385
25297,7.85421084497757
25298,4.915129253318746
25299,0.1052979324006718
25300,5.426693329642631
25301,2.1424795185000023
25302,2.488409922970099
25303,1.6062231073481574
25304,20.652719826788978
25305,9.131752774106928
25306,5.967755811684775
25307,0.1180693153845955
25308,6.600005168620878
25309,2.4549147334600088
25310,3.0183463893597606
25311,1.935246048495742
25312,18.967627001176545
25313,8.649240403691625
25314,5.400246364839111
25315,0.08676353653822738
25316,5.948647682375692
25317,2.1903328315504167
25318,2.6410071257493044
25319,1.75172918016309
25320,17.281534019563512
25321,7.813151868121744
25322,4.984900007557164
25323,0.0840639075129126
25324,5.099892379169803
25325,1.969501226826295
25326,2.445875950053441
25327,1.6017590696577357
25328,15.339894569065764
25329,6.894722491255217
25330,4.597761137247283
25331,0.08797362531012258
25332,4.8453942033588975
25333,1.7701388300890812
25334,2.178417654721844
25335,1.404840038513373
25336,17.664342156913918
25337,7.6698723421975
25338,4.980934179294566
25339,0.08436475681294367
25340,5.4222859372474215
25341,1.8940772121861442
25342,2.4637596319294706
25343,1.5538532527794886
25344,17.039174998614
25345,7.838592324087525
25346,4.800811380714526
25347,0.09197093457581793
25348,5.421594473340238
25349,1.986083962531948
25350,2.3837953495717548
25351,1.5932922456371283
25352,25.045908780357493
25353,11.463022429760663
25354,6.827620924290912
25355,0.14420655131523344
25356,7.716727527956926
25357,2.850559678316168
25358,3.500358891377312
25359,2.2239897543294975
25360,28.267853613059916
25361,12.575763734347102
25362,7.438792583185877
25363,0.1466852798306084
25364,8.465257117241554
25365,3.154971208292102
25366,3.9963508708313698
25367,2.5011184200944925
25368,15.065466671981456
25369,6.949579457510299
25370,4.303827076997834
25371,0.06966570447199172
25372,4.610569634549585
25373,1.740472455204436
25374,2.0052097266852114
25375,1.3596376652240343
25376,21.514560962726044
25377,9.700526601526942
25378,5.752442703595507
25379,0.11820091490075935
25380,6.297784208987292
25381,2.3765861341066015
25382,2.8387009427596395
25383,1.9572662176705329
25384,13.132800315183326
25385,5.711534853917772
25386,3.459414309721727
25387,0.050554920956524946
25388,3.642394339183092
25389,1.3561864610071317
25390,1.6131796469761304
25391,1.1328345462842788
25392,15.110112608647423
25393,6.844674771420837
25394,4.456537067619107
25395,0.07533286595713268
25396,4.997019468425503
25397,1.7805795334465901
25398,2.1806049326758363
25399,1.4766039895649994
25400,17.29192932001153
25401,7.782594657197642
25402,4.930593768797458
25403,0.0902500010585074
25404,5.063136340440486
25405,1.9339434024944007
25406,2.3263011330987755
25407,1.605359859229228
25408,19.05200517627554
25409,8.188733307479295
25410,5.31286428908332
25411,0.11972021235279762
25412,5.76701917743242
25413,2.121882340519179
25414,2.670369476790626
25415,1.7629318283279232
25416,25.07895931748398
25417,11.65846648887122
25418,7.235433174817026
25419,0.15760979940246866
25420,7.60372566703038
25421,3.0702908095524832
25422,3.820227941051416
25423,2.423216929333702
25424,15.189233443148352
25425,6.999845627667217
25426,4.580032665884355
25427,0.06217650082405934
25428,4.867186383947228
25429,1.8433984683845221
25430,2.18680307177302
25431,1.5278163838202323
25432,43.644493027840895
25433,18.665319707353277
25434,10.924559522777445
25435,0.2560821882793321
25436,12.53787233273692
25437,4.544452941228109
25438,5.815956491419978
25439,3.707049493883313
25440,19.184030385567592
25441,8.618463723799662
25442,5.5004361334037535
25443,0.10001548392503774
25444,5.82620248553098
25445,2.1948076796474574
25446,2.7050103185307353
25447,1.7339759022780319
25448,24.36062434910187
25449,11.475762358586124
25450,6.432211165917923
25451,0.11862132118032782
25452,7.447959339992285
25453,2.6999260110003744
25454,3.487884024416118
25455,2.0786701453144723
25456,37.80057541074227
25457,16.886385934438156
25458,9.811780067275025
25459,0.2172598500701011
25460,10.846727928410385
25461,4.361456850093023
25462,4.9104281868847615
25463,3.352107905527762
25464,32.08219038936504
25465,14.46843359864061
25466,9.019106467353335
25467,0.1703441145115475
25468,9.238776246766177
25469,3.4282127930044317
25470,4.233138537314494
25471,2.6993666427423126
25472,19.664726000967594
25473,8.830906058077408
25474,5.417635514618586
25475,0.12234447520820808
25476,5.946037222457489
25477,2.2475989438308432
25478,2.8348867479809274
25479,1.8477651115430183
25480,14.972092890896334
25481,6.592686848148434
25482,4.030990292889245
25483,0.07313372468663948
25484,4.527037707990968
25485,1.6968225199662699
25486,2.096243298176033
25487,1.3446619827478647
25488,27.744048750165742
25489,12.136138440387722
25490,7.198618113439924
25491,0.14016507337028852
25492,8.179316014716528
25493,3.152268887355303
25494,3.8506128860878372
25495,2.388075014965005
25496,22.20849012241772
25497,9.640747262780984
25498,6.087007433478912
25499,0.11504880475503321
25500,6.30767048026106
25501,2.475516833769893
25502,2.8383469525242506
25503,1.9768442262376031
25504,15.374910873509345
25505,7.082752934792912
25506,4.388428968349772
25507,0.06807655727506097
25508,4.7305579161989195
25509,1.836255063781924
25510,2.149983705257336
25511,1.4194366839764332
25512,21.480712021690763
25513,9.501085706219325
25514,5.741075713142823
25515,0.10732935758525955
25516,6.106061281466037
25517,2.2637344450831565
25518,2.859194207102026
25519,1.9034336969977383
25520,14.003770391000582
25521,6.049358640166515
25522,3.775978784503556
25523,0.056807213371514266
25524,4.453483891377487
25525,1.6219718986275864
25526,1.8639062497943188
25527,1.2564006004999297
25528,14.576356436604673
25529,6.486243524036108
25530,4.123729977758097
25531,0.07652216735432489
25532,4.665888428936956
25533,1.6447557721271457
25534,2.1255605682276344
25535,1.3010502863259357
25536,31.126855985345372
25537,13.748693114116639
25538,8.417870479584726
25539,0.1665073697962924
25540,9.325507177115275
25541,3.2009888328953426
25542,4.213164273936888
25543,2.5694417351712957
25544,15.121649536821566
25545,6.868173676771137
25546,4.552607982095928
25547,0.06891526567477656
25548,4.733745233979025
25549,1.7377918841150242
25550,2.1971020214629404
25551,1.4319116719495595
25552,34.377215311194604
25553,14.438099301159856
25554,8.893214901270142
25555,0.23164661867007522
25556,9.786635544260726
25557,3.531841768183735
25558,4.727417913802748
25559,3.1392270275512155
25560,22.256298896360477
25561,9.981965958129155
25562,6.23361791670495
25563,0.12176957334367382
25564,6.859513013576519
25565,2.607483939002855
25566,3.2747767702791917
25567,2.0136520838772016
25568,16.387332035258613
25569,7.555185368215852
25570,4.753224931136666
25571,0.08447104970668544
25572,5.014494649566789
25573,1.9149010636208954
25574,2.2380902427176412
25575,1.5227619214809227
25576,44.18504399558548
25577,19.252337284619205
25578,11.647335357539555
25579,0.24898336149293007
25580,13.058558611708445
25581,4.81171001668947
25582,5.791675323767396
25583,3.869777544664206
25584,19.40255343040958
25585,8.769802914671937
25586,5.552133027173062
25587,0.08250938225527525
25588,5.968470028219397
25589,2.2771922355891645
25590,2.6758355661318407
25591,1.7580997158933878
25592,24.468925965298354
25593,11.067247378435344
25594,6.457617142003522
25595,0.13679132471296895
25596,7.360281995854085
25597,2.7797959345352017
25598,3.3451631455691953
25599,2.1431901890197653
25600,27.740657546570223
25601,12.175118830290382
25602,7.759483323678176
25603,0.14851741941884714
25604,8.21631898117934
25605,3.1336197971904833
25606,4.068491673264855
25607,2.5592314477314684
25608,20.924822385616967
25609,9.178687317895372
25610,5.736008525442889
25611,0.10889500890306017
25612,6.210241936540563
25613,2.328287937312421
25614,2.8276570840767845
25615,1.966632296161357
25616,22.757650380854997
25617,10.514493840486871
25618,6.3074768019899405
25619,0.1245796477593153
25620,6.882833231573368
25621,2.5031300726216754
25622,3.2663615131890977
25623,2.165351887376729
25624,14.880540833128729
25625,6.532929792873658
25626,4.123224680140865
25627,0.07154624429419107
25628,4.603136011625834
25629,1.6489911171823624
25630,2.099390990734226
25631,1.3517857855763167
25632,36.03542132102645
25633,16.542121830301372
25634,9.61431465786043
25635,0.21404915520253423
25636,10.44664586325886
25637,3.896757800390461
25638,4.696965827709421
25639,3.171213452802358
25640,14.312896837287902
25641,6.635620123106586
25642,3.913717286378087
25643,0.07411184844330186
25644,4.2443329972065476
25645,1.5740889693852778
25646,1.8763628885841819
25647,1.3265846748414727
25648,15.133974463575429
25649,6.590006061802318
25650,4.36801849448515
25651,0.07722897518199383
25652,4.772738822909544
25653,1.7495000398766076
25654,2.2195282922237483
25655,1.4141669197645892
25656,22.568457100839506
25657,10.032013140177481
25658,6.107894782630764
25659,0.09944934959855685
25660,6.784379413100114
25661,2.5840988181069022
25662,3.248303390229674
25663,2.1681133342215246
25664,25.956724517547862
25665,11.663033615570647
25666,6.860971689748613
25667,0.1315569901585716
25668,7.68653637603965
25669,3.0151240558561017
25670,3.6692876242489083
25671,2.4854218500548773
25672,17.091398447420747
25673,8.143536138110882
25674,4.764567912449806
25675,0.09046417108708783
25676,5.378385652832209
25677,1.96983203664504
25678,2.4006260747990145
25679,1.6585281050819543
25680,19.055978304308823
25681,8.530434776478714
25682,5.388873110744565
25683,0.1066458184942544
25684,5.605798044069771
25685,2.1652963402587377
25686,2.594157151625278
25687,1.7438578209441695
25688,53.893520082703986
25689,25.38770845672775
25690,15.071883129522275
25691,0.3527082120501551
25692,16.17742194830398
25693,6.04356548515908
25694,7.4787576062227155
25695,4.881805691605031
25696,15.196055382899285
25697,6.616668123025228
25698,4.45057838809785
25699,0.07283553647739545
25700,4.788461971204098
25701,1.7360391849600416
25702,2.3026652333291824
25703,1.4159714903339586
25704,20.601184884184914
25705,9.660540523491315
25706,4.416128081881432
25707,0.7984889149632645
25708,4.195960253289172
25709,1.9214054410014505
25710,2.00788517726709
25711,1.5896946962890197
25712,23.070945109446583
25713,10.659898601728186
25714,5.275823774431105
25715,0.7546298380609209
25716,5.096050591657694
25717,2.215029884580079
25718,2.406514885130831
25719,1.8245549109316637
25720,21.460351013086957
25721,10.1075358080795
25722,4.6352441676159
25723,0.6142638808077495
25724,4.562418133661893
25725,1.9486743131496715
25726,2.1369341327780322
25727,1.618217828126827
25728,20.16914875275734
25729,9.449196986415616
25730,4.382298591895956
25731,0.6573701324425123
25732,4.069410167406087
25733,1.8094469240747204
25734,2.0793225045326973
25735,1.5583230399133785
25736,18.69289288224686
25737,8.507513377576528
25738,4.034247103243738
25739,0.6894608518002602
25740,3.895763775456089
25741,1.6652567066367516
25742,1.8911931708322525
25743,1.4312590037471977
25744,20.538935810594644
25745,8.893323873662835
25746,4.23197509240645
25747,0.5368534667008007
25748,4.220507072580635
25749,1.717042309311
25750,1.9760014013590965
25751,1.4698199717137725
25752,20.435279647853342
25753,9.766063549728072
25754,4.343247418668157
25755,0.7600559395651822
25756,4.259927541889746
25757,1.8904546557829207
25758,2.0242003712628476
25759,1.6319030004505624
25760,29.40301330579267
25761,13.32453748344712
25762,5.942464150076936
25763,1.0091625680413674
25764,5.960282870845645
25765,2.538257219623155
25766,2.7326327876373044
25767,2.207483386487027
25768,34.04602418511815
25769,14.949216472737108
25770,6.999261080846819
25771,0.9726276441061674
25772,6.937304605670517
25773,3.0282210011139314
25774,3.472855137201345
25775,2.570860441621527
25776,16.93371649367637
25777,8.117991494888566
25778,3.6016327475599375
25779,0.5675731647863643
25780,3.639610323264938
25781,1.5613146296565084
25782,1.6380582564723833
25783,1.2964105965153891
25784,23.515376510667807
25785,11.011948831570392
25786,5.023088883907863
25787,0.7819345972283864
25788,4.902685205268266
25789,2.157501768790764
25790,2.305732329448897
25791,1.864179705814338
25792,14.136777631277473
25793,6.081069956987009
25794,3.0547532318797193
25795,0.6211259056053927
25796,2.763255385702958
25797,1.3268832653786937
25798,1.4465330282465123
25799,1.1120734399417573
25800,17.527723317665274
25801,8.179118227992568
25802,3.9787733779228853
25803,0.639087354897544
25804,4.011334716461632
25805,1.6548021593443438
25806,1.830405463932455
25807,1.4390572647053985
25808,19.014585516421874
25809,9.021226648740788
25810,4.211161748753763
25811,0.6709928727253579
25812,3.9576193205249606
25813,1.702822242050254
25814,1.8810686916205053
25815,1.4853547656828905
25816,22.993144720658137
25817,10.319754664480937
25818,4.838548401997019
25819,0.7900535371460141
25820,4.673383302499844
25821,1.9719213722249564
25822,2.2019864376991483
25823,1.7269314733254182
25824,29.906649295862106
25825,13.698737109013434
25826,6.56417209117275
25827,0.9144807770987504
25828,6.411361174862636
25829,2.7924822671555067
25830,3.172050698345215
25831,2.3564802236201596
25832,16.85528666427335
25833,8.026887601678897
25834,3.8840346478183
25835,0.6129422098739022
25836,3.7152679998178946
25837,1.6357423145913752
25838,1.7678168461135269
25839,1.4389797891755118
25840,47.07277840735066
25841,20.584355450028852
25842,9.699726008570405
25843,1.2035078816591371
25844,9.827075339096481
25845,3.9849076788688356
25846,4.916439914923443
25847,3.3989605717008136
25848,22.565890115213577
25849,10.474406585726358
25850,4.625589060114701
25851,0.7873045470836676
25852,4.3951835220954
25853,1.9693782852288848
25854,2.1049974887777934
25855,1.676632887653737
25856,28.737975055419003
25857,13.028608688455352
25858,5.938298154037844
25859,0.736619611848117
25860,5.957412801785875
25861,2.4989031889001074
25862,2.883730449152911
25863,2.1488419743315856
25864,44.163513469473784
25865,19.36175794257186
25866,8.863931720374326
25867,1.2866680108082735
25868,8.614024874869216
25869,3.9216966814634073
25870,4.157619385992694
25871,3.213719019698277
25872,37.19352038741823
25873,16.02237281687981
25874,7.879233864707653
25875,0.9843598519803347
25876,7.455646531937557
25877,3.186469815143248
25878,3.686900039728808
25879,2.678744626024383
25880,23.766648472955115
25881,11.166574645020448
25882,5.068668481792553
25883,0.8028773046649472
25884,4.8701226826692485
25885,2.1351114950440335
25886,2.363696367138838
25887,1.8347969348346254
25888,17.047220094954042
25889,7.605133581164525
25890,3.5597824247836836
25891,0.5943777800363936
25892,3.60224878705696
25893,1.5734439087125303
25894,1.75919720985701
25895,1.2943113201087468
25896,31.972466536527662
25897,13.766843833525263
25898,6.54459175281078
25899,0.8686413807285956
25900,6.6369494394134705
25901,2.80560932381332
25902,3.220318284995811
25903,2.33780589764859
25904,24.379118097529883
25905,10.92283317668401
25906,5.1312337950248255
25907,0.7950311085303768
25908,4.848712101700308
25909,2.182391464764739
25910,2.2991412856746445
25911,1.8466246784187692
25912,16.936327087433572
25913,8.000763891627386
25914,3.8691736583792884
25915,0.5890656576447768
25916,3.6761230670424982
25917,1.6071143778353087
25918,1.7478730293401086
25919,1.325931044844308
25920,24.26326925116408
25921,11.409668311100083
25922,5.067022445645905
25923,0.7157540667319517
25924,4.815292892134765
25925,2.0420050618705234
25926,2.30602251768077
25927,1.8185715958323354
25928,16.426361177803553
25929,7.078765626206404
25930,3.4231103787760238
25931,0.645419207437186
25932,3.4795716884590497
25933,1.4597904859390354
25934,1.5969433105452966
25935,1.215837879242591
25936,16.857945121560242
25937,7.667547075042257
25938,3.678578550678101
25939,0.5617771298948367
25940,3.6439644848444526
25941,1.5088434020911285
25942,1.7598421044920491
25943,1.2522969749217856
25944,34.953974668139125
25945,15.432654831863317
25946,7.4449657176638535
25947,0.8269907559394236
25948,7.703020834204265
25949,2.96835382141495
25950,3.639565936829305
25951,2.6075748816951503
25952,18.527881468063317
25953,8.577033558705768
25954,4.119357315795212
25955,0.6685227497667487
25956,3.843505802535331
25957,1.6888154805963373
25958,1.898571209848344
25959,1.4641171167916602
25960,39.881929448963305
25961,17.170092420255767
25962,8.432076691375414
25963,1.414627613866984
25964,7.779092568257079
25965,3.2383719111235965
25966,3.815193557196497
25967,3.0313508678870815
25968,27.279837677587235
25969,12.270055878647343
25970,5.7683737508270845
25971,0.8701012617675365
25972,5.41752861443208
25973,2.3806085653178433
25974,2.649843869828639
25975,2.004561559018637
25976,19.97064074734084
25977,9.087526443112472
25978,4.293662741771935
25979,0.7216080711199832
25980,4.030138811879012
25981,1.7954814264911507
25982,1.9081775668163834
25983,1.5509720579325252
25984,51.1177823543591
25985,21.72494134335188
25986,10.584064733130564
25987,1.3734315703068065
25988,10.46048791395085
25989,4.6721223222757855
25990,5.2598639588859335
25991,3.8295163288337966
25992,21.780872490608587
25993,10.202168505805842
25994,4.800547119821913
25995,0.5755686278443278
25996,4.569380751592627
25997,2.0070030253484155
25998,2.1330060642885753
25999,1.6511676224937342
26000,27.888038808428163
26001,12.225233132755008
26002,5.480071963497188
26003,0.7957077559908949
26004,5.739365733660428
26005,2.4287077399920287
26006,2.7050600010132086
26007,2.036890195260551
26008,34.22254996226648
26009,14.321012124450892
26010,7.005693904671797
26011,1.0242955934870102
26012,6.619148234526311
26013,2.9068567245397254
26014,3.397123200026991
26015,2.5203480251030275
26016,25.377150068757334
26017,11.361369140957946
26018,5.150178687924026
26019,0.7687086141726902
26020,5.028709420516418
26021,2.18815975012698
26022,2.3671717514975565
26023,1.9263955939699806
26024,25.71837034691675
26025,12.422122000425373
26026,5.705770845923774
26027,0.8424896973294768
26028,5.415936836200921
26029,2.2601382836768997
26030,2.661173933307884
26031,2.0736009875952366
26032,17.08226146367531
26033,7.766247880619329
26034,3.773810797662041
26035,0.5953059789386235
26036,3.736406552550161
26037,1.5127207884016463
26038,1.7552530281148713
26039,1.2853185694004952
26040,40.03576489316475
26041,17.741079659014545
26042,8.514914216997338
26043,1.0068355285890345
26044,8.515357370474092
26045,3.6097164455625657
26046,4.146977731292238
26047,3.1288963778678127
26048,15.646673469133988
26049,7.167754665818988
26050,3.4248880825321617
26051,0.6244393466866797
26052,3.311229769503843
26053,1.447134616225476
26054,1.5989142786205361
26055,1.2475166551640868
26056,17.344888372217348
26057,7.5721481104793
26058,3.9041027486149065
26059,0.5866981066998813
26060,3.7831726509097225
26061,1.5590664868175241
26062,1.8142093308630294
26063,1.3318449318872323
26064,26.78984049470336
26065,12.070758500342144
26066,5.498781668887788
26067,0.7375898929483078
26068,5.38399968486379
26069,2.3054177660295654
26070,2.602833709721326
26071,2.0704216880217565
26072,29.47156320823129
26073,13.433490435435099
26074,6.299998148200297
26075,0.8423758082446617
26076,6.21115601733693
26077,2.7416702921207325
26078,3.1079663209927904
26079,2.4161614391147466
26080,19.77127644779616
26081,8.899948141107814
26082,4.03213469747599
26083,0.49664270974914265
26084,4.256518789502887
26085,1.755389786643522
26086,1.9141940794258214
26087,1.5430057715381906
26088,22.378840664854955
26089,10.090474884407167
26090,4.840965614789954
26091,0.7143642614827332
26092,4.531667827632654
26093,1.9542649864968584
26094,2.1229858833083646
26095,1.6313582606326371
26096,59.84652336688367
26097,28.961346244730105
26098,14.03357229082926
26099,1.881814483175038
26100,13.895807973715966
26101,5.958479921204351
26102,6.6477420155533045
26103,5.049668624035791
26104,17.963210578669504
26105,8.118225240035752
26106,4.010135122182901
26107,0.6439631594052581
26108,3.875413429072868
26109,1.630598034164976
26110,1.9513801415224892
26111,1.4357239696198218
26112,19.87577100931446
26113,9.144062956352558
26114,4.150099141864516
26115,0.4811551166784591
26116,4.3349052141346265
26117,1.8297689949764417
26118,1.930243275871004
26119,1.49775937855073
26120,22.663283607959524
26121,9.981709149746433
26122,4.871340897675146
26123,0.5468926851930411
26124,5.148821220702051
26125,2.0585176819971553
26126,2.290163643448405
26127,1.7022992976577493
26128,20.639894516883615
26129,9.189623166006697
26130,4.50004801439479
26131,0.4762982281996649
26132,4.690171983590386
26133,1.881422153066403
26134,2.089426226076964
26135,1.554319674463037
26136,19.072360499518243
26137,8.591569394447253
26138,4.042156818881651
26139,0.4262325694672106
26140,3.9968338451531773
26141,1.6886727120744909
26142,1.9512705148610279
26143,1.4527476080989974
26144,17.077899986503688
26145,7.580051968216803
26146,3.6215557755063776
26147,0.4288953336446499
26148,3.655940588762741
26149,1.4820162405373527
26150,1.6799325595701433
26151,1.3105239993153739
26152,19.15985175212296
26153,8.105167318265387
26154,4.134280648761365
26155,0.4188187823214977
26156,4.3861960347190685
26157,1.6669478990017141
26158,1.9942981977646268
26159,1.4140767324800916
26160,18.92394884376772
26161,8.662979767992235
26162,4.051695239913483
26163,0.4606871857278992
26164,4.1859034136282345
26165,1.6942637744240225
26166,1.8529523716380043
26167,1.454216564142913
26168,28.586146098319634
26169,12.710608622951376
26170,5.927432415336735
26171,0.7467128377891438
26172,6.372574181005051
26173,2.5077891407572968
26174,2.805426150276692
26175,2.1030521070717074
26176,30.529614181262186
26177,13.644161104079322
26178,6.443618901303593
26179,0.6373584759063695
26180,6.902276620497935
26181,2.67443759416039
26182,3.226415244576158
26183,2.2860426755965277
26184,16.918946777953526
26185,7.705187268780579
26186,3.4213378924651776
26187,0.3218648946516596
26188,3.675039308313185
26189,1.4742292248289677
26190,1.568901420294852
26191,1.2474944467764286
26192,23.057883642462453
26193,10.458912084994571
26194,4.699751393897011
26195,0.5203354484737682
26196,4.997125566411419
26197,2.0297317195387024
26198,2.203416719749184
26199,1.7487447186933198
26200,13.56752743541681
26201,5.939856800039694
26202,3.0539475357449826
26203,0.3814409458807877
26204,2.959162601117833
26205,1.179846117597151
26206,1.3331376490275386
26207,0.9798135833065197
26208,16.136902707209266
26209,7.5402442493165225
26210,3.5835281009381643
26211,0.4373784121983018
26212,3.752418240326545
26213,1.4897955589541765
26214,1.6656798083999576
26215,1.3245671993750343
26216,18.431754770383545
26217,8.537426412983768
26218,3.8522961364730537
26219,0.43223793351456885
26220,3.777080580299804
26221,1.6224184964642365
26222,1.741991549570888
26223,1.4081960424318871
26224,21.124624385609394
26225,9.177545028873316
26226,4.489323735067867
26227,0.5053499531145377
26228,4.537238253559293
26229,1.8042074174190026
26230,2.02203137631599
26231,1.5742646383465224
26232,27.767340417269843
26233,12.692817821355328
26234,6.122416231931393
26235,0.6718438626634335
26236,6.2207419283291205
26237,2.554950024590868
26238,2.927252027125617
26239,2.159049262770222
26240,16.027345765003766
26241,7.528344357927516
26242,3.5786365281921606
26243,0.41848462141940157
26244,3.5792695123015705
26245,1.4946542754138061
26246,1.6468969680730983
26247,1.332152394310063
26248,45.36659578255249
26249,18.82270219944996
26250,9.223733282545837
26251,1.0055817703230203
26252,10.101051213020414
26253,3.8512300389359977
26254,4.779630233923296
26255,3.285770054338476
26256,21.456192361746826
26257,9.501368197224624
26258,4.429261512452107
26259,0.47889797400058864
26260,4.486363174779595
26261,1.8149984236978491
26262,2.0549238868249318
26263,1.5422755236482144
26264,26.33392318597468
26265,12.003319153870555
26266,5.533695037195085
26267,0.5628238462225533
26268,5.974913259228197
26269,2.352588710475922
26270,2.7427643320944464
26271,2.012673975779662
26272,40.263848831161326
26273,18.003304357248663
26274,8.463683759519407
26275,0.974146353031941
26276,8.867074827321316
26277,3.5983971989227035
26278,3.932579525716568
26279,2.8947530044820655
26280,34.30613350973035
26281,14.954254164703181
26282,7.4978940894846495
26283,0.7569948700317068
26284,7.367286693829353
26285,2.9481508054888597
26286,3.413392209651661
26287,2.4963198577410224
26288,22.592646493370044
26289,9.995910651535308
26290,4.69614766830141
26291,0.5800319810819261
26292,4.639209293617518
26293,1.9282644663378654
26294,2.131211871012903
26295,1.6639578170398486
26296,16.019881314414818
26297,7.145835444610252
26298,3.2445851056558084
26299,0.4100591892208983
26300,3.3918627860415813
26301,1.412979434097227
26302,1.615652193380184
26303,1.2263479903869974
26304,29.57367861913139
26305,12.7547523729394
26306,6.1671684264406945
26307,0.6265515758013529
26308,6.425158365835723
26309,2.587848274477762
26310,2.976422745917986
26311,2.1491902654415997
26312,23.929038525632595
26313,10.43892259313675
26314,4.871093669189728
26315,0.533064498777613
26316,4.91388933132504
26317,2.0466554762547995
26318,2.197262779289445
26319,1.7317929877713598
26320,16.21108418903779
26321,7.578163063475356
26322,3.5227238974597266
26323,0.42377443288434363
26324,3.5190160697059327
26325,1.500087761881927
26326,1.6284089928182737
26327,1.2773369613112262
26328,22.705712342482837
26329,10.339194396834356
26330,4.722271985779926
26331,0.5459687704897255
26332,4.688066089174655
26333,1.9575625032693693
26334,2.1632528319416315
26335,1.7032017868385843
26336,15.184198680938305
26337,6.642898458034246
26338,3.15668372006037
26339,0.43089581287138884
26340,3.354189621388515
26341,1.3704363790526268
26342,1.4506405699996863
26343,1.149992405003733
26344,15.806409114614228
26345,7.051832590513257
26346,3.3844012191259765
26347,0.4177539982059168
26348,3.512042117465477
26349,1.3924850756898113
26350,1.6224173144108942
26351,1.2255722261239366
26352,31.811814340193145
26353,14.240491608102047
26354,6.940655932335283
26355,0.6783561843551013
26356,7.319620963205295
26357,2.7609592853956078
26358,3.31548844911857
26359,2.4195120334357267
26360,17.08832857779527
26361,7.726560925121695
26362,3.626969806411001
26363,0.4270111702829518
26364,3.6121864847145986
26365,1.490203559717129
26366,1.717171970881915
26367,1.3308248225158796
26368,36.74188011064294
26369,15.49602569114391
26370,7.664656338817369
26371,1.004024162117474
26372,7.643802432062794
26373,3.0035697616690142
26374,3.5915660528038043
26375,2.7391637847172228
26376,24.811340943482943
26377,10.954675362458806
26378,5.313238114001296
26379,0.5941081125578455
26380,5.317727843264604
26381,2.1972868748808767
26382,2.4843889129498304
26383,1.8405285265733395
26384,18.124478910788095
26385,8.159259075066553
26386,3.860375826824943
26387,0.4365751091133408
26388,3.7616831849328594
26389,1.5779545553475534
26390,1.7022825989660852
26391,1.3729613263918745
26392,45.731579116872574
26393,19.238904919810754
26394,9.84296498818697
26395,0.870370206824564
26396,10.627542239894627
26397,4.257241498920023
26398,4.885293670746112
26399,3.5219824881969344
26400,20.698686559594766
26401,9.344237172851697
26402,4.534340696053069
26403,0.4556222113875113
26404,4.682866080881553
26405,1.9390517969851153
26406,2.089848692596545
26407,1.574898402494765
26408,25.941862173742834
26409,11.47587813652229
26410,5.310775972358514
26411,0.6284007776852202
26412,5.809481680335049
26413,2.264568333528082
26414,2.542998409790027
26415,1.9172586142784718
26416,30.97543979790959
26417,12.97284922698293
26418,6.425845595823824
26419,0.6769541865217599
26420,6.62154235833922
26421,2.606906392839773
26422,3.1191743691638454
26423,2.250035232963138
26424,23.46401610328194
26425,10.037314625856848
26426,4.643513485168803
26427,0.5400878515480287
26428,4.874349839496811
26429,1.95905169730395
26430,2.1523749247899526
26431,1.7484652145064485
26432,23.970541658181002
26433,11.438167860583304
26434,5.247215653044817
26435,0.6031561014600136
26436,5.467246560763649
26437,2.0836308497968865
26438,2.5198230225213956
26439,1.9165961728989165
26440,15.736692429696818
26441,7.081576408251282
26442,3.44727423218059
26443,0.44600704856871604
26444,3.5302404117067665
26445,1.395168384196644
26446,1.616260532487323
26447,1.226317291451619
26448,37.16179205964058
26449,16.64741581377586
26450,8.094493234622755
26451,0.7917750067250552
26452,8.227234275563234
26453,3.344797888597447
26454,3.9085970188897634
26455,2.8924405072061248
26456,14.861356848157213
26457,6.89148796594004
26458,3.2428354450226897
26459,0.4218037647181705
26460,3.3465025963097124
26461,1.3957621901068387
26462,1.5527887978743384
26463,1.2288566764819513
26464,16.61353490067002
26465,7.1675373893815975
26466,3.5211401534084366
26467,0.4148712627391878
26468,3.558363052087761
26469,1.4443455134248913
26470,1.6711781755087238
26471,1.281973111800724
26472,24.921307879970076
26473,11.060024848003325
26474,5.107139131718698
26475,0.5432611140702523
26476,5.485990931850371
26477,2.1816558594835356
26478,2.4489112586739603
26479,1.9233698663589534
26480,27.53543133983569
26481,12.50785974521102
26482,5.845246689375255
26483,0.6076777105351723
26484,6.087681240399844
26485,2.505488166807361
26486,2.8759410678263997
26487,2.2194105848549754
26488,18.19320789390164
26489,8.144344355980929
26490,3.7865249595047588
26491,0.4165290902868256
26492,4.146875324907899
26493,1.6881170733281676
26494,1.8633748830049337
26495,1.4682672288634968
26496,20.629269151856473
26497,9.20243816313907
26498,4.473480624938983
26499,0.5074056908368934
26500,4.287936853546184
26501,1.836200572981921
26502,2.0062415738018435
26503,1.5729643545770202
26504,55.811027335816114
26505,25.385947289003088
26506,13.170314619466906
26507,1.0035219187370201
26508,13.61164369603688
26509,5.643603792556233
26510,6.506579731126107
26511,4.6436830798791355
26512,16.52243700449778
26513,7.43921985839281
26514,3.523533676172994
26515,0.43443815763617444
26516,3.5441749015217674
26517,1.4840737542864375
26518,1.7590389143659046
26519,1.3290581404477841
26520,18.390089458063393
26521,8.062118245116503
26522,4.794721352861138
26523,0.08622916230266323
26524,5.3920355477818855
26525,2.0692438626354908
26526,2.4808141138820705
26527,1.5940033927652155
26528,19.486932885405963
26529,9.29512856270848
26530,5.551958265888085
26531,0.10233230311136053
26532,6.18711989928759
26533,2.408145162644952
26534,2.792336994672846
26535,1.8363456404826042
26536,18.58802864866168
26537,8.740901338809437
26538,5.085651585760376
26539,0.0829058046981339
26540,5.617382381580375
26541,2.093731125155475
26542,2.6379404577479697
26543,1.6433593900992272
26544,17.348254225654046
26545,7.7961450824811855
26546,4.904530432203569
26547,0.0824944882685507
26548,5.158470804796883
26549,1.9213939425109856
26550,2.3221169257110197
26551,1.5438288494288566
26552,15.46449936113954
26553,6.696145467440983
26554,4.248702571855934
26555,0.07811995547498296
26556,4.621864427084194
26557,1.6906350099790415
26558,2.1157070235540574
26559,1.4100633891527858
26560,17.318189198698718
26561,7.923189716078855
26562,4.744775828462405
26563,0.08488606538159563
26564,5.063064132394007
26565,1.7882503121897197
26566,2.2951039866892264
26567,1.5170138560235982
26568,16.604715601848593
26569,8.12346574781104
26570,4.785322336690701
26571,0.09829545978290152
26572,5.457529247868898
26573,1.949749352507963
26574,2.3390314648635444
26575,1.6002075806327518
26576,25.895958266868917
26577,11.521851475267235
26578,6.514971982830326
26579,0.13133250638239224
26580,7.438359118223022
26581,2.7227128588658354
26582,3.29082872846739
26583,2.1724341912376133
26584,28.73958463701111
26585,12.73315704308787
26586,7.395623285375952
26587,0.15088790382916115
26588,8.443091076376612
26589,3.111966312424843
26590,3.885659552789357
26591,2.496712606121532
26592,14.843055443807177
26593,6.7614130225832
26594,4.062937476945537
26595,0.06246260947046115
26596,4.490015848090735
26597,1.648907026778077
26598,2.0365999029027155
26599,1.3478399366844198
26600,20.612646011930607
26601,9.534425746972436
26602,5.524790749828455
26603,0.10838840574242231
26604,6.070881616041298
26605,2.2883197278759284
26606,2.8095147294970513
26607,1.8891949216343362
26608,12.725991108146381
26609,5.623500691535968
26610,3.339599888478289
26611,0.053626104506238476
26612,3.5872309317974116
26613,1.3216912487153527
26614,1.6378814626781348
26615,1.105557335871791
26616,14.920256312207806
26617,6.6688265592985
26618,4.147935257092171
26619,0.0714874360060218
26620,4.644139528732182
26621,1.6693399419913704
26622,2.0883088100147433
26623,1.3982692891208461
26624,17.267967791694623
26625,8.008504421623792
26626,4.699794424158239
26627,0.09043318753713424
26628,4.973432323784535
26629,1.9565225401324375
26630,2.278973413858084
26631,1.575208250481352
26632,19.392129991295935
26633,8.670991033195532
26634,5.3044621529445175
26635,0.09879263855728442
26636,5.6301277708942985
26637,2.057218598316085
26638,2.6248904712867587
26639,1.7453803815625273
26640,25.292847213179627
26641,12.09631935387141
26642,7.07147381247053
26643,0.14756937359734695
26644,7.747081749395089
26645,2.9546772044663356
26646,3.4831691845193573
26647,2.3471845537493357
26648,15.109685388105737
26649,7.089214503724968
26650,4.3054909154140555
26651,0.07172226750278164
26652,4.8382323721479725
26653,1.730506044665684
26654,2.106142177156821
26655,1.463859316564717
26656,40.44799362562131
26657,18.338182394124804
26658,10.645046188130557
26659,0.266663962344434
26660,11.820302622985064
26661,4.5033022680258465
26662,5.3809439041806755
26663,3.6632079333570036
26664,19.274483421718003
26665,8.55265093137326
26666,5.0958512666096025
26667,0.08693577670992912
26668,5.742881060509261
26669,2.04926274991765
26670,2.5572147715319513
26671,1.7158331387787122
26672,24.358206815629796
26673,11.345533936934865
26674,6.424488993320215
26675,0.14496387005756467
26676,7.244782462168734
26677,2.548251731272483
26678,3.1582229636335253
26679,2.0999810239524783
26680,37.01736704748568
26681,16.057033628494523
26682,9.502259550011361
26683,0.2062985907732028
26684,10.460008722184597
26685,4.114487504185335
26686,4.662479188469811
26687,3.19475025924073
26688,32.52690015627415
26689,13.929380089655771
26690,8.748170987612195
26691,0.18800624283395115
26692,9.209956523261846
26693,3.3926805925013315
26694,4.0967994334990046
26695,2.636793284038585
26696,20.882304447226307
26697,8.833705923372937
26698,5.716275517799559
26699,0.11335745873601226
26700,5.884041030980685
26701,2.18147045199702
26702,2.7864738224699375
26703,1.808634664304153
26704,14.943978512494457
26705,6.574695160211805
26706,3.964121216851361
26707,0.06369020749054571
26708,4.323664561896904
26709,1.6633195043392959
26710,1.9747135903034267
26711,1.2875850181248105
26712,26.8351225508426
26713,12.096765219948972
26714,6.77893067254209
26715,0.1369188627907634
26716,7.67137702341846
26717,2.8280657707668286
26718,3.714588222951845
26719,2.301070629425127
26720,21.242217456235306
26721,9.67220375102113
26722,5.540966745117256
26723,0.10081998906628566
26724,6.024284098548301
26725,2.3448729574588945
26726,2.806334898513483
26727,1.8635875984577766
26728,15.439679148314589
26729,6.95833606456609
26730,4.117672462321751
26731,0.0655598317424345
26732,4.5384339576133135
26733,1.7736814156859433
26734,2.016407846557706
26735,1.3557255475707768
26736,20.03125350934499
26737,9.494250272961649
26738,5.480093113280914
26739,0.11608700525311991
26740,5.884671349673924
26741,2.165459421933939
26742,2.7782493502493955
26743,1.8859583597040994
26744,14.041737691263169
26745,6.2061437552950585
26746,3.6790374654040647
26747,0.059977325757291644
26748,4.31796458367812
26749,1.5708304114445653
26750,1.8666487154827898
26751,1.2723841226740757
26752,14.393178428651282
26753,6.410964139575355
26754,3.9401421074590113
26755,0.0584969926194364
26756,4.575276084094741
26757,1.5689608147622576
26758,2.0101904567974347
26759,1.2614837168366535
26760,29.51469464163637
26761,12.92603083142196
26762,8.039114173674436
26763,0.1465159570332405
26764,8.63529040218648
26765,3.179219060215131
26766,3.921178498881987
26767,2.463516694532469
26768,15.652231079531267
26769,7.090515371906304
26770,4.4579570901134105
26771,0.08017932522050088
26772,4.714539110280819
26773,1.6861295634973605
26774,2.1413194078764364
26775,1.4227170601610986
26776,33.30235937430199
26777,14.455487421317349
26778,8.563185213109632
26779,0.21583805099238498
26780,9.322829263839516
26781,3.4891981760438293
26782,4.415518924862652
26783,3.002341770771885
26784,22.30490445476708
26785,9.989883705412181
26786,6.151074862565092
26787,0.12504732689020384
26788,6.600781365983566
26789,2.4932331677497075
26790,3.0003515950117956
26791,2.0432733104896466
26792,16.433425145466515
26793,7.57697656202714
26794,4.598809064149106
26795,0.08559361456051295
26796,4.959897981495099
26797,1.8583211374166562
26798,2.1526189868527443
26799,1.462660044418454
26800,43.59835816393938
26801,19.7635394888522
26802,11.721692338629808
26803,0.18005149274377058
26804,12.599399025501897
26805,4.808710471796277
26806,5.568634639612155
26807,3.703842388276597
26808,18.513820808721764
26809,8.88193706234256
26810,5.256220004517295
26811,0.09243001205569237
26812,5.645409564117246
26813,2.078437016519795
26814,2.5458618851960524
26815,1.6256487895567393
26816,24.67793342934433
26817,10.677892088937687
26818,6.484926437417871
26819,0.13919889647600775
26820,7.005252283504915
26821,2.6915878136755502
26822,3.204020441801457
26823,2.063484901950577
26824,28.823884909739075
26825,12.312989306076505
26826,7.5764278735580755
26827,0.13528400060861112
26828,8.156369050455641
26829,3.002812071699543
26830,3.7301458401473613
26831,2.3451125057008273
26832,20.803467367468304
26833,9.25015638362596
26834,5.561094705314952
26835,0.11691723691616797
26836,5.994515096439358
26837,2.3336457750942063
26838,2.710443015053071
26839,1.8810445015507455
26840,22.92348875804768
26841,10.286573315938812
26842,6.0883166315284285
26843,0.13299819862352666
26844,6.5914350410588725
26845,2.4088390122332033
26846,2.990282191960676
26847,2.157147765869238
26848,14.734039704577311
26849,6.766009129358069
26850,4.010427359442924
26851,0.0621436922697201
26852,4.5245724196625225
26853,1.5221098649902438
26854,1.9990783827699536
26855,1.3103437632970785
26856,34.643984461486134
26857,15.860357739413624
26858,9.453079908746373
26859,0.1748818107307327
26860,9.966320306331749
26861,3.7599489286896177
26862,4.415935840303176
26863,3.0670983877519604
26864,14.034086627979402
26865,6.499779356317113
26866,3.7146287554835586
26867,0.061049875296283536
26868,3.9249145227657087
26869,1.4344188001054639
26870,1.7063302095283517
26871,1.2418156603945896
26872,15.587581557642297
26873,6.924160060065073
26874,4.397871920084701
26875,0.08491030365658547
26876,4.741593040211501
26877,1.73332653119793
26878,2.091265954867942
26879,1.3837838944810348
26880,23.22788510910315
26881,10.449042946309635
26882,5.676714980398911
26883,0.11109040240084604
26884,6.644808362454867
26885,2.4175831327031214
26886,2.9826169350116443
26887,2.009318155807496
26888,25.496380472902274
26889,11.75100289149716
26890,6.527396003215697
26891,0.13199573406353352
26892,7.285237570877101
26893,2.886887709647977
26894,3.4852684965481098
26895,2.4092132352368867
26896,17.41756288876345
26897,7.804289937168718
26898,4.615870297437459
26899,0.09268397482176416
26900,5.105317249235441
26901,1.819972110580904
26902,2.3359789951148286
26903,1.529874344209999
26904,19.147784671372555
26905,8.605168980579258
26906,5.174434060863867
26907,0.09409880569049527
26908,5.528339267945601
26909,2.005225126574211
26910,2.5008008151886374
26911,1.6380096909285626
26912,51.56104771896247
26913,25.142847367961
26914,14.120642447474301
26915,0.3533057203792378
26916,15.356686082973079
26917,5.890624159892061
26918,7.282104648932201
26919,4.988260011550002
26920,15.58320659383881
26921,6.939924309758281
26922,4.315966052900711
26923,0.07974264589379722
26924,4.707477059370267
26925,1.7152099540898085
26926,2.121832731609189
26927,1.4102759293748817
26928,14.36354573781178
26929,6.752855395017229
26930,2.8267340309615445
26931,1.655954566768028
26932,1.2807905546907066
26933,1.3437369971754034
26934,1.2057364228191674
26935,1.2477715036924621
26936,16.168121441896965
26937,8.008438139084344
26938,3.1859088070312027
26939,2.0422728028287063
26940,1.6153676566870367
26941,1.6260427628636456
26942,1.4373368747262372
26943,1.465266789757475
26944,16.181092563025572
26945,6.973106129098974
26946,2.9766109237157945
26947,1.9941544137021716
26948,1.3016201663010396
26949,1.4423756168751318
26950,1.3231192895286243
26951,1.332725090909116
26952,15.2427116681131
26953,6.489939831056429
26954,2.930654408830091
26955,1.7699723118659019
26956,1.3354217074229728
26957,1.3135024549923227
26958,1.2323998297635135
26959,1.2610098703511377
26960,12.418191301945777
26961,5.774436433733018
26962,2.528159086025869
26963,1.5507445183196655
26964,1.2039124015596487
26965,1.132638524007442
26966,1.0303962832161795
26967,1.086556376178376
26968,15.132614402395692
26969,6.592667437391448
26970,2.615794737321973
26971,1.8289497607405412
26972,1.2597465508396668
26973,1.2569668641990546
26974,1.1911759733764171
26975,1.2232321149608554
26976,14.18996990087246
26977,6.803819306944417
26978,2.7181604120962772
26979,1.7350330784670802
26980,1.270149517296458
26981,1.3180982575284224
26982,1.141198149902728
26983,1.2489943689242256
26984,19.193797047128015
26985,8.853721305075187
26986,3.2174762038163327
26987,2.6781044747181126
26988,1.538044810308727
26989,1.730614103752339
26990,1.5143169757562949
26991,1.6362222447513777
26992,23.25821896869832
26993,10.952352743832806
26994,4.422947987681061
26995,2.7401233614852436
26996,2.1988912549673514
26997,2.0263676935894006
26998,1.8407097925258533
26999,1.919979669469473
27000,12.081919478833942
27001,5.675001550916583
27002,2.1671089186561914
27003,1.5294689040205054
27004,1.108322975739293
27005,1.0743195100053746
27006,0.9832847207990991
27007,1.074874119967248
27008,17.119920309070995
27009,7.8019486255821455
27010,3.2527589328243596
27011,1.998216141021135
27012,1.5249107215500686
27013,1.5290896391093365
27014,1.4500490312873007
27015,1.450782465881541
27016,10.02622539899006
27017,4.3564938221665495
27018,1.8082985622530012
27019,1.2416782975790908
27020,0.9738472015232769
27021,0.964570759747057
27022,0.8328816626996701
27023,0.9251571154314383
27024,12.796921473737154
27025,6.0050888138625975
27026,2.6623681128227292
27027,1.5361879335998023
27028,1.252326733258622
27029,1.1837059261251803
27030,1.0858439026683895
27031,1.1195547434979292
27032,14.193561083749032
27033,6.791203308637205
27034,2.7074231159828672
27035,1.7127992514719739
27036,1.2764228769920007
27037,1.2766125031190534
27038,1.2008280847781017
27039,1.2525806234541206
27040,15.809571326252643
27041,6.881633472815064
27042,3.045073287221639
27043,1.8817998373606615
27044,1.4074566239239807
27045,1.3880186286213922
27046,1.277401023952296
27047,1.3762290510270037
27048,20.913527091906328
27049,9.914169641066351
27050,4.193562654729798
27051,2.8083581790495082
27052,2.0022268470748967
27053,2.0849793610591822
27054,1.738986697845359
27055,1.893030894628056
27056,12.315547457530945
27057,5.983448690414489
27058,2.434256969088435
27059,1.5331532412277116
27060,1.2318370993525773
27061,1.1583710509979521
27062,1.0807402860371584
27063,1.1572596059524867
27064,32.80191493266612
27065,15.918103469204684
27066,6.351476398132608
27067,4.098528816939154
27068,2.814553163453421
27069,2.9017773144019476
27070,2.4604492059267344
27071,2.8526863472978863
27072,16.44658684829353
27073,7.447871555806791
27074,2.9735013778138004
27075,1.9091654965722995
27076,1.43836955468653
27077,1.4146992601058244
27078,1.2586761114590577
27079,1.3692989436627059
27080,19.46594307234199
27081,9.575928397028695
27082,3.7306510961478248
27083,2.6430312222198102
27084,1.7227063464545824
27085,1.7320753757941387
27086,1.6205176722321246
27087,1.7188091710465607
27088,29.38710931345462
27089,13.336291420293273
27090,5.3608113000466036
27091,3.441713559593795
27092,2.7458950205638755
27093,2.5946811966095784
27094,2.3149365257100314
27095,2.4776324317869527
27096,26.3718086990411
27097,11.89582770459447
27098,4.742931147180137
27099,3.4437931061627602
27100,2.2817860891946737
27101,2.236017625647427
27102,2.032845044607857
27103,2.2307822467620118
27104,18.2493019649771
27105,8.13821124526898
27106,3.2877802369634597
27107,2.0777656127429798
27108,1.6523752782357592
27109,1.5575394252055734
27110,1.4182748264159892
27111,1.4808460620212265
27112,12.653289115141964
27113,5.745092383934177
27114,2.3123219952469842
27115,1.5526950113080307
27116,1.1611319448818977
27117,1.1883971180537525
27118,1.1031221407577294
27119,1.0703037173549215
27120,22.04880103512567
27121,9.692804015495902
27122,4.149473298627175
27123,2.840753068550269
27124,1.9004578934985326
27125,1.8916723652235035
27126,1.779466215677434
27127,1.9043820434516867
27128,17.621785471838955
27129,8.452701200037273
27130,3.5407048746990233
27131,2.060598237422571
27132,1.6273783090843397
27133,1.615384326099066
27134,1.4794870843870749
27135,1.5503903823333085
27136,12.828563367368012
27137,6.067529714122941
27138,2.4442926168326995
27139,1.5583919023285746
27140,1.2077625840577484
27141,1.1205534470950325
27142,1.0689393214400047
27143,1.1105488151297223
27144,17.55167618236284
27145,8.569589484557262
27146,3.2386938781866035
27147,2.1637862556169476
27148,1.550524941131005
27149,1.5564640450807685
27150,1.4938080457712926
27151,1.4876785893386475
27152,12.305139376311782
27153,5.660703395919006
27154,2.2929955103629664
27155,1.3882816898083745
27156,1.1902454518187806
27157,1.0860721525591874
27158,0.9864192190090222
27159,1.0119998086693927
27160,12.57839175149153
27161,5.878554285281669
27162,2.379064447642719
27163,1.448719504018248
27164,1.2234982696015413
27165,1.1607725530141435
27166,1.0444401821030904
27167,1.0625240776911664
27168,24.957333225542733
27169,11.522156415289315
27170,4.652374516413445
27171,3.182926058912428
27172,2.3736817639374257
27173,2.1731650084031005
27174,1.9575862644678974
27175,2.210998860112218
27176,13.3917617381742
27177,6.023579540859364
27178,2.4870876940704525
27179,1.5918677222902111
27180,1.2506606972228376
27181,1.1822063938287224
27182,1.0756169727669413
27183,1.1366166648084737
27184,27.57723516110231
27185,11.91479982340848
27186,5.417180220526027
27187,2.963264489292281
27188,2.545923087054397
27189,2.2630436979166433
27190,2.0761470997221942
27191,2.2687032383934294
27192,19.004139481710038
27193,8.71885119184951
27194,3.735574286787324
27195,2.3776146237001936
27196,1.8224866162619167
27197,1.7555910804990775
27198,1.5503007795082133
27199,1.5759544497919016
27200,13.610256169113722
27201,6.476375693282323
27202,2.8020508720447896
27203,1.630699125984093
27204,1.2751431573590009
27205,1.252756865727271
27206,1.1444100003936444
27207,1.1931423154898975
27208,35.26507640250688
27209,16.375180979537927
27210,7.075275465144199
27211,4.217359988732696
27212,3.125443282705679
27213,3.1032458277807913
27214,2.6789528098320092
27215,3.008749210318598
27216,15.863475171143673
27217,7.148643902136776
27218,2.935740431395691
27219,1.9425448461364323
27220,1.3737302850289093
27221,1.3365215281901264
27222,1.2319747590202146
27223,1.2871812627332344
27224,19.28470388403263
27225,8.897366663391086
27226,3.612514951807263
27227,2.6043285073886437
27228,1.9215462234765885
27229,1.7626839927115745
27230,1.5909173918744086
27231,1.6386577409317247
27232,23.055751150032854
27233,10.32593122139519
27234,4.414553348989994
27235,2.8800120352007466
27236,2.0763299057860083
27237,2.142930899032794
27238,1.9768719638312675
27239,1.9592773630106814
27240,17.318874291635073
27241,8.007756455920347
27242,3.2568515444324375
27243,2.0274653732798034
27244,1.6134502651462694
27245,1.616047700452635
27246,1.5039167600729628
27247,1.511994962309483
27248,18.3197191862619
27249,8.663296006940696
27250,3.692974915781291
27251,2.127281173787029
27252,1.7993915068598725
27253,1.656523743221718
27254,1.5179540097813582
27255,1.6268722439786703
27256,12.479120664304874
27257,5.762159763711571
27258,2.321860094726906
27259,1.4259222154474036
27260,1.124577539733152
27261,1.131007257234361
27262,1.0233768597196873
27263,1.032279842295599
27264,28.284376539489017
27265,13.609659250209486
27266,5.58845367006556
27267,3.6325661490361667
27268,2.5261522258321585
27269,2.5080173032005293
27270,2.009057288687529
27271,2.494103516299329
27272,11.546198702652134
27273,5.145256073002226
27274,2.1224570643979
27275,1.4528574249893458
27276,1.0641088731559945
27277,1.0670040776625704
27278,0.9139603136651291
27279,1.0199468983980262
27280,12.282802756200127
27281,5.998291480221626
27282,2.440982451378677
27283,1.5205128326835184
27284,1.1827551258871052
27285,1.1247095898133925
27286,1.0500815240422277
27287,1.1209250060170628
27288,18.685437623118347
27289,8.726131223496917
27290,3.4096841451363398
27291,2.3389072760794307
27292,1.6407157440493123
27293,1.7178081454960468
27294,1.5029044901901467
27295,1.622603631535674
27296,20.39881905491856
27297,9.449487496575655
27298,4.0554593040471785
27299,2.7229920147763296
27300,1.8832915866967515
27301,1.9770837397890086
27302,1.837882255649509
27303,1.8995727152915607
27304,14.964460594013737
27305,6.6330835411501345
27306,2.647589653660788
27307,1.8798076273304523
27308,1.2081733740908238
27309,1.2855500432880018
27310,1.1913762898275626
27311,1.2497971648704307
27312,15.678872928798313
27313,7.43784620213756
27314,3.1774943127103024
27315,1.9335397036332347
27316,1.4406429430287528
27317,1.5010914944639624
27318,1.3107379845661196
27319,1.4256075682996492
27320,42.071367645712954
27321,20.974483496637696
27322,9.218143874574425
27323,5.2983083583049915
27324,4.207619311460357
27325,4.050442408937415
27326,3.624502006063023
27327,3.8444898377972474
27328,13.11640156400898
27329,5.949025400342434
27330,2.5240506263132265
27331,1.5726773148525994
27332,1.2595124616157687
27333,1.2320637964813315
27334,1.120156392600457
27335,1.1097067486225298
27336,15.93336732587137
27337,7.186866103167995
27338,2.9944846589233025
27339,1.4875542791569176
27340,1.8925530397622445
27341,1.3678591985488808
27342,1.2796816849906252
27343,1.3325671362334481
27344,17.32304354856393
27345,8.206472888545482
27346,3.3510957940800443
27347,1.8256395120391953
27348,2.096260762909499
27349,1.624461648905088
27350,1.497000013442952
27351,1.481739850677146
27352,17.05861593956888
27353,7.365560282637819
27354,3.1725961051728984
27355,1.704290629496099
27356,1.8592078297193715
27357,1.5245617653386916
27358,1.4396000377656462
27359,1.3945052612411069
27360,16.402792631361883
27361,6.873324047104005
27362,2.9942628648610112
27363,1.5996605285126346
27364,1.8052649018964035
27365,1.3780423957045331
27366,1.3329551082749316
27367,1.3056488402187485
27368,13.673438777086828
27369,6.000492163372302
27370,2.645477214487676
27371,1.4236924663356958
27372,1.5937210305152327
27373,1.2007949937317104
27374,1.1283842545833571
27375,1.1487184669640846
27376,15.7995848057534
27377,6.912698237239856
27378,2.77451001759073
27379,1.5064462959322926
27380,1.8013195281839558
27381,1.292489666719149
27382,1.2545348601530866
27383,1.2547328712193118
27384,14.221560086803427
27385,6.853334541038432
27386,2.7551991840230268
27387,1.5981554119816679
27388,1.6377257559636547
27389,1.2996789098696186
27390,1.1949826790208158
27391,1.2394955703288628
27392,23.907845241588575
27393,10.594685286154387
27394,4.232337868022481
27395,2.1458472579392334
27396,3.024624176633087
27397,2.0304196769825182
27398,1.9133669549781913
27399,1.8490604304901261
27400,23.551189451058267
27401,10.95763715093388
27402,4.48715862312148
27403,2.349735057893344
27404,2.6617093104713807
27405,1.9770179109909234
27406,1.9282919533246725
27407,1.879804336120198
27408,13.06177902724495
27409,6.083328230144628
27410,2.308602569047464
27411,1.35246025186513
27412,1.5936369714829968
27413,1.1712574514513965
27414,1.096892536009734
27415,1.1312590671227478
27416,18.204403393246142
27417,8.140948183786138
27418,3.410601994990443
27419,1.8374086927454416
27420,2.031360194562931
27421,1.5624519760055746
27422,1.4990367385729637
27423,1.4835968454715012
27424,10.350194649063866
27425,4.387558046322439
27426,1.8728953683059117
27427,1.1273247137254039
27428,1.2013870127803494
27429,0.9762718299565977
27430,0.8868102316289286
27431,0.9772920056883092
27432,12.724595292967786
27433,5.819542324706945
27434,2.6080838160282074
27435,1.3829031315402966
27436,1.4712775866542769
27437,1.1793554138383515
27438,1.0768098711820215
27439,1.1166748234152233
27440,14.23418541359827
27441,6.756578425048986
27442,2.707091621576857
27443,1.5189429964806402
27444,1.547723114837047
27445,1.2383200555150728
27446,1.1772650749735158
27447,1.2335250751284288
27448,16.519590938000107
27449,7.016234560002707
27450,3.066217394921354
27451,1.7277753314206423
27452,1.7316490240574298
27453,1.3868174644010431
27454,1.3137509629927544
27455,1.3502081891210576
27456,23.441552566884116
27457,10.377630819612104
27458,4.509423641458444
27459,2.2936474769586948
27460,2.778936280027629
27461,2.0114150723832953
27462,1.8571533557232056
27463,1.8274364815772186
27464,11.893740089335875
27465,5.970803970759015
27466,2.5512019647228845
27467,1.371307054874946
27468,1.4930279123600285
27469,1.2000142098513031
27470,1.1121596779395564
27471,1.1782983661235946
27472,34.20936639514374
27473,16.421333404985045
27474,6.674107892230787
27475,3.5820069511888115
27476,4.377877765471248
27477,2.9256712750596114
27478,2.801997212867929
27479,2.7562111705955656
27480,16.848168680676377
27481,7.484132523793753
27482,3.0197030138637544
27483,1.6615134444360116
27484,1.8449016142990355
27485,1.4074834835249017
27486,1.2796599701695777
27487,1.379264085224129
27488,20.404029247444807
27489,9.740579001327703
27490,3.8805140897304944
27491,2.112921610575776
27492,2.427792159241954
27493,1.740957740794283
27494,1.692044162516862
27495,1.6553125006973544
27496,31.57656729921332
27497,14.451053691383965
27498,5.806942771215081
27499,3.0957143007393046
27500,3.691021851665209
27501,2.6966007903596494
27502,2.541488312384286
27503,2.4719531209940064
27504,27.396062730005056
27505,12.143207340328365
27506,4.910668512664504
27507,2.9374743679531234
27508,3.066979761701871
27509,2.2616347351789097
27510,2.082718810238116
27511,2.152231119335357
27512,18.852388299167217
27513,8.112683071572986
27514,3.295017058820314
27515,1.8858897179593033
27516,1.9747175423197894
27517,1.5421796542437542
27518,1.383995844397593
27519,1.4354338005267928
27520,12.415835788306811
27521,5.631719614147892
27522,2.2457778214870516
27523,1.3590185934939556
27524,1.3625056451898279
27525,1.1547200630490089
27526,1.0638881179176631
27527,1.1101581596101442
27528,23.874356470446006
27529,10.325003419676822
27530,4.411017746405874
27531,2.3162431315215413
27532,2.707498174843004
27533,1.931175705279308
27534,1.8522052452226567
27535,1.8717701629601795
27536,18.593085720605767
27537,8.498503044920618
27538,3.581868323385043
27539,1.8824726552652247
27540,2.1515274568638807
27541,1.5931003805792538
27542,1.5197268461278186
27543,1.5282662165953151
27544,13.116409278284678
27545,6.144861211277436
27546,2.473034497064622
27547,1.3759256994682514
27548,1.4400116530508282
27549,1.1701415960876749
27550,1.0786955167312837
27551,1.1400064305211344
27552,18.956380135567887
27553,9.036930965305393
27554,3.4520489536063477
27555,1.9461998415724786
27556,2.04692227872448
27557,1.5792193202202778
27558,1.5412782321759266
27559,1.5305081998655072
27560,11.204078763364144
27561,5.247102251866488
27562,2.1574065073943247
27563,1.3035185622900702
27564,1.2020611950352729
27565,1.045215822883917
27566,0.9968777260438405
27567,1.0321632491858652
27568,12.079630887836503
27569,5.60001825801287
27570,2.31768253775339
27571,1.3154198702997328
27572,1.4444387337774516
27573,1.1557163158999777
27574,1.060112548105634
27575,1.1105151683015035
27576,25.99241050034761
27577,11.259836302252776
27578,4.58737007060731
27579,2.6857290549009427
27580,3.0547255314418273
27581,2.140534977768011
27582,2.003104757381343
27583,2.084153169323346
27584,13.780298752017657
27585,6.195799690372071
27586,2.5482113123903813
27587,1.416191298170694
27588,1.5954959894854295
27589,1.2057496603797453
27590,1.1137768962531946
27591,1.1519283113494556
27592,28.150299518476253
27593,12.503735308426968
27594,5.716611950570385
27595,2.913204992297275
27596,3.0628466833868826
27597,2.3340700619193226
27598,2.264911294438404
27599,2.2903908289557213
27600,20.07689509764453
27601,9.002790260476605
27602,3.802901764304231
27603,1.9681556054683778
27604,2.2534972750713744
27605,1.7571582856329944
27606,1.5971026684108305
27607,1.557787724618799
27608,13.810492211278616
27609,6.525527691525483
27610,2.7599478142465195
27611,1.474250944226999
27612,1.5605411432891656
27613,1.2234094776804576
27614,1.1309964347597272
27615,1.1577045158606338
27616,37.24613612115129
27617,17.428696910082298
27618,7.333478383046938
27619,3.627776275296069
27620,4.600853270424549
27621,3.27806681086436
27622,3.064421163418302
27623,2.985365507139705
27624,16.38849306887059
27625,7.426545008310095
27626,3.177872945507811
27627,1.6428138457474661
27628,1.855324326571441
27629,1.4666844839245738
27630,1.3286721312164398
27631,1.379713578989426
27632,20.54675613361174
27633,9.308157991244656
27634,3.761155293997341
27635,2.1666719666637824
27636,2.4174020356093795
27637,1.8370944066597794
27638,1.6999784226972796
27639,1.6848189892116048
27640,24.68131463854177
27641,10.779525423110934
27642,4.607192878903462
27643,2.3770875116233805
27644,2.8716825648193063
27645,2.0949306614610075
27646,1.9965022032440178
27647,1.9139788445561767
27648,18.31092870639725
27649,8.059107521365636
27650,3.42646616493537
27651,1.7912118033123097
27652,1.9906707392379324
27653,1.5801068412798176
27654,1.512372021587867
27655,1.4818806340652835
27656,18.787136677730068
27657,8.681891671893094
27658,3.806360406060535
27659,1.9159230933841531
27660,2.1996711352087495
27661,1.6335298814724066
27662,1.565975959729654
27663,1.6193277669333035
27664,12.13647140598341
27665,5.568276994350498
27666,2.3508103298194563
27667,1.3442696674633348
27668,1.2940357423092341
27669,1.0972223168355824
27670,1.0482498790350872
27671,1.0773714620118031
27672,29.488608366374173
27673,13.958086135588452
27674,5.602920604962479
27675,3.1393342825249295
27676,3.439922419938501
27677,2.4548685242039876
27678,2.199028675101503
27679,2.438388540814384
27680,11.452497473429888
27681,5.095807262596388
27682,2.0918371642894966
27683,1.2302019451338682
27684,1.2913188408243326
27685,1.0465216429191089
27686,0.9718910069263839
27687,1.0259877808739348
27688,12.927398564655666
27689,5.945189900610471
27690,2.5282674789804136
27691,1.3949083670471594
27692,1.4972177834545048
27693,1.173964258714654
27694,1.098366575853419
27695,1.146489091222008
27696,19.411659391688474
27697,8.812453287410916
27698,3.5353311660949
27699,1.9762890253135263
27700,2.1001137246930015
27701,1.73182918776374
27702,1.6127312584369604
27703,1.6378459008304391
27704,22.077283821619858
27705,10.0615914343963
27706,4.4117044789869055
27707,2.1913189488810336
27708,2.6153712923280326
27709,2.0363921905055506
27710,1.9201601337066283
27711,1.9184759774694984
27712,16.089748736321692
27713,6.998559124533005
27714,2.7548136770814513
27715,1.5039065176352822
27716,1.8093354931697625
27717,1.3603767088111167
27718,1.313907687963079
27719,1.3060597430826915
27720,16.60976081245041
27721,7.408470224529133
27722,3.1909392291614926
27723,1.7419484296066161
27724,1.7540055034935562
27725,1.462764332068872
27726,1.3248220165354885
27727,1.3413110927223977
27728,50.34076339823615
27729,23.256193558857213
27730,9.902146650148728
27731,4.612506312053574
27732,6.398605549945135
27733,4.2224422467293135
27734,4.2305895342277005
27735,3.935725364667743
27736,13.247305558741838
27737,5.9678741195381955
27738,2.5507671016469318
27739,1.4102716444765617
27740,1.5351564925689865
27741,1.21599934213232
27742,1.1330892244633914
27743,1.1281674505101995
27744,13.711669871656358
27745,6.201374834259938
27746,2.615627602435349
27747,1.7053157393068197
27748,1.0733749272563897
27749,1.2304393777305855
27750,1.072401274688388
27751,1.1837794357582614
27752,15.508511324628481
27753,7.13715928407686
27754,3.064855559171662
27755,2.200291190229391
27756,1.1721058977094587
27757,1.4396031465377885
27758,1.2271405760447434
27759,1.3401730564390844
27760,13.958527780960416
27761,6.233358633864966
27762,2.7769132243640486
27763,2.0965523999648332
27764,0.9826551856894196
27765,1.3029640058364862
27766,1.135126439621449
27767,1.2548792670686169
27768,12.793574728709748
27769,5.81940324559897
27770,2.3662442224110274
27771,1.9017346057655649
27772,0.9677411237893323
27773,1.1889514637289909
27774,1.0914217618767745
27775,1.2058222689282472
27776,11.765278534421833
27777,5.19870828982008
27778,2.231136586563722
27779,1.8261946720789175
27780,0.9016697812359716
27781,1.0616713896776564
27782,0.9519474863681383
27783,1.1078582385651865
27784,12.996943088430864
27785,5.627151216242354
27786,2.287867760307863
27787,1.8669352159147852
27788,0.8911484157408527
27789,1.1355150372213274
27790,1.0400427772670107
27791,1.1784841550253062
27792,12.535908635113323
27793,5.555901142483922
27794,2.3962948026296846
27795,1.9602586865369143
27796,0.7849270590251669
27797,1.1341981437359614
27798,0.9551135976097184
27799,1.1199474207690179
27800,19.46281429617407
27801,9.060271074987774
27802,3.5215592175918005
27803,2.818818217179237
27804,1.661051751848378
27805,1.8899849851625
27806,1.6356687453219472
27807,1.7470709565658458
27808,20.165836441239172
27809,9.794226259379847
27810,3.9056822879525672
27811,2.8780852115148243
27812,1.5708605434501937
27813,1.8186215993125616
27814,1.5126199833231107
27815,1.737759759353929
27816,11.549233896989204
27817,5.4198586074725394
27818,2.08046302259195
27819,1.6639147644783334
27820,1.016712272791456
27821,1.050906669630968
27822,0.9539065972082038
27823,1.0616647371848507
27824,16.17496655765003
27825,7.541087508091029
27826,3.046262730024594
27827,2.2142925611995645
27828,1.1982672539477117
27829,1.4532715296323973
27830,1.264923575792778
27831,1.398990593138669
27832,9.471283081556715
27833,4.0293442175548035
27834,1.7905795092960197
27835,1.2301151151669538
27836,0.8849523768797185
27837,0.8835965526106101
27838,0.7594764360397988
27839,0.8685264574647044
27840,10.566462696237304
27841,4.987160224727552
27842,2.132887299654748
27843,1.6546850503558495
27844,0.7938197340829777
27845,0.976200503245426
27846,0.8399243776368814
27847,1.0150990881218138
27848,12.099047900644987
27849,5.595239374595997
27850,2.283800863385924
27851,1.8726955247655772
27852,0.8738983440138635
27853,1.0965731834297456
27854,0.9843541522442112
27855,1.1165613399065457
27856,14.42448382001808
27857,6.246144214506075
27858,2.8126420850647165
27859,2.079574728749917
27860,1.0213911410865926
27861,1.2468646509015127
27862,1.1053880697823695
27863,1.2346570423097194
27864,17.45202834823213
27865,8.657427584251236
27866,3.6733838216657997
27867,2.96323382940974
27868,1.3449661569609883
27869,1.8358599052149447
27870,1.4628179826920218
27871,1.70317198547797
27872,10.902266974310884
27873,5.060422003640883
27874,2.114579194707439
27875,1.654856892069967
27876,0.8289545788229896
27877,1.0051807975846603
27878,0.8669048362781416
27879,1.0658290566025737
27880,29.42839127111499
27881,13.497194548279682
27882,5.795615485365602
27883,4.561551311760692
27884,2.0682957342734807
27885,2.481106952784458
27886,2.0300114042567574
27887,2.4428364035825196
27888,14.381024458823331
27889,6.710814789457113
27890,2.740842774251273
27891,2.0967710109231947
27892,1.1267704816044601
27893,1.327267244823544
27894,1.131604891767022
27895,1.2708178694276653
27896,16.86888094634681
27897,8.11922135837506
27898,3.2347888791923767
27899,2.748187615082987
27900,1.1649793645846063
27901,1.651855566399736
27902,1.3626730767230284
27903,1.5666422809689207
27904,26.57644507093983
27905,12.35093292990286
27906,4.707825767942513
27907,3.82282166116987
27908,1.8994605522542904
27909,2.3919963367952475
27910,1.9878106579145698
27911,2.273762790618109
27912,22.668646859437736
27913,10.4988200082196
27914,4.172286149323107
27915,3.449631672347943
27916,1.427244430486569
27917,1.9315169231890246
27918,1.6161352617158606
27919,2.0146012105148428
27920,15.341903575210807
27921,7.082376826741447
27922,2.992721046728843
27923,2.2621133032797216
27924,1.063902973071863
27925,1.384032391773495
27926,1.1419287733601973
27927,1.3089974151012032
27928,11.069499862088314
27929,4.884056332474358
27930,1.9661919683396103
27931,1.6233752310654381
27932,0.7587691463168006
27933,1.013019750008486
27934,0.8740652951510209
27935,0.9910111614200238
27936,18.80365254984072
27937,8.675675048639645
27938,3.734513835107754
27939,2.88502597788202
27940,1.3499892370053843
27941,1.723258715001821
27942,1.519296575520333
27943,1.6755370854281604
27944,16.168067805967535
27945,7.395322422325253
27946,2.9254168419587745
27947,2.1746718495309194
27948,1.1222085784554556
27949,1.4635957111090219
27950,1.2388848387330493
27951,1.3800872655349696
27952,10.992468631497545
27953,5.1072250322056
27954,2.269147413059938
27955,1.6838905650373246
27956,0.8159135934735005
27957,0.9993926079164829
27958,0.8802535717609763
27959,1.050641659889844
27960,15.539686390820995
27961,7.32132688275699
27962,2.878224564466665
27963,2.212198223657163
27964,0.9937314288452207
27965,1.30792677404317
27966,1.1553034649090401
27967,1.3252055007549648
27968,10.20937113611761
27969,4.611231781941959
27970,1.9550162577032786
27971,1.5072196996253153
27972,0.7539027589627008
27973,0.9452640297675632
27974,0.8140167262247565
27975,0.9557711618170254
27976,10.416316922379954
27977,4.81104105766025
27978,2.049778525229536
27979,1.568193584622752
27980,0.759293347572998
27981,0.9733802244365118
27982,0.8344086382984985
27983,0.9849404102547918
27984,20.304984303012006
27985,9.550921631911555
27986,3.8510230153022325
27987,3.3788150643118526
27988,1.5515770018677415
27989,1.8142926106324753
27990,1.618749088749672
27991,2.023969637690233
27992,11.832008922064233
27993,5.194512704724744
27994,2.2007693539637874
27995,1.735799230047418
27996,0.8327932912826634
27997,1.026106195015639
27998,0.8974888937497878
27999,1.0632436870686062
28000,25.45693334443567
28001,11.396308360824097
28002,4.739436420246061
28003,3.0333714310696034
28004,1.8393519466051635
28005,2.0513423689323416
28006,1.9484014637801117
28007,2.109117686283147
28008,16.259670404550278
28009,7.30698091024573
28010,3.242894857254561
28011,2.370975900167011
28012,1.1490053387022667
28013,1.515113451104602
28014,1.2526296425178478
28015,1.4148902698279517
28016,12.352822236135783
28017,5.620059332409726
28018,2.377347938444283
28019,1.8139433357253554
28020,0.8335620884189507
28021,1.074498505605112
28022,0.9455541466200191
28023,1.105428945530904
28024,30.384934940140713
28025,12.82645030213524
28026,5.75690850493573
28027,4.502047845285523
28028,2.04846863005718
28029,2.585914342111635
28030,2.21928104997816
28031,2.489420983531081
28032,13.745368113827594
28033,6.45250309844483
28034,2.7101039496722223
28035,2.057629923204583
28036,0.9766827837330696
28037,1.231527057260195
28038,1.0709753576112842
28039,1.2142951597286056
28040,17.354591263404732
28041,8.037212104930061
28042,2.9974218075212806
28043,2.7093413887549644
28044,1.3477990366034218
28045,1.6338155372041974
28046,1.3903511381947453
28047,1.5173485359127254
28048,19.6617836063168
28049,8.831100761311125
28050,3.8470936574340544
28051,2.9840426525266217
28052,1.3075921248390918
28053,1.8997981420586083
28054,1.593376970241534
28055,1.7654179672143415
28056,15.44760789652327
28057,6.924542097208141
28058,2.771819797900591
28059,2.2331632491604005
28060,1.050158263337701
28061,1.350468864281816
28062,1.161340677293731
28063,1.325970968158324
28064,16.527177338886
28065,8.146135729632128
28066,3.413042848934481
28067,2.3270425422074856
28068,1.4161591899985508
28069,1.4957162004393545
28070,1.323059495327444
28071,1.4858426646129308
28072,10.68009920202697
28073,4.986468885812483
28074,2.131338760284709
28075,1.4894934045574584
28076,0.7850291696392558
28077,0.9641893548471522
28078,0.8319999047182655
28079,0.9585396314291341
28080,24.851580937350143
28081,11.644216225527932
28082,5.063732641864664
28083,4.022825741414337
28084,1.7193878526643678
28085,2.2709617614942643
28086,1.926848696490387
28087,2.277802896589268
28088,10.217852593284071
28089,4.504488154811538
28090,1.9322242203495907
28091,1.5835074994788614
28092,0.8434710706355861
28093,0.9714762456338513
28094,0.8508601710705348
28095,0.9619674239068159
28096,11.203575810941258
28097,5.024245713240136
28098,2.2948046326554232
28099,1.703609511402021
28100,0.848415328856041
28101,1.0159797571647582
28102,0.891698269871367
28103,1.0698498345545897
28104,16.56328844832377
28105,7.72743556582923
28106,3.0929617608805358
28107,2.451893295467806
28108,1.190323710785674
28109,1.5355517624753423
28110,1.2587888218950969
28111,1.4844929393917141
28112,17.60813230772592
28113,8.313419309914178
28114,3.5600702694902524
28115,2.734285203770441
28116,1.232295981356207
28117,1.772650779822347
28118,1.575716774961219
28119,1.75442846822288
28120,12.979734502559177
28121,5.929351792684596
28122,2.2983532198824435
28123,1.967971203512806
28124,0.9070009740203484
28125,1.2223598564047293
28126,1.0218391876084447
28127,1.2373824559061817
28128,13.447246440486794
28129,6.361214508013573
28130,2.7173915652061904
28131,2.058765453627626
28132,0.9724121736075838
28133,1.2536939627604529
28134,1.0670129058522666
28135,1.2204833297507383
28136,38.97825044674477
28137,18.97750697776508
28138,8.212588130235085
28139,5.303773429739581
28140,3.8385338345438966
28141,3.58741915416251
28142,3.221360860509388
28143,3.353149312841088
28144,11.181549779801085
28145,5.085174569174131
28146,2.20337145084226
28147,1.6743566219070671
28148,0.7903842645292244
28149,0.9893796498621876
28150,0.8926622380465719
28151,1.04418168851813
28152,17.56560574379315
28153,7.887304515184528
28154,4.9347630835747855
28155,0.0686781343411238
28156,5.4178515725444045
28157,2.0433119278998157
28158,2.457072466021216
28159,1.5290201183210517
28160,18.801265875355377
28161,9.480750083453538
28162,5.749961083655719
28163,0.11308190945406273
28164,6.589976452515902
28165,2.3904939033191117
28166,2.8440828098410873
28167,1.8622289068987143
28168,18.271738418843608
28169,8.55902907499615
28170,5.197037942662952
28171,0.07718334562376121
28172,5.6483620718760905
28173,2.135963214528072
28174,2.5993141895007046
28175,1.6546874466334642
28176,16.98297040180612
28177,8.01512040893203
28178,5.002427255859292
28179,0.0828240173415803
28180,5.2175314678565
28181,1.9074712232995705
28182,2.357973737547748
28183,1.558140585623661
28184,14.764547512617044
28185,6.802970810447485
28186,4.3616830941406635
28187,0.0882672005999812
28188,4.7128938398864255
28189,1.7412624907276175
28190,2.1578691341127
28191,1.421683766332089
28192,17.169518172192547
28193,7.957548856226803
28194,4.796254936871762
28195,0.08920157744960594
28196,4.9805376064410725
28197,1.7827950262244714
28198,2.2078089017094213
28199,1.4245127698403837
28200,16.194579740060046
28201,7.971725110161361
28202,4.895887726729605
28203,0.08991332281483853
28204,5.382947906106746
28205,1.8998461476668287
28206,2.34532806521822
28207,1.5471276021618274
28208,25.021294967029256
28209,11.367238868681047
28210,6.811030050242835
28211,0.12362467120592496
28212,7.7438426478108875
28213,2.792159947969282
28214,3.2813882395723715
28215,2.1810797273123175
28216,28.260081617679717
28217,12.356655155318494
28218,7.351578834754989
28219,0.13118219484465335
28220,8.34287390425499
28221,3.1439970906608163
28222,3.940081745338383
28223,2.4487759379079974
28224,14.327402261430965
28225,6.741533495143231
28226,4.091091595500812
28227,0.07373534275149832
28228,4.556170691084739
28229,1.671899263579443
28230,1.9638318362701497
28231,1.3130362640218174
28232,20.385595020218826
28233,9.314660192520755
28234,5.492943991055817
28235,0.09417630446214387
28236,6.159050698844523
28237,2.2016011390656676
28238,2.872077400924832
28239,1.870818229315934
28240,13.11693938777241
28241,5.643049325043165
28242,3.416605108588673
28243,0.0009552260553748652
28244,3.7585385059862015
28245,1.3524690239507537
28246,1.6614391277636478
28247,1.0548556667336522
28248,14.72289801707691
28249,6.570507207836577
28250,4.352895354049426
28251,0.07349343490343549
28252,4.8801091883172045
28253,1.7162849362148451
28254,2.1108599419789167
28255,1.4214534125580758
28256,16.732417816098252
28257,7.800160358338754
28258,4.805927006230947
28259,0.09715659302733329
28260,5.13318804946554
28261,1.9412928095890902
28262,2.2691043207776787
28263,1.5410133066115514
28264,18.91155561956466
28265,8.419577782135034
28266,5.2795249982242565
28267,0.09965519984631675
28268,5.527307765063169
28269,2.1153989545610803
28270,2.6358987192585523
28271,1.7197091912108136
28272,25.37078088483006
28273,11.490294859084248
28274,7.030396974205367
28275,0.13800962142118642
28276,7.644441558182591
28277,2.859905144597341
28278,3.476732301629693
28279,2.299725520285166
28280,14.543702116903795
28281,6.766730047331266
28282,4.3277036305862335
28283,0.064198528653292
28284,4.957305338271042
28285,1.707402289823169
28286,2.116288638181646
28287,1.452806614051623
28288,41.802414313801144
28289,19.066992539170936
28290,10.552497994278077
28291,0.24247340107259288
28292,11.973814556660004
28293,4.529278822479879
28294,5.4841490582285655
28295,3.532322459690418
28296,19.62231184899191
28297,8.938192800523385
28298,5.477830345764601
28299,0.10436062760373428
28300,5.831073044849116
28301,2.126127729835658
28302,2.6212911518058224
28303,1.8043793335891614
28304,24.44284305486868
28305,11.580643014242257
28306,6.533551532733574
28307,0.15123818683762297
28308,7.435097617585346
28309,2.5742841836159776
28310,3.1561208223825887
28311,2.0137441181820925
28312,36.968358858408685
28313,17.26535370335412
28314,9.890486504157577
28315,0.21003215008443035
28316,10.923754876418942
28317,4.059622856751987
28318,4.720330514894306
28319,3.1908103419624507
28320,31.35524228057631
28321,13.831845667054832
28322,8.888744984062035
28323,0.1841919169949474
28324,8.97527156177606
28325,3.3545245112986537
28326,4.182883492727501
28327,2.6323917310739433
28328,20.480523385820874
28329,9.408734364295052
28330,5.808242838831577
28331,0.11629527267569807
28332,6.2531420617132385
28333,2.2182254734184625
28334,2.77390045179258
28335,1.8122259585975993
28336,13.866015312566129
28337,6.475094752662502
28338,4.00384599085218
28339,0.07060087042323722
28340,4.376852489058969
28341,1.680883650203405
28342,1.982392412967967
28343,1.272711408076941
28344,27.29338260704839
28345,11.956334618157188
28346,7.001717874483574
28347,0.12812308152573246
28348,7.777746406688181
28349,2.875215248372466
28350,3.620817861157128
28351,2.2973862365755533
28352,21.188983984806324
28353,9.601825918945636
28354,5.966055584949321
28355,0.1048498630638744
28356,6.1702522323538
28357,2.33724480345869
28358,2.8241033102439124
28359,1.887155230760478
28360,15.183212804100712
28361,7.009084017676958
28362,4.2502993037526355
28363,0.07430818891576761
28364,4.917965721363218
28365,1.7791965835976704
28366,2.1154061239023387
28367,1.362142039237251
28368,20.036525298255025
28369,9.323799022871857
28370,5.512675614632423
28371,0.10739553984938052
28372,5.934530866445
28373,2.1526484177519616
28374,2.772977658764605
28375,1.9246639347036938
28376,13.711756560747647
28377,6.083730337431828
28378,3.833596641381618
28379,0.062428853888963826
28380,4.234780874677453
28381,1.5531762896427592
28382,1.8362525870029067
28383,1.2683388435421825
28384,14.634978643855575
28385,6.275433631199006
28386,3.9648681827461596
28387,0.06378868469423327
28388,4.668960848238088
28389,1.582930422668739
28390,2.056872251294416
28391,1.266011719905669
28392,30.156905302258338
28393,13.712956121535
28394,8.342904433198814
28395,0.16056899913772207
28396,8.606244363363421
28397,3.1934479469175767
28398,3.963337601085773
28399,2.527008036778223
28400,15.26060512204603
28401,7.07294465452358
28402,4.517998469369109
28403,0.08009692124160941
28404,4.708628178039716
28405,1.6705807212857895
28406,2.1501641908670623
28407,1.402690121699895
28408,33.633612204735634
28409,13.981091910354884
28410,8.663345446404604
28411,0.16808374647353663
28412,9.486189376369895
28413,3.36234514199616
28414,4.693616730805327
28415,2.7630881893467025
28416,22.607472756857966
28417,9.998163696871014
28418,6.261194698681944
28419,0.1366886618526325
28420,6.653984485653199
28421,2.5158307166722866
28422,3.1488841720971457
28423,1.9789773857489565
28424,15.910728950679104
28425,7.276201403057929
28426,4.513900762996383
28427,0.09222366338700788
28428,4.979169905076354
28429,1.8018496219348412
28430,2.198662102719795
28431,1.4455488606925726
28432,44.404586832243496
28433,19.373417530085952
28434,11.997856855508113
28435,0.25987207402544793
28436,12.563544459615928
28437,4.660241355605714
28438,5.639674947863243
28439,3.842708058812256
28440,18.60512851688268
28441,8.822053350037207
28442,5.323707362186645
28443,0.08804745240365597
28444,5.752471339603798
28445,2.1368081097199734
28446,2.5654048534561924
28447,1.6309728460012751
28448,25.241730790533055
28449,10.998114517424531
28450,6.3332681236190265
28451,0.14037235825412434
28452,6.76635001114607
28453,2.6860537272732223
28454,3.2001663747649736
28455,2.1010778618021964
28456,27.857478752682695
28457,12.17518360482443
28458,7.477347730202455
28459,0.15282265441478793
28460,7.82579448952164
28461,2.9795517844756922
28462,3.7192163002639274
28463,2.412685822216509
28464,20.240776100882062
28465,9.429524271171468
28466,5.599127737803064
28467,0.10654746159261469
28468,6.146591919369029
28469,2.365808580690925
28470,2.816308702831614
28471,1.8689219127915144
28472,21.740704432495736
28473,10.05897414515711
28474,6.046726351138857
28475,0.11151334074686475
28476,6.594123130214896
28477,2.4072339075143154
28478,3.0160507611137217
28479,2.08991236617795
28480,14.29992876546332
28481,6.30396243626382
28482,4.074974910718107
28483,0.05783760364045551
28484,4.54214054959078
28485,1.547221284271916
28486,1.985016514705896
28487,1.2865897233537906
28488,36.48546010397895
28489,15.985451896052052
28490,9.418732440210638
28491,0.17641327186231104
28492,9.983393500027516
28493,3.87802252824576
28494,4.44366463090315
28495,3.1265580506268713
28496,13.269551861444077
28497,6.305093808644425
28498,3.8472040945480326
28499,0.06906224894771633
28500,3.9130757168578567
28501,1.5184896865378175
28502,1.8171292369324952
28503,1.280962393961608
28504,14.68944039753043
28505,6.667120498899603
28506,4.294202363679365
28507,0.08064713945721844
28508,4.789551103606602
28509,1.730402515884688
28510,2.0503375816490657
28511,1.396414524519182
28512,22.310975168871835
28513,10.03459937575284
28514,5.5992114406311195
28515,0.10226203383367742
28516,6.501494517179551
28517,2.491794455896751
28518,2.951890844867031
28519,2.0157340095518625
28520,25.24788978718938
28521,11.647679955208407
28522,6.813748566127067
28523,0.128427369211585
28524,7.697284831045491
28525,2.88167171642436
28526,3.590024492607164
28527,2.41456686077262
28528,16.988134413543854
28529,7.960754538795659
28530,4.7279896567456285
28531,0.0686972141490679
28532,5.112832977932173
28533,1.7687375648112773
28534,2.313193023452981
28535,1.3976994493803037
28536,19.187354257066385
28537,8.55529039704318
28538,5.219648492975789
28539,0.10447375147228508
28540,5.672300336267625
28541,2.1230006292811727
28542,2.547758357608045
28543,1.713842462090188
28544,56.29993378975794
28545,25.737550122493275
28546,14.864415314833602
28547,0.44060389305799724
28548,15.628682465181265
28549,6.041612712129114
28550,7.409991167480505
28551,4.817460085442796
28552,14.859112322097888
28553,6.486020509300274
28554,4.429326663629687
28555,0.07421160372938604
28556,4.83067534879837
28557,1.699460019845169
28558,2.188202076039913
28559,1.3765297057107642
28560,20.594705702270602
28561,9.218266686974138
28562,4.147975846607779
28563,0.9488829104881097
28564,3.736945995210552
28565,1.8466370264632082
28566,1.923623656789818
28567,1.5949057591744455
28568,22.451125375266187
28569,10.798114768040486
28570,4.703048931793267
28571,0.9274181649440878
28572,4.5675889059504255
28573,2.0705264576802596
28574,2.1131265594795297
28575,1.7223047494509522
28576,21.24983934153642
28577,10.280412157038922
28578,4.493854979097405
28579,0.8736296261639868
28580,4.188076276736607
28581,1.8664533846064928
28582,2.0732746356544194
28583,1.5957584840806716
28584,20.14608367722944
28585,9.17304039058085
28586,4.178972121479274
28587,0.8199414680246264
28588,3.7882486224474072
28589,1.7236886965769027
28590,1.8611777861268706
28591,1.5240429849302701
28592,18.952182748495744
28593,8.316447028685596
28594,3.8141115744177285
28595,0.810790776725522
28596,3.594440747768665
28597,1.6463843585704856
28598,1.8194735924577012
28599,1.44292422280875
28600,20.25651056744824
28601,9.19749523380397
28602,4.061972587446755
28603,0.8275146580663343
28604,3.726035712889923
28605,1.6577831939004855
28606,1.860841801733133
28607,1.4912766569394686
28608,19.440353492332903
28609,9.501437706028982
28610,4.054616706729561
28611,0.9246512889000577
28612,3.9599911851800664
28613,1.8053189769220754
28614,1.875961454688981
28615,1.6188718760649943
28616,28.187551606883265
28617,12.989899573857498
28618,5.523048425404112
28619,1.268358994828409
28620,5.275436438988127
28621,2.405175844939391
28622,2.550695810440366
28623,2.12815979918496
28624,32.326428248871075
28625,15.086485492979717
28626,6.714892650630847
28627,1.3675997755756393
28628,6.315976108579953
28629,2.864529839801331
28630,3.138080032508025
28631,2.4495375556994095
28632,16.27706929436364
28633,7.653987078469244
28634,3.2411271906631645
28635,0.7085087290833545
28636,3.18694127334985
28637,1.4469975867773452
28638,1.5873694536232397
28639,1.2924492080529935
28640,22.88921752919178
28641,10.971781626002665
28642,4.718315520090141
28643,0.9462186106239958
28644,4.42104450656524
28645,1.9920345554465377
28646,2.147349390395626
28647,1.7710505646394552
28648,14.453588087740531
28649,6.2306038736983
28650,3.031433176926647
28651,0.7218897935854118
28652,2.6566056903648954
28653,1.287573234333426
28654,1.4378714665360772
28655,1.1623421338474047
28656,17.88721230626909
28657,7.834916460199317
28658,3.748473762347156
28659,0.7929394298388643
28660,3.3960994252902816
28661,1.568835828500262
28662,1.7386757515546294
28663,1.393555739109875
28664,18.923473759514586
28665,8.907398266142065
28666,3.8756403940035478
28667,0.838015688078106
28668,3.4335253857205217
28669,1.7191851460212695
28670,1.7962280594600293
28671,1.5188789412423382
28672,22.594254799163384
28673,10.276339882780487
28674,4.561904038345933
28675,0.9544212986916748
28676,4.1200930143283925
28677,1.8490479781965186
28678,2.0242992839080074
28679,1.7076522161842793
28680,28.690364655375753
28681,13.84283097741838
28682,6.32362222246519
28683,1.2303872148575297
28684,5.827610860241371
28685,2.6058890713640945
28686,2.7593243413142585
28687,2.237451395931555
28688,17.360633370193934
28689,7.867155425929695
28690,3.6946781992329942
28691,0.7662122113424612
28692,3.4237517571252036
28693,1.5699589047717752
28694,1.6878136794310696
28695,1.4203629828370128
28696,43.838483984630294
28697,20.62372804305585
28698,9.107767127351755
28699,1.8288698219588668
28700,8.65077661150836
28701,4.028700642013749
28702,4.378708091056406
28703,3.427103775897767
28704,21.852765978126218
28705,10.299382307547166
28706,4.336589620989397
28707,0.9300694928683858
28708,4.149290303014312
28709,1.9352875166635155
28710,2.069625453200875
28711,1.7456835839742664
28712,27.565350943357792
28713,12.913085237768868
28714,5.569651605533322
28715,1.1148877549363643
28716,5.245045238942243
28717,2.3100603127422743
28718,2.56451573635899
28719,2.079822639606979
28720,42.46084642307343
28721,19.124851887238297
28722,8.516733811747672
28723,1.8212993944688034
28724,7.640280982130471
28725,3.640070023094223
28726,3.701017822702178
28727,3.1102367709830117
28728,36.50600877835034
28729,15.885873825494832
28730,7.424797066562586
28731,1.5276581667286513
28732,6.708221870754813
28733,2.976201758371926
28734,3.250452605505216
28735,2.553273971893858
28736,23.141555679920398
28737,10.572368512637523
28738,4.870630406117436
28739,1.02622991634307
28740,4.198557908647874
28741,1.9380359557312106
28742,2.140222110986095
28743,1.7512930177816353
28744,17.188615594746764
28745,7.445707883804282
28746,3.374441329831203
28747,0.7288068060081448
28748,3.142878240083389
28749,1.5396225867686328
28750,1.6447989334632547
28751,1.252788427375145
28752,31.054347617498205
28753,14.312832653518303
28754,6.1185517921041
28755,1.2107569838641579
28756,5.6671166325719815
28757,2.5121524219946068
28758,2.9701986494215737
28759,2.248561776872144
28760,24.174238191571003
28761,11.440674103565605
28762,4.801882114709959
28763,0.9960484027269002
28764,4.415176944601242
28765,2.0533342981161877
28766,2.191768513251146
28767,1.8290614588637424
28768,17.44082471447906
28769,7.746157127130429
28770,3.4975092500788767
28771,0.7315120702214855
28772,3.1937214458976952
28773,1.5497667800358559
28774,1.6203051554257937
28775,1.292858787336017
28776,23.120523603220043
28777,11.287156349342348
28778,4.7980342659475745
28779,1.0032549652439489
28780,4.31826747723666
28781,1.9079651435296867
28782,2.1586023023357774
28783,1.786249792450905
28784,15.319794899894289
28785,6.888333516554718
28786,3.144612556951165
28787,0.7114925617689177
28788,2.976121605174704
28789,1.4146948596975184
28790,1.5137496400363666
28791,1.195938174958514
28792,16.852921452508475
28793,7.3705321504066905
28794,3.3528743619150845
28795,0.7213415190499554
28796,3.217304846024041
28797,1.4641092906825388
28798,1.5992181292369618
28799,1.2321978742470292
28800,33.26374671791936
28801,14.947183288127272
28802,6.728215919411712
28803,1.33272394115856
28804,6.572975529636997
28805,2.823272218012766
28806,3.1838008919587972
28807,2.446022859622349
28808,18.761369118806765
28809,8.433499967135191
28810,3.904121552908759
28811,0.8220169866013537
28812,3.523003192546353
28813,1.6279809262388296
28814,1.7895852730748085
28815,1.455217586087873
28816,38.759305620144126
28817,16.90532298810591
28818,8.113133447892903
28819,1.7487036053575795
28820,7.162376150554245
28821,3.269266770496002
28822,3.5940320002075343
28823,3.002717149364199
28824,25.468717133438748
28825,11.853901650392812
28826,5.478298954833464
28827,1.1197410435920259
28828,4.946481639163122
28829,2.272325584094467
28830,2.4176875675385245
28831,1.9883842165864183
28832,19.07349588060125
28833,8.884759035588134
28834,4.003753317321949
28835,0.8623979935661531
28836,3.6655671727798245
28837,1.7441782613545842
28838,1.8252564345350601
28839,1.4682315957091954
28840,47.48670260368879
28841,21.524527838313922
28842,9.678901758517291
28843,1.9149645124722074
28844,9.163995088893653
28845,4.292228543872666
28846,4.562790761509388
28847,3.5156780504770384
28848,21.430151240923458
28849,10.543633154931445
28850,4.671828024128672
28851,0.861291518485706
28852,4.281082242819196
28853,1.8548567668230123
28854,2.0229955681151117
28855,1.59508341851006
28856,26.690585660710443
28857,11.907661121986601
28858,5.497815419597345
28859,1.2414489803280027
28860,4.982706322900475
28861,2.3662940878048486
28862,2.5118442127773504
28863,1.975066596959818
28864,32.402194423872004
28865,13.983017399153848
28866,6.64938559150837
28867,1.2932891026229223
28868,6.168846028230504
28869,2.6638793582757487
28870,3.029301384413033
28871,2.267346053496591
28872,23.334468682037272
28873,10.81635206383272
28874,4.638491647511488
28875,1.0082357513838316
28876,4.424474697483141
28877,2.0426639025845863
28878,2.135705360066482
28879,1.7686759345634961
28880,25.055349556346357
28881,11.683470649865795
28882,5.1886995325057255
28883,1.0770004171256564
28884,4.786836134109826
28885,2.0769339925332004
28886,2.2610321289976083
28887,1.9879788946689627
28888,16.832357225271878
28889,7.474602032366269
28890,3.424618234369247
28891,0.7491885620820503
28892,3.3714657724783277
28893,1.4533172979859559
28894,1.6178759470652693
28895,1.2874537147661487
28896,39.00875789874361
28897,18.305599584837672
28898,8.278623849985904
28899,1.6459082615485343
28900,7.438841331127497
28901,3.342613028887698
28902,3.5182704263557207
28903,2.997853928705861
28904,16.302695672107173
28905,7.425523065242498
28906,3.34496989953446
28907,0.7411803075842696
28908,2.9655018656268153
28909,1.3931377379326813
28910,1.498011460632718
28911,1.244674501227289
28912,17.586950923271427
28913,7.693300941642883
28914,3.7517825416845016
28915,0.7533962818385003
28916,3.3817604585879804
28917,1.5626635952284702
28918,1.6899110647243005
28919,1.3334975134351208
28920,25.67727021651599
28921,11.969497533626893
28922,5.103845530334327
28923,1.0221651719746918
28924,4.957866816959961
28925,2.1817758463415617
28926,2.3818215912771423
28927,1.928585000288889
28928,28.284292004736518
28929,13.467846118253645
28930,6.015845244415471
28931,1.2326636323842264
28932,5.425208962014401
28933,2.5631964719937907
28934,2.900563070814062
28935,2.272094875159228
28936,20.191512286793007
28937,8.993493401250413
28938,3.874511177844636
28939,0.8169181939054015
28940,3.7027381958498964
28941,1.6664195002153874
28942,1.8324355159452208
28943,1.4857332409038935
28944,21.734546143647854
28945,10.03343500322497
28946,4.367050952981449
28947,0.8613788112208748
28948,3.8924091373330234
28949,1.7940382601305063
28950,1.9059559744260564
28951,1.599511922739354
28952,58.70717206882546
28953,28.78417678180489
28954,12.861935247135477
28955,2.360266509486998
28956,12.038864065764622
28957,5.4479829196070835
28958,6.048567320683863
28959,4.820905276238529
28960,17.560393583645876
28961,7.748044375509649
28962,3.629140266423748
28963,0.7962729239391213
28964,3.304620546086647
28965,1.5672363634833513
28966,1.7066760464241517
28967,1.3860738993629775
28968,17.182519975230296
28969,7.911931342911884
28970,4.9698843775868
28971,0.07717377367512346
28972,5.398755800895132
28973,2.0329273555424066
28974,2.4636077481398226
28975,1.5313050291788637
28976,18.616283604109174
28977,8.985421505661106
28978,5.571859145175033
28979,0.09418979093430847
28980,6.285094559705642
28981,2.327313172898648
28982,2.792781755160232
28983,1.8359994077931394
28984,17.846047888162392
28985,8.242609919944629
28986,5.082873993183228
28987,0.0871249215033191
28988,5.46501023725627
28989,2.077671720322717
28990,2.5424473223770145
28991,1.654065606589871
28992,16.722266853127742
28993,7.709059903901155
28994,4.9365084715366025
28995,0.0823040338614905
28996,5.177570222846113
28997,1.9018303001534789
28998,2.3493602601054024
28999,1.5442649980123997
29000,14.567578650047695
29001,6.542986746517535
29002,4.340216921550786
29003,0.08944590621320998
29004,4.682397746115464
29005,1.7057265164551987
29006,2.160289788051354
29007,1.381177009412266
29008,16.903909790581352
29009,7.884579642003678
29010,4.8330086164863175
29011,0.08459019048194355
29012,5.063514465145871
29013,1.8198337833002385
29014,2.2465547578552365
29015,1.453124775905999
29016,15.94401896433678
29017,7.8175194167222966
29018,4.825692875624103
29019,0.08508900258817215
29020,5.272276938425155
29021,1.8742144672880168
29022,2.301982036186688
29023,1.5498280317242128
29024,24.987303150305582
29025,11.38771508440849
29026,6.853342123261262
29027,0.11922635130998246
29028,7.789230683058606
29029,2.8079482604407624
29030,3.348727313927437
29031,2.1989647089936324
29032,27.110987279207432
29033,12.510855270831968
29034,7.2746555969855615
29035,0.1453391415006907
29036,8.32942904565988
29037,3.155686006050875
29038,3.932174503450419
29039,2.4501046313897716
29040,14.16413079621563
29041,6.483429048082553
29042,4.063535171810357
29043,0.07432042924873035
29044,4.574774717528812
29045,1.6817424346786494
29046,1.9872810129670735
29047,1.3378773163755207
29048,19.980249395426068
29049,9.201000464985745
29050,5.560573193762864
29051,0.10655338945173123
29052,6.164256529667786
29053,2.2341341188678734
29054,2.8536540530251133
29055,1.8815956959969904
29056,13.087605267868
29057,5.552343617725658
29058,3.3889957893846794
29059,0.01716140567265638
29060,3.83104263185178
29061,1.3956741524538416
29062,1.6894441881013142
29063,1.1567336965968331
29064,14.697606441357777
29065,6.392053496300516
29066,4.331644044119133
29067,0.06992467676073809
29068,4.809940581217009
29069,1.712686281978993
29070,2.1098008031911113
29071,1.4326801172521564
29072,15.943231220471423
29073,7.407125695360115
29074,4.6182294784720845
29075,0.07759225925841909
29076,4.871049973908618
29077,1.904404769429664
29078,2.2061331730390843
29079,1.5097576408704354
29080,18.528137770568478
29081,8.478587259991055
29082,5.302238609612547
29083,0.12150325572692126
29084,5.481388329781664
29085,2.1131296563423105
29086,2.6042402439908305
29087,1.7052428690119759
29088,25.35183023760672
29089,11.532753289712419
29090,7.065413203783401
29091,0.14349664591897865
29092,7.619495274504413
29093,2.879156886733114
29094,3.528283550554954
29095,2.314552433770722
29096,14.140085551713613
29097,6.534758827211891
29098,4.244591963541588
29099,0.06887104959792711
29100,4.837781133312123
29101,1.6813865678449804
29102,2.0617080924819438
29103,1.4336788551048671
29104,40.74526102272596
29105,18.284896377644795
29106,10.37314724148183
29107,0.2269259193928944
29108,11.729343497779373
29109,4.414018746067415
29110,5.516254515791694
29111,3.4807204548696693
29112,18.72517860681602
29113,8.452534357003673
29114,5.308823390918957
29115,0.09550883378877313
29116,5.623285267704108
29117,2.0737640934734536
29118,2.56763314473202
29119,1.7594041935608566
29120,24.055012492295887
29121,11.201368904863756
29122,6.320235684363436
29123,0.1517337567767753
29124,7.145426660726771
29125,2.543083868403514
29126,3.135151037865715
29127,2.039044983911927
29128,36.49351258097443
29129,17.04774289937298
29130,9.6627045348175
29131,0.21538073798867932
29132,10.911400131943445
29133,4.051205078516748
29134,4.73747641607398
29135,3.230790996640614
29136,31.344540421147563
29137,13.872708696386255
29138,9.056509181010851
29139,0.18544059940080854
29140,9.015148806230092
29141,3.3855377851190753
29142,4.11738811366963
29143,2.6529412540884465
29144,20.37389052008548
29145,9.234886178552733
29146,5.712466349711199
29147,0.11823163270593882
29148,6.145703068902462
29149,2.2256779788038887
29150,2.808368434704388
29151,1.8099956731678177
29152,14.069970346417806
29153,6.4068027229557165
29154,4.010565229872762
29155,0.0670277799498136
29156,4.342738698283744
29157,1.6919079703138091
29158,1.9747406221963486
29159,1.2656733956427118
29160,26.326183856016378
29161,11.838005647274585
29162,6.748471990711722
29163,0.13184441041118325
29164,7.558086752212802
29165,2.8402616882741163
29166,3.5312840687420524
29167,2.3025841162721075
29168,20.25951298728714
29169,9.156468918489578
29170,5.558975891973662
29171,0.10220602504448387
29172,5.737556776520962
29173,2.1832731864475527
29174,2.6910415645193733
29175,1.7682936059559007
29176,14.755883740301098
29177,6.726842751841012
29178,4.19186056684761
29179,0.06582797368098887
29180,4.765439810570236
29181,1.752019915170458
29182,2.0720144291799225
29183,1.3657541984574866
29184,20.176812015117893
29185,9.42488585582879
29186,5.606467457744328
29187,0.12641873736835915
29188,5.957425945828295
29189,2.138802120378309
29190,2.8389856301420946
29191,1.91338699015708
29192,13.214862520410483
29193,5.728016038850011
29194,3.6792387621616047
29195,0.03166081856629898
29196,4.008229128871881
29197,1.5485297113900156
29198,1.792406693573775
29199,1.248157388435163
29200,14.070067273019516
29201,5.935227818745929
29202,3.8811779579110106
29203,0.06443918476358912
29204,4.55825015932698
29205,1.5631596835033859
29206,2.0420450726232504
29207,1.2774353505586347
29208,29.755935510565234
29209,13.655802244823501
29210,8.266566834556714
29211,0.14497196777900911
29212,8.488809560832951
29213,3.205519013452345
29214,3.995177386722332
29215,2.559399204700285
29216,15.32444062257592
29217,6.938540919422862
29218,4.531669320530309
29219,0.08924225562446789
29220,4.864933031541711
29221,1.7042194692884793
29222,2.1944591828127917
29223,1.4099874708939315
29224,32.842725328690236
29225,13.752949394427533
29226,8.375701774273933
29227,0.17389733648872843
29228,8.874747995357538
29229,3.2954765128153976
29230,4.532391316376542
29231,2.741621129707726
29232,21.669731450870646
29233,9.943731808177667
29234,6.090830829578814
29235,0.12391995557081711
29236,6.58483971678105
29237,2.5024331996331344
29238,3.1077201442759823
29239,1.9952605171320295
29240,15.850382624077973
29241,7.0091109662098505
29242,4.447135317457293
29243,0.08727296834909282
29244,4.967839790371691
29245,1.827355825954197
29246,2.203754868599634
29247,1.4383812852087743
29248,43.836448188892135
29249,18.75904527056714
29250,11.682806871476846
29251,0.23160760651163934
29252,12.29293605062459
29253,4.601916841647002
29254,5.597330795309346
29255,3.777755865894898
29256,18.547537811271877
29257,8.762810932900644
29258,5.273478277349938
29259,0.09321724797086678
29260,5.587083546130123
29261,2.0981706888201312
29262,2.52114849592688
29263,1.6349629902231824
29264,24.095839006815183
29265,10.527367377037429
29266,6.202178795886719
29267,0.14744548827895476
29268,6.613416049798401
29269,2.6642878363943563
29270,3.1863460156616905
29271,2.1009853863972063
29272,27.717135287229027
29273,12.153873139366441
29274,7.594396731846627
29275,0.13870022537276647
29276,8.088128953247452
29277,3.042677197661241
29278,3.709172520697513
29279,2.397561307204218
29280,20.208636752470074
29281,9.190519936324483
29282,5.609696370809754
29283,0.12503342560502306
29284,6.163393684214189
29285,2.359714318729223
29286,2.8459390047411866
29287,1.8673655463142231
29288,21.754357524343614
29289,10.143335088443317
29290,6.125973935940544
29291,0.13947156759919785
29292,6.609853698699262
29293,2.4489713619265614
29294,3.089483138053254
29295,2.1247307514687175
29296,13.91899942533121
29297,6.20843989950371
29298,3.9648108124961476
29299,0.05355660699308886
29300,4.5177555599462025
29301,1.537696378228384
29302,1.9738216461435707
29303,1.2608457722020918
29304,34.33428881285356
29305,15.152512215366926
29306,9.10496112966678
29307,0.18714251805610402
29308,9.537828826703509
29309,3.703050634214182
29310,4.408633323479455
29311,2.9959113671727744
29312,13.102878275334163
29313,6.148663609322839
29314,3.7772578604453613
29315,0.059795707452914855
29316,3.8453648254953383
29317,1.5071776280096774
29318,1.8151422564895037
29319,1.259975587872081
29320,14.773487356211797
29321,6.465795916253841
29322,4.2463414877762204
29323,0.07109049650064497
29324,4.6807850366857515
29325,1.7333274916372745
29326,2.037961404416237
29327,1.4051739466797648
29328,21.90066575572722
29329,9.87589517219129
29330,5.666080180228446
29331,0.1133789417543603
29332,6.5588304470021574
29333,2.46771761764486
29334,2.9878210456980714
29335,2.0067825848085654
29336,25.091544996801797
29337,11.447184126688215
29338,6.6577604288136385
29339,0.1306698495285763
29340,7.477055540067042
29341,2.906450285640466
29342,3.6098999899810713
29343,2.428249872222741
29344,16.293052546293357
29345,7.827811408074553
29346,4.666948028315168
29347,0.0850263475146553
29348,5.017931067007568
29349,1.8427124384040214
29350,2.3752554517130466
29351,1.512334142814729
29352,18.996624570080694
29353,8.58495258327221
29354,5.227956768635937
29355,0.10460950121513336
29356,5.650644984034671
29357,2.145315501417532
29358,2.565583025644547
29359,1.742986784017117
29360,52.767280130093084
29361,25.39853629004416
29362,14.485425126407488
29363,0.41804984117730826
29364,15.144830996140449
29365,5.97208096182954
29366,7.278470214880203
29367,4.905723015229267
29368,14.734244584060189
29369,6.434610686328014
29370,4.447349449925198
29371,0.06482010724699488
29372,4.803961072822014
29373,1.702055170866184
29374,2.2033915293705806
29375,1.3816225340093986
29376,18.582149058402887
29377,8.288575212163911
29378,3.524193592545792
29379,1.4392445475416682
29380,2.640435893476815
29381,1.6780640256670682
29382,1.634103783444613
29383,1.4975174604136408
29384,20.45892644252595
29385,9.81548180375358
29386,4.194886857798595
29387,1.7568057750878738
29388,3.0842426314525513
29389,1.9613586777011134
29390,1.880422361226108
29391,1.734199398673958
29392,20.056790846023613
29393,8.872870078332449
29394,3.897767467370347
29395,1.6821150492610923
29396,2.769478157487737
29397,1.768360822348811
29398,1.821797452228296
29399,1.6363539667653269
29400,18.68388782286066
29401,8.246725287755304
29402,3.6897720719474094
29403,1.4943129321654158
29404,2.617186501765711
29405,1.6458284400574261
29406,1.6326055359157043
29407,1.4926411479447765
29408,16.290066250568312
29409,7.150966495969222
29410,3.231413983882175
29411,1.3016110735749906
29412,2.4689220445310975
29413,1.4120763323817545
29414,1.501312683454627
29415,1.321788301250473
29416,18.282714643638943
29417,8.111602907648262
29418,3.3925281857483487
29419,1.4847722460337567
29420,2.4393474896168286
29421,1.5366295242648054
29422,1.5746804693933305
29423,1.4369924161642185
29424,16.677404944179695
29425,7.996039391828643
29426,3.477578909956066
29427,1.5338020592576258
29428,2.4323905756400523
29429,1.5889383940217727
29430,1.520371116439864
29431,1.4683127266090126
29432,25.806963066136138
29433,11.55808228877192
29434,4.733397531137791
29435,2.1355949694948917
29436,3.4361165588330778
29437,2.232492975776658
29438,2.1853833155477034
29439,2.0649649208029515
29440,28.69451611093453
29441,13.608150166652598
29442,5.578403577167372
29443,2.269519442957553
29444,3.893745839994897
29445,2.4506777196607095
29446,2.4268927957174022
29447,2.295179295081205
29448,15.90172846543688
29449,7.307135060090147
29450,3.038271946054942
29451,1.2507907764845902
29452,2.433578120446474
29453,1.438952480385813
29454,1.476029499059007
29455,1.3060718657425416
29456,21.22466440009736
29457,10.04818037903779
29458,4.30256545423793
29459,1.784548885943469
29460,3.0822789734925378
29461,1.943268549036443
29462,1.9332015453339235
29463,1.7942621954534104
29464,12.919541281610334
29465,5.577715309420229
29466,2.524143282664037
29467,1.037516089522754
29468,1.8407401109579458
29469,1.1718834782750143
29470,1.1491458936151056
29471,1.1364271575947016
29472,15.38785159222948
29473,7.004214705157905
29474,3.1914447325014037
29475,1.3308902944521008
29476,2.2163301830846933
29477,1.4161933493518568
29478,1.468237066639924
29479,1.3289841016787878
29480,17.226582143780632
29481,8.203772268548143
29482,3.534200856436803
29483,1.4722837526691088
29484,2.4476678211593828
29485,1.6228721008581604
29486,1.5830644101611562
29487,1.5302719852904711
29488,19.365545122033815
29489,8.815498294462177
29490,3.936480336313351
29491,1.634408866298909
29492,2.672027843765684
29493,1.7226592837270347
29494,1.7402890495103531
29495,1.6292283743771916
29496,26.091738311600096
29497,12.380646683695666
29498,5.263568659076909
29499,2.275571709948216
29500,3.612529771052361
29501,2.4211900899282965
29502,2.2568441640254853
29503,2.184010687787475
29504,15.448675539315106
29505,7.284706344905667
29506,3.2437889069604844
29507,1.299454278309684
29508,2.4072934709589027
29509,1.4548011440487245
29510,1.4520163406586366
29511,1.3627955920633992
29512,43.16853460038826
29513,19.758067438514107
29514,8.429147688577148
29515,3.6672693769399465
29516,6.172966021827557
29517,3.6573653511394735
29518,3.6996144918839566
29519,3.3862756194811685
29520,20.264921354824725
29521,9.315346173238288
29522,3.8061979896713654
29523,1.5848391396850856
29524,2.82525853104315
29525,1.7449103549186966
29526,1.7244942896071092
29527,1.670949458974992
29528,24.81214326004886
29529,11.362009386388426
29530,4.766981593075243
29531,2.1291415192911316
29532,3.401966929265388
29533,2.1111875756923015
29534,2.1545679783899168
29535,2.0335525304636155
29536,37.60916774491919
29537,17.10081081582322
29538,7.166179615603069
29539,3.033678383808717
29540,4.796882345291793
29541,3.2622460345869104
29542,3.054922146780725
29543,3.0075746952160367
29544,33.46139072804
29545,14.149716191135836
29546,6.043282498922256
29547,2.9746176425105264
29548,4.375545275050144
29549,2.7443864634870563
29550,2.722144806954616
29551,2.596252473093476
29552,20.574803579489824
29553,9.33913087380039
29554,4.3658586394142915
29555,1.8203261326338454
29556,2.8682004489604904
29557,1.8481431678424054
29558,1.8508487254862822
29559,1.6981313340275703
29560,15.075195506488749
29561,6.827323312018558
29562,2.856256565281773
29563,1.2996352792088643
29564,2.0751156396590935
29565,1.4021632721369859
29566,1.387391794707873
29567,1.2200453593241263
29568,28.61534119419354
29569,13.161699429319894
29570,5.164776678365218
29571,2.200744553087829
29572,3.6431156440764174
29573,2.3810035194553376
29574,2.468633096175647
29575,2.215286482770809
29576,21.892156739352853
29577,10.268179393152451
29578,4.210106704790121
29579,1.773781712603575
29580,2.969039367603124
29581,1.9240665509164465
29582,1.9200323309478624
29583,1.7648481636368916
29584,15.367816645097358
29585,7.315336815345354
29586,3.055951882595336
29587,1.351676084022451
29588,2.240724998465615
29589,1.422261718240668
29590,1.4009316962479856
29591,1.2902147453203145
29592,21.28508201028699
29593,10.318379875836477
29594,4.240467484059022
29595,1.78934652881316
29596,2.956683959606658
29597,1.8244213758032382
29598,1.9015869428186236
29599,1.7789899124555006
29600,14.290243485821211
29601,6.632108499138794
29602,2.812708183187928
29603,1.2651983705278846
29604,2.111751091557015
29605,1.3294089119097936
29606,1.3416892119734465
29607,1.2157002349054407
29608,15.399540165763273
29609,7.020134603558971
29610,3.0683433072806108
29611,1.2425072642919774
29612,2.2801335405593806
29613,1.4061732829588212
29614,1.4477994265364638
29615,1.2666013763112138
29616,30.2927988621002
29617,13.667198163933367
29618,5.836019225554809
29619,2.6649202477813674
29620,4.392533674460879
29621,2.6350220541301033
29622,2.686283407198608
29623,2.515259536470478
29624,15.828817451592668
29625,7.128803853016301
29626,3.167521140437297
29627,1.3364711891259642
29628,2.270135130039294
29629,1.4171123770550595
29630,1.4577861666486882
29631,1.3167366652011516
29632,33.30341194437035
29633,14.527305228537074
29634,6.775596380123489
29635,2.7470112821184816
29636,4.189423157839247
29637,2.8925880317112176
29638,2.8546543140292324
29639,2.696836344417264
29640,22.975581754105466
29641,10.512303774017594
29642,4.610573879844773
29643,1.9357571982301451
29644,3.1861685765944765
29645,2.117935432627094
29646,2.07761933236454
29647,1.900771014440517
29648,16.50752333223207
29649,7.900513237103343
29650,3.377651321596798
29651,1.3871571917475511
29652,2.442494399969597
29653,1.498212376304699
29654,1.4971099703472464
29655,1.3483071569844183
29656,45.5846594418391
29657,20.216527698450097
29658,8.581303552379056
29659,3.760085723934398
29660,6.057108021388044
29661,3.9417855101386157
29662,3.7587930342003952
29663,3.451488725537951
29664,19.8835352678311
29665,9.452684063790072
29666,4.027155434590305
29667,1.6557745813402984
29668,2.888446374587674
29669,1.755535243240998
29670,1.7965234153005478
29671,1.6291864907542075
29672,25.06537649184665
29673,10.719103522228755
29674,4.580562145335136
29675,2.093907199394829
29676,3.4216746816354457
29677,2.187440657774508
29678,2.0890558892008606
29679,1.943388323738955
29680,29.199656460860307
29681,12.606233969635667
29682,5.63281874726508
29683,2.2876441504875493
29684,3.9328861475430372
29685,2.4508521331041937
29686,2.531423620683134
29687,2.197947215896605
29688,20.92380600309092
29689,9.215630458438723
29690,4.06079310855539
29691,1.7590391626466493
29692,2.837117287495017
29693,1.895091695868338
29694,1.8486514929542868
29695,1.7295205082657235
29696,22.717685687622282
29697,10.997172138344512
29698,4.9015094126371
29699,2.0175059792475705
29700,3.5083362908163767
29701,2.0473683439694432
29702,2.0986192381896007
29703,2.062887936224871
29704,15.401962532068781
29705,7.317726520221459
29706,3.151370556345415
29707,1.2881978659321418
29708,2.254937804747469
29709,1.403887937247421
29710,1.4681497758168247
29711,1.2775375913400295
29712,35.96942793345106
29713,16.903694285532556
29714,6.971382775260729
29715,3.088136795148845
29716,4.862839439046857
29717,3.1323900406227385
29718,2.9600611153541343
29719,2.972805995214074
29720,14.582572005467226
29721,6.651465027941323
29722,2.810187428902256
29723,1.2138320125255242
29724,2.018076604970782
29725,1.2714984326907601
29726,1.2778140078593556
29727,1.1717310478583636
29728,15.533929635784917
29729,7.195204152579637
29730,3.2528059536186484
29731,1.3568281603671128
29732,2.2402781817329513
29733,1.4485955059276796
29734,1.469101772549555
29735,1.3171337135909098
29736,22.824860195086288
29737,10.793431561669959
29738,4.338268755215972
29739,1.8948636938876073
29740,3.135089524587814
29741,2.0653540830532884
29742,2.0584292486629354
29743,1.9029195456534624
29744,25.880221656405517
29745,11.661762304922501
29746,4.987386673728159
29747,2.1252906532885554
29748,3.3379261484106104
29749,2.3433906636177144
29750,2.3264560571120567
29751,2.158552627677997
29752,18.744936167895855
29753,8.154547860637974
29754,3.398253304930785
29755,1.508169437194365
29756,2.568212308759996
29757,1.5936180551405883
29758,1.6103018503034234
29759,1.490179097587657
29760,19.441530270183762
29761,8.877885307735113
29762,3.880599999023127
29763,1.6595912816544274
29764,2.5580132125622494
29765,1.7116874611678325
29766,1.6743616006325497
29767,1.5987712361955997
29768,55.57748451407705
29769,26.54101265326124
29770,11.757446892422058
29771,4.449550997429088
29772,8.54631722919604
29773,4.838981835322899
29774,4.993184202912362
29775,4.386274495457652
29776,14.061061873292655
29777,6.481374989074848
29778,2.7818342411837413
29779,1.3577038192277506
29780,1.8990119053090277
29781,1.2733368197243053
29782,1.2731408922752503
29783,1.208084837653298
29784,19.883269799232338
29785,9.379429958643698
29786,4.560940326437841
29787,0.3887831638727582
29788,4.658690825589684
29789,1.854969192026151
29790,2.0442523222829885
29791,1.522830336898069
29792,22.90735058683757
29793,10.69433175018824
29794,5.323904013981841
29795,0.36119564226922124
29796,5.698768195216685
29797,2.230007252408515
29798,2.46377284349397
29799,1.8216075987519598
29800,21.403804445177997
29801,9.570016472962692
29802,4.833113453384584
29803,0.31535421633064864
29804,5.083129792874526
29805,1.9932565510819025
29806,2.287885479458288
29807,1.6520236422932948
29808,19.539837701596774
29809,9.244512804464655
29810,4.649452213003379
29811,0.3247728380186114
29812,4.608671835559307
29813,1.8023243886159739
29814,2.087229178646438
29815,1.5077463251286978
29816,17.15042138546117
29817,8.018800475582282
29818,3.9052524139566334
29819,0.31370530910958433
29820,4.069354050692966
29821,1.5932296536947577
29822,1.8286561630012415
29823,1.386531523495875
29824,19.408793441005052
29825,8.860162522763302
29826,4.350770557554666
29827,0.2620314616156602
29828,4.413367666847177
29829,1.6489624224996149
29830,1.9098331326662774
29831,1.4157607822707194
29832,18.716268694634614
29833,9.25390437053671
29834,4.501905400323423
29835,0.32183753593330483
29836,4.734878724120293
29837,1.8017729698856848
29838,2.0591226960080906
29839,1.5407531487301778
29840,27.17344207189763
29841,12.467650956106155
29842,6.069911760859941
29843,0.49891102118417485
29844,6.853036998662136
29845,2.498640032951345
29846,2.7639340109036166
29847,2.0607666344909457
29848,32.9745087055583
29849,14.78899483325474
29850,7.085374413220229
29851,0.5784231192712643
29852,7.563572852456085
29853,3.0758442526246994
29854,3.596492936312487
29855,2.5526561624315063
29856,16.618604369637257
29857,7.850462492021538
29858,3.6912968663263785
29859,0.25150091869678876
29860,4.045597285039159
29861,1.5340790492660574
29862,1.7463843082143917
29863,1.2920274999802606
29864,23.14822880306764
29865,11.028752714703689
29866,5.305588127947724
29867,0.36348317917640666
29868,5.4500310243762495
29869,2.1165454185927763
29870,2.52156792744083
29871,1.865831791161894
29872,14.088621820447727
29873,6.039743714060141
29874,3.086296332731588
29875,0.37018649255145736
29876,3.042413541831381
29877,1.2244406446490044
29878,1.421356914088949
29879,1.0186308324817817
29880,17.356327602109914
29881,7.849484706428175
29882,4.012251233233504
29883,0.3260418712617081
29884,4.236036082082426
29885,1.6208222134929553
29886,1.8761444378174623
29887,1.408980432174758
29888,19.04574819976938
29889,9.206091218114974
29890,4.4764686314238435
29891,0.37525963031885856
29892,4.486905624789255
29893,1.8203173950408797
29894,1.9774648657397114
29895,1.5353135075375346
29896,22.720311141334758
29897,10.045801118850976
29898,4.94209546505965
29899,0.3607938795507273
29900,5.017757061616316
29901,2.002270372647111
29902,2.299096330095546
29903,1.7622977379286122
29904,29.52483819466485
29905,13.327836277801515
29906,6.771408151196947
29907,0.5557337660647489
29908,7.165595777775574
29909,2.8569372859406115
29910,3.2201046021282065
29911,2.3826732726474527
29912,16.996314806703268
29913,8.099016955905673
29914,3.9056361046088246
29915,0.3146235721567165
29916,4.266917949914308
29917,1.6011315722813746
29918,1.8425685039734998
29919,1.4608405800085478
29920,46.206679801506475
29921,21.073304054132613
29922,9.973601002679908
29923,0.8143024631198791
29924,11.020908485110299
29925,4.476816970322645
29926,5.2424100446376265
29927,3.5699986751951296
29928,21.95041815669121
29929,9.92237705643602
29930,4.755272791613384
29931,0.34037577357845017
29932,4.957735144801457
29933,1.8597810398951833
29934,2.136345889193034
29935,1.667548799291291
29936,27.375411296522433
29937,12.461781823426115
29938,5.820541841635872
29939,0.46755962184411876
29940,6.575725213697032
29941,2.360679062320966
29942,2.745826811382929
29943,2.020920192952476
29944,41.84987404135819
29945,19.84192944946485
29946,8.98100917430711
29947,0.8581007776298896
29948,9.508834371753704
29949,3.945883246388135
29950,4.337382833072881
29951,3.287411772683145
29952,35.7017871988349
29953,15.56238510872797
29954,8.173539993176592
29955,0.6228393934663843
29956,8.37337159018728
29957,3.0873227998660147
29958,3.697893761583104
29959,2.5324396569012353
29960,23.376314493356762
29961,10.67439288055465
29962,5.20138889907103
29963,0.3901465036462085
29964,5.424477174202392
29965,2.05857993048299
29966,2.3929926554141208
29967,1.7483176277882273
29968,16.618187855602013
29969,7.739604767734593
29970,3.6228749230906776
29971,0.3157333695278722
29972,3.8352848678685456
29973,1.580934666501849
29974,1.7540216881450346
29975,1.2408259235948196
29976,31.114790739926654
29977,13.98402998729613
29978,6.4502065015559
29979,0.5043598667429529
29980,7.062664319886022
29981,2.688259770898138
29982,3.2029514870112514
29983,2.3257249871995236
29984,24.321872331442425
29985,10.864680270412398
29986,5.310132233990727
29987,0.35202473542359247
29988,5.4182856295576585
29989,2.1403124845007135
29990,2.4045522148292586
29991,1.829496745773254
29992,17.072037005410227
29993,8.136449417429734
29994,3.8290080313123953
29995,0.3235510101870622
29996,4.0848776301914915
29997,1.5985479095441089
29998,1.8003828522198329
29999,1.3452222015754913
30000,24.111297609093292
30001,11.237722395046404
30002,5.28104010202598
30003,0.3707303377390445
30004,5.321461239531138
30005,2.031541915497233
30006,2.4582862190482526
30007,1.8808322053102653
30008,15.604143867801882
30009,6.945669984003873
30010,3.485066731480261
30011,0.3391810383720134
30012,3.6595588963002035
30013,1.4517930616722206
30014,1.5884826344660858
30015,1.1723649094153883
30016,16.860762332243954
30017,7.267589235531932
30018,3.684236144445858
30019,0.30002646022509744
30020,3.9890010572260004
30021,1.4786659717154962
30022,1.7792888596484036
30023,1.26721355109552
30024,34.21684912610944
30025,15.165828323152981
30026,7.7212819938017105
30027,0.5266488150254675
30028,8.108351672507201
30029,2.9695932265842524
30030,3.6863472923320484
30031,2.5048674242477946
30032,18.12268621317976
30033,8.405154854032656
30034,4.083097330351179
30035,0.3200446013590227
30036,4.171768857922138
30037,1.5924814381911936
30038,1.9024755336680155
30039,1.3845263338415452
30040,38.605529753943784
30041,16.389011203526994
30042,8.445026962778813
30043,0.7816723942633245
30044,8.185004354317112
30045,3.286686607342563
30046,4.138288913867659
30047,2.8329421483249613
30048,24.50550601985605
30049,11.763567349634366
30050,5.698046137499478
30051,0.3781460058466469
30052,5.856129485866485
30053,2.350265532132407
30054,2.681404751125868
30055,1.8997181376484975
30056,19.145613866873862
30057,8.760660349984766
30058,4.129939904991154
30059,0.3480309012879102
30060,4.454052358823368
30061,1.7230700436683735
30062,1.9090355157491978
30063,1.4472742108668857
30064,48.97785581378753
30065,21.322109758263487
30066,10.999928011088326
30067,0.7479144355182131
30068,11.457985628146654
30069,4.620258986512555
30070,5.213160251940365
30071,3.78063657961238
30072,22.209404926579573
30073,10.248055272047436
30074,5.060564799748261
30075,0.345039289876477
30076,5.235251501408535
30077,2.026869709899253
30078,2.2647745192353113
30079,1.6547891900505431
30080,27.237820564511978
30081,11.875306371899631
30082,5.6419548873937
30083,0.5165782722407766
30084,5.97185426138397
30085,2.3956060098117806
30086,2.693673267889757
30087,2.0040130192754773
30088,32.055773962153886
30089,13.835793283427378
30090,6.941945586544393
30091,0.5925637852980111
30092,7.258056970972628
30093,2.8456760518559885
30094,3.3302947552416446
30095,2.4076204344524004
30096,23.4166024943257
30097,10.698315785272376
30098,5.188014374578846
30099,0.3641626127258304
30100,5.451727715790236
30101,2.2110695955531723
30102,2.4706265834773484
30103,1.8106343581741167
30104,25.4451914740796
30105,11.936824086285126
30106,5.673178990629513
30107,0.41596789453817773
30108,5.851972328146486
30109,2.2758940313229328
30110,2.663743649050075
30111,2.0746618215425627
30112,16.537829199068536
30113,7.434635950116644
30114,3.8717302366694417
30115,0.3089202598977312
30116,4.056726107838709
30117,1.496224039267201
30118,1.7805399236775692
30119,1.2941889621535339
30120,40.90232116047455
30121,17.867566594131425
30122,8.636823781939501
30123,0.6512269659917584
30124,9.43788026891421
30125,3.657371566502355
30126,4.137942723363674
30127,3.0160342131878473
30128,15.130489543926508
30129,7.2498973202449575
30130,3.525071096794541
30131,0.2832658109447569
30132,3.520182663199174
30133,1.4293687341906611
30134,1.5920119060690725
30135,1.2131772297575
30136,17.192316932248893
30137,8.005233857032907
30138,3.9252873436874047
30139,0.3417795023167343
30140,4.2259902501739495
30141,1.6429722066047947
30142,1.8476397422436166
30143,1.3973601144800245
30144,26.1110257204104
30145,11.52660346274781
30146,5.234555992811555
30147,0.4055170450268727
30148,5.8191590762994245
30149,2.3523948474609138
30150,2.671142692620408
30151,2.0160178456342757
30152,28.34720772150289
30153,12.989503115101083
30154,6.227948991153076
30155,0.4669043227019409
30156,6.483693810662275
30157,2.6484016587617565
30158,3.1609988939636047
30159,2.3051815335413286
30160,18.79643640372765
30161,8.800142563327764
30162,4.232430414618142
30163,0.3075699773397728
30164,4.573911192617998
30165,1.7172191331392799
30166,1.9748741592656325
30167,1.4848371824731756
30168,21.65501367319057
30169,9.702476073228011
30170,4.774908895927544
30171,0.3502452227160305
30172,5.019681529170441
30173,1.9978651667906824
30174,2.1599542309646527
30175,1.7111201875283348
30176,59.10058645060607
30177,28.38797487405275
30178,13.61424802543968
30179,1.0201247412135008
30180,14.201496653754178
30181,5.841619340221619
30182,6.6805103602515725
30183,4.812184590647846
30184,17.128689732936948
30185,7.997994201020926
30186,4.1649615664094215
30187,0.34560858210988377
30188,4.186797394447462
30189,1.591918439178581
30190,1.9254720720252763
30191,1.3880123912906106
30192,20.17079020728282
30193,9.27074655908337
30194,3.9693569737222867
30195,0.9444428524456301
30196,3.6414777201233544
30197,1.7973708426968262
30198,1.7961251376930327
30199,1.5354677775925105
30200,21.638156701023522
30201,9.992419885898027
30202,4.618367107499721
30203,1.1021033400182876
30204,4.1656949032373625
30205,1.9795662937685836
30206,2.106467914996002
30207,1.6799363569096408
30208,20.068604771725386
30209,9.315530483080279
30210,4.158061587965574
30211,0.9679487019885052
30212,3.68175155010622
30213,1.7606375583329872
30214,1.8803863424980138
30215,1.5278369646999894
30216,19.15534597695264
30217,8.851665260060788
30218,3.7840005518876754
30219,1.0281470738847192
30220,3.3798914942527776
30221,1.6999520299881385
30222,1.8464013828139216
30223,1.4876028796086898
30224,17.76844292922481
30225,8.013478421340556
30226,3.5108702362535706
30227,0.8938810718659563
30228,3.2485905281133918
30229,1.5685785883268393
30230,1.6783071934760083
30231,1.3770540997100196
30232,19.66895749850591
30233,8.521691039580821
30234,3.847758543471682
30235,0.9081790323934055
30236,3.5091464243932045
30237,1.6343726262027316
30238,1.8232488752187859
30239,1.4671671035228064
30240,19.227766809653414
30241,8.914685193547202
30242,3.783381290663655
30243,1.0725770071324785
30244,3.441514647915067
30245,1.7156498069265331
30246,1.7693587072376187
30247,1.4936727694090441
30248,29.658567419765337
30249,13.504346980158042
30250,5.615339351360963
30251,1.3342569601177423
30252,5.267734604965463
30253,2.47185426446288
30254,2.573626710140414
30255,2.1994977688837154
30256,30.753632496668345
30257,13.826607429780195
30258,6.020396295850039
30259,1.473025366072988
30260,5.417339639495312
30261,2.557561343690988
30262,2.8174848552839786
30263,2.281957960578987
30264,16.79381646132705
30265,7.722456421441001
30266,3.128864448479824
30267,0.832573858522885
30268,3.0571898521568026
30269,1.43908577572727
30270,1.477145065792641
30271,1.2542128283223304
30272,22.021606632442637
30273,10.374126519955162
30274,4.511049448464102
30275,1.124434074982408
30276,4.091512022034552
30277,1.9441838160474294
30278,2.042263916442198
30279,1.6967149132808126
30280,14.936731144121655
30281,6.452389033873763
30282,3.0859371476475443
30283,0.7777558972041925
30284,2.703066547176585
30285,1.3331290605626303
30286,1.3866465909456216
30287,1.16996856869097
30288,15.765884018263899
30289,7.359919116141585
30290,3.365958750545898
30291,0.8387589302517271
30292,3.123205040299154
30293,1.431048799094499
30294,1.5359231856188982
30295,1.2820541312347995
30296,18.172470726479148
30297,8.73730374931294
30298,3.6786408743766725
30299,0.9549688912428428
30300,3.2554970686594644
30301,1.6217133858481223
30302,1.6769848280580277
30303,1.434256849349598
30304,21.76775098531696
30305,9.609825449099612
30306,4.244698623587685
30307,1.1240926193343008
30308,3.8195578873050717
30309,1.7962707907495263
30310,1.9164604663426372
30311,1.6160933856598796
30312,26.95020247654773
30313,12.455133194295886
30314,5.559451862615765
30315,1.2800639762896715
30316,4.948487078478834
30317,2.4310844547320016
30318,2.653851708091578
30319,2.1393490520926344
30320,15.362766572613943
30321,7.386068165880832
30322,3.3410124964141255
30323,0.8398609193548331
30324,3.0006926156655753
30325,1.441540082586514
30326,1.5154548679021072
30327,1.309490204694663
30328,43.400106080810595
30329,19.029403627037627
30330,8.294195978232313
30331,1.9085895259140861
30332,7.608475957224449
30333,3.4991250033804144
30334,4.038697939679027
30335,3.083810332939475
30336,20.965018140842925
30337,9.768599154756489
30338,4.106135074945272
30339,1.1175577573164708
30340,3.6818834897258
30341,1.8488078175248301
30342,1.875082152626572
30343,1.6145917176833524
30344,27.751481922353808
30345,12.867007559698814
30346,5.295455825239199
30347,1.3274305135102806
30348,4.691632483736661
30349,2.338316043220515
30350,2.554457899963058
30351,2.136533417115733
30352,41.36373019862536
30353,19.042689982532817
30354,7.807232387906292
30355,2.1707014961906563
30356,6.994661198549144
30357,3.527000302801611
30358,3.544067109641672
30359,3.0266395737880645
30360,33.98941898167937
30361,14.68828250120023
30362,6.577582079914859
30363,1.5251209251336297
30364,5.7213402614849285
30365,2.8194229975302054
30366,3.021022665605017
30367,2.4692639643765317
30368,22.620117599308188
30369,10.49957570544718
30370,4.548098128161102
30371,1.270843385698207
30372,3.9827407687015635
30373,1.9617502181811741
30374,2.0404115025455427
30375,1.73228149303561
30376,15.679479235866527
30377,7.0559604416537995
30378,3.085222011362304
30379,0.8143360802407367
30380,2.899596608972311
30381,1.3864388432357746
30382,1.5203354428764575
30383,1.2141344876769726
30384,28.47354499035622
30385,12.683725881159447
30386,5.633863249931585
30387,1.2314972610450488
30388,5.057225685947083
30389,2.4569070762751553
30390,2.6845204498707798
30391,2.1549880094531275
30392,23.563313087384998
30393,10.53109193746954
30394,4.558688755610588
30395,1.2090775297803815
30396,3.97036398260029
30397,2.005387669175573
30398,2.0449462293128744
30399,1.7658312519171155
30400,16.04177209062893
30401,7.56447927348764
30402,3.3998647515397016
30403,0.8293103524041708
30404,3.0029351987974846
30405,1.445785319977351
30406,1.507050979792973
30407,1.2569796188158027
30408,22.364996868244486
30409,10.561562159912985
30410,4.507326261254248
30411,1.2080548397817632
30412,3.8312988293094477
30413,1.860188821300402
30414,1.9955466724807052
30415,1.693634679187767
30416,15.00081716581164
30417,6.5981281839885355
30418,3.0766129380489446
30419,0.8640216727543499
30420,2.971891426915538
30421,1.338936173479756
30422,1.4412233536071712
30423,1.2156380649091652
30424,15.035506419846127
30425,6.816652646803205
30426,3.1212949168553688
30427,0.8062855668705179
30428,2.9302377408460143
30429,1.3290904400570918
30430,1.4716222404188548
30431,1.1875832080591378
30432,31.3651938981669
30433,14.368471874507518
30434,6.167535232616267
30435,1.4286465962724768
30436,5.848833830873865
30437,2.656699897840297
30438,2.983755610531977
30439,2.4259934311263076
30440,17.0249963615798
30441,7.849572067705732
30442,3.4214640230112763
30443,0.8885467989281853
30444,3.0738817848885223
30445,1.4991798091308894
30446,1.601257273058609
30447,1.3530360447540395
30448,36.67271141087669
30449,15.931904981658835
30450,7.456428496456862
30451,2.033243546671239
30452,6.241429107673891
30453,2.899762853212102
30454,3.26596422407636
30455,2.737662352148384
30456,26.18404409647808
30457,11.583513712961956
30458,5.07344555264222
30459,1.2965541859955378
30460,4.406061752805356
30461,2.197124639097314
30462,2.3244423260504052
30463,1.9187759415674093
30464,18.499081572724812
30465,8.499846391858547
30466,3.7318707429018505
30467,0.9412513408850446
30468,3.2650429122109075
30469,1.618493803706306
30470,1.6631471769108255
30471,1.425551277156901
30472,46.90098715326494
30473,20.507774489164202
30474,9.237868991044756
30475,2.2039117694479655
30476,8.313980875108577
30477,4.227578060975439
30478,4.54008547162799
30479,3.5146211360591564
30480,20.09176374991557
30481,9.288277495554281
30482,4.160274141066376
30483,0.9430346219130287
30484,3.6773482119407297
30485,1.802179502709873
30486,1.852970260628521
30487,1.5252175560578474
30488,26.479261268485367
30489,12.234005222951303
30490,5.051529551083473
30491,1.3449654648434264
30492,4.759271479962354
30493,2.253536034068807
30494,2.3904852415437685
30495,2.0323570210015425
30496,32.464274373097425
30497,13.953726789976576
30498,6.218273688845121
30499,1.513054296410419
30500,5.34930183636258
30501,2.6522612166664112
30502,2.89122741283202
30503,2.37761303685852
30504,23.54570130562965
30505,10.444939818216929
30506,4.464177259849863
30507,1.2514730009692754
30508,3.944086337931807
30509,1.9638389967763792
30510,2.023067950624778
30511,1.7753124818009047
30512,23.368103876146655
30513,11.4266629619791
30514,4.9011090931105326
30515,1.2418951192373942
30516,4.440255797460822
30517,2.026541742660906
30518,2.2842007068913572
30519,1.9108464735485864
30520,15.340736247905996
30521,6.968457646291161
30522,3.2457541355241304
30523,0.8346745312725131
30524,2.926086975871589
30525,1.3283690082885762
30526,1.4832650149889526
30527,1.213895542220207
30528,37.27852507083017
30529,17.17495574580703
30530,7.428991068417165
30531,1.7892151451392972
30532,6.67171545851127
30533,3.148930307820027
30534,3.408565088917044
30535,2.8184405263241925
30536,15.160063554638032
30537,6.755810156361523
30538,2.9799591417270466
30539,0.8388773086388418
30540,2.7518238018089933
30541,1.314084019860393
30542,1.386384491035039
30543,1.18062204005225
30544,15.746240058032946
30545,6.87769449827499
30546,3.3510516275310644
30547,0.8012336063235228
30548,2.9790562999486534
30549,1.3776577131347352
30550,1.5203290971479282
30551,1.2179092840134143
30552,23.72455394978163
30553,10.958018735451446
30554,4.671244223064046
30555,1.1603895654000642
30556,4.242554445997701
30557,2.0297634745745543
30558,2.1799947965940514
30559,1.8726034824421585
30560,27.824964984288428
30561,12.742262850188615
30562,5.616280997736593
30563,1.174705535510168
30564,4.975289254330711
30565,2.473513285455854
30566,2.709876436120058
30567,2.25538060553093
30568,19.33594975584319
30569,8.923977034663583
30570,3.5666260375348537
30571,0.8933699101894478
30572,3.522012078984365
30573,1.6900630613917937
30574,1.738314442670821
30575,1.5969671198154978
30576,20.593051539103627
30577,9.39876866972659
30578,4.206075284388648
30579,1.0517077341749665
30580,3.634115683548068
30581,1.7726228643909807
30582,1.8663739519671507
30583,1.5324623425330908
30584,60.296241862615986
30585,27.535274966480223
30586,12.107204305848095
30587,2.7428422181417313
30588,10.899791773006623
30589,5.286757085361148
30590,5.5418082836263585
30591,4.75553728720942
30592,16.3900931941139
30593,7.347269266395701
30594,3.5202179435340275
30595,0.8632239748068049
30596,3.0770052595909476
30597,1.4392320963497796
30598,1.666120280751254
30599,1.3188391888151125
30600,18.477203041266545
30601,8.20266957795174
30602,4.797698253058078
30603,0.12577577497797138
30604,5.333966161810466
30605,1.9772711572201207
30606,2.3810558079421673
30607,1.5663422538337888
30608,21.593376471479207
30609,9.996116091678944
30610,5.786479368772446
30611,0.13180256994549905
30612,6.5991348536804555
30613,2.466647669911436
30614,2.94764785125077
30615,1.895225628463355
30616,19.599665214880243
30617,8.677431792952396
30618,5.350740192975978
30619,0.11967225668880126
30620,5.740171598737106
30621,2.217840574820553
30622,2.638540920545495
30623,1.7367923987375165
30624,19.065458585353912
30625,8.192042550447844
30626,5.079897702347682
30627,0.1002178188697207
30628,5.332233688062482
30629,1.9501716023853082
30630,2.4962242581385237
30631,1.5236599198940068
30632,15.960645782734176
30633,7.30723553200161
30634,4.491674853922466
30635,0.10219171124212739
30636,4.849879787817713
30637,1.7080092584329905
30638,2.1602539069885967
30639,1.416651300303486
30640,17.601069774861507
30641,7.941392626040584
30642,4.926460018569841
30643,0.10575798453495623
30644,5.178624730256924
30645,1.810866097136362
30646,2.3313873062005652
30647,1.5480981239879346
30648,17.482406064889755
30649,8.102403628961259
30650,4.906090113396311
30651,0.09022989183546452
30652,5.522877073820082
30653,1.9438243036560392
30654,2.3854229893571355
30655,1.5444230498030576
30656,26.444124079416166
30657,11.487328738644882
30658,6.750182909042606
30659,0.18040623796861996
30660,7.481652168548568
30661,2.673405611946083
30662,3.3257727132902386
30663,2.156728122317236
30664,30.00560095258979
30665,12.925636071771732
30666,7.441742237985719
30667,0.1683312410652615
30668,8.559179862516626
30669,3.1325123165799478
30670,4.027934032764724
30671,2.4666598426460045
30672,15.234176124783978
30673,7.292701046928855
30674,4.246651217025915
30675,0.07041458337701482
30676,4.643863879077551
30677,1.6865906911879183
30678,2.02491669048222
30679,1.349699501311688
30680,22.274366351915617
30681,9.517685919944258
30682,5.691411130382293
30683,0.12696121622193876
30684,6.246642218347661
30685,2.3263518555918505
30686,2.787533138099344
30687,1.8887513239269218
30688,13.378990825346836
30689,5.719371304389665
30690,3.2743201917102436
30691,0.07990312109693058
30692,3.656014401527607
30693,1.3224811293988603
30694,1.6300406417067472
30695,1.1192407920566503
30696,15.854203957502422
30697,7.127521257488671
30698,4.468698739261683
30699,0.07224385895028525
30700,4.970562851703215
30701,1.8057720329978912
30702,2.1290218469369084
30703,1.4206788244734345
30704,17.721960814992077
30705,8.230295965416168
30706,4.896304420335794
30707,0.10488049423654146
30708,5.135636433909953
30709,1.9406963817751317
30710,2.3690260215244745
30711,1.6314373058130314
30712,20.477227417128958
30713,8.842755192320098
30714,5.501011648166416
30715,0.1369157782816195
30716,5.7485225961660085
30717,2.0899744319009153
30718,2.622512588946531
30719,1.804623537496337
30720,28.257094273011724
30721,12.44989409130363
30722,7.478867855104082
30723,0.16750950627399883
30724,8.158391029566786
30725,2.98918318592578
30726,3.652048830241449
30727,2.3259439603497043
30728,15.522475159231337
30729,7.30508761358083
30730,4.507836936838722
30731,0.07364403667453144
30732,4.855683353415806
30733,1.7760352430784614
30734,2.106756254472189
30735,1.4483739015870536
30736,43.63478823674066
30737,18.843758044315436
30738,10.839490154742423
30739,0.2907196677911566
30740,11.967860222921594
30741,4.6888017271952185
30742,5.671299265488505
30743,3.6992810226661805
30744,20.523842631629922
30745,9.20354319667627
30746,5.436699319570166
30747,0.09094562308071104
30748,5.885041316737781
30749,2.1333539385226206
30750,2.6001972019838098
30751,1.7892273834256789
30752,25.3294447319007
30753,11.970382122015693
30754,6.511793981889006
30755,0.1563332863071293
30756,7.353310651747534
30757,2.580566559128944
30758,3.2892024892106524
30759,2.12611409103747
30760,39.54071904517177
30761,16.895161154810353
30762,9.92721264169985
30763,0.2572001333294231
30764,10.729933187161384
30765,4.250052757595347
30766,4.874002023146926
30767,3.312495848366893
30768,33.916123202310594
30769,14.697409326790996
30770,9.32558173725211
30771,0.2238318678024958
30772,9.601980206291366
30773,3.501388628909139
30774,4.172318471103932
30775,2.6717326012497447
30776,21.79045719229555
30777,9.414833206147858
30778,5.594555147314545
30779,0.16358428114690104
30780,6.0130127162805636
30781,2.2918458700646234
30782,2.7381408443191337
30783,1.8608968250822204
30784,15.30090576518616
30785,6.709266857856726
30786,4.050176371542259
30787,0.07201093027252417
30788,4.400260512975737
30789,1.689886835041226
30790,2.0052272073031863
30791,1.3157382254603052
30792,29.208196302119134
30793,12.523543310711853
30794,6.998105222274195
30795,0.17422873518423024
30796,7.999582111584916
30797,2.860039772572684
30798,3.642647251419594
30799,2.355893462726301
30800,22.494718320924182
30801,10.133565609587436
30802,6.11720661575334
30803,0.12045742022812136
30804,6.314252898302295
30805,2.3586884528181717
30806,2.7924454654111184
30807,1.9366913578370202
30808,15.905168083685195
30809,7.253783986164651
30810,4.362652537250236
30811,0.08041440757829824
30812,4.678596437147168
30813,1.7341686054011534
30814,2.06640490893745
30815,1.386773471841153
30816,22.03164465844665
30817,10.138334740425712
30818,5.776637167545417
30819,0.1421994875178365
30820,6.206255917395705
30821,2.309707696849872
30822,2.7585609283702994
30823,1.886951049494226
30824,14.710437643581264
30825,6.646884450692618
30826,3.7054864489615524
30827,0.0843272102616923
30828,4.230143631227916
30829,1.5335020022283075
30830,1.8575437806971988
30831,1.2479692356754837
30832,15.153746128977865
30833,6.855029150884734
30834,4.056740709346762
30835,0.07868921902215728
30836,4.589922913964195
30837,1.6447490449083124
30838,1.9835629818915357
30839,1.2893399344047578
30840,32.82253135712318
30841,13.846404357905111
30842,8.428811747033947
30843,0.2020598551800509
30844,8.995351642837202
30845,3.276151758966166
30846,4.007890762352407
30847,2.5796789684637607
30848,16.289261821653334
30849,7.507348414311362
30850,4.4067888340090535
30851,0.09252736495605118
30852,4.923807123096038
30853,1.7624310610750875
30854,2.1762273066583275
30855,1.3744442066722027
30856,36.81755729925916
30857,15.01806391139987
30858,9.015755309772352
30859,0.24597328530434054
30860,9.51814636528087
30861,3.514169206444935
30862,4.592071111792962
30863,2.940413306102778
30864,24.161577211325366
30865,10.587239438198555
30866,6.2932228568050235
30867,0.18292361991623435
30868,6.830867118681154
30869,2.5976576853244864
30870,3.014730564321885
30871,2.0430655399496165
30872,16.156568324299414
30873,7.518617631797122
30874,4.587776236196581
30875,0.07680597022935738
30876,4.982990408172462
30877,1.8220811304507307
30878,2.18263829659113
30879,1.426061594104629
30880,42.85765936886391
30881,19.96527013054288
30882,11.918068259070692
30883,0.29163358009928564
30884,12.685715220713435
30885,5.051184512436903
30886,5.819000598013738
30887,3.9336242670749377
30888,20.09766790182692
30889,9.124811678445614
30890,5.600634045804295
30891,0.10545132257968505
30892,5.8458496947068985
30893,2.1371957111499884
30894,2.572221509592113
30895,1.7232942941517457
30896,23.942012519146257
30897,10.721729068993948
30898,6.4994155125248785
30899,0.15946601687360737
30900,6.962161202603546
30901,2.653788130765241
30902,3.314204243936339
30903,2.155343016225562
30904,29.73018258984943
30905,12.4090340894389
30906,7.4622505680930535
30907,0.17166495083034194
30908,8.236661200380754
30909,3.0555576739906893
30910,3.8390108840583963
30911,2.4303119528477857
30912,21.515372787631954
30913,9.36957640687949
30914,5.743143351588002
30915,0.1328868093956101
30916,6.313429631847092
30917,2.348587981306008
30918,2.788610981755228
30919,1.9074933232230638
30920,23.840099164444506
30921,10.670048621451203
30922,6.498495931107917
30923,0.162924795512095
30924,6.800816531649131
30925,2.5115371785676013
30926,3.171563579371963
30927,2.19422199681553
30928,15.972150852904313
30929,6.980292814209951
30930,4.126845970755456
30931,0.07617778578124132
30932,4.517447607328235
30933,1.5379712729770219
30934,2.016372236920881
30935,1.275990822235934
30936,37.86780794249628
30937,16.476620610647466
30938,9.558765936637245
30939,0.23342927679926853
30940,10.71423244457358
30941,3.91095126881331
30942,4.587229881125192
30943,3.1888223886809297
30944,14.281708768108222
30945,6.6730314741262005
30946,3.8010518623024905
30947,0.05233091788607281
30948,4.023756911427447
30949,1.509990302952368
30950,1.8332884250852508
30951,1.2357977151964727
30952,15.530958447655394
30953,7.07554230432116
30954,4.4423116522882875
30955,0.08411031130192032
30956,4.75008039532695
30957,1.766219238044699
30958,2.089294227225736
30959,1.4355153662393
30960,23.494349529674174
30961,10.522279395460806
30962,6.052084873125513
30963,0.1435924769033117
30964,6.634893087849894
30965,2.535817074531974
30966,3.014355571321759
30967,2.119868180088336
30968,26.252980030432948
30969,11.743554935989259
30970,6.671415189031591
30971,0.14170055405795676
30972,7.527844889845724
30973,2.916390429829547
30974,3.5855562496038806
30975,2.3786363751330666
30976,18.117628585435938
30977,8.226934744375981
30978,4.625249664423299
30979,0.09906316231974376
30980,5.183129226773292
30981,1.9038254748966303
30982,2.4713421180449986
30983,1.5580454293157588
30984,19.954773058968595
30985,8.87459624453914
30986,5.2523036137395795
30987,0.12811090928709656
30988,5.482105795718786
30989,2.088276689752063
30990,2.5710123080449336
30991,1.6842324054513862
30992,54.235397457449615
30993,26.359655546337308
30994,14.359790127034698
30995,0.4494363736183653
30996,15.587437366870159
30997,6.14018460706711
30998,7.462970714350327
30999,4.885488593533776
31000,15.90011139883692
31001,6.988736086493396
31002,4.416045621491725
31003,0.07736650619553678
31004,4.6501033512277266
31005,1.7834203299948335
31006,2.204591521532486
31007,1.3860088685311973
31008,16.831710606577083
31009,7.635769682403436
31010,3.060306310697056
31011,1.4377131060417307
31012,2.1422003550222697
31013,1.46498936352402
31014,1.3921554533783727
31015,1.3239637102608433
31016,17.809253675402193
31017,8.629292318942479
31018,3.4899233447191085
31019,1.6947764493228175
31020,2.3258559029389065
31021,1.625760403414977
31022,1.5028437809729778
31023,1.4695428672185429
31024,17.464324190392613
31025,7.851103954688006
31026,3.324957032341841
31027,1.6140754850818695
31028,2.1722236644491577
31029,1.4650123355756521
31030,1.4740020724435277
31031,1.396593644145961
31032,15.67586943637186
31033,7.116983860978632
31034,3.044380527663239
31035,1.4544908119693234
31036,1.9139614135798317
31037,1.3807998759039524
31038,1.327820232755828
31039,1.299923630944408
31040,14.203475280612786
31041,6.298106377908787
31042,2.6516251621337203
31043,1.3204526685590392
31044,1.8019130512935033
31045,1.210091150105579
31046,1.2017131659964109
31047,1.16696773694945
31048,16.311731617732722
31049,7.1106007005663425
31050,2.8605899252607587
31051,1.4354469803080838
31052,1.95759244253193
31053,1.3191116039712223
31054,1.3089798227296627
31055,1.2571947946934152
31056,15.05817197545516
31057,7.207232819171806
31058,2.962899665046043
31059,1.4808835678675685
31060,1.8640799630230438
31061,1.3510427755697436
31062,1.2647765376914382
31063,1.257479717902967
31064,24.833770567487
31065,10.812877793648015
31066,4.431304739787882
31067,2.100407336402836
31068,3.1221069633609524
31069,2.121636371440525
31070,2.1016025384903294
31071,1.9399670812039327
31072,24.811574971209044
31073,11.352668352147138
31074,4.7410949189113065
31075,2.224152853711148
31076,2.975144475069795
31077,2.0178796879392467
31078,2.0216431642523705
31079,1.9684205418283607
31080,13.490935500255148
31081,6.215443012442488
31082,2.453978280552333
31083,1.201616545823216
31084,1.8104262364406984
31085,1.1859390004190729
31086,1.1702558515213926
31087,1.09376269015494
31088,18.29994635832547
31089,8.610937466002694
31090,3.471779551253659
31091,1.6603638733317063
31092,2.282013020354307
31093,1.5967706211300114
31094,1.5258974132852978
31095,1.4904353777826078
31096,10.673419229527568
31097,4.641124612118508
31098,2.1066309505068914
31099,1.0352154138543712
31100,1.465080233507281
31101,0.9799708564684673
31102,0.9323276461620049
31103,0.9607688910215864
31104,13.298505883044676
31105,6.0920456869237665
31106,2.6981571289900033
31107,1.327755632576041
31108,1.745957990247231
31109,1.2050876147123084
31110,1.2035487034606784
31111,1.1545309386983547
31112,14.847988345094045
31113,7.1361573355799965
31114,2.9135283642901046
31115,1.4305781213051643
31116,1.8238736697975004
31117,1.3371020723411062
31118,1.2514947089167299
31119,1.2856740946417309
31120,16.804344050346923
31121,7.59093046204161
31122,3.310360686132134
31123,1.513448552784442
31124,1.9778901396272737
31125,1.3943681169727689
31126,1.3585581349142313
31127,1.370587257153141
31128,22.352994271856492
31129,10.822007907331765
31130,4.522529051474504
31131,2.1750943536330176
31132,2.843686292671117
31133,2.1026734637739297
31134,1.8860810527431655
31135,1.8944195478762225
31136,13.522151939259144
31137,6.271433939642944
31138,2.695618534989712
31139,1.3156979998884513
31140,1.8071372595101114
31141,1.2327929345479074
31142,1.1749055355793925
31143,1.1987377173418774
31144,36.780402183320724
31145,17.125277099576206
31146,7.1145094390607575
31147,3.542182194047877
31148,4.729506180714111
31149,3.0382566349685733
31150,2.961185160199544
31151,2.8488679961345276
31152,17.541513719626526
31153,8.073594609462456
31154,3.1235049166372
31155,1.5616539719493396
31156,2.1596208714268417
31157,1.4687887156414343
31158,1.3898894477934802
31159,1.4307244714549716
31160,21.98321508469724
31161,10.055977788457335
31162,4.082292604782827
31163,2.0365096500725457
31164,2.620919274750331
31165,1.8093692309190972
31166,1.8033390594592187
31167,1.7384957017843585
31168,32.215786969436174
31169,14.893500162208406
31170,5.901296744114131
31171,2.9674091087443104
31172,3.6417199687964477
31173,2.8121192255108585
31174,2.536687602239185
31175,2.590347024310193
31176,29.245064257219568
31177,13.041380669026431
31178,5.0735589808551556
31179,2.8912837985272053
31180,3.315655151811861
31181,2.3878928985442793
31182,2.297022921020977
31183,2.230003438541688
31184,18.7354593007357
31185,8.323396512606926
31186,3.728426961588884
31187,1.7483456346553643
31188,2.2010047008144555
31189,1.5557042951524405
31190,1.5169384556578742
31191,1.4802754058514676
31192,13.473895659710916
31193,6.136880219464113
31194,2.480739645167865
31195,1.2758530633569316
31196,1.6910408444092764
31197,1.2424241520313963
31198,1.1772144115366523
31199,1.1002508694461965
31200,24.00479279821965
31201,11.172202422239888
31202,4.399146665279992
31203,2.088451335048756
31204,2.8005173299640322
31205,2.0154802360377544
31206,1.9935325437733022
31207,1.8858186994106587
31208,19.29689800350462
31209,9.090000305715389
31210,3.578469170286312
31211,1.74037230800074
31212,2.3181121858439053
31213,1.6379259036413483
31214,1.6017353866897186
31215,1.576988721816961
31216,13.874957184878744
31217,6.419075598911601
31218,2.6984551041621434
31219,1.322907134251823
31220,1.7791494041545584
31221,1.2595839119537222
31222,1.1972876820868483
31223,1.1380739741847572
31224,18.14011948531568
31225,8.903848466506886
31226,3.582102849645518
31227,1.736750458555325
31228,2.2441063256304368
31229,1.5226591636409592
31230,1.5545698479946117
31231,1.4965031733380918
31232,11.946000849048401
31233,5.508308056915443
31234,2.30942308639692
31235,1.1967205151837585
31236,1.5904824759719358
31237,1.101812895604941
31238,1.086350870523592
31239,1.0499372502494144
31240,13.35039149423116
31241,6.127723713123529
31242,2.589262100872397
31243,1.2543213172350178
31244,1.7788587288430147
31245,1.1873797621939872
31246,1.1641609873901642
31247,1.1027649840807912
31248,25.690224363319437
31249,12.125230158157219
31250,4.830511235218366
31251,2.580753093741508
31252,3.326095835659243
31253,2.2591611335700894
31254,2.248190735534861
31255,2.143624706720292
31256,14.355856015658183
31257,6.436439362872239
31258,2.838892945969245
31259,1.3549816453999861
31260,1.821349543964762
31261,1.2528005028736386
31262,1.220587414156228
31263,1.1886373657913087
31264,28.045289114176356
31265,12.627396951752063
31266,5.806926842435866
31267,2.7473293332204727
31268,3.1933060709097485
31269,2.442501573856078
31270,2.3040704580871285
31271,2.3398023943552464
31272,19.59903597188521
31273,8.864877122925966
31274,3.9237329086290043
31275,1.812955041414855
31276,2.379870106294101
31277,1.7320895103869594
31278,1.6349218551916864
31279,1.5569296906390107
31280,15.051230797645264
31281,6.980854826580475
31282,2.8937420115052275
31283,1.383507362718596
31284,1.8384743817515323
31285,1.3023374060889024
31286,1.2419156412481767
31287,1.2204159552804876
31288,39.2608026108175
31289,17.456914604742142
31290,7.090083840456815
31291,3.681455430134022
31292,4.686904965285647
31293,3.2822284876175525
31294,2.990037105960992
31295,2.9523285737959593
31296,16.48066403032864
31297,7.917115903013287
31298,3.2482654965896374
31299,1.5420583808047927
31300,2.0793233843952637
31301,1.404526143519318
31302,1.3848371277502958
31303,1.3509236269195144
31304,21.586308799651835
31305,9.329602277966499
31306,3.8631747933306215
31307,1.995777380193206
31308,2.6137435666961286
31309,1.913455764517681
31310,1.7482811291118778
31311,1.6970502901768398
31312,24.87496224691741
31313,11.228773622500196
31314,4.962098443796365
31315,2.274569983464807
31316,3.0964537237383642
31317,2.163515506744306
31318,2.161248690226722
31319,1.9377516347830068
31320,18.02850289890668
31321,8.078202058684216
31322,3.417338308333633
31323,1.7078458607942815
31324,2.1417563581322185
31325,1.570192180582432
31326,1.4881934222851074
31327,1.4471035270391812
31328,19.865040558015966
31329,9.155371751603427
31330,3.8181623957100643
31331,1.850988421687849
31332,2.467952489314962
31333,1.618150290323196
31334,1.5829502286211292
31335,1.6417445810640348
31336,13.176497918461598
31337,6.331940026637597
31338,2.5841396357792457
31339,1.242178789764865
31340,1.722760149305006
31341,1.163120209903713
31342,1.1802953208399052
31343,1.1215594314069561
31344,31.133777572803222
31345,15.058204390455858
31346,5.874127961962734
31347,3.033660228977126
31348,3.816903743345999
31349,2.598671817947812
31350,2.3822356697297455
31351,2.5065509847294964
31352,12.193878278408592
31353,5.704681248667081
31354,2.3635076419497767
31355,1.1730273346789992
31356,1.5780755979200485
31357,1.087163791015619
31358,1.0357500226927743
31359,1.0252839421119229
31360,13.561553014957891
31361,6.260177084329366
31362,2.6922216416520186
31363,1.3239205840357628
31364,1.7282812090889668
31365,1.2290663272113844
31366,1.196280823134828
31367,1.1406630930894286
31368,20.2850458901603
31369,9.349648005032183
31370,3.6791234963607247
31371,1.8439570939140009
31372,2.408779264935659
31373,1.7207386918325203
31374,1.683277558238749
31375,1.604443228967038
31376,22.72554867814795
31377,10.373342488736865
31378,4.275430910543646
31379,2.024689534606957
31380,2.6266519450839465
31381,2.089920133351251
31382,2.02657976029486
31383,1.937916842623563
31384,16.362509050151054
31385,6.9424225476782295
31386,2.8136919202304895
31387,1.420865283759814
31388,1.9626167004426418
31389,1.3339705921954097
31390,1.299703177430796
31391,1.2955083129705245
31392,16.78897583867022
31393,7.796634481702784
31394,3.2915741660928437
31395,1.6016621414239123
31396,1.9824647609955142
31397,1.4373523168400208
31398,1.3829851567970453
31399,1.3847718493237813
31400,52.51289489348993
31401,24.62074011137331
31402,10.077656148836972
31403,4.2127465342283354
31404,6.910850451962342
31405,4.348111988827054
31406,4.393692187015035
31407,3.9980104558987013
31408,13.844380927066938
31409,6.5049360008074935
31410,2.7270016940561828
31411,1.3724014725114833
31412,1.7992377480976747
31413,1.2569173796524375
31414,1.2277308383591836
31415,1.1835458878149998
