row_index,oof_pred
0,
1,
2,
3,
4,
5,
6,
7,
8,
9,
10,
11,
12,
13,
14,
15,
16,
17,
18,
19,
20,
21,
22,
23,
24,
25,
26,
27,
28,
29,
30,
31,
32,
33,
34,
35,
36,
37,
38,
39,
40,
41,
42,
43,
44,
45,
46,
47,
48,
49,
50,
51,
52,
53,
54,
55,
56,
57,
58,
59,
60,
61,
62,
63,
64,
65,
66,
67,
68,
69,
70,
71,
72,
73,
74,
75,
76,
77,
78,
79,
80,
81,
82,
83,
84,
85,
86,
87,
88,
89,
90,
91,
92,
93,
94,
95,
96,
97,
98,
99,
100,
101,
102,
103,
104,
105,
106,
107,
108,
109,
110,
111,
112,
113,
114,
115,
116,
117,
118,
119,
120,
121,
122,
123,
124,
125,
126,
127,
128,
129,
130,
131,
132,
133,
134,
135,
136,
137,
138,
139,
140,
141,
142,
143,
144,
145,
146,
147,
148,
149,
150,
151,
152,
153,
154,
155,
156,
157,
158,
159,
160,
161,
162,
163,
164,
165,
166,
167,
168,
169,
170,
171,
172,
173,
174,
175,
176,
177,
178,
179,
180,
181,
182,
183,
184,
185,
186,
187,
188,
189,
190,
191,
192,
193,
194,
195,
196,
197,
198,
199,
200,
201,
202,
203,
204,
205,
206,
207,
208,
209,
210,
211,
212,
213,
214,
215,
216,
217,
218,
219,
220,
221,
222,
223,
224,
225,
226,
227,
228,
229,
230,
231,
232,
233,
234,
235,
236,
237,
238,
239,
240,
241,
242,
243,
244,
245,
246,
247,
248,
249,
250,
251,
252,
253,
254,
255,
256,
257,
258,
259,
260,
261,
262,
263,
264,
265,
266,
267,
268,
269,
270,
271,
272,
273,
274,
275,
276,
277,
278,
279,
280,
281,
282,
283,
284,
285,
286,
287,
288,
289,
290,
291,
292,
293,
294,
295,
296,
297,
298,
299,
300,
301,-79.46003024120972
302,-85.38480331842698
303,-83.75541121682141
304,-69.84575053109876
305,-34.68179205614831
306,6.73484418620933
307,10.778047338185928
308,52.28724172838733
309,71.79275951749189
310,102.77892409453625
311,122.43626784084915
312,148.84039930082764
313,159.03909235300847
314,170.77434279829373
315,177.27846665606543
316,175.8175948084736
317,159.0506020957147
318,157.6598236339772
319,124.9758747854237
320,115.51350651357309
321,93.05363293837628
322,60.956429949476785
323,57.405929192679224
324,33.15149108669604
325,-0.7472913416354743
326,-21.4497635066391
327,-24.359461486020308
328,-30.315991473041834
329,-44.05247273820774
330,-46.94842026765241
331,-7.452817957106134
332,0.8354988278517794
333,41.59243733351232
334,79.68490153036402
335,111.46042848933673
336,146.1194855547036
337,175.72809781316937
338,200.63485321275272
339,160.33318979358282
340,160.53477411748386
341,146.0363024168854
342,128.10416476925158
343,106.67075221549531
344,78.56316641088083
345,46.63469007148447
346,22.820646855814942
347,-17.08519227523712
348,19.122345179277062
349,-24.770401467723104
350,-44.84271942882111
351,-58.60457606145786
352,-77.61071841446477
353,-57.31088982875232
354,-47.805157087149524
355,-42.74931459867966
356,-11.256485201947896
357,23.77626601034231
358,60.63885032712531
359,97.96335833002169
360,125.47761312337755
361,153.70341553230764
362,184.05786497084094
363,187.1248230637638
364,185.668609799641
365,174.1830022178398
366,157.30074887658483
367,125.93454170478228
368,89.45176642816136
369,47.69379507492789
370,-8.263565110081544
371,-34.78821679118133
372,12.299828626243084
373,-14.011647269724477
374,-40.470723670899986
375,-48.865244873844375
376,-49.49526991382402
377,-47.38339959541156
378,-43.36302134675614
379,-23.333712293955642
380,-12.185370186081798
381,13.018417281755575
382,39.72042952457704
383,65.35533147154275
384,102.11414518387367
385,122.08172658168527
386,142.17448740886664
387,144.0514116631159
388,143.44157105509964
389,182.10727620607534
390,106.50127011954794
391,9.52627950022844
392,-18.917427271428863
393,-41.20820623432874
394,-72.45700505842598
395,-94.55639369424978
396,91.30250036572895
397,103.21316621880378
398,112.27580669477064
399,109.53777044976842
400,104.01522138014347
401,95.83045270182309
402,84.87369082340685
403,72.48905700334696
404,75.48282612883493
405,52.872933953741835
406,49.458789962946355
407,48.702087798854535
408,-56.94178790980499
409,-97.50027597586251
410,-86.15995202678897
411,-58.40333861382152
412,-10.06584007724527
413,9.967380066259892
414,26.330655966061187
415,47.44384257928766
416,67.57660330899519
417,86.25134649066428
418,107.84518855318328
419,120.27132495156371
420,187.79252739332077
421,195.33442983670577
422,196.55796682663785
423,190.19865799100126
424,161.0798848053215
425,143.72089962745292
426,119.50904544065718
427,104.70434678760789
428,79.10055870584345
429,69.26990870127668
430,44.30665561605534
431,
432,
433,
434,
435,
436,
437,
438,
439,
440,
441,
442,
443,
444,
445,
446,
447,
448,
449,
450,
451,
452,
453,
454,
455,
456,
457,
458,
459,
460,
461,
462,
463,
464,
465,
466,
467,
468,
469,
470,
471,
472,
473,
474,
475,
476,
477,
478,
479,
480,
481,
482,
483,
484,
485,
486,
487,
488,
489,
490,
491,
492,
493,
494,
495,
496,
497,
498,
499,
500,
501,
502,
503,
504,
505,
506,
507,
508,
509,
510,
511,
512,
513,
514,
515,
516,
517,
518,
519,
520,
521,
522,
523,
524,
525,
526,
527,
528,
529,
530,
531,
532,
533,
534,
535,
536,
537,
538,
539,
540,
541,
542,
543,
544,
545,
546,
547,
548,
549,
550,
551,
552,
553,
554,
555,
556,
557,
558,
559,
560,
561,
562,
563,
564,
565,
566,
567,
568,
569,
570,
571,
572,
573,
574,
575,
576,
577,
578,
579,
580,
581,
582,
583,
584,
585,
586,
587,
588,
589,
590,
591,
592,
593,
594,
595,
596,
597,
598,
599,
600,
601,
602,
603,
604,
605,
606,
607,
608,
609,
610,
611,
612,
613,
614,
615,
616,
617,
618,
619,
620,
621,
622,
623,
624,
625,
626,
627,
628,
629,
630,
631,
632,
633,
634,
635,
636,
637,
638,
639,
640,
641,
642,
643,
644,
645,
646,
647,
648,
649,
650,
651,
652,
653,
654,
655,
656,
657,
658,
659,
660,
661,
662,
663,
664,
665,
666,
667,
668,
669,
670,
671,
672,
673,
674,
675,
676,
677,
678,
679,
680,
681,
682,
683,
684,
685,
686,
687,
688,
689,
690,
691,
692,
693,
694,
695,
696,
697,
698,
699,
700,
701,
702,
703,
704,
705,
706,
707,
708,
709,
710,
711,
712,
713,
714,
715,
716,
717,
718,
719,
720,
721,
722,
723,
724,
725,
726,
727,
728,
729,
730,
731,
732,
733,
734,
735,-44.643528993852954
736,-49.30721246207597
737,-65.66856099879581
738,-58.96044064750666
739,-45.33509658566683
740,-24.876919947416354
741,-3.921442328099488
742,24.29201967241758
743,79.35332654945563
744,109.54480232407909
745,138.07036903221768
746,166.08229851478092
747,187.86448660338752
748,202.1672241182271
749,222.23004529427442
750,210.4942308619774
751,201.7376579822897
752,188.54416106385068
753,169.89031406929604
754,149.04741296471602
755,104.65635425072132
756,83.83350749950075
757,60.09718332451166
758,48.593972774799994
759,-74.29794291004231
760,-87.41907572335685
761,-86.53641922242207
762,-65.43696455573007
763,-44.66041300192748
764,-15.288677882398247
765,13.083102394640065
766,42.85743657337429
767,73.9212564355157
768,101.59826926862539
769,132.17395295505713
770,157.9742826753665
771,172.99307781433913
772,181.03394997127882
773,186.87957874584927
774,175.93680761243783
775,163.32520923845667
776,151.84319266865703
777,131.54464832895133
778,109.10845822410339
779,96.19964720602327
780,78.45914280299593
781,53.507221220914516
782,-56.23033906032367
783,-67.47622853602672
784,-49.87025521854005
785,-54.064070429564
786,-33.097459600930506
787,-8.91958428127731
788,22.973587465959667
789,50.097595169047906
790,74.88671728146697
791,105.17235730466605
792,137.77516860144053
793,181.31255289276632
794,196.5208762786873
795,205.4361236117762
796,205.99237686541966
797,199.64101905710544
798,187.98955100146796
799,168.38299344650775
800,128.89503819658262
801,127.22180370856
802,94.40147373296038
803,74.16000409465747
804,73.07414964566242
805,-54.4781549778767
806,-64.5895322435479
807,-46.7281659054471
808,-48.92929060581341
809,-35.202659297498116
810,-10.836561481464457
811,7.7274952912536605
812,43.63593074018897
813,73.33110578066254
814,99.04289236226506
815,138.9695741848125
816,133.05907341517542
817,187.4300379259039
818,203.70992303612317
819,235.49275115675164
820,230.98210498634995
821,150.6741448982171
822,142.82949590454248
823,129.2750459766745
824,155.0209403903172
825,133.71873146761848
826,115.06429819673066
827,94.64897745312047
828,77.26084702651572
829,-44.32193524918881
830,-49.30278653983859
831,-47.197377069900796
832,-37.73916984832644
833,-22.94689651290227
834,12.408128241646324
835,31.565765632873507
836,51.85939765805699
837,72.94084327297367
838,93.07360400268122
839,112.42155013482498
840,160.49624137630673
841,183.4880642743844
842,224.56390315517353
843,218.05315077396045
844,218.76825357350947
845,212.71853100033763
846,201.89145786438462
847,190.85424893399187
848,178.52694650487194
849,160.46643370352666
850,119.63413784598335
851,99.85474317947313
852,84.37459647319677
853,55.641818561378955
854,21.040911925367425
855,-5.026018956068668
856,-22.31190804118077
857,-28.663058323758747
858,-24.052731775719167
859,-9.323056019351185
860,13.831802585364017
861,44.22422463527937
862,80.02516397421593
863,116.88977962113181
864,153.48337685375998
865,185.37089476436782
866,213.04910222666706
867,232.88357001590177
868,242.19732679422137
869,240.90146313675265
870,228.59025402514501
871,181.67182717034865
872,150.33264863429338
873,114.13326885165655
874,67.65259429105028
875,23.253896170790938
876,-20.77909205113741
877,
878,
879,
880,
881,
882,
883,
884,
885,
886,
887,
888,
889,
890,
891,
892,
893,
894,
895,
896,
897,
898,
899,
900,
901,
902,
903,
904,
905,
906,
907,
908,
909,
910,
911,
912,
913,
914,
915,
916,
917,
918,
919,
920,
921,
922,
923,
924,
925,
926,
927,
928,
929,
930,
931,
932,
933,
934,
935,
936,
937,
938,
939,
940,
941,
942,
943,
944,
945,
946,
947,
948,
949,
950,
951,
952,
953,
954,
955,
956,
957,
958,
959,
960,
961,
962,
963,
964,
965,
966,
967,
968,
969,
970,
971,
972,
973,
974,
975,
976,
977,
978,
979,
980,
981,
982,
983,
984,
985,
986,
987,
988,
989,
990,
991,
992,
993,
994,
995,
996,
997,
998,
999,
1000,
1001,
1002,
1003,
1004,
1005,
1006,
1007,
1008,
1009,
1010,
1011,
1012,
1013,
1014,
1015,
1016,
1017,
1018,
1019,
1020,
1021,
1022,
1023,
1024,
1025,
1026,
1027,
1028,
1029,
1030,
1031,
1032,
1033,
1034,
1035,
1036,
1037,
1038,
1039,
1040,
1041,
1042,
1043,
1044,
1045,
1046,
1047,
1048,
1049,
1050,
1051,
1052,
1053,
1054,
1055,
1056,
1057,
1058,
1059,
1060,
1061,
1062,
1063,
1064,
1065,
1066,
1067,
1068,
1069,
1070,
1071,
1072,
1073,
1074,
1075,
1076,
1077,
1078,
1079,
1080,
1081,
1082,
1083,
1084,
1085,
1086,
1087,
1088,
1089,
1090,
1091,
1092,
1093,
1094,
1095,
1096,
1097,
1098,
1099,
1100,
1101,
1102,
1103,
1104,
1105,
1106,
1107,
1108,
1109,
1110,
1111,
1112,
1113,
1114,
1115,
1116,
1117,
1118,
1119,
1120,
1121,
1122,
1123,
1124,
1125,
1126,
1127,
1128,
1129,
1130,
1131,
1132,
1133,
1134,
1135,
1136,
1137,
1138,
1139,
1140,
1141,
1142,
1143,
1144,
1145,
1146,
1147,
1148,
1149,
1150,
1151,
1152,
1153,
1154,
1155,
1156,
1157,
1158,
1159,
1160,
1161,
1162,
1163,
1164,
1165,
1166,
1167,
1168,
1169,
1170,
1171,
1172,
1173,
1174,
1175,
1176,
1177,
1178,
1179,
1180,
1181,
1182,
1183,-47.65067062029567
1184,-46.749840457310626
1185,-44.96159880979957
1186,-41.94348797171119
1187,-13.536793702673407
1188,18.33552379601369
1189,61.8681883261828
1190,73.7645124904997
1191,104.59416560245907
1192,133.92777088899356
1193,159.01863111036053
1194,194.9755636107162
1195,210.49160373099292
1196,162.66807153839972
1197,217.24072190692846
1198,211.96039455352823
1199,199.72838345982478
1200,176.99668204658707
1201,151.93422878286876
1202,125.03426541140531
1203,109.53321100316255
1204,95.28552980668843
1205,84.56671579464843
1206,-37.334535666665744
1207,-54.5107320705815
1208,-52.7224904230705
1209,-32.874407068870255
1210,-23.11180130623356
1211,6.337885616929299
1212,35.585779915629814
1213,77.4438832473186
1214,99.00438553892037
1215,107.84682055328473
1216,118.96809910645601
1217,137.12788739578593
1218,137.73379220577274
1219,159.07851873472987
1220,157.5324088274247
1221,151.70822452265736
1222,128.33272634277927
1223,112.19156938281695
1224,98.18544144681597
1225,85.92570573241231
1226,22.217552199947562
1227,68.17610992736192
1228,62.28888178824873
1229,-83.23872628688957
1230,-80.55368702470037
1231,-31.94127869196376
1232,-10.50637952396275
1233,12.620996285796906
1234,32.65421642930201
1235,43.08583013600054
1236,69.49634329747634
1237,95.94914215365172
1238,111.13751285383962
1239,125.84645089346589
1240,150.43012739675802
1241,156.7750725254995
1242,159.667366541958
1243,157.97740840664736
1244,151.82105496155322
1245,147.66217099203817
1246,136.21318333426422
1247,124.92390120949007
1248,111.5296535265562
1249,99.7898589146236
1250,90.30073577210402
1251,86.92917037496484
1252,-26.814390601046313
1253,-44.07935903331753
1254,-53.7393435592806
1255,-34.1427732988183
1256,-19.827724424851652
1257,4.5687588830999175
1258,24.47359579320795
1259,57.976433314651956
1260,84.56685448405496
1261,127.72352536136324
1262,158.02672881897624
1263,182.06815566576137
1264,204.076058274508
1265,169.23313203379192
1266,224.2782833432036
1267,226.60285342384987
1268,219.59300053233437
1269,208.4020172577448
1270,140.7368920997064
1271,169.37129029772638
1272,146.998051403117
1273,127.00201375783165
1274,107.17899894692925
1275,93.26293271193218
1276,-26.539505660424
1277,-32.427680701661416
1278,-30.956606876577126
1279,-36.07803882455272
1280,11.449727199664153
1281,37.23827689353982
1282,65.45173889405696
1283,95.97334018434795
1284,127.08714054445576
1285,158.15920843545942
1286,183.1600897768472
1287,162.04002683013772
1288,231.78538094723933
1289,234.02373078880487
1290,179.79958971775372
1291,229.5214569621889
1292,213.48672956008338
1293,201.3541694174082
1294,180.7325373165846
1295,169.7832165023333
1296,148.99331784254787
1297,130.04467869079804
1298,115.80279803284618
1299,96.18168841875011
1300,48.035032703293524
1301,26.40605461812578
1302,13.2285607545046
1303,-10.55808547163636
1304,-5.947758923596723
1305,4.9864721539240975
1306,25.79080951380132
1307,57.676410280438404
1308,92.58258421451718
1309,130.40529836664044
1310,167.37483329725413
1311,200.2150617682676
1312,228.26716172665863
1313,247.71894836671416
1314,257.09889429552726
1315,255.94567177293868
1316,243.8945989707086
1317,222.22548436021862
1318,191.4156607881343
1319,153.60831426815218
1320,111.94367913407177
1321,68.83242331406208
1322,25.132279814699928
1323,
1324,
1325,
1326,
1327,
1328,
1329,
1330,
1331,
1332,
1333,
1334,
1335,
1336,
1337,
1338,
1339,
1340,
1341,
1342,
1343,
1344,
1345,
1346,
1347,
1348,
1349,
1350,
1351,
1352,
1353,
1354,
1355,
1356,
1357,
1358,
1359,
1360,
1361,
1362,
1363,
1364,
1365,
1366,
1367,
1368,
1369,
1370,
1371,
1372,
1373,
1374,
1375,
1376,
1377,
1378,
1379,
1380,
1381,
1382,
1383,
1384,
1385,
1386,
1387,
1388,
1389,
1390,
1391,
1392,
1393,
1394,
1395,
1396,
1397,
1398,
1399,
1400,
1401,
1402,
1403,
1404,
1405,
1406,
1407,
1408,
1409,
1410,
1411,
1412,
1413,
1414,
1415,
1416,
1417,
1418,
1419,
1420,
1421,
1422,
1423,
1424,
1425,
1426,
1427,
1428,
1429,
1430,
1431,
1432,
1433,
1434,
1435,
1436,
1437,
1438,
1439,
1440,
1441,
1442,
1443,
1444,
1445,
1446,
1447,
1448,
1449,
1450,
1451,
1452,
1453,
1454,
1455,
1456,
1457,
1458,
1459,
1460,
1461,
1462,
1463,
1464,
1465,
1466,
1467,
1468,
1469,
1470,
1471,
1472,
1473,
1474,
1475,
1476,
1477,
1478,
1479,
1480,
1481,
1482,
1483,
1484,
1485,
1486,
1487,
1488,
1489,
1490,
1491,
1492,
1493,
1494,
1495,
1496,
1497,
1498,
1499,
1500,
1501,
1502,
1503,
1504,
1505,
1506,
1507,
1508,
1509,
1510,
1511,
1512,
1513,
1514,
1515,
1516,
1517,
1518,
1519,
1520,
1521,
1522,
1523,
1524,
1525,
1526,
1527,
1528,
1529,
1530,
1531,
1532,
1533,
1534,
1535,
1536,
1537,
1538,
1539,
1540,
1541,
1542,
1543,
1544,
1545,
1546,
1547,
1548,
1549,
1550,
1551,
1552,
1553,
1554,
1555,
1556,
1557,
1558,
1559,
1560,
1561,
1562,
1563,
1564,
1565,
1566,
1567,
1568,
1569,
1570,
1571,
1572,
1573,
1574,
1575,
1576,
1577,
1578,
1579,
1580,
1581,
1582,
1583,
1584,
1585,
1586,
1587,
1588,
1589,
1590,
1591,
1592,
1593,
1594,
1595,
1596,
1597,
1598,
1599,
1600,
1601,
1602,
1603,
1604,
1605,
1606,
1607,
1608,
1609,
1610,
1611,
1612,
1613,
1614,
1615,
1616,
1617,
1618,
1619,
1620,
1621,
1622,
1623,
1624,
1625,
1626,
1627,
1628,
1629,
1630,
1631,
1632,
1633,
1634,-6.729605688067636
1635,-14.068578108086001
1636,-26.158441961831727
1637,-19.067826029743856
1638,8.116366176537014
1639,26.130707983877215
1640,55.23543258289803
1641,95.54738911456951
1642,133.7126901290961
1643,170.90933218233317
1644,205.7720140341166
1645,236.67308200605538
1646,261.5797931084525
1647,280.3951635776344
1648,289.48922290630054
1649,314.6607507437783
1650,303.2962447473292
1651,288.8812469724419
1652,251.51059675282755
1653,227.19282495631455
1654,199.0344710359389
1655,170.265531519643
1656,147.2407609518032
1657,125.97485540779364
1658,78.51485915329353
1659,42.643070253852756
1660,12.84647982625583
1661,-3.553408177426604
1662,-8.83275712703741
1663,-7.322701483760056
1664,11.096217436837293
1665,47.377364705353244
1666,85.81184380431782
1667,128.0327435662652
1668,170.8078167796502
1669,212.82437666437514
1670,250.74335445445928
1671,281.8521821479393
1672,303.12534408636753
1673,314.54875953277764
1674,312.61658712219116
1675,244.21194721275594
1676,223.46419918568907
1677,235.35446794586562
1678,160.36849580984665
1679,122.8808428182473
1680,83.2034980258364
1681,32.473747640296665
1682,74.009602105406
1683,38.23518755981249
1684,20.58088791867752
1685,6.744379126376032
1686,2.324671764950722
1687,18.88132458207903
1688,6.4530976810897585
1689,55.33915296821823
1690,38.968142326543244
1691,58.84032129889263
1692,83.64618980786571
1693,106.7699352328023
1694,209.41685990622125
1695,145.3945986121041
1696,159.95396984296323
1697,165.5371320834975
1698,162.74062260380327
1699,155.3848856753738
1700,225.10095386897126
1701,198.41159167885004
1702,92.12542869299638
1703,124.07573435175097
1704,32.71184616288491
1705,50.51334317083277
1706,71.3527786608512
1707,30.937669036227305
1708,3.783976892413733
1709,-13.441513124078512
1710,-25.856861643655662
1711,-23.21367673445303
1712,-13.82359207656549
1713,21.574489365753408
1714,75.32598394645221
1715,116.33933558749436
1716,160.20920154756436
1717,202.79779352842544
1718,240.46376131644337
1719,272.20810406868566
1720,293.86795239849005
1721,305.6145722396567
1722,303.5948072146236
1723,291.11569742386854
1724,266.2927851103864
1725,231.5752826040914
1726,187.67278002623112
1727,139.7152598036114
1728,90.83835970186824
1729,38.87314794416886
1730,-5.155343694417098
1731,-12.732856067985892
1732,-16.18366109438287
1733,-7.435273777964596
1734,5.366551527900526
1735,29.51328637312821
1736,57.30018317998159
1737,94.05430628551191
1738,129.5941512336156
1739,153.29822048178625
1740,177.71546238409192
1741,198.90271590608447
1742,215.5279546532198
1743,226.45646168707424
1744,231.77876125477226
1745,254.4132910965969
1746,303.96522638693534
1747,267.1283073801393
1748,262.6623027807698
1749,223.76379846409006
1750,222.89031154443148
1751,172.87581783342983
1752,145.58161355660815
1753,124.15685846669301
1754,-8.365230919622803
1755,-17.93333244537672
1756,-18.138672220662983
1757,-9.447874882891256
1758,4.955437890829273
1759,43.70891021009342
1760,67.72336818365889
1761,96.23105717682034
1762,121.91126038000517
1763,96.74171720975386
1764,172.15950934425052
1765,193.62254912104876
1766,209.6290124898314
1767,220.3662531557295
1768,225.49313366601456
1769,224.22959620724174
1770,276.4023026391554
1771,260.74916747974555
1772,192.42411098439388
1773,174.24415818718623
1774,156.93646541215887
1775,139.749601377719
1776,137.37556256313243
1777,115.21989718595249
1778,
1779,
1780,
1781,
1782,
1783,
1784,
1785,
1786,
1787,
1788,
1789,
1790,
1791,
1792,
1793,
1794,
1795,
1796,
1797,
1798,
1799,
1800,
1801,
1802,
1803,
1804,
1805,
1806,
1807,
1808,
1809,
1810,
1811,
1812,
1813,
1814,
1815,
1816,
1817,
1818,
1819,
1820,
1821,
1822,
1823,
1824,
1825,
1826,
1827,
1828,
1829,
1830,
1831,
1832,
1833,
1834,
1835,
1836,
1837,
1838,
1839,
1840,
1841,
1842,
1843,
1844,
1845,
1846,
1847,
1848,
1849,
1850,
1851,
1852,
1853,
1854,
1855,
1856,
1857,
1858,
1859,
1860,
1861,
1862,
1863,
1864,
1865,
1866,
1867,
1868,
1869,
1870,
1871,
1872,
1873,
1874,
1875,
1876,
1877,
1878,
1879,
1880,
1881,
1882,
1883,
1884,
1885,
1886,
1887,
1888,
1889,
1890,
1891,
1892,
1893,
1894,
1895,
1896,
1897,
1898,
1899,
1900,
1901,
1902,
1903,
1904,
1905,
1906,
1907,
1908,
1909,
1910,
1911,
1912,
1913,
1914,
1915,
1916,
1917,
1918,
1919,
1920,
1921,
1922,
1923,
1924,
1925,
1926,
1927,
1928,
1929,
1930,
1931,
1932,
1933,
1934,
1935,
1936,
1937,
1938,
1939,
1940,
1941,
1942,
1943,
1944,
1945,
1946,
1947,
1948,
1949,
1950,
1951,
1952,
1953,
1954,
1955,
1956,
1957,
1958,
1959,
1960,
1961,
1962,
1963,
1964,
1965,
1966,
1967,
1968,
1969,
1970,
1971,
1972,
1973,
1974,
1975,
1976,
1977,
1978,
1979,
1980,
1981,
1982,
1983,
1984,
1985,
1986,
1987,
1988,
1989,
1990,
1991,
1992,
1993,
1994,
1995,
1996,
1997,
1998,
1999,
2000,
2001,
2002,
2003,
2004,
2005,
2006,
2007,
2008,
2009,
2010,
2011,
2012,
2013,
2014,
2015,
2016,
2017,
2018,
2019,
2020,
2021,
2022,
2023,
2024,
2025,
2026,
2027,
2028,
2029,
2030,
2031,
2032,
2033,
2034,
2035,
2036,
2037,
2038,
2039,
2040,
2041,
2042,
2043,
2044,
2045,
2046,
2047,
2048,
2049,
2050,
2051,
2052,
2053,
2054,
2055,
2056,
2057,
2058,
2059,
2060,
2061,
2062,
2063,
2064,
2065,
2066,
2067,
2068,
2069,
2070,
2071,
2072,
2073,
2074,
2075,
2076,
2077,
2078,
2079,
2080,
2081,
2082,
2083,
2084,
2085,
2086,
2087,
2088,
2089,
2090,115.31399829596393
2091,85.62873998298694
2092,63.123952763142384
2093,49.12859442493527
2094,45.31322007256338
2095,49.63576416675468
2096,62.36851692902934
2097,46.97419426954352
2098,66.85908948141342
2099,141.76795631483373
2100,175.16064132711614
2101,207.22001732913998
2102,155.46169583303026
2103,172.3172143893672
2104,276.8211843356421
2105,284.96772578755724
2106,283.855252815733
2107,274.32008271775305
2108,254.9758617836119
2109,147.15060903261866
2110,122.37025563938685
2111,94.99684866200057
2112,65.45437151757123
2113,35.64910808243448
2114,97.2567600156221
2115,68.12667820923797
2116,45.780209265914664
2117,31.071356144593437
2118,26.334480960741388
2119,9.348174632601598
2120,45.18309170832285
2121,66.40979213414383
2122,94.86585579004064
2123,143.28947323374166
2124,185.90622817060546
2125,234.16487413666292
2126,272.9892612223421
2127,303.40976728930366
2128,324.5935982507757
2129,336.1609788003315
2130,334.40978404386544
2131,169.24593264051614
2132,288.3392199833636
2133,252.6695381860473
2134,209.28083054715879
2135,162.4726480014897
2136,114.67500805914716
2137,67.2418805818072
2138,18.934314664928024
2139,11.27764315309858
2140,9.876754654036148
2141,19.148577478737536
2142,34.23900478585111
2143,58.590800223809794
2144,88.4802765374037
2145,123.00341626555527
2146,160.6297491845144
2147,208.29895474709917
2148,242.44870076436922
2149,273.24915731357356
2150,293.14706256073987
2151,310.79331062418055
2152,320.3466476407693
2153,322.50930906221924
2154,162.27499518030052
2155,290.71557741155004
2156,137.55710843364378
2157,248.30913883848837
2158,220.9607270716759
2159,194.77050130559303
2160,169.95428344711647
2161,149.58349848486603
2162,20.710286031721978
2163,-6.856243681401224
2164,2.6817652128312943
2165,15.839291299353306
2166,31.58952635222795
2167,49.03309619214815
2168,68.05331363089098
2169,121.48332545862546
2170,148.72714007298333
2171,175.88857934113437
2172,137.93601453008318
2173,222.2749795104134
2174,158.37137490704762
2175,247.59048688574057
2176,315.24275630261184
2177,322.74212315502245
2178,316.65199136160027
2179,303.01343909706236
2180,281.99768101894836
2181,258.0456745987218
2182,219.5381448444724
2183,191.10378962076064
2184,153.6528018980995
2185,142.53481533536296
2186,25.76166751131865
2187,24.92706932393176
2188,6.583809015477328
2189,19.902039885554757
2190,35.65227493842943
2191,58.815245637141544
2192,87.36479372956954
2193,122.84721185984077
2194,159.21263114153783
2195,128.88070017759478
2196,142.30629036940007
2197,222.99449742635522
2198,282.2754962279339
2199,252.43745591713076
2200,257.9989712621203
2201,318.785148910417
2202,318.237402639988
2203,304.8230648348415
2204,285.3043461612893
2205,127.08662058091743
2206,118.1541172778965
2207,193.58069909482833
2208,169.94623476934652
2209,148.65327315187483
2210,24.422195463270555
2211,15.665342776950979
2212,15.65126936962102
2213,22.65190569722469
2214,39.42648512139306
2215,62.57135290375459
2216,102.63330335644005
2217,128.1167951362405
2218,157.0345900289575
2219,184.14740406403234
2220,208.33748494460855
2221,157.67791889433883
2222,246.65720334498744
2223,173.14152293897465
2224,170.94539051258187
2225,316.84895914049196
2226,312.7008179793884
2227,296.7706904380542
2228,303.4445597975307
2229,256.0861805866801
2230,227.9816967388358
2231,201.79147097275293
2232,111.64135032758637
2233,152.3602239160274
2234,
2235,
2236,
2237,
2238,
2239,
2240,
2241,
2242,
2243,
2244,
2245,
2246,
2247,
2248,
2249,
2250,
2251,
2252,
2253,
2254,
2255,
2256,
2257,
2258,
2259,
2260,
2261,
2262,
2263,
2264,
2265,
2266,
2267,
2268,
2269,
2270,
2271,
2272,
2273,
2274,
2275,
2276,
2277,
2278,
2279,
2280,
2281,
2282,
2283,
2284,
2285,
2286,
2287,
2288,
2289,
2290,
2291,
2292,
2293,
2294,
2295,
2296,
2297,
2298,
2299,
2300,
2301,
2302,
2303,
2304,
2305,
2306,
2307,
2308,
2309,
2310,
2311,
2312,
2313,
2314,
2315,
2316,
2317,
2318,
2319,
2320,
2321,
2322,
2323,
2324,
2325,
2326,
2327,
2328,
2329,
2330,
2331,
2332,
2333,
2334,
2335,
2336,
2337,
2338,
2339,
2340,
2341,
2342,
2343,
2344,
2345,
2346,
2347,
2348,
2349,
2350,
2351,
2352,
2353,
2354,
2355,
2356,
2357,
2358,
2359,
2360,
2361,
2362,
2363,
2364,
2365,
2366,
2367,
2368,
2369,
2370,
2371,
2372,
2373,
2374,
2375,
2376,
2377,
2378,
2379,
2380,
2381,
2382,
2383,
2384,
2385,
2386,
2387,
2388,
2389,
2390,
2391,
2392,
2393,
2394,
2395,
2396,
2397,
2398,
2399,
2400,
2401,
2402,
2403,
2404,
2405,
2406,
2407,
2408,
2409,
2410,
2411,
2412,
2413,
2414,
2415,
2416,
2417,
2418,
2419,
2420,
2421,
2422,
2423,
2424,
2425,
2426,
2427,
2428,
2429,
2430,
2431,
2432,
2433,
2434,
2435,
2436,
2437,
2438,
2439,
2440,
2441,
2442,
2443,
2444,
2445,
2446,
2447,
2448,
2449,
2450,
2451,
2452,
2453,
2454,
2455,
2456,
2457,
2458,
2459,
2460,
2461,
2462,
2463,
2464,
2465,
2466,
2467,
2468,
2469,
2470,
2471,
2472,
2473,
2474,
2475,
2476,
2477,
2478,
2479,
2480,
2481,
2482,
2483,
2484,
2485,
2486,
2487,
2488,
2489,
2490,
2491,
2492,
2493,
2494,
2495,
2496,
2497,
2498,
2499,
2500,
2501,
2502,
2503,
2504,
2505,
2506,
2507,
2508,
2509,
2510,
2511,
2512,
2513,
2514,
2515,
2516,
2517,
2518,
2519,
2520,
2521,
2522,
2523,
2524,
2525,
2526,
2527,
2528,
2529,
2530,
2531,
2532,
2533,
2534,
2535,
2536,
2537,
2538,
2539,
2540,
2541,
2542,
2543,
2544,
2545,
2546,71.03431412601621
2547,63.53649216009222
2548,63.681268298667874
2549,48.673698179984456
2550,62.662765864705776
2551,86.71292606752206
2552,115.57964198237684
2553,150.32523012819374
2554,186.47476786793277
2555,239.14739182394996
2556,273.11551204257506
2557,298.7212847963974
2558,323.4151603712241
2559,339.67459334293227
2560,295.1623767421753
2561,349.9558559251265
2562,339.5338609711709
2563,185.9763888842594
2564,316.01218188791665
2565,287.32662459788065
2566,270.04670212410554
2567,244.5699711411368
2568,196.54521373569978
2569,174.77087496731386
2570,50.97478191823555
2571,42.41390820393639
2572,41.82308913039947
2573,49.07202285600519
2574,65.8783432784833
2575,88.16521990520069
2576,117.8899269756996
2577,151.66355110170468
2578,188.82939827360914
2579,247.20381624712576
2580,271.62567558787134
2581,297.1912738671979
2582,317.6755643838758
2583,331.2022074766552
2584,339.24886451937084
2585,341.18907848916217
2586,335.4299087429414
2587,321.1521913543456
2588,306.572759967075
2589,282.6668477185337
2590,260.01247185438825
2591,239.01507464603748
2592,218.98639267302858
2593,197.67910556139788
2594,78.7997059764312
2595,47.07111630019867
2596,70.89148364248996
2597,72.0844626515912
2598,88.68024612356487
2599,112.09235765497337
2600,106.075141327603
2601,124.29193794968573
2602,198.46031680809034
2603,225.9227154876427
2604,245.87144359855063
2605,266.9945393001826
2606,326.9181789848318
2607,294.8090690520713
2608,299.98322314795047
2609,297.56981674284276
2610,195.24995313808563
2611,270.3587203187682
2612,298.4064238065238
2613,280.2665802709828
2614,254.50400761630408
2615,143.80913609733403
2616,139.09655935745317
2617,137.16238389466577
2618,49.36402061321496
2619,41.023856954071476
2620,40.85146527022033
2621,48.964309848659724
2622,64.7849992985136
2623,86.45372101218643
2624,116.5914947237824
2625,151.9791924832855
2626,182.66470816019716
2627,234.9226185841634
2628,268.731889256883
2629,297.21135562801123
2630,322.366894431788
2631,340.99756637472757
2632,351.73265789031774
2633,349.20491701731214
2634,341.774181178983
2635,184.80822967988453
2636,175.32727585040055
2637,152.66374250277886
2638,252.24721708248177
2639,225.97783217813824
2640,194.68098731877194
2641,180.58941786396895
2642,135.15662815198823
2643,104.77019374549491
2644,70.30541639556755
2645,54.38154576021742
2646,49.7755171192249
2647,63.22528991575207
2648,82.27854448120289
2649,111.6557811667293
2650,147.64575514018154
2651,197.66339707987962
2652,246.14574193449306
2653,287.4584476054152
2654,324.5421828133782
2655,350.70703829572886
2656,321.84172206437637
2657,335.02945851435663
2658,326.74256025740203
2659,310.6427755070741
2660,295.66524984847086
2661,262.8572877385336
2662,234.0684401488334
2663,201.17099338920596
2664,162.83372137231768
2665,123.89433460907674
2666,133.88420450621217
2667,109.14997377693341
2668,69.07852893888273
2669,64.8921087809344
2670,66.27021113081915
2671,64.08145073058634
2672,78.44919910745521
2673,99.67589953327624
2674,90.44209555469287
2675,164.48825862840485
2676,199.48658379799934
2677,232.3936622418314
2678,262.1643127965792
2679,280.26777815605584
2680,210.64078374280263
2681,310.4058765092761
2682,304.21268220941556
2683,345.97617702828745
2684,278.5241516510204
2685,297.40777788027646
2686,248.86641615815157
2687,200.24753286243944
2688,146.07468939805523
2689,98.27829992660332
2690,
2691,
2692,
2693,
2694,
2695,
2696,
2697,
2698,
2699,
2700,
2701,
2702,
2703,
2704,
2705,
2706,
2707,
2708,
2709,
2710,
2711,
2712,
2713,
2714,
2715,
2716,
2717,
2718,
2719,
2720,
2721,
2722,
2723,
2724,
2725,
2726,
2727,
2728,
2729,
2730,
2731,
2732,
2733,
2734,
2735,
2736,
2737,
2738,
2739,
2740,
2741,
2742,
2743,
2744,
2745,
2746,
2747,
2748,
2749,
2750,
2751,
2752,
2753,
2754,
2755,
2756,
2757,
2758,
2759,
2760,
2761,
2762,
2763,
2764,
2765,
2766,
2767,
2768,
2769,
2770,
2771,
2772,
2773,
2774,
2775,
2776,
2777,
2778,
2779,
2780,
2781,
2782,
2783,
2784,
2785,
2786,
2787,
2788,
2789,
2790,
2791,
2792,
2793,
2794,
2795,
2796,
2797,
2798,
2799,
2800,
2801,
2802,
2803,
2804,
2805,
2806,
2807,
2808,
2809,
2810,
2811,
2812,
2813,
2814,
2815,
2816,
2817,
2818,
2819,
2820,
2821,
2822,
2823,
2824,
2825,
2826,
2827,
2828,
2829,
2830,
2831,
2832,
2833,
2834,
2835,
2836,
2837,
2838,
2839,
2840,
2841,
2842,
2843,
2844,
2845,
2846,
2847,
2848,
2849,
2850,
2851,
2852,
2853,
2854,
2855,
2856,
2857,
2858,
2859,
2860,
2861,
2862,
2863,
2864,
2865,
2866,
2867,
2868,
2869,
2870,
2871,
2872,
2873,
2874,
2875,
2876,
2877,
2878,
2879,
2880,
2881,
2882,
2883,
2884,
2885,
2886,
2887,
2888,
2889,
2890,
2891,
2892,
2893,
2894,
2895,
2896,
2897,
2898,
2899,
2900,
2901,
2902,
2903,
2904,
2905,
2906,
2907,
2908,
2909,
2910,
2911,
2912,
2913,
2914,
2915,
2916,
2917,
2918,
2919,
2920,
2921,
2922,
2923,
2924,
2925,
2926,
2927,
2928,
2929,
2930,
2931,
2932,
2933,
2934,
2935,
2936,
2937,
2938,
2939,
2940,
2941,
2942,
2943,
2944,
2945,
2946,
2947,
2948,
2949,
2950,
2951,
2952,
2953,
2954,
2955,
2956,
2957,
2958,
2959,
2960,
2961,
2962,
2963,
2964,
2965,
2966,
2967,
2968,
2969,
2970,
2971,
2972,
2973,
2974,
2975,
2976,
2977,
2978,
2979,
2980,
2981,
2982,
2983,
2984,
2985,
2986,
2987,
2988,
2989,
2990,
2991,
2992,
2993,
2994,
2995,
2996,
2997,
2998,
2999,
3000,
3001,
3002,25.6888971893176
3003,15.501460777439263
3004,19.8961524393749
3005,33.16217265303581
3006,50.66418110101597
3007,81.42073335773753
3008,108.3209925910074
3009,147.8040374846168
3010,184.58125810191285
3011,221.1274939753676
3012,256.02015903311076
3013,292.17995120043213
3014,316.25060598434715
3015,338.1449787780858
3016,349.3880756451003
3017,352.1970702744459
3018,344.19111077576224
3019,327.7700518431076
3020,309.9990451822053
3021,282.34412745287585
3022,250.61350777091812
3023,222.65735260256412
3024,197.21211126104126
3025,166.0178187565885
3026,22.410816338923553
3027,11.285670684539696
3028,8.533515114072259
3029,22.73530243602974
3030,39.80856710127168
3031,65.48127648183893
3032,109.0250229989885
3033,132.362522313566
3034,174.46053195241382
3035,217.70933868824903
3036,232.25041064091604
3037,292.9553476869132
3038,323.1579234566742
3039,343.4595360516771
3040,355.7552179287344
3041,353.19149849622613
3042,351.09722308697735
3043,331.360139433835
3044,307.7241909997076
3045,279.38719198788897
3046,253.02369610029407
3047,219.93822205004395
3048,190.4085907089822
3049,169.60493210576146
3050,118.98838205470642
3051,78.16678828791684
3052,48.7335289485882
3053,25.78009324923741
3054,28.398328077965147
3055,26.35437390164293
3056,55.024027158686295
3057,88.9162444951234
3058,132.01917980173033
3059,180.97334892054897
3060,229.83994655044734
3061,272.5572966662771
3062,315.9200798578377
3063,349.9546975890969
3064,373.4469745834234
3065,385.0101156397729
3066,382.7095185240726
3067,366.9596795960266
3068,339.34013578399185
3069,305.2248516345186
3070,257.8052314082555
3071,204.369608126686
3072,149.50164219069262
3073,96.8415536615884
3074,97.61937312739649
3075,57.15154533976428
3076,28.22725146020298
3077,11.515901842184775
3078,7.12489047164064
3079,18.113236840623784
3080,39.596348673006986
3081,73.04900224348569
3082,116.31025582661388
3083,164.43882293262266
3084,213.17292358712012
3085,261.5651542693306
3086,303.8333227387026
3087,344.8122938077894
3088,368.7636427863256
3089,375.00687634857707
3090,372.42105618045935
3091,362.68962014373875
3092,329.05167344037864
3093,288.7850154401238
3094,246.79614555919977
3095,187.97698823255607
3096,138.63781736648062
3097,84.29357672032165
3098,26.79873028638309
3099,16.308451546236995
3100,1.7769284291740064
3101,10.055004585350986
3102,26.94923373068164
3103,52.46362483472768
3104,79.23677552040179
3105,130.87930651026872
3106,172.67615296601582
3107,221.02778145888584
3108,261.52698792796923
3109,303.36737851917485
3110,338.14288957111364
3111,360.0846824368166
3112,372.39589690115827
3113,375.21571344573755
3114,367.8440895919074
3115,347.2503979687292
3116,324.31241173043156
3117,294.4992666499242
3118,262.6044089942557
3119,223.87944544123027
3120,200.04123057525945
3121,168.49579198161285
3122,24.335465020144937
3123,24.82457072799633
3124,11.182478561628017
3125,18.98386152573167
3126,36.05659492158935
3127,76.76899732503425
3128,110.56713894429728
3129,137.21404611772698
3130,175.77093974853983
3131,220.4404675833603
3132,246.1263336663161
3133,310.13229218288745
3134,340.2914273756779
3135,361.95808213109984
3136,369.12270676375135
3137,366.7173056077643
3138,366.17866290314976
3139,356.2379248598394
3140,334.034150648046
3141,293.4410908975585
3142,261.6642621007887
3143,224.50919559720026
3144,194.01305947095818
3145,122.93819981983786
3146,
3147,
3148,
3149,
3150,
3151,
3152,
3153,
3154,
3155,
3156,
3157,
3158,
3159,
3160,
3161,
3162,
3163,
3164,
3165,
3166,
3167,
3168,
3169,
3170,
3171,
3172,
3173,
3174,
3175,
3176,
3177,
3178,
3179,
3180,
3181,
3182,
3183,
3184,
3185,
3186,
3187,
3188,
3189,
3190,
3191,
3192,
3193,
3194,
3195,
3196,
3197,
3198,
3199,
3200,
3201,
3202,
3203,
3204,
3205,
3206,
3207,
3208,
3209,
3210,
3211,
3212,
3213,
3214,
3215,
3216,
3217,
3218,
3219,
3220,
3221,
3222,
3223,
3224,
3225,
3226,
3227,
3228,
3229,
3230,
3231,
3232,
3233,
3234,
3235,
3236,
3237,
3238,
3239,
3240,
3241,
3242,
3243,
3244,
3245,
3246,
3247,
3248,
3249,
3250,
3251,
3252,
3253,
3254,
3255,
3256,
3257,
3258,
3259,
3260,
3261,
3262,
3263,
3264,
3265,
3266,
3267,
3268,
3269,
3270,
3271,
3272,
3273,
3274,
3275,
3276,
3277,
3278,
3279,
3280,
3281,
3282,
3283,
3284,
3285,
3286,
3287,
3288,
3289,
3290,
3291,
3292,
3293,
3294,
3295,
3296,
3297,
3298,
3299,
3300,
3301,
3302,
3303,
3304,
3305,
3306,
3307,
3308,
3309,
3310,
3311,
3312,
3313,
3314,
3315,
3316,
3317,
3318,
3319,
3320,
3321,
3322,
3323,
3324,
3325,
3326,
3327,
3328,
3329,
3330,
3331,
3332,
3333,
3334,
3335,
3336,
3337,
3338,
3339,
3340,
3341,
3342,
3343,
3344,
3345,
3346,
3347,
3348,
3349,
3350,
3351,
3352,
3353,
3354,
3355,
3356,
3357,
3358,
3359,
3360,
3361,
3362,
3363,
3364,
3365,
3366,
3367,
3368,
3369,
3370,
3371,
3372,
3373,
3374,
3375,
3376,
3377,
3378,
3379,
3380,
3381,
3382,
3383,
3384,
3385,
3386,
3387,
3388,
3389,
3390,
3391,
3392,
3393,
3394,
3395,
3396,
3397,
3398,
3399,
3400,
3401,
3402,
3403,
3404,
3405,
3406,
3407,
3408,
3409,
3410,
3411,
3412,
3413,
3414,
3415,
3416,
3417,
3418,
3419,
3420,
3421,
3422,
3423,
3424,
3425,
3426,
3427,
3428,
3429,
3430,
3431,
3432,
3433,
3434,
3435,
3436,
3437,
3438,
3439,
3440,
3441,
3442,
3443,
3444,
3445,
3446,
3447,
3448,
3449,
3450,
3451,
3452,
3453,
3454,
3455,
3456,
3457,
3458,65.81856588915828
3459,32.859517470969195
3460,13.328456347064815
3461,14.698311262029563
3462,-8.65996591689779
3463,18.032007843128326
3464,35.19991537479723
3465,68.36302284561225
3466,101.91127696226019
3467,87.1453583612247
3468,220.6986316980051
3469,267.8002686860066
3470,268.300022747855
3471,351.0164022672393
3472,369.3772125417478
3473,381.14803408079183
3474,378.9271273727365
3475,363.98594507337776
3476,335.55774463265584
3477,301.6001010039492
3478,247.1710308067148
3479,94.25446035018054
3480,59.516516748510696
3481,29.255948199743557
3482,-17.198581997090514
3483,12.290359207313202
3484,20.778603194141994
3485,13.537524073196778
3486,30.451939192533217
3487,66.048081897773
3488,83.69098444953357
3489,121.984045139655
3490,170.884829520219
3491,212.73166844121977
3492,259.48286018381907
3493,268.15784556183604
3494,326.0073201887036
3495,348.1551750365501
3496,358.33660334079764
3497,212.01249691531453
3498,354.7682442688362
3499,333.69853527732573
3500,313.81133097739115
3501,284.5855754538281
3502,252.62676374949845
3503,222.33903735138557
3504,192.3651296403013
3505,166.62221143001545
3506,22.14471664612077
3507,11.49558836006915
3508,9.308898010030589
3509,17.11028097413424
3510,35.42566058687919
3511,60.49059066479697
3512,93.7438361159698
3513,132.32750828631396
3514,176.52509960976988
3515,216.97636246516726
3516,257.93537982357105
3517,288.2078552101432
3518,318.4090181830659
3519,339.31443251773794
3520,352.24445003964877
3521,354.7360750068816
3522,347.2061328765302
3523,331.1983424246587
3524,307.72589692315825
3525,278.84872465466015
3526,246.22934846095797
3527,219.56378891882645
3528,188.7123522226168
3529,163.1537773616718
3530,26.418889895067935
3531,15.198580463097443
3532,13.16018795608639
3533,14.032015128563074
3534,37.54281357777373
3535,63.37437250424652
3536,95.57503101336303
3537,136.3174618042694
3538,179.73828011969115
3539,216.6658416359332
3540,257.32389765092216
3541,293.12275392116146
3542,328.98259291346636
3543,344.18138375143445
3544,356.7519999670735
3545,363.4646126455505
3546,356.94892093801514
3547,345.9173157476241
3548,316.4682287866018
3549,288.11481759205833
3550,256.50538869252034
3551,229.5544023262718
3552,193.44600693118596
3553,168.47933045955
3554,32.263048509266156
3555,32.573649966590494
3556,19.77734578703783
3557,27.387462383185095
3558,43.6515372183421
3559,63.52104845979413
3560,107.06426370755942
3561,134.90850505518284
3562,182.4287146880435
3563,231.24009292087771
3564,271.2997375560162
3565,307.99917171063265
3566,338.36437081758015
3567,359.82496165884504
3568,372.5226864220798
3569,369.19201064333157
3570,362.0583954736676
3571,201.85342815637142
3572,187.23857995724555
3573,282.41319394497816
3574,251.20580599960414
3575,202.07722603086194
3576,189.04959795736067
3577,173.17687033933322
3578,1.0987276974022109
3579,-11.367413046177347
3580,-2.869067921211183
3581,16.898848532069138
3582,27.888345392499758
3583,53.71990431897254
3584,86.73514108597921
3585,134.9695077544179
3586,167.26480708564682
3587,222.89490887473906
3588,268.7049450812367
3589,270.2131010245443
3590,285.9764621520772
3591,306.55887487667235
3592,368.2913637418958
3593,371.01701983031444
3594,363.32822815405757
3595,348.9050697211943
3596,325.9878007262868
3597,168.6858862409366
3598,146.7966031830554
3599,217.24193342790016
3600,181.0381704835283
3601,151.42981696909175
3602,
3603,
3604,
3605,
3606,
3607,
3608,
3609,
3610,
3611,
3612,
3613,
3614,
3615,
3616,
3617,
3618,
3619,
3620,
3621,
3622,
3623,
3624,
3625,
3626,
3627,
3628,
3629,
3630,
3631,
3632,
3633,
3634,
3635,
3636,
3637,
3638,
3639,
3640,
3641,
3642,
3643,
3644,
3645,
3646,
3647,
3648,
3649,
3650,
3651,
3652,
3653,
3654,
3655,
3656,
3657,
3658,
3659,
3660,
3661,
3662,
3663,
3664,
3665,
3666,
3667,
3668,
3669,
3670,
3671,
3672,
3673,
3674,
3675,
3676,
3677,
3678,
3679,
3680,
3681,
3682,
3683,
3684,
3685,
3686,
3687,
3688,
3689,
3690,
3691,
3692,
3693,
3694,
3695,
3696,
3697,
3698,
3699,
3700,
3701,
3702,
3703,
3704,
3705,
3706,
3707,
3708,
3709,
3710,
3711,
3712,
3713,
3714,
3715,
3716,
3717,
3718,
3719,
3720,
3721,
3722,
3723,
3724,
3725,
3726,
3727,
3728,
3729,
3730,
3731,
3732,
3733,
3734,
3735,
3736,
3737,
3738,
3739,
3740,
3741,
3742,
3743,
3744,
3745,
3746,
3747,
3748,
3749,
3750,
3751,
3752,
3753,
3754,
3755,
3756,
3757,
3758,
3759,
3760,
3761,
3762,
3763,
3764,
3765,
3766,
3767,
3768,
3769,
3770,
3771,
3772,
3773,
3774,
3775,
3776,
3777,
3778,
3779,
3780,
3781,
3782,
3783,
3784,
3785,
3786,
3787,
3788,
3789,
3790,
3791,
3792,
3793,
3794,
3795,
3796,
3797,
3798,
3799,
3800,
3801,
3802,
3803,
3804,
3805,
3806,
3807,
3808,
3809,
3810,
3811,
3812,
3813,
3814,
3815,
3816,
3817,
3818,
3819,
3820,
3821,
3822,
3823,
3824,
3825,
3826,
3827,
3828,
3829,
3830,
3831,
3832,
3833,
3834,
3835,
3836,
3837,
3838,
3839,
3840,
3841,
3842,
3843,
3844,
3845,
3846,
3847,
3848,
3849,
3850,
3851,
3852,
3853,
3854,
3855,
3856,
3857,
3858,
3859,
3860,
3861,
3862,
3863,
3864,
3865,
3866,
3867,
3868,
3869,
3870,
3871,
3872,
3873,
3874,
3875,
3876,
3877,
3878,
3879,
3880,
3881,
3882,
3883,
3884,
3885,
3886,
3887,
3888,
3889,
3890,
3891,
3892,
3893,
3894,
3895,
3896,
3897,
3898,
3899,
3900,
3901,
3902,
3903,
3904,
3905,
3906,
3907,
3908,
3909,
3910,
3911,17.22656999652861
3912,6.26027388805025
3913,-2.4532535436968317
3914,-0.1804618778116378
3915,23.055729730502236
3916,48.18900089547384
3917,81.20423766248052
3918,120.27474525236377
3919,162.07630431217495
3920,204.70059206495102
3921,251.54574049201162
3922,293.5392647036326
3923,318.5314203190278
3924,340.3143617068117
3925,352.5936314011442
3926,355.42986012844835
3927,347.93186276810616
3928,332.19827161373246
3929,312.6611851596732
3930,236.21451369040986
3931,216.9105011044027
3932,192.2206094831461
3933,171.74066593347578
3934,154.90096147822635
3935,23.706271348705684
3936,12.89882478613282
3937,10.077798791240753
3938,17.800022617083783
3939,34.33331586533234
3940,59.609698285212204
3941,98.38037799940317
3942,135.77027418839756
3943,173.89333059461418
3944,202.59597329589408
3945,232.79303102691787
3946,258.9751787590066
3947,279.87961756443906
3948,294.40917707890003
3949,302.26098694550296
3950,306.9302096272861
3951,287.43551941556854
3952,182.21126160037005
3953,171.9986227627912
3954,276.98070072196117
3955,245.56825218385606
3956,213.81938103495452
3957,183.14839168948765
3958,157.38853002709266
3959,14.448280076332026
3960,3.8315686123312105
3961,1.8408572343130913
3962,9.48339065251119
3963,26.873823140179866
3964,51.41478644043025
3965,85.2244154913213
3966,124.0136795237808
3967,165.65220770300667
3968,209.50360811937892
3969,226.26001905164514
3970,251.595847527534
3971,272.54360373661297
3972,287.3461554554466
3973,294.97548922516773
3974,295.18471219011474
3975,287.30441457818483
3976,274.06927965343834
3977,255.805100025062
3978,234.05676422428525
3979,210.5110709678036
3980,187.22471053811114
3981,180.38629164603188
3982,155.62635491229395
3983,104.40081846546414
3984,64.42501268549017
3985,33.99162464580505
3986,18.78883791852641
3987,15.40246408070334
3988,25.54502246287089
3989,59.03676767706614
3990,84.5088751638049
3991,117.89827973454732
3992,156.62856901305048
3993,196.02823087578048
3994,233.73893716175252
3995,267.7310217036679
3996,294.8326659739141
3997,313.18237178885937
3998,322.040229472045
3999,376.9121866673603
4000,360.6337275749255
4001,284.5579341757366
4002,294.0068524425902
4003,246.95161440700534
4004,171.09593922375393
4005,140.07796021130568
4006,85.4593164959494
4007,87.87731623245753
4008,48.2186782749103
4009,18.516405260196137
4010,1.4878878197512222
4011,-1.1040937341874724
4012,8.879615102074553
4013,31.525682743700145
4014,65.41843038351482
4015,107.18302442626363
4016,154.91546834328443
4017,202.79275725604663
4018,251.05788132267475
4019,293.5375021340089
4020,328.39751810637847
4021,299.19379054412946
4022,307.543214036932
4023,305.0828519838686
4024,292.46580493030325
4025,269.56471539828556
4026,236.6904788837426
4027,198.09012072780905
4028,155.20267189929655
4029,110.68601313583677
4030,71.87103977488724
4031,18.00541556949895
4032,13.544024963036378
4033,16.661995928167926
4034,26.053330299856754
4035,43.31291624466593
4036,66.64548767212725
4037,84.1300719473666
4038,125.46729964622914
4039,158.5771772353482
4040,192.4264990505525
4041,223.01988374226366
4042,249.48678247472836
4043,270.3184538911312
4044,301.12042012300793
4045,309.2893978120376
4046,309.3403025004634
4047,302.02036605123214
4048,271.2410038920286
4049,252.63893919783533
4050,231.29264628323605
4051,208.77761563229524
4052,186.66697312927445
4053,166.66304694793638
4054,150.1547765919301
4055,
4056,
4057,
4058,
4059,
4060,
4061,
4062,
4063,
4064,
4065,
4066,
4067,
4068,
4069,
4070,
4071,
4072,
4073,
4074,
4075,
4076,
4077,
4078,
4079,
4080,
4081,
4082,
4083,
4084,
4085,
4086,
4087,
4088,
4089,
4090,
4091,
4092,
4093,
4094,
4095,
4096,
4097,
4098,
4099,
4100,
4101,
4102,
4103,
4104,
4105,
4106,
4107,
4108,
4109,
4110,
4111,
4112,
4113,
4114,
4115,
4116,
4117,
4118,
4119,
4120,
4121,
4122,
4123,
4124,
4125,
4126,
4127,
4128,
4129,
4130,
4131,
4132,
4133,
4134,
4135,
4136,
4137,
4138,
4139,
4140,
4141,
4142,
4143,
4144,
4145,
4146,
4147,
4148,
4149,
4150,
4151,
4152,
4153,
4154,
4155,
4156,
4157,
4158,
4159,
4160,
4161,
4162,
4163,
4164,
4165,
4166,
4167,
4168,
4169,
4170,
4171,
4172,
4173,
4174,
4175,
4176,
4177,
4178,
4179,
4180,
4181,
4182,
4183,
4184,
4185,
4186,
4187,
4188,
4189,
4190,
4191,
4192,
4193,
4194,
4195,
4196,
4197,
4198,
4199,
4200,
4201,
4202,
4203,
4204,
4205,
4206,
4207,
4208,
4209,
4210,
4211,
4212,
4213,
4214,
4215,
4216,
4217,
4218,
4219,
4220,
4221,
4222,
4223,
4224,
4225,
4226,
4227,
4228,
4229,
4230,
4231,
4232,
4233,
4234,
4235,
4236,
4237,
4238,
4239,
4240,
4241,
4242,
4243,
4244,
4245,
4246,
4247,
4248,
4249,
4250,
4251,
4252,
4253,
4254,
4255,
4256,
4257,
4258,
4259,
4260,
4261,
4262,
4263,
4264,
4265,
4266,
4267,
4268,
4269,
4270,
4271,
4272,
4273,
4274,
4275,
4276,
4277,
4278,
4279,
4280,
4281,
4282,
4283,
4284,
4285,
4286,
4287,
4288,
4289,
4290,
4291,
4292,
4293,
4294,
4295,
4296,
4297,
4298,
4299,
4300,
4301,
4302,
4303,
4304,
4305,
4306,
4307,
4308,
4309,
4310,
4311,
4312,
4313,
4314,
4315,
4316,
4317,
4318,
4319,
4320,
4321,
4322,
4323,
4324,
4325,
4326,
4327,
4328,
4329,
4330,
4331,
4332,
4333,
4334,
4335,
4336,
4337,
4338,
4339,
4340,
4341,
4342,
4343,
4344,
4345,
4346,
4347,
4348,
4349,
4350,
4351,
4352,
4353,
4354,
4355,
4356,
4357,
4358,
4359,
4360,
4361,
4362,
4363,
4364,
4365,
4366,
4367,-4.638472067224882
4368,-18.518597081048966
4369,-21.949833768588576
4370,-14.618761964726218
4371,4.149643602633233
4372,48.1990774343688
4373,53.93841229634958
4374,83.25703577138472
4375,155.5723149109063
4376,193.86585790963449
4377,169.5978608299554
4378,190.94379233775433
4379,208.08537209702928
4380,357.4278018467124
4381,392.2502157699244
4382,395.0206393944087
4383,392.58119388301077
4384,352.9342652621433
4385,326.856656235121
4386,294.418476819303
4387,256.93754592366747
4388,219.27731910071327
4389,182.4557334867045
4390,151.6239629465918
4391,90.71974743228785
4392,48.702457075987695
4393,16.991396582870067
4394,-0.3469955146028383
4395,-3.4378078260951668
4396,8.883007509800393
4397,34.553828629799824
4398,72.78687979378337
4399,123.1109082668854
4400,177.5005011527141
4401,233.5641467331072
4402,286.70787644545595
4403,335.2799914764955
4404,395.15887899668206
4405,421.4082964656645
4406,428.28109684219226
4407,425.25712962831193
4408,389.9975700650871
4409,357.35847614695194
4410,312.3695609545963
4411,260.4888419552695
4412,203.80203729786996
4413,144.28066301019533
4414,86.08835691480841
4415,76.07113241490799
4416,32.945607272114074
4417,1.1990062422027563
4418,-15.823804990151189
4419,-17.673356202378017
4420,-5.161274498526069
4421,19.885203730897132
4422,58.51959041919082
4423,106.11418271597955
4424,161.30898786891285
4425,216.32782554072747
4426,270.58311535938736
4427,317.4890250469073
4428,378.0814073502079
4429,403.4410649860199
4430,411.01289009714606
4431,412.5634451227513
4432,372.58310090578476
4433,341.16488027322333
4434,297.3284560837912
4435,245.4627384023645
4436,187.14093813037067
4437,127.80682906709393
4438,69.64414574332473
4439,0.2601699588599047
4440,-13.35179232979607
4441,-16.970495846808035
4442,-9.87622563398648
4443,7.239968487688998
4444,35.991894502557386
4445,73.77566227241046
4446,120.31274595510594
4447,159.8334937133677
4448,199.23980391153233
4449,258.86250884402745
4450,299.32129613360314
4451,334.1266038541024
4452,358.13822693207334
4453,372.55830469487915
4454,374.67264636249087
4455,367.3578974593139
4456,347.87373258161654
4457,321.3204358505719
4458,288.2483006540828
4459,250.71874452537102
4460,213.43984334520417
4461,177.58939121581608
4462,141.81415699255842
4463,-8.309122440085133
4464,-11.863677262903849
4465,-27.000353459298367
4466,-19.510432109530484
4467,17.366772586868393
4468,43.36944688323314
4469,65.92352157272026
4470,108.49373032206918
4471,156.86843070324358
4472,190.47029544718274
4473,227.21712727393546
4474,284.35306305646355
4475,304.90903931708283
4476,318.37914021035124
4477,333.01111871323474
4478,388.71758907521865
4479,380.3504312544818
4480,361.53893660886473
4481,317.21598699220783
4482,285.5566672729899
4483,249.01695113079862
4484,187.92360549589387
4485,161.45053300398553
4486,140.5058965082403
4487,1.9491592829901947
4488,-5.346369821173198
4489,-4.189032187403939
4490,2.362358736056109
4491,24.327859871052084
4492,54.25230380123725
4493,84.33357856184698
4494,116.46618278418981
4495,143.21227454572855
4496,169.6067917798833
4497,189.92344796638812
4498,207.46188595573474
4499,304.9454237015709
4500,222.41434714021094
4501,219.85053756295176
4502,213.1734208924895
4503,200.6264543079103
4504,183.52091490603954
4505,239.5271712604054
4506,128.92804965734052
4507,188.72851513011656
4508,164.40146682055766
4509,143.29851204829123
4510,
4511,
4512,
4513,
4514,
4515,
4516,
4517,
4518,
4519,
4520,
4521,
4522,
4523,
4524,
4525,
4526,
4527,
4528,
4529,
4530,
4531,
4532,
4533,
4534,
4535,
4536,
4537,
4538,
4539,
4540,
4541,
4542,
4543,
4544,
4545,
4546,
4547,
4548,
4549,
4550,
4551,
4552,
4553,
4554,
4555,
4556,
4557,
4558,
4559,
4560,
4561,
4562,
4563,
4564,
4565,
4566,
4567,
4568,
4569,
4570,
4571,
4572,
4573,
4574,
4575,
4576,
4577,
4578,
4579,
4580,
4581,
4582,
4583,
4584,
4585,
4586,
4587,
4588,
4589,
4590,
4591,
4592,
4593,
4594,
4595,
4596,
4597,
4598,
4599,
4600,
4601,
4602,
4603,
4604,
4605,
4606,
4607,
4608,
4609,
4610,
4611,
4612,
4613,
4614,
4615,
4616,
4617,
4618,
4619,
4620,
4621,
4622,
4623,
4624,
4625,
4626,
4627,
4628,
4629,
4630,
4631,
4632,
4633,
4634,
4635,
4636,
4637,
4638,
4639,
4640,
4641,
4642,
4643,
4644,
4645,
4646,
4647,
4648,
4649,
4650,
4651,
4652,
4653,
4654,
4655,
4656,
4657,
4658,
4659,
4660,
4661,
4662,
4663,
4664,
4665,
4666,
4667,
4668,
4669,
4670,
4671,
4672,
4673,
4674,
4675,
4676,
4677,
4678,
4679,
4680,
4681,
4682,
4683,
4684,
4685,
4686,
4687,
4688,
4689,
4690,
4691,
4692,
4693,
4694,
4695,
4696,
4697,
4698,
4699,
4700,
4701,
4702,
4703,
4704,
4705,
4706,
4707,
4708,
4709,
4710,
4711,
4712,
4713,
4714,
4715,
4716,
4717,
4718,
4719,
4720,
4721,
4722,
4723,
4724,
4725,
4726,
4727,
4728,
4729,
4730,
4731,
4732,
4733,
4734,
4735,
4736,
4737,
4738,
4739,
4740,
4741,
4742,
4743,
4744,
4745,
4746,
4747,
4748,
4749,
4750,
4751,
4752,
4753,
4754,
4755,
4756,
4757,
4758,
4759,
4760,
4761,
4762,
4763,
4764,
4765,
4766,
4767,
4768,
4769,
4770,
4771,
4772,
4773,
4774,
4775,
4776,
4777,
4778,
4779,
4780,
4781,
4782,
4783,
4784,
4785,
4786,
4787,
4788,
4789,
4790,
4791,
4792,
4793,
4794,
4795,
4796,
4797,
4798,
4799,
4800,
4801,
4802,
4803,
4804,
4805,
4806,
4807,
4808,
4809,
4810,
4811,
4812,
4813,
4814,
4815,
4816,
4817,
4818,
4819,
4820,
4821,
4822,-20.276414289605697
4823,-34.82329177033412
4824,-38.12482746491929
4825,-31.47392248855354
4826,-13.339852566047654
4827,31.026217818730345
4828,62.23459086647469
4829,95.03894115125534
4830,137.50810850478982
4831,176.67832857241933
4832,213.05624169691274
4833,245.13996334379925
4834,313.1338480825311
4835,361.67996981198894
4836,370.98155060813224
4837,368.09589452262
4838,366.1948858374052
4839,347.46096337274093
4840,303.26670926098757
4841,293.45707610646105
4842,257.36004937698453
4843,220.05253284526435
4844,161.94124413170536
4845,130.1212224943933
4846,-24.375722661084666
4847,-38.30205872173431
4848,-42.66720511329544
4849,-16.74546059010558
4850,-16.488037334428697
4851,11.508364185179857
4852,58.61212709227098
4853,94.89150639522292
4854,133.11116604172685
4855,171.95950568286554
4856,209.16340068435116
4857,240.44701002322483
4858,264.5184302392965
4859,198.0569777437166
4860,294.4935139342088
4861,294.46254966314604
4862,285.8105773667996
4863,270.4436539902848
4864,249.57410923131215
4865,224.3013663719596
4866,194.02635798823255
4867,166.5305411020163
4868,139.78930588493986
4869,117.92369982709876
4870,-21.18821390474423
4871,-54.58133888979043
4872,-26.77122886854545
4873,-16.8767778533022
4874,1.3810424857180692
4875,5.123362892471448
4876,59.22763256780598
4877,60.886369912149405
4878,90.88915836316822
4879,119.89458862987743
4880,146.2891058640322
4881,169.11310199415087
4882,185.01601309951891
4883,197.62228688286797
4884,292.9790039653588
4885,200.51633765940318
4886,192.98346493512912
4887,272.68708829983217
4888,166.3915568452549
4889,147.72960530515917
4890,128.44923356674806
4891,109.54529872838548
4892,93.51890289031019
4893,81.35157869513095
4894,-14.064158640844937
4895,-21.072522558381706
4896,-19.59801710218568
4897,-8.512846842370664
4898,12.255403450255187
4899,-8.061765812217232
4900,31.38373719402864
4901,54.93316727531385
4902,79.37144209512464
4903,160.74012706793022
4904,196.91335946387494
4905,162.31496328672372
4906,255.0757772402688
4907,274.32959766051385
4908,283.5117641392572
4909,284.5911528813802
4910,333.9044758732358
4911,315.50325381828264
4912,299.7553655606536
4913,260.89744772920005
4914,225.18174664251086
4915,187.7153805648851
4916,145.59970779189192
4917,120.57045956715335
4918,-32.46200814422008
4919,-56.44904816624572
4920,-54.950640068828534
4921,-52.40589802331522
4922,-23.6543606755327
4923,4.705039849145777
4924,52.72268662043942
4925,85.2016575032279
4926,132.43084226659178
4927,180.68199624681722
4928,221.46628840341555
4929,273.6357756208548
4930,312.82949918170806
4931,327.7686713275158
4932,347.1745727544885
4933,350.59554043485167
4934,342.8009746248585
4935,330.3574675150444
4936,297.9546101928571
4937,259.06495232910055
4938,221.91931622054813
4939,184.4534814123067
4940,154.0048918977237
4941,122.63173907579277
4942,56.755315862988624
4943,3.758766169467407
4944,-17.069789819961898
4945,-38.272534693623726
4946,-45.64893884155933
4947,-28.719977351001972
4948,-7.997805409431237
4949,35.56242652533524
4950,83.37690247364709
4951,137.1299452014326
4952,198.21162869696235
4953,267.18996836850124
4954,316.33120746812375
4955,354.82069159959235
4956,380.64083401645235
4957,391.07423370733454
4958,389.28719678485146
4959,370.9828898738451
4960,338.56400733952955
4961,239.8947996453717
4962,203.3659224367828
4963,149.15322824306702
4964,110.15008825857285
4965,66.02572860512372
4966,
4967,
4968,
4969,
4970,
4971,
4972,
4973,
4974,
4975,
4976,
4977,
4978,
4979,
4980,
4981,
4982,
4983,
4984,
4985,
4986,
4987,
4988,
4989,
4990,
4991,
4992,
4993,
4994,
4995,
4996,
4997,
4998,
4999,
5000,
5001,
5002,
5003,
5004,
5005,
5006,
5007,
5008,
5009,
5010,
5011,
5012,
5013,
5014,
5015,
5016,
5017,
5018,
5019,
5020,
5021,
5022,
5023,
5024,
5025,
5026,
5027,
5028,
5029,
5030,
5031,
5032,
5033,
5034,
5035,
5036,
5037,
5038,
5039,
5040,
5041,
5042,
5043,
5044,
5045,
5046,
5047,
5048,
5049,
5050,
5051,
5052,
5053,
5054,
5055,
5056,
5057,
5058,
5059,
5060,
5061,
5062,
5063,
5064,
5065,
5066,
5067,
5068,
5069,
5070,
5071,
5072,
5073,
5074,
5075,
5076,
5077,
5078,
5079,
5080,
5081,
5082,
5083,
5084,
5085,
5086,
5087,
5088,
5089,
5090,
5091,
5092,
5093,
5094,
5095,
5096,
5097,
5098,
5099,
5100,
5101,
5102,
5103,
5104,
5105,
5106,
5107,
5108,
5109,
5110,
5111,
5112,
5113,
5114,
5115,
5116,
5117,
5118,
5119,
5120,
5121,
5122,
5123,
5124,
5125,
5126,
5127,
5128,
5129,
5130,
5131,
5132,
5133,
5134,
5135,
5136,
5137,
5138,
5139,
5140,
5141,
5142,
5143,
5144,
5145,
5146,
5147,
5148,
5149,
5150,
5151,
5152,
5153,
5154,
5155,
5156,
5157,
5158,
5159,
5160,
5161,
5162,
5163,
5164,
5165,
5166,
5167,
5168,
5169,
5170,
5171,
5172,
5173,
5174,
5175,
5176,
5177,
5178,
5179,
5180,
5181,
5182,
5183,
5184,
5185,
5186,
5187,
5188,
5189,
5190,
5191,
5192,
5193,
5194,
5195,
5196,
5197,
5198,
5199,
5200,
5201,
5202,
5203,
5204,
5205,
5206,
5207,
5208,
5209,
5210,
5211,
5212,
5213,
5214,
5215,
5216,
5217,
5218,
5219,
5220,
5221,
5222,
5223,
5224,
5225,
5226,
5227,
5228,
5229,
5230,
5231,
5232,
5233,
5234,
5235,
5236,
5237,
5238,
5239,
5240,
5241,
5242,
5243,
5244,
5245,
5246,
5247,
5248,
5249,
5250,
5251,
5252,
5253,
5254,
5255,
5256,
5257,
5258,
5259,
5260,
5261,
5262,
5263,
5264,
5265,
5266,
5267,
5268,
5269,
5270,
5271,
5272,
5273,
5274,
5275,
5276,
5277,
5278,-39.55799448103278
5279,-53.675596909638756
5280,-57.294300426650636
5281,-48.56190895247843
5282,-31.3531413319501
5283,12.091959490732108
5284,43.3315422674018
5285,77.47426149525712
5286,118.19411149131193
5287,159.88938200025802
5288,196.54243323503246
5289,228.49053225976166
5290,248.584815680201
5291,266.6161758575645
5292,281.9956046550617
5293,282.8369847130185
5294,275.1732654458849
5295,254.0097394511854
5296,226.7392590649747
5297,206.35956476586176
5298,178.03672078516237
5299,144.8820784063755
5300,132.70534815047623
5301,101.74805602007545
5302,-44.50408848451647
5303,-47.32460737331397
5304,-40.71957594209644
5305,-30.825124926853192
5306,-23.27893246927013
5307,2.899179648207877
5308,29.890675275307558
5309,72.71510111984804
5310,109.92663395076528
5311,149.17129958658458
5312,202.7316540642424
5313,234.61718222591875
5314,260.7795002248174
5315,278.4322805419676
5316,288.1260068578504
5317,194.15112074501462
5318,184.26321036996075
5319,264.89246763296467
5320,243.62606464392042
5321,217.87783568561986
5322,222.83361330266592
5323,184.88742838621044
5324,149.72238695776744
5325,119.20778424008141
5326,-35.13131141605692
5327,-49.80409035125578
5328,-54.62692747343175
5329,-47.58561523356809
5330,-7.641265387522168
5331,5.533743736386356
5332,54.24201662074634
5333,89.03832466976917
5334,116.2356729501226
5335,164.04154314026113
5336,203.93954630386992
5337,212.09518366850168
5338,237.95712372525577
5339,256.290650407146
5340,270.3388370518834
5341,271.144674641033
5342,263.08462841321204
5343,248.1975238755269
5344,226.6931122023165
5345,200.8657241057554
5346,178.4703917953272
5347,150.483936087061
5348,124.48755678722597
5349,103.225752469054
5350,41.24509469388559
5351,9.192058767326387
5352,-17.55549471154447
5353,-51.25296959310839
5354,-54.18493429070861
5355,-25.0597866097159
5356,-8.244261160127166
5357,28.388542902340077
5358,67.2262904200252
5359,105.29677203189213
5360,151.10309070479093
5361,195.68169549961954
5362,234.13387085739322
5363,270.29785185876955
5364,340.3723483164586
5365,352.10857448160823
5366,354.6744109306719
5367,336.7981719786628
5368,295.05262141699245
5369,129.26492437651473
5370,201.9044991935578
5371,148.41317758475753
5372,88.60516937984056
5373,35.59514013930769
5374,21.15929749019216
5375,-15.402641008960643
5376,-44.57432556660277
5377,-72.21301726692553
5378,-74.37973630157904
5379,-51.53614429994511
5380,-30.54407812154176
5381,7.928188819733293
5382,70.05043443264405
5383,107.67103150458105
5384,157.90041377129023
5385,177.10912359085722
5386,263.30449957802654
5387,297.2806728687284
5388,328.8403868737273
5389,341.41562941227915
5390,338.2462762469513
5391,320.4643491563047
5392,289.3820972025541
5393,250.64378216609262
5394,197.27229564435947
5395,149.5620431004528
5396,72.52974402134714
5397,19.94518932844602
5398,-48.59977008261674
5399,-63.32429989764816
5400,-66.9430034146601
5401,-60.14998808979513
5402,-47.10494569954929
5403,-19.569028477985285
5404,18.259894167766504
5405,68.69598428263626
5406,104.83639685645542
5407,153.65634041092034
5408,199.67504016638762
5409,241.35195495896306
5410,276.11085099356916
5411,302.31606779904223
5412,327.6391921824503
5413,341.6732462803493
5414,335.0882025033253
5415,316.17542061123277
5416,278.134278947382
5417,203.78648344330622
5418,221.31251947853184
5419,147.9193409316644
5420,122.05319582618156
5421,105.3868575039847
5422,
5423,
5424,
5425,
5426,
5427,
5428,
5429,
5430,
5431,
5432,
5433,
5434,
5435,
5436,
5437,
5438,
5439,
5440,
5441,
5442,
5443,
5444,
5445,
5446,
5447,
5448,
5449,
5450,
5451,
5452,
5453,
5454,
5455,
5456,
5457,
5458,
5459,
5460,
5461,
5462,
5463,
5464,
5465,
5466,
5467,
5468,
5469,
5470,
5471,
5472,
5473,
5474,
5475,
5476,
5477,
5478,
5479,
5480,
5481,
5482,
5483,
5484,
5485,
5486,
5487,
5488,
5489,
5490,
5491,
5492,
5493,
5494,
5495,
5496,
5497,
5498,
5499,
5500,
5501,
5502,
5503,
5504,
5505,
5506,
5507,
5508,
5509,
5510,
5511,
5512,
5513,
5514,
5515,
5516,
5517,
5518,
5519,
5520,
5521,
5522,
5523,
5524,
5525,
5526,
5527,
5528,
5529,
5530,
5531,
5532,
5533,
5534,
5535,
5536,
5537,
5538,
5539,
5540,
5541,
5542,
5543,
5544,
5545,
5546,
5547,
5548,
5549,
5550,
5551,
5552,
5553,
5554,
5555,
5556,
5557,
5558,
5559,
5560,
5561,
5562,
5563,
5564,
5565,
5566,
5567,
5568,
5569,
5570,
5571,
5572,
5573,
5574,
5575,
5576,
5577,
5578,
5579,
5580,
5581,
5582,
5583,
5584,
5585,
5586,
5587,
5588,
5589,
5590,
5591,
5592,
5593,
5594,
5595,
5596,
5597,
5598,
5599,
5600,
5601,
5602,
5603,
5604,
5605,
5606,
5607,
5608,
5609,
5610,
5611,
5612,
5613,
5614,
5615,
5616,
5617,
5618,
5619,
5620,
5621,
5622,
5623,
5624,
5625,
5626,
5627,
5628,
5629,
5630,
5631,
5632,
5633,
5634,
5635,
5636,
5637,
5638,
5639,
5640,
5641,
5642,
5643,
5644,
5645,
5646,
5647,
5648,
5649,
5650,
5651,
5652,
5653,
5654,
5655,
5656,
5657,
5658,
5659,
5660,
5661,
5662,
5663,
5664,
5665,
5666,
5667,
5668,
5669,
5670,
5671,
5672,
5673,
5674,
5675,
5676,
5677,
5678,
5679,
5680,
5681,
5682,
5683,
5684,
5685,
5686,
5687,
5688,
5689,
5690,
5691,
5692,
5693,
5694,
5695,
5696,
5697,
5698,
5699,
5700,
5701,
5702,
5703,
5704,
5705,
5706,
5707,
5708,
5709,
5710,
5711,
5712,
5713,
5714,
5715,
5716,
5717,
5718,
5719,
5720,
5721,
5722,
5723,
5724,
5725,
5726,
5727,
5728,
5729,
5730,
5731,
5732,107.6381655915298
5733,63.50741026036344
5734,43.51425143752607
5735,31.26823301996103
5736,20.465629273234725
5737,25.075955821274306
5738,38.87086779077174
5739,62.77838193484888
5740,97.2362192020611
5741,133.02215722309762
5742,187.0031377284355
5743,203.57393337310845
5744,236.93895261729523
5745,263.5061312426676
5746,277.8294232378346
5747,287.73280467493083
5748,292.2394633328363
5749,280.8397588234928
5750,264.4971491600446
5751,227.93207709968192
5752,191.83009619646398
5753,144.50678697501485
5754,95.08254343986584
5755,57.40996095227683
5756,75.76579096934555
5757,53.547999645956594
5758,32.766368342692374
5759,19.510539577818122
5760,13.681118138392407
5761,15.316971088472599
5762,23.609032361032092
5763,40.6571250115758
5764,70.41521141663767
5765,110.58320120801349
5766,137.06994507112665
5767,179.8426780201047
5768,214.34085433018402
5769,242.371209036478
5770,261.93389581310385
5771,283.0637031505334
5772,276.9803026415903
5773,266.07403100472976
5774,243.1809563321113
5775,211.52932245694262
5776,180.17707315534312
5777,133.25683482877844
5778,101.77915197376048
5779,57.893661924382315
5780,96.09575368497578
5781,68.60640850341858
5782,59.04815249442967
5783,41.8940840779741
5784,18.712819877347897
5785,29.396094246978635
5786,37.703620514146536
5787,60.97679901337014
5788,85.21711410343377
5789,119.90028067124648
5790,128.0678032735541
5791,189.05386279770386
5792,223.728452571106
5793,199.56877729548825
5794,272.29715671815217
5795,277.0870448282599
5796,281.51401307852046
5797,269.6705634685387
5798,248.08735193050632
5799,223.18706244330997
5800,186.03700343040043
5801,146.636680595323
5802,91.12359653883442
5803,6.426198864358838
5804,7.013255121397293
5805,16.166386598311306
5806,4.713378658972971
5807,35.16237208843873
5808,50.305937175623825
5809,63.23844031296086
5810,76.51669619149372
5811,89.54012015683077
5812,100.59186007738326
5813,107.45250286171498
5814,195.91251806024175
5815,196.08861624332567
5816,223.14963011832603
5817,283.48849980048516
5818,284.04475305412865
5819,278.98030627667976
5820,266.94804384763927
5821,250.89270913954394
5822,231.5009570395399
5823,210.39001448479755
5824,189.80517641774316
5825,170.01593393528347
5826,154.71705785075073
5827,44.19228932199914
5828,46.350679178218655
5829,56.53438943691046
5830,67.3632252951609
5831,33.46783425193729
5832,53.92601089018768
5833,80.23299052065923
5834,111.86079241320994
5835,140.08687167557244
5836,168.66631781108316
5837,198.94603789559108
5838,222.82914646585502
5839,237.63091456901634
5840,256.34205690770324
5841,264.2820246742852
5842,259.9452293676891
5843,248.31396075677793
5844,235.46435369863065
5845,224.1094456764268
5846,203.84264209352918
5847,187.94138465206885
5848,155.99339924699052
5849,140.5232578076349
5850,119.2615099218247
5851,10.035060411821831
5852,10.81960201043131
5853,12.448994112036871
5854,25.25588334453562
5855,40.048156679959874
5856,49.92166257916688
5857,80.25285195179718
5858,119.32020310444926
5859,143.53002365197537
5860,189.48087585735638
5861,217.14047318631535
5862,220.89459215311447
5863,242.1852301653536
5864,257.37113223393476
5865,265.06309557013793
5866,261.1251898237464
5867,255.8536511234335
5868,190.85295251307826
5869,179.8002918159917
5870,166.90722380554877
5871,181.88649078892357
5872,167.43943418756191
5873,135.65939902108911
5874,132.71643285233137
5875,
5876,
5877,
5878,
5879,
5880,
5881,
5882,
5883,
5884,
5885,
5886,
5887,
5888,
5889,
5890,
5891,
5892,
5893,
5894,
5895,
5896,
5897,
5898,
5899,
5900,
5901,
5902,
5903,
5904,
5905,
5906,
5907,
5908,
5909,
5910,
5911,
5912,
5913,
5914,
5915,
5916,
5917,
5918,
5919,
5920,
5921,
5922,
5923,
5924,
5925,
5926,
5927,
5928,
5929,
5930,
5931,
5932,
5933,
5934,
5935,
5936,
5937,
5938,
5939,
5940,
5941,
5942,
5943,
5944,
5945,
5946,
5947,
5948,
5949,
5950,
5951,
5952,
5953,
5954,
5955,
5956,
5957,
5958,
5959,
5960,
5961,
5962,
5963,
5964,
5965,
5966,
5967,
5968,
5969,
5970,
5971,
5972,
5973,
5974,
5975,
5976,
5977,
5978,
5979,
5980,
5981,
5982,
5983,
5984,
5985,
5986,
5987,
5988,
5989,
5990,
5991,
5992,
5993,
5994,
5995,
5996,
5997,
5998,
5999,
6000,
6001,
6002,
6003,
6004,
6005,
6006,
6007,
6008,
6009,
6010,
6011,
6012,
6013,
6014,
6015,
6016,
6017,
6018,
6019,
6020,
6021,
6022,
6023,
6024,
6025,
6026,
6027,
6028,
6029,
6030,
6031,
6032,
6033,
6034,
6035,
6036,
6037,
6038,
6039,
6040,
6041,
6042,
6043,
6044,
6045,
6046,
6047,
6048,
6049,
6050,
6051,
6052,
6053,
6054,
6055,
6056,
6057,
6058,
6059,
6060,
6061,
6062,
6063,
6064,
6065,
6066,
6067,
6068,
6069,
6070,
6071,
6072,
6073,
6074,
6075,
6076,
6077,
6078,
6079,
6080,
6081,
6082,
6083,
6084,
6085,
6086,
6087,
6088,
6089,
6090,
6091,
6092,
6093,
6094,
6095,
6096,
6097,
6098,
6099,
6100,
6101,
6102,
6103,
6104,
6105,
6106,
6107,
6108,
6109,
6110,
6111,
6112,
6113,
6114,
6115,
6116,
6117,
6118,
6119,
6120,
6121,
6122,
6123,
6124,
6125,
6126,
6127,
6128,
6129,
6130,
6131,
6132,
6133,
6134,
6135,
6136,
6137,
6138,
6139,
6140,
6141,
6142,
6143,
6144,
6145,
6146,
6147,
6148,
6149,
6150,
6151,
6152,
6153,
6154,
6155,
6156,
6157,
6158,
6159,
6160,
6161,
6162,
6163,
6164,
6165,
6166,
6167,
6168,
6169,
6170,
6171,
6172,
6173,
6174,
6175,
6176,
6177,
6178,
6179,
6180,
6181,
6182,
6183,
6184,
6185,
6186,38.639930131282654
6187,41.30675417788524
6188,50.3720024529548
6189,59.20830702481109
6190,61.52228309240134
6191,79.32315395511907
6192,111.1953906332156
6193,120.5618935821895
6194,151.30530201154411
6195,168.64426426929677
6196,180.68885179264893
6197,198.7736619960876
6198,203.66367473345704
6199,213.8782178661172
6200,287.70698864823265
6201,234.33427089111163
6202,284.0406055482625
6203,272.49883053607005
6204,205.81883276048802
6205,180.56369556328832
6206,180.46096844291034
6207,162.44113408652265
6208,153.4624764645191
6209,147.49608918714523
6210,40.503553973020956
6211,36.905512531906766
6212,36.52534069908515
6213,42.61291963029541
6214,47.34569609746907
6215,67.80387273571944
6216,94.69926969034057
6217,120.79463172626754
6218,143.22069917105654
6219,178.28106406757183
6220,201.31924543563346
6221,232.2288363834
6222,270.5972100086992
6223,284.66193932237604
6224,293.0620090138882
6225,292.90476748441756
6226,287.3155296922937
6227,275.8379125004617
6228,259.1300024063546
6229,238.60426912420135
6230,205.62174479955024
6231,183.50606756177658
6232,170.58363391540814
6233,154.69716450223171
6234,37.11430596621486
6235,49.80941715214263
6236,51.24317397541353
6237,68.34651273704733
6238,57.209547650410656
6239,99.66483346396787
6240,114.56752763245157
6241,130.3676759983376
6242,157.01416651384665
6243,171.8995814347729
6244,133.91770924150305
6245,139.2155306050941
6246,141.03967579767328
6247,131.8912490110623
6248,132.99256671665083
6249,140.15206472132977
6250,133.9665011800643
6251,127.0408442537232
6252,110.45413623793708
6253,183.8397722267134
6254,177.02773030975789
6255,167.07419929836306
6256,162.58970067639456
6257,155.46299939583145
6258,43.437803901179166
6259,44.833542471824046
6260,46.34645843335554
6261,50.97441392691323
6262,60.467654048957314
6263,78.1102066351538
6264,103.24692435943477
6265,124.67627544627373
6266,155.12751311731432
6267,175.26027384702186
6268,207.9710728040068
6269,234.66518764165824
6270,273.46404341220534
6271,287.9250996865695
6272,295.8800687710515
6273,297.56491477903916
6274,291.5001908879672
6275,280.1814232420408
6276,262.7906968243608
6277,242.5509216357088
6278,222.4468517155199
6279,200.9667169742234
6280,170.17944414400003
6281,154.72171851356177
6282,125.53222575484021
6283,90.72923276765214
6284,58.00002237347158
6285,45.65984362049673
6286,49.299319781744714
6287,42.57823974856842
6288,67.86084524567008
6289,91.0548646066331
6290,118.3749362621529
6291,143.2528230569065
6292,180.98099437975466
6293,227.54160371562446
6294,257.8010450932348
6295,297.4684783962101
6296,318.94536107497373
6297,326.5552522972778
6298,326.4244345135237
6299,317.17814216661276
6300,295.33396959919185
6301,263.54022573777644
6302,226.89860091524997
6303,187.7607525590671
6304,143.2425279341774
6305,78.386112822378
6306,103.96388078825738
6307,81.92408779544309
6308,61.20458298240655
6309,47.203518436108425
6310,35.28290967543495
6311,29.66927264024477
6312,27.544255447865226
6313,54.179975871382055
6314,80.38041229171198
6315,105.90136758197617
6316,133.89202921817252
6317,154.7615224218787
6318,190.89508223081754
6319,265.718720815033
6320,232.36657483687208
6321,232.77478616912805
6322,233.70660495655292
6323,223.96272201599382
6324,202.6438041399562
6325,184.7560213605092
6326,156.80728510180026
6327,60.60959326134224
6328,40.27884128898978
6329,50.242877678479374
6330,
6331,
6332,
6333,
6334,
6335,
6336,
6337,
6338,
6339,
6340,
6341,
6342,
6343,
6344,
6345,
6346,
6347,
6348,
6349,
6350,
6351,
6352,
6353,
6354,
6355,
6356,
6357,
6358,
6359,
6360,
6361,
6362,
6363,
6364,
6365,
6366,
6367,
6368,
6369,
6370,
6371,
6372,
6373,
6374,
6375,
6376,
6377,
6378,
6379,
6380,
6381,
6382,
6383,
6384,
6385,
6386,
6387,
6388,
6389,
6390,
6391,
6392,
6393,
6394,
6395,
6396,
6397,
6398,
6399,
6400,
6401,
6402,
6403,
6404,
6405,
6406,
6407,
6408,
6409,
6410,
6411,
6412,
6413,
6414,
6415,
6416,
6417,
6418,
6419,
6420,
6421,
6422,
6423,
6424,
6425,
6426,
6427,
6428,
6429,
6430,
6431,
6432,
6433,
6434,
6435,
6436,
6437,
6438,
6439,
6440,
6441,
6442,
6443,
6444,
6445,
6446,
6447,
6448,
6449,
6450,
6451,
6452,
6453,
6454,
6455,
6456,
6457,
6458,
6459,
6460,
6461,
6462,
6463,
6464,
6465,
6466,
6467,
6468,
6469,
6470,
6471,
6472,
6473,
6474,
6475,
6476,
6477,
6478,
6479,
6480,
6481,
6482,
6483,
6484,
6485,
6486,
6487,
6488,
6489,
6490,
6491,
6492,
6493,
6494,
6495,
6496,
6497,
6498,
6499,
6500,
6501,
6502,
6503,
6504,
6505,
6506,
6507,
6508,
6509,
6510,
6511,
6512,
6513,
6514,
6515,
6516,
6517,
6518,
6519,
6520,
6521,
6522,
6523,
6524,
6525,
6526,
6527,
6528,
6529,
6530,
6531,
6532,
6533,
6534,
6535,
6536,
6537,
6538,
6539,
6540,
6541,
6542,
6543,
6544,
6545,
6546,
6547,
6548,
6549,
6550,
6551,
6552,
6553,
6554,
6555,
6556,
6557,
6558,
6559,
6560,
6561,
6562,
6563,
6564,
6565,
6566,
6567,
6568,
6569,
6570,
6571,
6572,
6573,
6574,
6575,
6576,
6577,
6578,
6579,
6580,
6581,
6582,
6583,
6584,
6585,
6586,
6587,
6588,
6589,
6590,
6591,
6592,
6593,
6594,
6595,
6596,
6597,
6598,
6599,
6600,
6601,
6602,
6603,
6604,
6605,
6606,
6607,
6608,
6609,
6610,
6611,
6612,
6613,
6614,
6615,
6616,
6617,
6618,
6619,
6620,
6621,
6622,
6623,
6624,
6625,
6626,
6627,
6628,
6629,
6630,
6631,
6632,
6633,
6634,
6635,
6636,
6637,
6638,
6639,
6640,
6641,63.584539950244505
6642,57.86603443813274
6643,58.979041322032884
6644,66.33770548769911
6645,81.21087632389364
6646,98.84835706342287
6647,123.6467738031549
6648,151.93939494193253
6649,181.15855261407384
6650,214.85330230923046
6651,245.8232587167511
6652,257.4050601412689
6653,264.0778309682373
6654,316.0437315763181
6655,319.844661345411
6656,318.5291173934194
6657,308.5716220557309
6658,301.207369490531
6659,284.1675832237204
6660,275.18425068446425
6661,258.8684265411582
6662,242.57147978828246
6663,197.3414342635599
6664,184.8782553956484
6665,70.06026373944114
6666,62.778501993057645
6667,64.0115671339759
6668,71.9274391363679
6669,83.78661637575205
6670,105.51790982009305
6671,129.83707076823453
6672,158.0505327687516
6673,187.26848334776753
6674,217.95300913875627
6675,248.06562253515733
6676,274.6717898229625
6677,272.09059324759016
6678,269.72059133811354
6679,269.71643025798903
6680,324.1781804899474
6681,318.6032681919826
6682,305.60020001573486
6683,293.5231708423568
6684,236.96897165619617
6685,211.3515257457398
6686,220.7531298713301
6687,200.60823463393686
6688,183.9665470818813
6689,62.18575450402349
6690,67.9861332878644
6691,73.83639003365832
6692,83.94849268553637
6693,98.45106993219557
6694,116.09362251839205
6695,135.8096748394704
6696,157.17433683656452
6697,178.57348154329227
6698,198.7094806962581
6699,215.9519645583078
6700,232.76636486802815
6701,243.9134650046302
6702,251.6909077547521
6703,254.86104703536557
6704,157.90191950817635
6705,153.02660219911638
6706,146.70407118870332
6707,140.65408450262544
6708,212.60507286547445
6709,232.94326161794197
6710,187.8732767454814
6711,178.8946191234779
6712,173.00739098436463
6713,153.7039804620796
6714,126.694011100898
6715,106.75419022146902
6716,93.07029349759765
6717,85.75677544516417
6718,88.18581358600338
6719,98.24619156481481
6720,112.79606570110649
6721,135.49882175646235
6722,161.9804381514511
6723,192.01240472038438
6724,219.43183190537826
6725,288.02802733172064
6726,333.56281611116844
6727,353.84276736355093
6728,358.5529650660137
6729,357.48010877481113
6730,347.01690641484777
6731,330.97404906967563
6732,282.2364355865012
6733,244.52445661580506
6734,202.05095914932454
6735,157.90850945438967
6736,113.88257128153735
6737,134.89834728876815
6738,101.98780543462406
6739,92.42409853290776
6740,77.57866096325724
6741,70.42399245672932
6742,71.50263757008369
6743,81.00837031168649
6744,64.64131129512886
6745,120.05634572458241
6746,145.1809740541592
6747,172.18515280150734
6748,200.44692119671734
6749,223.73998026431653
6750,245.18627033033403
6751,260.7131327771578
6752,326.093218454163
6753,324.7169885653084
6754,315.2414761873186
6755,294.5630258003566
6756,264.8026358443558
6757,225.19820525761227
6758,184.34673341795886
6759,139.9259071894847
6760,96.48469338937817
6761,60.614586810739866
6762,54.593914794101494
6763,56.69932426403935
6764,64.72730349612708
6765,77.72370034091868
6766,98.18187697916906
6767,125.25112503909746
6768,153.78175486204125
6769,183.08060294182744
6770,216.1951924550358
6771,244.36861240218303
6772,270.46687676898944
6773,308.96857112369383
6774,317.9448041744949
6775,272.3602177494315
6776,326.6006989776335
6777,316.62940941517024
6778,309.8198020871789
6779,293.4143514652218
6780,272.95748860749313
6781,256.8317237390181
6782,235.8829755333272
6783,184.59636211721167
6784,177.91474169421403
6785,
6786,
6787,
6788,
6789,
6790,
6791,
6792,
6793,
6794,
6795,
6796,
6797,
6798,
6799,
6800,
6801,
6802,
6803,
6804,
6805,
6806,
6807,
6808,
6809,
6810,
6811,
6812,
6813,
6814,
6815,
6816,
6817,
6818,
6819,
6820,
6821,
6822,
6823,
6824,
6825,
6826,
6827,
6828,
6829,
6830,
6831,
6832,
6833,
6834,
6835,
6836,
6837,
6838,
6839,
6840,
6841,
6842,
6843,
6844,
6845,
6846,
6847,
6848,
6849,
6850,
6851,
6852,
6853,
6854,
6855,
6856,
6857,
6858,
6859,
6860,
6861,
6862,
6863,
6864,
6865,
6866,
6867,
6868,
6869,
6870,
6871,
6872,
6873,
6874,
6875,
6876,
6877,
6878,
6879,
6880,
6881,
6882,
6883,
6884,
6885,
6886,
6887,
6888,
6889,
6890,
6891,
6892,
6893,
6894,
6895,
6896,
6897,
6898,
6899,
6900,
6901,
6902,
6903,
6904,
6905,
6906,
6907,
6908,
6909,
6910,
6911,
6912,
6913,
6914,
6915,
6916,
6917,
6918,
6919,
6920,
6921,
6922,
6923,
6924,
6925,
6926,
6927,
6928,
6929,
6930,
6931,
6932,
6933,
6934,
6935,
6936,
6937,
6938,
6939,
6940,
6941,
6942,
6943,
6944,
6945,
6946,
6947,
6948,
6949,
6950,
6951,
6952,
6953,
6954,
6955,
6956,
6957,
6958,
6959,
6960,
6961,
6962,
6963,
6964,
6965,
6966,
6967,
6968,
6969,
6970,
6971,
6972,
6973,
6974,
6975,
6976,
6977,
6978,
6979,
6980,
6981,
6982,
6983,
6984,
6985,
6986,
6987,
6988,
6989,
6990,
6991,
6992,
6993,
6994,
6995,
6996,
6997,
6998,
6999,
7000,
7001,
7002,
7003,
7004,
7005,
7006,
7007,
7008,
7009,
7010,
7011,
7012,
7013,
7014,
7015,
7016,
7017,
7018,
7019,
7020,
7021,
7022,
7023,
7024,
7025,
7026,
7027,
7028,
7029,
7030,
7031,
7032,
7033,
7034,
7035,
7036,
7037,
7038,
7039,
7040,
7041,
7042,
7043,
7044,
7045,
7046,
7047,
7048,
7049,
7050,
7051,
7052,
7053,
7054,
7055,
7056,
7057,
7058,
7059,
7060,
7061,
7062,
7063,
7064,
7065,
7066,
7067,
7068,
7069,
7070,
7071,
7072,
7073,
7074,
7075,
7076,
7077,
7078,
7079,
7080,
7081,
7082,
7083,
7084,
7085,
7086,
7087,
7088,
7089,
7090,
7091,
7092,
7093,
7094,
7095,174.7026953625595
7096,138.19536372513994
7097,109.51098058237193
7098,86.8803854291779
7099,81.71797318846717
7100,89.65053361859681
7101,101.20146477219745
7102,135.74688764524115
7103,166.13942757526672
7104,221.43680543258705
7105,265.4882962252953
7106,309.1620690287532
7107,349.3162115308959
7108,397.9011053282889
7109,361.9477389363053
7110,369.45941347398264
7111,368.1886222256371
7112,361.4804024627466
7113,341.5647966109872
7114,318.6347055706557
7115,261.1621377117567
7116,224.21465990885017
7117,183.87595107734015
7118,145.29994318335144
7119,166.1393786733699
7120,136.29580208387165
7121,113.47384704160031
7122,98.86879494575112
7123,94.69487120333133
7124,81.7103158670119
7125,100.68508711794317
7126,128.76058754718716
7127,164.94129661921144
7128,207.6993369182929
7129,251.59197816509555
7130,312.10094126511547
7131,344.4619732657056
7132,369.7046520928351
7133,386.74305581651896
7134,397.6904538945967
7135,396.47952352274734
7136,382.2856385138293
7137,357.3830357927023
7138,323.1415506547396
7139,290.24521989921254
7140,247.96258217498684
7141,191.26014378993304
7142,142.63211573334152
7143,186.41014805086783
7144,148.69470934394224
7145,125.73436520202884
7146,91.26542933798444
7147,84.93803092390516
7148,92.23504861605598
7149,109.26662117553654
7150,137.3415903353962
7151,169.22311896360492
7152,229.34779673186492
7153,272.2811882217712
7154,309.1625095274105
7155,348.3585816865656
7156,376.1008141596409
7157,397.8823826092359
7158,405.5639424100068
7159,404.2414637570625
7160,390.54045267202684
7161,366.2889252761629
7162,330.80276259118006
7163,287.8374103072246
7164,249.17611616797936
7165,200.39337652239695
7166,148.49950922249192
7167,90.92583808876742
7168,87.82819075920078
7169,71.46942543186424
7170,79.503110872043
7171,108.65148263198313
7172,146.58165089678187
7173,176.49697619071256
7174,210.13156317881908
7175,245.5130898504015
7176,283.3051115299504
7177,316.7180552419826
7178,347.26364655147074
7179,371.24402734318335
7180,383.2945520464906
7181,388.00396932608373
7182,384.7927363057641
7183,373.4756207700494
7184,364.078952544564
7185,344.51349155480204
7186,331.0275084814256
7187,305.5671023312736
7188,261.44457878774256
7189,236.07857188447156
7190,215.29525155050828
7191,89.96006170550608
7192,81.66248670710897
7193,96.31798321822664
7194,106.99420700804689
7195,123.19245642620781
7196,144.06134407582402
7197,168.0842355255756
7198,193.85436122261837
7199,178.13514109259452
7200,194.47594907133873
7201,207.9501368170037
7202,218.80852138281924
7203,224.99859693509603
7204,227.1366587964614
7205,225.6911219340745
7206,221.76173956954324
7207,309.3793760121253
7208,298.2722280686496
7209,282.7579376226161
7210,266.764552949614
7211,249.1396923521599
7212,231.71414380981284
7213,217.8583946461209
7214,206.42324026095764
7215,57.120509335487526
7216,63.50484270261481
7217,94.28524718868836
7218,104.80262143260308
7219,121.44635431391188
7220,124.49666329425332
7221,164.76423328827065
7222,191.16869463016693
7223,218.36573924909854
7224,246.06800088446028
7225,296.21766061641733
7226,328.29456339016804
7227,352.85168984808763
7228,370.93682585374563
7229,381.25817393849104
7230,405.5345821602165
7231,394.61432485457334
7232,385.932330826111
7233,366.44602897460965
7234,319.7381938196379
7235,293.44561878096874
7236,265.12216272782064
7237,240.81920757292482
7238,219.07781592996724
7239,
7240,
7241,
7242,
7243,
7244,
7245,
7246,
7247,
7248,
7249,
7250,
7251,
7252,
7253,
7254,
7255,
7256,
7257,
7258,
7259,
7260,
7261,
7262,
7263,
7264,
7265,
7266,
7267,
7268,
7269,
7270,
7271,
7272,
7273,
7274,
7275,
7276,
7277,
7278,
7279,
7280,
7281,
7282,
7283,
7284,
7285,
7286,
7287,
7288,
7289,
7290,
7291,
7292,
7293,
7294,
7295,
7296,
7297,
7298,
7299,
7300,
7301,
7302,
7303,
7304,
7305,
7306,
7307,
7308,
7309,
7310,
7311,
7312,
7313,
7314,
7315,
7316,
7317,
7318,
7319,
7320,
7321,
7322,
7323,
7324,
7325,
7326,
7327,
7328,
7329,
7330,
7331,
7332,
7333,
7334,
7335,
7336,
7337,
7338,
7339,
7340,
7341,
7342,
7343,
7344,
7345,
7346,
7347,
7348,
7349,
7350,
7351,
7352,
7353,
7354,
7355,
7356,
7357,
7358,
7359,
7360,
7361,
7362,
7363,
7364,
7365,
7366,
7367,
7368,
7369,
7370,
7371,
7372,
7373,
7374,
7375,
7376,
7377,
7378,
7379,
7380,
7381,
7382,
7383,
7384,
7385,
7386,
7387,
7388,
7389,
7390,
7391,
7392,
7393,
7394,
7395,
7396,
7397,
7398,
7399,
7400,
7401,
7402,
7403,
7404,
7405,
7406,
7407,
7408,
7409,
7410,
7411,
7412,
7413,
7414,
7415,
7416,
7417,
7418,
7419,
7420,
7421,
7422,
7423,
7424,
7425,
7426,
7427,
7428,
7429,
7430,
7431,
7432,
7433,
7434,
7435,
7436,
7437,
7438,
7439,
7440,
7441,
7442,
7443,
7444,
7445,
7446,
7447,
7448,
7449,
7450,
7451,
7452,
7453,
7454,
7455,
7456,
7457,
7458,
7459,
7460,
7461,
7462,
7463,
7464,
7465,
7466,
7467,
7468,
7469,
7470,
7471,
7472,
7473,
7474,
7475,
7476,
7477,
7478,
7479,
7480,
7481,
7482,
7483,
7484,
7485,
7486,
7487,
7488,
7489,
7490,
7491,
7492,
7493,
7494,
7495,
7496,
7497,
7498,
7499,
7500,
7501,
7502,
7503,
7504,
7505,
7506,
7507,
7508,
7509,
7510,
7511,
7512,
7513,
7514,
7515,
7516,
7517,
7518,
7519,
7520,
7521,
7522,
7523,
7524,
7525,
7526,
7527,
7528,
7529,
7530,
7531,
7532,
7533,
7534,
7535,
7536,
7537,
7538,
7539,
7540,
7541,
7542,
7543,
7544,
7545,
7546,
7547,
7548,
7549,
7550,
7551,143.73918635990967
7552,136.79014190817026
7553,125.55814409929243
7554,134.04717835138416
7555,147.49286412153316
7556,167.6632583059353
7557,162.66824407593742
7558,181.3520923547754
7559,201.13204648991135
7560,218.21994548772935
7561,232.31293629096348
7562,315.62123866575286
7563,331.1972198892877
7564,350.0483324793247
7565,354.98394662165344
7566,353.53034988804967
7567,260.3052161659872
7568,237.06716669889582
7569,313.27038915854337
7570,217.63880147375568
7571,279.4920872490563
7572,262.8621380837189
7573,249.00638892002695
7574,238.12641104145666
7575,112.15794559152563
7576,84.59141587840237
7577,115.92699687106882
7578,108.07355684537316
7579,121.32541766621094
7580,140.3451860489535
7581,159.3654034876964
7582,178.12841090479498
7583,240.23706317345238
7584,266.4871734488189
7585,322.3231838069149
7586,347.45173209927964
7587,378.0284962208665
7588,260.01337827370907
7589,351.4107082064119
7590,352.4890542615883
7591,401.4846345974316
7592,387.561862601902
7593,368.8543918017775
7594,343.78361025500794
7595,213.69964249184738
7596,207.26136011647407
7597,259.4169569240563
7598,191.02700410722878
7599,116.04256252719219
7600,115.76314084639814
7601,103.61981501074256
7602,112.01982477580857
7603,127.07786294008784
7604,150.0644124459282
7605,179.0108187684279
7606,213.53581373422938
7607,249.46234410770234
7608,278.2003923676996
7609,328.87652225949864
7610,361.1260678379229
7611,385.740784274489
7612,398.33269125961436
7613,408.3620456445354
7614,358.81873720338126
7615,403.01363364149336
7616,394.76453705123254
7617,375.4370847456367
7618,351.2722427978397
7619,322.9783754989055
7620,295.1045565643686
7621,270.67623122438664
7622,248.96604931035455
7623,124.46457379474977
7624,110.52921804485706
7625,116.79436014497466
7626,131.62477690369457
7627,154.82121297019052
7628,159.8275152892476
7629,188.0262993232892
7630,221.43841021451397
7631,259.19669045039217
7632,295.5353423139918
7633,328.8218256229528
7634,359.3415669860976
7635,407.0929065308118
7636,419.44439064552034
7637,424.12206692680377
7638,426.11987087524165
7639,414.70859488336623
7640,400.7858228878366
7641,381.96680477262385
7642,363.15967750079426
7643,346.5290919897727
7644,297.01339093383604
7645,271.8962136639581
7646,250.65069786565374
7647,117.55278132019608
7648,109.27194600220867
7649,108.12892466363338
7650,114.98206269793606
7651,130.75477505923837
7652,153.58247501917316
7653,182.41680179119356
7654,215.22575908727384
7655,254.97034865461455
7656,291.65908875285953
7657,350.13443779433317
7658,374.4553308474231
7659,400.03775916229483
7660,412.6122506432695
7661,417.00396883105157
7662,418.4933385891064
7663,412.5920589773898
7664,398.3521191594334
7665,384.0903868639739
7666,365.0932003173133
7667,338.9343007019472
7668,317.2558255325331
7669,269.9685299396873
7670,246.7354873199731
7671,209.02684945520315
7672,171.57765491981465
7673,144.4706774129944
7674,128.4521150520993
7675,122.01917628403163
7676,127.436621835708
7677,145.42561755965826
7678,174.72369510692403
7679,213.91118588815854
7680,256.59192228662926
7681,298.49465117099464
7682,359.2157730088371
7683,385.922960401263
7684,412.13871088928016
7685,434.4137122113581
7686,444.8850929211036
7687,438.226468751806
7688,424.8426254891971
7689,399.9555553553544
7690,370.09632575943044
7691,333.0131871645008
7692,289.45531030885405
7693,241.05389630605885
7694,203.65869653735547
7695,
7696,
7697,
7698,
7699,
7700,
7701,
7702,
7703,
7704,
7705,
7706,
7707,
7708,
7709,
7710,
7711,
7712,
7713,
7714,
7715,
7716,
7717,
7718,
7719,
7720,
7721,
7722,
7723,
7724,
7725,
7726,
7727,
7728,
7729,
7730,
7731,
7732,
7733,
7734,
7735,
7736,
7737,
7738,
7739,
7740,
7741,
7742,
7743,
7744,
7745,
7746,
7747,
7748,
7749,
7750,
7751,
7752,
7753,
7754,
7755,
7756,
7757,
7758,
7759,
7760,
7761,
7762,
7763,
7764,
7765,
7766,
7767,
7768,
7769,
7770,
7771,
7772,
7773,
7774,
7775,
7776,
7777,
7778,
7779,
7780,
7781,
7782,
7783,
7784,
7785,
7786,
7787,
7788,
7789,
7790,
7791,
7792,
7793,
7794,
7795,
7796,
7797,
7798,
7799,
7800,
7801,
7802,
7803,
7804,
7805,
7806,
7807,
7808,
7809,
7810,
7811,
7812,
7813,
7814,
7815,
7816,
7817,
7818,
7819,
7820,
7821,
7822,
7823,
7824,
7825,
7826,
7827,
7828,
7829,
7830,
7831,
7832,
7833,
7834,
7835,
7836,
7837,
7838,
7839,
7840,
7841,
7842,
7843,
7844,
7845,
7846,
7847,
7848,
7849,
7850,
7851,
7852,
7853,
7854,
7855,
7856,
7857,
7858,
7859,
7860,
7861,
7862,
7863,
7864,
7865,
7866,
7867,
7868,
7869,
7870,
7871,
7872,
7873,
7874,
7875,
7876,
7877,
7878,
7879,
7880,
7881,
7882,
7883,
7884,
7885,
7886,
7887,
7888,
7889,
7890,
7891,
7892,
7893,
7894,
7895,
7896,
7897,
7898,
7899,
7900,
7901,
7902,
7903,
7904,
7905,
7906,
7907,
7908,
7909,
7910,
7911,
7912,
7913,
7914,
7915,
7916,
7917,
7918,
7919,
7920,
7921,
7922,
7923,
7924,
7925,
7926,
7927,
7928,
7929,
7930,
7931,
7932,
7933,
7934,
7935,
7936,
7937,
7938,
7939,
7940,
7941,
7942,
7943,
7944,
7945,
7946,
7947,
7948,
7949,
7950,
7951,
7952,
7953,
7954,
7955,
7956,
7957,
7958,
7959,
7960,
7961,
7962,
7963,
7964,
7965,
7966,
7967,
7968,
7969,
7970,
7971,
7972,
7973,
7974,
7975,
7976,
7977,
7978,
7979,
7980,
7981,
7982,
7983,
7984,
7985,
7986,
7987,
7988,
7989,
7990,
7991,
7992,
7993,
7994,
7995,
7996,
7997,
7998,
7999,
8000,
8001,
8002,
8003,
8004,
8005,
8006,
8007,170.9458590014489
8008,162.3532166096235
8009,173.69492543409928
8010,184.37114922391947
8011,204.96904200905345
8012,225.45660401588236
8013,215.5930936035864
8014,266.0898007964578
8015,301.3592202383445
8016,331.6578723717881
8017,360.7323850815729
8018,391.13651467008987
8019,372.84004686389574
8020,432.6995169742669
8021,443.6180712777508
8022,441.016000745689
8023,439.3398378133988
8024,425.7983914606565
8025,401.65890497073156
8026,382.36972375824
8027,353.4720547196367
8028,326.4567858893447
8029,289.1641164432047
8030,282.63636379165655
8031,154.3875990679812
8032,134.49561174008932
8033,132.9838240704633
8034,141.41383647132943
8035,157.42576460992314
8036,179.26836486661807
8037,209.08779134187844
8038,242.8494591983643
8039,292.1552823162615
8040,328.7798922733624
8041,363.95558829210927
8042,389.6567285952176
8043,409.5612007180912
8044,427.77226585743614
8045,437.73931765964653
8046,439.16573669046613
8047,432.94728925632273
8048,414.56071607345956
8049,399.7600156824325
8050,374.997967515897
8051,354.1584747024812
8052,326.3434251604997
8053,307.1073971088655
8054,292.6279341695611
8055,234.86569586457384
8056,197.25818401867085
8057,170.74536671620163
8058,153.54505082231182
8059,147.8100742500739
8060,154.94877366570347
8061,173.92233782350942
8062,202.15615652927463
8063,239.08327983062492
8064,297.2393490213445
8065,337.3140491778516
8066,374.54548639735276
8067,411.80374829286234
8068,438.60291077484334
8069,459.811914892911
8070,465.3596854580161
8071,412.3691014770688
8072,402.5143770496279
8073,382.8529882930599
8074,354.474672185896
8075,325.3950379894967
8076,293.1007448250137
8077,272.70853824231983
8078,230.32798469486607
8079,218.27388312175
8080,181.41696683985288
8081,154.24824569892277
8082,136.56109148747367
8083,131.87590370822056
8084,138.90196462477016
8085,156.34660382534778
8086,184.50126339285237
8087,222.45851899636597
8088,262.78354901088966
8089,305.5813975110075
8090,366.2492101569328
8091,403.1369940720918
8092,429.760451418624
8093,450.16126902803256
8094,456.86734201565855
8095,455.3535969947579
8096,446.52824664502754
8097,422.37208679844963
8098,387.9722833839658
8099,351.03072241914094
8100,304.2225398734718
8101,254.70891761984092
8102,189.31949765635935
8103,141.5821105299798
8104,132.75081130946367
8105,132.73673790213377
8106,158.17789915968757
8107,175.04946888646688
8108,171.88933064256764
8109,190.27400534333165
8110,209.2263962115202
8111,272.0492200530395
8112,298.45817987431155
8113,259.23573668042803
8114,342.0344254509255
8115,279.5926137428729
8116,370.9449827218408
8117,376.6749891480539
8118,387.1695430438858
8119,380.31929086702746
8120,369.3709924694573
8121,355.62416693420255
8122,332.36885355754725
8123,315.1397886513962
8124,298.27062370876735
8125,284.09649962952335
8126,230.5117021372636
8127,147.68325008432717
8128,146.690333620419
8129,151.2934518179648
8130,161.6525077853583
8131,177.6919076576137
8132,198.4966374868694
8133,222.04404283767295
8134,248.44850417956923
8135,275.6131596556665
8136,317.1724374361289
8137,350.98170810884847
8138,381.98722525078387
8139,407.29197303115484
8140,426.50970703335383
8141,441.8979555081511
8142,449.50766354853135
8143,444.24728742338243
8144,430.48283370437406
8145,410.8382135763514
8146,392.5394928156884
8147,361.5991206003942
8148,327.6637327760871
8149,305.7439828556425
8150,285.6106753081739
8151,
8152,
8153,
8154,
8155,
8156,
8157,
8158,
8159,
8160,
8161,
8162,
8163,
8164,
8165,
8166,
8167,
8168,
8169,
8170,
8171,
8172,
8173,
8174,
8175,
8176,
8177,
8178,
8179,
8180,
8181,
8182,
8183,
8184,
8185,
8186,
8187,
8188,
8189,
8190,
8191,
8192,
8193,
8194,
8195,
8196,
8197,
8198,
8199,
8200,
8201,
8202,
8203,
8204,
8205,
8206,
8207,
8208,
8209,
8210,
8211,
8212,
8213,
8214,
8215,
8216,
8217,
8218,
8219,
8220,
8221,
8222,
8223,
8224,
8225,
8226,
8227,
8228,
8229,
8230,
8231,
8232,
8233,
8234,
8235,
8236,
8237,
8238,
8239,
8240,
8241,
8242,
8243,
8244,
8245,
8246,
8247,
8248,
8249,
8250,
8251,
8252,
8253,
8254,
8255,
8256,
8257,
8258,
8259,
8260,
8261,
8262,
8263,
8264,
8265,
8266,
8267,
8268,
8269,
8270,
8271,
8272,
8273,
8274,
8275,
8276,
8277,
8278,
8279,
8280,
8281,
8282,
8283,
8284,
8285,
8286,
8287,
8288,
8289,
8290,
8291,
8292,
8293,
8294,
8295,
8296,
8297,
8298,
8299,
8300,
8301,
8302,
8303,
8304,
8305,
8306,
8307,
8308,
8309,
8310,
8311,
8312,
8313,
8314,
8315,
8316,
8317,
8318,
8319,
8320,
8321,
8322,
8323,
8324,
8325,
8326,
8327,
8328,
8329,
8330,
8331,
8332,
8333,
8334,
8335,
8336,
8337,
8338,
8339,
8340,
8341,
8342,
8343,
8344,
8345,
8346,
8347,
8348,
8349,
8350,
8351,
8352,
8353,
8354,
8355,
8356,
8357,
8358,
8359,
8360,
8361,
8362,
8363,
8364,
8365,
8366,
8367,
8368,
8369,
8370,
8371,
8372,
8373,
8374,
8375,
8376,
8377,
8378,
8379,
8380,
8381,
8382,
8383,
8384,
8385,
8386,
8387,
8388,
8389,
8390,
8391,
8392,
8393,
8394,
8395,
8396,
8397,
8398,
8399,
8400,
8401,
8402,
8403,
8404,
8405,
8406,
8407,
8408,
8409,
8410,
8411,
8412,
8413,
8414,
8415,
8416,
8417,
8418,
8419,
8420,
8421,
8422,
8423,
8424,
8425,
8426,
8427,
8428,
8429,
8430,
8431,
8432,
8433,
8434,
8435,
8436,
8437,
8438,
8439,
8440,
8441,
8442,
8443,
8444,
8445,
8446,
8447,
8448,
8449,
8450,
8451,
8452,
8453,
8454,
8455,
8456,
8457,
8458,
8459,
8460,
8461,
8462,
8463,210.98100309653955
8464,177.66323643899688
8465,152.97480852152404
8466,138.66798856898114
8467,114.41617776560238
8468,139.5992611372041
8469,150.72596184559168
8470,174.34341447503581
8471,221.41432749082065
8472,268.68555158570985
8473,299.4798491387925
8474,337.4078468655406
8475,371.881133431894
8476,399.91907414780746
8477,479.2361259363962
8478,490.8156811074839
8479,430.2922072925215
8480,319.68814792886934
8481,441.53237395226296
8482,407.5433168229315
8483,360.4880787873466
8484,297.4426234353542
8485,243.6239427021778
8486,180.13765334837043
8487,185.1648004592722
8488,156.64439649562797
8489,132.4961437668479
8490,118.18932381430504
8491,114.35493561119571
8492,106.15015491077342
8493,129.40055556145236
8494,168.73070925088604
8495,205.08459042272463
8496,248.23070380000982
8497,314.09766941062304
8498,363.75937286428035
8499,400.8812789996472
8500,436.0326414933232
8501,461.2888523748983
8502,475.931420332394
8503,469.5009572114131
8504,463.9575607945016
8505,292.3678984677766
8506,392.051684288591
8507,340.1837639241526
8508,286.94512293602946
8509,233.36445088701916
8510,180.17777762229738
8511,93.60393655354586
8512,118.18085031682952
8513,104.59189221590212
8514,105.8929944405012
8515,123.20373652052503
8516,143.3768251313285
8517,182.20885049052575
8518,227.33589565128867
8519,269.40788021731686
8520,312.2222253129104
8521,363.1829734684354
8522,400.9967401312315
8523,424.5453702716881
8524,446.4028193430247
8525,458.57637355689263
8526,460.8510340283727
8527,302.7944358996555
8528,292.3754562963471
8529,418.4207142454426
8530,394.99076179033773
8531,358.64813526587807
8532,320.08201932674467
8533,284.9266619897493
8534,263.42330476020254
8535,123.85285653302168
8536,103.03972299138015
8537,101.5203163776302
8538,109.35411616378458
8539,127.09413329593085
8540,145.94892206252524
8541,185.98767130562018
8542,227.07586656539686
8543,267.860330023854
8544,302.3218593756969
8545,332.4439393031399
8546,357.93841355323485
8547,374.8976785814452
8548,433.9636640298051
8549,446.5913112754899
8550,448.01628679554943
8551,441.13688872107696
8552,424.5309532376836
8553,401.95687907003605
8554,373.68283078545267
8555,336.3414864254613
8556,318.68162971639873
8557,288.8517740050194
8558,262.56276090885115
8559,125.38380084392423
8560,114.1003369130191
8561,106.6566897961178
8562,114.45807276022143
8563,131.00218599169023
8564,156.99259446406853
8565,190.00783123107524
8566,228.98836163149105
8567,276.4124667419685
8568,324.4313948251275
8569,367.7640694396516
8570,402.2740684461782
8571,432.88776679081366
8572,442.6757894857492
8573,466.94950775290204
8574,314.2696446396609
8575,445.3016595111462
8576,429.0596341663894
8577,358.5277203044502
8578,337.1814273898509
8579,341.2412668597478
8580,314.80195527376554
8581,286.00376548935293
8582,260.56107164938464
8583,124.12110844110721
8584,113.15481233262884
8585,111.20559939737211
8586,118.53149626252772
8587,135.76307920429093
8588,177.28414016843658
8589,195.27662736467474
8590,229.91510437676396
8591,276.8471874795832
8592,304.5191675753223
8593,358.2574676933844
8594,399.6685832324676
8595,430.82643626078965
8596,445.7080592763311
8597,457.945299258518
8598,459.6815229038148
8599,452.54790773415084
8600,437.27998601693076
8601,415.3933796275642
8602,381.3485500259164
8603,360.1013138365265
8604,215.85160261146444
8605,205.62639159191636
8606,198.84867536626595
8607,
8608,
8609,
8610,
8611,
8612,
8613,
8614,
8615,
8616,
8617,
8618,
8619,
8620,
8621,
8622,
8623,
8624,
8625,
8626,
8627,
8628,
8629,
8630,
8631,
8632,
8633,
8634,
8635,
8636,
8637,
8638,
8639,
8640,
8641,
8642,
8643,
8644,
8645,
8646,
8647,
8648,
8649,
8650,
8651,
8652,
8653,
8654,
8655,
8656,
8657,
8658,
8659,
8660,
8661,
8662,
8663,
8664,
8665,
8666,
8667,
8668,
8669,
8670,
8671,
8672,
8673,
8674,
8675,
8676,
8677,
8678,
8679,
8680,
8681,
8682,
8683,
8684,
8685,
8686,
8687,
8688,
8689,
8690,
8691,
8692,
8693,
8694,
8695,
8696,
8697,
8698,
8699,
8700,
8701,
8702,
8703,
8704,
8705,
8706,
8707,
8708,
8709,
8710,
8711,
8712,
8713,
8714,
8715,
8716,
8717,
8718,
8719,
8720,
8721,
8722,
8723,
8724,
8725,
8726,
8727,
8728,
8729,
8730,
8731,
8732,
8733,
8734,
8735,
8736,
8737,
8738,
8739,
8740,
8741,
8742,
8743,
8744,
8745,
8746,
8747,
8748,
8749,
8750,
8751,
8752,
8753,
8754,
8755,
8756,
8757,
8758,
8759,
8760,
8761,
8762,
8763,
8764,
8765,
8766,
8767,
8768,
8769,
8770,
8771,
8772,
8773,
8774,
8775,
8776,
8777,
8778,
8779,
8780,
8781,
8782,
8783,
8784,
8785,
8786,
8787,
8788,
8789,
8790,
8791,
8792,
8793,
8794,
8795,
8796,
8797,
8798,
8799,
8800,
8801,
8802,
8803,
8804,
8805,
8806,
8807,
8808,
8809,
8810,
8811,
8812,
8813,
8814,
8815,
8816,
8817,
8818,
8819,
8820,
8821,
8822,
8823,
8824,
8825,
8826,
8827,
8828,
8829,
8830,
8831,
8832,
8833,
8834,
8835,
8836,
8837,
8838,
8839,
8840,
8841,
8842,
8843,
8844,
8845,
8846,
8847,
8848,
8849,
8850,
8851,
8852,
8853,
8854,
8855,
8856,
8857,
8858,
8859,
8860,
8861,
8862,
8863,
8864,
8865,
8866,
8867,
8868,
8869,
8870,
8871,
8872,
8873,
8874,
8875,
8876,
8877,
8878,
8879,
8880,
8881,
8882,
8883,
8884,
8885,
8886,
8887,
8888,
8889,
8890,
8891,
8892,
8893,
8894,
8895,
8896,
8897,
8898,
8899,
8900,
8901,
8902,
8903,
8904,
8905,
8906,
8907,
8908,
8909,
8910,
8911,
8912,
8913,
8914,
8915,
8916,
8917,
8918,
8919,118.98419480665778
8920,101.75509537345673
8921,115.18622958906575
8922,125.39214221864466
8923,142.49287861754834
8924,164.9044804829138
8925,154.92466803559682
8926,218.62541283418997
8927,244.99040547870794
8928,296.0033066413365
8929,350.137257896345
8930,381.96085715518666
8931,413.7704594004995
8932,435.157607028994
8933,448.5629068781533
8934,455.86762171763866
8935,443.4716594212933
8936,291.6060500135607
8937,407.86660032596876
8938,384.33072861869994
8939,352.08628825056735
8940,310.61250355999266
8941,285.0725704929248
8942,260.02620361364393
8943,119.04550990343998
8944,107.04855118942073
8945,104.58182244307034
8946,111.61536946549357
8947,116.31085327227606
8948,148.38449828008146
8949,181.39973504708814
8950,230.77754737450442
8951,264.8542572464887
8952,302.9126042052344
8953,333.0144981586716
8954,354.1873087661452
8955,417.3743120949743
8956,390.61398011904345
8957,397.7842399725415
8958,453.36819452502385
8959,440.7821729538475
8960,430.09947851620643
8961,401.76693254590157
8962,377.11033851323543
8963,345.90295056786135
8964,314.47124724138655
8965,284.53028762173733
8966,258.12008567516284
8967,121.59624879254714
8968,109.9796123998893
8969,109.70232073364234
8970,117.1334018098783
8971,134.20666647512024
8972,158.94360874739104
8973,191.95884551439775
8974,232.0339925690156
8975,274.5183087350571
8976,317.10036300398804
8977,352.4373044317537
8978,383.67404347102195
8979,413.7053350751329
8980,435.6581516957556
8981,446.3977933247798
8982,449.7731939193508
8983,442.75027511455767
8984,432.2472900885556
8985,407.86610587300436
8986,379.39681365748424
8987,348.1102665738495
8988,315.7572681196075
8989,290.8996201067283
8990,264.57939728163467
8991,-24.16938576579446
8992,-31.00508082790836
8993,-32.154716823174965
8994,-19.555449076418284
8995,-3.023566692994507
8996,22.490824411051506
8997,60.493473966157865
8998,93.7991218681796
8999,125.35038974382549
9000,162.46403297191804
9001,192.11386105324462
9002,223.20554477138202
9003,237.0154158855963
9004,254.12292958361508
9005,260.98518394004054
9006,264.02821162258533
9007,206.2267959177577
9008,250.6141337289735
9009,178.9067076440755
9010,178.13046467961055
9011,159.6680830298988
9012,147.32599841722106
9013,79.24148631837713
9014,78.24557516471076
9015,202.11262531223767
9016,135.20150672067265
9017,122.03964022569669
9018,111.21105629204379
9019,121.1403763268852
9020,130.50495460789318
9021,146.55517018902884
9022,179.8287882395962
9023,229.33751633186213
9024,277.0645718210778
9025,326.9957834693781
9026,373.944286836964
9027,408.09336114708964
9028,441.74267760459446
9029,466.4132353597215
9030,477.3584548859557
9031,475.4541847309428
9032,459.8631953488024
9033,431.43028230401615
9034,397.0135647590864
9035,349.64115890107485
9036,299.97101943410786
9037,245.67564550885814
9038,192.79187378974677
9039,195.41593744041182
9040,154.12250763996974
9041,146.54470933259924
9042,133.65108472150987
9043,129.62543015044423
9044,135.59707976459057
9045,153.61130655245938
9046,180.03612459960377
9047,207.48540582184086
9048,243.87507923022096
9049,283.7573539822137
9050,243.97517732078217
9051,274.8438320184773
9052,283.6015542521163
9053,309.4914599123293
9054,410.76226119395767
9055,408.97242539907944
9056,389.3142465935758
9057,366.38020897012285
9058,341.1022807141113
9059,302.89824951886516
9060,197.65233503933433
9061,214.5212453924814
9062,170.986642943596
9063,
9064,
9065,
9066,
9067,
9068,
9069,
9070,
9071,
9072,
9073,
9074,
9075,
9076,
9077,
9078,
9079,
9080,
9081,
9082,
9083,
9084,
9085,
9086,
9087,
9088,
9089,
9090,
9091,
9092,
9093,
9094,
9095,
9096,
9097,
9098,
9099,
9100,
9101,
9102,
9103,
9104,
9105,
9106,
9107,
9108,
9109,
9110,
9111,
9112,
9113,
9114,
9115,
9116,
9117,
9118,
9119,
9120,
9121,
9122,
9123,
9124,
9125,
9126,
9127,
9128,
9129,
9130,
9131,
9132,
9133,
9134,
9135,
9136,
9137,
9138,
9139,
9140,
9141,
9142,
9143,
9144,
9145,
9146,
9147,
9148,
9149,
9150,
9151,
9152,
9153,
9154,
9155,
9156,
9157,
9158,
9159,
9160,
9161,
9162,
9163,
9164,
9165,
9166,
9167,
9168,
9169,
9170,
9171,
9172,
9173,
9174,
9175,
9176,
9177,
9178,
9179,
9180,
9181,
9182,
9183,
9184,
9185,
9186,
9187,
9188,
9189,
9190,
9191,
9192,
9193,
9194,
9195,
9196,
9197,
9198,
9199,
9200,
9201,
9202,
9203,
9204,
9205,
9206,
9207,
9208,
9209,
9210,
9211,
9212,
9213,
9214,
9215,
9216,
9217,
9218,
9219,
9220,
9221,
9222,
9223,
9224,
9225,
9226,
9227,
9228,
9229,
9230,
9231,
9232,
9233,
9234,
9235,
9236,
9237,
9238,
9239,
9240,
9241,
9242,
9243,
9244,
9245,
9246,
9247,
9248,
9249,
9250,
9251,
9252,
9253,
9254,
9255,
9256,
9257,
9258,
9259,
9260,
9261,
9262,
9263,
9264,
9265,
9266,
9267,
9268,
9269,
9270,
9271,
9272,
9273,
9274,
9275,
9276,
9277,
9278,
9279,
9280,
9281,
9282,
9283,
9284,
9285,
9286,
9287,
9288,
9289,
9290,
9291,
9292,
9293,
9294,
9295,
9296,
9297,
9298,
9299,
9300,
9301,
9302,
9303,
9304,
9305,
9306,
9307,
9308,
9309,
9310,
9311,
9312,
9313,
9314,
9315,
9316,
9317,
9318,
9319,
9320,
9321,
9322,
9323,
9324,
9325,
9326,
9327,
9328,
9329,
9330,
9331,
9332,
9333,
9334,
9335,
9336,
9337,
9338,
9339,
9340,
9341,
9342,
9343,
9344,
9345,
9346,
9347,
9348,
9349,
9350,
9351,
9352,
9353,
9354,
9355,
9356,
9357,
9358,
9359,
9360,
9361,
9362,
9363,
9364,
9365,
9366,
9367,
9368,
9369,
9370,
9371,
9372,
9373,
9374,
9375,105.473910137161
9376,94.50761402868262
9377,92.21520819817944
9378,99.3662508781036
9379,116.59783381986678
9380,141.66674146076497
9381,174.04643548979283
9382,216.16111202043055
9383,257.04047097613204
9384,289.549836890954
9385,320.93177476773565
9386,348.1243991313595
9387,370.35111534398135
9388,384.5933059001163
9389,387.2526423858885
9390,392.2481951091846
9391,384.15060605647864
9392,425.2467390589146
9393,397.6072981260186
9394,372.8924659701813
9395,340.68044049208606
9396,307.8986963230924
9397,270.9005410948361
9398,251.1452880989919
9399,194.67879759261183
9400,166.98628471725178
9401,126.43065478579366
9402,122.53962210173442
9403,138.56366677409287
9404,120.82476877992552
9405,143.83459404828272
9406,176.0133916729487
9407,218.85639395887407
9408,289.3582828109184
9409,332.83595603592397
9410,375.0131309630609
9411,411.9120297321616
9412,445.42839661124333
9413,470.0308209150429
9414,425.1252914854095
9415,422.4431291592053
9416,409.82608210563995
9417,392.51553127765
9418,406.1267915891777
9419,363.88564674727127
9420,287.63262912134314
9421,232.78207868950054
9422,178.91385541167386
9423,179.8707103973933
9424,140.21207243984608
9425,111.07700204206373
9426,93.55107416615536
9427,89.65626613794925
9428,99.63997497421126
9429,122.12772433931562
9430,155.32097615849702
9431,199.25490190571898
9432,246.84329382303494
9433,313.98017181623436
9434,356.47451456579813
9435,393.6593714284001
9436,433.71501000893477
9437,451.97992146477304
9438,468.61157851370524
9439,466.1676644393838
9440,444.7793373979749
9441,427.5002676632857
9442,388.6188377974557
9443,346.4885930921197
9444,293.74043952084463
9445,215.01923197884602
9446,162.24703622004606
9447,105.06935760853425
9448,93.01926482907409
9449,90.72685899857092
9450,98.18968107311662
9451,114.94524664654753
9452,140.4753741095774
9453,173.0145935082518
9454,212.26413855005978
9455,254.22454715577655
9456,297.7737820336288
9457,325.8116168756295
9458,351.59104589779986
9459,372.1517605386014
9460,430.50425313586067
9461,388.8932309414777
9462,388.78528608399796
9463,381.2740832668104
9464,368.54791380183127
9465,349.12024709482824
9466,327.6151046343234
9467,305.1000739833826
9468,215.4397283275576
9469,205.37283558453075
9470,180.3194486357607
9471,53.28267444682433
9472,55.64335716480437
9473,63.379051004195915
9474,101.64413196380598
9475,119.14119532339704
9476,148.57825179905984
9477,176.59081455505785
9478,208.51109261008855
9479,248.38528469569803
9480,280.9115940626291
9481,255.6415485701603
9482,343.753682558789
9483,283.1361892071195
9484,384.8193910804483
9485,268.45723003316635
9486,276.84726989542247
9487,270.21335649564367
9488,259.2392003857425
9489,332.1787396900821
9490,311.70425983511814
9491,288.47573440106316
9492,266.2062423521369
9493,202.51949193183142
9494,236.25126622179397
9495,110.88927887177064
9496,106.44430044803293
9497,110.309245557098
9498,120.06637298428967
9499,137.08674315180738
9500,159.86466934206015
9501,177.66709726346733
9502,215.80183967706753
9503,257.61562958492374
9504,299.6727137547613
9505,340.39492952212424
9506,400.2181077923194
9507,429.3408644540789
9508,450.7864539774438
9509,457.49039005734807
9510,458.82047008016326
9511,451.6868549104993
9512,442.22608751434194
9513,396.7294328592419
9514,367.6568109560943
9515,335.17577083660694
9516,301.8496701442406
9517,271.16226765004217
9518,245.06923352589453
9519,
9520,
9521,
9522,
9523,
9524,
9525,
9526,
9527,
9528,
9529,
9530,
9531,
9532,
9533,
9534,
9535,
9536,
9537,
9538,
9539,
9540,
9541,
9542,
9543,
9544,
9545,
9546,
9547,
9548,
9549,
9550,
9551,
9552,
9553,
9554,
9555,
9556,
9557,
9558,
9559,
9560,
9561,
9562,
9563,
9564,
9565,
9566,
9567,
9568,
9569,
9570,
9571,
9572,
9573,
9574,
9575,
9576,
9577,
9578,
9579,
9580,
9581,
9582,
9583,
9584,
9585,
9586,
9587,
9588,
9589,
9590,
9591,
9592,
9593,
9594,
9595,
9596,
9597,
9598,
9599,
9600,
9601,
9602,
9603,
9604,
9605,
9606,
9607,
9608,
9609,
9610,
9611,
9612,
9613,
9614,
9615,
9616,
9617,
9618,
9619,
9620,
9621,
9622,
9623,
9624,
9625,
9626,
9627,
9628,
9629,
9630,
9631,
9632,
9633,
9634,
9635,
9636,
9637,
9638,
9639,
9640,
9641,
9642,
9643,
9644,
9645,
9646,
9647,
9648,
9649,
9650,
9651,
9652,
9653,
9654,
9655,
9656,
9657,
9658,
9659,
9660,
9661,
9662,
9663,
9664,
9665,
9666,
9667,
9668,
9669,
9670,
9671,
9672,
9673,
9674,
9675,
9676,
9677,
9678,
9679,
9680,
9681,
9682,
9683,
9684,
9685,
9686,
9687,
9688,
9689,
9690,
9691,
9692,
9693,
9694,
9695,
9696,
9697,
9698,
9699,
9700,
9701,
9702,
9703,
9704,
9705,
9706,
9707,
9708,
9709,
9710,
9711,
9712,
9713,
9714,
9715,
9716,
9717,
9718,
9719,
9720,
9721,
9722,
9723,
9724,
9725,
9726,
9727,
9728,
9729,
9730,
9731,
9732,
9733,
9734,
9735,
9736,
9737,
9738,
9739,
9740,
9741,
9742,
9743,
9744,
9745,
9746,
9747,
9748,
9749,
9750,
9751,
9752,
9753,
9754,
9755,
9756,
9757,
9758,
9759,
9760,
9761,
9762,
9763,
9764,
9765,
9766,
9767,
9768,
9769,
9770,
9771,
9772,
9773,
9774,
9775,
9776,
9777,
9778,
9779,
9780,
9781,
9782,
9783,
9784,
9785,
9786,
9787,
9788,
9789,
9790,
9791,
9792,
9793,
9794,
9795,
9796,
9797,
9798,
9799,
9800,
9801,
9802,
9803,
9804,
9805,
9806,
9807,
9808,
9809,
9810,
9811,
9812,
9813,
9814,
9815,
9816,
9817,
9818,
9819,
9820,
9821,
9822,
9823,
9824,
9825,
9826,
9827,
9828,
9829,
9830,
9831,164.28512665768596
9832,120.80563586267373
9833,89.08236810208909
9834,72.9765252882726
9835,70.73064711535842
9836,82.35523176708878
9837,108.67433416191832
9838,147.23917460204632
9839,195.05903704614988
9840,235.41328659484054
9841,305.46394623885413
9842,359.35291173262675
9843,424.1015711244868
9844,457.6188475574551
9845,478.03712735950995
9846,490.169680485347
9847,492.22987679446067
9848,473.73271655819025
9849,429.5583576352847
9850,385.71654695006083
9851,332.3762701572532
9852,275.5745642197249
9853,215.4493881923811
9854,153.8202144830987
9855,92.96321440146464
9856,87.49707099459472
9857,88.49555908245856
9858,96.71947394631374
9859,115.51708960984446
9860,141.05965898934372
9861,173.14105218984866
9862,210.2325689451456
9863,266.42314253150886
9864,246.42433123055503
9865,334.2935345963076
9866,366.05316130351355
9867,305.24071889162883
9868,395.6153079824003
9869,412.2522062901884
9870,469.1823439881791
9871,457.45913759038757
9872,439.3595507705768
9873,276.64145232785484
9874,257.007987438956
9875,311.11452531445866
9876,307.74017654592785
9877,272.2355075905199
9878,240.98966298924574
9879,87.04789434036071
9880,71.45640862411473
9881,67.52053728467607
9882,74.88075764148952
9883,93.64916320884893
9884,122.64289937838092
9885,159.17232135268603
9886,202.10885442692222
9887,249.31062899984462
9888,299.41804759842074
9889,346.352859757563
9890,388.6189548360899
9891,380.13555414153916
9892,446.59908377434766
9893,461.44964561441475
9894,464.75903733446654
9895,456.98067993549876
9896,438.67169978307516
9897,411.8124350770064
9898,377.56699614009636
9899,340.29165710657617
9900,301.96727219408973
9901,266.291252397764
9902,235.30063231174574
9903,87.73377522501777
9904,73.61617279641175
9905,69.99746927939984
9906,76.15494138328255
9907,90.20117501265348
9908,139.5765825220467
9909,160.6991352323629
9910,199.1363523296747
9911,246.9825684169583
9912,285.2745244583788
9913,322.6244802690461
9914,356.79950097689493
9915,383.09331046314355
9916,400.73093805719185
9917,411.0860284121738
9918,412.1367998707301
9919,458.9979329641645
9920,440.2181793168571
9921,413.8344007097363
9922,379.6927351190819
9923,342.9613727447519
9924,304.7942986887224
9925,269.0535396027793
9926,238.3806186085721
9927,91.96962455807466
9928,78.77352296094877
9929,74.99596989803132
9930,81.94783428579842
9931,100.39907203073109
9932,129.67997338688966
9933,166.3185571352555
9934,209.41340848601294
9935,257.18118148076195
9936,290.8773580860636
9937,328.48311988124374
9938,361.6736890303772
9939,410.1641753484227
9940,471.7486020509682
9941,432.5627568946271
9942,431.56446060944126
9943,486.2907977956454
9944,392.07391673968823
9945,370.7569718959502
9946,344.42061833962157
9947,316.30245412146417
9948,287.0789167165989
9949,260.799704970019
9950,238.66608759221162
9951,94.33497771685887
9952,59.34086089657694
9953,87.07181177956136
9954,97.5360607551151
9955,115.85645195718821
9956,141.14759829192897
9957,146.0756566352589
9958,174.52193578127446
9959,247.80492679910168
9960,286.2897361657862
9961,323.60674388501843
9962,389.46024003091173
9963,430.8958865927847
9964,455.19034211750045
9965,471.0549782879006
9966,474.0170481445236
9967,322.2346841960351
9968,309.6877176114558
9969,413.2391010192955
9970,380.3102827814277
9971,345.4812158811525
9972,307.17165209544476
9973,272.3523938409818
9974,240.61311636722465
9975,
9976,
9977,
9978,
9979,
9980,
9981,
9982,
9983,
9984,
9985,
9986,
9987,
9988,
9989,
9990,
9991,
9992,
9993,
9994,
9995,
9996,
9997,
9998,
9999,
10000,
10001,
10002,
10003,
10004,
10005,
10006,
10007,
10008,
10009,
10010,
10011,
10012,
10013,
10014,
10015,
10016,
10017,
10018,
10019,
10020,
10021,
10022,
10023,
10024,
10025,
10026,
10027,
10028,
10029,
10030,
10031,
10032,
10033,
10034,
10035,
10036,
10037,
10038,
10039,
10040,
10041,
10042,
10043,
10044,
10045,
10046,
10047,
10048,
10049,
10050,
10051,
10052,
10053,
10054,
10055,
10056,
10057,
10058,
10059,
10060,
10061,
10062,
10063,
10064,
10065,
10066,
10067,
10068,
10069,
10070,
10071,
10072,
10073,
10074,
10075,
10076,
10077,
10078,
10079,
10080,
10081,
10082,
10083,
10084,
10085,
10086,
10087,
10088,
10089,
10090,
10091,
10092,
10093,
10094,
10095,
10096,
10097,
10098,
10099,
10100,
10101,
10102,
10103,
10104,
10105,
10106,
10107,
10108,
10109,
10110,
10111,
10112,
10113,
10114,
10115,
10116,
10117,
10118,
10119,
10120,
10121,
10122,
10123,
10124,
10125,
10126,
10127,
10128,
10129,
10130,
10131,
10132,
10133,
10134,
10135,
10136,
10137,
10138,
10139,
10140,
10141,
10142,
10143,
10144,
10145,
10146,
10147,
10148,
10149,
10150,
10151,
10152,
10153,
10154,
10155,
10156,
10157,
10158,
10159,
10160,
10161,
10162,
10163,
10164,
10165,
10166,
10167,
10168,
10169,
10170,
10171,
10172,
10173,
10174,
10175,
10176,
10177,
10178,
10179,
10180,
10181,
10182,
10183,
10184,
10185,
10186,
10187,
10188,
10189,
10190,
10191,
10192,
10193,
10194,
10195,
10196,
10197,
10198,
10199,
10200,
10201,
10202,
10203,
10204,
10205,
10206,
10207,
10208,
10209,
10210,
10211,
10212,
10213,
10214,
10215,
10216,
10217,
10218,
10219,
10220,
10221,
10222,
10223,
10224,
10225,
10226,
10227,
10228,
10229,
10230,
10231,
10232,
10233,
10234,
10235,
10236,
10237,
10238,
10239,
10240,
10241,
10242,
10243,
10244,
10245,
10246,
10247,
10248,
10249,
10250,
10251,
10252,
10253,
10254,
10255,
10256,
10257,
10258,
10259,
10260,
10261,
10262,
10263,
10264,
10265,
10266,
10267,
10268,
10269,
10270,
10271,
10272,
10273,
10274,
10275,
10276,
10277,
10278,
10279,
10280,
10281,
10282,
10283,
10284,
10285,
10286,49.23247051431045
10287,29.107665041781644
10288,25.488961524769735
10289,37.59068594534003
10290,61.04692807500618
10291,89.56517814559011
10292,121.40623228820425
10293,159.57143692199142
10294,213.4147521157036
10295,262.2976463974037
10296,308.95188889084994
10297,354.6660961898532
10298,393.22548410585284
10299,414.05662545312464
10300,433.3413380296911
10301,431.6576010361531
10302,433.8461679725897
10303,410.50082230130545
10304,383.4858336960875
10305,350.9653694952526
10306,319.7985207521306
10307,287.11309600504876
10308,251.24802338794973
10309,203.50340977194654
10310,78.47646754220806
10311,60.48589883181518
10312,55.718318206678646
10313,76.46665837405686
10314,89.98778160786868
10315,111.16088837460656
10316,142.8130065229891
10317,178.8215804555417
10318,218.025691660761
10319,261.92957947334037
10320,302.75664465223326
10321,329.479525976396
10322,360.3167984124
10323,384.8637958240694
10324,394.6802979476663
10325,394.9340846769795
10326,376.3713208988088
10327,361.3258980846024
10328,339.82148641139196
10329,313.3554308961023
10330,323.55855432192965
10331,262.525565036888
10332,231.71962905495576
10333,211.25221702066813
10334,71.0855081993389
10335,63.90367328217894
10336,59.17812236918812
10337,69.54926657650462
10338,93.35501227152523
10339,119.13679742831586
10340,151.64746568094333
10341,182.7258616271414
10342,227.19020173235
10343,280.3302200325103
10344,321.1139809197243
10345,374.87104561180706
10346,409.1075627920601
10347,433.9756177475839
10348,448.15683274337454
10349,451.10057596228006
10350,444.4805209858332
10351,413.6546202523704
10352,386.2869223219253
10353,354.7890455599783
10354,312.8894965151276
10355,280.55577560522204
10356,239.49130562267018
10357,208.81838462846295
10358,153.20513159239374
10359,104.02445496234861
10360,72.50345374406196
10361,55.48064251170803
10362,47.100452747275256
10363,65.21907779448092
10364,86.40712294490473
10365,124.56169079436874
10366,178.30579760565053
10367,233.18602834752247
10368,288.5776766215561
10369,358.36107812100437
10370,405.6488466527093
10371,444.2324912403386
10372,469.9105237917027
10373,482.97957906691994
10374,479.28991507405874
10375,461.44070451629506
10376,422.9068444482427
10377,379.30842990898344
10378,292.79604968125324
10379,245.60170688809788
10380,195.5724138449708
10381,145.6160377683318
10382,139.1870606335813
10383,86.45388107370803
10384,59.367031557927504
10385,61.073296760390406
10386,53.32750611604476
10387,53.006219547814396
10388,73.99881699560207
10389,112.47055266749281
10390,160.89354199353116
10391,214.49855515863138
10392,264.4904600105587
10393,340.2169057675625
10394,387.28166693300136
10395,425.4393617883255
10396,451.27571261621085
10397,464.28023020688516
10398,405.0445146648215
10399,389.2644852845626
10400,399.6957726707557
10401,356.1749293464426
10402,303.9128847043285
10403,240.8192247225013
10404,167.67138631247838
10405,128.71521332954993
10406,60.24941305674784
10407,57.42889416795035
10408,53.100877308772226
10409,68.48068281696285
10410,86.80107401903598
10411,112.66201831408728
10412,139.17889788338425
10413,175.7426483225297
10414,214.27947579146044
10415,252.52627647397878
10416,288.69950886992353
10417,337.28727968175224
10418,363.4707203008148
10419,430.93591539141494
10420,445.2112908433663
10421,448.06087360611116
10422,440.1036587117285
10423,368.78315697792107
10424,347.82050745071126
10425,322.3102871765768
10426,293.7914632578503
10427,266.8218759303503
10428,246.9733252103229
10429,216.45872249263692
10430,
10431,
10432,
10433,
10434,
10435,
10436,
10437,
10438,
10439,
10440,
10441,
10442,
10443,
10444,
10445,
10446,
10447,
10448,
10449,
10450,
10451,
10452,
10453,
10454,
10455,
10456,
10457,
10458,
10459,
10460,
10461,
10462,
10463,
10464,
10465,
10466,
10467,
10468,
10469,
10470,
10471,
10472,
10473,
10474,
10475,
10476,
10477,
10478,
10479,
10480,
10481,
10482,
10483,
10484,
10485,
10486,
10487,
10488,
10489,
10490,
10491,
10492,
10493,
10494,
10495,
10496,
10497,
10498,
10499,
10500,
10501,
10502,
10503,
10504,
10505,
10506,
10507,
10508,
10509,
10510,
10511,
10512,
10513,
10514,
10515,
10516,
10517,
10518,
10519,
10520,
10521,
10522,
10523,
10524,
10525,
10526,
10527,
10528,
10529,
10530,
10531,
10532,
10533,
10534,
10535,
10536,
10537,
10538,
10539,
10540,
10541,
10542,
10543,
10544,
10545,
10546,
10547,
10548,
10549,
10550,
10551,
10552,
10553,
10554,
10555,
10556,
10557,
10558,
10559,
10560,
10561,
10562,
10563,
10564,
10565,
10566,
10567,
10568,
10569,
10570,
10571,
10572,
10573,
10574,
10575,
10576,
10577,
10578,
10579,
10580,
10581,
10582,
10583,
10584,
10585,
10586,
10587,
10588,
10589,
10590,
10591,
10592,
10593,
10594,
10595,
10596,
10597,
10598,
10599,
10600,
10601,
10602,
10603,
10604,
10605,
10606,
10607,
10608,
10609,
10610,
10611,
10612,
10613,
10614,
10615,
10616,
10617,
10618,
10619,
10620,
10621,
10622,
10623,
10624,
10625,
10626,
10627,
10628,
10629,
10630,
10631,
10632,
10633,
10634,
10635,
10636,
10637,
10638,
10639,
10640,
10641,
10642,
10643,
10644,
10645,
10646,
10647,
10648,
10649,
10650,
10651,
10652,
10653,
10654,
10655,
10656,
10657,
10658,
10659,
10660,
10661,
10662,
10663,
10664,
10665,
10666,
10667,
10668,
10669,
10670,
10671,
10672,
10673,
10674,
10675,
10676,
10677,
10678,
10679,
10680,
10681,
10682,
10683,
10684,
10685,
10686,
10687,
10688,
10689,
10690,
10691,
10692,
10693,
10694,
10695,
10696,
10697,
10698,
10699,
10700,
10701,
10702,
10703,
10704,
10705,
10706,
10707,
10708,
10709,
10710,
10711,
10712,
10713,
10714,
10715,
10716,
10717,
10718,
10719,
10720,
10721,
10722,
10723,
10724,
10725,
10726,
10727,
10728,
10729,
10730,
10731,
10732,
10733,
10734,
10735,
10736,
10737,
10738,
10739,
10740,
10741,
10742,50.25838466764489
10743,35.50523950106006
10744,37.01706195906959
10745,33.877689446283
10746,51.48711676738043
10747,80.84717726179962
10748,110.9045791542556
10749,155.1599469577203
10750,208.1766527185583
10751,249.87763344972825
10752,295.35548219276177
10753,338.40038773402284
10754,379.80429233157935
10755,404.7374162410304
10756,430.89955796384726
10757,433.3995560821147
10758,424.90216406702564
10759,395.3450869944785
10760,370.2075790162528
10761,342.0764427553452
10762,304.911472589011
10763,260.4053579450552
10764,224.85866024350824
10765,199.87144173091534
10766,144.51341224409532
10767,106.56619260288247
10768,69.51417655778756
10769,71.03476445916701
10770,57.279507989849776
10771,79.44719959440069
10772,100.98769103241105
10773,121.51979140334629
10774,165.93546691283177
10775,218.26049775760538
10776,275.15195889799134
10777,333.2246595035693
10778,387.2284122922403
10779,425.5114773326506
10780,451.5110104463232
10781,463.08680010825964
10782,460.76117495439144
10783,443.67653423583346
10784,411.0034346063263
10785,355.94800403299735
10786,272.04074548441764
10787,245.76048607957674
10788,186.26964569708656
10789,124.24293793399144
10790,133.67718707599113
10791,64.31343268800225
10792,63.30027544587671
10793,43.592966346738024
10794,51.514954276506444
10795,61.528048481346914
10796,83.00279514168898
10797,109.17856828209288
10798,142.5815041275311
10799,186.13734023234548
10800,231.27637516895567
10801,274.7558267980012
10802,325.5831927355007
10803,357.4434568677907
10804,378.3454482683736
10805,387.1525021666395
10806,384.5598096376357
10807,369.6564573262782
10808,257.28167400566844
10809,335.80251174007395
10810,262.81171320668216
10811,213.03316974946577
10812,165.33837320621137
10813,104.09744564106809
10814,55.26846568093299
10815,48.528113083362456
10816,48.24051437736847
10817,58.32781871787577
10818,56.2345611109605
10819,103.20606072290651
10820,123.9746669475363
10821,160.30040870251568
10822,210.62604051565384
10823,248.5270580241921
10824,285.20492314002246
10825,316.93593449567504
10826,342.0046893616701
10827,360.6703851838871
10828,369.9322420702754
10829,370.0255922963754
10830,269.34303860901065
10831,347.80852458919117
10832,325.5911494022509
10833,300.8564635048992
10834,272.84799233018674
10835,244.38551925358826
10836,218.86895879258302
10837,156.44314233993873
10838,51.32646623389749
10839,44.03093712973407
10840,46.42694341741023
10841,37.71350781424965
10842,56.769078568235756
10843,84.34981906937516
10844,109.80393148258689
10845,152.97794197160493
10846,210.39267646289179
10847,259.69402677950086
10848,306.8226977519581
10849,350.39262672481686
10850,264.68031322877243
10851,412.03556834201163
10852,426.6421055142254
10853,430.42765915696623
10854,422.92184549090734
10855,404.31281899266264
10856,377.48597110864466
10857,345.12695083108736
10858,290.66215193167983
10859,258.83998989290706
10860,222.5109269838213
10861,198.11601440393622
10862,49.2491248933739
10863,35.09910564271712
10864,31.509018443265262
10865,32.387403740056925
10866,45.26071349318926
10867,84.76308691026037
10868,116.1900669917131
10869,159.6946596637502
10870,205.1476500805907
10871,254.54278098917806
10872,306.6424535330169
10873,355.9367521370468
10874,390.20188466885327
10875,414.9428310767813
10876,429.21820652873265
10877,432.86097448223666
10878,425.46273563293073
10879,407.82575182085986
10880,381.3472814881942
10881,348.82994293411565
10882,299.46917288486827
10883,256.07529513697136
10884,231.3167408438844
10885,200.4326881545547
