row_index,oof_pred
0,17.06118831196906
1,7.754425511879749
2,5.021773447465827
3,0.11975457701503518
4,5.403356539230432
5,2.128813079487523
6,2.5722609746928518
7,1.6666542857391475
8,20.21668555074648
9,8.872572094583374
10,5.942001196368179
11,0.12812654900595863
12,6.616146267051313
13,2.475499239903732
14,3.0525250872241374
15,1.9699609170889125
16,18.171411224383263
17,8.398747075671675
18,5.348405864401972
19,0.11457612484152616
20,5.860627337171682
21,2.159493109449113
22,2.7355797479866
23,1.7864055027437142
24,17.189186143978176
25,7.565231968032196
26,5.074762527764274
27,0.10350397827983233
28,5.124338184574817
29,2.0014465629487836
30,2.451930476632271
31,1.6257335753294382
32,14.906533832344127
33,6.5681925634572265
34,4.426124587071931
35,0.09488640804186146
36,4.780260758722026
37,1.8061724695583916
38,2.231872415581443
39,1.4488438441897824
40,17.092954425397053
41,7.4768099995657
42,5.025174616835742
43,0.09363811816383241
44,5.370524510439494
45,1.9257041551180105
46,2.4982640481746614
47,1.5379431470833276
48,16.73613427873675
49,7.810250000851025
50,4.924353602480852
51,0.11134767491672463
52,5.456549537232338
53,2.0144065941771303
54,2.499651950552952
55,1.6430368212443878
56,24.142482576082372
57,10.904572807524081
58,7.005845205992234
59,0.15441943613804643
60,7.623585449557424
61,2.7892029549963775
62,3.384789655827014
63,2.3059104674023594
64,28.418170672234336
65,12.457693207377446
66,7.549780340812215
67,0.19625324785737888
68,8.487109704646912
69,3.2512485285428046
70,4.117225897654769
71,2.6625904453003697
72,14.571886294144486
73,6.829511971592641
74,4.208858859518436
75,0.0928046898870374
76,4.635325229770719
77,1.759402109968964
78,2.0502669426290856
79,1.3865646546575772
80,20.23044148073428
81,9.251817857859605
82,5.915493848566755
83,0.12851616459325302
84,6.4349282271849075
85,2.419769753934698
86,2.9326143519333243
87,1.9611649128010247
88,12.857467775361236
89,5.586689809180585
90,3.550682439941537
91,0.09462322247171999
92,3.5464633998631307
93,1.4077563624761316
94,1.6601423094866359
95,1.1268587479822676
96,14.448563992856498
97,6.571317629787713
98,4.4230990939917145
99,0.10485589901983289
100,4.948836709642813
101,1.820690947355143
102,2.2271763448123156
103,1.5119599274581643
104,16.65947278867771
105,7.705626996157813
106,4.917684363953875
107,0.12118032648014898
108,5.0176020490034245
109,1.9839667915366155
110,2.4624298686139197
111,1.6588068397416345
112,19.157255187527802
113,8.394321080988199
114,5.381154667591381
115,0.11134429189349572
116,5.895881314670482
117,2.150716815645818
118,2.720704016297042
119,1.8114679846552508
120,25.286461053677247
121,11.75851641982432
122,7.326311979015176
123,0.16475714845809383
124,7.901628371579451
125,3.0592839287862916
126,3.9348998684740657
127,2.504293602473458
128,14.68500646367285
129,6.706134184985634
130,4.380098063787072
131,0.09721594665634
132,4.727525214154434
133,1.8439960949529839
134,2.2098361449821042
135,1.5425651157345552
136,38.91986591552973
137,17.376043607633967
138,10.652688687135567
139,0.245049879585284
140,11.896854709043085
141,4.591041024265748
142,6.014606046489012
143,3.6146414368226325
144,19.15073370114291
145,8.49547492110798
146,5.342102299614533
147,0.11629193196141592
148,5.801451970763993
149,2.161122039039591
150,2.710669934077534
151,1.7840590581590614
152,23.991586681580852
153,10.876649471311003
154,6.641763947673563
155,0.13835500536288578
156,7.330916559703195
157,2.789782597718012
158,3.576858748561603
159,2.2293506483275496
160,37.240279802416275
161,16.545087010770423
162,10.106597875595945
163,0.24215931884149236
164,10.940997420267424
165,4.353689933476663
166,5.127016703495015
167,3.4155278546717707
168,31.508625046327285
169,13.640190858391495
170,8.988899540560453
171,0.1796149087247561
172,9.31730464563167
173,3.556939151628073
174,4.446008879434835
175,2.8350002061021264
176,20.35065589580428
177,9.011976740583354
178,5.6666703323084215
179,0.1350884027828695
180,6.249890318118704
181,2.2781717365182477
182,2.9397069979634165
183,1.907237300066236
184,14.527709515973212
185,6.305354075114136
186,4.092459375027622
187,0.10338478692317479
188,4.605465290624808
189,1.76528299819039
190,2.1683729635473448
191,1.3680629777496134
192,26.905401709069686
193,11.420509137123796
194,7.031528516508829
195,0.17800385339699454
196,7.958335991978694
197,3.0923739264805357
198,3.88525373475901
199,2.427441552074845
200,20.922678640113794
201,9.117021680115794
202,6.109196431676773
203,0.125461273345172
204,6.2995831375325775
205,2.469487061080076
206,2.9018564275323833
207,2.0033063277852405
208,14.739708110342578
209,6.724454471454401
210,4.405829797502251
211,0.09333976703336347
212,4.782063681710443
213,1.8331381991810736
214,2.217356137388489
215,1.446121563138188
216,20.434025548824724
217,9.36652930206697
218,5.9110105520258225
219,0.12774613771314589
220,6.094856939868518
221,2.28907834153303
222,2.969831899438368
223,1.9756366441068578
224,13.815870080905968
225,5.872243360794871
226,3.8907902112638726
227,0.08617800167336544
228,4.256555503827812
229,1.6700637603219923
230,1.8421922641503208
231,1.265502384639073
232,14.491041444587578
233,6.274879816205594
234,4.1320823287150406
235,0.10699183166814553
236,4.620218880709281
237,1.6456230344891758
238,2.117721047214972
239,1.3451381100228725
240,29.191091695633308
241,12.625963710477244
242,8.283600240158101
243,0.1807781894069083
244,9.096006233093998
245,3.296814715270785
246,4.275872420664774
247,2.692828717972045
248,14.810330764362648
249,6.813722950187186
250,4.454301409103359
251,0.090428089502653
252,4.733955218674536
253,1.7897978890703605
254,2.273754905448454
255,1.4504951728494304
256,33.251654991043246
257,13.9092775479492
258,8.95535944958738
259,0.19635316276047374
260,9.693751401538707
261,3.486813798302531
262,4.641504330636668
263,3.0614309240737128
264,22.14546747102102
265,9.995353825792668
266,6.376689208905089
267,0.13490460683889602
268,6.846044491415048
269,2.669832951602831
270,3.313905941024765
271,2.082345423989107
272,16.297775068514827
273,7.37485790661115
274,4.716498110528169
275,0.10004223365033493
276,5.057467500096011
277,1.9336013803148133
278,2.2966491830271334
279,1.5534054515137254
280,44.251606502737424
281,19.494390576460184
282,11.82560883616121
283,0.25829385884372336
284,13.037619064148918
285,5.032154019984525
286,6.070760401965891
287,4.018044391986571
288,18.37594668815317
289,8.553497646380496
290,5.414682521733259
291,0.11392828976066932
292,5.913223501428744
293,2.2368096654742784
294,2.6867115204273793
295,1.761861925238001
296,23.788644484539557
297,10.514884339118963
298,6.687017024481988
299,0.15419036931240462
300,7.318618212503183
301,2.788960411953114
302,3.329872320299432
303,2.2447474503096054
304,27.786695430326965
305,12.163940074184326
306,7.687621538244795
307,0.17926562811989458
308,8.18394157723498
309,3.1856580867006254
310,4.113246644555668
311,2.591122906900214
312,21.0945176652419
313,9.224978604948666
314,5.772821354278107
315,0.12154972827003735
316,6.371660951453266
317,2.3914862740694818
318,2.89984212722164
319,2.0207819926339528
320,22.141683833260462
321,9.989276511757176
322,6.3397119456313495
323,0.13371735441595056
324,6.971368048436188
325,2.5294959111685067
326,3.293279953427346
327,2.1491132501162147
328,14.323152487712708
329,6.42205698703023
330,4.195898085172568
331,0.1003240128116034
332,4.697252603422281
333,1.645250503002721
334,2.153828798241176
335,1.3719797699105587
336,34.4690676030383
337,15.470172590934904
338,9.768177322930109
339,0.21050106043947017
340,10.054113247206226
341,3.9770916639128653
342,4.969271251966381
343,3.184631205481615
344,13.51280262986418
345,6.027591493662499
346,3.8549382699783887
347,0.08684105189669294
348,4.147656630960426
349,1.5825678922655788
350,1.9522149978665022
351,1.3245356572784242
352,14.828344981400662
353,6.5294515734241525
354,4.423894791104986
355,0.09754005046211651
356,4.579714981901257
357,1.7906303271819972
358,2.2428893552470326
359,1.4646963644119133
360,22.445307209562344
361,9.838420069178069
362,6.079997016431689
363,0.12761754572189277
364,6.899492673361089
365,2.617296201950402
366,3.2951335341120447
367,2.1963600135045005
368,25.87088149105996
369,11.60331116071985
370,6.990253529975316
371,0.14744859006831543
372,7.812141424649978
373,3.018947825212518
374,3.7261596520035307
375,2.6088192293544283
376,16.997608270707055
377,7.9040044486594345
378,4.801498717932636
379,0.10119388622268627
380,5.358358612448142
381,2.020159294706068
382,2.5230820334356907
383,1.6880502768914638
384,18.339372859975107
385,8.37981429040301
386,5.408921689486935
387,0.11388395473729866
388,5.599458780478598
389,2.162252913100289
390,2.651118507547526
391,1.8009019210865342
392,52.067055948695106
393,25.0598717590342
394,15.193143888202762
395,0.3904553640770096
396,16.439608184195663
397,6.303528914662966
398,7.79764757857916
399,5.169455004328578
400,15.098460392998199
401,6.627477106589524
402,4.47583515509094
403,0.09434310723861178
404,4.780650744483232
405,1.8018817259591813
406,2.347895869189714
407,1.4158330906640897
408,19.90087591228018
409,9.290549680917913
410,4.380997686519355
411,0.3146667504389893
412,4.704454936107098
413,1.92199264682345
414,2.1837995288940135
415,1.6026163788509578
416,23.717890879465607
417,10.465404270988987
418,5.434577766787238
419,0.3512091337918189
420,6.096806474346779
421,2.2965983857647414
422,2.4748486434352555
423,1.8659548748227184
424,21.45931889991893
425,10.139647353399852
426,4.920265734970117
427,0.31172707315675197
428,5.401429074131765
429,2.067207618064842
430,2.430886452452473
431,1.6772093867504618
432,20.057860582486498
433,8.870930199245677
434,4.589245513545824
435,0.2843777749439719
436,4.756663538772599
437,1.8489877185805355
438,2.1559733907076897
439,1.5464031351459884
440,17.363671434585942
441,7.858281741118565
442,4.010465340913952
443,0.25121984665501
444,4.4018574522108525
445,1.6919595799596079
446,1.987815513292652
447,1.3910129088894907
448,20.558478395643053
449,9.050720771081759
450,4.572624565629753
451,0.27398760776531406
452,4.815896064011849
453,1.7488076877995036
454,2.192819974099108
455,1.505479652415196
456,19.53692201273681
457,9.400843227234327
458,4.428288647498295
459,0.29639686476292876
460,4.961211793257076
461,1.9019957518855062
462,2.151659422902146
463,1.6111774805838597
464,28.25840574020017
465,12.837391729314623
466,6.12924760821697
467,0.4061651372583878
468,6.863330854815224
469,2.6043459537823717
470,2.9044756334844544
471,2.186803215541741
472,32.211627025950925
473,14.511177376303289
474,6.9541398453662895
475,0.49504399725817394
476,7.954121170062223
477,2.9907894278385245
478,3.5978149913177497
479,2.5280636920772177
480,16.644087360291092
481,7.91770184801867
482,3.71363942416767
483,0.23404694272999593
484,4.253427742086711
485,1.6247012767879916
486,1.83606638269619
487,1.3248883248903656
488,23.99075026898157
489,10.688456536927683
490,5.161512266438835
491,0.355497620503519
492,5.787076710416739
493,2.218820564295409
494,2.4901975178198295
495,1.8929634037470504
496,14.390502033142003
497,6.375013214279234
498,3.160106886854293
499,0.24124239816008416
500,3.2512916560355807
501,1.2646808863294516
502,1.434242622444139
503,1.0895277625531687
504,17.53736301618685
505,7.882721352245195
506,3.9973664665652144
507,0.27552840634408887
508,4.210339869328952
509,1.6669238967102853
510,1.9286997489716682
511,1.4013618196415107
512,19.592042986666733
513,9.00381846831875
514,4.397959446337331
515,0.2873108895946077
516,4.617892845197755
517,1.8925872461183069
518,2.137430279802837
519,1.5939558285919992
520,22.194958737842587
521,9.921405854254271
522,5.022827041337676
523,0.31680647232379255
524,5.368090053896428
525,2.0405695876041574
526,2.340453973359311
527,1.7911958421279908
528,29.376802270087012
529,13.620830225685255
530,6.399120460095867
531,0.4687576660139137
532,7.301266475018256
533,2.898529487528926
534,3.263611360322456
535,2.3745694753501034
536,17.241029598513194
537,8.061364306346395
538,4.002852196327207
539,0.26929023578562933
540,4.306436853887944
541,1.6909886984944125
542,1.8981693445925145
543,1.4690448927989268
544,45.880632143367706
545,20.83938705797612
546,10.06485747902556
547,0.6960794423339416
548,11.11161889045305
549,4.440896331319856
550,5.188423645804553
551,3.6259857738904886
552,21.952282399793376
553,9.911830069692412
554,4.782287928643754
555,0.29276217957831274
556,5.337237734224979
557,1.994291483684908
558,2.2632603363612964
559,1.672039997534358
560,27.191221818979727
561,13.212973285097409
562,6.20348471184689
563,0.39583820692684507
564,6.8192940712369685
565,2.577281983123937
566,2.998517167440318
567,2.1923195681415555
568,42.557405023279884
569,18.972560647236428
570,9.229708650307037
571,0.6845906571876016
572,9.9296265855688
573,4.056811294883642
574,4.4856127507030585
575,3.333900120324484
576,38.04718925019439
577,15.97072067627691
578,8.240145121654264
579,0.5548260775401432
580,8.871880448795018
581,3.336877950428963
582,3.844705876518121
583,2.737457828431463
584,23.835101829712645
585,10.435194155979092
586,5.520023395584807
587,0.36068400556641894
588,5.658259571339532
589,2.1347660115478972
590,2.5236806473240456
591,1.8381182183658675
592,17.09131453619421
593,7.720422248040501
594,3.6963402554476477
595,0.27502892384878813
596,4.034158821715152
597,1.6623470279876245
598,1.8491486362310563
599,1.2921520234594583
600,30.89852270436896
601,13.76421059730043
602,6.562688264906429
603,0.4545893913535988
604,7.532370364734156
605,2.7909886251454346
606,3.4464859279390896
607,2.3321432145823104
608,24.685951894021137
609,11.104157137349025
610,5.457611077014629
611,0.35445669761902265
612,5.820988208609879
613,2.2750001837162275
614,2.5593256124695043
615,1.8939493341021458
616,17.853601935365155
617,7.957046630307473
618,3.9495868550920483
619,0.267620875456145
620,4.224665929342244
621,1.7219199786974422
622,1.892526324314738
623,1.3107000159965014
624,23.9478498617221
625,10.89858606621893
626,5.324045678912467
627,0.35081484145766106
628,5.5766127561133985
629,2.1551437928860806
630,2.4880991156893852
631,1.8815447975826127
632,16.361781390831673
633,7.331051020452833
634,3.4796129743805833
635,0.25999673637880066
636,4.0116271791276965
637,1.487560506994348
638,1.716724983684084
639,1.249492466929183
640,16.901789769017473
641,7.624794750686648
642,3.704276514107581
643,0.2678728205553551
644,4.175577491994676
645,1.521448470935603
646,1.7988647662834503
647,1.2593825276935684
648,34.95668024790855
649,15.166329745224557
650,7.594663757036463
651,0.5293775784514783
652,8.447856681149576
653,3.2003360522427116
654,3.7162550591254937
655,2.6745324092163147
656,17.988099821886028
657,8.183389681600751
658,4.196895981453821
659,0.26592679268367503
660,4.378479907045032
661,1.664274289847946
662,1.9775722631743782
663,1.4071488180486518
664,38.36313744756271
665,16.353341459401225
666,8.398847391559354
667,0.5909675122063283
668,8.91598638678456
669,3.3875911936114624
670,4.066320374260448
671,2.9047242329260055
672,26.202903678896785
673,11.631213710274773
674,5.852660193147826
675,0.38806362715690323
676,6.432368012950622
677,2.480458280139606
678,2.80361216971602
679,2.0459235127074935
680,19.190797189290166
681,8.456806669587113
682,4.313611105191982
683,0.274111757101327
684,4.620271183268594
685,1.8635845515263083
686,2.0138616290477493
687,1.4466122688233212
688,49.3026057615643
689,22.430071995773947
690,10.936311512397497
691,0.7489136903501956
692,11.7059912799532
693,4.710314601840699
694,5.563368668428355
695,3.8134782990654275
696,21.33909982921806
697,10.384456123717515
698,5.069705560231461
699,0.32774870589121774
700,5.508466740439274
701,2.0921753319061316
702,2.3749656955944256
703,1.676474837665952
704,27.894194470358787
705,11.898871077870805
706,6.018106046725912
707,0.3991385157305063
708,6.758084877333059
709,2.6087271307279134
710,2.9319323035279803
711,2.1102572759538285
712,32.69414064277954
713,13.99519530430859
714,7.287010427591247
715,0.4996340668753286
716,7.937630931511444
717,2.9787879255146317
718,3.566453100984269
719,2.4510447844198016
720,24.36303587805856
721,10.625312327124616
722,5.4826711432610855
723,0.35131074098438747
724,5.827273489029415
725,2.257551674789487
726,2.549449693370744
727,1.8901186275969615
728,26.19437773294161
729,11.698939829060409
730,5.7685945039250655
731,0.3888868105294402
732,6.402139545011173
733,2.334849648168046
734,2.795472794389564
735,2.1557518404105855
736,16.889846003570607
737,7.672884530890534
738,3.8329689234942506
739,0.27799393801458255
740,4.083830358018924
741,1.5101138690701637
742,1.8369451790294913
743,1.2772858791347952
744,39.36022979093757
745,18.218764304420734
746,8.875420030202665
747,0.6528579771282487
748,9.266947447941591
749,3.671299055440133
750,4.151662573375337
751,3.230945912836562
752,16.40502521996182
753,7.476001807828528
754,3.522716490850123
755,0.2719394785682701
756,3.7730922026849614
757,1.4205629796840424
758,1.6816157234346292
759,1.2733585789611137
760,17.659470652746275
761,7.921600815340777
762,4.153768800576718
763,0.292457639177836
764,4.219997387874384
765,1.7174349921152068
766,1.9736070681194198
767,1.365241433023832
768,26.603372218274302
769,11.839891632363386
770,5.611813818057748
771,0.3682099447407812
772,6.353054304783502
773,2.402196084500018
774,2.7524028037867456
775,2.0389187101062207
776,29.591891265190235
777,13.73628746370477
778,6.4186893034599795
779,0.4255722460564057
780,7.045988349234184
781,2.8724365101535745
782,3.2088123491591376
783,2.420892268252333
784,20.37255584356395
785,9.071705208328229
786,4.332335053668058
787,0.2556620752025664
788,4.908544049109025
789,1.808267854095712
790,2.169554760608649
791,1.548844598749469
792,22.08049156771104
793,10.04720057404568
794,4.9025403782204515
795,0.3176618719985195
796,5.310319632650937
797,1.9964827428857128
798,2.2373446747017818
799,1.6764162143887138
800,62.515826223639706
801,29.438885729035643
802,14.048831466228668
803,0.9172552275361833
804,14.782861930636567
805,6.04116414926007
806,6.816178909094751
807,5.29747938050398
808,17.50376808717818
809,7.95896234457025
810,4.057122269962591
811,0.2844982498414626
812,4.171090702096841
813,1.6921125815393256
814,1.9685528281475173
815,1.4274958312158417
816,16.748995844057653
817,7.521921272382985
818,4.89622577634109
819,0.09618480655811582
820,5.415061828396107
821,1.9828153129445116
822,2.445704545349138
823,1.6061054732039841
824,19.694227353060036
825,8.957388108985477
826,5.6999021022671394
827,0.10842119058353762
828,6.572406464190425
829,2.43882603988933
830,2.9112394734577465
831,1.8575661498141713
832,18.535264786031682
833,8.264984314487675
834,5.18842570518447
835,0.08857029771734856
836,5.717954056376822
837,2.196536736130614
838,2.670809322127276
839,1.7091745874597244
840,16.721341700946088
841,7.362154801165668
842,4.933897325785236
843,0.09556497878394969
844,5.119685750869837
845,1.875438081148294
846,2.445048374878062
847,1.4755176918436193
848,14.382099934926615
849,6.5055264842848395
850,4.554742110910992
851,0.08283485099364064
852,4.793557438335787
853,1.7339220122520496
854,2.165983698073166
855,1.4370945229290963
856,16.75360333824776
857,7.34960309172651
858,5.015003954345661
859,0.08138863285873493
860,5.1697378891344306
861,1.7688321319947002
862,2.3658195500657055
863,1.4592196770477666
864,16.548419635253573
865,7.600226990274386
866,4.8570086241264425
867,0.08152345723944984
868,5.341631974301452
869,1.9221440097224858
870,2.4282317723102307
871,1.5745301763477775
872,24.160011861911162
873,10.575584428021603
874,6.888440346164343
875,0.1468215164871543
876,7.5061708875863
877,2.678964648330286
878,3.365959577663231
879,2.1503499245244257
880,27.472663605943783
881,12.216564371096137
882,7.4314347256080815
883,0.13736585151456654
884,8.18317417260971
885,3.0442360301602336
886,4.041280253880388
887,2.46862354896372
888,14.264386070560164
889,6.5039216249639535
890,4.1620654874119065
891,0.07135999199738423
892,4.490784652628492
893,1.692190370257643
894,1.9996168620506987
895,1.3328552137783505
896,20.047560908058422
897,8.897975500410652
898,5.722141858669149
899,0.11316812580047438
900,6.254231555812397
901,2.259242005523542
902,2.840352015131243
903,1.9056873285632863
904,12.477581881258347
905,5.212043940070958
906,3.5378176715176974
907,0.0501762397505656
908,3.4996318930945325
909,1.3531775712140748
910,1.6589453887139847
911,1.1422147489971848
912,14.394512554669468
913,6.282539124898968
914,4.417938496372326
915,0.06369331817286299
916,4.768517476187959
917,1.7480180363300082
918,2.0910109024050185
919,1.384603921174463
920,16.694193937419897
921,7.549255201636839
922,4.892064889042782
923,0.0901783865115196
924,4.962560713367582
925,1.8892880592901016
926,2.3780025233708977
927,1.6267239264662972
928,18.77349449949214
929,8.091909540382222
930,5.541279631841244
931,0.09021897009132403
932,5.6086320560013085
933,2.074086884941163
934,2.6828063641043296
935,1.7429876191723241
936,25.641077119672623
937,11.552483002812298
938,7.462188248348553
939,0.15034519068697785
940,7.870713679484919
941,2.9946407386933176
942,3.8125087393458186
943,2.373298525184825
944,13.90424761755255
945,6.550989451121421
946,4.42346093047198
947,0.07619473026601256
948,4.692283934809437
949,1.7390725558085753
950,2.1555196368474494
951,1.4634925609450482
952,37.879110239113416
953,17.475404112971653
954,10.736170128707265
955,0.23317494048266618
956,12.15002249084757
957,4.55612789202406
958,5.645505111558654
959,3.526194486157457
960,19.153836419235592
961,8.183408747705919
962,5.200581933226972
963,0.08632169491309445
964,5.686930417414549
965,2.0816408937662985
966,2.5888892619327204
967,1.741073845997315
968,23.475518724022265
969,11.151039769214316
970,6.6830125893699295
971,0.12814287087231777
972,7.397795261564966
973,2.598925171949914
974,3.4626512778454894
975,2.142187538591748
976,35.5239467058847
977,16.078541539980627
978,9.997155343423307
979,0.21602534861343073
980,10.853841828807957
981,4.244084646793985
982,5.0133409249228205
983,3.235200690247876
984,32.442093116489644
985,13.771630823394032
986,9.273027609950306
987,0.1679306318986669
988,9.271078827110685
989,3.5324892909674945
990,4.330873748266841
991,2.646339699226813
992,20.190399285540803
993,8.698258364158255
994,5.674991377742105
995,0.12007687303074602
996,5.990176375822467
997,2.224445246083724
998,2.825269651457175
999,1.8399458106009965
1000,13.943188189696356
1001,6.22819758866117
1002,4.0132369976562945
1003,0.07790695179125684
1004,4.389297516974307
1005,1.7119689795530824
1006,2.0418155075490803
1007,1.2854873054886817
1008,25.797802151813702
1009,11.304873497894343
1010,6.925733435605451
1011,0.14126018300134102
1012,7.701772837917845
1013,2.9080018099498655
1014,3.78863062518017
1015,2.3729954035194876
1016,20.76561780257136
1017,9.149582536037872
1018,5.913580432338701
1019,0.10873062186301456
1020,6.15477476619781
1021,2.3650337985798355
1022,2.8321232713618874
1023,1.8971334575662824
1024,14.652623538680075
1025,6.483974492524406
1026,4.357464188205681
1027,0.06314782940321571
1028,4.538878755737098
1029,1.722728211052429
1030,2.078740084529535
1031,1.32746709611672
1032,20.4406342259284
1033,9.532461693841674
1034,5.845407774651202
1035,0.1059235679663381
1036,6.171127504213513
1037,2.232798098552146
1038,2.8028059088999497
1039,1.854505781452182
1040,13.26955493258555
1041,5.958789775943941
1042,3.763840425928179
1043,0.0529998412662557
1044,4.198857677931361
1045,1.5443879368841993
1046,1.8602751758635823
1047,1.2373202821985283
1048,13.716653080227195
1049,6.266518556052478
1050,4.067561699090751
1051,0.07544708484186041
1052,4.4376196572060325
1053,1.6682927886290484
1054,1.9669891485219677
1055,1.2782755051927415
1056,29.876977559589978
1057,13.076448953875428
1058,8.380396048413019
1059,0.16708855957921936
1060,8.786229015098181
1061,3.354185178281576
1062,4.206531159229945
1063,2.6070391349778617
1064,15.248640087202569
1065,6.597620653625991
1066,4.385344042184022
1067,0.07935928496113517
1068,4.840146042935742
1069,1.7670651962852384
1070,2.1700426251712894
1071,1.3456898144857972
1072,32.64752736673851
1073,13.446538822636713
1074,8.827870059622178
1075,0.17386496676043237
1076,9.3340489221574
1077,3.378251523201537
1078,4.520927230019253
1079,2.819458844066519
1080,21.878495339562953
1081,9.762502021359133
1082,6.383373841008211
1083,0.11492385676736933
1084,6.906203711809994
1085,2.5276038677846766
1086,3.0825319744437865
1087,1.9818070829990482
1088,15.758393179048607
1089,7.117636686972623
1090,4.781756656342011
1091,0.08099282635506837
1092,5.071521763601203
1093,1.8237809764905453
1094,2.2477961518480996
1095,1.4609792498659973
1096,42.24516919332353
1097,18.857042889483346
1098,11.73755827069107
1099,0.2218954935326252
1100,12.88888565213999
1101,4.872705615463484
1102,6.072728373218132
1103,3.855918433357832
1104,18.17659875460647
1105,8.302791611668116
1106,5.469105016817537
1107,0.08344331418202616
1108,5.697964703395872
1109,2.0820960488959535
1110,2.5140927925882615
1111,1.6790322563725175
1112,23.620511536065962
1113,10.573390340141822
1114,6.558913092506663
1115,0.14212031142132478
1116,7.0410504627704
1117,2.668456482157638
1118,3.407920263449173
1119,2.1533378319273893
1120,26.903919084567725
1121,11.869261482445202
1122,7.85060391914561
1123,0.1400109832753085
1124,8.198653584745196
1125,3.0909996530296104
1126,3.8596463082732915
1127,2.468999147011056
1128,20.790720590658978
1129,8.898695776145164
1130,5.750422496010341
1131,0.11425952855068912
1132,6.430865707014585
1133,2.3144489909759773
1134,2.8686256216752923
1135,1.8930136320269249
1136,22.07571890976769
1137,10.04479604420498
1138,6.297319558744642
1139,0.11196305099199928
1140,6.5717188369377695
1141,2.4621145951607684
1142,3.141702602878752
1143,2.083627519427732
1144,13.813603520055205
1145,6.247724790834482
1146,4.1272107491183005
1147,0.06633533295434207
1148,4.429976922922142
1149,1.5344775098348384
1150,2.0132023608033647
1151,1.279704045406683
1152,34.33435967041301
1153,15.594095913511161
1154,9.334442098400384
1155,0.1863088510226093
1156,10.298607729261924
1157,3.84919574237015
1158,4.636700470993294
1159,3.2145988525685794
1160,13.21249447683189
1161,5.749963572657426
1162,3.81061538011447
1163,0.07058049134164758
1164,4.109369058007494
1165,1.4759672870693141
1166,1.8750437038446908
1167,1.238055575495208
1168,14.356290530184834
1169,6.385737418844669
1170,4.395983922646036
1171,0.07379295101836382
1172,4.703484442795909
1173,1.7667009365903006
1174,2.112584471286473
1175,1.4058762585662052
1176,22.158183576363733
1177,10.067663811360399
1178,5.97336325908097
1179,0.1114944543765461
1180,6.7358820131962736
1181,2.5227973846285376
1182,3.0933967790008814
1183,2.091811280232223
1184,24.923979398434838
1185,11.160258156747572
1186,6.8843966452860546
1187,0.13334822475802005
1188,7.522156072057659
1189,2.921347152645458
1190,3.6170526395421416
1191,2.4222035787965464
1192,16.527234583494046
1193,7.515392233802108
1194,4.65999848266663
1195,0.08432749603780697
1196,5.119035786076581
1197,1.8872528992604798
1198,2.4400004528031025
1199,1.5674472999056652
1200,18.54780751556929
1201,8.083318226245044
1202,5.287816998510421
1203,0.08589921478357167
1204,5.491850249938132
1205,2.123540386698119
1206,2.5293557946906704
1207,1.6729386517005875
1208,52.955654812153064
1209,24.92997538183708
1210,15.230303474646048
1211,0.3666292715887367
1212,16.36425492611075
1213,6.412933461855551
1214,7.721669368725808
1215,5.1469000016574435
1216,14.707207730059864
1217,6.42425732058229
1218,4.449483151745427
1219,0.06751316801213758
1220,4.596487469659917
1221,1.760498421486383
1222,2.203174373408755
1223,1.3351251722536412
1224,18.57171866337075
1225,8.930050423799269
1226,3.738180596077281
1227,1.2702421740861944
1228,2.9444750598935405
1229,1.675211619002182
1230,1.691279767925053
1231,1.4663450253497865
1232,22.0083561666837
1233,10.155781566845521
1234,4.5963412365698115
1235,1.5375695562245346
1236,3.807788810597708
1237,1.988169567099256
1238,1.9930694406110674
1239,1.7458973454775093
1240,20.2799391930912
1241,9.060958580752297
1242,4.153939384369713
1243,1.4216204436016684
1244,3.136780615873089
1245,1.8367577845283782
1246,1.8841902908592019
1247,1.5918172504835277
1248,19.035038607036284
1249,8.703382606274428
1250,3.8382728528324326
1251,1.3839859979045117
1252,2.8969260778891
1253,1.6211301545203518
1254,1.770453864782709
1255,1.4760890676289824
1256,16.90758032025379
1257,7.693722195933792
1258,3.3946672693247453
1259,1.2508557878821986
1260,2.701962963029708
1261,1.4802323041863665
1262,1.5467134269623344
1263,1.3501854310540387
1264,19.05505884315793
1265,8.683859234580366
1266,3.514169438183897
1267,1.3147523202268308
1268,3.0312810401512698
1269,1.5536151316658466
1270,1.7796593499164763
1271,1.4711861827302977
1272,18.442257752179327
1273,8.952662266465733
1274,3.8836184789067776
1275,1.3839630019237534
1276,2.9798742040603643
1277,1.6509871559423406
1278,1.7530234942285408
1279,1.4987091952735794
1280,26.420697453139336
1281,12.296133856351124
1282,5.027512268132497
1283,1.9577597253368613
1284,4.165334073364127
1285,2.2831972086354093
1286,2.297232452524979
1287,2.0005363081972956
1288,30.548064896384332
1289,13.948799538395207
1290,5.949326606134633
1291,2.1499759376117478
1292,4.777525833046027
1293,2.6730557268826223
1294,2.7439694597455433
1295,2.4661836724728943
1296,15.911844528355514
1297,7.6684935031205965
1298,2.9764525758574423
1299,1.179959460294986
1300,2.624565091432794
1301,1.4810079750643221
1302,1.5089322640123213
1303,1.3436798640550107
1304,22.301440170046032
1305,10.215600085565436
1306,4.633356108145783
1307,1.6559676754294252
1308,3.557387320599209
1309,1.9794519229111545
1310,2.0123851068515717
1311,1.7650418963497099
1312,13.469852721805056
1313,5.9421023592713995
1314,2.634661489276742
1315,1.0714498056092983
1316,2.149449636742242
1317,1.2026996063609168
1318,1.2454585074952382
1319,1.125465222921924
1320,16.191042236717397
1321,7.277446481848881
1322,3.210552036026062
1323,1.175949369598178
1324,2.662196244286621
1325,1.4318670461970784
1326,1.4983780481085922
1327,1.3152428580789306
1328,18.172887566283258
1329,8.79685535263188
1330,3.6216854432862435
1331,1.301868474743376
1332,2.7030059368060337
1333,1.5813695417551028
1334,1.636277188486185
1335,1.4665692052612123
1336,20.49060896785181
1337,9.40248413741766
1338,4.319471603027733
1339,1.49123014657252
1340,3.1814296234400796
1341,1.7786091136564768
1342,1.894040232690844
1343,1.6535692479176032
1344,28.20105071332567
1345,13.312992907929598
1346,5.629728990800366
1347,2.0455219238015725
1348,4.399425678227767
1349,2.462068204571419
1350,2.5454751742508392
1351,2.1874396814128536
1352,16.260084373855367
1353,7.435775516391532
1354,3.2721501880445625
1355,1.1770981387130903
1356,2.6261151784570402
1357,1.4511887906489138
1358,1.5237125376005933
1359,1.3605152688510032
1360,42.961922518858785
1361,19.36636806183936
1362,8.504716472091024
1363,2.802675855114294
1364,6.914958985943677
1365,3.7008319183535057
1366,3.8719792764324814
1367,3.2538610451061976
1368,20.803759958416
1369,9.688399028944865
1370,4.0117751425817945
1371,1.5035647416848443
1372,3.1084478256539514
1373,1.7937024850910566
1374,1.8390326004953474
1375,1.6337231497041471
1376,27.294639890582364
1377,12.509011171027941
1378,5.245444512361227
1379,1.9092637402935315
1380,4.339637733128252
1381,2.3092841281943506
1382,2.4115119884959433
1383,2.1025614923621023
1384,38.76896902329994
1385,18.759201956917927
1386,7.420288628181023
1387,2.7445352450458773
1388,6.478419895266866
1389,3.461324535685949
1390,3.3306003600642446
1391,3.0769907833660253
1392,33.996629114218166
1393,15.214532807258554
1394,6.554974547781052
1395,2.281714001349158
1396,5.062789866644118
1397,2.7828405724851715
1398,2.886957862873097
1399,2.4678976301197446
1400,23.05539151054624
1401,10.364060161734368
1402,4.646343879837897
1403,1.6144774011052396
1404,3.6383285314349014
1405,1.8889077503950928
1406,1.9770111785230786
1407,1.7207815927082617
1408,15.70854403313123
1409,7.103089678571648
1410,3.0063276740741043
1411,1.1608585940864544
1412,2.4555045631114965
1413,1.433026386231417
1414,1.464445445083871
1415,1.252167950963124
1416,28.426244056803462
1417,13.249603470789797
1418,5.813987339811838
1419,1.9886431703511789
1420,4.254966764974979
1421,2.349381274348111
1422,2.487761899736651
1423,2.2013033454583026
1424,23.461867554250677
1425,10.467611358426316
1426,4.516951399916969
1427,1.617155891730302
1428,3.612803908639294
1429,2.0055999628385597
1430,2.0361585721806876
1431,1.8258780257965797
1432,16.75103282552476
1433,7.615172913625724
1434,3.193196723183447
1435,1.1965678726529163
1436,2.669212263154775
1437,1.463464909524519
1438,1.5008955229714782
1439,1.3127358441087582
1440,22.712431264646636
1441,10.596996443547077
1442,4.660306858804502
1443,1.5911988168289928
1444,3.5488949367832423
1445,1.8881537570241922
1446,2.001388915695887
1447,1.7909181362432383
1448,15.002396536045081
1449,6.689157605876957
1450,2.8467783325431624
1451,1.0827157687763769
1452,2.3636966535586614
1453,1.3422079043652224
1454,1.356550952475574
1455,1.2118953821825742
1456,15.576963334395623
1457,7.157578373913422
1458,2.9585514847855308
1459,1.0912184428463576
1460,2.4853795547303896
1461,1.3336481143735848
1462,1.4368458995184492
1463,1.2275833565155134
1464,33.307505722195586
1465,14.514033573380885
1466,6.193806879903599
1467,2.2633310762950396
1468,5.189842439299235
1469,2.6677778002836066
1470,2.8709262055723688
1471,2.5325628589589377
1472,16.956331432654856
1473,7.778415766259523
1474,3.3551331181956905
1475,1.2250603717789228
1476,2.606464059952883
1477,1.4829062374543893
1478,1.583242642885136
1479,1.3602288454906444
1480,35.18520038892614
1481,15.589275943716126
1482,7.436852007907113
1483,2.4836380125852404
1484,5.645432060150891
1485,2.881455391194112
1486,3.1387183315336644
1487,2.7441791535472912
1488,25.27206035781709
1489,11.04432910026156
1490,4.9740337619098165
1491,1.7424940763737402
1492,4.021297783641641
1493,2.146626577733328
1494,2.2484299649721255
1495,1.8547468068730997
1496,17.88846275893381
1497,8.620541059293027
1498,3.617696319150909
1499,1.2686649804033758
1500,2.790510526672836
1501,1.5733583592936904
1502,1.6055378456911515
1503,1.4010253983998302
1504,46.33622209659087
1505,20.45710212971
1506,8.818354221537659
1507,3.135474262415179
1508,7.284537732847986
1509,4.102417023592717
1510,4.051851110599753
1511,3.6151984470078924
1512,20.040395258210157
1513,9.555497852708104
1514,4.100070376732093
1515,1.3713369769155521
1516,3.2000537041647386
1517,1.8016479692568685
1518,1.7947928043843664
1519,1.540953526526172
1520,25.83255255805555
1521,11.77920482510832
1522,5.291791625580365
1523,1.881298145676904
1524,4.0946294941532235
1525,2.290883285046196
1526,2.3733357042663332
1527,1.9991199347634263
1528,30.377149731576623
1529,14.240534458784884
1530,6.3810541475360925
1531,2.124635677031417
1532,4.65874469891024
1533,2.605719922029301
1534,2.7034596830628526
1535,2.3303743017731624
1536,23.474016018117435
1537,10.097549511351378
1538,4.502965628856769
1539,1.6095592198182542
1540,3.634507137984555
1541,1.964141226080474
1542,2.103179106901391
1543,1.8141494762577504
1544,24.216675175519917
1545,11.110821298540984
1546,4.824879329085682
1547,1.7107804580413264
1548,3.8278898017498317
1549,2.0028993820109853
1550,2.1310192368716905
1551,1.931934544774484
1552,15.956226932263156
1553,7.012274581516423
1554,3.0281513488713916
1555,1.112416401674074
1556,2.4184547362315856
1557,1.320033894332231
1558,1.4587671144595626
1559,1.2381819480695804
1560,37.69102610726506
1561,17.454501750774067
1562,7.5276054814439695
1563,2.7438292121410703
1564,6.057248113508167
1565,3.149086885062642
1566,3.1657721999048145
1567,2.9858809709061673
1568,15.250914151264235
1569,6.856460720503433
1570,2.9428897531827083
1571,1.1707759284531043
1572,2.4275023340391217
1573,1.3593470695898298
1574,1.3993612959587993
1575,1.2629111566807754
1576,16.441367471560856
1577,7.498176213313869
1578,3.215733747971912
1579,1.1815832523887877
1580,2.6531338038023122
1581,1.4621980860224846
1582,1.5313888424002597
1583,1.323024675775711
1584,24.93976299660076
1585,10.752499330352618
1586,4.560497359745922
1587,1.7902309133644292
1588,3.87594690204541
1589,2.083128819096017
1590,2.163854111036279
1591,1.8756048387026494
1592,27.227441405181835
1593,12.350299717945413
1594,5.32686582679137
1595,1.8478579930316201
1596,4.265070876260308
1597,2.3527152120099086
1598,2.527029246432893
1599,2.2207720725210702
1600,18.890889190784378
1601,8.939212745042303
1602,3.7121107698049873
1603,1.3741021640392983
1604,3.043768421017839
1605,1.638481134077516
1606,1.7515604941989387
1607,1.4968518931018915
1608,21.047674187115565
1609,9.441693158072496
1610,4.152788568246397
1611,1.3976643922284497
1612,3.205486381653801
1613,1.8364974961271476
1614,1.785214154072695
1615,1.5907296773208701
1616,57.1797758227857
1617,27.755396841218804
1618,12.324760753240344
1619,4.041701880769984
1620,9.238822866927956
1621,5.3567477685989795
1622,5.333899691268328
1623,4.902720895084616
1624,16.571579251507366
1625,7.545454056870226
1626,3.2334453310155444
1627,1.2011993750830103
1628,2.645415087706446
1629,1.4535687117719602
1630,1.5432357376137245
1631,1.323322721412405
1632,20.154108800205805
1633,9.319703555915961
1634,4.091697565574451
1635,0.7706104470458087
1636,3.801610676286508
1637,1.7360186067502896
1638,1.8893055442600961
1639,1.443207957357173
1640,23.373538750052553
1641,10.567337922141581
1642,4.8303894508643825
1643,0.8686796922055255
1644,4.808893985571029
1645,2.052362926213284
1646,2.125469178889
1647,1.7504439074054583
1648,21.64642549494011
1649,9.689181982182784
1650,4.465529654138076
1651,0.7846715407621392
1652,4.048917668162921
1653,1.911539175931661
1654,2.0620896302486322
1655,1.5666948981252031
1656,20.161136090619426
1657,9.047270479335074
1658,4.209589472135256
1659,0.7625650396565167
1660,3.7998076585223073
1661,1.6798943095810595
1662,1.89394228458509
1663,1.4631564069945575
1664,17.8332462041188
1665,8.06949547663391
1666,3.5937021141628254
1667,0.7268521272289937
1668,3.429575646063746
1669,1.542324409734101
1670,1.6924902886171018
1671,1.349787611145867
1672,20.22293387281582
1673,9.085779946203836
1674,3.9971041658825914
1675,0.7502744404854184
1676,3.7260042323336346
1677,1.6285270076087923
1678,1.8339519226597465
1679,1.4035815022332532
1680,19.411590993706696
1681,9.424367589510943
1682,4.094446730381217
1683,0.7597565276659695
1684,3.900867030319394
1685,1.7124554082651025
1686,1.92272581017267
1687,1.4945341787539803
1688,27.644284585129668
1689,12.647619049765852
1690,5.6863071355318215
1691,1.0155173739100936
1692,5.5554282363579
1693,2.419996501594674
1694,2.5649233957165327
1695,2.055823235194764
1696,33.250272592682585
1697,14.531685535649183
1698,6.706695163664348
1699,1.2129354310177054
1700,6.153085212316422
1701,2.6791567034604147
1702,3.0970703398611157
1703,2.3897653737008175
1704,16.73984266622993
1705,7.91836618387182
1706,3.34358790184247
1707,0.6647016809553251
1708,3.3610676213008905
1709,1.4745740548287518
1710,1.5400568256902227
1711,1.2624430182406823
1712,24.09387429539182
1713,10.870890723760937
1714,4.865504321613477
1715,0.8617586252905877
1716,4.486550049474188
1717,1.9843962016572017
1718,2.2091778057588094
1719,1.764092357547068
1720,14.752349811249934
1721,6.030594351765182
1722,2.7655615007732584
1723,0.6588891918884492
1724,2.6703607450485545
1725,1.2280680060238784
1726,1.3454770321743423
1727,1.1005235064919754
1728,17.46306931002515
1729,7.708605945472944
1730,3.7033994450874417
1731,0.6811762631670829
1732,3.511976059191841
1733,1.4963020157817881
1734,1.6493425308775673
1735,1.344925039862891
1736,19.684283541034496
1737,9.076781994596997
1738,3.984102742463944
1739,0.7507052539485433
1740,3.6549559692816267
1741,1.6549005041705132
1742,1.8221124765933012
1743,1.4549139863118286
1744,22.33281793383682
1745,9.920814879995358
1746,4.7691214485921565
1747,0.8119705067443104
1748,4.108511883099043
1749,1.9047654025209657
1750,2.0841695117318677
1751,1.6370327607433608
1752,29.339220084925383
1753,13.399846924381796
1754,6.242265280774248
1755,1.1304588810001752
1756,5.687827879958626
1757,2.5825003241243083
1758,2.8613911578434563
1759,2.20822176898746
1760,17.1565052318643
1761,7.972650808757085
1762,3.6770951559885665
1763,0.6539705732694122
1764,3.464878139790107
1765,1.4888717969577039
1766,1.6552231524403873
1767,1.365153457073537
1768,46.5094002492303
1769,20.880487499623545
1770,9.547341479726208
1771,1.6282556937551897
1772,8.740179474860657
1773,4.143476936407388
1774,4.483456469451478
1775,3.339556389039506
1776,22.145507676088407
1777,10.062350056156525
1778,4.431956991162171
1779,0.815987155126497
1780,4.0963765384776005
1781,1.8461360829942224
1782,2.0337472353173554
1783,1.6640833127757766
1784,28.222506157961107
1785,13.294550457334926
1786,5.812761339656706
1787,0.9908962881987521
1788,5.535898954209954
1789,2.3587447963655617
1790,2.5888211498796756
1791,2.028526765812652
1792,42.987408827539696
1793,19.538734071295654
1794,8.524243833219838
1795,1.5495358897847251
1796,8.281495973064258
1797,3.6063250078421913
1798,3.882777627034263
1799,3.1623442971531297
1800,36.67560546515008
1801,16.550768616965197
1802,7.569379979377281
1803,1.315828072484505
1804,6.975864786198049
1805,3.071195870789787
1806,3.3017105141357037
1807,2.5195273135534273
1808,23.7353374354856
1809,10.61797050503673
1810,4.887560068601995
1811,0.8969014123253087
1812,4.416032664532908
1813,1.9614497234449768
1814,2.1280173847130914
1815,1.6826194067708664
1816,17.167970149486276
1817,7.5400952082179975
1818,3.295564382617028
1819,0.6473596883045895
1820,3.2666617901117205
1821,1.4710890942700836
1822,1.5916694140459784
1823,1.230032432074492
1824,30.603014644211786
1825,13.83356772890809
1826,6.242997191142803
1827,1.05722945322182
1828,5.74953703493773
1829,2.4795802531313536
1830,2.9889348582369593
1831,2.2210232360460544
1832,24.47353556251659
1833,11.196524394110652
1834,4.930396692182151
1835,0.8737596167766828
1836,4.547087688859447
1837,2.056195622159558
1838,2.1754778167449245
1839,1.7451807200626268
1840,17.63982311603073
1841,7.98609892932893
1842,3.625419091092403
1843,0.6587146658812346
1844,3.4112341372231634
1845,1.5079409459942175
1846,1.6084220820131232
1847,1.305585417211968
1848,24.539376675587604
1849,10.808423235646275
1850,4.89985989474657
1851,0.8918527918759656
1852,4.351461685816915
1853,1.9339097567834447
1854,2.173896888584755
1855,1.807744726298951
1856,16.56637426935091
1857,7.090972234311651
1858,3.163537740170907
1859,0.6591592574445438
1860,3.0975386805893392
1861,1.3704805253899244
1862,1.4314026086551064
1863,1.205198733191909
1864,17.38447804696386
1865,7.324946040781738
1866,3.341428704121472
1867,0.6652692342203723
1868,3.311297968306282
1869,1.4224342949126194
1870,1.5787745417393342
1871,1.2323240592749491
1872,35.58765569342443
1873,15.599204874677731
1874,6.92294515066112
1875,1.1794108241156078
1876,6.625420131253048
1877,2.839470259452114
1878,3.24271078293419
1879,2.5352610224478775
1880,18.624986071528394
1881,8.183584040152864
1882,3.7186121788275344
1883,0.7076094965412004
1884,3.4253358040347375
1885,1.499528388782629
1886,1.7161599019551332
1887,1.3550442739076458
1888,40.13129571495429
1889,16.739752121357125
1890,8.192308593383636
1891,1.3659903324052582
1892,7.030068979816598
1893,3.098143129916301
1894,3.6570748120434775
1895,2.693084450973691
1896,26.13919574377757
1897,11.578983699164805
1898,5.474584168254045
1899,0.9205321681239479
1900,4.917677868299879
1901,2.2462185555056746
1902,2.458995989605333
1903,1.8723190570189623
1904,18.84348267474301
1905,8.544301398140377
1906,3.8943944330419207
1907,0.7644015657604272
1908,3.694934875063851
1909,1.6077360446079212
1910,1.744311423813932
1911,1.4017985722249937
1912,50.13251301007045
1913,21.97871242154461
1914,9.958405393709137
1915,1.6885353851391036
1916,9.50400504980346
1917,4.357785159145725
1918,4.593630791720446
1919,3.632786568954364
1920,21.60110580694876
1921,10.252839057685998
1922,4.692641525159961
1923,0.8143843333053755
1924,4.178851411904293
1925,1.908592156416314
1926,1.982217108051971
1927,1.557201152355682
1928,28.736163056437732
1929,12.387322972250406
1930,5.481615490899715
1931,1.0328164089372487
1932,5.11924020144499
1933,2.3946354384513815
1934,2.541664709040161
1935,2.0252787539612065
1936,31.85387886354488
1937,14.07228704476034
1938,6.737828327191985
1939,1.104383614278497
1940,6.062761484883329
1941,2.7346071770485216
1942,3.134304782490281
1943,2.3609443363113343
1944,24.610693036125294
1945,10.922642644326213
1946,5.131377508783006
1947,0.916937765667451
1948,4.641975392561023
1949,2.1213587475157696
1950,2.2817307210389974
1951,1.7794536668951046
1952,25.639300876220386
1953,12.121943283740864
1954,5.4480463996696935
1955,0.9342055825958415
1956,5.0122197047152515
1957,2.196370119264687
1958,2.431909588473039
1959,1.9757435507212542
1960,17.12739677248259
1961,7.355506199820265
1962,3.4063750724628172
1963,0.670286423924139
1964,3.2291983806440574
1965,1.3878466021813072
1966,1.5568629471188165
1967,1.2541893766001897
1968,41.37747968573512
1969,17.81616674889012
1970,8.138610800623622
1971,1.4921384544821696
1972,7.5108540027666
1973,3.376874423386057
1974,3.5757599991073645
1975,2.898307576032938
1976,15.669991773075685
1977,7.171295084275075
1978,3.2003852394272063
1979,0.6454675340785746
1980,3.003435117340447
1981,1.3733494028505033
1982,1.4350064290741185
1983,1.2042907705996424
1984,17.68716885744101
1985,7.783688568788873
1986,3.6526314247564584
1987,0.6873590451409906
1988,3.425721262304816
1989,1.5460555297245375
1990,1.6208554339675807
1991,1.3540254133202754
1992,26.632220684109086
1993,11.527785881643492
1994,4.923376791406428
1995,0.9549401404864477
1996,5.009729191957782
1997,2.267483225444422
1998,2.3843037252413453
1999,1.9648852685924272
2000,29.281778381807978
2001,13.324555823876242
2002,5.9877468052594365
2003,1.0656141666109458
2004,5.436849567409485
2005,2.5005521739910597
2006,2.908520379228506
2007,2.286524517912432
2008,19.843603206334105
2009,9.244789073658941
2010,4.045222392420379
2011,0.7305222377407662
2012,3.782098090224971
2013,1.6902169769000523
2014,1.868143594627192
2015,1.463711210692326
2016,22.428615886868382
2017,9.788111991790094
2018,4.61909977616067
2019,0.8264078264602974
2020,4.16120826109326
2021,1.9174206666617482
2022,1.9322890211789834
2023,1.6204646889841212
2024,61.96679438978374
2025,30.306751902100867
2026,12.993376030203867
2027,2.230496023812256
2028,12.09616345813667
2029,5.635686539511489
2030,5.997385322760653
2031,4.789746411812141
2032,17.699241478957795
2033,7.667843601680611
2034,3.6471171720058027
2035,0.700345674635098
2036,3.4014572071550875
2037,1.470128820436742
2038,1.723771997469533
2039,1.310127360505214
2040,17.98504667209226
2041,8.275604522971964
2042,5.06091958480737
2043,0.12332936308401628
2044,5.523364286460256
2045,2.113069985893627
2046,2.5510772177181242
2047,1.6295012474937247
2048,21.37928796914573
2049,9.489705539257091
2050,5.976803277293111
2051,0.14296321815903937
2052,6.965865225755288
2053,2.502254966386929
2054,2.911760762010791
2055,2.014317100129359
2056,19.497884317936467
2057,8.77765334254789
2058,5.494014850817149
2059,0.10899372856972525
2060,5.847569687241135
2061,2.328407464488901
2062,2.7713827982377
2063,1.8054716351102564
2064,17.970963260682517
2065,8.090143397570273
2066,5.162702183097178
2067,0.11864292052037156
2068,5.398811139103409
2069,2.0445756875092114
2070,2.555736347227497
2071,1.6820034291120782
2072,15.655284877244254
2073,7.140250152273912
2074,4.557203792360068
2075,0.10202712960958145
2076,4.786080578818117
2077,1.820244750968905
2078,2.2663562459439026
2079,1.4128751778269422
2080,18.084557005874736
2081,8.062392894840238
2082,5.090589113189027
2083,0.11599538215624737
2084,5.34108411012512
2085,1.9863070525651487
2086,2.4851553030036206
2087,1.5843124345348918
2088,17.533111017490064
2089,8.405383378659916
2090,5.091882678154285
2091,0.11414635482040732
2092,5.673641536852556
2093,2.0696456430157286
2094,2.5912482902263325
2095,1.6983133106771975
2096,24.87885879369544
2097,11.200684571902979
2098,7.121312107013359
2099,0.17158474651133984
2100,7.680118625433207
2101,2.9097675500957427
2102,3.488681264283804
2103,2.303046303886228
2104,29.94520766036818
2105,12.989683650137161
2106,7.787084979613669
2107,0.2216208866931612
2108,8.607128237471432
2109,3.192157735032113
2110,4.26526009421398
2111,2.677497865678457
2112,15.225589498803428
2113,7.15341120289807
2114,4.321630938894611
2115,0.10515905583175424
2116,4.824747392024714
2117,1.8134256392052925
2118,2.0888801747276187
2119,1.3861823115503062
2120,21.73141905788877
2121,9.739806566233108
2122,5.8748307739857735
2123,0.14491027665412196
2124,6.419686627929274
2125,2.394615499055682
2126,2.97530381483887
2127,2.009761363350794
2128,13.468091364384383
2129,5.793441538155563
2130,3.561398865872095
2131,0.10293530845700052
2132,3.7023517727392434
2133,1.385657641344284
2134,1.7227800234176611
2135,1.1582949247120595
2136,15.80858090808014
2137,7.03413833873733
2138,4.631673710375444
2139,0.10392452974672985
2140,5.050490019663874
2141,1.8401617967163224
2142,2.270417200866861
2143,1.539686173121538
2144,17.734801234328863
2145,8.05863179848976
2146,5.004421754871727
2147,0.12646956164584114
2148,5.262219293800781
2149,2.051903122556042
2150,2.4839130915886996
2151,1.6708967474985816
2152,20.07058172851905
2153,8.790943904829998
2154,5.732221723093467
2155,0.12583244109299047
2156,5.820207039314631
2157,2.299412252124679
2158,2.7915076895280424
2159,1.8542280649884437
2160,26.7319297467192
2161,12.16542782025661
2162,7.483340510744163
2163,0.1899883361913788
2164,8.007305821444596
2165,3.1107990036435176
2166,3.9425726335602658
2167,2.4994120252457863
2168,15.461231231495772
2169,7.270021266440569
2170,4.586178328160302
2171,0.09683187596957522
2172,4.995012105211928
2173,1.802180822558951
2174,2.28560549790986
2175,1.5586007375532234
2176,41.75568539232534
2177,18.98248856840922
2178,11.03540492902766
2179,0.30099925102160313
2180,12.268326669162787
2181,4.8771330822077115
2182,5.992796627797568
2183,3.7363731425768023
2184,20.00049506221903
2185,9.002372188177324
2186,5.5759071909326865
2187,0.1253058288468689
2188,5.815459672878028
2189,2.239523128019773
2190,2.7459201358972134
2191,1.8916319673981674
2192,25.62420610082652
2193,12.05530457786621
2194,6.955520656399413
2195,0.17291716277856095
2196,7.7900619905137125
2197,2.844140558421821
2198,3.500386911016909
2199,2.280275505093181
2200,37.95601110404286
2201,17.6407743394547
2202,10.38264907784166
2203,0.30307522546233195
2204,11.557449216234607
2205,4.336976841268391
2206,5.231202183258723
2207,3.5297724170175266
2208,33.67511746295456
2209,15.105148912543008
2210,9.554997474205049
2211,0.2153411280800243
2212,9.666732862050697
2213,3.7293120629450356
2214,4.513148616250707
2215,2.8034225739726
2216,21.532837122110962
2217,9.510544644130933
2218,6.00253794351539
2219,0.1538186953126849
2220,6.30525701653221
2221,2.3755860877446886
2222,2.9141968848723234
2223,1.9227932674943289
2224,15.452256250850615
2225,6.866220847574123
2226,4.237947990472463
2227,0.09016981627770097
2228,4.656442160921736
2229,1.8080164126967138
2230,2.199852092442445
2231,1.336167274789528
2232,28.095421804123163
2233,12.549868908927104
2234,7.4305249121477175
2235,0.18905838499791333
2236,8.069248913397336
2237,3.0189711643849826
2238,4.1190496810470485
2239,2.512327122487189
2240,22.23004305593845
2241,9.988090721499498
2242,6.224787804875713
2243,0.1356889809750123
2244,6.4583094558779655
2245,2.4976523738174965
2246,2.9188915595070304
2247,1.982632027873391
2248,15.622925920220245
2249,7.15070315898
2250,4.5241920799940285
2251,0.09078145158367225
2252,4.895955483014486
2253,1.8205672651140288
2254,2.205116082613588
2255,1.4248043716716625
2256,22.058058796387733
2257,9.712305981976797
2258,5.885969346429806
2259,0.14775059480485145
2260,6.251956130761811
2261,2.3264902497962505
2262,2.940240666448824
2263,2.0502463775776945
2264,14.932511678267785
2265,6.487549333975721
2266,4.074366735647719
2267,0.09936249237493319
2268,4.351022645146293
2269,1.691402101030137
2270,1.9347891412705744
2271,1.275983831095693
2272,15.627903731714298
2273,6.72582722840924
2274,4.2555610945057945
2275,0.10795358270648066
2276,4.8884084011957745
2277,1.739905720516051
2278,2.1915398682134724
2279,1.3450348650637902
2280,32.30880855792142
2281,14.141780004073018
2282,8.665699385521705
2283,0.19060696064629382
2284,9.05229368685539
2285,3.4396847825417742
2286,4.4137113596540365
2287,2.786682347840378
2288,16.554696513782183
2289,7.390275131681504
2290,4.653679637816993
2291,0.09790147039708216
2292,4.877765321292235
2293,1.8047710510223487
2294,2.291533629880278
2295,1.4847029532415998
2296,35.98033026044817
2297,14.851921495882292
2298,9.343564721926128
2299,0.22532949549914927
2300,9.680795419966076
2301,3.644349323037369
2302,4.911188246619394
2303,2.9030883332241646
2304,23.29437804636396
2305,10.329160499100778
2306,6.601087115364597
2307,0.15363153684899442
2308,6.989766730183921
2309,2.6924437610965364
2310,3.361375017791864
2311,2.12475271613389
2312,16.996952880652255
2313,7.646779868213162
2314,4.835823243345204
2315,0.12644796290273141
2316,5.295924243103311
2317,1.9594863499341697
2318,2.350387118582017
2319,1.5743672373814392
2320,44.38977154900702
2321,19.467275063754286
2322,11.931389230592327
2323,0.26000856144608114
2324,13.057209272900707
2325,5.070295329761924
2326,6.059342960117024
2327,4.045290741452518
2328,19.482442955506762
2329,9.212199127372937
2330,5.796891481796013
2331,0.12568522418598813
2332,6.0432176718310595
2333,2.3249452085109805
2334,2.7104361319586032
2335,1.7883160653823602
2336,26.034432506840506
2337,11.089890208513287
2338,6.746840642113723
2339,0.18825337505307424
2340,7.301228903652717
2341,2.8963223072201028
2342,3.444504887974733
2343,2.2782154533416104
2344,29.01008622902168
2345,12.816692274357964
2346,7.992987983369956
2347,0.1844544666881197
2348,8.485820860291339
2349,3.3058671452364345
2350,4.254613124397178
2351,2.6428015249814867
2352,22.255124194055483
2353,9.736959531496728
2354,6.175459649983445
2355,0.15893685560491386
2356,6.582612092122956
2357,2.5408190522285112
2358,3.0237174460782845
2359,2.019207926449033
2360,23.193847050167992
2361,10.881588297012229
2362,6.63859066226527
2363,0.1638740312117154
2364,7.092123392364506
2365,2.6744248784266813
2366,3.351325784133377
2367,2.2496283162144275
2368,15.290317282127074
2369,6.71905960288881
2370,4.327896401284833
2371,0.10754977761516703
2372,4.6892056419572095
2373,1.7113017446860272
2374,2.1780815420188255
2375,1.3660590222364402
2376,37.157332639434735
2377,16.206007978000095
2378,9.647340683993217
2379,0.26942864817867784
2380,10.269212367046178
2381,4.0260712367944596
2382,4.877917490768051
2383,3.222888019252192
2384,14.31716323661452
2385,6.515311410554263
2386,4.068759520115361
2387,0.09275530994849222
2388,4.053615680219835
2389,1.630432429967571
2390,1.9676915096406618
2391,1.316460420981235
2392,15.904382762028286
2393,7.008766933321462
2394,4.627016288840458
2395,0.10359477378381131
2396,4.795306788033593
2397,1.8943627965549463
2398,2.2151807298904505
2399,1.529275546544373
2400,23.780442018899148
2401,10.235255218338441
2402,6.0565986329502355
2403,0.14476168496570252
2404,7.074696970597886
2405,2.674566559755964
2406,3.164237289994461
2407,2.174791989252793
2408,26.165693215018397
2409,11.770443663742883
2410,7.0404269939458635
2411,0.1755716388826652
2412,7.644288227873506
2413,2.9605916397097887
2414,3.876915002139066
2415,2.5294965604429684
2416,17.58710008401275
2417,8.233390383703206
2418,4.99279772974184
2419,0.09871719177403475
2420,5.393636099604699
2421,2.039991789489475
2422,2.5516679501030404
2423,1.6694824055952313
2424,20.23836418424225
2425,8.737194140026078
2426,5.563850712300956
2427,0.12487496857641234
2428,5.943621968262685
2429,2.3270011476963166
2430,2.64287828932522
2431,1.8484265588728366
2432,54.02929099105327
2433,26.95257224691859
2434,14.992591846171221
2435,0.47707344255531997
2436,16.92997145528286
2437,6.38675153302814
2438,7.843965246038636
2439,5.1537696078797675
2440,15.782499674582061
2441,6.9633203707687095
2442,4.6374744857720085
2443,0.10695565907988279
2444,4.856539936799254
2445,1.7969989579722525
2446,2.3615291907881177
2447,1.4394082906631227
2448,15.094533037841893
2449,7.070189457872818
2450,2.893802286869925
2451,1.458289907007706
2452,1.781759344850327
2453,1.3690990877729423
2454,1.2753636592381146
2455,1.2794796383667058
2456,17.712497838722904
2457,7.985653288720083
2458,3.418175836816404
2459,1.7858184573684017
2460,2.251327582302536
2461,1.6168775426238324
2462,1.4613316584750218
2463,1.481264925320645
2464,16.724473483702017
2465,7.58056898216062
2466,3.1127374174529714
2467,1.6028945981894294
2468,1.9562553146874881
2469,1.4750011224530555
2470,1.4224253910322935
2471,1.352595506607005
2472,15.495782930775068
2473,6.7281905536804585
2474,2.933494078095487
2475,1.4628921034930267
2476,1.858782735697891
2477,1.3218044153843647
2478,1.3035279554844423
2479,1.225635716922617
2480,13.092460285525894
2481,6.076167603698989
2482,2.7165765617918383
2483,1.3270629150641304
2484,1.6884506157550192
2485,1.1819173341693143
2486,1.174291211416528
2487,1.143920747416265
2488,15.470751248361115
2489,6.850139239960837
2490,2.7942104214575325
2491,1.4225474314972577
2492,1.8789972118434892
2493,1.259631830632267
2494,1.3029310534642515
2495,1.2381040737825582
2496,14.721046396082185
2497,7.049613783722209
2498,2.778266865099271
2499,1.4711032332579885
2500,1.7691550461235641
2501,1.3294156439567733
2502,1.249727450708169
2503,1.2345258267864356
2504,21.742561041767555
2505,9.564673470729328
2506,3.8412559552923917
2507,2.115831126881054
2508,2.625343196761149
2509,1.8754802226539968
2510,1.743023296645984
2511,1.7740629600908053
2512,24.734923118858738
2513,11.18292926581979
2514,4.6934578864357235
2515,2.3009199861818392
2516,2.9444796318808466
2517,2.0658651161259423
2518,1.976613588323579
2519,1.9842622973043522
2520,12.925225613140492
2521,6.063883650789651
2522,2.3465610132705463
2523,1.2364095934687733
2524,1.6179843140682206
2525,1.1609006279580831
2526,1.1069166005893842
2527,1.0949726760620109
2528,18.040907667101234
2529,8.124500440400137
2530,3.469262937921823
2531,1.7665672141391426
2532,2.0802606431756585
2533,1.535931020284374
2534,1.50458649441046
2535,1.4998122898166555
2536,10.630271703089472
2537,4.350702388186421
2538,1.9573867661785835
2539,1.096392391130973
2540,1.3403750122710982
2541,0.9673924281317048
2542,0.9126793846161622
2543,0.9287764578295808
2544,13.059336598463341
2545,5.9830704511655
2546,2.714453279728704
2547,1.288456958460462
2548,1.6657935354663131
2549,1.1977916713906898
2550,1.154455793195292
2551,1.1510288495700918
2552,14.797097900261852
2553,7.064343716825584
2554,2.8452351630101367
2555,1.4292112866435567
2556,1.7386575010141256
2557,1.3111268802867728
2558,1.2599435866902178
2559,1.2681723018585078
2560,16.705396191444635
2561,7.476049975251545
2562,3.338586696706273
2563,1.6374835253380398
2564,1.9895081768971936
2565,1.4126120977450214
2566,1.378159977593195
2567,1.381092679758197
2568,22.471350805670436
2569,10.246345605013406
2570,4.525409560615634
2571,2.236504515571962
2572,2.715851066418593
2573,2.033271090199904
2574,1.8834857491722319
2575,1.856696809626573
2576,12.487473739780981
2577,6.2030072195751655
2578,2.585542097753686
2579,1.2685054805165945
2580,1.62936781024518
2581,1.210841533784144
2582,1.161330406139595
2583,1.1668862212658284
2584,35.2283117200895
2585,16.236373515015444
2586,6.718040723896673
2587,3.4396313929061866
2588,4.3717870397869785
2589,3.028846943122028
2590,2.778624349236018
2591,2.77259022756588
2592,17.011099932567124
2593,7.653361680487593
2594,2.9368691949380463
2595,1.6461802820168168
2596,1.9486906371571848
2597,1.429185932794514
2598,1.3289836471830643
2599,1.3777284950375066
2600,21.10651961386937
2601,9.921827571166526
2602,4.121766670039316
2603,2.0330414311449108
2604,2.6000400443798175
2605,1.7985892630276845
2606,1.7927555202023526
2607,1.7576821185446547
2608,31.8310233774438
2609,14.821807365535076
2610,5.853882196376608
2611,2.9918085654013913
2612,3.9628938350558127
2613,2.824442697812264
2614,2.5591755926847437
2615,2.6017252475653523
2616,28.605375804536884
2617,12.425144723075984
2618,5.2640934986103565
2619,2.831555916990243
2620,3.2231900621734932
2621,2.372525217803407
2622,2.208633613668734
2623,2.1610500165435074
2624,18.342472034530445
2625,8.015565005991913
2626,3.3053116506024307
2627,1.7560011706425875
2628,2.12068654596029
2629,1.5163766313054186
2630,1.430381461657044
2631,1.4441491882328004
2632,12.810728376124775
2633,5.863588540747603
2634,2.3068650533928876
2635,1.25198424523424
2636,1.5520835171041114
2637,1.171039572220534
2638,1.1325714652544379
2639,1.079423215020278
2640,23.10135661872002
2641,10.200773414494451
2642,4.39262144769468
2643,2.243272466150491
2644,2.7061885107781185
2645,1.9816632073706795
2646,1.9676123306846307
2647,1.9291326751375313
2648,18.245243891377267
2649,8.273069854841099
2650,3.4704506616410162
2651,1.8333808127702014
2652,2.1326502108693086
2653,1.5956191170442076
2654,1.5090004294656918
2655,1.5225811715245674
2656,13.330469718247597
2657,6.197213264719351
2658,2.5600506725505494
2659,1.2803447128972896
2660,1.6451307475198496
2661,1.1779578344740531
2662,1.1511967712696085
2663,1.1206220818932995
2664,18.359985154580787
2665,8.97022099002578
2666,3.428313735833416
2667,1.7862691493612717
2668,2.0928688717397783
2669,1.5229451063971242
2670,1.5006110700086794
2671,1.4945621468246917
2672,12.259632776930204
2673,5.548130344311494
2674,2.2098224235828168
2675,1.2206985998521234
2676,1.4669585143030313
2677,1.088438958990649
2678,1.0320339227085213
2679,1.0393324700592834
2680,12.239367379768414
2681,5.849116145978474
2682,2.381562966047162
2683,1.1922101615406167
2684,1.5723742060087615
2685,1.1381953056219862
2686,1.0798261700379135
2687,1.0791176239116043
2688,25.394336555758198
2689,11.473120464596027
2690,4.7226982484147335
2691,2.545800034516557
2692,3.138402647577742
2693,2.2724130542506953
2694,2.0262679791934395
2695,2.133505027259389
2696,13.898418556204852
2697,6.162977018452576
2698,2.5688933441486506
2699,1.3364425608317494
2700,1.6776408098506828
2701,1.1949503245242121
2702,1.1616878997788085
2703,1.1327397179050183
2704,29.510881075001514
2705,12.476444302250721
2706,5.7906265836652056
2707,2.7192007093646233
2708,3.309829643546437
2709,2.3877399422969203
2710,2.2549509562947425
2711,2.3125800868268698
2712,20.08540096883199
2713,9.255653934709036
2714,4.055645646432827
2715,1.8927711899145192
2716,2.496679431236571
2717,1.7581025034975113
2718,1.5868165144072885
2719,1.5990004025635824
2720,14.298663303084574
2721,6.700274524342789
2722,2.896620194975123
2723,1.363989024524142
2724,1.7881994152705125
2725,1.2417068861869176
2726,1.2084379024052696
2727,1.1851324835725177
2728,37.68145364053149
2729,17.00801239147658
2730,7.281399502132883
2731,3.4419385088075334
2732,4.556980265460577
2733,3.2887083329644815
2734,3.0446362744159927
2735,3.0072311456729843
2736,16.732575030332992
2737,7.7384455880625875
2738,3.243854558592425
2739,1.5670288953125733
2740,2.029804573112928
2741,1.437240355530834
2742,1.353231610398797
2743,1.360972683628857
2744,21.022164383013624
2745,9.564688536349262
2746,3.7095015865626584
2747,2.0357616459628893
2748,2.5912568927582034
2749,1.797816117256896
2750,1.722971795982368
2751,1.7034652703050541
2752,24.271802082753783
2753,10.569344906171414
2754,5.037722563853599
2755,2.290544876321317
2756,3.018182089328481
2757,2.1615294299562815
2758,2.066618236562288
2759,1.9828400309309082
2760,18.866906701645732
2761,8.10061047687672
2762,3.4047158463609137
2763,1.7726708143421466
2764,2.2097157508934524
2765,1.5664927550765955
2766,1.5265299438687385
2767,1.4988788302745846
2768,19.6628381036195
2769,9.263411337532261
2770,3.833441197072459
2771,1.884169827860763
2772,2.443767408284794
2773,1.6531082571894373
2774,1.588836451377336
2775,1.6418490072112757
2776,12.576656831149544
2777,5.869289940380187
2778,2.4438915165466906
2779,1.2367971790265961
2780,1.52823392584608
2781,1.12236862163081
2782,1.0986892361944955
2783,1.0715257975376613
2784,30.64939966383838
2785,14.113946115527243
2786,5.979552134534839
2787,2.981816795530239
2788,3.5955419946862985
2789,2.5764060774457582
2790,2.280727934769267
2791,2.520390397658374
2792,11.860594492891133
2793,5.380443256669901
2794,2.2409106770239213
2795,1.1691449517141916
2796,1.4618421985147887
2797,1.1020603438243275
2798,1.0321837259506463
2799,1.0277016210471668
2800,13.147995089293977
2801,5.974353974200535
2802,2.5366000634495505
2803,1.296933687194057
2804,1.640470936748664
2805,1.1865858158670533
2806,1.1498327339351468
2807,1.152737847186321
2808,19.972770577537865
2809,9.344855707903799
2810,3.669563358824488
2811,1.8655452188263741
2812,2.345526742269917
2813,1.7239506607733441
2814,1.6137070011895636
2815,1.6735778943792403
2816,22.119291960703855
2817,10.026146959739915
2818,4.37917788241435
2819,2.126275692269087
2820,2.5901893894911967
2821,2.0346899441770216
2822,2.0098448383172847
2823,1.942454655148805
2824,15.4139913485174
2825,7.0610952762653305
2826,2.7925797343844367
2827,1.4507387914280465
2828,1.8400268406963933
2829,1.3373418525447145
2830,1.3103996691785924
2831,1.2703765519421955
2832,16.82773621756182
2833,7.618214115168669
2834,3.2863211790020337
2835,1.6512495359999437
2836,1.990817070227553
2837,1.448307497598908
2838,1.3614242371514687
2839,1.3481876263301371
2840,48.36468125075371
2841,21.94331327956601
2842,9.697126619739207
2843,4.2182595157406535
2844,6.023497149679003
2845,4.310280862764627
2846,3.856619321015555
2847,3.915321963203865
2848,13.562286344400219
2849,6.1268448821861945
2850,2.6131331059070115
2851,1.306010277760619
2852,1.6104653178020314
2853,1.211414739518894
2854,1.1911745019152706
2855,1.1153505276745543
2856,18.3956115562152
2857,8.691345093832215
2858,4.894257967962189
2859,0.12562841779917225
2860,5.347697755744509
2861,2.0645808206717025
2862,2.4154188238915952
2863,1.6006020343426917
2864,22.78689555128608
2865,10.411341372076555
2866,5.8591510597845975
2867,0.139928196334636
2868,6.927338707207434
2869,2.4697033977241003
2870,2.7936878740376616
2871,1.9295748304163785
2872,20.636980241522725
2873,9.420262604997138
2874,5.396817974800682
2875,0.13290216418302728
2876,5.789181473255444
2877,2.2715347001705823
2878,2.6657185980594225
2879,1.7831688634829561
2880,18.87678791163427
2881,8.45508754564391
2882,4.933959837696831
2883,0.10179644719898032
2884,5.210512125183002
2885,1.9538232757901615
2886,2.4519958538548283
2887,1.6253649306789397
2888,16.75532446933236
2889,7.556364402642212
2890,4.427098465114162
2891,0.10265168944750896
2892,4.787129761971446
2893,1.783434503605565
2894,2.1046389103994327
2895,1.4595128336118546
2896,19.040815241961237
2897,8.61485108320593
2898,4.757177217577686
2899,0.10827366034778359
2900,5.412562093999572
2901,1.8684965032239158
2902,2.4165003320982352
2903,1.5962250232441586
2904,18.446850254189354
2905,8.826625804263692
2906,4.953915119638033
2907,0.11002789060693861
2908,5.454361570186523
2909,1.9830876349458846
2910,2.4516727518064916
2911,1.5911341991558234
2912,26.53893054909967
2913,12.318943704511621
2914,6.649467195352677
2915,0.15364907024729427
2916,7.419830911659461
2917,2.77472432853517
2918,3.2386597563955895
2919,2.157834453718513
2920,30.438165509123912
2921,13.646242701599366
2922,7.190207569879375
2923,0.19956784114674306
2924,8.429700282769671
2925,3.2432435843531966
2926,3.97133264522629
2927,2.678306529160555
2928,15.601375207101123
2929,7.333012328369131
2930,3.9101406110621206
2931,0.08552053444016872
2932,4.6275162270933246
2933,1.7538739904281107
2934,1.9657055798242578
2935,1.381190865057764
2936,22.18508748224623
2937,10.10990552023541
2938,5.629167120082772
2939,0.14880649154070766
2940,6.3640397634285595
2941,2.382361883485974
2942,2.746412338117918
2943,1.9325324929389704
2944,13.581322399039346
2945,6.220787118854992
2946,3.4156517890742206
2947,0.10245962256297181
2948,3.6277294051389424
2949,1.366605945829401
2950,1.6081912757739758
2951,1.1100279042607535
2952,16.60881101609585
2953,7.437865395163909
2954,4.333920395005715
2955,0.09328116810860487
2956,4.934020475508431
2957,1.8154848029645712
2958,2.079046967892232
2959,1.4628119062812994
2960,18.410211827729633
2961,8.716767992749256
2962,4.870364411754196
2963,0.11565387539976535
2964,5.097528862232399
2965,1.9818103055396632
2966,2.3144476080742393
2967,1.6722199107761175
2968,20.660161110617754
2969,9.41076834899926
2970,5.356169336176713
2971,0.12325422690599866
2972,5.706911087474276
2973,2.1323208320620934
2974,2.604990183348696
2975,1.825778791913355
2976,28.694877931898453
2977,13.300697692214898
2978,7.165394994740291
2979,0.1677144726747047
2980,8.050276072998049
2981,3.0252965326658483
2982,3.6781626848204647
2983,2.424120118242537
2984,16.6435353381504
2985,7.619287107678057
2986,4.442423247179426
2987,0.10083105427167263
2988,4.866367697352593
2989,1.7843989863888483
2990,2.1141975914516054
2991,1.5048432629552535
2992,42.78453274055151
2993,18.95722848309923
2994,10.62579653902291
2995,0.2739932515222324
2996,12.370691215576851
2997,4.656298596724451
2998,5.653380949384518
2999,3.616858641427569
3000,21.301027952179464
3001,9.813422971117783
3002,5.188335974664281
3003,0.13800169286908134
3004,5.784323803205935
3005,2.1613073949590986
3006,2.5961617782051922
3007,1.780499651637702
3008,26.779262644269146
3009,12.097739393802918
3010,6.529306843223032
3011,0.16492557336841296
3012,7.530977197543478
3013,2.7645310627139503
3014,3.3423374807248383
3015,2.2295246960216506
3016,38.84859420783202
3017,18.286409548804485
3018,9.452896493064717
3019,0.2735571938408332
3020,11.012084314335372
3021,4.311622565541359
3022,4.814669984370705
3023,3.400202184077799
3024,35.097646367556486
3025,15.520221973705063
3026,9.087202261068484
3027,0.20082782917823308
3028,9.271500559397204
3029,3.5471094894436015
3030,4.348859819059612
3031,2.7286481852636872
3032,23.344268850701116
3033,10.462059905747516
3034,5.769794925360383
3035,0.15056448930373323
3036,6.509797066830751
3037,2.2657346135272682
3038,2.7682505878384287
3039,1.8813786806426296
3040,15.95173945408552
3041,7.20463882567079
3042,4.162867302147803
3043,0.09709839271638687
3044,4.507964141235743
3045,1.7612584012562178
3046,2.0479104271724564
3047,1.331827562551991
3048,29.088400599039836
3049,13.31003840634385
3050,7.181619185597842
3051,0.20320710930529703
3052,7.941360494224662
3053,2.964653657210839
3054,3.737218562143049
3055,2.479051710080844
3056,23.772924947197232
3057,10.643857967243852
3058,5.952541346689819
3059,0.14548409590331624
3060,6.4935282028557255
3061,2.396854452384004
3062,2.7714031725951784
3063,1.9802261042670488
3064,16.979836609307494
3065,7.626268656605231
3066,4.336910893499862
3067,0.09324057908722254
3068,4.873143023663156
3069,1.7774502453509728
3070,2.0637073971883857
3071,1.4458100768294315
3072,22.7745197673272
3073,10.606887136543588
3074,5.755662169495731
3075,0.13529059302629515
3076,6.290137901420378
3077,2.270937145510396
3078,2.7097703987804755
3079,1.9530393266392538
3080,15.479543236155118
3081,6.859768088567257
3082,3.8105077012775834
3083,0.10534420349622309
3084,4.313613364495239
3085,1.583892722280098
3086,1.8178068638710265
3087,1.2967717759764814
3088,16.242048998968002
3089,7.352507475728548
3090,4.092280404750218
3091,0.09091166764187689
3092,4.657342621984357
3093,1.6418577724702623
3094,1.9885009642282359
3095,1.320941300802662
3096,33.57791452441627
3097,14.753823691160923
3098,8.518287182172553
3099,0.21525055955316297
3100,9.064938680402307
3101,3.3649572664381595
3102,4.182327508431935
3103,2.7289316310670064
3104,16.857236806596475
3105,7.772155571943357
3106,4.4311718136873655
3107,0.103003584792079
3108,4.734329166293537
3109,1.827307162726398
3110,2.230243054228505
3111,1.486815104509305
3112,36.95480217351408
3113,15.716343481485263
3114,9.006621919734364
3115,0.2482639346619718
3116,9.965598795823254
3117,3.540268487305118
3118,4.661530268656211
3119,3.0211017845795247
3120,24.687550776849786
3121,11.039552197189492
3122,6.05465907046144
3123,0.17438320280289027
3124,6.963531590388411
3125,2.5844983382299738
3126,3.1098867971325195
3127,2.0283031109679617
3128,17.950567443659008
3129,8.38715859717141
3130,4.718417868268782
3131,0.10594713152076754
3132,5.172409579680195
3133,1.9092077934084455
3134,2.2101303394772147
3135,1.478616498415987
3136,45.99123097808166
3137,20.100358621795557
3138,11.51566198716133
3139,0.28686760039154807
3140,13.093710688300725
3141,5.025991295469676
3142,5.817974233592644
3143,3.9728476688054086
3144,20.48619305605862
3145,9.785486678868782
3146,5.424749951446363
3147,0.12367247855621681
3148,5.880493377279752
3149,2.23062668429814
3150,2.5560542573667915
3151,1.732965001531581
3152,25.534770568003296
3153,11.586705263914656
3154,6.624377464571533
3155,0.17530371839763623
3156,7.207971711015413
3157,2.7359481637216088
3158,3.247007940711907
3159,2.1531947840791914
3160,30.55022367790435
3161,14.009632078922325
3162,7.6522585021055205
3163,0.20573331934343989
3164,8.249936298961357
3165,3.130230653493578
3166,3.8222882047266613
3167,2.5104628040609773
3168,23.70774131110134
3169,10.348884561203013
3170,5.769924888345287
3171,0.1453509732630285
3172,6.459400938810841
3173,2.3456505744042695
3174,2.88056096532983
3175,1.9948300596861726
3176,25.254281441657753
3177,11.35857074945396
3178,6.187850704599463
3179,0.182377756394334
3180,7.02802905160502
3181,2.5127100298621574
3182,3.0931905452920763
3183,2.211837836414464
3184,16.432035210203377
3185,7.276338534732319
3186,4.12053880049828
3187,0.10943574209401127
3188,4.433568354509236
3189,1.6082788919281346
3190,2.0717277397147087
3191,1.3415429915229002
3192,37.342636291968915
3193,17.08265162343393
3194,9.437715238968638
3195,0.2673528148663146
3196,10.373632027943948
3197,3.862349279316639
3198,4.601940124646985
3199,3.2508139290192104
3200,15.157591505815969
3201,6.938255851286434
3202,3.813230150708556
3203,0.08860386892419644
3204,4.128173868567973
3205,1.5454402772831628
3206,1.8337666961679457
3207,1.3067519998129156
3208,16.826124512320202
3209,7.548844849190193
3210,4.382295976772305
3211,0.10684026861558905
3212,4.965087913974896
3213,1.8282973321533664
3214,2.1490494592604925
3215,1.453589337722081
3216,25.379793506254302
3217,10.940458911500464
3218,6.021263417563127
3219,0.16150972468238306
3220,6.991187542010806
3221,2.5288691004721002
3222,3.0395888483740365
3223,2.04670457085725
3224,27.405252166003898
3225,12.333861646574244
3226,6.72005881873443
3227,0.16502174581494208
3228,7.76587531046254
3229,2.927538325281772
3230,3.63351258313536
3231,2.5285036536494783
3232,18.607111947761368
3233,8.616772577724872
3234,4.817824682274964
3235,0.10718241412445699
3236,5.412491164495971
3237,1.930745463535023
3238,2.3867564179462217
3239,1.5626057401491398
3240,21.903927427249922
3241,9.491652665397993
3242,5.345146859783981
3243,0.11413151582666932
3244,5.773797533219744
3245,2.261401399570682
3246,2.4870629858893696
3247,1.7721628805051426
3248,56.98539645700631
3249,27.38387383115594
3250,15.4634946931196
3251,0.4225679707249659
3252,16.30764432468746
3253,6.392323773777238
3254,7.771235106277902
3255,5.377332393048572
3256,16.887348524487003
3257,7.591505511534618
3258,4.4276136467871625
3259,0.09832013344819211
3260,4.884679103418077
3261,1.8123364858793467
3262,2.216836774815578
3263,1.483089955994005
3264,18.272894419588138
3265,8.357216882648975
3266,4.889094612275729
3267,0.10862908908468157
3268,5.376475309939976
3269,2.054271553017261
3270,2.450192677735494
3271,1.6153030791697003
3272,22.014166502389944
3273,9.655817727981603
3274,5.789475549100116
3275,0.12271603550901279
3276,6.616377718122209
3277,2.386289148656297
3278,2.911469697346766
3279,1.9122981867559765
3280,19.98995435176094
3281,9.243580647120822
3282,5.23959363247462
3283,0.10445962358204626
3284,5.8390920968102
3285,2.091978794027013
3286,2.623365616713357
3287,1.7400520634494767
3288,18.798200675183143
3289,8.383426079155573
3290,4.982466310023432
3291,0.09721261105640644
3292,5.165333654137322
3293,1.9537888780685124
3294,2.3741413788793078
3295,1.5950245037887822
3296,16.4966885639549
3297,7.349043098534993
3298,4.408760122150786
3299,0.08896408625693221
3300,4.809188740206387
3301,1.758142734432175
3302,2.1570123692168175
3303,1.417874530174673
3304,18.763909753099664
3305,8.239814887612152
3306,4.9084041091140005
3307,0.08672864409726339
3308,5.419007362101196
3309,1.8644579179029923
3310,2.4003368714401967
3311,1.4957830866307853
3312,18.29303602086439
3313,8.565005560590993
3314,4.876027483897776
3315,0.10695640090143146
3316,5.483534844280931
3317,1.9658901744012152
3318,2.4086517479109815
3319,1.6096104322430673
3320,26.183569582297242
3321,11.924818382341044
3322,6.9422245197570085
3323,0.14307986547972562
3324,7.7031676034783
3325,2.719877314798496
3326,3.2842846772058234
3327,2.252464591111204
3328,30.68330448731508
3329,13.482334691484795
3330,7.42255599652251
3331,0.188270453907766
3332,8.568838330855229
3333,3.1684254417346174
3334,3.979246774949812
3335,2.5911168530455466
3336,15.874079333110991
3337,7.4806933992651
3338,4.033495926321786
3339,0.07576748984329378
3340,4.569886801576128
3341,1.6819361887638506
3342,1.9310473285506207
3343,1.33972167508944
3344,22.185145317713644
3345,10.0388123703182
3346,5.784444619884707
3347,0.1231275014431941
3348,6.4217093897315625
3349,2.341028800426045
3350,2.805458650718026
3351,1.911779917680771
3352,13.630278991963058
3353,6.049680832276467
3354,3.4533446027299646
3355,0.07571590311890637
3356,3.5053250371037805
3357,1.349646752731875
3358,1.5701834811259732
3359,1.0732923628304343
3360,15.704621389717763
3361,7.331609582514868
3362,4.394669884936512
3363,0.09003661501919909
3364,4.982511613009217
3365,1.75972456683173
3366,2.134005362587356
3367,1.4615612034696592
3368,18.09974520149548
3369,8.451008570779505
3370,4.808955509754113
3371,0.10381042548358377
3372,5.0043241067361075
3373,1.90978163219652
3374,2.3481952469702336
3375,1.606119655755267
3376,20.765723706659337
3377,9.138695600787816
3378,5.276720884307061
3379,0.10267043601129068
3380,5.882444669754621
3381,2.0807762484843644
3382,2.6071224393581858
3383,1.7597156274664383
3384,27.287549668514455
3385,12.631173151255288
3386,7.168542024252937
3387,0.15555606193280902
3388,7.889065632768338
3389,2.974045757691577
3390,3.7747769499620967
3391,2.432464402617623
3392,15.945880573742087
3393,7.489787190610296
3394,4.35276647026026
3395,0.08359950777964477
3396,4.735042401572261
3397,1.7863678973402914
3398,2.1192560523918615
3399,1.4967547284300324
3400,42.92363832701879
3401,19.0676260211953
3402,10.667143626659398
3403,0.24503683667904147
3404,12.166210039153942
3405,4.5225284994838315
3406,5.857854301350092
3407,3.579090580090348
3408,20.992996081818653
3409,9.263919566838739
3410,5.204284151713209
3411,0.09981251804444649
3412,5.8038907146469265
3413,2.0853747712821535
3414,2.5733240381572706
3415,1.732799820839945
3416,25.9605853855074
3417,11.753094734742644
3418,6.567082139692131
3419,0.13591086170125088
3420,7.372592205164411
3421,2.710580801061374
3422,3.462435967834577
3423,2.1711043416128875
3424,39.80908211560611
3425,18.064678414925023
3426,10.034263520128285
3427,0.25056155502515726
3428,11.026126629913538
3429,4.284941972596278
3430,5.006994644700578
3431,3.3764306252944203
3432,33.97781163094617
3433,14.8544124741063
3434,8.852870456897676
3435,0.18083766337057153
3436,9.377648470621873
3437,3.506079935666096
3438,4.333784013474712
3439,2.793320028341702
3440,22.33861909649399
3441,9.861481770769027
3442,5.581737736092809
3443,0.12721357445288484
3444,6.267168869228356
3445,2.2113020644947983
3446,2.832400455924561
3447,1.8551081478909228
3448,15.759443014080414
3449,7.066744870657528
3450,4.044044302246206
3451,0.08862130722470825
3452,4.6597534384039925
3453,1.7130415014277416
3454,2.083248952588526
3455,1.3243717766604333
3456,28.9224319557013
3457,12.337032446782423
3458,6.937414906491872
3459,0.17406894006262533
3460,8.022121719523716
3461,3.0228568962806737
3462,3.760103003804349
3463,2.374824667901205
3464,22.708536099211216
3465,9.92131268988383
3466,5.965625298442492
3467,0.11892659770518595
3468,6.299933012893495
3469,2.384688881074422
3470,2.770703150800026
3471,1.946549525834192
3472,15.75455424254495
3473,7.396462078263879
3474,4.356083708148987
3475,0.08161134556327965
3476,4.783650813595279
3477,1.7757023839728114
3478,2.1234716170123336
3479,1.405736092824242
3480,22.259165949454104
3481,10.218071022298284
3482,5.795905157193062
3483,0.12771458537702846
3484,6.120459824295737
3485,2.2167979238424387
3486,2.8433530482775686
3487,1.9263877134546565
3488,14.868538059758762
3489,6.51451882420736
3490,3.8213712031786087
3491,0.08134822869988906
3492,4.2855211001645435
3493,1.6228466614600088
3494,1.7611645136782093
3495,1.2388204343153
3496,15.780551890444142
3497,6.940686451606355
3498,4.077403184168049
3499,0.09233955612385829
3500,4.645477586220875
3501,1.587961912337077
3502,2.0243166845623275
3503,1.3031004930732277
3504,32.30253201545316
3505,13.935252797211941
3506,8.337726557073855
3507,0.18301462009803574
3508,9.368892120813847
3509,3.2548014766108704
3510,4.192363897388347
3511,2.6619827972060692
3512,16.20932657598201
3513,7.609743603122418
3514,4.402960209178351
3515,0.07809032825258252
3516,4.717557290836952
3517,1.7422531474295921
3518,2.1771830189347865
3519,1.4163797888906116
3520,36.254219791467534
3521,15.212116316022575
3522,8.993140616584265
3523,0.20548795010418908
3524,9.75788487822424
3525,3.462520230775537
3526,4.5771375086586295
3527,3.055240975978215
3528,24.5585224272358
3529,10.996501537176481
3530,6.260152772907011
3531,0.12801767724461183
3532,6.92709038949972
3533,2.5864757459782615
3534,3.1807519108664595
3535,2.0265326954678358
3536,17.81358918840846
3537,8.162137320990368
3538,4.648068528026862
3539,0.08636426485521854
3540,5.047348576416042
3541,1.8688902131641056
3542,2.1960224446235364
3543,1.507834449779275
3544,46.016192906378144
3545,20.973698268479772
3546,11.635272665505902
3547,0.2573586751353731
3548,13.07334568415891
3549,4.967534107507467
3550,5.95150408993715
3551,3.990022479047385
3552,20.437775078450567
3553,9.267022952688926
3554,5.315325031233589
3555,0.10433909008010814
3556,5.887087126770578
3557,2.166547593614222
3558,2.5781111387674067
3559,1.7154652119242983
3560,25.725036005730946
3561,11.374951696662755
3562,6.545785983619699
3563,0.14301468820565186
3564,7.248708843307516
3565,2.710877252216715
3566,3.208910357890922
3567,2.1828594208768908
3568,30.210227314075638
3569,13.200834188608397
3570,7.576305725506588
3571,0.17637842551191055
3572,8.285472098829503
3573,3.1156008242348516
3574,3.98977657001049
3575,2.537531192809006
3576,22.640010734458738
3577,10.008367605542526
3578,5.711454079382757
3579,0.11922928103542707
3580,6.369641247963061
3581,2.340331344705881
3582,2.8067416450269804
3583,1.9889969722336105
3584,24.100790099147865
3585,10.863913377417557
3586,6.223653109250685
3587,0.13365350506549786
3588,7.0029890488047775
3589,2.446783001148929
3590,3.1548867629200195
3591,2.09044845347103
3592,15.30313146630785
3593,6.994226237792534
3594,4.122481630090868
3595,0.0855999032284831
3596,4.71427016996901
3597,1.5761027575055309
3598,2.053665220632179
3599,1.3189702574941975
3600,35.60685396051409
3601,16.698587714552797
3602,9.497329521931611
3603,0.21607533637098122
3604,10.123568077827835
3605,3.8631750737363393
3606,4.80164749714568
3607,3.111429098196123
3608,14.638589430990976
3609,6.710015267319334
3610,3.8512759362684132
3611,0.06902039032520428
3612,4.165615914565911
3613,1.5396254196062908
3614,1.8821392246139907
3615,1.2884425898062524
3616,16.06375248642026
3617,7.206783583345992
3618,4.3971219979100375
3619,0.08030737860412457
3620,4.599193269123255
3621,1.734407098934343
3622,2.158243256815703
3623,1.4300419664027593
3624,24.783322210041757
3625,10.800895318986742
3626,6.0110046082561475
3627,0.13698033966637987
3628,6.937906167789493
3629,2.579473320945065
3630,3.204659464869013
3631,2.176712846004555
3632,27.73554709734073
3633,12.595914521528684
3634,6.9246721879817565
3635,0.14915826357841314
3636,7.927084615795973
3637,2.957168721378406
3638,3.6109232336172656
3639,2.5544432903140155
3640,18.640282865437335
3641,8.708527908423475
3642,4.716885505402997
3643,0.0928277280041736
3644,5.345779408039745
3645,1.961301164045593
3646,2.423292274861906
3647,1.6495908501573395
3648,20.332908127017266
3649,9.257913522302726
3650,5.350444782716605
3651,0.11035480483864984
3652,5.650940085147757
3653,2.114803261174465
3654,2.5549241526358677
3655,1.770180598831193
3656,57.313856302918246
3657,27.55155516756378
3658,15.051548688021555
3659,0.41046473101333586
3660,16.729280546682965
3661,6.270403682984741
3662,7.67417084942732
3663,5.1653751915444115
3664,16.367198596853207
3665,7.336672068519753
3666,4.448629020119865
3667,0.0851390762689558
3668,4.8063289519894505
3669,1.755101458064525
3670,2.262346427782794
3671,1.3830203619708346
3672,17.620981398044734
3673,7.931922873118096
3674,5.032587982086814
3675,0.12060652534389461
3676,5.514084228951341
3677,2.0699540006307022
3678,2.5431868297542284
3679,1.6728887775017804
3680,20.966142139984843
3681,9.308932092480058
3682,5.8956822213578635
3683,0.135252962647162
3684,6.714438980541453
3685,2.5403780064727735
3686,3.0220089741953617
3687,1.9466155522468795
3688,19.360937294099646
3689,8.703394571727491
3690,5.37439570310179
3691,0.10506210172242429
3692,5.855746085363598
3693,2.2855161025762922
3694,2.7687862108270656
3695,1.7794598835762374
3696,18.018021362468733
3697,7.72955950735677
3698,5.154667456027781
3699,0.12325377027305857
3700,5.243037645396777
3701,2.016956253134489
3702,2.5592926704017263
3703,1.5871457180594357
3704,15.028155896463844
3705,6.8097510047544
3706,4.667747030018758
3707,0.09135196868041925
3708,4.8802189446770035
3709,1.7876665989044378
3710,2.2302361826231363
3711,1.4680761352489022
3712,17.927973817169633
3713,7.787907783097698
3714,5.2385927969852775
3715,0.105613450055058
3716,5.346881701633188
3717,1.8652678391379023
3718,2.4868437368183285
3719,1.5547127223898107
3720,17.562571371403667
3721,8.07775605859264
3722,5.048121153427183
3723,0.10028030820154508
3724,5.513133001943418
3725,2.033697176180181
3726,2.545001025327835
3727,1.6566851804132519
3728,25.495701954655612
3729,11.09304616317487
3730,7.040985218254539
3731,0.16654855469966026
3732,7.616276140159799
3733,2.7996174115567274
3734,3.4705840041309672
3735,2.2681800019604514
3736,29.234638258019388
3737,12.874983907376958
3738,7.635612889319493
3739,0.17733480247492306
3740,8.43972882609438
3741,3.180794280936434
3742,4.190933526907985
3743,2.598839011552721
3744,15.21680140558566
3745,7.076260868004342
3746,4.347670920735565
3747,0.10015871832900829
3748,4.665660692296641
3749,1.8055330197457706
3750,2.1312623772330777
3751,1.4184553572598988
3752,21.39630572678752
3753,9.341127616686464
3754,5.935171146203066
3755,0.14208053115718758
3756,6.4141186553951695
3757,2.3650446686854476
3758,2.964946234657503
3759,1.9989911398861753
3760,13.05104090964959
3761,5.459877530135704
3762,3.595747415637001
3763,0.09903483508757067
3764,3.4602215602706385
3765,1.3795193769176102
3766,1.7049029805832745
3767,1.1525182244553327
3768,15.475815099361746
3769,6.807645663253306
3770,4.646605652683869
3771,0.08564341067304262
3772,4.932107186414196
3773,1.8597596029594605
3774,2.2204467590738313
3775,1.4671246400526687
3776,17.659176614154973
3777,7.9207884791803504
3778,5.09872733122944
3779,0.10855006509973399
3780,5.124558582218802
3781,1.981705452833785
3782,2.489408159184996
3783,1.7027035502706953
3784,19.69357566653282
3785,8.542804900856897
3786,5.744902224668442
3787,0.11524883640036597
3788,5.764325018884299
3789,2.1816755171594413
3790,2.7939187894031
3791,1.8291218779129292
3792,27.727338186687163
3793,12.183446448867487
3794,7.650242741175449
3795,0.17857500562933942
3796,8.081493768245474
3797,3.122503597961623
3798,3.933693527697574
3799,2.4838498795971886
3800,15.039173835386439
3801,7.033215643849437
3802,4.6315253725613115
3803,0.09505763350890745
3804,4.849753853100989
3805,1.8426276371782477
3806,2.277577129317517
3807,1.5118400712511886
3808,40.8235397674438
3809,18.365620126337557
3810,11.12757220027109
3811,0.26825194069353553
3812,12.45984997617931
3813,4.762076170780716
3814,5.880769931721156
3815,3.6687928603760835
3816,21.066212720688732
3817,8.655294998480304
3818,5.422804785501689
3819,0.11187163981901703
3820,5.854093903687809
3821,2.195058021726188
3822,2.7032068999154872
3823,1.8334334611689538
3824,25.081919482635755
3825,11.697289206818448
3826,6.945843255981922
3827,0.14493045269595295
3828,7.669763068446954
3829,2.7371403221479333
3830,3.617992482659775
3831,2.2672021105694506
3832,38.526475167434846
3833,17.142421703074127
3834,10.424139402770182
3835,0.2720155164622442
3836,11.271432762619327
3837,4.474934144810683
3838,5.244564790363961
3839,3.412998975691456
3840,34.37234434869809
3841,14.499568536776083
3842,9.609473280998273
3843,0.19950271140026976
3844,9.520982654278379
3845,3.7156269334486502
3846,4.531877179175715
3847,2.7762132148334104
3848,21.54390846411101
3849,9.248081861643168
3850,5.924736729502526
3851,0.14653160270706922
3852,6.196455245511583
3853,2.34664006194952
3854,2.960331899526145
3855,1.947242458820227
3856,15.297967358932265
3857,6.791390750364989
3858,4.15449778258341
3859,0.09785041545841897
3860,4.513859693072262
3861,1.7937541453540378
3862,2.1313917314403565
3863,1.3296668842373611
3864,27.697500848055356
3865,12.00263569137696
3866,7.221039041713111
3867,0.17635620017581077
3868,7.955910729124
3869,3.06442234487794
3870,3.9547409219810197
3871,2.517821993680409
3872,21.91258080481012
3873,9.600199825378168
3874,6.1259254728021215
3875,0.1402282316296234
3876,6.309658504512303
3877,2.4874396064528064
3878,2.9596053154593007
3879,2.0030740452037263
3880,15.659314648874503
3881,6.979328647992345
3882,4.555923518162927
3883,0.08567099672581967
3884,4.6783572137213305
3885,1.8249333868558026
3886,2.1987187773410697
3887,1.4056352695807317
3888,21.660312387512004
3889,10.131509542252084
3890,6.122174225249753
3891,0.1415869850931255
3892,6.404705327812383
3893,2.3657099771575956
3894,2.941290357799538
3895,1.9715135260492
3896,14.598890187520448
3897,6.402097217151867
3898,3.9233773298261783
3899,0.07328957528259755
3900,4.409686039870408
3901,1.6365279040390877
3902,1.9765905634531722
3903,1.2898648760898672
3904,14.830185463033121
3905,6.715271913303553
3906,4.2673209726863455
3907,0.09772471444674177
3908,4.579629711904793
3909,1.7674301210949217
3910,2.082135005198888
3911,1.3456055753524916
3912,31.727007408278332
3913,13.835030782932558
3914,8.775311635538223
3915,0.1970572641688931
3916,9.120218527822084
3917,3.5174403488994415
3918,4.395247112066462
3919,2.7306823530156072
3920,16.15356223633943
3921,7.169068895950044
3922,4.548326306845616
3923,0.10105068541179989
3924,5.016658496400582
3925,1.860713605668021
3926,2.276148022453368
3927,1.420503994786499
3928,35.04081547834704
3929,14.388371988069846
3930,9.288469480799078
3931,0.2327253926207645
3932,9.634645926592857
3933,3.6195976541879307
3934,4.7270418221761235
3935,3.0340680294226683
3936,23.541489338845853
3937,10.527594189285029
3938,6.636949806834922
3939,0.14315037765441188
3940,7.124339837131819
3941,2.656267139603149
3942,3.2179461781626886
3943,2.0847394216277872
3944,16.930229377854403
3945,7.601844448523347
3946,4.968618166962293
3947,0.10155044355443682
3948,5.217789725306807
3949,1.9122587675419604
3950,2.3515702738723854
3951,1.529291975016525
3952,42.16479496365996
3953,19.53147811542325
3954,12.07155617236743
3955,0.25074417880586863
3956,13.151943817248359
3957,5.077331988404295
3958,6.30664188745648
3959,3.9717837751212928
3960,20.338923145738736
3961,8.97680809588313
3962,5.762443466215121
3963,0.11535991662476881
3964,5.944419834474503
3965,2.2277796812929482
3966,2.6649236543022603
3967,1.7959857037158349
3968,24.849172844053125
3969,11.061872716638463
3970,6.759282645670655
3971,0.1715893262099946
3972,7.184321778863898
3973,2.7775197422421827
3974,3.5157785315962378
3975,2.243613018568782
3976,29.306857546662346
3977,12.685921352752676
3978,8.17477945173288
3979,0.16673267426058522
3980,8.487464766075007
3981,3.262868414909956
3982,4.042905969442586
3983,2.6080444299705094
3984,22.34895242094191
3985,9.449017553194809
3986,5.93105582819172
3987,0.1397150722465059
3988,6.594167289187368
3989,2.4260084907706263
3990,2.992373716305239
3991,1.9953767237073246
3992,23.68262815042044
3993,10.704168957755853
3994,6.5894263748065045
3995,0.15772928384148674
3996,6.8785552814068645
3997,2.601976404353935
3998,3.3028591657367823
3999,2.206774538375903
4000,14.808407469891687
4001,6.805593647331515
4002,4.285610499787575
4003,0.0891300628411455
4004,4.617909219725622
4005,1.6237961355527895
4006,2.125127344746996
4007,1.351376030287973
4008,35.586404989052085
4009,16.10810470304028
4010,9.519792102898418
4011,0.21328341756712446
4012,10.525997117185902
4013,3.996079092107008
4014,4.780235363126075
4015,3.3221181421964654
4016,13.86492213999387
4017,6.1768874462211825
4018,3.9718484297212835
4019,0.09707487937427406
4020,4.2506149941573135
4021,1.5662910390235247
4022,1.993506356142837
4023,1.3046914930228861
4024,15.548011713277221
4025,6.8517554654635155
4026,4.5986166288554475
4027,0.0983998520139291
4028,4.848249475517373
4029,1.8637827026116136
4030,2.2255911580229033
4031,1.477947027719751
4032,23.720831558808882
4033,10.709347171965568
4034,6.226058799323791
4035,0.14389156870027625
4036,6.941251440352143
4037,2.6547166376660076
4038,3.2343981494635687
4039,2.2069309753045205
4040,27.065785669324224
4041,11.916438535808174
4042,7.235285313085727
4043,0.17306236856196178
4044,7.8841258020309235
4045,3.0902748964519176
4046,3.8286105612577916
4047,2.575722883201942
4048,17.806576214103142
4049,7.950886016591277
4050,4.908319412775298
4051,0.10566550572781593
4052,5.291619851197491
4053,1.9891965912270186
4054,2.5632137362406184
4055,1.654426524269164
4056,19.79941888210421
4057,8.757239460458948
4058,5.590540904933584
4059,0.12206119467299162
4060,5.719226597602868
4061,2.2681638208174633
4062,2.682451936465851
4063,1.7845205579682053
4064,53.88897242449186
4065,26.376342290632316
4066,15.853713043374109
4067,0.4075548807820364
4068,16.60156355465778
4069,6.68729602266008
4070,8.022240977456441
4071,5.348517428163265
4072,15.888812871584282
4073,6.9219302536704745
4074,4.651149436071734
4075,0.08858428162021727
4076,4.721359914772843
4077,1.862962129038006
4078,2.3189678755791205
4079,1.4058196484965395
4080,19.11049102984194
4081,8.828971920597912
4082,4.524754628963225
4083,0.21070702576193323
4084,5.081252466911747
4085,1.882490401338753
4086,2.1751420067666936
4087,1.5672049800917978
4088,23.034889560628805
4089,10.347380618340232
4090,5.2956756840364285
4091,0.2377539307005556
4092,6.242706412748014
4093,2.3315340571537346
4094,2.601934504167524
4095,1.8345916939992868
4096,21.321128048763526
4097,9.657257044228158
4098,4.864884936729568
4099,0.21125347143942086
4100,5.428257049075131
4101,2.114706489895227
4102,2.417351765826925
4103,1.7109802360309756
4104,19.727343544163546
4105,8.584350452120944
4106,4.605103802181314
4107,0.20321376337428496
4108,4.894248628021517
4109,1.8480528870756554
4110,2.2068737144814965
4111,1.4996491763046018
4112,16.91615968560651
4113,7.784764270607385
4114,4.240033810765285
4115,0.18068361996883012
4116,4.501118937690293
4117,1.648629679594812
4118,1.939035590844046
4119,1.3800739121970291
4120,19.57516631933564
4121,8.640541814422225
4122,4.7143773155619355
4123,0.18788991961118212
4124,4.981769197787433
4125,1.724574865425696
4126,2.161770794731331
4127,1.473999182668974
4128,18.888551623666125
4129,8.925981383420922
4130,4.532515766252999
4131,0.1858978947358135
4132,5.100463203552623
4133,1.859272470618965
4134,2.1810213836850845
4135,1.5724825253849117
4136,27.630070334624673
4137,12.101396044177903
4138,6.2334181997586064
4139,0.28716601960907884
4140,7.016041382746751
4141,2.567778995366369
4142,2.975252690630329
4143,2.140606165218773
4144,31.539580166276963
4145,14.207429097102416
4146,6.932482451023181
4147,0.3143248026181901
4148,7.906620668782712
4149,2.9227744931778274
4150,3.638223334938509
4151,2.47770656720731
4152,16.261197820670333
4153,7.745553505801421
4154,3.869164631738963
4155,0.18142890538872625
4156,4.320037602126807
4157,1.6510192259945768
4158,1.8352447008399206
4159,1.3256004118405513
4160,23.149368553815297
4161,10.246996504136229
4162,5.307017046128814
4163,0.23681129343964896
4164,5.903988738417375
4165,2.156474030270282
4166,2.547533536903641
4167,1.869808690826737
4168,14.204579133568503
4169,6.170490229734181
4170,3.2422092704406102
4171,0.16508100410138368
4172,3.2307820814303634
4173,1.2612057577351639
4174,1.4726737524859823
4175,1.0872271963724942
4176,17.009579187760377
4177,7.650716841147727
4178,4.231257120677617
4179,0.1654848947512307
4180,4.522838133085545
4181,1.6970997393693024
4182,1.9187793520757381
4183,1.373741860582266
4184,19.26286840180016
4185,8.982710713383359
4186,4.616677739714707
4187,0.2199128303891612
4188,4.711954360780074
4189,1.8279738731280883
4190,2.1580756314965113
4191,1.6208126635146913
4192,21.369572319616616
4193,9.442237695229135
4194,5.169298756688405
4195,0.2067493170469737
4196,5.362596634553777
4197,2.004896059102857
4198,2.420642726093486
4199,1.73067816948579
4200,28.785037695522156
4201,12.96417078765056
4202,6.887984513015325
4203,0.3150810053755989
4204,7.38368637831949
4205,2.864984539784407
4206,3.4097903984065363
4207,2.3536007073315135
4208,16.464128691454686
4209,7.863085992217507
4210,4.139166041568822
4211,0.17316598895473143
4212,4.4357821649597655
4213,1.6662365449311198
4214,1.9447371812619834
4215,1.4164228253761006
4216,45.280746477183975
4217,20.097982737338814
4218,10.076581619071904
4219,0.44050349771550273
4220,11.491808943214284
4221,4.3568920823615445
4222,5.107532121645047
4223,3.465892161644333
4224,22.069709671370173
4225,9.530739414883083
4226,4.8170462311777165
4227,0.21929643923042455
4228,5.352303969247132
4229,1.988273969144756
4230,2.3008219628059114
4231,1.7129026569783015
4232,27.08493076647035
4233,12.699692765014424
4234,6.303031171480095
4235,0.2853687523201326
4236,7.116069120326311
4237,2.5460103986849387
4238,3.1561214611674187
4239,2.1852949165555624
4240,41.52978387667738
4241,18.719556398864015
4242,9.401902900961328
4243,0.456117336221075
4244,10.39467207706216
4245,4.116561755300941
4246,4.563261877396213
4247,3.257391180328243
4248,36.87587424321833
4249,15.733264518877506
4250,8.50595011120522
4251,0.37002028842853907
4252,8.780966614753165
4253,3.406272781802253
4254,3.9366325701625593
4255,2.63234986197628
4256,23.38429372128978
4257,10.197448477099849
4258,5.3260755942530515
4259,0.24510020148870754
4260,5.75386961260444
4261,2.1431696190000458
4262,2.546636678506258
4263,1.8279400939597776
4264,16.518608868673045
4265,7.531667592257408
4266,3.7432480350322286
4267,0.17996300913208704
4268,4.215047338445282
4269,1.6519117343546166
4270,1.8625032151938457
4271,1.26215721880157
4272,29.759282569388585
4273,13.05646500779902
4274,6.538379957591058
4275,0.3077561315513042
4276,7.384437099070549
4277,2.8049028264090814
4278,3.4377966795968655
4279,2.38828982390261
4280,23.9783884767365
4281,10.64515518499868
4282,5.559930769880336
4283,0.24342527772533712
4284,5.865425544456311
4285,2.2750992505332612
4286,2.5495566111140957
4287,1.8821314189233629
4288,17.272353814226246
4289,7.936808928810603
4290,4.0980760598584185
4291,0.16734238677046412
4292,4.374634696346321
4293,1.668908802064403
4294,1.9029956889226292
4295,1.3204053484851952
4296,23.8715111453864
4297,11.17345660667845
4298,5.477413570744992
4299,0.24510185340955926
4300,5.907571778536734
4301,2.171304413146433
4302,2.5580079106978237
4303,1.864724386399634
4304,15.788296031010974
4305,7.224469783957516
4306,3.547610571674487
4307,0.16132053370128965
4308,4.067742642695473
4309,1.491085717326943
4310,1.7166154871166988
4311,1.2056475053194637
4312,16.316151758497643
4313,7.537135592287456
4314,3.8473481388634294
4315,0.17132490244251997
4316,4.240585951212892
4317,1.616197505517631
4318,1.7986231995411377
4319,1.2630103904263823
4320,34.764934445994086
4321,15.094955002351897
4322,7.8338385066615555
4323,0.36016976822339475
4324,8.46098156613725
4325,3.2491120369474222
4326,3.8060366550734344
4327,2.6127108030768063
4328,17.78030838008063
4329,7.908212961540587
4330,4.058206697763339
4331,0.1785961790856592
4332,4.547522189755009
4333,1.6824996391746574
4334,1.9557171968639917
4335,1.315594911404227
4336,38.51257964662982
4337,15.934651046109348
4338,8.55426903922089
4339,0.3998038496700128
4340,8.98454761968158
4341,3.3672294303408
4342,4.13992546079447
4343,2.8973016000574416
4344,25.651157577411773
4345,11.734116996839726
4346,6.054660012749212
4347,0.2580023419209094
4348,6.650647758292664
4349,2.468141627488657
4350,2.8023510174824406
4351,1.9842552711002657
4352,18.29611871229765
4353,8.401329186029509
4354,4.4791642024147915
4355,0.1901278681965004
4356,4.761419914204247
4357,1.7388501463158565
4358,2.035101074511351
4359,1.4286254817970565
4360,48.83501014543318
4361,21.951728053950195
4362,11.114816807040445
4363,0.4425205538845547
4364,12.247838811633434
4365,4.771755657525832
4366,5.577628039683867
4367,3.844720263999312
4368,21.264305669120038
4369,9.853937384532983
4370,5.1781101840590145
4371,0.20186749662502124
4372,5.489109277107909
4373,2.0312316625649105
4374,2.285649446765812
4375,1.7021315652099003
4376,27.255115807802454
4377,12.222472560873232
4378,6.083680429070396
4379,0.2977784853906911
4380,6.663558467071101
4381,2.5694656522449595
4382,3.0621229127708407
4383,2.1324906913143504
4384,31.41380900508038
4385,13.819947558409263
4386,7.3953223373919545
4387,0.30929897626407865
4388,7.928573693067018
4389,3.0060835502845094
4390,3.519308251802623
4391,2.4934727485753196
4392,24.356887096029627
4393,10.275715745508405
4394,5.312616450959676
4395,0.2342601988367571
4396,6.056503310875386
4397,2.209051985712062
4398,2.576745246927558
4399,1.8656060658726816
4400,25.629363842329422
4401,11.771387868645084
4402,5.966204465282548
4403,0.2628838134349889
4404,6.406684587923677
4405,2.3835958130795594
4406,2.857393797300816
4407,2.078013949438571
4408,16.49190561365296
4409,7.5524447209091825
4410,3.931297686619555
4411,0.18088746993343216
4412,4.301780051193009
4413,1.4946459927821922
4414,1.849378468949671
4415,1.2768020550398238
4416,40.14589461675165
4417,17.989431630313522
4418,8.749022851410844
4419,0.39438822208760604
4420,9.734552358084715
4421,3.693067230716494
4422,4.1501750114862155
4423,3.1750763694044997
4424,15.272070477372313
4425,6.949407087204819
4426,3.5644513689415485
4427,0.16759976418780567
4428,3.9284056101780114
4429,1.4237512584804701
4430,1.7077953138973248
4431,1.2110085156098571
4432,17.128567422701103
4433,7.804160796990682
4434,4.143655605299043
4435,0.1824279225081873
4436,4.463288948019138
4437,1.7082787304006117
4438,1.9320393433205432
4439,1.3845732997662092
4440,25.968831000515447
4441,11.711257363148999
4442,5.596597754905354
4443,0.25216957946509483
4444,6.415251210421204
4445,2.437703718316909
4446,2.7967583055435616
4447,2.0755642977910282
4448,28.545867247198043
4449,12.74951152249604
4450,6.4615364399853945
4451,0.2938673561430703
4452,7.108603161469627
4453,2.8133888532149007
4454,3.296934731018626
4455,2.4214224048450004
4456,19.824207009526862
4457,8.82967455440016
4458,4.359120733221235
4459,0.179353409498714
4460,4.849118011419563
4461,1.811126507074281
4462,2.1814184363969846
4463,1.559913957973675
4464,21.55196983823019
4465,9.626590740694255
4466,5.044669268563172
4467,0.22176038255324124
4468,5.316311394028642
4469,2.0708357284167827
4470,2.304610256207148
4471,1.6854538285729312
4472,61.48655312252198
4473,29.106692292512253
4474,14.421972103053138
4475,0.6179579531164072
4476,15.551757419513981
4477,6.273667952836122
4478,7.086582627411369
4479,5.159364215784748
4480,17.534986176483507
4481,7.808141678714825
4482,4.194372897070753
4483,0.17237570897929216
4484,4.364651330353558
4485,1.70919892387673
4486,2.0058585970560916
4487,1.3135532159462755
4488,19.438083041968046
4489,8.807256872024404
4490,3.998280034237965
4491,0.7099851740968531
4492,3.7750689761069416
4493,1.7274900008573613
4494,1.8405363497291305
4495,1.4428508380286436
4496,22.75656122651351
4497,10.008331389432234
4498,4.746649176255019
4499,0.7592648651674406
4500,4.863134099563853
4501,2.017713920373949
4502,2.2219492270336634
4503,1.6991818114522763
4504,20.676023392233198
4505,9.440887429080723
4506,4.344489483998593
4507,0.6884971967866258
4508,4.259864679777367
4509,1.7598216158564066
4510,2.0037628577268864
4511,1.5258426173850503
4512,19.491328467117448
4513,8.537882164388986
4514,4.074970638747642
4515,0.6479401866312903
4516,3.715918599474997
4517,1.651195847557054
4518,1.840511968026098
4519,1.4093567622607692
4520,17.36042419081644
4521,7.592171132600375
4522,3.520737162524251
4523,0.6195743687636749
4524,3.4711264560018336
4525,1.4949337579419217
4526,1.6822974011799507
4527,1.2947982477782187
4528,19.556650505528548
4529,8.416148249991348
4530,3.9742764774201564
4531,0.6030135687087391
4532,3.9448611322531497
4533,1.5859590582361933
4534,1.8624552360070945
4535,1.3780088963554653
4536,19.286802109583167
4537,8.676805901296154
4538,3.994390423109197
4539,0.6613683455541755
4540,3.896142885214539
4541,1.6573711714832147
4542,1.8270410633541574
4543,1.431354710544491
4544,27.554530571220575
4545,12.553248472684322
4546,5.684814656250266
4547,0.9117111060158138
4548,5.692442439559735
4549,2.310298177280022
4550,2.5372191438901464
4551,2.006884446486051
4552,31.43030360753919
4553,14.155130161729348
4554,6.145819557416541
4555,1.0069399791290294
4556,6.316130221524335
4557,2.68222854031083
4558,2.976452530985357
4559,2.2843305883036944
4560,16.516808915509035
4561,7.635798277287414
4562,3.253913188301095
4563,0.5710034230466915
4564,3.282405390527212
4565,1.4258197262017895
4566,1.5091287651265723
4567,1.2193747090036047
4568,22.693667168453608
4569,10.428079420962012
4570,4.68001231165516
4571,0.7607485417751529
4572,4.615661354457756
4573,1.9540563909445785
4574,2.136465616842231
4575,1.675404174968555
4576,14.03372103940113
4577,6.011310766058159
4578,2.8076735809196967
4579,0.5607269416910664
4580,2.6147946867631537
4581,1.16076413435704
4582,1.2243568947551597
4583,1.001482629104182
4584,16.316060721246433
4585,7.476696371258788
4586,3.5387562873988974
4587,0.6086676628513856
4588,3.527699884259024
4589,1.4678179718019695
4590,1.6314974611326207
4591,1.2895417010258416
4592,18.749286157733433
4593,8.724236275209627
4594,3.834149309154785
4595,0.653325894313602
4596,3.567729628420247
4597,1.6078486525256217
4598,1.7923647125107627
4599,1.4047045372395888
4600,21.534217124009803
4601,9.516096722446063
4602,4.384116189405457
4603,0.7257218830622929
4604,4.240598164308857
4605,1.7685456845793386
4606,1.9843118879202124
4607,1.5664970121662039
4608,27.966507540275487
4609,13.270555490648741
4610,5.842197580007796
4611,0.9560561128278626
4612,5.886628834592719
4613,2.4968322510595766
4614,2.7889746818730328
4615,2.1174099529314763
4616,16.546778523985402
4617,7.5940652966202675
4618,3.5128529900200745
4619,0.6083409627214481
4620,3.357105212498497
4621,1.4937808878066783
4622,1.6222489782425316
4623,1.3288984937198984
4624,45.190949840699865
4625,20.21562533317012
4626,9.336279483638457
4627,1.4882707609795498
4628,8.977268686523235
4629,3.808880252560946
4630,4.424746425554434
4631,3.168265265150676
4632,21.696025306980914
4633,9.674289160596645
4634,4.225440008468178
4635,0.7180054629468736
4636,4.152018227721859
4637,1.7747691223621105
4638,1.9563677614136454
4639,1.5404595694595342
4640,26.906390087406983
4641,12.344348324201452
4642,5.533196486371455
4643,0.8574339985449801
4644,5.435633445311717
4645,2.279076781407468
4646,2.603348974185603
4647,1.922285104317154
4648,41.13023814528086
4649,18.735328158405512
4650,8.177683568598898
4651,1.3161415462524342
4652,8.036734227873643
4653,3.5557855288444657
4654,3.773315689811056
4655,2.9972557740732015
4656,35.46162575691867
4657,15.596606746770172
4658,7.3315750444358
4659,1.1244261401509383
4660,6.961158337388252
4661,2.9586835517267054
4662,3.2441824658556966
4663,2.484058181715341
4664,23.17476427080301
4665,10.35706637022921
4666,4.689178719723421
4667,0.7707206795469724
4668,4.605187062565928
4669,1.898239555163453
4670,2.1766723063711355
4671,1.6666432026280766
4672,16.522166520469362
4673,7.092498741991727
4674,3.2196004260094715
4675,0.5847215248824831
4676,3.2827480662694857
4677,1.4401796521311852
4678,1.5939355662183505
4679,1.1847177395240354
4680,29.794232498202366
4681,12.85354303121376
4682,5.831111976529655
4683,0.9418309907635657
4684,5.935965388111636
4685,2.5495251612793255
4686,2.8432092107275153
4687,2.0890733716638206
4688,23.404983386165355
4689,10.233895362491157
4690,4.652897270438773
4691,0.7476119493353174
4692,4.49739472339017
4693,1.9956634201739967
4694,2.125958299386033
4695,1.7064224594634438
4696,16.7980415656518
4697,7.646296278367657
4698,3.576668510819979
4699,0.5976335494142818
4700,3.4096111808105793
4701,1.4980485000555568
4702,1.6344940508178676
4703,1.2750658404606248
4704,23.078175748628848
4705,10.690835408173522
4706,4.753360112236275
4707,0.7680128192481741
4708,4.452264016127364
4709,1.8826842384212261
4710,2.1600714100745
4711,1.7062401524547597
4712,15.499474206552476
4713,6.594974709351094
4714,3.1114331328717966
4715,0.5723625520395457
4716,3.1193190847817505
4717,1.376850249452533
4718,1.3930041317361939
4719,1.1300699645740095
4720,16.090078068708138
4721,7.028172649516971
4722,3.2841521084035765
4723,0.5832181505558057
4724,3.2790723876216155
4725,1.368972305192259
4726,1.5616329043716064
4727,1.1813983202440903
4728,33.47659167885881
4729,14.39982594965333
4730,6.7318099103052065
4731,1.10955985211425
4732,6.870882633949752
4733,2.7554000554675335
4734,3.149039568449678
4735,2.364013591154361
4736,17.00921277339131
4737,7.781519864212862
4738,3.533829750478862
4739,0.604212208767432
4740,3.3373209970648157
4741,1.4765787049443235
4742,1.668932072757561
4743,1.2823503319761727
4744,37.32494984906675
4745,15.751937173428633
4746,7.626417686986379
4747,1.24403315700651
4748,7.186983524645088
4749,2.9355953385044704
4750,3.389130981076179
4751,2.6736977536473177
4752,25.316113006374266
4753,11.413580384519886
4754,5.287198206494037
4755,0.7974077753348339
4756,5.100630425403507
4757,2.209157016303108
4758,2.4102896447647963
4759,1.8168866874641405
4760,18.69112175561941
4761,8.432564064566153
4762,3.7839052878902226
4763,0.642669635570609
4764,3.6202791641748666
4765,1.5771291178897804
4766,1.7146812179448323
4767,1.3713024403227054
4768,48.17608603733867
4769,21.632169351845747
4770,9.814911953669837
4771,1.4603197990499353
4772,9.363066613005044
4773,4.221171036110485
4774,4.500951523761471
4775,3.492682379945315
4776,20.853736888497767
4777,9.614662998254403
4778,4.353841130289245
4779,0.6922253355351425
4780,4.266074268325422
4781,1.839680544520206
4782,1.96517032306886
4783,1.528681414427173
4784,27.002694291517674
4785,12.144877765543168
4786,5.291094454206583
4787,0.8292210379514061
4788,5.37278716678192
4789,2.268671070018141
4790,2.4187540944523516
4791,1.9334180871501263
4792,31.08210556294895
4793,13.763547635371427
4794,6.282045134407814
4795,0.9844798059501427
4796,6.12320396597997
4797,2.636878383417596
4798,3.0114567115043545
4799,2.2302507013825252
4800,23.665463267370175
4801,10.398048369467475
4802,4.649013284865082
4803,0.7580397782724764
4804,4.666486118382998
4805,1.9792332193540165
4806,2.166014678752254
4807,1.7576194086515335
4808,24.662208855760646
4809,11.283650261005372
4810,5.16717302005433
4811,0.8225486116261729
4812,5.098153048474481
4813,2.049507774120898
4814,2.36812790135337
4815,1.8391354116377752
4816,16.204464422057033
4817,7.22243947069662
4818,3.387475881108819
4819,0.5903585461813824
4820,3.3627370211265073
4821,1.3611259290477455
4822,1.5932208027994978
4823,1.1911766960125192
4824,38.18090614882235
4825,17.517389836699547
4826,8.085616320484252
4827,1.3083481112016804
4828,7.428048875585019
4829,3.27070880771358
4830,3.6051482231057146
4831,2.763191793727855
4832,15.200754025898352
4833,6.645700769586476
4834,3.084631852829516
4835,0.5619854144029237
4836,3.0137019437430945
4837,1.3262879067403246
4838,1.45741551911038
4839,1.1641065118609115
4840,16.96875149976321
4841,7.37516913431687
4842,3.5589304579527754
4843,0.5973567924069899
4844,3.360016844562211
4845,1.464319064236801
4846,1.6547898022444023
4847,1.2885640294966691
4848,25.0594724337846
4849,11.1664120109836
4850,4.874265845178612
4851,0.7923735752779785
4852,5.095109774714158
4853,2.1569009487659248
4854,2.3903168420539878
4855,1.8936736875787519
4856,28.67642614112333
4857,13.235860203164481
4858,5.7812478726307
4859,0.8546532969753211
4860,5.798546514728412
4861,2.48003036752273
4862,2.725355897465691
4863,2.2250652810229217
4864,19.25011922238274
4865,9.00926922754082
4866,3.8196198437727147
4867,0.6312335106505621
4868,3.878647425030841
4869,1.6716710304764066
4870,1.852538822728644
4871,1.4716011658259642
4872,21.02605325914575
4873,9.633947499641296
4874,4.433178338949547
4875,0.7101744513226657
4876,4.098465187216521
4877,1.7921593675298566
4878,1.956805404654838
4879,1.567096337214483
4880,59.79712972880724
4881,28.269932125695654
4882,13.34295017497213
4883,1.8589862336669267
4884,12.724219652177098
4885,5.35550255116115
4886,5.929122298245262
4887,4.5898589929709575
4888,17.2680236476718
4889,7.502581125774368
4890,3.598474731466298
4891,0.6125610344127213
4892,3.409643097520762
4893,1.48205704466643
4894,1.7276009642837922
4895,1.2635919527586534
4896,19.741342821509953
4897,9.241569673595508
4898,4.533145731876502
4899,0.2816461755138654
4900,4.874616611273303
4901,1.9068709272701412
4902,2.1913953668076784
4903,1.5140078591275214
4904,23.09986133392306
4905,10.439155777846864
4906,5.234770457421713
4907,0.31881433907950024
4908,6.058816636798449
4909,2.2273150632738328
4910,2.454018932864979
4911,1.837551004449939
4912,21.32372330347588
4913,9.662063998338821
4914,4.90061032879854
4915,0.26915540274846594
4916,5.1462699898517625
4917,2.108711735925271
4918,2.39257091673873
4919,1.6725099319882548
4920,19.6975465863889
4921,8.948146737198607
4922,4.582205619696207
4923,0.2756280341406668
4924,4.747167206013957
4925,1.8344461811304273
4926,2.1822468755476105
4927,1.550437060186829
4928,17.32232935849468
4929,7.996772162951586
4930,3.9964428311105116
4931,0.24364665363217183
4932,4.264538828079433
4933,1.6429900189001245
4934,1.927113092370261
4935,1.3277155488235184
4936,19.800189346456694
4937,8.944682108389637
4938,4.4548649289857645
4939,0.25248402893115723
4940,4.683100422795163
4941,1.7750392623122184
4942,2.1179646717025054
4943,1.4499259054727038
4944,19.033117783271525
4945,9.288943378350833
4946,4.483897587295799
4947,0.26574402386751816
4948,4.933508623966348
4949,1.859942608575496
4950,2.2146332587941915
4951,1.5630387884728323
4952,27.21267428575173
4953,12.403712370745897
4954,6.362691334756367
4955,0.3385856130960858
4956,7.01288983211501
4957,2.6465640218569813
4958,2.99940347886338
4959,2.152594902122172
4960,32.94977835175737
4961,14.350257443348069
4962,7.112099393122028
4963,0.46254729364114905
4964,7.706343027176222
4965,2.927635212717408
4966,3.6997474672769064
4967,2.521246834611909
4968,16.55463158688798
4969,7.973081535970648
4970,3.7577432280523775
4971,0.228798356952892
4972,4.217595437923756
4973,1.5943331088841786
4974,1.7414083410697043
4975,1.2635279123671703
4976,23.65983814946929
4977,10.690600696952462
4978,5.2028818402382075
4979,0.3105587655031918
4980,5.58080114049007
4981,2.1441057085521784
4982,2.526595653355429
4983,1.8461624720472543
4984,14.693346842359484
4985,6.364565423704691
4986,3.2159539425220585
4987,0.19941788754508924
4988,3.3566514308391016
4989,1.262787922821696
4990,1.4688582985418053
4991,1.0845285081176008
4992,17.10304630291426
4993,7.775465652654248
4994,4.131518078445619
4995,0.23598294155667446
4996,4.44024945910003
4997,1.6261199235404638
4998,1.9171965498431631
4999,1.4213872836248185
5000,19.290714515183314
5001,8.957791005560777
5002,4.411342031333929
5003,0.27454923674716886
5004,4.590949384551462
5005,1.8291896946522532
5006,2.1113383465515683
5007,1.533340932517006
5008,21.92766729898841
5009,9.780678944181929
5010,5.159957388172913
5011,0.29918961714849374
5012,5.138365567375192
5013,2.08053308562218
5014,2.4037548665707584
5015,1.7211090978660823
5016,28.998225901696532
5017,13.273467174463685
5018,6.757140571887006
5019,0.3740486831099578
5020,7.179834260790953
5021,2.845987513420846
5022,3.386958780240501
5023,2.3449421904543724
5024,16.98253611087905
5025,8.07172371818711
5026,4.1277460466278235
5027,0.22236830491616652
5028,4.4128693434402395
5029,1.6017710405144685
5030,1.9303463430557144
5031,1.452983256980135
5032,45.70590017003962
5033,20.807210550261715
5034,10.176131092235563
5035,0.5733200602953926
5036,11.151607069372789
5037,4.521338116029754
5038,5.242558080987889
5039,3.5577803980383607
5040,21.90639747222931
5041,9.869906877779293
5042,4.842049711250505
5043,0.28932627014683826
5044,5.053138336867631
5045,1.9785785480173843
5046,2.3025396479893065
5047,1.7281238332348328
5048,27.497524633998488
5049,13.00680196913476
5050,6.1887082543174
5051,0.32448041413194334
5052,6.908542054322329
5053,2.5332771090820723
5054,2.961595086614318
5055,2.091100817223941
5056,42.49150301204144
5057,19.24405628430068
5058,9.337963932858202
5059,0.5574780673614183
5060,10.385620599735955
5061,3.995616625777916
5062,4.5534902562531485
5063,3.3312004554085006
5064,36.01008905172981
5065,16.332872071035904
5066,8.492504330627217
5067,0.44767374622064154
5068,8.71660528761295
5069,3.398059453306697
5070,3.8824514002066297
5071,2.6865963774477124
5072,23.544732235519717
5073,10.565090635940704
5074,5.293984551228963
5075,0.33202215567315785
5076,5.578637174945181
5077,2.144530286293137
5078,2.480580402870322
5079,1.7727616708731848
5080,16.84111899167015
5081,7.585149228320273
5082,3.7244277235111194
5083,0.2130268977631716
5084,4.100249457050906
5085,1.6031319443369145
5086,1.8565489550129088
5087,1.2473880630794492
5088,30.28366462149647
5089,13.83499618735401
5090,6.756046606046631
5091,0.3568604803567115
5092,7.280510607631021
5093,2.7292633395737482
5094,3.551300144958122
5095,2.346306918859164
5096,24.123403211939696
5097,11.042647356356785
5098,5.392108235970212
5099,0.31424148266733476
5100,5.660659674434182
5101,2.2253959698247763
5102,2.4827626782309977
5103,1.8127180491294677
5104,17.353467205183968
5105,8.050363896621919
5106,4.0556857422427575
5107,0.22024168731507843
5108,4.329636970728594
5109,1.6229175617306946
5110,1.8740623341099094
5111,1.3210848021532884
5112,24.29628518925908
5113,10.673920398124318
5114,5.2565072736128835
5115,0.3173577224261459
5116,5.453444913482883
5117,2.0892516548157483
5118,2.4967247792996665
5119,1.881873572594013
5120,16.45271968025664
5121,7.26431427695124
5122,3.5960130475143783
5123,0.21975345991172504
5124,3.837055337651607
5125,1.4814915609141661
5126,1.6041791555068903
5127,1.17939060552128
5128,16.98888082465988
5129,7.395280900848047
5130,3.7568826308601033
5131,0.23172459486214778
5132,4.266412069420378
5133,1.5355758393099346
5134,1.8299674034714961
5135,1.2483267152645396
5136,35.122858930166714
5137,15.456196679868254
5138,7.780432130715529
5139,0.4025554740782011
5140,8.194287889741412
5141,3.1120849822684304
5142,3.8000492651692688
5143,2.657640967477442
5144,18.003348829838213
5145,8.085974724237873
5146,4.113394045866839
5147,0.23256713787437697
5148,4.297083530849379
5149,1.6117577327704493
5150,1.9584400593825015
5151,1.3807670871719055
5152,39.37638177449257
5153,16.23348229568875
5154,8.555111510241302
5155,0.5014171986406724
5156,8.63190185017888
5157,3.3349659587589437
5158,4.243795224509671
5159,2.768560728476624
5160,25.55409850550652
5161,11.379178992765059
5162,5.856903319786183
5163,0.32748202903010337
5164,6.1808412177669
5165,2.4191019127406226
5166,2.8789085046622573
5167,1.9488089319173203
5168,18.5960080216583
5169,8.519164925220533
5170,4.278272221748619
5171,0.26818332988264154
5172,4.620603766541047
5173,1.7432333344006672
5174,1.9927717637568862
5175,1.4401532967388075
5176,49.27554088261961
5177,21.6710207701868
5178,10.790529952265494
5179,0.5616418140649665
5180,11.829950817427305
5181,4.725658326799907
5182,5.33000801531499
5183,3.8972829483560676
5184,21.371306392582408
5185,10.159239415045011
5186,5.136565916034775
5187,0.29073509459173646
5188,5.330257749353817
5189,2.092700049500306
5190,2.2962872696484253
5191,1.6512605689718916
5192,28.383176195845056
5193,12.13469210683126
5194,5.937633876396756
5195,0.3797578218719302
5196,6.453250440888656
5197,2.611092592785041
5198,2.9745281217291257
5199,2.1172848368468293
5200,31.669985773577125
5201,14.125226650878608
5202,7.3091489566545285
5203,0.37217042392324995
5204,7.673963454116042
5205,3.010539000273204
5206,3.6804121959743537
5207,2.51057100977681
5208,23.974688170440608
5209,10.655029782569363
5210,5.444055886284459
5211,0.3311566092276096
5212,5.752150970706295
5213,2.2899558612258955
5214,2.6033462685315754
5215,1.8616114680741194
5216,25.29273575410547
5217,11.966990548300348
5218,5.925763273072704
5219,0.3527850251690424
5220,6.278890653108472
5221,2.4130069715475413
5222,2.8681598085045352
5223,2.0947265072615693
5224,16.72707205885532
5225,7.433390054286964
5226,3.849228396890145
5227,0.22783676069406378
5228,4.1009441313191966
5229,1.5107698306478647
5230,1.8176652710839196
5231,1.2640157745240483
5232,40.286047463155754
5233,17.69484372107936
5234,8.80617629363801
5235,0.5297895082034538
5236,9.453375364640658
5237,3.704297441318391
5238,4.219734285710225
5239,3.0600328321322725
5240,15.516517583479866
5241,7.2714590213532055
5242,3.6023497842330006
5243,0.21268198948726838
5244,3.6544825284269127
5245,1.4652104623203526
5246,1.6519952213866598
5247,1.2259219066352107
5248,17.261765541358113
5249,7.756310734944416
5250,4.069709458181181
5251,0.23745069297632682
5252,4.258565824705755
5253,1.6860045370626189
5254,1.872858433767693
5255,1.41934115780452
5256,26.300314034344257
5257,11.324253772564095
5258,5.388051135450984
5259,0.3315824194398731
5260,6.277781177722024
5261,2.4455129387926404
5262,2.7288351742921977
5263,2.0452388235816987
5264,29.02522445354817
5265,13.173731716535018
5266,6.408796427974916
5267,0.3729198865416134
5268,6.928692766224238
5269,2.7202271717085966
5270,3.392532542766034
5271,2.3992412238796827
5272,19.6218282057042
5273,9.159106653557844
5274,4.434146269784786
5275,0.2502915646630236
5276,4.751261452942444
5277,1.8406404456455414
5278,2.174100960620256
5279,1.5439867456100158
5280,22.028940987418768
5281,9.687605670686944
5282,4.999222551023141
5283,0.3049814545401211
5284,5.2090467555485205
5285,2.0946781222683217
5286,2.237334626043405
5287,1.7092524896304708
5288,61.40301310258394
5289,30.52603057391587
5290,13.973852043931926
5291,0.841714548310163
5292,15.412127090949014
5293,6.111323609791346
5294,7.038577851320062
5295,5.0576237279494105
5296,17.30818546191064
5297,7.66718323109668
5298,4.108708206689881
5299,0.24726589491764717
5300,4.309423238901356
5301,1.6017469704978806
5302,2.0171352308593415
5303,1.3366094674894977
5304,18.20061801553232
5305,8.518639002976824
5306,4.510196817088098
5307,0.11507890467338168
5308,5.0661541155962695
5309,1.9532757108873167
5310,2.3073737545386597
5311,1.5921037307319936
5312,21.26545439630474
5313,9.357860956323972
5314,5.4291952128546095
5315,0.13795517382553743
5316,6.264101653808713
5317,2.2764884144264657
5318,2.5609206383741685
5319,1.8027594183277074
5320,19.03347578240102
5321,8.991881092965057
5322,4.827057746498959
5323,0.12340149326476954
5324,5.478693187889373
5325,2.018936432199753
5326,2.484566588408157
5327,1.6390926200287932
5328,18.199253861692473
5329,8.025636708332886
5330,4.63461223541454
5331,0.11026990516498238
5332,4.934572802633643
5333,1.8529796186410883
5334,2.256426955715905
5335,1.530469806275937
5336,15.556081541508176
5337,7.184403851796128
5338,4.049436661521008
5339,0.08935114029272043
5340,4.560736659591898
5341,1.68054716978513
5342,2.0320245439962017
5343,1.3756239637864311
5344,17.990371725583014
5345,8.083408388464633
5346,4.518013919994909
5347,0.0974470444849934
5348,4.89958929318485
5349,1.7172302861484379
5350,2.2262720032823653
5351,1.4640459705418167
5352,17.636296108259245
5353,8.526460273499525
5354,4.460625657496408
5355,0.1174832670272175
5356,5.156343824587862
5357,1.886430349267964
5358,2.2435345982954753
5359,1.585386812165557
5360,25.7834799697778
5361,11.748588633810119
5362,6.258743672496425
5363,0.16684532565463314
5364,7.141962166457615
5365,2.611953338738492
5366,3.052074477704757
5367,2.1347318263104222
5368,28.902491334502677
5369,13.036138018749366
5370,6.950797622952761
5371,0.20394874195931265
5372,8.260196050334862
5373,2.9515030882936313
5374,3.6986051119581838
5375,2.462269389406802
5376,15.147467370037669
5377,7.224764740049674
5378,3.8103872228052618
5379,0.09409399771218242
5380,4.444574258936524
5381,1.6270699542399611
5382,1.8935440564933137
5383,1.2960133450829925
5384,21.56184748385375
5385,9.640884059332432
5386,5.210336342618942
5387,0.14567020425051722
5388,6.002879202044829
5389,2.2122587335890134
5390,2.58294293204965
5391,1.8381616626902009
5392,13.286186262623973
5393,5.885308198937834
5394,3.280665632256426
5395,0.09279175821863613
5396,3.2048697391059053
5397,1.301526843289511
5398,1.5430626114109196
5399,1.0870914355402819
5400,15.629538666827708
5401,7.108047068081324
5402,4.0303229607578865
5403,0.09584920004005429
5404,4.447200520430877
5405,1.6628990201640448
5406,2.016101448342729
5407,1.3716891809724439
5408,17.408850225569964
5409,8.17786651461136
5410,4.442449492474172
5411,0.10708883711782279
5412,4.80551034823667
5413,1.8758216212257282
5414,2.1929342973554578
5415,1.5657401440152403
5416,20.2303027205114
5417,9.035839411038639
5418,5.059146534394697
5419,0.12381274764197914
5420,5.560799708304487
5421,1.9983191851888384
5422,2.4232043135126338
5423,1.7467736669025027
5424,26.437058120708937
5425,12.301481458833186
5426,6.47393939820063
5427,0.1893241810732493
5428,7.605902402340657
5429,2.879827524678012
5430,3.366140125834621
5431,2.337005020076199
5432,15.475438673144115
5433,7.287171786537016
5434,4.0554170912632745
5435,0.08873748736832487
5436,4.534013657372138
5437,1.6878201942058508
5438,1.984038039135395
5439,1.4458808854069816
5440,40.60298372874195
5441,18.61873978807365
5442,9.93785434323192
5443,0.26181242312467806
5444,11.65886802824365
5445,4.3568333232178125
5446,5.264493406231296
5447,3.5163203482137897
5448,20.11843548351888
5449,9.063586036325702
5450,4.85090714154577
5451,0.1132614522235476
5452,5.614283704817502
5453,1.9984291895800919
5454,2.3819889084827426
5455,1.6684186646673556
5456,24.92917215680229
5457,12.01486500156063
5458,6.2570868920751925
5459,0.15064216714331724
5460,7.059983971495441
5461,2.5590797316956193
5462,3.086519947297885
5463,2.114953324384329
5464,37.628786685750875
5465,17.037078195771166
5466,9.266540056179347
5467,0.30663183112538805
5468,10.386711619635939
5469,3.9949320524291685
5470,4.5721859733177785
5471,3.259920706942585
5472,33.55484246376325
5473,14.185781674015287
5474,8.261426910769899
5475,0.18790147529710402
5476,9.169590127904359
5477,3.2491259403531823
5478,3.877791132147213
5479,2.600817952588939
5480,21.485079934486993
5481,9.26115847275403
5482,5.452320365670169
5483,0.15165491997586825
5484,5.699004559724776
5485,2.087557976788467
5486,2.5758537862602195
5487,1.7858018576183354
5488,15.19956812975304
5489,7.006250487103292
5490,3.7856594103056618
5491,0.0965264762719573
5492,4.2640713381110755
5493,1.6451972028212842
5494,1.9056408953256645
5495,1.2584376150599992
5496,27.84378857740155
5497,12.4267049351302
5498,6.546216992881924
5499,0.17683381561417674
5500,7.69418855538689
5501,2.746417299924798
5502,3.530547548845986
5503,2.2583490832982918
5504,22.313138978791947
5505,9.911495694430013
5506,5.455437333569486
5507,0.13334401058414067
5508,5.957626075048885
5509,2.2391192677411755
5510,2.617126030611828
5511,1.815813029977957
5512,16.132467550751496
5513,7.276848275858592
5514,4.041890354022004
5515,0.0875763911177127
5516,4.457311718569231
5517,1.7124947113904625
5518,1.9382262521256899
5519,1.2790706970851777
5520,21.63640024693177
5521,9.858464954929323
5522,5.35070670854928
5523,0.14884893341558075
5524,5.735947003182646
5525,2.1477092492468306
5526,2.577581737957004
5527,1.8530417152911445
5528,14.37180506125325
5529,6.536639033780437
5530,3.5375401424372903
5531,0.08216532918223488
5532,4.218246807410391
5533,1.4891833355775632
5534,1.7665349721171197
5535,1.2303996266046024
5536,15.190122800361145
5537,6.887525912763605
5538,3.8016488274653173
5539,0.09909297368082107
5540,4.420637952520346
5541,1.5186207060840562
5542,1.8860973126597644
5543,1.2511163767923492
5544,31.372520878532978
5545,13.967514262798904
5546,7.776703407193613
5547,0.20850729777114269
5548,8.896999399830301
5549,3.1788978619735166
5550,3.817097716947976
5551,2.60705617129236
5552,16.083835449462192
5553,7.456454693411105
5554,4.2442235883329
5555,0.08621631680590154
5556,4.637289010924681
5557,1.6414661768370138
5558,2.0270722882829735
5559,1.3768536575520813
5560,35.36511380656861
5561,15.010485640743653
5562,8.369854847297168
5563,0.25367552712623487
5564,9.307132166568765
5565,3.3956111869196053
5566,4.194760473611743
5567,2.8938373890942395
5568,23.34116976193228
5569,10.263218187900195
5570,5.75631303400427
5571,0.14133464921866407
5572,6.506098785920079
5573,2.416637847387624
5574,2.852038218877133
5575,1.9667490043029354
5576,17.36505414252468
5577,7.756513577337335
5578,4.376859098709726
5579,0.0998909389743663
5580,4.8592496595457
5581,1.8587056313852084
5582,2.0602023039477815
5583,1.440427743937743
5584,44.09041624032586
5585,20.184969536940972
5586,10.835544931592528
5587,0.2720677784001323
5588,12.177906558347965
5589,4.66951143334598
5590,5.686734288387347
5591,3.733357303442207
5592,19.14802500901132
5593,9.214128070335116
5594,5.014914563963573
5595,0.12194203641296054
5596,5.596771649402591
5597,2.017209372977871
5598,2.4024438165403725
5599,1.6032618599770132
5600,25.125400968246726
5601,10.581172759689045
5602,6.03002100899965
5603,0.15148983149027645
5604,6.892516066444606
5605,2.5618984258967084
5606,3.0058177221893816
5607,2.0288107558280006
5608,29.054530026161554
5609,12.536723187925812
5610,7.308415341469539
5611,0.19779630991479616
5612,8.260531197572991
5613,2.9220742410141525
5614,3.6453211469968028
5615,2.351288089843978
5616,22.122668171326733
5617,9.517607354814807
5618,5.437492986796708
5619,0.14278081376327045
5620,5.895630670551632
5621,2.204920836692845
5622,2.58879391617887
5623,1.825772384117326
5624,23.600172674468233
5625,10.455484543226932
5626,5.779512686041077
5627,0.15564161177177702
5628,6.583572841624571
5629,2.305278183325527
5630,2.884278935935128
5631,2.1064540903556783
5632,14.890097710495235
5633,6.871411329310285
5634,3.884260863517777
5635,0.09706665063524895
5636,4.2953587678922736
5637,1.5028276619607226
5638,1.8852811221488064
5639,1.2555955347828125
5640,34.99860098341049
5641,16.44761706874028
5642,8.97164649763697
5643,0.2546949679939994
5644,9.852707030804089
5645,3.638093074251577
5646,4.237113952710914
5647,3.1509693522515807
5648,14.37252096400775
5649,6.688871769982917
5650,3.529148960910273
5651,0.08917136971558379
5652,3.8687185600484693
5653,1.3718417520207862
5654,1.6944208210180822
5655,1.2280514161646063
5656,15.429540561174182
5657,7.222956871361782
5658,4.180850321445666
5659,0.09839206904029059
5660,4.458936643518389
5661,1.693536655310745
5662,2.039023227848145
5663,1.316444682123086
5664,23.886793614115533
5665,10.674241932395836
5666,5.6406579064038604
5667,0.14432750143811104
5668,6.5624599794845535
5669,2.3739868506634796
5670,2.830223548624551
5671,1.988184507498164
5672,26.010437409884954
5673,12.144601188862637
5674,6.393547938955237
5675,0.1589860644884395
5676,7.2912324093552705
5677,2.819999393765256
5678,3.2762594069641433
5679,2.3492929109502403
5680,18.27681036136761
5681,8.34567519270605
5682,4.389174613109675
5683,0.09632871818877785
5684,5.100553163891468
5685,1.7958748565536522
5686,2.2669954464053963
5687,1.5252398591304015
5688,19.825657103395482
5689,9.078697342037703
5690,4.946639731881888
5691,0.1253548555603249
5692,5.493120853676776
5693,1.9617941214508374
5694,2.3265350640383433
5695,1.6339761792962286
5696,58.29372604653872
5697,26.64447216845892
5698,13.939374443317092
5699,0.40357600366471486
5700,15.772113930705926
5701,5.953044800158165
5702,6.957784030601055
5703,5.193517783133633
5704,15.650994756343927
5705,7.223481088373252
5706,4.1101756301791665
5707,0.09924656330951578
5708,4.3816781108332945
5709,1.681926149273556
5710,2.050833628039016
5711,1.4094786363882459
5712,20.10243480898177
5713,9.323274849386676
5714,4.1284021439668
5715,0.9108428571562979
5716,3.79965034866936
5717,1.7857216439253654
5718,1.9046486124422068
5719,1.5616084866008915
5720,23.911217246708055
5721,10.724491931691576
5722,4.891751198669661
5723,1.0260593172039654
5724,4.706371487723704
5725,2.1923978481377024
5726,2.281673181123546
5727,1.8198954727473684
5728,22.129574617100932
5729,10.069099126831114
5730,4.460712341931182
5731,0.9190879575008942
5732,4.114870869346252
5733,1.9853811518677362
5734,2.135067331985877
5735,1.6788396838797641
5736,20.4853153046554
5737,8.988666333607446
5738,4.205321482088559
5739,0.8677792039893065
5740,3.7453753486118924
5741,1.7354644571880329
5742,1.95294843679724
5743,1.5150537661627774
5744,17.736693555109987
5745,8.186785080920915
5746,3.8778242873604594
5747,0.859497053312438
5748,3.4700876970326466
5749,1.5687947404129448
5750,1.7406542132973704
5751,1.4428757924537505
5752,20.517951603146585
5753,9.062908204856038
5754,4.227314491563325
5755,0.8407809116462602
5756,3.887415858387346
5757,1.6336739452350497
5758,1.9280133037816625
5759,1.5314155814111972
5760,19.788492049793618
5761,9.334938424333927
5762,4.092607771570934
5763,0.8888140033303306
5764,3.8542771216248206
5765,1.766235802334513
5766,1.9316722774777457
5767,1.5667741953503618
5768,29.021968395129996
5769,12.854851986592596
5770,5.7127567921224145
5771,1.213854564784696
5772,5.487517142607629
5773,2.460507835018416
5774,2.6432659963254825
5775,2.1944449110406383
5776,33.46457672124493
5777,14.891911367388728
5778,6.513109472882491
5779,1.285062392938094
5780,6.243613494965357
5781,2.774856310803221
5782,3.1332761520910957
5783,2.516127477064573
5784,17.062566465482707
5785,7.929682564266214
5786,3.3946964804812145
5787,0.7572793457387205
5788,3.269833706632418
5789,1.5197850128823194
5790,1.6129464909310212
5791,1.3492482986869125
5792,24.24357993197802
5793,10.695706327014678
5794,4.912294050816654
5795,1.035017268112224
5796,4.459211165286417
5797,2.0467253352225314
5798,2.271921969776001
5799,1.8614493101024396
5800,14.800506393483293
5801,6.18214962187249
5802,2.9257696922091125
5803,0.6986890073037703
5804,2.7041168627777954
5805,1.2941556879735658
5806,1.3879509315261418
5807,1.1933129863228318
5808,17.734669225031098
5809,7.838732845537774
5810,3.84793340944521
5811,0.7783771607946178
5812,3.4377941415918625
5813,1.5850324515930094
5814,1.6979136015793082
5815,1.4175359433412513
5816,20.309772501304575
5817,9.307771881795935
5818,4.142202772938485
5819,0.8774017922525295
5820,3.5746505121875027
5821,1.7042456736511091
5822,1.8862549608065982
5823,1.5682753857622596
5824,22.63005006819988
5825,9.921153804409457
5826,4.767030376318855
5827,0.9816459878648431
5828,4.120063264364947
5829,1.9207679093681453
5830,2.1264946678611367
5831,1.7501373940153166
5832,29.26915593450655
5833,13.548113836811904
5834,6.287300518987179
5835,1.2417289407027943
5836,5.7268392303182125
5837,2.6403364815174695
5838,2.8947416564948703
5839,2.304201159272005
5840,17.129389694330197
5841,8.11406534953849
5842,3.7093927029609
5843,0.781179005436818
5844,3.329665949833166
5845,1.5866045205286043
5846,1.7081880683725266
5847,1.4217324148058035
5848,46.926461871062735
5849,20.818377861544246
5850,9.338208213675443
5851,1.7133751547191247
5852,8.843181898652647
5853,3.9989718572256883
5854,4.357084938268764
5855,3.399925980789169
5856,22.86411694188366
5857,10.010717679377162
5858,4.383237708761095
5859,0.9662686339746195
5860,4.098696255496811
5861,1.8952557261262029
5862,2.0327599384239745
5863,1.7198402922389835
5864,28.137561520185127
5865,13.220168818573244
5866,5.694912140482595
5867,1.1273032410149821
5868,5.497135104829697
5869,2.39618693299577
5870,2.7409822188692594
5871,2.1857337546010247
5872,42.897139944256544
5873,19.336299597779178
5874,8.570512348162934
5875,1.6995937134399488
5876,8.084866257257234
5877,3.782659700432998
5878,3.934678255042168
5879,3.2337809535815447
5880,38.50026811549838
5881,16.283100805713783
5882,7.707172572818157
5883,1.4687724810860558
5884,6.932827330553295
5885,3.178536484929661
5886,3.395271850253403
5887,2.668836127008852
5888,24.522702035508683
5889,10.615599784933812
5890,4.858572017638223
5891,1.055002712239839
5892,4.405734520585202
5893,2.026367818377138
5894,2.2161699431900583
5895,1.812846728403975
5896,17.37796092010708
5897,7.74510002692253
5898,3.2771424434470418
5899,0.7784817789026869
5900,3.148268843541832
5901,1.5179765866332522
5902,1.6230282509239358
5903,1.3147087988636603
5904,30.87641862821578
5905,13.548838999003655
5906,6.039789058705518
5907,1.2249288273325558
5908,5.679072902973503
5909,2.615665451987843
5910,2.9523249519450756
5911,2.3754706674387833
5912,24.684976630790068
5913,11.02133483522492
5914,5.07078772098875
5915,1.0647329855884176
5916,4.439477328047229
5917,2.1659010681471034
5918,2.2601196277115903
5919,1.8909541115891264
5920,18.16809645612463
5921,8.217004233916487
5922,3.6856549822269202
5923,0.7765761597550687
5924,3.3562647267249583
5925,1.5746584314471168
5926,1.6825938281060522
5927,1.3793733263642998
5928,24.725217951298617
5929,11.689446504135068
5930,5.013494844744454
5931,1.023859276577389
5932,4.51007505643538
5933,2.049975161303138
5934,2.273135309733543
5935,1.858077970964711
5936,16.606373019549466
5937,7.4081258511003805
5938,3.16704963633471
5939,0.7437882532840471
5940,3.0526664100650467
5941,1.4294112525237186
5942,1.5260072988154325
5943,1.2836566508381193
5944,16.901388175032537
5945,7.7570495044722385
5946,3.4392711039220485
5947,0.7429097628961628
5948,3.20656628322484
5949,1.5052325482605733
5950,1.5753469973067205
5951,1.3137122836719988
5952,35.293928583828176
5953,15.418928203618622
5954,7.072681035319003
5955,1.3108736114568267
5956,6.802203531018001
5957,3.0386779117790077
5958,3.227034937153828
5959,2.6440360999517196
5960,18.59940973332741
5961,8.229615944274835
5962,3.693706195265549
5963,0.8604793367845144
5964,3.4588497580284816
5965,1.6045072020530768
5966,1.7481255542337937
5967,1.429273926164547
5968,40.43256292746395
5969,16.676844481472457
5970,8.112779513939689
5971,1.6230962322051914
5972,6.840733920844045
5973,3.1492618172441826
5974,3.504922249951396
5975,2.909515766110584
5976,26.804067598731326
5977,12.334214930350827
5978,5.601817538280873
5979,1.0759165936823094
5980,5.079646622499511
5981,2.330189598651386
5982,2.4655895025600416
5983,1.985528734678592
5984,19.22975741189949
5985,8.864434633652273
5986,4.139009377025781
5987,0.8868260559977621
5988,3.6763458185089846
5989,1.6697175649101488
5990,1.832762267137588
5991,1.5071216743876212
5992,48.90582356637373
5993,21.84719030925061
5994,10.19030043878225
5995,1.7569320284411476
5996,9.410434124928278
5997,4.368732136943987
5998,4.81493231314796
5999,3.703226831686876
6000,22.129148498253436
6001,10.210843795052682
6002,4.73395701349679
6003,0.8916671506387969
6004,4.223288298498959
6005,1.9134372995316575
6006,2.0092399622497124
6007,1.6853362708046944
6008,28.50052431957969
6009,12.683563533783666
6010,5.432063968088408
6011,1.129098357172451
6012,5.1851652079193835
6013,2.4041481663458475
6014,2.650613669506783
6015,2.1143635884415377
6016,32.56260016819381
6017,14.220544187492102
6018,6.9024369651605415
6019,1.261950980398138
6020,6.320827401987124
6021,2.826926120954559
6022,3.0560414146245267
6023,2.5152908758638373
6024,25.10356118095846
6025,10.844021753312065
6026,4.923483992474589
6027,1.0243324376747156
6028,4.697079709552108
6029,2.125909352437515
6030,2.319134673751937
6031,1.8847932481868142
6032,26.453117444941984
6033,12.190016951948257
6034,5.424700475837527
6035,1.0997147299540413
6036,4.897743984051772
6037,2.2362438987607653
6038,2.460058270785293
6039,2.055094619103584
6040,17.232690918130533
6041,7.776027350098502
6042,3.531510746995913
6043,0.7749747855217601
6044,3.2165087601156808
6045,1.4490262805537766
6046,1.6174414994119013
6047,1.3176839060560437
6048,41.447130515747524
6049,18.71362607883038
6050,8.25966179303979
6051,1.499476655775223
6052,7.658875139065535
6053,3.437148422699587
6054,3.589274311982171
6055,3.164606595743724
6056,16.059191232363137
6057,7.162278509145092
6058,3.1852340700622124
6059,0.7525396449008954
6060,2.966106559287025
6061,1.4259805571646995
6062,1.499401042514999
6063,1.2725789526428175
6064,17.912710429381335
6065,7.99808766912395
6066,3.695637428349404
6067,0.7929521690378798
6068,3.377469977450702
6069,1.58231971599186
6070,1.6952347504534475
6071,1.4261561266041225
6072,26.901526358969576
6073,12.227858612187333
6074,5.109622933527903
6075,1.0579016380739827
6076,4.878318944612496
6077,2.2933889624879242
6078,2.431837968022665
6079,2.0674288070874507
6080,29.895196802977097
6081,13.384480714042617
6082,6.013439422402704
6083,1.158986229446538
6084,5.566459834580022
6085,2.653907116329322
6086,2.9006367396313673
6087,2.4124563694636736
6088,20.39602665200916
6089,9.345460655273227
6090,3.968371943386744
6091,0.8174064461366973
6092,3.8035023329764455
6093,1.730930836566177
6094,1.9495453580386395
6095,1.5599180817710105
6096,22.401258444431758
6097,10.03060781066889
6098,4.678427068162758
6099,0.9669501126255022
6100,4.080830605179753
6101,1.9529095889116304
6102,2.0311662112373114
6103,1.6651875841895998
6104,62.671522825736524
6105,29.16232742262983
6106,13.601696881122686
6107,2.375130277498849
6108,12.159556535080258
6109,5.793481617342867
6110,6.121836381525166
6111,5.028322344314815
6112,18.234525317710872
6113,8.022348103161745
6114,3.7400613201557493
6115,0.7828527725390702
6116,3.3186812507891483
6117,1.5893566062415931
6118,1.7498954393340258
6119,1.381131488531923
6120,16.64491079286183
6121,7.44937503467113
6122,4.840747373494015
6123,0.1042168020623587
6124,5.334602967970771
6125,1.9727338039411157
6126,2.4249842178523564
6127,1.5981947996617163
6128,19.461057099313063
6129,8.761453065688707
6130,5.664845712926466
6131,0.12415080129055264
6132,6.490796949069373
6133,2.4521013458325354
6134,2.9043762131588386
6135,1.8791336828676883
6136,18.36567704736402
6137,8.190144764061916
6138,5.0913596669212495
6139,0.08836749410638485
6140,5.593286241489044
6141,2.1561310269578664
6142,2.6125874807207436
6143,1.6804756364670028
6144,16.297534808807836
6145,7.1349474401607305
6146,4.8481896233281
6147,0.10583310899919414
6148,5.024636980872556
6149,1.890164579390114
6150,2.41194754493401
6151,1.4937677915416843
6152,14.250843471948468
6153,6.476403716486438
6154,4.498056577549599
6155,0.09020276376496839
6156,4.754571301795879
6157,1.7132459734855103
6158,2.1384056523329433
6159,1.4243366082103879
6160,16.456782176157216
6161,7.196548796520093
6162,4.914194557235894
6163,0.08786958379500844
6164,5.060260403662598
6165,1.752733996037911
6166,2.320878555512746
6167,1.4563599492236006
6168,16.173070715977122
6169,7.454165837040441
6170,4.776032424138127
6171,0.08980208355300855
6172,5.256517845711824
6173,1.9114493956254395
6174,2.4052273419890695
6175,1.5706354842881358
6176,24.278077493812745
6177,10.528763404052585
6178,6.778875995362412
6179,0.1549425804648557
6180,7.342338106765804
6181,2.6673218679629005
6182,3.3152599027017837
6183,2.143004130388189
6184,27.03664557520185
6185,12.074023873056257
6186,7.33770657396221
6187,0.1495435136101556
6188,8.119348684937709
6189,3.034153529038625
6190,4.00550700079965
6191,2.4677021742343714
6192,14.150339540938567
6193,6.458704477473515
6194,4.143207904353092
6195,0.08824257022957498
6196,4.469836807128932
6197,1.699882140408368
6198,2.012711132565575
6199,1.3458853349821618
6200,19.83997245832218
6201,8.649160410342976
6202,5.623067374386314
6203,0.11857917457357532
6204,6.1262049350045125
6205,2.2326136132208707
6206,2.8034805223007124
6207,1.8864782422327153
6208,12.245694043448438
6209,5.025964639828118
6210,3.504297525618455
6211,0.06907056296308119
6212,3.461243098592535
6213,1.3485493428914377
6214,1.6658544012672134
6215,1.148409555278548
6216,14.150429168601521
6217,6.221402744347916
6218,4.352488206094454
6219,0.07072051191333065
6220,4.671703893007723
6221,1.7373350193299026
6222,2.0739215988127975
6223,1.3789942640027797
6224,16.535046561237436
6225,7.522057869078463
6226,4.8832797464142885
6227,0.10563274119808048
6228,4.9427776418666465
6229,1.8956799907694768
6230,2.3738108025520277
6231,1.634461618476594
6232,18.333779074669494
6233,7.873849768722174
6234,5.425511594996728
6235,0.0976677724132076
6236,5.460161689446233
6237,2.047514939747651
6238,2.631109099407331
6239,1.7250181796745472
6240,25.1951894513843
6241,11.251542854978197
6242,7.215794399910199
6243,0.14285329481442277
6244,7.54803861939038
6245,2.9032328204576165
6246,3.671910124312614
6247,2.3015628199448015
6248,13.782356765442918
6249,6.462307155224263
6250,4.37733652519627
6251,0.08601693915729618
6252,4.633664226779208
6253,1.7351700319603014
6254,2.139124611775618
6255,1.4484202359813798
6256,37.93193591493817
6257,17.214488224563194
6258,10.623379044594751
6259,0.23643316864944292
6260,11.9236734055417
6261,4.521743565322818
6262,5.591254191139311
6263,3.4985168321790128
6264,18.78681933364187
6265,8.0978114935592
6266,5.134668438347947
6267,0.09679408229427681
6268,5.597340777758661
6269,2.0774396601347953
6270,2.5620851297698635
6271,1.7402068721493358
6272,23.24013625083998
6273,10.892138025958936
6274,6.589628673271277
6275,0.12869330306095453
6276,7.24879741322449
6277,2.57511243995826
6278,3.4211620152788678
6279,2.1230340555530094
6280,34.78972686586565
6281,15.842178640324862
6282,9.914525869890321
6283,0.228835695013553
6284,10.721091989705076
6285,4.218359096162817
6286,4.941365224643363
6287,3.2271929648053788
6288,31.089725776825297
6289,13.384904945342264
6290,9.113757726417585
6291,0.16228765369486536
6292,9.03137222353307
6293,3.5141924839368284
6294,4.291469471225949
6295,2.619133767973264
6296,19.467886669609808
6297,8.372201671187923
6298,5.575364482867095
6299,0.12898299431089666
6300,5.8396669130796734
6301,2.205230642387718
6302,2.787738927569702
6303,1.8330133264611557
6304,13.833301248017376
6305,6.197103702949059
6306,3.97130590682922
6307,0.08701097054584139
6308,4.334101270258928
6309,1.6955868434104735
6310,2.0194252478693087
6311,1.2788485553070486
6312,25.11397159244753
6313,11.001498642291441
6314,6.799902230717605
6315,0.1461607709268681
6316,7.484250857980954
6317,2.8693855711196066
6318,3.7159192083961594
6319,2.3505784299850996
6320,20.556732313055473
6321,8.986296220094426
6322,5.807591259787739
6323,0.11254021910102925
6324,6.020508604464929
6325,2.336382022532722
6326,2.7767672199187867
6327,1.8738571718666888
6328,14.142079930332056
6329,6.515624909635642
6330,4.30955731203211
6331,0.0726996789297656
6332,4.472709782925994
6333,1.7179291905240708
6334,2.070733521593934
6335,1.326896495800951
6336,19.78171502829096
6337,9.388553588755277
6338,5.755567055007805
6339,0.11848217360652162
6340,6.016973843992016
6341,2.2305535123798648
6342,2.76722696906367
6343,1.8557594521784657
6344,12.834976427859498
6345,5.825213435656573
6346,3.7010934687281978
6347,0.06318313870692678
6348,4.158438636275095
6349,1.5414872390020773
6350,1.8546262040227353
6351,1.2514822636781306
6352,13.528868124365491
6353,6.1748949352178775
6354,4.043342971144501
6355,0.08663800745490184
6356,4.405853359045612
6357,1.662622109061594
6358,1.9603810994258593
6359,1.281032350936969
6360,29.30473027838538
6361,12.858845257950636
6362,8.246717968147438
6363,0.16508266856462384
6364,8.596188752638861
6365,3.327752968821783
6366,4.152372751480362
6367,2.5794877612683718
6368,15.094196423665979
6369,6.498907472456077
6370,4.326466532549982
6371,0.08456518529166052
6372,4.773423874557546
6373,1.7482591127607143
6374,2.148518064907717
6375,1.3397053480007666
6376,32.37095180950299
6377,13.244303155009149
6378,8.68780740955254
6379,0.18818677762522407
6380,9.084962998671221
6381,3.4001400468569725
6382,4.4289866349736045
6383,2.8481034378460124
6384,21.581012697919437
6385,9.723506178185366
6386,6.318527214807356
6387,0.123164330953877
6388,6.788324006228286
6389,2.505057123851536
6390,3.0424663732665405
6391,1.9777619514933154
6392,15.503878504178129
6393,7.048297380013883
6394,4.7185827170733985
6395,0.08928196093237156
6396,4.996090098283118
6397,1.8112355687600183
6398,2.2294246539962583
6399,1.456584920305584
6400,41.430552254041714
6401,18.523604843418767
6402,11.628908025263339
6403,0.23090922788480187
6404,12.777459029617422
6405,4.831630776880977
6406,5.999938596271656
6407,3.8228589401412765
6408,17.852139943699015
6409,8.252933430428673
6410,5.423295515085661
6411,0.09534290232924438
6412,5.6187554394650245
6413,2.0794381137034406
6414,2.4817360042907453
6415,1.674343230601461
6416,23.27030264878204
6417,10.416741052102914
6418,6.484885946891196
6419,0.1468757691603967
6420,6.917723210547925
6421,2.6492772902877957
6422,3.378504747831057
6423,2.1485358480846726
6424,26.565299359132545
6425,11.790588428248444
6426,7.834064609009889
6427,0.1473939001022098
6428,8.174701455075787
6429,3.0971273832277872
6430,3.8443470023911477
6431,2.462317015938528
6432,20.430739279055235
6433,8.674547239155743
6434,5.594769600038446
6435,0.11885570491340502
6436,6.251705448222138
6437,2.277010685015772
6438,2.8129562882791515
6439,1.8717998461524936
6440,21.68336490452145
6441,9.8881215528703
6442,6.2198018959128
6443,0.12573098509349673
6444,6.496091648590551
6445,2.4365498331348907
6446,3.098312661450947
6447,2.0720148526727162
6448,13.320713319027064
6449,6.216612311837235
6450,4.067439067328371
6451,0.07862093022911873
6452,4.375579060134221
6453,1.526934692913532
6454,1.9993060263375213
6455,1.2871751716759012
6456,34.0725831309831
6457,15.271047387108162
6458,9.11872480937204
6459,0.17680356769710046
6460,9.97571322870201
6461,3.8139030264331053
6462,4.552400072779478
6463,3.1662305923633443
6464,12.884238716768422
6465,5.708580398864396
6466,3.7598468033191885
6467,0.08066178766674578
6468,4.068935375393309
6469,1.460531145108366
6470,1.858947684839747
6471,1.2420603958336858
6472,14.164533107569428
6473,6.338994380026833
6474,4.355963919299065
6475,0.08159904198956827
6476,4.673711212453416
6477,1.7620757151006303
6478,2.10285758872245
6479,1.4016046499879067
6480,21.926686114128017
6481,9.924079011034564
6482,5.907476023853273
6483,0.1238583024687845
6484,6.639038038758501
6485,2.5048927732741553
6486,3.063038036723646
6487,2.083403664867845
6488,24.04991978284566
6489,10.826917148966336
6490,6.79450364977821
6491,0.14049561378714745
6492,7.317309453875118
6493,2.9097610401980925
6494,3.6033146050045644
6495,2.4149748372643254
6496,16.813330992442744
6497,7.612781705644247
6498,4.678281422180208
6499,0.09823223310298712
6500,5.076054116054004
6501,1.8893280881987622
6502,2.443020134473665
6503,1.5736643442403853
6504,18.086582867639763
6505,7.943913665707075
6506,5.262413605391727
6507,0.09943893655151315
6508,5.4158607973216455
6509,2.1228913159657616
6510,2.5274390424990805
6511,1.6759520768240865
6512,53.48963363387321
6513,24.68128251291565
6514,15.16787853789403
6515,0.3661354464039302
6516,16.0836123904562
6517,6.343840772672839
6518,7.635112650502463
6519,5.091075509671266
6520,14.668325031965145
6521,6.320352892056015
6522,4.415110569994757
6523,0.07809555126899667
6524,4.532087958238674
6525,1.7584335578594656
6526,2.1936566998525824
6527,1.339362899878713
6528,18.702886502033955
6529,8.617801940931189
6530,3.732110966122999
6531,1.1788028443634926
6532,3.055501402603532
6533,1.6882847967139882
6534,1.683055645920477
6535,1.4711105281221664
6536,22.078200866795644
6537,9.991177607963458
6538,4.516230323070788
6539,1.2821295192498807
6540,3.927638397151063
6541,2.0197357017102986
6542,2.046464038404288
6543,1.7337908707712595
6544,20.225535269060572
6545,9.41701763325546
6546,4.1654091848233
6547,1.1473097148519937
6548,3.530220999485003
6549,1.7693487076161498
6550,1.891153257926056
6551,1.564528853781922
6552,19.019717857951235
6553,8.543635398404934
6554,3.9038400259937824
6555,1.1060739913952375
6556,3.1293610994927956
6557,1.659476142060828
6558,1.730248608397167
6559,1.4550063504577835
6560,16.79201351158665
6561,7.539227335385942
6562,3.3629177492119107
6563,1.015932804422385
6564,2.9046491696009027
6565,1.499547248174158
6566,1.5615090334354376
6567,1.3375860308804808
6568,19.320234697578904
6569,8.41077359355708
6570,3.7972955831228705
6571,1.0254185665714257
6572,3.3360719264532386
6573,1.5962404162214319
6574,1.7561268471093867
6575,1.4216962796733015
6576,18.676246198482932
6577,8.615351517609609
6578,3.8299573474964865
6579,1.1272284542177695
6580,3.2082122306484298
6581,1.65915094063584
6582,1.71437217507976
6583,1.4654676658083448
6584,26.842450738089827
6585,12.385607516193138
6586,5.439158408908459
6587,1.529647024001412
6588,4.692172397618381
6589,2.324203875532674
6590,2.38341526407706
6591,2.0985391899412025
6592,30.965854308110973
6593,13.98415704145357
6594,5.955595588648214
6595,1.6937227404835167
6596,5.284653715284886
6597,2.6644069801387333
6598,2.769350897738449
6599,2.3757113992208487
6600,16.157427121960346
6601,7.754872639645524
6602,3.1440392168514926
6603,0.9202983042198867
6604,2.8249682152976594
6605,1.4390814022017364
6606,1.424214000054492
6607,1.2667784497254102
6608,22.33953300800697
6609,10.40297242608878
6610,4.523605208294396
6611,1.2899671001411808
6612,3.8765709593216946
6613,1.993761361509755
6614,2.0123450135994854
6615,1.7455178538621818
6616,13.717608860508552
6617,5.840316428210031
6618,2.672905278996831
6619,0.9193218686544647
6620,2.24926290765031
6621,1.1945376007295625
6622,1.2045331111551472
6623,1.0670844725294992
6624,15.657402757921803
6625,7.386329048396952
6626,3.3882771796914577
6627,0.9717357731092905
6628,2.9388315072438913
6629,1.463995122101488
6630,1.5060082744839514
6631,1.3051565273755648
6632,18.145869170226163
6633,8.72063128846995
6634,3.682324973246292
6635,1.0771364699001091
6636,2.9455223286784844
6637,1.5882253165553715
6638,1.6502614233263488
6639,1.4360338761922622
6640,21.11720967712117
6641,9.496813688016884
6642,4.183496435838529
6643,1.205344139141161
6644,3.523176287609432
6645,1.7857594452165837
6646,1.8713922613790208
6647,1.610477123759672
6648,27.465911023828507
6649,13.390729110870756
6650,5.69408199325704
6651,1.618596574103468
6652,4.915825615958643
6653,2.466838246258658
6654,2.626630222205947
6655,2.215830973407735
6656,16.03122816653512
6657,7.545529330091724
6658,3.353621362869404
6659,0.9594659734102557
6660,2.819340195938978
6661,1.4929883131703192
6662,1.4970318243478782
6663,1.349927342904337
6664,44.8480960408176
6665,20.11388083504951
6666,9.132901806082717
6667,2.286197565992036
6668,7.716371196734767
6669,3.799359487660086
6670,4.1244201310925295
6671,3.2473391937695393
6672,21.185140689809092
6673,9.691817358774337
6674,4.059601855348269
6675,1.2411032759074256
6676,3.410718136982307
6677,1.798051501682063
6678,1.8544750069541687
6679,1.5957639166429427
6680,26.48590411165034
6681,12.186770133714813
6682,5.358948836485135
6683,1.5076952259639609
6684,4.4418409709989835
6685,2.3147939685480794
6686,2.460825050098306
6687,2.0243683153108982
6688,41.393377060012625
6689,18.43616443761083
6690,7.90887960163757
6691,2.276050392978915
6692,6.755507331071753
6693,3.5094550551062227
6694,3.5225258543706395
6695,3.0557675305902636
6696,34.590693644867706
6697,15.226981839472481
6698,7.035554223270682
6699,1.897672457861473
6700,5.717287326338758
6701,2.9097988486595368
6702,3.0057777192547666
6703,2.533210316103824
6704,22.52532629191384
6705,10.282804017993913
6706,4.508051950477797
6707,1.337760162494506
6708,3.8183527948033573
6709,1.9161530177800643
6710,2.016626704886892
6711,1.7197044314281003
6712,16.01971483730561
6713,7.0571797352339045
6714,3.1143738926931337
6715,0.9079577070391887
6716,2.7650906323065048
6717,1.4511378513358135
6718,1.4774719134934002
6719,1.239789590430967
6720,29.353750411994497
6721,12.792217843596987
6722,5.646056304347379
6723,1.601559097670205
6724,4.944285675044971
6725,2.5222914692382528
6726,2.662072663958014
6727,2.1784690493587786
6728,22.90445336685347
6729,10.204998987701277
6730,4.5635709648952245
6731,1.3037968227156764
6732,3.763393587280438
6733,2.0205038736856085
6734,1.9780439658806626
6735,1.765628808283126
6736,16.176342174714158
6737,7.546165733172012
6738,3.447899932868209
6739,0.9534657127356345
6740,2.845446818657858
6741,1.492510577567127
6742,1.504956463493436
6743,1.3060549655516596
6744,22.461100946236538
6745,10.607502609694162
6746,4.562861766152299
6747,1.3175903330438277
6748,3.674557529920472
6749,1.913458995718222
6750,2.0307404872627712
6751,1.7672864294267405
6752,15.205143576392521
6753,6.4407527698592
6754,2.9225624789093088
6755,0.9795802886869829
6756,2.5370843298662447
6757,1.3663220386971298
6758,1.3145685440737656
6759,1.165603256700994
6760,15.102143194445619
6761,6.912570110310932
6762,3.1075100473660506
6763,0.9188073892569558
6764,2.7006002625770433
6765,1.3832265405109347
6766,1.4344979510816722
6767,1.2291643417508422
6768,32.653521676604306
6769,14.173215875051122
6770,6.390036697535109
6771,1.8667794807196563
6772,5.61900195177812
6773,2.751923797453451
6774,2.9342715090987204
6775,2.4430484997983526
6776,16.62860092393806
6777,7.759699419383855
6778,3.414760588356817
6779,0.9908205782906931
6780,2.826035787208591
6781,1.494509886349899
6782,1.5618056578823245
6783,1.3373650591700486
6784,36.57287473688578
6785,15.269097176308073
6786,7.359622127556945
6787,2.0910421181280343
6788,5.835095232365033
6789,2.91871256349571
6790,3.1558952697075857
6791,2.756266336141683
6792,24.67915199769221
6793,11.187019598676127
6794,5.039897488231526
6795,1.3647087162881308
6796,4.181501717863356
6797,2.194457608348119
6798,2.2540834202437274
6799,1.8615496232472915
6800,17.989806644820316
6801,8.367091930390554
6802,3.5992421236017416
6803,1.0507830339721675
6804,2.9922335540247618
6805,1.5621168826520133
6806,1.5846557118685773
6807,1.4023646346358178
6808,48.94007020733666
6809,21.586852781172812
6810,9.514526563093675
6811,2.450300788523465
6812,8.042048199568729
6813,4.2463056750375445
6814,4.28229699627831
6815,3.6121201468488184
6816,20.430527603245313
6817,9.648930173803379
6818,4.15940806309094
6819,1.1517028368851787
6820,3.5064242006730115
6821,1.8432141051830357
6822,1.8457097232130077
6823,1.5630879585292197
6824,26.417818190921164
6825,11.920832091390228
6826,5.114114511778003
6827,1.4439805641157004
6828,4.520097580518623
6829,2.2923944440094846
6830,2.3125824426499877
6831,2.030598052766418
6832,30.01776332222424
6833,13.489876177946641
6834,6.021529969159162
6835,1.7100061074687154
6836,4.990925219048158
6837,2.603394870450895
6838,2.783294182950945
6839,2.3091972144155077
6840,22.891663526676485
6841,10.321370950767198
6842,4.458497843197366
6843,1.318958120230736
6844,3.9154178248753406
6845,2.0074225726585144
6846,2.028433644009019
6847,1.8230645653330317
6848,24.256083911734713
6849,11.19266560788672
6850,4.955074376631535
6851,1.3396357782111252
6852,4.181495699371664
6853,2.0476205944409727
6854,2.1776589888804474
6855,1.8841456415840832
6856,15.417590636571083
6857,7.097556938975596
6858,3.160859459315197
6859,0.94411349086014
6860,2.722268354485678
6861,1.3362791964097749
6862,1.4414636352408294
6863,1.2176597935795597
6864,37.49243044248985
6865,17.33091606639114
6866,7.89400179366207
6867,2.2417509135995335
6868,6.2272820201098185
6869,3.2181327044098675
6870,3.37069321508278
6871,2.83691162961887
6872,14.845739905560553
6873,6.620628415916311
6874,2.991441778101687
6875,0.9295868395371045
6876,2.556115143160253
6877,1.3539503232952412
6878,1.3776246724950307
6879,1.2084847234344758
6880,16.15732799010013
6881,7.32281207379181
6882,3.430386015664358
6883,0.9566736435069064
6884,2.7921686263922227
6885,1.4627925822810002
6886,1.5288019979736773
6887,1.3245539436352407
6888,24.45276461077927
6889,11.019191180847546
6890,4.642981743173482
6891,1.3637562624269346
6892,4.175678765880583
6893,2.1551590827571085
6894,2.2318615864624043
6895,1.948806063025205
6896,28.22543488030742
6897,13.09554871208997
6898,5.551317397628618
6899,1.455979112902753
6900,4.773454011973869
6901,2.4564940049486275
6902,2.5659190977887736
6903,2.2815295879728295
6904,19.04891988507837
6905,9.156234969285727
6906,3.675215126282133
6907,1.0492255361024694
6908,3.282180643093248
6909,1.6713023386855468
6910,1.7460620245979133
6911,1.4994775828203393
6912,20.345155856738042
6913,9.540587278195328
6914,4.219587959489669
6915,1.1826607579589583
6916,3.3327938251692926
6917,1.7855834869623666
6918,1.8297678574398963
6919,1.590293753526466
6920,59.70351065379517
6921,27.983309757236633
6922,12.780180139671673
6923,3.4186564621348476
6924,10.598194556267194
6925,5.33014061530307
6926,5.427096343080117
6927,4.802452409349599
6928,16.659752617318965
6929,7.4900294545652315
6930,3.481573578670077
6931,0.993256521243403
6932,2.868287649967928
6933,1.486614717708712
6934,1.6025568502577359
6935,1.3093705741153492
6936,18.14139734460366
6937,8.260828607322548
6938,4.474695807458032
6939,0.10225409090861315
6940,5.065345436839903
6941,1.9039666676551599
6942,2.185920106169619
6943,1.514997084655866
6944,21.215844301229673
6945,9.321735714458232
6946,5.299781222637451
6947,0.13195278001257854
6948,6.187027166749907
6949,2.2152050579086726
6950,2.623568762221628
6951,1.8014833756151833
6952,19.41028637870977
6953,8.976003173098551
6954,4.7462234354461845
6955,0.11009900715721672
6956,5.424473732558584
6957,1.9305529667876407
6958,2.3383462362206973
6959,1.6183646625071775
6960,18.233312337223495
6961,8.086166481185602
6962,4.539639031941743
6963,0.10428198549669547
6964,4.814583003712657
6965,1.813790783680203
6966,2.1196943104009707
6967,1.5019723856348888
6968,16.187123482496183
6969,7.223919711126581
6970,4.005318601718952
6971,0.09245908244734072
6972,4.539947681520102
6973,1.646419463966714
6974,1.9415582728701313
6975,1.3576576622739187
6976,18.12453661294991
6977,8.017888611529418
6978,4.455062279625211
6979,0.0901033953705879
6980,5.051835962902828
6981,1.7141847971821038
6982,2.13983677524721
6983,1.3819244227243026
6984,17.95846512581154
6985,8.29839092251853
6986,4.420491878356205
6987,0.10923672892426912
6988,5.141135407272427
6989,1.8147534769515448
6990,2.145947848852559
6991,1.5109874783629362
6992,25.678557524711266
6993,11.664440392128862
6994,6.349473906131268
6995,0.1559230694437099
6996,7.187089018892696
6997,2.530677017037788
6998,2.967417504398567
6999,2.1294889111043895
7000,29.632595189319694
7001,13.157156487440014
7002,6.815055575557114
7003,0.19405875421398094
7004,8.050431473423833
7005,2.9374584278802285
7006,3.5910215063896773
7007,2.4532087247909153
7008,15.638228513557529
7009,7.322623366844132
7010,3.7511666071025846
7011,0.08767518483150409
7012,4.371619545476156
7013,1.5734603818111503
7014,1.750228504525112
7015,1.29259687100542
7016,21.44160329453884
7017,9.731008177558815
7018,5.283174105377922
7019,0.13365091876215193
7020,6.01550981910446
7021,2.1715671618680035
7022,2.5226103035936562
7023,1.8044131849531806
7024,13.241653626800307
7025,5.894689509310161
7026,3.2276945689724497
7027,0.06701332293286909
7028,3.246723271258464
7029,1.2898748890804168
7030,1.4266905089670188
7031,1.0365917555706319
7032,15.426977480140291
7033,7.123119654643782
7034,4.001117044990014
7035,0.09323993173729009
7036,4.651029502142535
7037,1.6345167974118957
7038,1.9113573496388576
7039,1.390612651139339
7040,17.706634032012364
7041,8.239125902153221
7042,4.365543648717285
7043,0.10715231254885421
7044,4.688369535562946
7045,1.7838331684417983
7046,2.1045393092121767
7047,1.5153314529445918
7048,20.088676235750018
7049,8.8745221482631
7050,4.796791941491604
7051,0.10585575125736571
7052,5.4668245483120534
7053,1.917151229249677
7054,2.318919247452752
7055,1.6530175328124257
7056,26.705023368935137
7057,12.435268951550082
7058,6.532839679130022
7059,0.16182411580881195
7060,7.461703970052522
7061,2.7591675986088053
7062,3.409733403860934
7063,2.299819106371417
7064,15.488001446405185
7065,7.258923798956706
7066,3.9728094109885097
7067,0.08534799800681168
7068,4.450456808349617
7069,1.6540892262504863
7070,1.898007584383384
7071,1.4172204869372496
7072,42.44514589819275
7073,18.90781198960669
7074,10.01267684555797
7075,0.25807466269822144
7076,11.768746869005941
7077,4.221084141563031
7078,5.278637599416159
7079,3.396721663165636
7080,20.399235583593146
7081,8.983627121594235
7082,4.744815675482959
7083,0.11123835843927923
7084,5.413727215649819
7085,1.9464390896885992
7086,2.3289758751989966
7087,1.6427151861189375
7088,25.226706896493017
7089,11.507217464178405
7090,5.972386215098689
7091,0.15398171031614347
7092,6.827431244589316
7093,2.49593886430705
7094,3.1086230933196544
7095,2.022110464821949
7096,39.28791719253109
7097,17.660097697630626
7098,9.294663563212854
7099,0.24492262976257628
7100,10.460833713726036
7101,3.9650376969556445
7102,4.509699732572131
7103,3.188565256896918
7104,33.033671822779205
7105,14.551547200919975
7106,8.109238574699974
7107,0.19804003215807986
7108,8.768194703621502
7109,3.24020994004647
7110,3.8956551734005416
7111,2.628622681647873
7112,21.843757585673178
7113,9.576779859707615
7114,5.104569967262496
7115,0.13093797850913297
7116,5.8395401648908996
7117,2.0429757858181397
7118,2.536366758938833
7119,1.736487503808225
7120,15.429909401953324
7121,6.858295619337096
7122,3.6945289654987277
7123,0.0880188252171391
7124,4.365152112764158
7125,1.5947653194241276
7126,1.878119780086169
7127,1.2709856425091821
7128,28.282647585640433
7129,12.072286479936398
7130,6.363752095141596
7131,0.185793593920166
7132,7.573164494314067
7133,2.8025617153182285
7134,3.3893913125205937
7135,2.241246666008054
7136,21.975940380214524
7137,9.619922736251068
7138,5.438080803552497
7139,0.12339502998778505
7140,5.87904844474153
7141,2.1966132394925877
7142,2.478528201963059
7143,1.823164625177775
7144,15.346575747739463
7145,7.191421954152277
7146,3.9170844312523947
7147,0.08991458237880721
7148,4.4698961558095665
7149,1.6271181545069422
7150,1.880764100915768
7151,1.3185315664001966
7152,21.29681228378919
7153,9.817728816799601
7154,5.206293979668343
7155,0.12338795687142466
7156,5.674388444142516
7157,2.032537268119727
7158,2.5127846959431115
7159,1.789802670795185
7160,14.469576117699392
7161,6.375483171470651
7162,3.538913495630241
7163,0.07562562431043728
7164,4.012997003190076
7165,1.5077907705471965
7166,1.5803900001355784
7167,1.1803427003355393
7168,15.37500464345822
7169,6.774516535590716
7170,3.727418380026811
7171,0.09083869135178348
7172,4.376731943652637
7173,1.4799545476010354
7174,1.8225545033917634
7175,1.2433706766182897
7176,31.586410873225127
7177,13.696368557944519
7178,7.628052156299369
7179,0.20042544505748716
7180,8.762933728373875
7181,3.0191994388294883
7182,3.7648146800535467
7183,2.5183810617408677
7184,15.73270946123246
7185,7.373761130113847
7186,3.9920633925009894
7187,0.07930493101803272
7188,4.4388924307705055
7189,1.615829738631592
7190,1.952428220761719
7191,1.3438490809736272
7192,35.429800645881805
7193,14.844813160344906
7194,8.253387422960726
7195,0.20659645024782322
7196,9.285324969100788
7197,3.1970120953536094
7198,4.085034187685136
7199,2.8614347863808898
7200,23.66853628342377
7201,10.65988738653619
7202,5.7361599245637755
7203,0.1339794957243434
7204,6.446018212282894
7205,2.402694232251588
7206,2.8614439069792597
7207,1.90167390158898
7208,17.411006278491094
7209,7.940866167583545
7210,4.226139136409037
7211,0.09372423554035181
7212,4.731910243529046
7213,1.7415179107587806
7214,1.974710962021382
7215,1.4307684139896513
7216,45.467971755698905
7217,20.597767508221903
7218,10.889517569872732
7219,0.2513111128987999
7220,12.516927360658384
7221,4.569992061711594
7222,5.336560075067392
7223,3.77141678694918
7224,19.587799653809967
7225,8.991642388908984
7226,4.793324334053094
7227,0.11046241575625784
7228,5.460847994867951
7229,1.987864759818889
7230,2.288074744117456
7231,1.5865623667316928
7232,25.34990586876155
7233,11.195406273058477
7234,5.991794078255521
7235,0.14799422171970875
7236,6.822156547395687
7237,2.515944024810586
7238,2.880357050657312
7239,2.0507752878111534
7240,29.188583843592337
7241,12.816061079312083
7242,6.849035959329491
7243,0.1798940386255854
7244,7.688494143177166
7245,2.8626698731452005
7246,3.5838343808675237
7247,2.3632115101064057
7248,22.343717098619795
7249,9.739966416267164
7250,5.188779284585115
7251,0.12416695303910436
7252,5.944311526011368
7253,2.1528607678759246
7254,2.50321984597123
7255,1.8581375007863328
7256,23.26537461008321
7257,10.397151011754232
7258,5.630448671955239
7259,0.1318209222355607
7260,6.4654286381295725
7261,2.245696541552713
7262,2.8154320078874133
7263,1.953593373505515
7264,15.207161011012127
7265,6.908178229211987
7266,3.788571223228716
7267,0.08502590174147825
7268,4.451239020897407
7269,1.4802400535503781
7270,1.8523128390039518
7271,1.2636788020254401
7272,36.129504110602475
7273,16.46044329188598
7274,8.801738056891352
7275,0.23740823130188468
7276,9.542258647672531
7277,3.6206680787764918
7278,4.321586290097786
7279,2.957055930673724
7280,14.152784392973807
7281,6.4330973050221605
7282,3.467067888915927
7283,0.07383132354477423
7284,3.9006282612815046
7285,1.426728710768429
7286,1.6782622213921676
7287,1.2248814537575765
7288,15.969396909442672
7289,7.079716601432432
7290,4.002085736205694
7291,0.08527367726451482
7292,4.295572717213817
7293,1.613605883362483
7294,1.928697285829215
7295,1.361954035479338
7296,23.794043688733048
7297,10.423302047116067
7298,5.440792925041
7299,0.1310874837439341
7300,6.447711064076556
7301,2.3507071207777726
7302,2.838422677998945
7303,2.006465712622028
7304,27.254904993552145
7305,12.198792820234534
7306,6.294197114950371
7307,0.15586268711219836
7308,7.339943455885318
7309,2.721325996986588
7310,3.22705626953964
7311,2.3970453111857726
7312,18.14062726555301
7313,8.42339028659845
7314,4.263483669879959
7315,0.09278094973407337
7316,4.986406431619498
7317,1.786060872113186
7318,2.1398387698093413
7319,1.5098125783653416
7320,19.737734984322827
7321,8.968163515859818
7322,4.853829462540303
7323,0.11662758205880974
7324,5.232596683279525
7325,1.951101966402535
7326,2.291938800024403
7327,1.6643708944828752
7328,56.77530420607707
7329,26.036033950040604
7330,13.716953102829375
7331,0.4306351465671844
7332,15.58234255218083
7333,5.848560975735361
7334,6.899636053744121
7335,4.838527289213517
7336,16.20558334309472
7337,7.139942160115025
7338,4.040645371047924
7339,0.08646305546820918
7340,4.479903530684662
7341,1.6213168594991991
7342,2.021115477023092
7343,1.3076045246625176
7344,18.375746554172725
7345,8.467833840009808
7346,3.4714863047849915
7347,1.474907433360515
7348,2.528452570407245
7349,1.6545828239760738
7350,1.6063328702804711
7351,1.5070589459394923
7352,21.9894822787214
7353,9.83100405012619
7354,4.353005551141227
7355,1.8174089725890397
7356,3.2702132004799056
7357,1.9948239589007177
7358,1.8710884691034322
7359,1.7882874988479953
7360,20.225296915969142
7361,9.048971046963414
7362,3.9277086873582547
7363,1.685902041503877
7364,2.8876470853673375
7365,1.8048280128215366
7366,1.869343577654876
7367,1.6742647910311756
7368,19.241240899901943
7369,8.255768475579575
7370,3.662280785487592
7371,1.5115467831847722
7372,2.6717981676845306
7373,1.6661661297823238
7374,1.6977699434795013
7375,1.5572841367460615
7376,16.324297656631188
7377,7.372373359825623
7378,3.2469399216826154
7379,1.3542736119870857
7380,2.452081053485946
7381,1.5249000564557234
7382,1.5299223828409756
7383,1.3696561337832218
7384,19.41391808140943
7385,8.363692119984762
7386,3.52741297739076
7387,1.553220294973279
7388,2.663171440489753
7389,1.6373210791920394
7390,1.6938307366767513
7391,1.5304326171829945
7392,18.444799695553428
7393,8.56375021751537
7394,3.6110286386285475
7395,1.5416926636512611
7396,2.7321157232732665
7397,1.677758919110997
7398,1.6620470359315715
7399,1.5790329802163812
7400,26.72449724068131
7401,11.849034591670513
7402,4.889654539172923
7403,2.17837314776832
7404,3.691102081801113
7405,2.283766473158271
7406,2.203109292434835
7407,2.0939420512697233
7408,29.939037959590625
7409,13.622290025069752
7410,5.597958705636777
7411,2.3333371011371313
7412,4.222056236668326
7413,2.545124078707077
7414,2.552119452550517
7415,2.357811132564119
7416,15.408608701760055
7417,7.256375044099841
7418,2.8507518506105782
7419,1.2372398305047103
7420,2.3377662880831735
7421,1.447038094494528
7422,1.4513098028043445
7423,1.2843364094132523
7424,22.02676422317732
7425,10.001628591296585
7426,4.24030201509409
7427,1.8245439114947994
7428,3.166585513989891
7429,1.9419554776135513
7430,1.92898877865915
7431,1.8003931982912087
7432,13.530064202355137
7433,5.7224029336194375
7434,2.5627837233833244
7435,1.0878304170622621
7436,1.9190027630949948
7437,1.1559594255181962
7438,1.1632161563376882
7439,1.0886209060576058
7440,16.130498780179014
7441,7.162685152629228
7442,3.2611138249485467
7443,1.3482867224571577
7444,2.2886752132463593
7445,1.4847253473512179
7446,1.472982278033505
7447,1.3536792280023875
7448,18.0193915860766
7449,8.204264953490966
7450,3.4327845767275416
7451,1.457359230082858
7452,2.5124866306772544
7453,1.6223180698751576
7454,1.6020954766023738
7455,1.5158821533232523
7456,20.633229443177093
7457,9.210769770961493
7458,4.103541435950373
7459,1.629210923678315
7460,2.9119581258148437
7461,1.7675465829800965
7462,1.7756686441353644
7463,1.6957222486937897
7464,27.305743497599618
7465,12.864023315721141
7466,5.2725989453388085
7467,2.3058418418720024
7468,3.962691387294863
7469,2.531201075320997
7470,2.42161211700693
7471,2.2796914546004916
7472,15.812582558002706
7473,7.253920776848685
7474,3.1964897808565524
7475,1.3252742363329038
7476,2.337062275209273
7477,1.4805450137358944
7478,1.475865904011303
7479,1.3993003899725804
7480,43.70266235987945
7481,19.69703796130936
7482,8.452639066533887
7483,3.4443234954324726
7484,6.1766313735789655
7485,3.6777863547324734
7486,3.6355599775764045
7487,3.284820950985678
7488,20.85826581011899
7489,9.47462379634921
7490,3.814183798567814
7491,1.583733438979853
7492,2.9615974657621185
7493,1.7809555737123777
7494,1.7085516377211967
7495,1.6938211050843632
7496,25.593731630429435
7497,12.519630803001423
7498,5.198125946674458
7499,2.155904321141816
7500,3.7227729856317433
7501,2.271153794544634
7502,2.304309735952249
7503,2.1308677828709266
7504,39.40028754920884
7505,17.763153969311166
7506,7.2397482227926435
7507,3.2111797287724175
7508,5.3297456636604155
7509,3.407178913374475
7510,3.22051477465996
7511,3.03242870355212
7512,36.67728753630831
7513,15.228668760272233
7514,6.373292098832807
7515,2.860204507850048
7516,4.7875418626409
7517,2.900491950014049
7518,2.8425200747689745
7519,2.6350728236255994
7520,22.459020348069696
7521,9.95279581097671
7522,4.390767593371302
7523,1.8067594395273239
7524,3.1121709784486016
7525,1.904058161885069
7526,1.919352094470442
7527,1.781143928809707
7528,15.870700480647946
7529,7.083906729160516
7530,2.9455375156624015
7531,1.2774936325807444
7532,2.221818577470132
7533,1.4804598978832153
7534,1.4741002262327174
7535,1.2640549584716267
7536,28.63487990298236
7537,12.976454873963275
7538,5.402327874943207
7539,2.29652915632537
7540,3.964421740708918
7541,2.414559029330881
7542,2.53871737263372
7543,2.216226242449702
7544,22.67961415563936
7545,10.283713408924799
7546,4.229022519251841
7547,1.7850043028424691
7548,3.1594694533388434
7549,1.971195712747844
7550,1.9366347951889467
7551,1.8003228241242686
7552,16.53783964763825
7553,7.292913133014984
7554,3.1741801275420367
7555,1.3257372608166198
7556,2.3001158371658024
7557,1.518731708814176
7558,1.4716005687101426
7559,1.3262491724829792
7560,22.289609274034195
7561,10.416965063440582
7562,4.377354855933779
7563,1.8570446269036156
7564,3.075522110050871
7565,1.9012413271595907
7566,1.9415469508220031
7567,1.832936712376796
7568,14.895986391615546
7569,6.621187960754119
7570,2.7522731161483978
7571,1.2165299858190546
7572,2.164333244976948
7573,1.3197947359861384
7574,1.3460530545699267
7575,1.1988222250457121
7576,15.47057014470727
7577,6.853172399934145
7578,2.920418414767762
7579,1.2260936193366183
7580,2.2434196385002965
7581,1.361422073199612
7582,1.3827566190739766
7583,1.2147068282446627
7584,32.703982291037306
7585,14.240492214315838
7586,5.960308431380413
7587,2.6541389953583963
7588,4.626023323641218
7589,2.7967509056727073
7590,2.7836026595065526
7591,2.6203778457919578
7592,16.84785598879469
7593,7.353005217819447
7594,3.344493557161785
7595,1.3404400431631283
7596,2.4062471282574664
7597,1.4636458427697783
7598,1.5026930581897637
7599,1.3680260196239344
7600,35.33081768972989
7601,15.438215325000277
7602,7.005123094539329
7603,2.694770959355282
7604,4.766766404581237
7605,2.927911870456766
7606,2.991323471645452
7607,2.6996206004521874
7608,24.23657921799356
7609,10.567382396133581
7610,4.719854683950773
7611,1.9694210777262358
7612,3.4593711660917097
7613,2.1518605606419836
7614,2.1017616357994844
7615,1.93631356758419
7616,18.136095762970186
7617,7.730742497102059
7618,3.451854852458715
7619,1.439823682153035
7620,2.5712673917020874
7621,1.6165138603968348
7622,1.5839823107988018
7623,1.4403363575007682
7624,48.092596850010935
7625,20.592029893445613
7626,9.019980147247772
7627,3.570858023892217
7628,6.657896548390154
7629,4.049067677411376
7630,4.027609071388905
7631,3.5240791347138694
7632,19.853158081386216
7633,9.561443108304454
7634,3.9731078451096207
7635,1.6713603543638966
7636,2.9798336315567613
7637,1.802226910102722
7638,1.8067420588272325
7639,1.651643092398756
7640,25.597067554152808
7641,10.8814509913259
7642,4.624587609453945
7643,2.061491704156631
7644,3.612621468042861
7645,2.231840064400005
7646,2.172142634485776
7647,1.975892783824217
7648,30.348560911343903
7649,13.095026985323974
7650,5.875042624368588
7651,2.4492857931323395
7652,4.288384946344803
7653,2.5870880902292988
7654,2.649487408507705
7655,2.304892975830251
7656,22.346790138622058
7657,9.812444196436138
7658,4.358365375911653
7659,1.8295626895102741
7660,3.170668292486103
7661,1.9741020937159566
7662,1.9699964030418988
7663,1.8259731525168
7664,24.34019484610876
7665,10.857767362359366
7666,4.6451749723679665
7667,1.9483934126112938
7668,3.4750243383783816
7669,2.035035457929994
7670,2.08753734698668
7671,2.027433714214154
7672,15.409677453655398
7673,6.875703477510448
7674,3.0227821099011627
7675,1.2411836115269634
7676,2.202249991424539
7677,1.3398200901068555
7678,1.3876004136542412
7679,1.2238129266721307
7680,36.884753144788405
7681,17.27978207969544
7682,7.32666810935616
7683,3.0689831010623765
7684,5.095647875599569
7685,3.189992117935476
7686,3.021366875255001
7687,3.0342270338352955
7688,14.85540876709252
7689,6.591040919724134
7690,2.7865442848437403
7691,1.2136527843113465
7692,2.0991903094427413
7693,1.2978131799846824
7694,1.3294472587398667
7695,1.221337100160371
7696,16.183682592270223
7697,7.300103687526827
7698,3.321329115597383
7699,1.3875337428070067
7700,2.3088944549831676
7701,1.5070864695726753
7702,1.5077927875547168
7703,1.3410098876177847
7704,24.693814364636346
7705,11.03090462518655
7706,4.4271647530062666
7707,1.9346433802877971
7708,3.34889954311786
7709,2.099255267487799
7710,2.0684880173199716
7711,1.9370429800001232
7712,27.556884572914345
7713,12.750042915917565
7714,5.313758247766651
7715,2.2219111947904135
7716,3.6812178206945596
7717,2.486308954919085
7718,2.475144130382157
7719,2.2875683633091075
7720,18.92639428817071
7721,8.372888565114703
7722,3.464866079210705
7723,1.5151812879764046
7724,2.762209794691089
7725,1.6496168967858225
7726,1.6803035981748133
7727,1.572239284574735
7728,20.74348038610048
7729,9.483884114410172
7730,4.046575346825283
7731,1.6610283011284577
7732,2.9471369095144215
7733,1.7909352791940696
7734,1.7551487492860474
7735,1.6955539503214294
7736,61.745712501478216
7737,28.09519788860746
7738,12.307334889336946
7739,4.238606023504874
7740,9.023229356272175
7741,5.168355529790722
7742,4.874941386646948
7743,4.841343648889883
7744,16.116625238819285
7745,7.374855090040028
7746,3.179526088678617
7747,1.372730678510725
7748,2.293447897854381
7749,1.4939915266772672
7750,1.5040796098469558
7751,1.3831613181448585
7752,17.011065650681868
7753,8.1708140447606
7754,3.3630125995198887
7755,1.2975923706126964
7756,2.480534631755927
7757,1.5248618525619837
7758,1.5254534454088748
7759,1.3464005274640245
7760,20.23215790190249
7761,9.32497116172323
7762,4.19609844047741
7763,1.5521729550393042
7764,3.361463960181949
7765,1.8236223784705246
7766,1.8065579222272141
7767,1.6185871039275121
7768,19.008647874099573
7769,8.43769291005569
7770,3.8227817404718163
7771,1.4677411096608362
7772,2.75454282735802
7773,1.7124513609507022
7774,1.7416241025759047
7775,1.490917331061398
7776,17.482370299584485
7777,7.937806943482701
7778,3.435460413426421
7779,1.3245933097585636
7780,2.5392435237129063
7781,1.483759551985576
7782,1.5923838049147523
7783,1.3663610758659153
7784,15.620900567064862
7785,7.0397129309188635
7786,3.0706464794135355
7787,1.2463206196020942
7788,2.357192833519053
7789,1.3691866587375627
7790,1.4142594738885232
7791,1.2621527691022976
7792,17.48804306084608
7793,7.99755495964593
7794,3.17565216168303
7795,1.3254817941935326
7796,2.6388364982282764
7797,1.4232225768919888
7798,1.606898968047713
7799,1.3574915956027929
7800,17.028021954369002
7801,8.170955128609611
7802,3.516493387657999
7803,1.3234712161314706
7804,2.614685414530166
7805,1.5073759611831294
7806,1.5835685414489153
7807,1.3736489802852268
7808,24.45956974250622
7809,11.290163905463189
7810,4.581134692546606
7811,1.9440595599182349
7812,3.6129485062650666
7813,2.0858262022622616
7814,2.0704368589825193
7815,1.8334244494458296
7816,27.566592503157242
7817,12.597707604226917
7818,5.328787545837478
7819,2.1001166501930317
7820,4.07510856312023
7821,2.4032360188548356
7822,2.435015390163744
7823,2.230170026540094
7824,14.664304472646009
7825,6.931657074225224
7826,2.6739913009653775
7827,1.1714891675387447
7828,2.302489255802866
7829,1.3444287287224213
7830,1.3611392881975617
7831,1.2218739754089245
7832,20.617711625413556
7833,9.357043649762227
7834,4.225285743399111
7835,1.6005449258246003
7836,3.1329714324894753
7837,1.81678988984466
7838,1.8275576136871363
7839,1.6275246019215508
7840,12.105648463854635
7841,5.277895701624003
7842,2.3345890341777347
7843,1.0691395516072026
7844,1.8161107454777887
7845,1.0823928603838573
7846,1.0991261296570867
7847,1.011469055259799
7848,15.088248365793072
7849,6.742767743601
7850,2.9642939560362116
7851,1.217651444015862
7852,2.352083900822809
7853,1.3357215167663852
7854,1.3842739865552496
7855,1.2356429404428833
7856,16.828127978927146
7857,8.120951918536417
7858,3.328539932486255
7859,1.3267232497294768
7860,2.3783563930490867
7861,1.46063223295113
7862,1.491410989347531
7863,1.3714115155487274
7864,18.830925745337613
7865,8.564370679764068
7866,3.8737506285964267
7867,1.4247852489650579
7868,2.7725158846271634
7869,1.611400794226515
7870,1.704304445920932
7871,1.5055541157063812
7872,25.18828042255328
7873,12.197766323743842
7874,5.080473060382172
7875,2.0249117087528665
7876,3.8260885576601114
7877,2.2369681567201005
7878,2.2684411573501104
7879,2.0009010290849063
7880,14.987066001956334
7881,6.782206553226114
7882,2.966164239306712
7883,1.2025352980393877
7884,2.2973956515210867
7885,1.3365988162362783
7886,1.3854654027906201
7887,1.2593217322654024
7888,40.35148003711236
7889,18.06419322476785
7890,7.884964263203146
7891,2.9680243902082633
7892,6.130248601488407
7893,3.427642252043517
7894,3.5408907238192655
7895,3.016854959610762
7896,19.564271749223682
7897,8.937752875183907
7898,3.696690031604567
7899,1.5139144441016004
7900,2.736763751191449
7901,1.6535829277933114
7902,1.6773298800121779
7903,1.5109920602275766
7904,24.437941944141564
7905,11.290322044074584
7906,4.665244120017884
7907,1.8634741716120944
7908,3.6517221561895323
7909,2.0555363474818447
7910,2.105730210808643
7911,1.8711236972757004
7912,35.20502006700236
7913,17.059886887386224
7914,6.659599462093873
7915,2.638762858359266
7916,5.587402393314119
7917,3.0872767007874713
7918,2.9324037814806556
7919,2.771859861414596
7920,31.652768713934858
7921,14.369412635218662
7922,6.013132215366426
7923,2.3265288019871306
7924,4.433962166661435
7925,2.5919767286311104
7926,2.6326094941698353
7927,2.339666770206815
7928,21.118844194332407
7929,9.459784290745628
7930,4.196686028036987
7931,1.5569566310422427
7932,3.192769611683352
7933,1.7126605459642426
7934,1.7715571724374735
7935,1.570225756833631
7936,14.44317522016584
7937,6.495385666858045
7938,2.721833528333975
7939,1.1676958803581363
7940,2.154831767348786
7941,1.3197577021763487
7942,1.3336207561021225
7943,1.153238707481341
7944,25.914640077310402
7945,12.144140409919922
7946,5.283957670568969
7947,2.0054483532305625
7948,3.701033856549691
7949,2.155561972084782
7950,2.243168113920872
7951,2.021059862868034
7952,21.670327227554722
7953,9.590497294218169
7954,4.078537635938202
7955,1.6104684440252532
7956,3.1934377433189556
7957,1.8353441398460946
7958,1.8468014956788728
7959,1.6840612089031504
7960,15.51565072261939
7961,7.0144991125506575
7962,2.9175981410407172
7963,1.2336136543634713
7964,2.34591564532957
7965,1.358472784725491
7966,1.3768070738683573
7967,1.2292443586623865
7968,20.580517270095292
7969,9.67097662872663
7970,4.218794922195346
7971,1.5830761578010393
7972,3.0739564618652886
7973,1.7157673268560392
7974,1.7958533059964676
7975,1.6376592246503279
7976,13.6904280900056
7977,6.075958287188549
7978,2.5739595625200473
7979,1.1159500789962031
7980,2.0330977394461867
7981,1.2328158086520349
7982,1.232789833539869
7983,1.1167844530848088
7984,14.593201095697765
7985,6.683352034874178
7986,2.724522492661757
7987,1.167042511656435
7988,2.2017602467150854
7989,1.2547690972562267
7990,1.3396916182931222
7991,1.1768950959546216
7992,30.217162193244498
7993,13.39976815894988
7994,5.5951156979595025
7995,2.2462601754731493
7996,4.458078676111583
7997,2.413819179726493
7998,2.560606407330009
7999,2.3284781154656593
8000,15.569282741571598
8001,7.1005249497874505
8002,3.054182727094352
8003,1.2218784882256464
8004,2.2726142976444637
8005,1.353692196642726
8006,1.4417970644383729
8007,1.2501059764608955
8008,32.92076246214831
8009,14.527152413661476
8010,6.782816926208977
8011,2.3902688507130176
8012,4.982634735936729
8013,2.6265147085144096
8014,2.83885070827883
8015,2.528290859783948
8016,23.101887873741813
8017,10.064196692410366
8018,4.5155552338980005
8019,1.7704712118350356
8020,3.4889369167643864
8021,1.9752238890089024
8022,2.024104118414158
8023,1.7410093556822497
8024,16.472791894748582
8025,7.847825563866868
8026,3.273224888212762
8027,1.2441087336264527
8028,2.4253934996723077
8029,1.4318048438305835
8030,1.4475038682223875
8031,1.2811998007933283
8032,43.14222436323483
8033,19.015984448907556
8034,8.052396855474154
8035,3.0367781024331064
8036,6.401949284224648
8037,3.793286863749985
8038,3.689242301078259
8039,3.3480377246313386
8040,18.64941960301057
8041,8.854289621411846
8042,3.7653247101006837
8043,1.4185826965907442
8044,2.818829546699195
8045,1.6693129565669385
8046,1.646542259406456
8047,1.4386819205166046
8048,23.306788026677342
8049,10.530054703442582
8050,4.696835133477276
8051,1.806441936866774
8052,3.481446941768829
8053,2.033292158155075
8054,2.077195331627467
8055,1.7851526338912698
8056,27.786818665362976
8057,13.02608527905369
8058,5.7172370574519125
8059,2.0735776220555895
8060,3.9645254439142352
8061,2.348261543021747
8062,2.4051198724396077
8063,2.0978603054408644
8064,21.318836300999244
8065,9.094543051446175
8066,4.022728174469795
8067,1.5646551241105813
8068,3.1342907134197797
8069,1.7675806891959602
8070,1.8803688503531903
8071,1.6521786165135814
8072,22.679061982989843
8073,10.36119355608451
8074,4.46845442250981
8075,1.696790885545043
8076,3.407671299131385
8077,1.8604700871726376
8078,1.9536562216540494
8079,1.8092397063788108
8080,14.73569324650375
8081,6.45927659866156
8082,2.7580743906309846
8083,1.1779491956681705
8084,2.0931075926771707
8085,1.2270098111214292
8086,1.334778997082465
8087,1.161375584294139
8088,33.759037599680504
8089,15.954847882169425
8090,6.767666891020398
8091,2.603993099490513
8092,5.182752820241645
8093,2.809479056334534
8094,2.7169352299133873
8095,2.662868072378666
8096,13.899159664323314
8097,6.220705192113327
8098,2.65995656103461
8099,1.1574035024051188
8100,2.114131925357563
8101,1.2398639516557841
8102,1.27001765247402
8103,1.1543358720400088
8104,15.308519214784948
8105,6.946610278773397
8106,2.956579382923826
8107,1.222053012616193
8108,2.344844746781546
8109,1.3635746848872885
8110,1.4135057712642218
8111,1.2432048832380165
8112,22.61891830621127
8113,9.81878010467308
8114,4.133068187041191
8115,1.7696428738056833
8116,3.3649345774548327
8117,1.898211447314138
8118,1.9487157975844769
8119,1.7217691339664578
8120,25.26709358243749
8121,11.474120149039301
8122,4.959588992983128
8123,1.8931133860856415
8124,3.771173511522647
8125,2.1822666782479274
8126,2.3108545652119967
8127,2.0782307414744383
8128,17.377131260082155
8129,8.173737726542832
8130,3.3540921762938996
8131,1.375336085485316
8132,2.637937734405531
8133,1.5036307464491954
8134,1.5753529991431754
8135,1.3858905288805377
8136,19.439567011523827
8137,8.740328374256526
8138,3.8113578246344213
8139,1.4127457347193357
8140,2.848665184548381
8141,1.6982286816460614
8142,1.6332938631678389
8143,1.4825258422303202
8144,56.387145451232016
8145,25.528115213169563
8146,11.312917177364719
8147,3.85417479105154
8148,8.14647930250312
8149,4.843609058556958
8150,4.809948849777046
8151,4.487215677985253
8152,15.553584645519736
8153,7.063839226509829
8154,2.9834673354042067
8155,1.243783881529317
8156,2.3444470602489265
8157,1.3633457921678573
8158,1.4318843924378575
8159,1.2506978522744783
8160,19.00672636203328
8161,8.895986214424383
8162,3.78921762169781
8163,0.9374783399630585
8164,3.47925895066922
8165,1.703204754690466
8166,1.8116462966755156
8167,1.5130106842229276
8168,22.034897959038663
8169,10.0127403411185
8170,4.551795876110297
8171,1.009716706727722
8172,4.311840105756072
8173,1.9821896541741424
8174,1.9920177764291966
8175,1.6932472808140926
8176,20.078552283817668
8177,9.321589110614939
8178,4.068780381999549
8179,0.9393877503439768
8180,3.7356328684453026
8181,1.7771168141843647
8182,1.9377988841478189
8183,1.5441283354992197
8184,19.01634104067806
8185,8.35082624666557
8186,3.8763463873332693
8187,0.8667043130300749
8188,3.3998100962558
8189,1.6244725850476056
8190,1.7857772332126305
8191,1.4725757852620331
8192,16.537059702148902
8193,7.493930541571887
8194,3.3715622112924426
8195,0.8222353901553384
8196,3.1840248202730717
8197,1.4931122793319649
8198,1.6138914007399685
8199,1.3132418134713342
8200,19.168060857738507
8201,8.55704711494113
8202,3.727430158148336
8203,0.8981887162823634
8204,3.3799720857219597
8205,1.5515903962424922
8206,1.7699522405904808
8207,1.441252945540939
8208,18.427709675811606
8209,8.809561814884765
8210,3.7178933019001534
8211,0.9154780070684035
8212,3.5716137694560057
8213,1.6721571568369553
8214,1.7756987926973493
8215,1.5263014385608618
8216,26.95749325744241
8217,12.305625663421022
8218,5.256882446448249
8219,1.2538537453751932
8220,5.002022106054028
8221,2.3322072881024907
8222,2.4264898656121976
8223,2.0582330179464936
8224,29.911960263060607
8225,13.756032402384225
8226,5.9355661759064535
8227,1.2987120805978667
8228,5.64925444056274
8229,2.6089079610668957
8230,2.8618861452769253
8231,2.3211474424886465
8232,15.892066404884183
8233,7.480799094717179
8234,3.096476012443166
8235,0.7544279769846307
8236,3.1042239647456804
8237,1.43113329981649
8238,1.5093556252163363
8239,1.2403936038400696
8240,22.703501909047795
8241,10.406617117226428
8242,4.449471867734788
8243,1.0219218462173405
8244,4.132080165226958
8245,1.9595556069985993
8246,2.054658781353304
8247,1.7402431140150276
8248,13.818716767020094
8249,5.89259409868672
8250,2.729471741726621
8251,0.7727357320276227
8252,2.412209223787983
8253,1.194867140060954
8254,1.2638363820010707
8255,1.1053264255139086
8256,16.304338725085984
8257,7.216376564024017
8258,3.350927746833958
8259,0.7945396835546983
8260,3.0630577900957925
8261,1.4387979817435126
8262,1.5463450650979709
8263,1.2886550115021067
8264,18.35680752003971
8265,8.504594736649022
8266,3.6636762887782512
8267,0.8581203555660164
8268,3.311640814687599
8269,1.6116271210038844
8270,1.7087806783997486
8271,1.4473212224613528
8272,20.844985175103776
8273,9.436551413106123
8274,4.278286751845676
8275,0.9499352257976723
8276,3.8256382964171625
8277,1.7836500510777789
8278,1.9074491046958606
8279,1.6522316776367563
8280,27.244591197144846
8281,12.900823241639875
8282,5.4971680877440825
8283,1.2848441292221293
8284,5.208922100811489
8285,2.5491760531479133
8286,2.6458994805139597
8287,2.2041447463231965
8288,16.162581896776686
8289,7.451981189062443
8290,3.3602442721140835
8291,0.7834939672305147
8292,3.144114809190893
8293,1.4698313718459841
8294,1.5323312359869032
8295,1.35300729044886
8296,42.99559917462987
8297,19.835448398172655
8298,8.816368277832646
8299,1.9901653388062859
8300,8.088266120910985
8301,3.7603161464462675
8302,4.056840146918796
8303,3.288948658143715
8304,21.198251027215772
8305,9.664756588902726
8306,4.102260575265267
8307,0.9391170553872825
8308,3.8924688553748386
8309,1.8057763790976993
8310,1.888420893723078
8311,1.6249936389515152
8312,25.57229931642711
8313,12.504756235868898
8314,5.373154936227368
8315,1.1624322290744815
8316,4.904008428000193
8317,2.2884228357863425
8318,2.4785022148000864
8319,2.053840405373411
8320,39.273198075631036
8321,17.982256278547943
8322,7.858912385670752
8323,1.8307529443622907
8324,7.082783243658144
8325,3.4257072849512764
8326,3.493867367715531
8327,2.9945555277683207
8328,35.50822165138155
8329,15.17929074778439
8330,6.951461279219558
8331,1.626426543815655
8332,6.386080164759309
8333,2.9045399826618374
8334,3.049135355757151
8335,2.5524968595373942
8336,22.437071283566983
8337,10.022047655109708
8338,4.657312230795465
8339,1.047379232248233
8340,3.98265916873267
8341,1.8806636346241155
8342,2.0480624441210558
8343,1.704662518623005
8344,15.998126786331003
8345,7.168063918109238
8346,3.0536037788334203
8347,0.7748973857909633
8348,2.9520468957330883
8349,1.4328703381124408
8350,1.4854125528025874
8351,1.20146057455198
8352,28.817405295494073
8353,12.998150472341408
8354,5.586659670098406
8355,1.2580675773660348
8356,5.281065696592322
8357,2.4209662082995953
8358,2.7396725580482384
8359,2.1243217956913534
8360,23.016195692063445
8361,10.518245010044161
8362,4.511897797108738
8363,1.0313921705735296
8364,4.107114457054093
8365,1.981397655464313
8366,2.082140722105232
8367,1.7278881865769218
8368,16.75345162055875
8369,7.407176438808991
8370,3.3083895403836667
8371,0.779377214116141
8372,3.0817553438257335
8373,1.4888222922701426
8374,1.5409553602640036
8375,1.251234397749266
8376,22.511290975738103
8377,10.656583853014157
8378,4.570580749223026
8379,1.0700081321696415
8380,3.9556656822430436
8381,1.8921145707446188
8382,2.0414764264406746
8383,1.7651471627351802
8384,15.054624720125974
8385,6.74055722602084
8386,2.8946473881795955
8387,0.7724569851533892
8388,2.9217499191820346
8389,1.3114105075879494
8390,1.4202153812337086
8391,1.1868356316742925
8392,15.798032910077428
8393,7.0124176646449214
8394,3.0866390418648537
8395,0.7799976673985075
8396,3.0190221707378226
8397,1.3296907086529441
8398,1.4446186468635653
8399,1.1941915280945954
8400,32.05244857172488
8401,14.384418164719772
8402,6.43391414710154
8403,1.4349881430229137
8404,6.067183901888662
8405,2.813568427558958
8406,2.989906848221489
8407,2.5187723388586574
8408,17.201305524663734
8409,7.696824802438928
8410,3.5585672735776788
8411,0.8154739946013052
8412,3.2411407879485097
8413,1.4758029870945897
8414,1.6179692212591836
8415,1.339199248673734
8416,36.26624617705687
8417,15.62659847986728
8418,7.520242563023257
8419,1.6830789434151956
8420,6.506837571308524
8421,3.021898112152707
8422,3.322813045996128
8423,2.760001904294617
8424,24.30768204069297
8425,10.97979477188867
8426,4.977125194475519
8427,1.167605646755582
8428,4.488681653842587
8429,2.1525966417366034
8430,2.2862374846214055
8431,1.91419125308871
8432,18.270867462277216
8433,8.041743746183176
8434,3.648982965566854
8435,0.87682259414138
8436,3.364972744709687
8437,1.634146510556156
8438,1.6697227496611027
8439,1.404209310924223
8440,46.12614048719031
8441,20.69535259280325
8442,9.398609979793328
8443,2.062486365248862
8444,8.514427790085271
8445,4.0212545451156565
8446,4.379338604256946
8447,3.469191282130725
8448,19.953519056253025
8449,9.740684292829643
8450,4.216248950699011
8451,0.9683429033650561
8452,3.8420729348735674
8453,1.774097339454742
8454,1.9008197314293216
8455,1.5451571965280102
8456,25.70820942723713
8457,11.200004121718509
8458,5.019731336235242
8459,1.1759561573995239
8460,4.760693571967328
8461,2.286422754036054
8462,2.386711719949349
8463,1.9417215175855156
8464,30.186439773963496
8465,13.228571411582067
8466,6.307503943952126
8467,1.3451571412242327
8468,5.843415646250699
8469,2.6178258048608782
8470,2.8761343019715273
8471,2.2694073824749625
8472,22.933452197231308
8473,10.049721941886244
8474,4.585798059587641
8475,1.0417893566376593
8476,4.087443432994915
8477,1.9438414968444555
8478,2.056019959231011
8479,1.7392244406748718
8480,24.302533531403274
8481,11.098750653708374
8482,4.903673058436034
8483,1.110112791568454
8484,4.4759152611254835
8485,2.036737783468219
8486,2.2690442262376553
8487,1.9879387048988277
8488,15.78249620786822
8489,7.090483919636691
8490,3.1933738613642397
8491,0.7903750812816812
8492,2.962082280181649
8493,1.3251722479457888
8494,1.4691565690077633
8495,1.207667641050079
8496,35.90119742402949
8497,16.99307546548369
8498,7.601393972125585
8499,1.7093836966170803
8500,6.7194742343100256
8501,3.1783227346261276
8502,3.279186902436938
8503,2.968239263270906
8504,15.253291792346406
8505,6.845014390158331
8506,2.949238478025839
8507,0.7575480846324321
8508,2.7800870241804327
8509,1.2599103866447905
8510,1.3655061851976096
8511,1.193538961420333
8512,16.421999527001535
8513,7.384652809658161
8514,3.4479489516260524
8515,0.8111341787938378
8516,3.0666957170199134
8517,1.4774681840884862
8518,1.5779099145197522
8519,1.2735905329406787
8520,24.451613687578693
8521,11.33605201815543
8522,4.689714229527765
8523,1.1088362822570446
8524,4.389547630007055
8525,2.0762652652169695
8526,2.230527235295096
8527,1.8844190528946856
8528,27.04857931427304
8529,12.956943879959407
8530,5.524602174422263
8531,1.230332852278404
8532,4.929327278283964
8533,2.496042345653329
8534,2.611732555261
8535,2.2051413856194277
8536,19.025850474936085
8537,8.580446506719298
8538,3.5999174231983386
8539,0.8422983717190491
8540,3.5226799664287776
8541,1.5992695994432917
8542,1.752145325189477
8543,1.477958361363761
8544,20.65544505147902
8545,9.542854667483036
8546,4.171926234373897
8547,0.9437963995440379
8548,3.783787376733508
8549,1.754926256981272
8550,1.8453470402488825
8551,1.5785043610940834
8552,59.835232387419964
8553,27.102587364893623
8554,12.357198756380118
8555,2.5912582440502776
8556,10.920996676129866
8557,5.2089069062101006
8558,5.37603219407254
8559,4.826850694367285
8560,16.387817032696688
8561,7.506486447574069
8562,3.401823798561483
8563,0.8237728079103861
8564,3.0734069744952177
8565,1.475735028513167
8566,1.5944525353392682
8567,1.3289120769737406
8568,16.62754459310153
8569,7.500969012347421
8570,4.873359862612907
8571,0.10688492475458894
8572,5.183544664899678
8573,2.0596139552600965
8574,2.4901344468801154
8575,1.611358335450166
8576,19.40244490771622
8577,8.539188190573705
8578,5.733639065767822
8579,0.10961858651020526
8580,6.390327257106841
8581,2.375824011439278
8582,2.93648020289772
8583,1.8905168966591486
8584,17.664510306600356
8585,8.17711153180475
8586,5.12727414601122
8587,0.09697463564346324
8588,5.610352253719936
8589,2.072305013878131
8590,2.6290399173315313
8591,1.7189716976469125
8592,16.544872539410743
8593,7.341947420054927
8594,4.915729639612477
8595,0.09593784267093697
8596,4.9452927534926845
8597,1.9551724623800768
8598,2.395246784657284
8599,1.591502149518054
8600,14.721425391375695
8601,6.468369417578688
8602,4.363435432680374
8603,0.09335329923435476
8604,4.68969161909217
8605,1.7763110602564234
8606,2.183493243067659
8607,1.4244294360608818
8608,16.62350781178611
8609,7.251511153444234
8610,4.866064028282501
8611,0.08595007718174824
8612,5.191182978810495
8613,1.8654424828638005
8614,2.4209681512506718
8615,1.489967403402512
8616,16.332552630223553
8617,7.587092616161301
8618,4.760796284451302
8619,0.09835223958159195
8620,5.288956240140115
8621,1.9504776416225986
8622,2.4066640747525962
8623,1.5941112899026024
8624,23.73728514851582
8625,10.753413783665904
8626,6.765797380744789
8627,0.13573304671095593
8628,7.3317068928152445
8629,2.7188539672470324
8630,3.30168947009245
8631,2.235189376109086
8632,27.106724710065354
8633,12.041965699906717
8634,7.286599223315151
8635,0.17144320800871182
8636,8.216554439235722
8637,3.1379670828383928
8638,3.9637015445970882
8639,2.56733475702463
8640,14.12781540396891
8641,6.577620610106212
8642,4.0974144689928265
8643,0.08619263519269615
8644,4.496573570730614
8645,1.6995341658486887
8646,1.977060591553456
8647,1.347267284174391
8648,19.60664761365247
8649,8.926489408378876
8650,5.725199914347418
8651,0.11479954818703858
8652,6.17286080597503
8653,2.3539439806943383
8654,2.8495987301234793
8655,1.9111716334495819
8656,12.49066364133137
8657,5.403466421610625
8658,3.4663310070938516
8659,0.08229908853020138
8660,3.4209556468210134
8661,1.3540170706300803
8662,1.5911721148151396
8663,1.0649756954018872
8664,13.985317247911413
8665,6.351544523619246
8666,4.305357338314148
8667,0.08657284996640337
8668,4.764396664781162
8669,1.751318092002055
8670,2.1434285251204317
8671,1.4533486978497296
8672,16.129481908104673
8673,7.446315592658307
8674,4.754612377139886
8675,0.09968577031724776
8676,4.8304535501620505
8677,1.912712233294714
8678,2.3760355387006165
8679,1.5987173954685474
8680,18.4637217494769
8681,8.125799338973028
8682,5.220615896470647
8683,0.09957767197160716
8684,5.670351177906713
8685,2.09358269930808
8686,2.6475276156229075
8687,1.7641389145281143
8688,24.347184597307894
8689,11.396718406140602
8690,7.090692219377733
8691,0.14690272546423502
8692,7.634373755968946
8693,2.961272505049706
8694,3.8219753149954028
8695,2.4305490105778587
8696,14.211368069323559
8697,6.570162071895264
8698,4.295638801724079
8699,0.0832379274314349
8700,4.568804843246795
8701,1.7928632750117044
8702,2.147335184857884
8703,1.4959070381534154
8704,38.9418823854752
8705,17.217657232712547
8706,10.660910214357335
8707,0.2331154520461972
8708,11.918888327119332
8709,4.509014120998516
8710,5.884512740924803
8711,3.564810972445941
8712,18.606377689406045
8713,8.213505050144247
8714,5.178471167795866
8715,0.10144758613524622
8716,5.5844352311027174
8717,2.10295821840822
8718,2.639672819372894
8719,1.7398658515658625
8720,23.394896485971888
8721,10.652566163973288
8722,6.473017775875428
8723,0.1268463087977327
8724,7.147907093060504
8725,2.6987394150614636
8726,3.4733309973666735
8727,2.147728149755837
8728,35.437456028439854
8729,15.999416139561783
8730,9.83439993270345
8731,0.22143729309520907
8732,10.508053974039598
8733,4.239333249789548
8734,4.980028106620859
8735,3.3420238032321725
8736,29.887621195582085
8737,13.152591983150318
8738,8.658243353831864
8739,0.16092000757649247
8740,8.876175707612052
8741,3.4382043255094574
8742,4.292759573011884
8743,2.747532950252598
8744,19.658942887271554
8745,8.695356133488435
8746,5.544133915753553
8747,0.12320657878279738
8748,6.081397864380827
8749,2.230007133166825
8750,2.88353328933175
8751,1.863464009115718
8752,14.116519866422255
8753,6.178374732148565
8754,4.000313307582735
8755,0.08785170126010386
8756,4.483415819938156
8757,1.7145557605156811
8758,2.1035391968462456
8759,1.3263704633587226
8760,25.877615819811513
8761,11.090534647368287
8762,6.852255133470299
8763,0.164229480953081
8764,7.770268946774139
8765,3.029194492579535
8766,3.7970453777366786
8767,2.3809800171454736
8768,20.1948563561561
8769,8.810058501998846
8770,5.907586641254116
8771,0.10954085764331316
8772,6.075237869731992
8773,2.3886701212990973
8774,2.8057737235060576
8775,1.9374072100365738
8776,14.145244769660303
8777,6.474159270544042
8778,4.285014659116282
8779,0.08036432075404751
8780,4.593582560262728
8781,1.771276427325644
8782,2.1398247268129027
8783,1.3994237934426632
8784,19.615156513295346
8785,8.974154979567091
8786,5.588976456545022
8787,0.10383050870235223
8788,5.841489204342319
8789,2.1921757153327586
8790,2.8348494874878196
8791,1.8882608358937052
8792,13.347755638078846
8793,5.781972323873143
8794,3.8279522069420944
8795,0.08479249162944981
8796,4.192245457505814
8797,1.6382809542994228
8798,1.7985345678181024
8799,1.2455809291141662
8800,13.86462965790608
8801,6.032472334603342
8802,3.9973352809030245
8803,0.08622577623475448
8804,4.467133025152676
8805,1.57601908208763
8806,2.031398116045118
8807,1.276992714616894
8808,28.62826391377561
8809,12.424679248350285
8810,8.158728716948186
8811,0.17281334873482515
8812,8.883818249914857
8813,3.2484851776389716
8814,4.213236889560099
8815,2.657176088165317
8816,14.452463277064867
8817,6.62754191908553
8818,4.320393971826948
8819,0.07791629075129827
8820,4.539496202438632
8821,1.7289683520579116
8822,2.1924179100759935
8823,1.4022443472491353
8824,32.44935896337678
8825,13.473705360541615
8826,8.822331348531796
8827,0.18532660489152306
8828,9.438546037808935
8829,3.423428285859998
8830,4.5610710353264565
8831,3.01477498359939
8832,21.48148918269502
8833,9.630668124536035
8834,6.137506739858331
8835,0.11544267148109028
8836,6.636598511971945
8837,2.5742496991902746
8838,3.2087846141342533
8839,2.0069017435308316
8840,15.8679113870491
8841,7.178701670798691
8842,4.594073869789301
8843,0.08863225913336822
8844,4.9200520935107965
8845,1.8715655743992146
8846,2.2248070641348887
8847,1.5043549331958634
8848,41.561433756372715
8849,18.518925060914494
8850,11.447721751897395
8851,0.2401390228742036
8852,12.552671371226914
8853,4.859325620636436
8854,5.853048161252513
8855,3.8995597230111665
8856,17.96702230812478
8857,8.182061445188081
8858,5.185138468453045
8859,0.09664032764944594
8860,5.673414898793634
8861,2.1430564303361197
8862,2.5866714636355663
8863,1.6886602397486545
8864,23.245044508452835
8865,10.391862005063288
8866,6.500463206713876
8867,0.1336457326891761
8868,7.088036355971575
8869,2.7270439091785224
8870,3.2441961306918246
8871,2.1918498960315635
8872,26.584859842730097
8873,11.722184674675344
8874,7.427153744852498
8875,0.15756817835117864
8876,7.944038911421021
8877,3.0794391519135136
8878,3.9679104986971736
8879,2.507448032813959
8880,20.51335855795949
8881,8.899628682624895
8882,5.631728422221648
8883,0.11022685808042382
8884,6.119933226573894
8885,2.3278173407158267
8886,2.8222716738988036
8887,1.9664047437837906
8888,21.397324367246295
8889,9.65041855996701
8890,6.130665368217778
8891,0.1173790840466783
8892,6.7389156970323985
8893,2.4487904133256246
8894,3.1836071163822584
8895,2.0817286292001125
8896,13.894691995806763
8897,6.220505309379676
8898,4.079810736900805
8899,0.09106570412350562
8900,4.573165968801406
8901,1.5915793889672718
8902,2.0852756819413094
8903,1.3339902056633195
8904,32.494394697333526
8905,14.919761769695327
8906,9.382613708307236
8907,0.19470736602773855
8908,9.663910364822973
8909,3.821670181055915
8910,4.762617063072506
8911,3.0819475352567833
8912,13.10888908033418
8913,5.870633253448014
8914,3.778956759939248
8915,0.07559612173880158
8916,4.060390306543914
8917,1.5404500698753665
8918,1.8958058842561634
8919,1.2890414637688867
8920,14.453421415936013
8921,6.396968474887712
8922,4.343343419983125
8923,0.08129225319756289
8924,4.427643086448756
8925,1.7455741339118962
8926,2.184391633771629
8927,1.4303979984128468
8928,22.31595369248357
8929,9.745383971950016
8930,5.893280838628596
8931,0.11508062163128271
8932,6.76919896179561
8933,2.5445988272527362
8934,3.19314199349085
8935,2.1365722663315627
8936,25.433973851682474
8937,11.359122287539137
8938,6.7968290528534885
8939,0.1308168081127004
8940,7.660035831861966
8941,2.9207456217416716
8942,3.615129642687115
8943,2.523352403147586
8944,16.559852848986903
8945,7.672768238762044
8946,4.673024017815114
8947,0.09411586421462434
8948,5.156168488380709
8949,1.9670526272585471
8950,2.458230383397328
8951,1.6438375982249496
8952,18.107210990736093
8953,8.233755988543818
8954,5.255164804506509
8955,0.10498983171674992
8956,5.460823682883816
8957,2.1095365712447114
8958,2.5865275432024086
8959,1.7591001215201467
8960,47.35321332664377
8961,23.870593261078838
8962,14.51348503607752
8963,0.3706217451560037
8964,15.53157192047068
8965,5.984643615097852
8966,7.399858073671004
8967,4.946270203826599
8968,14.765792913136202
8969,6.457228184880072
8970,4.364331701087028
8971,0.08149883565631993
8972,4.624281504521556
8973,1.743161108052254
8974,2.2718637687045855
8975,1.3738417597293906
8976,19.00004743517614
8977,8.954408877088724
8978,4.087818224979712
8979,0.43773845761289853
8980,4.173985908991103
8981,1.7160240347198366
8982,1.9303985234620595
8983,1.3767065338200632
8984,21.77680120609255
8985,9.972955688504133
8986,4.7654336125649595
8987,0.4952695461024448
8988,5.164957909316287
8989,2.011473241753647
8990,2.1433821152089725
8991,1.6835536834350735
8992,20.19889875504065
8993,9.143749106671324
8994,4.433955546190591
8995,0.4227841374555186
8996,4.4038499599100085
8997,1.8765527608660288
8998,2.0906597474840023
8999,1.5113556440862341
9000,18.739456657015683
9001,8.534277604290475
9002,4.121070409868122
9003,0.42650027088946973
9004,4.099238755352751
9005,1.6407471107967044
9006,1.909117709271433
9007,1.4036666553490198
9008,16.758590811814358
9009,7.707611863252556
9010,3.6106215082126276
9011,0.408981527695377
9012,3.696245046351657
9013,1.491931117208866
9014,1.7148974080033947
9015,1.2784360941415538
9016,18.75345112319081
9017,8.634869821666278
9018,3.991774641755389
9019,0.39684093191401626
9020,4.087114008784227
9021,1.5990002219839226
9022,1.859921169920636
9023,1.3261938771714354
9024,17.911344135089315
9025,8.767813253463817
9026,3.973593531698309
9027,0.41588034404870905
9028,4.159557465062774
9029,1.642723136812779
9030,1.8980059573391563
9031,1.4087394084025886
9032,26.32462359663153
9033,12.041904751382466
9034,5.72051975060126
9035,0.5640994165098231
9036,6.0458113723997835
9037,2.4014444725700588
9038,2.6310351347859595
9039,1.9680136384598832
9040,30.95449706941053
9041,13.889776110322497
9042,6.51974698446876
9043,0.6547907245330344
9044,6.778600224881296
9045,2.6172215394387037
9046,3.188965858410303
9047,2.2766913995899554
9048,15.638889728384694
9049,7.569520478482123
9050,3.38156725908357
9051,0.380326621259863
9052,3.67604311329171
9053,1.4345009004747826
9054,1.5353400382904654
9055,1.211770692886998
9056,22.613539443341818
9057,10.336984131894328
9058,4.777961460744426
9059,0.4956143050086391
9060,4.824450878434041
9061,1.932100400367903
9062,2.2252004737924103
9063,1.6889335255452043
9064,13.966228850373593
9065,6.00860581314892
9066,2.8876322329309585
9067,0.33342408555661235
9068,2.8871410354713145
9069,1.1854529042554616
9070,1.3121403069138617
9071,1.0505351991149654
9072,16.201438920872477
9073,7.452026695604213
9074,3.7053779429274414
9075,0.3930143491919125
9076,3.8220808111153
9077,1.45755700033861
9078,1.6838589381308129
9079,1.3000854130796873
9080,18.4865190572059
9081,8.687809636589819
9082,3.979267778592359
9083,0.43648348404423326
9084,3.9631126191944617
9085,1.6524163132891267
9086,1.8702216250179893
9087,1.3994790934947434
9088,20.764943244527494
9089,9.389777522702989
9090,4.687428652252948
9091,0.46285641203583383
9092,4.418751013390612
9093,1.8612561395654699
9094,2.0967096408024655
9095,1.564536369600823
9096,27.369438074757863
9097,12.80554672359064
9098,6.167239722091064
9099,0.6124247813510143
9100,6.147982534426055
9101,2.5337291596963922
9102,2.9094678561067613
9103,2.106466672633962
9104,15.808446536472816
9105,7.6194686774133915
9106,3.6590280698264523
9107,0.3671910478246725
9108,3.7434556976024695
9109,1.4098016098037667
9110,1.6745062688508037
9111,1.308224837148209
9112,43.063324727570475
9113,19.393652773113264
9114,9.1474408407781
9115,0.9743022799851433
9116,9.504653356894563
9117,4.019534219016186
9118,4.483847358278509
9119,3.2344863913917767
9120,20.428339418850953
9121,9.382331099221972
9122,4.278001401128656
9123,0.45104271220767594
9124,4.329168472690602
9125,1.7718225739768292
9126,2.005738789538594
9127,1.5628729181882006
9128,25.962450864279273
9129,12.550703299257822
9130,5.668499925669687
9131,0.5764530272397564
9132,5.934006052108364
9133,2.3042815804790187
9134,2.6341689342459853
9135,1.937719898701215
9136,39.13632184549135
9137,18.19568191318124
9138,8.37658863937666
9139,0.8766447859923174
9140,8.917297718091099
9141,3.541327355720763
9142,3.890831141955543
9143,3.0188727237057735
9144,33.76473695845195
9145,15.583750343408616
9146,7.490948813866093
9147,0.7645552608508595
9148,7.430769763915339
9149,3.058283780966921
9150,3.3609385697426846
9151,2.458190190624577
9152,22.402555477345285
9153,10.140426893296194
9154,4.835930003522356
9155,0.5220055804263004
9156,4.82738135027189
9157,1.9332201276044638
9158,2.172283925995696
9159,1.6405938755090328
9160,16.015985756965527
9161,7.261693818421114
9162,3.3331518713846053
9163,0.3737566657467596
9164,3.5632784919377785
9165,1.4379056328788435
9166,1.63194154240601
9167,1.2098331292114766
9168,28.363334864135332
9169,13.127971621407658
9170,6.167795588830531
9171,0.575723322867787
9172,6.187294409477744
9173,2.4365724048757995
9174,3.0653434288999675
9175,2.114008385128439
9176,22.750792094304995
9177,10.459710618907696
9178,4.813955096231344
9179,0.4912878551280892
9180,4.8306202226224535
9181,1.979575655934537
9182,2.1660402966740797
9183,1.646940727968056
9184,16.298718104551646
9185,7.599148997392158
9186,3.6213046919418126
9187,0.37629848841055835
9188,3.6945214035394245
9189,1.4432325803465504
9190,1.630973882840272
9191,1.2554502840289434
9192,22.623059921287048
9193,10.162040465702358
9194,4.754277208861194
9195,0.4984950608230876
9196,4.644366247173215
9197,1.863908365346838
9198,2.175929103534828
9199,1.7117660337798406
9200,15.34541111995131
9201,6.797849466200383
9202,3.1748656141030445
9203,0.38314493308578734
9204,3.270410277365306
9205,1.3282766121239789
9206,1.3965518891509752
9207,1.1348523226016918
9208,16.198945964646853
9209,7.133290989549673
9210,3.396651701977588
9211,0.39272374831688134
9212,3.6910874824616604
9213,1.3784665275199028
9214,1.6198846910407299
9215,1.1931188315872285
9216,32.95439115297541
9217,14.659277194221401
9218,6.817838275063197
9219,0.6937244927805623
9220,6.9989825110673465
9221,2.7935313619602047
9222,3.271662455246403
9223,2.433468308320194
9224,17.240488027661495
9225,7.709282203126988
9226,3.6733582943940863
9227,0.3987519688654205
9228,3.684982724367605
9229,1.4377545041072226
9230,1.7162945810405716
9231,1.2922014867013136
9232,37.085365186609394
9233,15.588156770277779
9234,7.893783996396189
9235,0.7840264167406416
9236,7.5212487958188765
9237,3.033431059020478
9238,3.687053791174864
9239,2.55147076984141
9240,24.357377354589055
9241,10.915999835213576
9242,5.397894738808421
9243,0.499373047680063
9244,5.366040871402324
9245,2.1880218039634136
9246,2.5191044596411007
9247,1.7911091725664656
9248,17.578521842060002
9249,8.128728699820154
9250,3.8756170516827204
9251,0.4333596728403419
9252,4.009989774545044
9253,1.574130338568291
9254,1.7573400412581572
9255,1.3318419493060072
9256,46.095189699692746
9257,20.179024954820303
9258,9.589437441346055
9259,0.9994888276677274
9260,10.134809653977792
9261,4.227278108928816
9262,4.56734893691438
9263,3.5093425227650163
9264,20.171881934581215
9265,9.653951054860213
9266,4.633953057373468
9267,0.4439967079734141
9268,4.555989764290631
9269,1.8680809319801348
9270,2.002267934825141
9271,1.4913575580681966
9272,26.843101174903964
9273,11.632760557888082
9274,5.395452809080828
9275,0.5513227473768587
9276,5.614202206842721
9277,2.346589552146901
9278,2.5877297086237108
9279,1.931232368302581
9280,29.419291816264852
9281,13.38340216382868
9282,6.579503819196645
9283,0.6312124394025699
9284,6.483316531723929
9285,2.6976755314124397
9286,3.1949966648996906
9287,2.2624013041274686
9288,22.632205616387505
9289,10.07720365214339
9290,4.915728875889907
9291,0.5057252019682413
9292,4.914805100398752
9293,2.0399358762028195
9294,2.2626582151049144
9295,1.6724114265231682
9296,23.92308761867381
9297,11.451572307629585
9298,5.327621599389777
9299,0.528022493295974
9300,5.385311226438026
9301,2.130209430017281
9302,2.458014766279806
9303,1.8769469876572666
9304,15.886389169598479
9305,7.126761037943688
9306,3.4315984048295753
9307,0.37919504444197244
9308,3.5388086121295173
9309,1.3575443746546345
9310,1.59287162212423
9311,1.2111797039966479
9312,37.572771861650665
9313,16.581782249907132
9314,7.8240031362218385
9315,0.8738964433442241
9316,7.915872875723109
9317,3.3167310964137524
9318,3.6172337902563636
9319,2.794549356455136
9320,14.697679127959347
9321,6.923275709148177
9322,3.2253016537048733
9323,0.37049515334533756
9324,3.17748099590234
9325,1.3400940949315725
9326,1.445405353114615
9327,1.1778431254246082
9328,16.36823704944679
9329,7.30703148274473
9330,3.64595275204522
9331,0.3979352649350772
9332,3.677440454079039
9333,1.5100347654440267
9334,1.6468050055576227
9335,1.3010486696652657
9336,24.607362346915416
9337,10.766434692887698
9338,4.838412150648927
9339,0.5010370847971949
9340,5.379214795658203
9341,2.171028397520369
9342,2.3640667101242614
9343,1.8469029371321732
9344,27.1982935428864
9345,12.552635855166429
9346,5.853559395552746
9347,0.557911323296366
9348,5.8928906490144595
9349,2.399154988131085
9350,2.9381809228831517
9351,2.145931927720888
9352,18.68373970190116
9353,8.713423892533632
9354,4.027100052320089
9355,0.3849792052960308
9356,4.141515060113955
9357,1.6553352293411514
9358,1.8989268004282538
9359,1.4025576783519234
9360,20.688627449866768
9361,9.283804297548418
9362,4.549219908330572
9363,0.4719273874644489
9364,4.4964135077110345
9365,1.8803916822157298
9366,1.951569406248095
9367,1.5555055233607207
9368,57.91986692114361
9369,27.802565068534694
9370,12.424816984657127
9371,1.304283238216031
9372,12.919503820205728
9373,5.419871929546386
9374,5.920431895664495
9375,4.500381400935987
9376,16.36361141947678
9377,7.342347799795708
9378,3.648105120327583
9379,0.4029543001982357
9380,3.67479257639861
9381,1.4308523604222865
9382,1.7546794805879289
9383,1.2414542470439083
9384,19.368279176501645
9385,8.880535015162964
9386,3.693823406479558
9387,1.3991863092450645
9388,2.9427691117107955
9389,1.7182879422042479
9390,1.7139533978163155
9391,1.5763735789497157
9392,22.434512903773086
9393,10.209373099914103
9394,4.521899155651049
9395,1.6451745830348279
9396,3.53122221401599
9397,2.0125177914362293
9398,1.9091834396093545
9399,1.7713684424364193
9400,20.589078296975927
9401,9.324598868306063
9402,4.0684659702395525
9403,1.5236101221249196
9404,3.1419420592013005
9405,1.813667882783417
9406,1.90565764829692
9407,1.655720892153655
9408,19.79718198297872
9409,8.577632770144564
9410,3.8594312723403528
9411,1.4091733161474536
9412,2.9055253660659166
9413,1.6913336035571949
9414,1.7711098411148052
9415,1.5808574771136976
9416,16.732758911329075
9417,7.53667089694543
9418,3.3645037022482684
9419,1.2515450405526989
9420,2.6881083693893615
9421,1.5413331820798837
9422,1.5749873121521358
9423,1.3908543315738888
9424,19.990781136685136
9425,8.662290808282199
9426,3.6785472168256574
9427,1.4115076154943398
9428,2.903656989368228
9429,1.6297958666573842
9430,1.7411078107804385
9431,1.5180569990864299
9432,19.106725860536514
9433,8.941480926404017
9434,3.8004999381103666
9435,1.4394964765233111
9436,3.042611766073216
9437,1.713299415808325
9438,1.7442633458688697
9439,1.6058396682686227
9440,27.595849759086544
9441,12.500429306141177
9442,5.166303995213281
9443,1.9657433141239393
9444,4.1034715643051864
9445,2.344728625631157
9446,2.2897954806593126
9447,2.1223674709828995
9448,30.491837778944046
9449,14.130733142504447
9450,5.8649717961824415
9451,2.127769390973736
9452,4.636559170229307
9453,2.626268003699384
9454,2.691923385874091
9455,2.404758035503756
9456,15.963119652694163
9457,7.595942368807395
9458,3.030345973754671
9459,1.1616663246173446
9460,2.603392437943433
9461,1.4920033784928843
9462,1.5218556394714258
9463,1.3388215137685493
9464,23.0511421632666
9465,10.54545932730359
9466,4.4554215375628825
9467,1.6708908430328162
9468,3.4675516653507468
9469,1.9848023551387006
9470,1.997032281849919
9471,1.8084493227373089
9472,13.904190531216674
9473,5.913321273478955
9474,2.676262957610145
9475,1.0164000958696577
9476,2.101600388709189
9477,1.1903322273582009
9478,1.2186243743650602
9479,1.1118949700213139
9480,16.58954847781846
9481,7.352522564113486
9482,3.3776338253783886
9483,1.2325642134087968
9484,2.5625042122050155
9485,1.5033324691623933
9486,1.5192604655328528
9487,1.3820452456345484
9488,18.800594223283884
9489,8.581722270956284
9490,3.6212011067138024
9491,1.353804031547203
9492,2.815772892379466
9493,1.6541488571285585
9494,1.6910118396258207
9495,1.5421826809315853
9496,21.59010672398132
9497,9.639316002482577
9498,4.319173406578128
9499,1.5150533924324627
9500,3.216567045809545
9501,1.8311747585958034
9502,1.872618435341489
9503,1.725112744082078
9504,28.324961815063887
9505,13.480119938482224
9506,5.601761938997028
9507,2.084794947278476
9508,4.349998029979897
9509,2.613870783606196
9510,2.542709907815101
9511,2.3070663857106886
9512,16.446338813302052
9513,7.511433533086577
9514,3.36568509742093
9515,1.2167308823486052
9516,2.6350250632628973
9517,1.5177928560643053
9518,1.5337488365360907
9519,1.4333231197566907
9520,44.520401920579715
9521,20.230489348636933
9522,8.944705050826725
9523,2.9771247907682876
9524,6.943352112563507
9525,3.8270850393432707
9526,3.8777195553331225
9527,3.375784247255441
9528,21.426618210487952
9529,9.843865187837398
9530,4.03290721609065
9531,1.4783414665475445
9532,3.2429366781402855
9533,1.8340804996965758
9534,1.7846534265616765
9535,1.721676870244178
9536,26.747966175628346
9537,13.208013178846663
9538,5.46063812883548
9539,1.955443321960532
9540,4.116620862379665
9541,2.326909152885691
9542,2.41813607300175
9543,2.150072013839255
9544,40.37755659885553
9545,18.263138697240656
9546,7.791182302908399
9547,2.8926892134170585
9548,5.943529872411811
9549,3.4855435356528908
9550,3.368875884897123
9551,3.0913245650647707
9552,36.44041768784774
9553,15.579026712075793
9554,6.770839665785882
9555,2.54485574158725
9556,5.250587817509545
9557,2.8992253919338276
9558,2.9294747583084795
9559,2.591866087242126
9560,23.17496924500671
9561,10.363453611245612
9562,4.634208181237521
9563,1.68565387006337
9564,3.3827205434065357
9565,1.9414284870927268
9566,1.9827832646007746
9567,1.7982732236230048
9568,16.53095964949721
9569,7.342996148807687
9570,3.0931272182066842
9571,1.1855886862596772
9572,2.5133376093061286
9573,1.51321525387645
9574,1.527000047711573
9575,1.302924117980645
9576,29.612332797129675
9577,13.52749014800344
9578,5.699093025866187
9579,2.021203590347739
9580,4.362914935893237
9581,2.4630296915600502
9582,2.6462017582478037
9583,2.2170495851630374
9584,23.58531096714568
9585,10.654467940735719
9586,4.409700075783997
9587,1.6370643079910665
9588,3.4392603241091253
9589,1.9961994564236605
9590,1.9814126660722045
9591,1.798019925664223
9592,17.25829602354093
9593,7.5471190036131315
9594,3.3433521701706206
9595,1.2256728993485377
9596,2.6074039868416725
9597,1.5482855916375278
9598,1.528558807084286
9599,1.3528544792274715
9600,22.924163336174473
9601,10.87707379073042
9602,4.566477769906569
9603,1.7263271334454575
9604,3.3342726678762227
9605,1.9201183155539867
9606,1.9842185457880943
9607,1.838631504027168
9608,15.35427672731713
9609,6.86343644076851
9610,2.854867387904046
9611,1.115413015468132
9612,2.3981712508289013
9613,1.3590210132262026
9614,1.3984016091832652
9615,1.2352680112185308
9616,16.081580541746646
9617,7.104517654546224
9618,3.0692851014518108
9619,1.1199242076372855
9620,2.5431379624060315
9621,1.3955986595847205
9622,1.4507689041368779
9623,1.261169363648525
9624,33.762912309981914
9625,14.867152984527172
9626,6.448811469648892
9627,2.236718040509307
9628,5.268089570614988
9629,2.8524476043538796
9630,2.9096822680287318
9631,2.6243866766681077
9632,17.530389037394194
9633,7.694522260586411
9634,3.5236649851317234
9635,1.2504344655607895
9636,2.7246972596539645
9637,1.5267337395401128
9638,1.5916437468402032
9639,1.4319544475406567
9640,37.36049651187372
9641,16.100672110672814
9642,7.530883280836299
9643,2.5672366365053474
9644,5.4076363631756825
9645,3.0427615258830296
9646,3.193276878655885
9647,2.803839275534036
9648,24.818346787420726
9649,11.124697871630326
9650,4.933529618327051
9651,1.8069108847693056
9652,3.760093771146993
9653,2.180720232688997
9654,2.1829632594981723
9655,1.953911534572769
9656,18.79041262707706
9657,8.081334793349672
9658,3.6473658560831526
9659,1.3576149122598467
9660,2.8702638087837946
9661,1.6587101521360346
9662,1.6515200592068322
9663,1.4840570465942136
9664,48.85148032847705
9665,21.817269538848244
9666,9.684945500272017
9667,3.283712134447239
9668,7.530763329584527
9669,4.2539607648634785
9670,4.287028981813968
9671,3.6520902721186603
9672,20.645455493549175
9673,9.869700605567784
9674,4.141649971466963
9675,1.5116141772276837
9676,3.2355323139807255
9677,1.8108360480980972
9678,1.8466388175611046
9679,1.625815106236917
9680,26.80537995342664
9681,11.641325514767916
9682,4.958119184721404
9683,1.9062534294065059
9684,4.002178677029585
9685,2.3167818265744753
9686,2.294275599556949
9687,2.015606507355736
9688,31.437374174637373
9689,13.67078881283389
9690,6.243334149610703
9691,2.1799136959027607
9692,4.796770164976826
9693,2.6515808877540064
9694,2.775533170548418
9695,2.3388509954994188
9696,23.44335551535813
9697,10.31465918703034
9698,4.589097816852785
9699,1.6887679026739342
9700,3.4715934626006724
9701,2.0048227894586916
9702,2.027572123788729
9703,1.829385367970511
9704,24.789187567029256
9705,11.277036545388539
9706,4.813788110464043
9707,1.7594563452877923
9708,3.7311268325459155
9709,2.046534474764452
9710,2.1556641965717533
9711,2.0210589365026475
9712,16.02247628880196
9713,7.129437688737775
9714,3.155521783233855
9715,1.1342242916875467
9716,2.4909098138689325
9717,1.3781676040913102
9718,1.456690499086569
9719,1.2652414209688883
9720,38.60773996565966
9721,18.08574487936824
9722,7.964260803666785
9723,2.652418152986025
9724,5.907733586779452
9725,3.3433426271975284
9726,3.2980341342447512
9727,3.136005256048657
9728,15.594749548994333
9729,6.986644255602137
9730,2.9749246546611756
9731,1.128350760346472
9732,2.35697812319275
9733,1.350613384076179
9734,1.4013705083836265
9735,1.2809113497936269
9736,16.738419561975185
9737,7.479278970055088
9738,3.4720740521294498
9739,1.2716393865656468
9740,2.57489314517567
9741,1.535049561267923
9742,1.5589834288209712
9743,1.3663246986357185
9744,25.625099378342657
9745,11.803054855307131
9746,4.729536384781354
9747,1.8078476643228754
9748,3.7637859075469113
9749,2.157560974826794
9750,2.1888637766230277
9751,1.9766157156396742
9752,27.897252845309104
9753,13.42940102689631
9754,5.601111761112845
9755,1.9669326244319298
9756,4.100800644938977
9757,2.540113026311717
9758,2.5727351980064888
9759,2.2926203112318446
9760,19.979739758396445
9761,8.92552857088384
9762,3.6592629259726146
9763,1.4085465282796592
9764,3.055637829972998
9765,1.6894270771283209
9766,1.7691325521958188
9767,1.6039933078522208
9768,21.30979580602388
9769,9.790767454455748
9770,4.23823381924859
9771,1.5195593396785176
9772,3.200551829290277
9773,1.8144139192949067
9774,1.8176661138098769
9775,1.6938074850301483
9776,62.38582599367488
9777,29.103736989619712
9778,12.742982672750134
9779,3.7620498502452864
9780,9.94390419188503
9781,5.418185034728475
9782,5.302912043582619
9783,5.029063795179485
9784,16.67206833803904
9785,7.606318730485168
9786,3.3344609659039195
9787,1.26965538936543
9788,2.5830491107195326
9789,1.5384041732417002
9790,1.5710089735213175
9791,1.4291074606218777
9792,16.194720975662776
9793,7.6454576906646
9794,4.809782768883904
9795,0.09263539164797557
9796,5.237801441964858
9797,2.018081345263197
9798,2.4319750569480094
9799,1.5391369199770635
9800,19.94310239098364
9801,9.225791470531522
9802,5.812625208469952
9803,0.11227701393305514
9804,6.724688100148494
9805,2.403579333926527
9806,2.808048471333139
9807,1.8525311114385672
9808,18.23479866502605
9809,8.403650558937228
9810,5.328580274442533
9811,0.10594398532044685
9812,5.62525858047902
9813,2.1919343532406534
9814,2.683760271070495
9815,1.693267279574684
9816,16.77748028954509
9817,7.689588531881711
9818,4.917717281952051
9819,0.0929673154589193
9820,5.121274020858489
9821,1.9091114514641365
9822,2.484870169899692
9823,1.5767369259712805
9824,15.179889940658846
9825,6.930701434603881
9826,4.440799193587954
9827,0.08970571927968257
9828,4.7357322429708635
9829,1.7539608324208347
9830,2.1535971872805795
9831,1.413621480980046
9832,16.527210050074807
9833,7.585569108802413
9834,4.752255201756044
9835,0.0887412497171875
9836,5.291173370805181
9837,1.7594048724497036
9838,2.4032952534077276
9839,1.4960733507730617
9840,16.318504176196306
9841,7.884374979444198
9842,4.933652000674423
9843,0.09209280043227001
9844,5.3242402654654555
9845,1.9358193074013041
9846,2.4887601229815015
9847,1.5389259000157518
9848,23.42963495872228
9849,10.887339309874111
9850,6.573195047809719
9851,0.10248343615289443
9852,7.084598251114191
9853,2.6924069689848333
9854,3.226661224948334
9855,2.0230846401252847
9856,27.48290976172233
9857,12.394016591992779
9858,7.234594650480312
9859,0.1548060390384453
9860,8.341310715712991
9861,3.1982949582977898
9862,4.006114813305954
9863,2.6127327908044995
9864,14.475767867781084
9865,6.866140167697049
9866,3.9948507074465764
9867,0.08556878443072277
9868,4.610223683425157
9869,1.7208590379070492
9870,2.007399540277993
9871,1.348964773143097
9872,20.341550290417736
9873,9.283986352447503
9874,5.717295802541074
9875,0.12778897767579436
9876,6.290868570777284
9877,2.353547334590928
9878,2.8296499588372437
9879,1.8881301364194074
9880,12.188508885635251
9881,5.611147684225324
9882,3.4195981656075682
9883,0.057152010529046865
9884,3.681621390235892
9885,1.3627581384402676
9886,1.649122989136022
9887,1.109998500214432
9888,14.782039167414
9889,6.694421091253859
9890,4.28806816996474
9891,0.07839249783475802
9892,4.823016481750205
9893,1.7518722926446484
9894,2.078920058267249
9895,1.396727571015279
9896,16.362000446125446
9897,7.819143114105634
9898,4.8109212500544425
9899,0.09431080052741432
9900,4.9516680706874565
9901,1.9294503395432594
9902,2.341276198155261
9903,1.6134634965160826
9904,18.447956156496936
9905,8.413519188918496
9906,5.352436924932072
9907,0.10471187285159664
9908,5.548465266569919
9909,2.095742645315243
9910,2.6632008524000006
9911,1.7783337478464547
9912,25.688969011158406
9913,11.76218057562583
9914,7.151233985178928
9915,0.1129748438454803
9916,7.790997535268338
9917,2.9173911247740856
9918,3.6746878438989063
9919,2.3178077684680507
9920,14.768709661505003
9921,6.826639438603825
9922,4.375903614909958
9923,0.08651498611470937
9924,4.725603600624575
9925,1.7300675158594145
9926,2.1337974255363488
9927,1.4450920230228803
9928,38.73597309114697
9929,17.238189328574844
9930,10.708031686172896
9931,0.2078391915185168
9932,12.144117707922732
9933,4.565130597454818
9934,5.675091469778705
9935,3.5116382432886475
9936,18.93777306518207
9937,8.648761243820685
9938,5.1445431862775575
9939,0.11180492437549058
9940,5.6436170476139065
9941,2.0979014550324524
9942,2.626169954637599
9943,1.7042631867312523
9944,24.049398709539688
9945,11.033399016876759
9946,6.615243068434093
9947,0.12598329999360267
9948,7.339317957984053
9949,2.709720593810127
9950,3.372225381070672
9951,2.1218689454034223
9952,35.171168055151355
9953,16.804150038712685
9954,9.686525693448012
9955,0.21301437097312936
9956,10.99009845728757
9957,4.258857666658344
9958,4.846830511238047
9959,3.30960073020683
9960,31.213935844126933
9961,14.080818040653531
9962,9.116108522056676
9963,0.1496187946989344
9964,9.086016543352372
9965,3.4952253172727215
9966,4.379634516083677
9967,2.6386945870687133
9968,20.398692883080642
9969,9.202074908281686
9970,5.745040190165067
9971,0.11968187561657191
9972,6.296604698150355
9973,2.2014051865933726
9974,2.7994874864086
9975,1.8054888816193262
9976,14.135197587161906
9977,6.451527173393243
9978,4.097785004285158
9979,0.08296161059642003
9980,4.391149303059986
9981,1.7029289125166354
9982,2.048212008961641
9983,1.2914136126168667
9984,25.33821126913589
9985,11.840254782093217
9986,7.122665161689629
9987,0.15648835254538787
9988,7.62781863013172
9989,2.871784101789218
9990,3.72129518854537
9991,2.378565100113881
9992,20.948147096753996
9993,9.404898373313847
9994,5.923150096466575
9995,0.11248441198898487
9996,6.32207825371943
9997,2.3329198803213425
9998,2.802634784424056
9999,1.8891512185086161
10000,15.03174069877456
10001,6.861938028983688
10002,4.308439215021813
10003,0.0806421709863774
10004,4.747736743493171
10005,1.735952720516697
10006,2.0866526901807974
10007,1.389115003169462
10008,20.00180415322473
10009,9.37165371789734
10010,5.715482505582285
10011,0.10222497588680383
10012,6.069456809707666
10013,2.2050842493260774
10014,2.7255339816358704
10015,1.8575235724801897
10016,13.374856647862543
10017,6.077872005583495
10018,3.768588978535184
10019,0.0709727457230346
10020,4.235884431491966
10021,1.5392086386610986
10022,1.8133522663308577
10023,1.2653408903635224
10024,14.363398111595295
10025,6.569866485640884
10026,4.030874664085267
10027,0.08227103566272248
10028,4.532301302956137
10029,1.5756368004352996
10030,1.988624540055938
10031,1.2673003696210063
10032,29.767899810240678
10033,13.352197138113302
10034,8.512947721837813
10035,0.16790315336803852
10036,8.834536389371081
10037,3.302040591340882
10038,4.203186672053723
10039,2.639121708067981
10040,15.033842263299354
10041,7.014649878752544
10042,4.397598064055841
10043,0.09085321078186874
10044,4.640338829824511
10045,1.7834649627419967
10046,2.2665183414903756
10047,1.431505771524866
10048,32.58194073035923
10049,13.947759046795435
10050,8.975067857846053
10051,0.1812963410968792
10052,9.769175225377749
10053,3.438965285105232
10054,4.628116653843045
10055,2.8976844929502867
10056,22.04811478938484
10057,9.808454769565445
10058,6.0411526478388735
10059,0.13548167666843938
10060,6.746713479236773
10061,2.5233656520559724
10062,3.139867520454849
10063,1.9235639446093962
10064,16.046311135460236
10065,7.6492370416679245
10066,4.712977781369348
10067,0.0958310573160709
10068,5.079198233109793
10069,1.8738636012492345
10070,2.248092215640283
10071,1.4400262228207525
10072,41.70341177618878
10073,17.897710768350176
10074,11.61191084614466
10075,0.21929331892710233
10076,12.93656965008053
10077,4.91013891576979
10078,5.86730711359909
10079,3.845261400246528
10080,18.25962653336346
10081,8.71435458199439
10082,5.439721490864405
10083,0.1022445448679779
10084,5.730749729213486
10085,2.1570922358983355
10086,2.5849508497320017
10087,1.6529623826528033
10088,22.70359439348897
10089,10.424794241367307
10090,6.624240230244967
10091,0.13742278703066735
10092,6.987707941121667
10093,2.682108198868982
10094,3.2762717055435493
10095,2.033288080305962
10096,27.701141898912045
10097,12.737190363098621
10098,7.774883225064677
10099,0.17178434775596843
10100,8.124972775376781
10101,3.0975035109591955
10102,3.887767633202145
10103,2.4664801214953442
10104,20.822204365464703
10105,9.168586908640432
10106,5.744441791197555
10107,0.1225754685729457
10108,6.2935438256969185
10109,2.2943985917967287
10110,2.9189571392583065
10111,1.924292700940502
10112,22.13964806930584
10113,10.112527188465695
10114,6.1444501649713406
10115,0.1279144214222207
10116,6.79297908658401
10117,2.4276523191858104
10118,3.091640675471744
10119,2.099513648462544
10120,14.402685364877922
10121,6.512084023784883
10122,4.038325430350968
10123,0.0823906781062803
10124,4.3422226145572544
10125,1.5467425721104828
10126,2.0655915600749686
10127,1.2904992946168625
10128,33.38167021060011
10129,15.415494594652875
10130,9.491870800421067
10131,0.20901760811500486
10132,10.164852648315616
10133,3.7779916529139883
10134,4.611832214416955
10135,3.146851659776478
10136,13.571368945438262
10137,6.218400756578878
10138,3.7861985295053375
10139,0.07946225063227594
10140,4.072473287166789
10141,1.4993135036996663
10142,1.8435546010231472
10143,1.2708903762836716
10144,14.91255507352062
10145,6.786840191030277
10146,4.345424813500581
10147,0.0933411497516752
10148,4.859524650052387
10149,1.7842956442774858
10150,2.177363932383144
10151,1.3940644302124177
10152,22.24682048376338
10153,9.712812640632576
10154,5.9674044268465005
10155,0.1250389118390452
10156,6.743265620511475
10157,2.4827295225120563
10158,3.081837865790048
10159,1.9827630683440691
10160,25.2454704135009
10161,11.378464934421183
10162,6.85578867358488
10163,0.12187616738794117
10164,7.6704075210550275
10165,2.858918147610095
10166,3.6588291896547283
10167,2.4407775001525978
10168,16.593141657049507
10169,7.800663430753837
10170,4.851831040186024
10171,0.0931211104529665
10172,5.309848786239729
10173,1.823473877565437
10174,2.3835066793188284
10175,1.458919751901209
10176,19.07731637425773
10177,8.502100437131116
10178,5.3299084245207276
10179,0.09472392468918307
10180,5.589855867410118
10181,2.212697257338686
10182,2.5269858376579153
10183,1.708350877447987
10184,52.26497666105283
10185,24.062540259638247
10186,15.029478453196186
10187,0.34228756291281076
10188,15.586366075329538
10189,6.218365191872271
10190,7.659466808515875
10191,5.1603477144439776
10192,14.916517310529104
10193,6.79419128674588
10194,4.370922772843501
10195,0.0834282474142775
10196,4.749352419844447
10197,1.754097275110794
10198,2.2296880319215324
10199,1.426168064123089
10200,19.17200729980227
10201,8.88975632124739
10202,4.554475547550679
10203,0.18558957021616276
10204,5.020418360988756
10205,1.8994320082393883
10206,2.1881045420408687
10207,1.4997328688309042
10208,22.737854384311827
10209,10.180261001847988
10210,5.380257473112082
10211,0.18964127069496287
10212,6.38399052203934
10213,2.2488428661290825
10214,2.4945030269129296
10215,1.8610592186979953
10216,20.751592830657007
10217,9.405986797289048
10218,4.991612031601226
10219,0.16320126927629788
10220,5.393468855465618
10221,2.119092349029227
10222,2.411564672396455
10223,1.6874522104276244
10224,19.239704119878148
10225,8.762257066391676
10226,4.695966388514975
10227,0.15367778858988673
10228,5.014337843047911
10229,1.8545769932016531
10230,2.2132429012898607
10231,1.568386235292266
10232,17.118082061537613
10233,7.906185075808075
10234,4.078101646119319
10235,0.15496198725958174
10236,4.440817116246413
10237,1.6616187758459189
10238,1.9609186862891477
10239,1.33945586647494
10240,19.09241937889363
10241,8.680292313978232
10242,4.5433247263302485
10243,0.14924770590483669
10244,4.864577653694026
10245,1.7756714731657592
10246,2.110107056849182
10247,1.4527868034689397
10248,18.394244038472447
10249,8.965111528393994
10250,4.538758284843766
10251,0.13319586950901788
10252,5.171701173020345
10253,1.8504741353868812
10254,2.209365252478005
10255,1.5587360279922475
10256,26.54722575709988
10257,12.166691843508039
10258,6.497164027843272
10259,0.2381981371399293
10260,7.183065823291615
10261,2.6452111966148273
10262,3.020362558900169
10263,2.142855194145867
10264,31.344199662237408
10265,13.905218796525125
10266,7.072506733829581
10267,0.3013953944665859
10268,7.891989629716788
10269,2.8952079199036413
10270,3.715646570484324
10271,2.488549684205958
10272,16.12887868940914
10273,7.728660303182493
10274,3.8302111116848097
10275,0.14028865760789805
10276,4.430620378270037
10277,1.6091316248526732
10278,1.7788307747303118
10279,1.272231370117426
10280,23.24392416803327
10281,10.535685184118053
10282,5.39976022167066
10283,0.19369707951252546
10284,5.971502890403769
10285,2.1869438370871586
10286,2.5936869832901572
10287,1.887497165243166
10288,14.275551820600986
10289,6.270840933251152
10290,3.2443805714371137
10291,0.12337802436134064
10292,3.3970981409101717
10293,1.2659556656015205
10294,1.488009655602061
10295,1.0891967234773439
10296,16.72004659525842
10297,7.665071064310873
10298,4.1696224736855605
10299,0.15430864316649395
10300,4.643971236914665
10301,1.6394199350988508
10302,1.942082917759351
10303,1.4263617521565393
10304,18.96137049551917
10305,8.806636910943597
10306,4.481754201155455
10307,0.17493458441460397
10308,4.7999291687349315
10309,1.8463800288948444
10310,2.139604448108891
10311,1.5447069405490157
10312,21.18660069402265
10313,9.443424447795797
10314,5.198781134640216
10315,0.1591763475981662
10316,5.332156453120908
10317,2.065485714481067
10318,2.3915556452806523
10319,1.7127623790313242
10320,27.74762400077077
10321,12.875165694775673
10322,6.744948045295989
10323,0.24914304906965037
10324,7.347881257532945
10325,2.7954680579898525
10326,3.3799884823419823
10327,2.2991849698605433
10328,16.596804005602657
10329,7.863275066087972
10330,4.1233090352598065
10331,0.14395058580599163
10332,4.597216446411845
10333,1.6027202016332414
10334,1.9487635652077495
10335,1.4429955727685266
10336,44.199603141873226
10337,20.17479344419406
10338,10.18303964369102
10339,0.3927709619776239
10340,11.378433795026066
10341,4.484552741052831
10342,5.273621871071116
10343,3.522824850919529
10344,21.20337680396488
10345,9.607463611052236
10346,5.0008357577704485
10347,0.16305469270346112
10348,5.355000068847875
10349,1.9974965002859557
10350,2.354510919132494
10351,1.7348835059238366
10352,26.650508375527405
10353,12.819477103251241
10354,6.313364619943364
10355,0.2401694439802707
10356,7.178004782765039
10357,2.5614580522996016
10358,3.00662200436206
10359,2.109672774466067
10360,41.063773599423584
10361,18.742409164208325
10362,9.506897827838658
10363,0.40277577345903764
10364,10.726346687073198
10365,3.997903995757142
10366,4.618346794364506
10367,3.3294157187237103
10368,34.58574146571616
10369,15.654158014468443
10370,8.514578677744014
10371,0.2945952719395481
10372,8.800506096497303
10373,3.3330785503787475
10374,3.8862039434117075
10375,2.6218108138756486
10376,22.629353326191527
10377,10.152019743817357
10378,5.377114852331179
10379,0.20052293642145025
10380,5.813460852808503
10381,2.1448490731872174
10382,2.49900809129949
10383,1.781573645361169
10384,16.422540671072678
10385,7.389520579229773
10386,3.7680568256608615
10387,0.13864694378154363
10388,4.25084814051275
10389,1.606406595130275
10390,1.881170980479572
10391,1.2584578038297105
10392,29.272819440589487
10393,13.466574770156123
10394,6.79152178133439
10395,0.23707542650666996
10396,7.473806257925207
10397,2.713118037002616
10398,3.5801216807833516
10399,2.3224185159497694
10400,23.136351171947833
10401,10.513558594469602
10402,5.489629404624737
10403,0.17102555925017063
10404,5.859578701993254
10405,2.2002477752751473
10406,2.466491786250049
10407,1.7942650581253614
10408,16.907668462290303
10409,7.816016811237205
10410,4.0575421031832395
10411,0.141270246669769
10412,4.4912414224393835
10413,1.6206876087131887
10414,1.882653817924687
10415,1.321955462354029
10416,23.577660148415532
10417,10.430896615806734
10418,5.336222448166624
10419,0.1899310126413012
10420,5.71570246206363
10421,2.0869221620054272
10422,2.5107633694419498
10423,1.8833598311902224
10424,15.999229339442206
10425,6.913838237213648
10426,3.6113344328120136
10427,0.14849087038924239
10428,3.9390658017861413
10429,1.4818929899868258
10430,1.6192573496966283
10431,1.1855686313190528
10432,16.54745289141168
10433,7.196516277064903
10434,3.7875999126210442
10435,0.15461601296220973
10436,4.469341006073415
10437,1.5360809464947873
10438,1.8487711929832988
10439,1.2496536705877654
10440,34.35776367673568
10441,15.16691427708064
10442,7.88542308715349
10443,0.2843353260373182
10444,8.462542254316002
10445,3.0983997825292087
10446,3.847822557901196
10447,2.6343411434322053
10448,17.456698254930764
10449,7.874236371576806
10450,4.139778625930495
10451,0.14698827620882168
10452,4.473462315101635
10453,1.6129912246565716
10454,1.9655238313597716
10455,1.3798322482564038
10456,37.167815555613046
10457,15.65047854128957
10458,8.525518543073845
10459,0.3066703736234762
10460,8.928966435916898
10461,3.3423704975576087
10462,4.320407928716301
10463,2.77491859858779
10464,24.683761932684448
10465,11.098383043040657
10466,5.935022609647523
10467,0.2048294008313862
10468,6.407946090201693
10469,2.4293404247109054
10470,2.877140397427999
10471,1.9727687715693756
10472,17.984409290241423
10473,8.249172928673572
10474,4.275035345709852
10475,0.1597703081968911
10476,4.776814417765699
10477,1.7302658886344964
10478,1.9835056491074257
10479,1.4244941597045342
10480,46.195105828988154
10481,20.9554090470559
10482,10.944514396657436
10483,0.3902169471154279
10484,12.124865930433758
10485,4.658509556471101
10486,5.338999478390322
10487,3.8210607967420875
10488,20.781222661881678
10489,9.905427860364158
10490,5.235975097817368
10491,0.17257869872883275
10492,5.547867939507054
10493,2.091696128459272
10494,2.3159982285548724
10495,1.6550805557747161
10496,27.4757548437985
10497,12.040768820046114
10498,6.107086191040288
10499,0.24911245124696413
10500,6.749453862577755
10501,2.6169631695938813
10502,2.986242788960292
10503,2.1221054159493447
10504,30.1446336670301
10505,13.739252317359888
10506,7.304975404068463
10507,0.26012233863242723
10508,7.823584961357079
10509,2.9646380027915904
10510,3.669228263420693
10511,2.450984576750566
10512,23.2103862170395
10513,10.440646359798214
10514,5.549381010431762
10515,0.20755628371704168
10516,6.053550109930463
10517,2.2940573452845987
10518,2.621150682779634
10519,1.8692842010529744
10520,24.561072328492905
10521,11.608599781401235
10522,6.025476782651949
10523,0.21278181963784767
10524,6.589481960568893
10525,2.4199588856701757
10526,2.9105944789412495
10527,2.097591085824066
10528,16.262804670431063
10529,7.2398738319646965
10530,3.8712399637437627
10531,0.15578211268642445
10532,4.24181837889542
10533,1.5103445746043334
10534,1.8379091057817056
10535,1.2655929792578127
10536,39.23936985903267
10537,17.234311147838
10538,8.840399747477749
10539,0.36530288823686385
10540,9.642609805695752
10541,3.676917861764104
10542,4.2562576319547905
10543,3.0317703252818333
10544,15.213870046371222
10545,7.075442415534598
10546,3.6358708552030947
10547,0.14037995854008356
10548,3.6662693671335713
10549,1.4661315321966304
10550,1.6751324317977845
10551,1.228207614684271
10552,17.02796489593105
10553,7.594865572759003
10554,4.133832933352191
10555,0.16113391643708838
10556,4.421090147649156
10557,1.7015602498242788
10558,1.904016664012253
10559,1.428044012769594
10560,25.359459102673178
10561,10.98247873302752
10562,5.466857516504952
10563,0.20592815831155595
10564,6.512516525845108
10565,2.4352968024029145
10566,2.732647278657935
10567,2.039757727717099
10568,27.750937852268898
10569,12.70741983102901
10570,6.468273002520317
10571,0.24104679141450014
10572,7.132143964666191
10573,2.7064520162680616
10574,3.3802326644091787
10575,2.3850260030293584
10576,19.053096238362677
10577,8.952639294846996
10578,4.522796741250941
10579,0.1429468071168176
10580,4.9626917830766315
10581,1.8553091548770155
10582,2.1936252806443157
10583,1.5591626663589642
10584,21.30501765472934
10585,9.392100932492342
10586,5.067431043341617
10587,0.17268102925656045
10588,5.467084900292608
10589,2.100690079498289
10590,2.2617163723526272
10591,1.715695386568791
10592,58.94717858839661
10593,28.82795881356689
10594,14.067696409991127
10595,0.5767481423318233
10596,15.787736390962595
10597,5.931189433468892
10598,7.002537470193698
10599,4.858847751921501
10600,16.770011765019436
10601,7.384232944675365
10602,4.07419144279973
10603,0.1514127177561026
10604,4.39707781246346
10605,1.5861875448621912
10606,1.9973600518895727
10607,1.322361670903595
10608,17.83783307735712
10609,8.419360037912737
10610,4.538468589279445
10611,0.10657493341837324
10612,5.100619030732036
10613,1.9144725471380901
10614,2.2151958049503033
10615,1.4905454117593249
10616,20.913522481158296
10617,9.636138219900978
10618,5.296986955965096
10619,0.12104175782245193
10620,6.320068852976104
10621,2.220922843726704
10622,2.49656600047123
10623,1.7601219578321394
10624,19.022926177390644
10625,8.76245032054666
10626,4.888783396343579
10627,0.12087730889208528
10628,5.325996673268353
10629,2.0604101517306708
10630,2.407019883495768
10631,1.6350789239508159
10632,17.729990874178334
10633,8.074901198725277
10634,4.520029492160502
10635,0.103142674929896
10636,4.863257988211212
10637,1.7950324439965646
10638,2.226687964823456
10639,1.5056334824108886
10640,16.116423693791628
10641,7.309341826275227
10642,4.074951823852696
10643,0.10073364622387858
10644,4.499713178868234
10645,1.6500239082437884
10646,1.9353454116122581
10647,1.3711007472233891
10648,17.734532334311915
10649,8.089268211261553
10650,4.329817025754278
10651,0.10286901899330558
10652,4.989650938667414
10653,1.7122172326225424
10654,2.2015408241899586
10655,1.4760731050301177
10656,17.074967622854395
10657,8.153232560658571
10658,4.463441993712712
10659,0.0945311511733323
10660,4.995509346275329
10661,1.808849211432834
10662,2.215228189774786
10663,1.457476772038681
10664,25.19173640373565
10665,11.732471901121764
10666,6.1656767786983036
10667,0.1459368958845675
10668,6.904452041332897
10669,2.5581129120105324
10670,2.9637229514058654
10671,1.968090809434664
10672,28.552618675610976
10673,12.890106796694244
10674,6.591120918982425
10675,0.17177845479993842
10676,7.837033189970815
10677,2.9295748211930683
10678,3.567519685880042
10679,2.4535809466878518
10680,15.222408627608202
10681,7.204667712296211
10682,3.642695489502175
10683,0.09472316311434835
10684,4.3634590778267865
10685,1.6107680881010298
10686,1.8056182399236063
10687,1.2886083874493308
10688,20.999473791656715
10689,9.638494900299047
10690,5.153788927196753
10691,0.12439924579144776
10692,5.8756169847316935
10693,2.1552197530577635
10694,2.4885551928864285
10695,1.7661731672988197
10696,12.657279920712776
10697,5.900334696519606
10698,3.175959119863835
10699,0.06709729047640893
10700,3.4237467736897873
10701,1.2817069813740676
10702,1.4795826443744757
10703,1.057741072856772
10704,15.658817982212941
10705,7.124145251660387
10706,3.966136690475767
10707,0.08573721133834045
10708,4.614134818186591
10709,1.6499499101135169
10710,1.8848716833457133
10711,1.3464408248601056
10712,17.35593496377803
10713,8.303379584409988
10714,4.4400703819803065
10715,0.10440291674548365
10716,4.713284898044817
10717,1.8121517703214143
10718,2.098392549912441
10719,1.5381367197516194
10720,19.314674394946845
10721,8.905206632655421
10722,4.922780889041325
10723,0.11331788869092567
10724,5.287320795089091
10725,1.9587021077623556
10726,2.3832083460006963
10727,1.6899276010609297
10728,26.65981629701101
10729,12.394907896339566
10730,6.513185748511503
10731,0.15167167901717704
10732,7.361529338863111
10733,2.748749737935853
10734,3.315163860509315
10735,2.2145752885918863
10736,15.52196527390975
10737,7.239271744817521
10738,4.015474625433143
10739,0.0882179042928446
10740,4.52969456774675
10741,1.6129646390409622
10742,1.9108851897731685
10743,1.3791399139610563
10744,42.01988471066606
10745,18.55152129319352
10746,10.030190718847102
10747,0.2585339150385055
10748,11.863885963650532
10749,4.3207236114441585
10750,5.197092724467991
10751,3.391864005307541
10752,19.917473672497497
10753,9.094190296787996
10754,4.687342640679653
10755,0.12297415109922061
10756,5.301433181634254
10757,1.9638091864674199
10758,2.341109603697927
10759,1.6279345359092927
10760,25.476984209240722
10761,11.648294100562241
10762,6.097112976826876
10763,0.15157924783372279
10764,6.999465387461432
10765,2.552585751290181
10766,3.047201291301857
10767,2.031140036397302
10768,37.75038769734598
10769,17.93816641295634
10770,8.960090807152204
10771,0.2520344396154832
10772,10.606115166708241
10773,3.989044947798594
10774,4.4092295019069905
10775,3.1595394362577975
10776,32.71476116125339
10777,14.639518053015452
10778,8.374706721779742
10779,0.17729036979419668
10780,8.672772248835832
10781,3.2711502785430913
10782,3.973802665542942
10783,2.5005994383597923
10784,21.632955846554903
10785,9.806691675891967
10786,5.315327388626846
10787,0.13957401150144708
10788,6.051473827143467
10789,2.0674513619075565
10790,2.5307662837257165
10791,1.7405753115562128
10792,14.860774328590402
10793,6.800771606734357
10794,3.812775232677984
10795,0.09069205726506184
10796,4.204422297319021
10797,1.6074449000971396
10798,1.8647259043175766
10799,1.2567380872622538
10800,26.94399397692169
10801,12.551764710019619
10802,6.557243891775336
10803,0.18628571332344185
10804,7.246243158217222
10805,2.700737099278729
10806,3.3691218073042917
10807,2.2762285771570285
10808,21.820702155380193
10809,9.705341381043018
10810,5.346484013736526
10811,0.12358093005083987
10812,5.96845055071847
10813,2.1585859946491817
10814,2.4998235281983745
10815,1.7910003467237305
10816,15.985362025166284
10817,7.279328358282768
10818,4.0221016389929485
10819,0.09159976186717303
10820,4.56473986045797
10821,1.6367867767716222
10822,1.905490907416033
10823,1.35306318630769
10824,21.432357450330557
10825,9.990593033167961
10826,5.32274244283918
10827,0.12525797885159348
10828,5.8157341131303415
10829,2.0778906244219137
10830,2.45834856988517
10831,1.8037980555774578
10832,14.035273402781465
10833,6.508713921427622
10834,3.5068994774344535
10835,0.07614509782076234
10836,4.041180652245662
10837,1.447234108850021
10838,1.6463947949647382
10839,1.2339575352862935
10840,15.14644895386217
10841,6.983919186962071
10842,3.7323303488194335
10843,0.08954256782714995
10844,4.30903001516621
10845,1.4878403011853356
10846,1.795265372179305
10847,1.2438280281183842
10848,31.867257459728513
10849,14.19557365426563
10850,7.9504747730649585
10851,0.18959611332530338
10852,8.583514578561374
10853,3.0850874403214403
10854,3.8427617277545054
10855,2.5075035046581933
10856,15.82208150186037
10857,7.380121917533059
10858,4.045077919258493
10859,0.09127679724174562
10860,4.423507222332665
10861,1.6658598259965507
10862,2.034044628658336
10863,1.371188507974742
10864,34.27108613472876
10865,14.902124325499985
10866,8.310886606984841
10867,0.2250370230309053
10868,9.401730420100376
10869,3.23705344201716
10870,4.227613513882761
10871,2.7812556632156706
10872,23.263619076948174
10873,10.369582294733151
10874,5.559956655138144
10875,0.15642945863506738
10876,6.410584113513387
10877,2.3472882993420154
10878,2.805198799967086
10879,1.864056091468671
10880,16.731188629857826
10881,7.996054440363572
10882,4.300356036883374
10883,0.09718890068356914
10884,4.798779252241088
10885,1.7432204493703682
10886,2.0155089442712124
10887,1.3613870211655248
10888,45.84618097024787
10889,19.455103541426592
10890,10.763521108557642
10891,0.2709624921085189
10892,12.58229645674038
10893,4.6047711212512565
10894,5.347360337229113
10895,3.691630796847642
10896,19.165656812712168
10897,9.183428600860887
10898,4.938702938481483
10899,0.10969855313319027
10900,5.390811977290173
10901,2.020468661825295
10902,2.3050584505679383
10903,1.5853206558524935
10904,24.059445218034256
10905,10.916464780881636
10906,6.073203287820129
10907,0.15779272299307573
10908,6.6021588673498
10909,2.4778001578846123
10910,2.9207936978401263
10911,1.9748224291739003
10912,28.60594100504285
10913,13.146465414892203
10914,7.0553520579633835
10915,0.18789875048223859
10916,7.639426433263521
10917,2.870832701711659
10918,3.4931775386202353
10919,2.335085189295994
10920,22.024763447657005
10921,9.646568878450172
10922,5.269783116660153
10923,0.13154703122063935
10924,5.939617718318508
10925,2.137753859791851
10926,2.6135879084998206
10927,1.8350808291273624
10928,23.158634950460264
10929,10.598459660340527
10930,5.638929386269916
10931,0.1544654627240653
10932,6.447179745221827
10933,2.256877587538535
10934,2.7678996057172798
10935,2.0186593446910748
10936,15.377000708583337
10937,6.781316357616137
10938,3.7894663607474595
10939,0.0934910693864496
10940,4.173867846016827
10941,1.4708507534485413
10942,1.8686179148608326
10943,1.269072719711467
10944,35.07813727311408
10945,16.243805193191015
10946,8.571330993064437
10947,0.221351779945495
10948,9.526087696859676
10949,3.5148721716507474
10950,4.142314695138749
10951,2.967513558350466
10952,14.086423629051565
10953,6.553215851532829
10954,3.477783225426913
10955,0.08082614134970673
10956,3.8450832080445565
10957,1.402734222568227
10958,1.6474923797469594
10959,1.225611628304869
10960,15.908968399228726
10961,7.257651757092871
10962,4.025526089842921
10963,0.10127509681472507
10964,4.663980935592699
10965,1.682639346575843
10966,1.973518901892553
10967,1.3541369494522788
10968,23.547196553047335
10969,10.216164283561143
10970,5.518776378327436
10971,0.14904769066979706
10972,6.415974795017326
10973,2.3177207199691727
10974,2.7662312930794917
10975,1.905439967187392
10976,26.489087083669656
10977,11.971857572683819
10978,6.300700813013128
10979,0.16517928627808096
10980,7.315909403480055
10981,2.6782059283771162
10982,3.320131892774204
10983,2.3343350659982502
10984,17.616720383614897
10985,8.202301525282813
10986,4.423723808513344
10987,0.10539907517563932
10988,5.003156242704278
10989,1.7796085035164724
10990,2.1773852844932704
10991,1.4573276223278557
10992,20.142512418297176
10993,8.958797559387998
10994,4.914732741856885
10995,0.10105367887510747
10996,5.335922465048739
10997,2.0665218007991597
10998,2.269511862411563
10999,1.6222782641484028
11000,57.1337976573046
11001,25.500993742537545
11002,13.919011994027823
11003,0.41732741861954326
11004,15.170868427441523
11005,5.841168593976785
11006,7.08070746933874
11007,4.942022630474268
11008,15.691795543595578
11009,7.200013511642872
11010,4.032089199571858
11011,0.087546743519786
11012,4.504219096253998
11013,1.6456740191140113
11014,2.0218533482912826
11015,1.3692931058883844
11016,18.05903871490324
11017,8.304422851108207
11018,5.0210859925985964
11019,0.10580295646695878
11020,5.45476316211882
11021,2.0904415668546332
11022,2.5868634293590786
11023,1.6757779981574956
11024,21.170789648492654
11025,9.310483622394534
11026,6.060668716968365
11027,0.12919608253300086
11028,6.7323081058241385
11029,2.5059553727105732
11030,2.909805113724191
11031,1.9357901913311204
11032,19.356443803303936
11033,9.05564009691614
11034,5.453393582334426
11035,0.12344663935068705
11036,5.9176913367644675
11037,2.23197893483366
11038,2.8378698929409927
11039,1.7659913612410234
11040,18.303257902043804
11041,7.897295247997217
11042,5.229285268961125
11043,0.1032344271429535
11044,5.315376368300756
11045,2.0325631793616985
11046,2.553644618302223
11047,1.6545577355642411
11048,15.19280294129385
11049,6.939896231279075
11050,4.522147836779181
11051,0.09322286068595075
11052,4.890968085463134
11053,1.833287925105982
11054,2.298194570999222
11055,1.4781886278602152
11056,18.1676688056574
11057,7.986693536819976
11058,5.114151442869687
11059,0.09832470922520967
11060,5.2642819225168935
11061,1.8886537617149646
11062,2.541084675494474
11063,1.580243802603351
11064,17.626972694022257
11065,8.422362673469522
11066,5.012315073240992
11067,0.10893760382374205
11068,5.556164122874146
11069,2.0749772524950765
11070,2.540992271263514
11071,1.7047715044163985
11072,25.517559964926047
11073,11.51428850206971
11074,6.880573231458602
11075,0.14707326784221578
11076,7.539757812434845
11077,2.8395035300140417
11078,3.4195029516571274
11079,2.282904371369009
11080,29.369484321073017
11081,13.116062311525763
11082,7.781460375329371
11083,0.20226406231545513
11084,8.808400835951664
11085,3.2505289830690516
11086,4.184603888905351
11087,2.6691023085671732
11088,15.149091353637864
11089,7.189841274965711
11090,4.360298759194279
11091,0.1001778903120354
11092,4.841630849617624
11093,1.794977473664187
11094,2.1799294548179393
11095,1.4016839854459928
11096,21.520446091002608
11097,9.57976489376095
11098,5.831952805821155
11099,0.1439988873026766
11100,6.446510595968953
11101,2.441409369080333
11102,2.9500061222391367
11103,1.9799426213490798
11104,12.981279140824823
11105,5.760640572215283
11106,3.559849662292203
11107,0.0800947038361203
11108,3.565431379732284
11109,1.3954082725618233
11110,1.7261726940339346
11111,1.177039456014028
11112,15.530387324088608
11113,7.0136937133580455
11114,4.493092988092916
11115,0.08591911152794358
11116,4.765764051536981
11117,1.796500360052486
11118,2.2479261318055768
11119,1.4544404321770594
11120,17.40455261052016
11121,7.982243493888306
11122,4.967134337463629
11123,0.0960593694292986
11124,5.141176269406574
11125,2.035533682016121
11126,2.4588713218554097
11127,1.6689733938740736
11128,19.940288369587606
11129,8.844593395133243
11130,5.642210191572014
11131,0.11274960618924458
11132,5.9809567354038595
11133,2.168477243944728
11134,2.744959751657013
11135,1.8574030575823937
11136,26.796231695513143
11137,12.29353609276709
11138,7.241996736882232
11139,0.1842106491445607
11140,8.143550880889258
11141,3.1654184844418767
11142,3.8144381091573405
11143,2.5361635465250627
11144,15.39304111129058
11145,7.132194417511866
11146,4.540093179806369
11147,0.08103523306684504
11148,4.870427373106239
11149,1.8276508901117987
11150,2.216658285399065
11151,1.5402860149015722
11152,41.50612388297955
11153,18.506832017818667
11154,11.098240496235299
11155,0.2607747631728687
11156,12.679744376587985
11157,4.812809024857211
11158,5.965116570151544
11159,3.788500129307268
11160,19.866362525989896
11161,8.952759446153355
11162,5.470693215598179
11163,0.10699931142075031
11164,6.015685820722679
11165,2.1830086322806577
11166,2.7036883598573964
11167,1.7986573496289995
11168,25.10080691480666
11169,12.055311040740518
11170,6.966442835187341
11171,0.14302883081866483
11172,7.594492086150935
11173,2.8166029038198515
11174,3.496629048859677
11175,2.301406311430096
11176,38.57502795037491
11177,17.088208196312937
11178,10.310412285968738
11179,0.27594185865312193
11180,11.15060924875907
11181,4.339656439363455
11182,5.126456406577865
11183,3.4459399075108412
11184,34.66474613971137
11185,14.476475961329195
11186,9.39234908726875
11187,0.19218585295274726
11188,10.002121471705339
11189,3.626596718237151
11190,4.471520548146571
11191,2.856785327145003
11192,21.583009782566567
11193,9.218663619265165
11194,6.105654218175466
11195,0.14242960377653757
11196,6.170293317712428
11197,2.2960662993244214
11198,2.932610582986012
11199,1.9107976705181713
11200,15.319427546665404
11201,6.954346511482265
11202,4.231239777605762
11203,0.09084617626941223
11204,4.552993869533959
11205,1.7955632368056722
11206,2.1470978145580766
11207,1.3361695071623625
11208,28.191259526544464
11209,12.324410814722375
11210,7.26460428959555
11211,0.17649460237557868
11212,8.312885080954246
11213,3.0206158022520926
11214,3.9703912026980026
11215,2.4475013409615474
11216,22.226265095602283
11217,9.84894560415899
11218,6.102681138534189
11219,0.12781505254031136
11220,6.4325888226845365
11221,2.4628015399004117
11222,2.958238043167649
11223,1.946577005314683
11224,16.170451165746243
11225,7.143809007541296
11226,4.528127293454347
11227,0.08426078720704062
11228,4.775753187415798
11229,1.8726176683992417
11230,2.1771681173082413
11231,1.3706740958496073
11232,21.697297566519133
11233,9.758014719124542
11234,5.951664070390027
11235,0.1380946605494697
11236,6.144397046109378
11237,2.3402583940712742
11238,2.9031985522213994
11239,1.9689084159897718
11240,14.493779035861541
11241,6.474294813418937
11242,3.9549531241950326
11243,0.08064278152520132
11244,4.5314892792971095
11245,1.6215768144671168
11246,1.9635220736611458
11247,1.3169987469236923
11248,15.17221754199921
11249,6.8114738572878135
11250,4.266558618082777
11251,0.0889572503753125
11252,4.748650470929374
11253,1.652786667925411
11254,2.096721517698474
11255,1.3163145041133888
11256,32.01723708962707
11257,13.76088801744082
11258,8.673802979561097
11259,0.19999138285759432
11260,9.51542080647918
11261,3.462655173086968
11262,4.283647271021203
11263,2.7917720555681216
11264,16.099977530909815
11265,7.303357306740671
11266,4.790485855711658
11267,0.08521968775780245
11268,4.970514362526569
11269,1.8116513078456027
11270,2.3165332752298293
11271,1.4917463617093734
11272,34.835155870087455
11273,14.71551144020196
11274,9.29810862802979
11275,0.22981501961960926
11276,10.050450394683947
11277,3.694924901869668
11278,4.7380615851874515
11279,3.099582255437135
11280,23.47300605124753
11281,10.304141935479366
11282,6.470738887632904
11283,0.14416711232596463
11284,7.0699855287927775
11285,2.6714318610385472
11286,3.26366368177734
11287,2.1366654798337676
11288,17.287442451988557
11289,7.563593030283737
11290,4.8631329734981446
11291,0.09275829834015047
11292,5.174438827319338
11293,2.0295325370117814
11294,2.310287062799026
11295,1.5316876133076298
11296,43.469840443718695
11297,19.830817734935824
11298,12.032314124587245
11299,0.25823370217200664
11300,13.09136235596709
11301,5.093557593190766
11302,6.336235827098056
11303,3.9847893290743426
11304,19.2157071353901
11305,9.240476593685518
11306,5.666578402724597
11307,0.12757003828288982
11308,6.047690530310917
11309,2.2311251012629945
11310,2.745134261456418
11311,1.7389910010144014
11312,25.155775778899702
11313,10.618721371794193
11314,6.799187667432599
11315,0.15908624305332522
11316,7.473103072815643
11317,2.8368989089444274
11318,3.418494077038821
11319,2.2055939830021067
11320,29.527452496381915
11321,12.501433843401427
11322,8.119913317978723
11323,0.19402757711832674
11324,8.900971194582912
11325,3.1998178986470425
11326,4.10008962651463
11327,2.54114660426352
11328,21.9601733577658
11329,9.569968696730234
11330,6.143160091578538
11331,0.13829460183380565
11332,6.409894152547125
11333,2.4400836027439796
11334,2.949799158468193
11335,1.9774075975799372
11336,23.928561815412465
11337,10.472395917440798
11338,6.471416743055007
11339,0.15440166506036165
11340,7.118692722056816
11341,2.564412527096707
11342,3.3092383125803195
11343,2.2906447352232275
11344,15.075824723029223
11345,6.801592035143482
11346,4.3509178156498765
11347,0.0914865915705301
11348,4.684152301530995
11349,1.6395581192941713
11350,2.1079715888975694
11351,1.3389602849822033
11352,35.114659727907586
11353,16.348756006212543
11354,9.948902539714323
11355,0.24040847477743424
11356,10.514305730976345
11357,4.002034909502573
11358,4.807288904915557
11359,3.3775004230422887
11360,14.280087925844168
11361,6.573887051043955
11362,3.9416795597451793
11363,0.0887891418856392
11364,4.139782532317444
11365,1.5082080680940502
11366,1.9105691984377418
11367,1.3110902323018134
11368,15.499831353190409
11369,7.011485204700273
11370,4.670609952565795
11371,0.09774958992459955
11372,4.777233078427565
11373,1.8522836464010826
11374,2.298045426416666
11375,1.4126062581124608
11376,24.029264707058957
11377,10.716168640623213
11378,6.349644262701171
11379,0.14222565724120415
11380,7.125222377005589
11381,2.6370355925366544
11382,3.2432989053484698
11383,2.150646404649071
11384,26.82817637261524
11385,12.352683877555856
11386,7.2111661769475175
11387,0.16502906847896695
11388,7.955968873113229
11389,3.1030018898209546
11390,3.7116547422758503
11391,2.5461963657914906
11392,18.39361388834262
11393,8.235766704145993
11394,4.941813176878688
11395,0.10123293222256853
11396,5.460500465010969
11397,1.9757648307668472
11398,2.561643839127932
11399,1.6501408853116826
11400,19.22047070510206
11401,8.702017598003689
11402,5.339182794354545
11403,0.10331952982890809
11404,5.736906732088114
11405,2.1019172429829913
11406,2.564201425896267
11407,1.714000114545852
11408,55.99421354895267
11409,27.26629328005892
11410,15.648505819175801
11411,0.4188343440947108
11412,16.767803554537426
11413,6.543166574928472
11414,7.879242548613583
11415,5.561470647027817
11416,15.338874393905062
11417,7.040658427195059
11418,4.612191603409737
11419,0.08783390088510244
11420,4.711450107896258
11421,1.827298998984454
11422,2.299225716479502
11423,1.5031354214859118
11424,17.669534749018396
11425,8.073137292819677
11426,5.05813944754832
11427,0.11142662912775733
11428,5.535533596645188
11429,2.08498370155295
11430,2.53630145887989
11431,1.6004622819043903
11432,20.993317075812037
11433,9.356166096734693
11434,5.978213184142256
11435,0.13324628117205128
11436,6.880917010168652
11437,2.4788408016604895
11438,2.894932046596783
11439,1.9941448527551136
11440,19.375077454455575
11441,8.713543938671622
11442,5.5369462432876
11443,0.10450272255842799
11444,5.86122470558008
11445,2.3038062300608235
11446,2.7644108154510243
11447,1.7833671198235443
11448,17.838809087913294
11449,8.015827272128407
11450,5.184483882489252
11451,0.10454286383345973
11452,5.406020396313187
11453,2.030279164029539
11454,2.5443812264676784
11455,1.6639821119577374
11456,15.738689426812085
11457,7.204556359647366
11458,4.617511069729683
11459,0.09964712984268172
11460,4.848996338731772
11461,1.8348508457224235
11462,2.304647878241613
11463,1.4221521161724633
11464,17.891094550335552
11465,8.000201775586444
11466,5.089245270267092
11467,0.10827663628356758
11468,5.322752185775515
11469,1.954256056824247
11470,2.4606488416070973
11471,1.5579009310570293
11472,17.15519974072596
11473,8.201680591074789
11474,5.070863869770072
11475,0.08963016704063238
11476,5.647044853953227
11477,2.044850400645019
11478,2.5751376253162643
11479,1.6741620206247783
11480,24.94410647485108
11481,11.213587947794645
11482,7.1416514131231335
11483,0.15742949336105463
11484,7.7468774146569075
11485,2.8826960778166666
11486,3.46631355500255
11487,2.2753312842049818
11488,29.75473415069464
11489,12.890118157991083
11490,7.828318363188017
11491,0.20154978834229206
11492,8.671135588209081
11493,3.168250004321252
11494,4.25208309579393
11495,2.6368943605570156
11496,14.996846235487734
11497,6.966297392289556
11498,4.287020093515961
11499,0.09044908497501686
11500,4.816318417159562
11501,1.772367770835595
11502,2.0522019396099784
11503,1.350369994656822
11504,21.555880100217337
11505,9.659630100312846
11506,5.887136816853303
11507,0.13256143953396682
11508,6.439040414964702
11509,2.384642604109993
11510,2.9736859273092553
11511,1.9942504452397412
11512,13.279755483714817
11513,5.65617162923208
11514,3.5558435995476243
11515,0.08525420024107194
11516,3.6955390788189346
11517,1.372035740115176
11518,1.7166989379447644
11519,1.145001194296249
11520,15.495697654830899
11521,6.921163695810837
11522,4.625574354053494
11523,0.09218825106674329
11524,5.034758194289102
11525,1.8036540683286582
11526,2.2478532219075227
11527,1.50645350449459
11528,17.640472404322725
11529,7.994523077466535
11530,5.036151482917635
11531,0.11238552419049143
11532,5.271335644967811
11533,2.039602054934495
11534,2.497658377145822
11535,1.6638261949544717
11536,19.70631978830601
11537,8.600467352797278
11538,5.712471438881126
11539,0.10033157868951534
11540,5.784549772607733
11541,2.262600373474625
11542,2.768411775291471
11543,1.8199738514319272
11544,26.788514822590923
11545,12.094073450784974
11546,7.489290848331985
11547,0.1673362494263751
11548,8.008611933130513
11549,3.0731523273597405
11550,3.930438981786211
11551,2.461546738418362
11552,15.297670157152048
11553,7.1998686924731
11554,4.5997072092290985
11555,0.08666500760222252
11556,4.996794976857435
11557,1.7716432302764353
11558,2.278637805168799
11559,1.5296309602204998
11560,42.269719217237665
11561,18.67374664821781
11562,10.997120633844059
11563,0.2555537780384259
11564,12.259009391355345
11565,4.831216013198131
11566,5.978964492030968
11567,3.6751189323443905
11568,19.786582077752534
11569,8.876864412957545
11570,5.573766898047525
11571,0.108043892579562
11572,5.838069244927282
11573,2.202791207997718
11574,2.7339348652811
11575,1.8576935601775533
11576,25.241299868122383
11577,11.92052603817532
11578,6.990780795343064
11579,0.1715485801239815
11580,7.802479195125686
11581,2.8299281440413573
11582,3.489903125868954
11583,2.2605953362227615
11584,38.1893550430821
11585,17.41428184363006
11586,10.325509082339096
11587,0.2618042450062543
11588,11.474391757187474
11589,4.308199992524848
11590,5.22286435879816
11591,3.5110965416375586
11592,32.65986392252408
11593,14.80692308290615
11594,9.360019360720745
11595,0.18239948353735394
11596,9.472566698024933
11597,3.6334907869973514
11598,4.422576493039225
11599,2.7303619977248017
11600,20.984822998494476
11601,9.30069939829872
11602,6.008538039744509
11603,0.1483755772650688
11604,6.280626032916038
11605,2.358685037384545
11606,2.9206335233126914
11607,1.9053315259128272
11608,15.240107872479218
11609,6.760406472451325
11610,4.235954251177952
11611,0.08388124668665353
11612,4.636740827255447
11613,1.7802664924258642
11614,2.188604058816416
11615,1.3181019722296934
11616,27.548171165052754
11617,12.427456485767303
11618,7.453525606910249
11619,0.16648816126646696
11620,8.047032224402962
11621,2.989962820627457
11622,4.1066448751093985
11623,2.4852275452517927
11624,21.860603543715005
11625,9.795147890884289
11626,6.174574660348849
11627,0.12345612007043706
11628,6.421015217131835
11629,2.4531823698076325
11630,2.8951697237660734
11631,1.9432772481747898
11632,15.66972836994082
11633,7.173208915778042
11634,4.5541579217624095
11635,0.0873276931273361
11636,4.908781949247774
11637,1.8046699717745815
11638,2.1999068970167475
11639,1.403437135559769
11640,22.192115823494238
11641,9.638002674750437
11642,5.913762496407072
11643,0.1428736670657636
11644,6.282751457771957
11645,2.3072423669166797
11646,2.9461660733494384
11647,2.026513817510916
11648,14.770704545407272
11649,6.353132689291839
11650,4.056216221362204
11651,0.09289865932340632
11652,4.324042981465294
11653,1.666280373025997
11654,1.9152354759414305
11655,1.2666755596062815
11656,15.332646700849548
11657,6.600837239300624
11658,4.208707096159453
11659,0.09253906154072024
11660,4.839450534915266
11661,1.6918281058989222
11662,2.155017431762042
11663,1.3052900180034566
11664,31.819242374518513
11665,14.044973028446119
11666,8.605509488898605
11667,0.17675494316432055
11668,9.067089303166535
11669,3.3761430102385805
11670,4.357390074177347
11671,2.7296113876531383
11672,16.271466741970332
11673,7.2413651316566074
11674,4.690960713296067
11675,0.09298018195029134
11676,4.887470856617305
11677,1.7839295226733043
11678,2.29041367820141
11679,1.4687677094884626
11680,35.888128989739855
11681,14.803736862936615
11682,9.437633371226744
11683,0.19988940968179988
11684,9.811463415017663
11685,3.641692884368093
11686,4.936949683449996
11687,2.8931396139617718
11688,22.993376707844504
11689,10.25152008797533
11690,6.584606080531313
11691,0.13963752854786948
11692,6.980756714561788
11693,2.658657684772457
11694,3.3326675098171195
11695,2.102790133900282
11696,16.70163896017003
11697,7.50624030590013
11698,4.814849919165822
11699,0.10723950166675522
11700,5.29056072872907
11701,1.9272115299343873
11702,2.3366740022515082
11703,1.545616251031717
11704,43.98385414738923
11705,19.42743948165821
11706,12.075628370205536
11707,0.2488210092983889
11708,13.08130453944857
11709,5.065260415705239
11710,6.086651600100703
11711,4.033553668690761
11712,19.161137537657837
11713,9.075564193423318
11714,5.780820755509906
11715,0.11592610089402085
11716,6.017972814337739
11717,2.291838712822307
11718,2.6962436197327797
11719,1.760675116768089
11720,25.80318219209951
11721,11.017730034721614
11722,6.808547397886681
11723,0.1823982853426971
11724,7.308129433674272
11725,2.894458166291371
11726,3.461286376152371
11727,2.2780624074834956
11728,28.45196157481325
11729,12.654241881396018
11730,8.040211058630115
11731,0.1721710267846381
11732,8.398718958997847
11733,3.280390051992812
11734,4.251789263310452
11735,2.6230230315336374
11736,21.559880246308783
11737,9.494697901794694
11738,6.114200018200041
11739,0.1400911022183773
11740,6.540730763024935
11741,2.480605469334137
11742,2.9886431557896835
11743,1.9614392876513675
11744,22.863751695797244
11745,10.745148734426008
11746,6.651792888644713
11747,0.14891817214914382
11748,7.082014764537274
11749,2.6580392736497935
11750,3.347944428195537
11751,2.238058652303105
11752,15.206231857264534
11753,6.644399483069199
11754,4.320845106099481
11755,0.09588871814689558
11756,4.658815887042864
11757,1.6769730173124775
11758,2.1475041753120654
11759,1.3384679729969724
11760,36.97005763663304
11761,15.969106629845449
11762,9.591274929056537
11763,0.23668437421744373
11764,10.266501171694324
11765,3.967098849114154
11766,4.834250283461592
11767,3.1703011666709355
11768,14.102325195009225
11769,6.446705263335464
11770,4.078566287980674
11771,0.09029288086991093
11772,4.061027404707289
11773,1.616714225922542
11774,1.9709091076313165
11775,1.3064250937223898
11776,15.578116682233038
11777,6.849787532324754
11778,4.605200908957642
11779,0.0987556283169385
11780,4.774380751506262
11781,1.8670607889824355
11782,2.198936770164006
11783,1.5085060260094758
11784,23.860950507931406
11785,10.177401609909126
11786,6.111210883167218
11787,0.14582264855996857
11788,7.093595660711249
11789,2.672519901581861
11790,3.165131423092268
11791,2.177897887924928
11792,25.898241022839624
11793,11.627239230073735
11794,7.037804401918394
11795,0.1652101782709301
11796,7.649712131003226
11797,2.9559506352401668
11798,3.8746057904313367
11799,2.5267417067679654
11800,17.630150021830204
11801,8.161847289254212
11802,5.048580083406132
11803,0.09741138918159993
11804,5.402167448319681
11805,2.029808690104232
11806,2.564834795846836
11807,1.6641003213103345
11808,19.938167339326025
11809,8.599139184074929
11810,5.555469878848773
11811,0.11159814921187336
11812,5.916220117050576
11813,2.294370384662148
11814,2.6304989453906114
11815,1.82098529469897
11816,54.492657736553255
11817,27.289514897861753
11818,15.338965923842204
11819,0.431981339732368
11820,17.099678694536852
11821,6.3798822769808075
11822,7.921157030559379
11823,5.115793239978911
11824,15.610390052109981
11825,6.8540353515814605
11826,4.641096672548342
11827,0.10052810716764776
11828,4.837798520906165
11829,1.774163371885719
11830,2.350564391485953
11831,1.416337640365934
11832,17.07506795184072
11833,7.971574302940137
11834,4.907068103896517
11835,0.09119605615855893
11836,5.28133066507081
11837,2.0310479514211504
11838,2.5294661228301414
11839,1.6304951674335948
11840,20.182559598014198
11841,8.96952357541681
11842,5.964182032178525
11843,0.11981476122968729
11844,6.558233418676309
11845,2.419603763004218
11846,2.844873487413421
11847,1.8686604291628883
11848,18.44066193412164
11849,8.593376853412677
11850,5.256059129549401
11851,0.0977779801686627
11852,5.682216945508591
11853,2.113300921052884
11854,2.7263063166607036
11855,1.673452305549775
11856,17.096456035481147
11857,7.477008505721394
11858,5.066186193991536
11859,0.09075593943652707
11860,5.130316586622863
11861,1.9426264543053944
11862,2.45516244537297
11863,1.5790183173728884
11864,14.578224763783384
11865,6.655031627920386
11866,4.424507312473908
11867,0.08036375892335454
11868,4.7482445419516335
11869,1.772240649477873
11870,2.2335453637275444
11871,1.4338362815503363
11872,17.57028296332527
11873,7.770708057526578
11874,4.987195163436964
11875,0.0837440551234971
11876,5.102177556034318
11877,1.8070930756527273
11878,2.464574367473117
11879,1.51711630814246
11880,16.651825416021893
11881,7.987069813869932
11882,4.840094341983413
11883,0.09294588263064404
11884,5.3260822999457735
11885,1.9767821777832595
11886,2.4430022176532935
11887,1.6319014987230869
11888,24.614378619411198
11889,11.066500765204527
11890,6.695988637968686
11891,0.12952723801983357
11892,7.29798022929924
11893,2.744771176861159
11894,3.307484706137052
11895,2.191205547755009
11896,27.88086082460523
11897,12.436061212266809
11898,7.533029231724041
11899,0.17033169106941617
11900,8.609248244164904
11901,3.1199303316338853
11902,4.0308734217753965
11903,2.5507007357726073
11904,14.256422915007692
11905,6.670470288064494
11906,4.164405627532167
11907,0.08486822639175504
11908,4.596150664836891
11909,1.70216452219826
11910,2.0604488891417883
11911,1.339419060995722
11912,20.550596391021177
11913,9.16248496027938
11914,5.662105096295863
11915,0.1268091375961821
11916,6.225028124468561
11917,2.336201217281626
11918,2.832771783700795
11919,1.8947645838075022
11920,12.358555320695078
11921,5.551319263652928
11922,3.4997880865942705
11923,0.06065904166019948
11924,3.43980324896443
11925,1.3290229014366046
11926,1.6358487649020645
11927,1.1188172969392858
11928,14.78600825315516
11929,6.675504976352807
11930,4.3852564218741
11931,0.07356160677108195
11932,4.6330784898710355
11933,1.7361011206538859
11934,2.189553998632156
11935,1.4070847462020852
11936,16.41773810274944
11937,7.627998277876747
11938,4.808023043059478
11939,0.07929899513601589
11940,4.9846490866627144
11941,1.9522102687253062
11942,2.377635941503433
11943,1.6003461848911529
11944,19.096980086296423
11945,8.507522915666728
11946,5.504171986088686
11947,0.10405237253743606
11948,5.780425270329376
11949,2.100860924114117
11950,2.6538938045304263
11951,1.8023959024232887
11952,25.456607445001172
11953,11.730473967596751
11954,7.00664404096509
11955,0.15612242045296107
11956,7.877820354279524
11957,3.0318337966325832
11958,3.663829988190367
11959,2.410415950923299
11960,14.551637068242961
11961,6.833022838064122
11962,4.41568835537103
11963,0.06933256845160456
11964,4.753239209019533
11965,1.7523223190201525
11966,2.149370060475055
11967,1.4786993573338865
11968,38.50620170074183
11969,17.80011366765444
11970,10.830487819706848
11971,0.23545571554145606
11972,12.072780877899966
11973,4.655516830711282
11974,5.770825845594253
11975,3.6731449140001784
11976,19.088561273549
11977,8.535570589287262
11978,5.326815399354379
11979,0.09131750769132337
11980,5.822628941942198
11981,2.1013377138475415
11982,2.616030348021319
11983,1.7229064232064706
11984,23.751174141041314
11985,11.475721739824007
11986,6.71289960921194
11987,0.12238836330050522
11988,7.258651385690536
11989,2.7018904370856207
11990,3.360373901665195
11991,2.2055877853585018
11992,35.89965936868687
11993,16.299448169450717
11994,10.06145871830415
11995,0.25143663871169886
11996,10.538065592725504
11997,4.232664818687433
11998,4.981690045853392
11999,3.352434548199059
12000,32.71489545064808
12001,13.773108952399125
12002,9.057654011893167
12003,0.16368615881595347
12004,9.590598459166008
12005,3.4720391962340633
12006,4.2851862208158975
12007,2.7246568134522864
12008,20.676955444063957
12009,8.899522664780827
12010,5.989410316571301
12011,0.12237159043035394
12012,5.978206272752594
12013,2.193608189174698
12014,2.8406027148210047
12015,1.833446625780447
12016,14.456943652788672
12017,6.560802329997624
12018,4.127842200422237
12019,0.0815830693779466
12020,4.413720579532393
12021,1.7325095264165389
12022,2.081185545714576
12023,1.3009283979657222
12024,26.98192414204005
12025,11.815308059982735
12026,6.980490625865779
12027,0.13435731166467255
12028,7.943158737962268
12029,2.888836069029453
12030,3.7959301708502986
12031,2.3183897543803442
12032,21.374137767580596
12033,9.38617890541645
12034,5.923371582899758
12035,0.10778061597518025
12036,6.195760372233196
12037,2.3563624979389854
12038,2.857643022856608
12039,1.8553840494120526
12040,15.23245736842598
12041,6.768966082464464
12042,4.385581060714389
12043,0.07108363696674301
12044,4.631839122273115
12045,1.8023284668962916
12046,2.104049885849409
12047,1.3172237038845431
12048,20.348460030895
12049,9.210947421209582
12050,5.724669637264995
12051,0.09799381816329561
12052,5.876884545338937
12053,2.2282345057655144
12054,2.7730265399904197
12055,1.8647370027117405
12056,13.490012640676873
12057,6.088709550130305
12058,3.800961288502516
12059,0.06508949240619116
12060,4.345764764373618
12061,1.5514156649499804
12062,1.8885245118114635
12063,1.2593466261524346
12064,14.249098814456136
12065,6.494145318951505
12066,4.1151194090567484
12067,0.08524612138553513
12068,4.60892703938206
12069,1.5848994299294015
12070,2.0328572814885795
12071,1.280558910310152
12072,30.234449581731443
12073,13.165811534640522
12074,8.368897834041938
12075,0.17264525316177018
12076,9.112436548290692
12077,3.331851806850512
12078,4.124942570564804
12079,2.669372173305744
12080,15.289787050421621
12081,6.922003604334587
12082,4.6087609298734495
12083,0.06667772485131822
12084,4.8071476677128375
12085,1.7079306015948723
12086,2.209318991868331
12087,1.4071946657017498
12088,33.74453563165366
12089,14.26849358395306
12090,9.079894523205011
12091,0.2199868983474175
12092,9.898425841214848
12093,3.5747654290086204
12094,4.638951656175206
12095,2.9881359855901994
12096,22.369434861191436
12097,9.82330530437084
12098,6.271767876727349
12099,0.1171969367694452
12100,6.792283328431299
12101,2.5686110486537936
12102,3.1528584369061985
12103,2.039243362048247
12104,16.130227310476876
12105,7.196690831115919
12106,4.693932868449432
12107,0.07529784552496577
12108,4.982908984042817
12109,1.9373812924379994
12110,2.219275885904152
12111,1.468510779652152
12112,41.2904454188026
12113,19.148916021133598
12114,11.8088914154772
12115,0.2391936933083785
12116,12.778186440133924
12117,4.9190234297421895
12118,6.177884565943581
12119,3.8728473429495627
12120,18.473474011020993
12121,8.735165302372634
12122,5.447559905879873
12123,0.0965525781074376
12124,5.795441103926574
12125,2.1085882763010018
12126,2.619358280644549
12127,1.6309825423089332
12128,24.062844340261286
12129,10.195653760544845
12130,6.584207518958015
12131,0.12800223326560006
12132,7.207767797724595
12133,2.7236730253516748
12134,3.295061397022083
12135,2.121898320755971
12136,27.78890150724654
12137,11.94692531483643
12138,7.828144217723185
12139,0.1596342792493025
12140,8.504110057889493
12141,3.0728470454614616
12142,3.9157073509727343
12143,2.432982813271112
12144,21.101564266164853
12145,9.100589363817003
12146,5.938813383100098
12147,0.11389632481248381
12148,6.146021958952773
12149,2.3356452502055123
12150,2.833317219902134
12151,1.8792037782778062
12152,22.700424336590803
12153,9.966969736720161
12154,6.239904762083071
12155,0.13055186533404
12156,6.816344169968108
12157,2.446126193002149
12158,3.168140761438663
12159,2.1898154563273033
12160,14.217936241843157
12161,6.503297827995557
12162,4.2369996904580365
12163,0.08437881885180348
12164,4.511254042302136
12165,1.5753790336127171
12166,2.0404524928022245
12167,1.2958862656978611
12168,33.1873250747116
12169,15.453171880334414
12170,9.627450372431683
12171,0.20719950204370158
12172,10.109115469269845
12173,3.825541718100404
12174,4.620273252432496
12175,3.2264835614532603
12176,13.510994592135239
12177,6.238022866349079
12178,3.79461127028583
12179,0.07704448242080128
12180,4.019274322909682
12181,1.4396524518980596
12182,1.8373349262822691
12183,1.2623510696062812
12184,14.814038375893258
12185,6.722348885254956
12186,4.545252155020619
12187,0.08325179314191047
12188,4.636451783415214
12189,1.7820172101437797
12190,2.223390730982337
12191,1.3652528958109797
12192,22.795646713059824
12193,10.2291083263416
12194,6.0923226630053975
12195,0.10954153379638144
12196,6.774575129031247
12197,2.498218448876878
12198,3.080297678323289
12199,2.0352172000278483
12200,25.511758574951504
12201,11.773935184470611
12202,6.948668418219226
12203,0.12853662338355518
12204,7.530009536118463
12205,2.991272495428531
12206,3.574933341130239
12207,2.450464496079242
12208,17.375158278300447
12209,7.857339014284569
12210,4.755484612873533
12211,0.07733349812422713
12212,5.249729856417799
12213,1.8635578958568735
12214,2.4554160416701807
12215,1.5488502372729567
12216,18.911188699212094
12217,8.569772963931737
12218,5.358041865884257
12219,0.0975228326723384
12220,5.695948651714257
12221,2.0564856551887623
12222,2.5420609284167996
12223,1.6689594893848714
12224,50.853982212704295
12225,25.014322970636822
12226,14.695933549288416
12227,0.33659080349501747
12228,15.471533709127089
12229,6.0849970974056875
12230,7.361852940416296
12231,5.188387893875966
12232,14.710434550398366
12233,6.72630412409679
12234,4.467802823801779
12235,0.07591901068422827
12236,4.5572467820361515
12237,1.7558756317416355
12238,2.218089463299276
12239,1.447063080550774
12240,18.381607251097865
12241,8.659673541872793
12242,4.971307467037339
12243,0.11454365945810549
12244,5.421481304464437
12245,2.0867132753568143
12246,2.4696362776270164
12247,1.6106202920733355
12248,21.93907057658915
12249,10.071466877245777
12250,5.8729944322752825
12251,0.1303438964637905
12252,6.838732387687111
12253,2.465267481024442
12254,2.8192249669798635
12255,1.9164913195402185
12256,20.17118088217287
12257,9.260290812903127
12258,5.456881917162569
12259,0.1272269663852796
12260,5.769016776526838
12261,2.2767635618292035
12262,2.7050433564071583
12263,1.7797083174094528
12264,18.741112304695104
12265,8.419297681610661
12266,4.990939973916456
12267,0.10944083539019499
12268,5.267464956429563
12269,1.9694427595244812
12270,2.491602592158375
12271,1.6336721658847264
12272,16.681040670775552
12273,7.484663927356028
12274,4.503561929793652
12275,0.1078641297687271
12276,4.828129928996683
12277,1.804395366570304
12278,2.1598958678374265
12279,1.4704900091276445
12280,18.5038027880438
12281,8.355088083128447
12282,4.807306463786314
12283,0.10371980026938102
12284,5.394736503273002
12285,1.8555848464094893
12286,2.4416960923535633
12287,1.5750792608137973
12288,18.247519099093015
12289,8.628677551209464
12290,5.010626907785752
12291,0.11128603406584664
12292,5.4394396463914445
12293,2.0000137816112935
12294,2.4946649814737683
12295,1.5977619634243025
12296,26.018145559607106
12297,12.008601485519293
12298,6.712671537645732
12299,0.1475114925876434
12300,7.391672723866869
12301,2.78396204346189
12302,3.2856633823493695
12303,2.147276365187962
12304,30.324826730456493
12305,13.604295398453512
12306,7.3396441657388385
12307,0.1872884052215885
12308,8.485471488894671
12309,3.257109619049283
12310,4.015014645973777
12311,2.679905999549523
12312,15.900554502058801
12313,7.456976776973369
12314,4.032957909295554
12315,0.09355804214399167
12316,4.702835743649279
12317,1.767152470482625
12318,2.013190077286708
12319,1.3860027678554736
12320,22.369721963894765
12321,10.231382143420591
12322,5.796580782819109
12323,0.15057172625496468
12324,6.430309324305798
12325,2.4129220302898
12326,2.8371586756716116
12327,1.9545749243749744
12328,13.431533603700087
12329,6.112194474529086
12330,3.438971010072799
12331,0.08329163297984649
12332,3.6657994901777573
12333,1.3639971541664342
12334,1.6275083932670222
12335,1.106145446227864
12336,16.47413767468809
12337,7.364303751634388
12338,4.399466185116426
12339,0.09081889503773767
12340,4.9497291791321825
12341,1.8184213833922773
12342,2.108267112967137
12343,1.4605243129191854
12344,18.19145999274575
12345,8.60088560371356
12346,4.924861211650616
12347,0.1117016436437603
12348,5.10441380445551
12349,1.9804321078183544
12350,2.351077458455327
12351,1.6683718481969434
12352,20.424121505818018
12353,9.285142546502092
12354,5.447390637225391
12355,0.12269500993310711
12356,5.713117642167688
12357,2.160584638726199
12358,2.670313418217893
12359,1.844861233088175
12360,28.311179119118684
12361,13.062058362861547
12362,7.269480633354206
12363,0.15812191038263193
12364,8.052812462317751
12365,3.0368341668805843
12366,3.722267746787795
12367,2.420054205156274
12368,16.48968371780011
12369,7.543826460650895
12370,4.501272310172456
12371,0.10055550695554205
12372,4.880371405432913
12373,1.792757940940181
12374,2.164041981972284
12375,1.5042929323150034
12376,42.798541992390156
12377,18.860566067764257
12378,10.839375149579293
12379,0.26331360080512733
12380,12.356648744338639
12381,4.690630440037346
12382,5.728893935264249
12383,3.6208873628707616
12384,20.887130617840697
12385,9.490834348812536
12386,5.195270904712683
12387,0.13006214723775503
12388,5.723776130707395
12389,2.1527740887879405
12390,2.6223349570815326
12391,1.7680757882350207
12392,26.434984641003762
12393,11.93640757066767
12394,6.6496354803799695
12395,0.15759016188779826
12396,7.502532414518805
12397,2.7759967904695904
12398,3.3909895628396454
12399,2.2197730757837895
12400,39.0954435073327
12401,18.5028416669441
12402,9.85139295524475
12403,0.27129062194580084
12404,11.296919641788017
12405,4.368723839515386
12406,4.924394521686703
12407,3.4207995860822678
12408,34.4974883260123
12409,15.2971220092289
12410,9.225570830705943
12411,0.1891154996098338
12412,9.393245346483308
12413,3.577620958192707
12414,4.452077785098833
12415,2.718063607675988
12416,22.793847951967948
12417,10.187094904810778
12418,5.840874916673616
12419,0.14671430904291033
12420,6.477367169814809
12421,2.277013980592924
12422,2.818333103888984
12423,1.8849773640591576
12424,15.722757774189265
12425,7.107358105170144
12426,4.186614139551673
12427,0.0975689154398423
12428,4.540943086444653
12429,1.7608811701701381
12430,2.0793442383191705
12431,1.3469543695128772
12432,28.274430056215298
12433,12.872391013655271
12434,7.205984189987422
12435,0.19172130145304625
12436,7.844643532488024
12437,2.9611050498735754
12438,3.761084022638963
12439,2.4594256487445016
12440,23.258048660627633
12441,10.265955359009594
12442,5.977741385545433
12443,0.13490827277892728
12444,6.449332678618734
12445,2.3847609410845805
12446,2.808078371801748
12447,1.9579912907718158
12448,16.62537726321342
12449,7.4445813119533675
12450,4.410642393472407
12451,0.09205203226518159
12452,4.915659622628213
12453,1.7869694828727989
12454,2.115068089782974
12455,1.4473383086179141
12456,22.187173665750368
12457,10.374466568956667
12458,5.884530609511666
12459,0.13278577562477537
12460,6.306014768845231
12461,2.3016145665665597
12462,2.7860477255093774
12463,1.9681308558715895
12464,15.033515187619097
12465,6.735265739130048
12466,3.8553883278224643
12467,0.08078738064864198
12468,4.394756820513049
12469,1.5955340846023378
12470,1.8634403318974404
12471,1.3176665900824478
12472,15.96119064832956
12473,7.2263411122556365
12474,4.129082321251044
12475,0.09011265772949822
12476,4.653670967628587
12477,1.647822833250269
12478,2.023363268634701
12479,1.3208883006809917
12480,33.12393344024624
12481,14.562735476697286
12482,8.626129073085822
12483,0.20047476501784467
12484,9.111585515502062
12485,3.372514108107655
12486,4.250706271466044
12487,2.696214310022693
12488,16.573151032905265
12489,7.673134535825427
12490,4.485740792570204
12491,0.1011502529637901
12492,4.723058673237146
12493,1.8321845486298982
12494,2.2671805738165034
12495,1.4842763729809374
12496,36.467345220565264
12497,15.512328240971526
12498,9.141682880856724
12499,0.23472512701595988
12500,10.053395745981659
12501,3.557800976278783
12502,4.702409211960283
12503,3.025659210180688
12504,24.134962927910202
12505,10.754288032884256
12506,6.113975691255638
12507,0.15846596013976308
12508,6.90403839124952
12509,2.5811122502348356
12510,3.1381501045350086
12511,2.0098358386467075
12512,17.511059457733605
12513,8.243313414804735
12514,4.754182266528689
12515,0.10408042847633309
12516,5.132506830537806
12517,1.9117231724649193
12518,2.2385592442126656
12519,1.470922477759269
12520,45.51549598770147
12521,19.431284140658764
12522,11.679548308272729
12523,0.28160319731876965
12524,13.16412450129891
12525,4.993542156418621
12526,5.872213824660516
12527,3.933549432251218
12528,20.151893351826757
12529,9.637264375398173
12530,5.5313086147827395
12531,0.12127834693112495
12532,5.879008925855958
12533,2.2464927767230938
12534,2.608543385762098
12535,1.7385014235719016
12536,24.738032020994748
12537,11.109795196912517
12538,6.7018780210227185
12539,0.15991428573616864
12540,7.074266225441552
12541,2.7323827239900664
12542,3.2726777499881585
12543,2.126427055530208
12544,30.308697978483938
12545,13.938962413378212
12546,7.8179723158476815
12547,0.2067622607224642
12548,8.316218383963601
12549,3.177032033728307
12550,3.911315797233253
12551,2.5382073469714688
12552,23.039422354767886
12553,9.989476975146003
12554,5.8247317839138
12555,0.13657768832269607
12556,6.422572728900299
12557,2.345492895657072
12558,2.922891095610747
12559,1.9878662031188836
12560,24.668336987942627
12561,11.14412003648286
12562,6.2572191148683
12563,0.16807479495898345
12564,6.974204338655756
12565,2.508623527938521
12566,3.1172758706475654
12567,2.195566013362389
12568,15.990827846010287
12569,7.067206066003851
12570,4.124555352836402
12571,0.09461782421156281
12572,4.462854589322625
12573,1.6026204605933825
12574,2.094494320820723
12575,1.3316085812964331
12576,36.96447344062859
12577,16.893160318432635
12578,9.488759034935388
12579,0.25723174357211276
12580,10.33149580577508
12581,3.8854147923576696
12582,4.663687788855931
12583,3.247001417439492
12584,14.774701180735375
12585,6.698473849355663
12586,3.830738442036604
12587,0.08742399648613355
12588,4.150164749093888
12589,1.5385638505557784
12590,1.8493031960711679
12591,1.3038549319341475
12592,16.37600375700021
12593,7.349358013020072
12594,4.402996452302672
12595,0.10072306072627277
12596,4.934002235073762
12597,1.8215638545460187
12598,2.178169316436411
12599,1.4395441913221152
12600,24.948235359412642
12601,10.71047328639752
12602,6.0675063849255295
12603,0.15435287838408956
12604,6.911430796840564
12605,2.556135385752606
12606,3.1003399852229636
12607,2.0610545477131104
12608,27.745941477615197
12609,12.400992851738193
12610,6.917294342487601
12611,0.1660083296989793
12612,7.898915570754193
12613,2.9533140613476863
12614,3.7145160527404353
12615,2.5351274870145475
12616,18.352957445928183
12617,8.480765822110914
12618,4.917793105259519
12619,0.110096383156754
12620,5.403587567316403
12621,1.9467309629540916
12622,2.438835467278753
12623,1.5689406239716057
12624,21.247704341426314
12625,9.347888858054407
12626,5.441723302350388
12627,0.11168687478493351
12628,5.763412651968777
12629,2.2733097739349315
12630,2.540806549449116
12631,1.7769033997360413
12632,56.45729127099888
12633,26.638628698523533
12634,15.496954052462746
12635,0.40386668851604246
12636,16.24659981688724
12637,6.391238546008189
12638,7.783882540985165
12639,5.346157866454129
12640,16.134393709227616
12641,7.220207346442123
12642,4.389488055115334
12643,0.08985147984437428
12644,4.8211920431516395
12645,1.8113547501898468
12646,2.2381103103133677
12647,1.4744070677024501
12648,12.97699507929267
12649,6.202924884716433
12650,2.47069791936457
12651,1.7670157503377248
12652,0.9129358828329086
12653,1.2035678368704046
12654,1.049898043941187
12655,1.1421299061030497
12656,14.702694492941983
12657,6.813847010496967
12658,2.8572781119519326
12659,2.1741716040437207
12660,1.1945185582657616
12661,1.3943403535541725
12662,1.1969082807732745
12663,1.3267600286350765
12664,14.14184201560705
12665,5.946010674657006
12666,2.642730400434501
12667,2.0024823407095993
12668,0.9705462374717915
12669,1.3239396268722694
12670,1.178099092096504
12671,1.246576122914156
12672,13.277505167102781
12673,5.785659075097518
12674,2.4417864263527607
12675,1.8840293933489567
12676,1.0070258195880748
12677,1.1931238475907395
12678,1.0882810728233825
12679,1.1551188041575537
12680,11.203644238131492
12681,5.129328832578179
12682,2.144051084494241
12683,1.6401227400530387
12684,0.8960931049149415
12685,1.0790969907382495
12686,0.9333702688868287
12687,1.0838993849415444
12688,12.950050083166596
12689,5.9329141231989855
12690,2.2463028806514806
12691,1.8077123298616953
12692,1.0188529726117375
12693,1.1734838936956324
12694,1.0644084722426517
12695,1.158634250508909
12696,12.502952195404871
12697,5.830161606581484
12698,2.401863339997107
12699,1.8392005144137815
12700,0.8910325415659042
12701,1.1871523747985107
12702,1.0404011971733762
12703,1.15052311851854
12704,18.624648875119483
12705,8.20029734336176
12706,3.195384298056034
12707,2.652013342751728
12708,1.411225879951798
12709,1.7418120668906252
12710,1.4852389989588928
12711,1.6449218773274392
12712,20.781215726845687
12713,9.439403250323867
12714,4.009886818879458
12715,2.865621450213756
12716,1.523974945115179
12717,1.8445577909717312
12718,1.612793062554052
12719,1.8035735196606264
12720,10.384661959660122
12721,5.173528888444682
12722,2.0087474751115084
12723,1.49216189862933
12724,0.8849048636011091
12725,1.0410326949563034
12726,0.8942930833565977
12727,1.0250579858068356
12728,15.430827391867728
12729,6.89227144188409
12730,2.897682414696255
12731,2.1737570933236103
12732,1.0963012732413233
12733,1.3943663098071577
12734,1.248774751585774
12735,1.3503509950544483
12736,9.140970619492926
12737,3.8200656658619527
12738,1.728884009494288
12739,1.3494559945849425
12740,0.7237486167466997
12741,0.8975029750417205
12742,0.7600985668662755
12743,0.8715509794860647
12744,10.942362272612009
12745,4.912422730099192
12746,2.1905206739071215
12747,1.6108080917237138
12748,0.8784429820880297
12749,1.0525728423058112
12750,0.9297787749524615
12751,1.0562967686927318
12752,12.224105088747244
12753,5.9549777052493855
12754,2.3216446190983184
12755,1.7812114425335404
12756,0.9187583894565474
12757,1.1551422948948111
12758,1.04321651265513
12759,1.1434533703343164
12760,14.115396703887333
12761,6.24524551050442
12762,2.833494401766175
12763,2.000914100259376
12764,1.0244625071197908
12765,1.2995435722327864
12766,1.1580881863186259
12767,1.245047321997034
12768,17.84196565739713
12769,8.646628179482828
12770,3.7828933081112313
12771,2.766494725176928
12772,1.4604420316798317
12773,1.8300416313668961
12774,1.5604131387719995
12775,1.7023456198421067
12776,10.40662904109763
12777,5.001914095202323
12778,2.2200793373779644
12779,1.5681750579959741
12780,0.8830006964618783
12781,1.0543095608756734
12782,0.916124445255162
12783,1.074409069478221
12784,31.713002382240056
12785,14.211786029667614
12786,5.782371932259903
12787,4.0901966206545115
12788,2.514619914791064
12789,2.8544194197126775
12790,2.2226858413174795
12791,2.5920368036910464
12792,14.02743741209819
12793,6.516011693821819
12794,2.5373810898451254
12795,1.9831071181518234
12796,1.0347307264662675
12797,1.2872840941090502
12798,1.0987164269182867
12799,1.2674926663544719
12800,17.261475452326373
12801,8.626944865767046
12802,3.3993309321553764
12803,2.6850024374287726
12804,1.3990360922053695
12805,1.5839216902698672
12806,1.4564097776266702
12807,1.5613188450157072
12808,27.020390531069584
12809,12.442791648080062
12810,4.695005762587734
12811,3.6845690766846637
12812,2.2311318366217763
12813,2.3992589912777693
12814,2.003879815443796
12815,2.4124457165505793
12816,23.430891462265215
12817,10.91367877975455
12818,4.072573143004448
12819,3.4127019427932974
12820,1.8476151355614048
12821,2.1246133584042015
12822,1.77556094981981
12823,1.9982455101275698
12824,15.760473103339756
12825,7.103129361953149
12826,2.937790270984509
12827,2.197251779268607
12828,1.202776691054509
12829,1.414226274644514
12830,1.2098703824677925
12831,1.3387163044341779
12832,10.882934946260246
12833,4.912614909563337
12834,1.9703624132672104
12835,1.5632128245783015
12836,0.8471691796961007
12837,1.0602597373015512
12838,0.9102367425527339
12839,1.0185901167707958
12840,19.339275369453006
12841,9.290160106679906
12842,3.772048197608623
12843,2.7618878848314576
12844,1.4259915309447275
12845,1.7152478459107363
12846,1.5888603222827735
12847,1.7255985990564573
12848,16.139484866551182
12849,7.233379325335884
12850,2.7891655466010064
12851,2.159824394519624
12852,1.1421437448528378
12853,1.4189662008111759
12854,1.2317608992824909
12855,1.330161364095643
12856,10.890047451899816
12857,5.220017802155694
12858,2.165643126988866
12859,1.5635431705836833
12860,0.8562740617643904
12861,1.0506371724822268
12862,0.9178851040500302
12863,1.0635897064981066
12864,15.476988532024471
12865,7.1855460103873545
12866,2.932011955300317
12867,2.24368071054937
12868,1.0863351266747796
12869,1.369565757877707
12870,1.2652969913500085
12871,1.386817824385418
12872,10.194212791630436
12873,4.6114048621113115
12874,1.893518843665768
12875,1.484442218785405
12876,0.7961495298454668
12877,0.9790639675114822
12878,0.8478146226280849
12879,0.9676049332710949
12880,10.707931131275748
12881,4.793172864855725
12882,2.005908150141518
12883,1.4937233771313327
12884,0.8334047946025
12885,1.020827899601251
12886,0.8938850225747651
12887,1.0208111019744366
12888,21.861740423595897
12889,9.926408277687148
12890,3.7641205790908576
12891,3.137000295334774
12892,1.7932081775007358
12893,1.9313226438973432
12894,1.7322081614871667
12895,1.9826957533587144
12896,11.846053693462798
12897,5.0105439291080565
12898,2.192863120878485
12899,1.6152896475447893
12900,0.8636909921751201
12901,1.0508512938699541
12902,0.9522502965894206
12903,1.0583183200417141
12904,25.56716696173709
12905,10.991191442747377
12906,4.961341227626351
12907,3.1774806070697568
12908,1.81036837775878
12909,2.1330040173969893
12910,1.8470233094209707
12911,2.048721872792782
12912,16.310991346277383
12913,7.128295146104207
12914,3.264751615619065
12915,2.3221371347986484
12916,1.2484422307559526
12917,1.5542867698557143
12918,1.3161804030222863
12919,1.4351529511663166
12920,12.03085716070369
12921,5.594658805515992
12922,2.3180948505551973
12923,1.715656566733666
12924,0.9343767946916932
12925,1.1041622815092362
12926,0.9772814169344743
12927,1.099362689438469
12928,34.58562586743679
12929,14.251237328865
12930,5.893823272898405
12931,4.341551813544779
12932,2.781202277391697
12933,3.0080369540070553
12934,2.416454752983074
12935,2.8500165250110436
12936,13.577797311335187
12937,6.395777607586382
12938,2.660608803660716
12939,2.006506863282553
12940,1.013002738870591
12941,1.272268612993174
12942,1.0969350925985588
12943,1.2335000926152195
12944,18.010778617392216
12945,7.84819413190701
12946,3.1431607175436493
12947,2.5184425785839806
12948,1.3658985307320253
12949,1.6434182464906149
12950,1.3683278113104742
12951,1.5307665136426958
12952,20.200919164214508
12953,9.115591546600765
12954,4.060482899349175
12955,2.916708562454825
12956,1.6083099379209471
12957,1.9499212970697906
12958,1.7467354092895646
12959,1.834541194681004
12960,15.634486716215367
12961,6.551201504046496
12962,3.016969485536181
12963,2.2170275728766455
12964,1.131618559280835
12965,1.4367559894205304
12966,1.2714264947461273
12967,1.3389904973145368
12968,16.705926897029208
12969,8.043420386644199
12970,3.228561160948898
12971,2.282679518607426
12972,1.3151052037249384
12973,1.4882491674525824
12974,1.29118380339591
12975,1.455164454576386
12976,10.559358098913137
12977,4.847286182624625
12978,2.0669983481936973
12979,1.5028771484115662
12980,0.8228680274769216
12981,1.009820958900225
12982,0.891932313020888
12983,1.012733814881865
12984,25.958188335033046
12985,11.761609639822177
12986,4.802206213348722
12987,3.7589765028583457
12988,1.9595068738999886
12989,2.2851594367763055
12990,1.7699710635385348
12991,2.2355327996848793
12992,9.9164311431207
12993,4.497403952220226
12994,1.9120368915755175
12995,1.4493894614973273
12996,0.7960947404218909
12997,0.9867077275641845
12998,0.8303054393503766
12999,0.9684049419652634
13000,10.97888952226168
13001,5.113450288093246
13002,2.155384526330012
13003,1.6158270621373065
13004,0.8931860388886267
13005,1.0896204580469933
13006,0.9202173969795149
13007,1.0717794730315613
13008,16.568778234089862
13009,7.399440133554001
13010,2.8476184233702058
13011,2.332446620195783
13012,1.2554142950017992
13013,1.5569315811618278
13014,1.334456319494331
13015,1.475980369189737
13016,18.090540661184736
13017,8.452920494534245
13018,3.6301089849201595
13019,2.6576624518863072
13020,1.3611040245349584
13021,1.7871897476706524
13022,1.722005709445974
13023,1.7685138025720284
13024,12.444978597037915
13025,5.930846789258006
13026,2.405754055712507
13027,1.897799928808343
13028,0.9952537006171912
13029,1.236788002279697
13030,1.078008250867379
13031,1.2099373378118174
13032,13.746215036226577
13033,6.171204355389835
13034,2.745865846617928
13035,2.0293386788550127
13036,1.0493573566191514
13037,1.312886712606917
13038,1.0837448702769725
13039,1.2469109206415925
13040,42.391623756714715
13041,19.314065933768745
13042,8.19346571412577
13043,4.71881653287999
13044,3.8675802812763673
13045,3.76631193932235
13046,3.0368174457550436
13047,3.4551668056526794
13048,11.164491330936878
13049,5.037978386166625
13050,2.128987294139777
13051,1.659093474802603
13052,0.8827276694704713
13053,1.0562182874423651
13054,0.9586657039005108
13055,1.0578590882552197
13056,19.01085535867217
13057,8.746211657782045
13058,4.145627267233487
13059,0.4001324102196695
13060,4.241666875138572
13061,1.7791172778648314
13062,1.939890042246777
13063,1.4556320161399148
13064,22.177141585837898
13065,10.011603015510358
13066,4.901114251994694
13067,0.4588345510604959
13068,5.314647261903419
13069,2.092162647246298
13070,2.347196881954255
13071,1.7298692444813388
13072,20.30891749274155
13073,9.362831393296842
13074,4.404522838614643
13075,0.40989459245966314
13076,4.6467397996902795
13077,1.8030642558847072
13078,2.083209873630557
13079,1.53891380465408
13080,19.103052569977994
13081,8.474215734959046
13082,4.174049151486324
13083,0.3650656449062498
13084,4.118023320237147
13085,1.7062824826801715
13086,1.9131808027800015
13087,1.4355332024638467
13088,16.97808976747059
13089,7.559123137648877
13090,3.668967836314946
13091,0.34807578843436293
13092,3.876548301011484
13093,1.5268162769185514
13094,1.7339119386736979
13095,1.298382678584369
13096,19.075169853273415
13097,8.318276393878945
13098,4.108059718382321
13099,0.34118392498933225
13100,4.321388794543918
13101,1.6258805494117674
13102,1.9299337072314606
13103,1.3495595531545244
13104,18.86894341880045
13105,8.64093425495899
13106,4.10493649583933
13107,0.3763318307771958
13108,4.3835967469317865
13109,1.710084515738183
13110,1.9156410813608005
13111,1.452574768425325
13112,26.722340247917554
13113,12.410456518810923
13114,5.836037476795596
13115,0.5072538938513845
13116,6.253003321768467
13117,2.385352323655632
13118,2.6649028958502536
13119,2.0310447730241505
13120,30.794872317779756
13121,13.894803014802829
13122,6.304445708372489
13123,0.6151920506205196
13124,6.978199515840642
13125,2.7874861254978724
13126,3.169914529986347
13127,2.332041784506181
13128,16.3317682961432
13129,7.694924568482744
13130,3.4408627379121586
13131,0.3131732118286943
13132,3.7405270324588122
13133,1.4843395212927781
13134,1.5703892432565572
13135,1.2567593005044635
13136,22.3222291005549
13137,10.450058804312627
13138,4.90179143503756
13139,0.4529849702413458
13140,5.20098869980817
13141,2.0600736433937974
13142,2.2711695880802334
13143,1.7366855301492543
13144,13.874636388941434
13145,6.069239572688309
13146,2.9789755948586256
13147,0.30034126606207573
13148,2.920929296110964
13149,1.220680587947821
13150,1.273267760112886
13151,1.0036541201132623
13152,16.06840372435883
13153,7.476394067637772
13154,3.676159807856146
13155,0.33934460295595564
13156,3.924686229306934
13157,1.513678629868179
13158,1.6943223401060539
13159,1.308433087315611
13160,18.394454412687438
13161,8.688917665506315
13162,4.018914785591355
13163,0.38565623143741196
13164,3.996899619237153
13165,1.6632003772064468
13166,1.8757782946379848
13167,1.437062507140441
13168,21.025626172007783
13169,9.462893367419811
13170,4.5158784854074785
13171,0.4140924687439932
13172,4.746746726571615
13173,1.8307372435767277
13174,2.0840059686599934
13175,1.5998379256142419
13176,27.706496258144814
13177,13.217342237626204
13178,6.077019411992311
13179,0.57567581981209
13180,6.464741461763089
13181,2.6053745843311704
13182,2.998000226835006
13183,2.1766590785875573
13184,16.22216581060769
13185,7.630836372500019
13186,3.6410536500197392
13187,0.3294201226263908
13188,3.757144454700581
13189,1.5386371740756113
13190,1.680685946072713
13191,1.3357671794143875
13192,43.684073100633086
13193,19.532941737194434
13194,9.376939035036779
13195,0.8582492145151477
13196,9.962998705926616
13197,3.9332413667804533
13198,4.6311688400035225
13199,3.2349945772611464
13200,21.23742260582984
13201,9.62888158052171
13202,4.372742501830055
13203,0.41510611734033565
13204,4.6411866388927825
13205,1.8373202130825146
13206,2.080369087557078
13207,1.5728786428466333
13208,26.402886788473932
13209,12.27390655738643
13210,5.611398766660876
13211,0.5018660332645041
13212,5.92139597914944
13213,2.372445767517682
13214,2.7656712660767346
13215,1.9567939009191773
13216,39.95799951545757
13217,18.27145958506851
13218,8.417680841993873
13219,0.7850092521932572
13220,8.972642892094706
13221,3.6704568755561344
13222,3.9733825900830415
13223,3.0481242516589804
13224,34.273765915032065
13225,15.155029200478348
13226,7.386443574339612
13227,0.673671637316976
13228,7.514079385835838
13229,3.0595231219930876
13230,3.434347881815643
13231,2.5282016312167506
13232,22.592097711325614
13233,10.176176411428699
13234,4.765488372583782
13235,0.46485646693732663
13236,5.05149422993477
13237,1.9360804912081697
13238,2.2636021244645126
13239,1.6782951570216886
13240,16.223440457827127
13241,7.139795225170173
13242,3.3701962281490814
13243,0.32175695055191483
13244,3.6778504756248735
13245,1.4872082290353918
13246,1.653187244667606
13247,1.209895458310345
13248,29.298723285828363
13249,12.74557779809398
13250,5.947145681247409
13251,0.571007453074143
13252,6.531399549465631
13253,2.6429879612435254
13254,3.0278736944494176
13255,2.119097791115132
13256,22.717287474507916
13257,10.164026672768095
13258,4.940450173291063
13259,0.447971420771206
13260,5.079877917062072
13261,2.076458122228132
13262,2.2214758922399342
13263,1.7438288591691133
13264,16.516120166298627
13265,7.656301366096559
13266,3.719571252789776
13267,0.32820934254198764
13268,3.7855497503280113
13269,1.5426315210203132
13270,1.6927255011867572
13271,1.2910131395444893
13272,22.471863249734305
13273,10.529313534224082
13274,4.874152917763675
13275,0.4599657089173017
13276,4.880283770760582
13277,1.9334509967896794
13278,2.261250743230928
13279,1.729036576375202
13280,14.987569317928791
13281,6.515601128252722
13282,3.2099542927150235
13283,0.3348756366471808
13284,3.4261050178849137
13285,1.396106630503894
13286,1.41905896510914
13287,1.128418660859525
13288,15.990185843925415
13289,7.062629650720919
13290,3.4463285668395636
13291,0.329259156779505
13292,3.706594129914408
13293,1.3987813608756445
13294,1.6284818554872522
13295,1.2042529802287834
13296,32.27745210925673
13297,14.066513738425234
13298,6.851446159354337
13299,0.6427345793305909
13300,7.430223278572568
13301,2.8402114760164943
13302,3.322241591912645
13303,2.4039903974019756
13304,16.71961062840942
13305,7.795291465966776
13306,3.6676315850847425
13307,0.32632998339613645
13308,3.773104603110782
13309,1.5171874795460383
13310,1.7347793724296428
13311,1.293929083857074
13312,36.70003914228055
13313,15.576897563787227
13314,7.759532908283304
13315,0.7276175867860201
13316,7.97986677514857
13317,3.083403890528405
13318,3.6266604092103925
13319,2.763181408148225
13320,24.798301149210545
13321,11.297658151870229
13322,5.366324618597364
13323,0.47177406127680793
13324,5.564818524842047
13325,2.275053238528134
13326,2.5468857030390053
13327,1.829667000982527
13328,18.224681787258422
13329,8.367657235768302
13330,3.900416788305629
13331,0.3569236631702428
13332,4.000763127652961
13333,1.620094483448348
13334,1.7738700954099746
13335,1.373846153269365
13336,47.97712367272203
13337,21.245656581674986
13338,10.031957326041018
13339,0.8744687284412528
13340,10.523687995013097
13341,4.3552159248279025
13342,4.748896816816815
13343,3.5916055265432414
13344,20.448992416900225
13345,9.533348416251982
13346,4.458476869004604
13347,0.41028651934441673
13348,4.6782514546784695
13349,1.88845430483902
13350,2.0516693789148754
13351,1.544036828336068
13352,26.559443898468988
13353,12.024004131650887
13354,5.48357621869484
13355,0.49033271354866353
13356,5.97461103977177
13357,2.3669556978284816
13358,2.5667044461045085
13359,1.969699851902702
13360,30.73447732224843
13361,13.54458817651217
13362,6.439605967617467
13363,0.584365419714975
13364,6.7673432477417155
13365,2.73003089084312
13366,3.1909564797697567
13367,2.2665622196842063
13368,23.254626196897227
13369,10.263279369023929
13370,4.773394369138435
13371,0.4533387498670543
13372,5.173842988960347
13373,2.0258454132999266
13374,2.2408420356681735
13375,1.7651463969457932
13376,24.27877423280602
13377,11.204324806535285
13378,5.307051700799964
13379,0.4776438459208874
13380,5.649275590533049
13381,2.1281168061459423
13382,2.5240119365559943
13383,1.8819845185202073
13384,16.05752612406538
13385,7.277403891415282
13386,3.532169227286833
13387,0.329143726633758
13388,3.733201785660252
13389,1.377080851510837
13390,1.6491613257657856
13391,1.2085635315232033
13392,37.133425833828476
13393,17.13351165477795
13394,8.10836641980632
13395,0.7767522364840845
13396,8.180360352075438
13397,3.402847199459565
13398,3.804897150834259
13399,2.8316006661437787
13400,14.963385558435512
13401,6.673719892353711
13402,3.2485771541197357
13403,0.3034211666911998
13404,3.404844201573512
13405,1.3527374634308922
13406,1.5091181200690282
13407,1.1850497773773319
13408,16.6115321695056
13409,7.429791423257113
13410,3.705627199737323
13411,0.3311267272033015
13412,3.749865817667882
13413,1.5071378985645074
13414,1.7143882202057612
13415,1.3037765393744203
13416,24.823214983631505
13417,11.096746265176918
13418,4.995325518073252
13419,0.46156415535706946
13420,5.549772246759287
13421,2.19862715097436
13422,2.502171663227131
13423,1.898992060809837
13424,27.97898827306083
13425,12.940619146558118
13426,5.87368891519868
13427,0.49567282387077743
13428,6.347029415746808
13429,2.5653477087379177
13430,2.88172183526605
13431,2.266821270391844
13432,19.008893155267224
13433,8.944610926645945
13434,3.9380024533066282
13435,0.35713064028253655
13436,4.282160557349941
13437,1.7134916770950277
13438,1.9284746442913647
13439,1.48535909597214
13440,20.395434267452814
13441,9.494927650645502
13442,4.504810482733051
13443,0.4186249483372818
13444,4.50678979169916
13445,1.83713786534547
13446,2.0364809569796156
13447,1.5861764226407902
13448,58.23674972213297
13449,27.0976698811149
13450,12.837269624747954
13451,1.0861304889516272
13452,13.535557338979931
13453,5.554394689122967
13454,6.092688953829937
13455,4.65027103439176
13456,16.965245536896116
13457,7.468440310105308
13458,3.731426316049091
13459,0.3398779474756313
13460,3.809971670553951
13461,1.523034915462508
13462,1.7932009533016806
13463,1.255877229693236
13464,17.555920388095316
13465,8.160506036876184
13466,4.891303136962201
13467,0.10669284169257809
13468,5.286696271532024
13469,2.0692592937082477
13470,2.5550990009924703
13471,1.659583435164906
13472,21.20486997284207
13473,9.301431461858416
13474,6.072096268203754
13475,0.14411521167371966
13476,6.731970245690072
13477,2.494868586866966
13478,2.9108221233319926
13479,1.934572234296316
13480,19.101051015802078
13481,8.93611050100894
13482,5.361817048510794
13483,0.12225536894452298
13484,5.855807904887464
13485,2.187479403356194
13486,2.789894168320524
13487,1.7357882345419715
13488,17.97166150798231
13489,7.7964995188433805
13490,5.131012432813704
13491,0.096930841040743
13492,5.241587099661325
13493,2.0001201202688494
13494,2.519982249562994
13495,1.6188003454167348
13496,15.215308135880642
13497,6.94364203002547
13498,4.503011654907738
13499,0.0900453251836013
13500,4.866514255392769
13501,1.8245898773518332
13502,2.2848241540048546
13503,1.4707543132902021
13504,18.007695114493934
13505,7.948703865598333
13506,5.063475872308251
13507,0.10051571875988152
13508,5.217172773675752
13509,1.8718767005878616
13510,2.5198688715244493
13511,1.569907119000141
13512,17.515309912718404
13513,8.351538967326032
13514,4.9455125283063275
13515,0.10716128485654992
13516,5.482593347836751
13517,2.0420913082887373
13518,2.521037253652458
13519,1.6862237164766327
13520,25.498456323716358
13521,11.452381331751361
13522,6.808468663226253
13523,0.14413569392993733
13524,7.5044583325664345
13525,2.78817520895337
13526,3.3870725917352074
13527,2.2473930722845408
13528,28.881447798127468
13529,12.95042374554197
13530,7.642082510787979
13531,0.19908240983530662
13532,8.660553871765067
13533,3.200625278919837
13534,4.118951098566206
13535,2.6272727313418764
13536,14.837509058519682
13537,6.9889196348419125
13538,4.235337687950014
13539,0.09247371351801079
13540,4.720021463024394
13541,1.7516111686470577
13542,2.1190915413419873
13543,1.3779701189335365
13544,21.3228751604163
13545,9.483061524069253
13546,5.740655520604325
13547,0.14189380151100342
13548,6.371835238022393
13549,2.3979029345356704
13550,2.8974686273540984
13551,1.9458396867227576
13552,12.892826855447794
13553,5.664743424103443
13554,3.51974018670969
13555,0.09054577186604942
13556,3.519508780470708
13557,1.400549684694307
13558,1.7271679756467344
13559,1.1597715317786117
13560,15.355207235001254
13561,6.963168413039424
13562,4.434536739678905
13563,0.07906683090662613
13564,4.713133725298603
13565,1.7833608400260836
13566,2.2308688838792525
13567,1.4425322257961437
13568,17.087716402560808
13569,7.894553556344676
13570,4.906681183100321
13571,0.09489079221587574
13572,5.114056580647646
13573,2.025452612867974
13574,2.4507358040492693
13575,1.6640220250382456
13576,19.81755374239758
13577,8.820207286142734
13578,5.597063724520321
13579,0.11812549425744476
13580,5.918522809134856
13581,2.1669735301054436
13582,2.7297930492543125
13583,1.8552210803813596
13584,26.825106301677348
13585,12.273489684140754
13586,7.171696240834671
13587,0.18259843747749585
13588,8.057805383430754
13589,3.1276033426108447
13590,3.7726794716567498
13591,2.5049720712363395
13592,15.260300938717942
13593,7.111469371945562
13594,4.511293458700875
13595,0.07821355674911414
13596,4.838443131217421
13597,1.818912480594207
13598,2.208357051379215
13599,1.5315575107044774
13600,40.407981912738855
13601,18.41869108781645
13602,10.910426622358822
13603,0.25592705120537507
13604,12.581142633408794
13605,4.727611753413092
13606,5.855409150754304
13607,3.735021169771963
13608,20.306390656492482
13609,8.94053722595996
13610,5.43938936222531
13611,0.10812690876787934
13612,6.019032008387476
13613,2.166487632301963
13614,2.6991416000212163
13615,1.7702418764198948
13616,25.026622335878184
13617,11.870090583308686
13618,6.862143178387879
13619,0.1390768629443063
13620,7.478777999682752
13621,2.768097866646192
13622,3.448411110428138
13623,2.2535383237289293
13624,38.13975692521769
13625,16.965837829191237
13626,10.237399637412024
13627,0.279822555984651
13628,11.01472658582643
13629,4.334819086227184
13630,5.0796705240525055
13631,3.4408343412785753
13632,34.22937303263586
13633,14.331698093336867
13634,9.274936699993987
13635,0.1908159159575091
13636,9.926756563863393
13637,3.5755777857762134
13638,4.417009124719702
13639,2.818920475562557
13640,21.402617792231585
13641,9.161275565121768
13642,6.033664282358797
13643,0.14524965088484967
13644,6.103224304929843
13645,2.271216249350353
13646,2.9019532146505176
13647,1.902001578908637
13648,15.10034852587767
13649,6.85206263443999
13650,4.194632856570818
13651,0.08782626112707649
13652,4.5074792628457425
13653,1.7788012912883608
13654,2.1243727497927227
13655,1.3279788416882865
13656,27.821053526722512
13657,12.207779004544415
13658,7.1676807933708595
13659,0.164069591100611
13660,8.188541627502296
13661,2.9774687135954845
13662,3.9146430056966923
13663,2.4008083174355
13664,22.143972277540563
13665,9.810018102080148
13666,6.026867194442662
13667,0.12788625597211872
13668,6.336161876475761
13669,2.443656816988696
13670,2.9380539555946132
13671,1.9279483117403313
13672,15.910917436665565
13673,7.068262780460279
13674,4.456049254187433
13675,0.07918752968124977
13676,4.7230139479247075
13677,1.8559588524369568
13678,2.15317435584476
13679,1.3550124351848207
13680,21.24816140743874
13681,9.635529342696936
13682,5.898465625783446
13683,0.14055876504577514
13684,6.094865324747
13685,2.3335834649576883
13686,2.8920397254670687
13687,1.9695212193295895
13688,14.202709246016505
13689,6.451780783197036
13690,3.9020045927571254
13691,0.09175837709182338
13692,4.4845193950644235
13693,1.6046687072060943
13694,1.9514445756693521
13695,1.3185509666627813
13696,14.912738491021258
13697,6.756300060361141
13698,4.199331307401927
13699,0.09098955185378915
13700,4.71884552212532
13701,1.6334121128339578
13702,2.087348218980031
13703,1.309902174715996
13704,30.838598281055006
13705,13.61993755604813
13706,8.442989877770563
13707,0.18859239774048978
13708,9.363252052572482
13709,3.3896614777256575
13710,4.165263125208524
13711,2.7374140940679283
13712,15.772491183628464
13713,7.137804595299619
13714,4.70823174615777
13715,0.08150465706020564
13716,4.905943728602857
13717,1.7830307902398719
13718,2.2765538033469137
13719,1.4694084465520767
13720,35.29480932002928
13721,14.881860189984463
13722,9.300440267242072
13723,0.2425041764937312
13724,10.215002082375838
13725,3.7014069353852
13726,4.7546903533711875
13727,3.093885337240298
13728,22.91824993119231
13729,10.071267179619156
13730,6.334630350431459
13731,0.14219618840398107
13732,6.9406037116700166
13733,2.6196699907657797
13734,3.2132809367529207
13735,2.1000408895477998
13736,17.042709408046225
13737,7.494081566140215
13738,4.816706758814062
13739,0.09242602674324844
13740,5.122344542018945
13741,2.010577637542344
13742,2.297427142068034
13743,1.5294293429934265
13744,43.82102588853161
13745,19.751347738783934
13746,11.969898356410797
13747,0.25863266541898017
13748,13.11270538783526
13749,5.039103761305342
13750,6.285761093363634
13751,3.9663722460040423
13752,19.051272802051834
13753,9.14394146195307
13754,5.592424729530126
13755,0.12765352762388277
13756,5.951489804650721
13757,2.208488282600618
13758,2.715720210583163
13759,1.7224555778962816
13760,24.44969581865537
13761,10.39377056067168
13762,6.5921048026022575
13763,0.143381255973601
13764,7.274164827009173
13765,2.7736812545842118
13766,3.3353515057222385
13767,2.163520487778156
13768,29.482257995574443
13769,12.530866779741764
13770,8.018840893999469
13771,0.18599819614505153
13772,8.736785254992263
13773,3.1760217645266553
13774,4.0620989177513
13775,2.523401492578781
13776,21.51919545308792
13777,9.367712281908297
13778,6.022538310171935
13779,0.1402449120195649
13780,6.250995380491833
13781,2.4120967359730683
13782,2.9093758619361476
13783,1.9626507521596908
13784,23.81933958011199
13785,10.389445516247532
13786,6.37319942215125
13787,0.1552532563412181
13788,7.009847573201434
13789,2.5032544773317036
13790,3.238626675575582
13791,2.245865660688783
13792,14.836056768751591
13793,6.761819823040408
13794,4.284086827461631
13795,0.09483352050988164
13796,4.593474481494482
13797,1.6157718209927372
13798,2.0901050899171576
13799,1.334209172039326
13800,34.80577513973915
13801,16.13393444110998
13802,9.774232090525151
13803,0.23489488039833514
13804,10.255200078470986
13805,3.9127121101974716
13806,4.7166111494112455
13807,3.307867916180131
13808,14.271136066078217
13809,6.511153799604784
13810,3.907960474522253
13811,0.09231353119895182
13812,4.161701835789485
13813,1.5055537196950772
13814,1.9057630422044638
13815,1.3095589100295095
13816,15.44155849205068
13817,6.979683524012567
13818,4.618517572306183
13819,0.09319102005354478
13820,4.733161058535482
13821,1.8328293772094097
13822,2.274334096366605
13823,1.4037764890664466
13824,23.62898360740804
13825,10.617937554578965
13826,6.215235787377831
13827,0.13843473752391436
13828,6.953522164374387
13829,2.577062414395011
13830,3.170340382472127
13831,2.118664460193407
13832,26.03358558162552
13833,12.057578060402323
13834,7.043750878681673
13835,0.15283938791207613
13836,7.811504474313742
13837,3.0459414783540266
13838,3.6321477987730697
13839,2.491460302918426
13840,17.843706899738418
13841,8.032899342204365
13842,4.813910174455438
13843,0.09471585228098754
13844,5.358447873487526
13845,1.9331994956558631
13846,2.502349603364917
13847,1.6169131216991206
13848,19.484989537187225
13849,8.847597083872591
13850,5.4565352394922675
13851,0.11623217130013239
13852,5.814870746756906
13853,2.1263456688805515
13854,2.61867486074728
13855,1.730427598664835
13856,55.99622438971918
13857,26.40032755524047
13858,15.408578848962621
13859,0.40528380184102153
13860,16.565678005661727
13861,6.428386456106077
13862,7.730163754004405
13863,5.476393633342148
13864,15.3918428278775
13865,7.077969947193429
13866,4.568221885167978
13867,0.08822696066702171
13868,4.6922991024380165
13869,1.8213060586172278
13870,2.2847912834209008
13871,1.5048258489933897
13872,19.023452684789532
13873,9.006625356367595
13874,4.513900247869427
13875,0.2597338362891539
13876,4.920267277960672
13877,1.9171986988364833
13878,2.1735949308054905
13879,1.5123275294803318
13880,22.84052745743116
13881,10.61788822286617
13882,5.362357471796563
13883,0.258296220997797
13884,6.255927605866287
13885,2.2936417385507673
13886,2.5128205075019463
13887,1.816830690704453
13888,21.192119973579196
13889,9.713514227309581
13890,5.014579015308536
13891,0.24420023773956268
13892,5.369548492032826
13893,2.126417302180968
13894,2.433841803358461
13895,1.6979174884874573
13896,19.449580777867254
13897,8.748337485769762
13898,4.554908174667591
13899,0.22370518756831645
13900,4.835116212713289
13901,1.8206393689059612
13902,2.230009982483537
13903,1.5605317707331787
13904,17.43393198396125
13905,7.7881240039259
13906,4.077363500287446
13907,0.22266955405760688
13908,4.417703435158484
13909,1.6800235090063047
13910,1.9178295454133478
13911,1.3957596439270483
13912,19.662433461479488
13913,8.807492575641056
13914,4.434841074870514
13915,0.21552908667996273
13916,5.069617582196713
13917,1.7574952657002887
13918,2.2258324207641746
13919,1.5400109942275768
13920,19.02255780338261
13921,9.077462441016937
13922,4.589133073499649
13923,0.22912820713900403
13924,5.029995927581364
13925,1.8672525785794392
13926,2.248229203607843
13927,1.5392938559190887
13928,27.476277136123652
13929,12.685429578439576
13930,6.180957107655425
13931,0.2927079662805164
13932,6.8948311159069755
13933,2.609282139238493
13934,2.9581388688555985
13935,2.058327319326728
13936,31.574389015809235
13937,14.128763585457703
13938,6.802975053434367
13939,0.3496665231123539
13940,7.829070935625729
13941,3.042045878037375
13942,3.60044323907118
13943,2.5590898765400003
13944,16.376857221005743
13945,7.798413794329502
13946,3.676024585480821
13947,0.18811420318953903
13948,4.332708995493814
13949,1.6485579162609232
13950,1.8120210631882367
13951,1.3285388622371979
13952,23.379677937447244
13953,10.678915874167574
13954,5.353650497053261
13955,0.29064900693689116
13956,5.9166690032798135
13957,2.2596036403670965
13958,2.5479512252591103
13959,1.8546681716597262
13960,13.701496263544312
13961,6.2562418463968985
13962,3.1571370238218806
13963,0.20544312738036527
13964,3.3420444400687783
13965,1.2861254308871315
13966,1.4688848725309542
13967,1.0680205489611445
13968,16.991938179744114
13969,7.610135953597164
13970,3.977787990026907
13971,0.23045882021804603
13972,4.4910756495670325
13973,1.677029425527879
13974,1.857805275316538
13975,1.3815299057244117
13976,18.875796555511332
13977,9.00974103822461
13978,4.464381080557771
13979,0.24160902760594213
13980,4.64802579261361
13981,1.8332787151127032
13982,2.0916717444019954
13983,1.5882057449406146
13984,21.229954629982146
13985,9.589250691948498
13986,4.9333469483209385
13987,0.246166789621047
13988,5.248714999150269
13989,1.997735456893312
13990,2.3847142731010944
13991,1.725792496294988
13992,29.375370915413693
13993,13.656289281650295
13994,6.656287591569999
13995,0.3223257474431645
13996,7.4065142882896176
13997,2.8540045518496417
13998,3.3513063603524795
13999,2.327394797502961
14000,17.1179311468129
14001,7.786091953944976
14002,4.066334572238417
14003,0.2397928658056226
14004,4.414170049887098
14005,1.6474536013592715
14006,1.9081494402485677
14007,1.4191852362266713
14008,44.87702141030222
14009,19.560225336511078
14010,10.010504507965896
14011,0.5359985295808936
14012,11.503725662739736
14013,4.376056662033449
14014,5.151075425934008
14015,3.4664099219409787
14016,21.625252549689204
14017,9.998992586006683
14018,4.741864009050772
14019,0.2510512622842142
14020,5.23848685281001
14021,2.013382407693732
14022,2.3545867476537476
14023,1.69831209751891
14024,27.571111361624645
14025,12.4098426898793
14026,6.088456273506153
14027,0.2878762120088759
14028,6.898538342390101
14029,2.5943693506873653
14030,3.0463108120313755
14031,2.12452382440158
14032,41.06373393356909
14033,19.317830056188868
14034,9.093580072833339
14035,0.49195627175393
14036,10.371969290798626
14037,4.081249070332586
14038,4.434853000811447
14039,3.2820548202835655
14040,36.05878024724891
14041,15.914688778272716
14042,8.529296320030227
14043,0.37518669936561677
14044,8.64867374154573
14045,3.349282670415949
14046,4.0233250746233855
14047,2.664012617648981
14048,23.752029057570674
14049,10.650326186748478
14050,5.352631268185012
14051,0.2670205455291361
14052,5.997507684352647
14053,2.1182469357125786
14054,2.514784472504215
14055,1.7828263806480784
14056,16.326374228311433
14057,7.439110363734264
14058,3.8132454946476817
14059,0.2051933946130628
14060,4.139772702325166
14061,1.630351568183344
14062,1.841894382441845
14063,1.2749724192902598
14064,29.59390180621403
14065,13.581895734841066
14066,6.7731788726963265
14067,0.35220311801893683
14068,7.281458042319345
14069,2.789325963424075
14070,3.379905956749292
14071,2.385783096568627
14072,24.172074907080866
14073,10.844341389556593
14074,5.427223292168136
14075,0.2746859473733765
14076,5.929265500848305
14077,2.2468359885379696
14078,2.5290640417788595
14079,1.8672022085530804
14080,17.49447152544823
14081,7.902030987926322
14082,4.0325329674379
14083,0.21076720172107555
14084,4.513888280228886
14085,1.6570120439747769
14086,1.8868236471801176
14087,1.3837160086147067
14088,23.412325517018793
14089,10.972993852995714
14090,5.399334857490312
14091,0.25244444383742615
14092,5.819206168827169
14093,2.1422993976840323
14094,2.487177334278743
14095,1.8650833361706833
14096,15.648124488614693
14097,7.0371613305973435
14098,3.5149368070411118
14099,0.21716023019502673
14100,3.948857955000132
14101,1.4619923244872357
14102,1.6413102719400832
14103,1.253541659536411
14104,16.577498211184977
14105,7.55850040220716
14106,3.7391359092329632
14107,0.21979288470977268
14108,4.235483104691465
14109,1.5159023263729388
14110,1.7852465712432384
14111,1.2610575194525102
14112,34.715947362970354
14113,15.16587665549256
14114,8.022618950842023
14115,0.3721543859282768
14116,8.523913094645287
14117,3.1647890429440495
14118,3.8482066700426976
14119,2.6486673681717505
14120,17.268620259890106
14121,7.990180598287255
14122,4.065306078249271
14123,0.2122164459297131
14124,4.340869279068292
14125,1.6981200571709225
14126,2.021595018337465
14127,1.4043748355117867
14128,37.7017202796475
14129,16.131518823456332
14130,8.509677885121489
14131,0.4509517425752937
14132,9.219858948363392
14133,3.341838633487234
14134,4.247919076787651
14135,2.9460092561807043
14136,25.46540668339533
14137,11.271490010533753
14138,5.680372176494915
14139,0.2974906528824412
14140,6.45845512544055
14141,2.426658522880275
14142,2.834825014240437
14143,1.927673503424112
14144,18.373941451812446
14145,8.628929115539538
14146,4.3120854734044
14147,0.2261297208819982
14148,4.720390410849304
14149,1.7667606088946757
14150,2.002253902793819
14151,1.3936875440167238
14152,47.993442786911366
14153,20.380030282955264
14154,10.54793904782212
14155,0.5544116618496254
14156,11.986564676321473
14157,4.6710186438946275
14158,5.256723670959641
14159,3.788619544073779
14160,21.191510996476218
14161,10.1144754375661
14162,5.074454860428265
14163,0.23689964142316522
14164,5.476293367077344
14165,2.1053226304486614
14166,2.3516687776010476
14167,1.6752538340275274
14168,26.55996515487857
14169,11.979276225346524
14170,6.191670520319198
14171,0.30690574944503207
14172,6.672406578395385
14173,2.5783011544042624
14174,3.0017040442264618
14175,2.0604143856469506
14176,31.364293559299288
14177,14.353418243387258
14178,7.224669222650145
14179,0.36001159422312873
14180,7.599141770103797
14181,2.9571025807128537
14182,3.4991661747917955
14183,2.4221615890457966
14184,24.279264883450992
14185,10.580587713741373
14186,5.3765813334921475
14187,0.26233686148302315
14188,5.982321452257064
14189,2.2169340773627435
14190,2.647451462207625
14191,1.9065073571028675
14192,25.900537182228145
14193,11.814703719263191
14194,5.768524457374998
14195,0.3129499694651897
14196,6.441745000984532
14197,2.341192682809518
14198,2.8106815388991344
14199,2.0909555669423168
14200,16.715874282811324
14201,7.293412993876751
14202,3.8021219754892726
14203,0.23722822619265616
14204,4.072466224303321
14205,1.4914166288833144
14206,1.844314293607839
14207,1.2837535999181775
14208,38.61713140089372
14209,17.58270836656269
14210,8.854907334937664
14211,0.46016108426207236
14212,9.63010051154263
14213,3.645861979790217
14214,4.2048076296408885
14215,3.1244306352956
14216,15.368963035876288
14217,6.9960573459243
14218,3.5369452835189876
14219,0.1965188615156069
14220,3.788658905149313
14221,1.4315065317814155
14222,1.6447682496037148
14223,1.233084390223762
14224,17.072946786866005
14225,7.682147753297118
14226,4.018403905904676
14227,0.22302414136459559
14228,4.531050614265417
14229,1.6910270982043316
14230,1.9433969373933428
14231,1.373394504337131
14232,26.015962326089532
14233,11.290792285090806
14234,5.653963817301563
14235,0.2966415468167001
14236,6.498671432249238
14237,2.4212204154969106
14238,2.8139317438397784
14239,1.9914729389568144
14240,29.142449875932645
14241,13.053182049908074
14242,6.418950500885255
14243,0.3123619747574981
14244,7.317559700643489
14245,2.7729472457533624
14246,3.346111284034472
14247,2.436549883887337
14248,19.304173010717328
14249,8.81138451602269
14250,4.483564557882664
14251,0.21298127062742522
14252,5.014546129574197
14253,1.8052472353845586
14254,2.1783725176690325
14255,1.5035167807847272
14256,22.17119707082559
14257,9.826265537417152
14258,4.989355574003739
14259,0.23861990381781073
14260,5.309875564730663
14261,2.130115882614544
14262,2.2815791208803886
14263,1.698758976829098
14264,59.55524356554407
14265,28.015023277161237
14266,14.148182379483309
14267,0.7011599279706495
14268,15.054349176974279
14269,6.0237731769914795
14270,7.111800007688974
14271,5.100154544538117
14272,17.286566730743996
14273,7.763781792341439
14274,4.047888948797803
14275,0.2344438884957897
14276,4.427816465879922
14277,1.6746080918461097
14278,2.0016494146495956
14279,1.3978317347449043
14280,18.412957773163477
14281,8.470359899760098
14282,4.450505303243266
14283,0.1398432428477418
14284,5.159266946063648
14285,1.8558214059512081
14286,2.1641471395222314
14287,1.5341730588389761
14288,21.624295862280597
14289,9.856668624875418
14290,5.210156514306847
14291,0.17733748588810436
14292,6.245865267834179
14293,2.3099541223627393
14294,2.5862223181479784
14295,1.801718232684121
14296,20.11969938285195
14297,9.126301347103912
14298,4.728989864974045
14299,0.15140201699299416
14300,5.375184720546606
14301,2.0692948693462183
14302,2.369051914222776
14303,1.6533940230759414
14304,18.71383358964238
14305,8.236857357958574
14306,4.526854926993479
14307,0.15869239753120723
14308,4.859752040713797
14309,1.8118119166631677
14310,2.179544354298693
14311,1.462922947351441
14312,16.023021899150564
14313,7.480232981439508
14314,4.180655733931189
14315,0.12612217462484354
14316,4.57378629814842
14317,1.6400485089595531
14318,1.9339934917047492
14319,1.3724911496554895
14320,18.52368686326256
14321,8.305767046205043
14322,4.584648365651688
14323,0.14337467174498958
14324,4.911771063536946
14325,1.6874738548392492
14326,2.1224016267167323
14327,1.4250785052575647
14328,18.03585999740389
14329,8.453289005338045
14330,4.427374172521209
14331,0.1365458103263846
14332,5.056652593013105
14333,1.8206337002674027
14334,2.1508467642186893
14335,1.5290291004331227
14336,26.718501544269284
14337,11.763609463928406
14338,6.179563457063628
14339,0.2317298599536992
14340,7.066646591042637
14341,2.5435605210292414
14342,2.993908409506116
14343,2.0844720549118856
14344,29.81174537868112
14345,13.461576038894457
14346,6.792946064622828
14347,0.23713318270282055
14348,7.840578205984358
14349,2.856249554369097
14350,3.5867929381276418
14351,2.3972265846734144
14352,15.86479658181953
14353,7.466579083080979
14354,3.8051227155796257
14355,0.11670455737876799
14356,4.330609521919361
14357,1.6195505116031552
14358,1.8123387394514283
14359,1.287782448410994
14360,21.95163703948997
14361,9.76358466763283
14362,5.217339805920537
14363,0.1762765229673816
14364,5.919276819071576
14365,2.118056247407123
14366,2.5187014410591746
14367,1.827363819658602
14368,13.660572509636323
14369,5.893842325490213
14370,3.204958873595922
14371,0.09559149521632852
14372,3.2479963894004205
14373,1.2522073431455214
14374,1.4673112478667538
14375,1.0728649428494665
14376,16.160153626343313
14377,7.230117275442722
14378,4.113346639969024
14379,0.09883330475993601
14380,4.5328447666141845
14381,1.6532143453523909
14382,1.8793551408892561
14383,1.3307969330016667
14384,18.458837521500623
14385,8.464300331640095
14386,4.5103245675987695
14387,0.14775023333121018
14388,4.735484876790197
14389,1.7954217440906024
14390,2.1281848515540065
14391,1.581315204586518
14392,20.486055613703645
14393,9.061882659325159
14394,5.035050367758551
14395,0.14842195218965623
14396,5.305791251239882
14397,1.9561102628923526
14398,2.3698112806053415
14399,1.6848301458610735
14400,28.158051511068535
14401,12.47263292569568
14402,6.681392611570541
14403,0.2499474388126471
14404,7.314390241439808
14405,2.775697721538517
14406,3.3318887027143567
14407,2.2671697400793698
14408,15.75643987097386
14409,7.508137210167587
14410,4.072518875182243
14411,0.11683343782519444
14412,4.48286850693579
14413,1.6497503948353287
14414,1.9351628461575718
14415,1.399707663917847
14416,42.67457413377729
14417,19.324356181368007
14418,9.867047806192971
14419,0.3535231313223446
14420,11.561625179048132
14421,4.300937431054793
14422,5.064665230393429
14423,3.3986812829945823
14424,20.730663063695165
14425,8.987439079111276
14426,4.715800700608847
14427,0.144162055021382
14428,5.343951601708904
14429,1.9490070979027816
14430,2.2693397877941797
14431,1.6723101570604264
14432,25.924674284685484
14433,12.117526647646908
14434,6.0810509566093005
14435,0.21450332284519205
14436,6.99742916248439
14437,2.4650857602383023
14438,3.0845366361915123
14439,2.071812568039305
14440,38.52723164123058
14441,17.496805653974803
14442,8.914650135567848
14443,0.33621580906815957
14444,10.078867486649477
14445,3.939854111027743
14446,4.392052978640596
14447,3.0899462093761216
14448,34.846148604001
14449,14.77833509689521
14450,8.30106489259713
14451,0.28595371413235815
14452,8.600443883793004
14453,3.3106137505035313
14454,3.854650314306401
14455,2.548090633623162
14456,22.161512672472007
14457,9.564079704504941
14458,5.122226044276429
14459,0.1704702674431078
14460,5.59721178944362
14461,2.068770303043547
14462,2.463452815718972
14463,1.7478028563679748
14464,15.318594452881763
14465,7.064257540003176
14466,3.6599045804038886
14467,0.11401712485510114
14468,4.20045376851631
14469,1.6096952333184724
14470,1.8223851611113269
14471,1.2253071429179645
14472,28.56297668848662
14473,12.325747158222635
14474,6.334938060436019
14475,0.23441595780630206
14476,7.262696153151814
14477,2.723760370655891
14478,3.3629296594818725
14479,2.2963333271618542
14480,22.324666855079364
14481,10.019529192995277
14482,5.444054017469637
14483,0.173488637516216
14484,5.83097313791868
14485,2.22137415030651
14486,2.5010925458493185
14487,1.8228684559754509
14488,16.42681922494795
14489,7.5404438796514395
14490,4.0209734371657095
14491,0.10979262259630695
14492,4.390774130244957
14493,1.641004093038755
14494,1.8795792958262938
14495,1.2918404924555027
14496,22.27704707422593
14497,10.560417064796175
14498,5.32381886326354
14499,0.16593707320574697
14500,5.795144999072991
14501,2.0949472602381105
14502,2.474530621645447
14503,1.7817529846672033
14504,15.063358818200456
14505,6.874162839774361
14506,3.463946891783996
14507,0.09378781381500134
14508,4.10738564796342
14509,1.4670534734919625
14510,1.691544429756896
14511,1.1895215114939177
14512,15.417607951562635
14513,7.114232403525325
14514,3.7677089357625646
14515,0.11734898095157908
14516,4.308726964032109
14517,1.5968413259253318
14518,1.7803401262349572
14519,1.2467905127323584
14520,32.79367935095753
14521,14.24534999650732
14522,7.582591369761115
14523,0.27355086711391646
14524,8.334995799319113
14525,3.1407147149036807
14526,3.733391217204627
14527,2.507189076147006
14528,16.63973877764265
14529,7.487745749034514
14530,3.9842173678499897
14531,0.1161271127982227
14532,4.58082259068507
14533,1.6563560731838054
14534,1.9225667497672512
14535,1.2886165884018672
14536,36.10601137398838
14537,15.051810905398018
14538,8.344275075702496
14539,0.3032114748186027
14540,8.980564400275991
14541,3.274624293985973
14542,4.0594465807703735
14543,2.790126997671535
14544,24.027342832484226
14545,11.014390050343914
14546,5.846433782784133
14547,0.19370131586764794
14548,6.530926443725444
14549,2.4000026271692514
14550,2.7350439883047653
14551,1.9258690696151726
14552,17.283140248651385
14553,8.049246555886675
14554,4.401863840518941
14555,0.1306895775854464
14556,4.815600304205277
14557,1.72335687330685
14558,2.0183671886538375
14559,1.4088822853174912
14560,46.544967439779754
14561,21.310116559055857
14562,10.902421039689553
14563,0.33372113012792237
14564,12.566439402833494
14565,4.620471258591973
14566,5.478931202627145
14567,3.7026474087074317
14568,19.9598437970492
14569,9.167865194024662
14570,5.022609152205023
14571,0.140910993721768
14572,5.404803156956784
14573,1.9799497270952602
14574,2.2173158269252293
14575,1.6332971372694833
14576,25.65932953868186
14577,11.617970564970385
14578,5.912416491485466
14579,0.22685193724344602
14580,6.56786458582034
14581,2.5067024691328923
14582,3.0072255257773364
14583,2.0697244229607583
14584,29.705566533692533
14585,12.931721692511646
14586,7.113787774794893
14587,0.22932029399762457
14588,7.7550948477953225
14589,2.904365393909845
14590,3.428870449107747
14591,2.387577986885377
14592,22.724875007913525
14593,9.797826262056796
14594,5.204257180369508
14595,0.1772388414604828
14596,6.030808009706495
14597,2.177755311438243
14598,2.547875202902531
14599,1.8217983510780975
14600,24.157560741943616
14601,11.040557757996062
14602,5.758078909955233
14603,0.17899693843407227
14604,6.306721020273664
14605,2.2979665696355775
14606,2.7691540070241727
14607,1.9851230852208657
14608,15.792280956082308
14609,7.128036740847094
14610,3.834444993802062
14611,0.1165196575201049
14612,4.320929624499688
14613,1.4640386918496058
14614,1.8242997416315576
14615,1.2522024380127248
14616,37.53058252213321
14617,17.153778197616152
14618,8.527700663370743
14619,0.3080918532713633
14620,9.632286840276173
14621,3.6239111316096757
14622,4.1219113556342135
14623,3.0944109719125454
14624,14.516987390738826
14625,6.550995200079729
14626,3.4505115326905966
14627,0.0989561865533107
14628,3.8958756655953306
14629,1.380247973470455
14630,1.659241187734662
14631,1.1770127810216509
14632,16.086050306643603
14633,7.290797708604808
14634,4.045625580202234
14635,0.12041300612100117
14636,4.496731445370314
14637,1.6732072233060926
14638,1.8995496986072526
14639,1.3501801684895531
14640,24.247115982223303
14641,11.060471678059503
14642,5.465690525096627
14643,0.1893380981391282
14644,6.355895650602147
14645,2.3980726575072016
14646,2.7571484671817412
14647,2.03127076731984
14648,27.629488077482055
14649,12.314500148415721
14650,6.335144875703524
14651,0.23044545666195207
14652,7.1591076712588535
14653,2.768571768609004
14654,3.252923472482612
14655,2.3648567182942735
14656,18.26370505594175
14657,8.486430502462904
14658,4.291236481321658
14659,0.155794568847299
14660,4.891387038263924
14661,1.807086346334367
14662,2.1858014985015424
14663,1.5432182968868264
14664,20.578547832313756
14665,8.990920775533153
14666,4.875586858040532
14667,0.15057043111840165
14668,5.202760470526858
14669,2.007336106868742
14670,2.2360269247958238
14671,1.621272771717967
14672,56.97013555275769
14673,27.356259929318945
14674,13.890422948156747
14675,0.53178866536364
14676,15.519739333768698
14677,6.062177507657628
14678,6.87954306729257
14679,4.979164320419033
14680,16.47272435732988
14681,7.385481687003527
14682,4.085915049705916
14683,0.10921770740436201
14684,4.36279225555844
14685,1.667989250109412
14686,1.964206296495796
14687,1.280227408724056
14688,18.811700600659197
14689,8.803912994018575
14690,3.9442204082835253
14691,0.6737624998066887
14692,3.81791530606715
14693,1.669818860886955
14694,1.846506547413614
14695,1.3797576480420628
14696,22.689869226753636
14697,10.310960069231047
14698,4.761483734762809
14699,0.7618116766020663
14700,4.8386289352920535
14701,1.9911747106193654
14702,2.138932232272465
14703,1.6564681380638127
14704,20.837739463847154
14705,9.285338711888786
14706,4.406946453602614
14707,0.7195248763109472
14708,4.080103070782539
14709,1.846874221653176
14710,2.047958851059837
14711,1.5438486721453897
14712,19.3011787714214
14713,8.56848395244841
14714,4.004578454149568
14715,0.6678105484221896
14716,3.750012183611308
14717,1.5978236283271545
14718,1.8938089920739938
14719,1.415828448392935
14720,17.32681754881807
14721,7.647174285353822
14722,3.547067974794515
14723,0.6593546895948093
14724,3.48198473102118
14725,1.4812980310118076
14726,1.6450150126994776
14727,1.2932205119875309
14728,19.148728429498142
14729,8.503377508205363
14730,3.7987639106142996
14731,0.6099756772517095
14732,3.9103274850903103
14733,1.526571498602995
14734,1.8706579129821646
14735,1.375138645954913
14736,18.80838814712349
14737,8.907197158814661
14738,4.057795334761583
14739,0.6788725209643239
14740,3.8617389776170623
14741,1.6294843548277143
14742,1.905479245805836
14743,1.3975685448812882
14744,27.152706468839956
14745,12.54947051224021
14746,5.400217743159279
14747,0.8854788041316763
14748,5.401830199818754
14749,2.280864733049783
14750,2.520914303922172
14751,1.8958640794821475
14752,31.592943220965697
14753,14.203911787615446
14754,6.224234518239487
14755,0.9838528469988173
14756,6.170658434864151
14757,2.680996977442238
14758,3.065335813754557
14759,2.358306264879796
14760,16.2104069036057
14761,7.4908718566772
14762,3.115154688226119
14763,0.5860628563780291
14764,3.366725099402502
14765,1.4540804731741612
14766,1.5535117019841278
14767,1.2264659191565104
14768,22.907295079668437
14769,10.300053237866974
14770,4.719071051648728
14771,0.7980042734002573
14772,4.557924935731813
14773,1.947322289817658
14774,2.14416677045614
14775,1.6702599620697924
14776,13.578528207805656
14777,5.9129197417226
14778,2.7113534162452444
14779,0.5569790200755389
14780,2.688622555583452
14781,1.1393472847030623
14782,1.2703900811065316
14783,1.0137525846825364
14784,16.698766758960712
14785,7.3280504842689265
14786,3.450020123068273
14787,0.6282305614333394
14788,3.531717411744782
14789,1.4745990607401838
14790,1.6117094429694834
14791,1.2594966217883998
14792,18.634935430089662
14793,8.768305143971249
14794,3.869792050974639
14795,0.6696454072197576
14796,3.558111528578346
14797,1.6002115978064309
14798,1.7774133803864105
14799,1.4352958735658479
14800,21.00888811845039
14801,9.430007593234931
14802,4.446442095538494
14803,0.7243575000398123
14804,4.0627963655845765
14805,1.7641529727409986
14806,2.0339236981870457
14807,1.5889517294834072
14808,28.997595453283843
14809,13.51218225164777
14810,5.963045096653053
14811,0.9148682012177459
14812,5.774487501651363
14813,2.4790998319986333
14814,2.8186231702812132
14815,2.1025780027774554
14816,16.634622305047376
14817,7.361353069727664
14818,3.463764664915634
14819,0.6254587738483581
14820,3.411445871867479
14821,1.4458241779915781
14822,1.6180527301365242
14823,1.283128702886807
14824,44.511930769917946
14825,19.35165310965663
14826,9.084205342991492
14827,1.3831649698204234
14828,9.102551214939405
14829,3.8115228394102187
14830,4.293499525880538
14831,3.17350186494055
14832,21.328805413645764
14833,9.694506993481507
14834,4.1683718388465
14835,0.7130931471322383
14836,4.048971368580667
14837,1.7599855877379975
14838,1.9879621810771386
14839,1.5410883422480877
14840,27.410958286786194
14841,12.353553925814564
14842,5.4784797691053315
14843,0.8302199281199721
14844,5.45983830141781
14845,2.2839745669789866
14846,2.5868889243993913
14847,1.9534556611024916
14848,40.065140521805866
14849,19.012019315680213
14850,7.992093373449918
14851,1.2500550312500418
14852,8.243293359708495
14853,3.5528007004828663
14854,3.686793898834065
14855,2.985550605236662
14856,35.15775779696311
14857,15.465482040102387
14858,7.2613386733451355
14859,1.0599590942848294
14860,6.6779029502661125
14861,2.911129263277794
14862,3.292563466189807
14863,2.4285061908009467
14864,23.318330194081543
14865,10.352172708875678
14866,4.7165265372969225
14867,0.7845300443889691
14868,4.570217159290751
14869,1.841738114530626
14870,2.117617210472981
14871,1.623526154320822
14872,15.895204043242416
14873,7.087486744952804
14874,3.236722969144309
14875,0.5912737517637613
14876,3.207292318870882
14877,1.4286016435389917
14878,1.5697329587568931
14879,1.1599996585373213
14880,29.50691691756141
14881,13.354983400307288
14882,6.13097195741684
14883,0.950717791831684
14884,5.623307896455522
14885,2.4175588782237862
14886,2.813095368787085
14887,2.1463581622349137
14888,23.982937352244747
14889,10.574875992994244
14890,4.642580973282701
14891,0.7770573625556163
14892,4.574176259921788
14893,1.9450488939448838
14894,2.1392098048277055
14895,1.6903917262157995
14896,17.041214990642413
14897,7.546744632548612
14898,3.419495096271737
14899,0.6062431382694222
14900,3.498564902600645
14901,1.4569318623870327
14902,1.598341172095153
14903,1.2501207546593918
14904,22.82223641429256
14905,10.575583298138367
14906,4.7011792318487995
14907,0.7515773379542009
14908,4.430719274646913
14909,1.842765816696292
14910,2.0869941051364047
14911,1.6639045854675787
14912,15.227012983154035
14913,6.6797605251337355
14914,3.021015720800391
14915,0.5767081215945079
14916,3.06841290115735
14917,1.2989704110462281
14918,1.4154141021886206
14919,1.12605099227814
14920,15.821444491631079
14921,7.117967327825705
14922,3.152774395001647
14923,0.5879831121869531
14924,3.2462957473990093
14925,1.3069680792283718
14926,1.5128794951765516
14927,1.147926403153411
14928,33.78467936864048
14929,14.746497942844234
14930,6.813264684220597
14931,1.0444028979449815
14932,6.618747255554948
14933,2.747996207823148
14934,3.2044526662059236
14935,2.436057876276082
14936,17.107219077111704
14937,7.735325553112223
14938,3.5117787717015108
14939,0.6288943223070066
14940,3.375916194981142
14941,1.4819818776113767
14942,1.7171632726113741
14943,1.2821165543729907
14944,36.85075662161583
14945,15.873493260156375
14946,7.691258231856736
14947,1.1911719151198257
14948,7.284141688691904
14949,2.890722322136057
14950,3.4972423365351206
14951,2.6614367707512327
14952,25.031911813623932
14953,11.01681624209372
14954,5.022304011404567
14955,0.7630463545332266
14956,4.984372701713426
14957,2.09467667977511
14958,2.3881476229710814
14959,1.748998232236692
14960,18.178226371885575
14961,8.495769999194241
14962,3.7664517382862104
14963,0.6480742904331703
14964,3.635316536427358
14965,1.5578114568367532
14966,1.71087508761771
14967,1.2975593306520283
14968,47.54297169296964
14969,20.160645498172563
14970,9.351143313244295
14971,1.4475282791712145
14972,9.481348870109228
14973,4.069002517138607
14974,4.360104962397033
14975,3.4605472043815215
14976,20.821659796684074
14977,9.759154319097892
14978,4.411280352093171
14979,0.705315051028477
14980,4.148706565234773
14981,1.8205103802332727
14982,1.98022983407277
14983,1.5160296075780388
14984,25.707939812492075
14985,11.622115039987946
14986,5.438777981347596
14987,0.8357291377325083
14988,5.092229007501588
14989,2.220465948847526
14990,2.488259367214841
14991,1.8635662825355237
14992,31.104478157407677
14993,14.240380134073256
14994,6.678631395108625
14995,0.922141085701322
14996,6.025286949588184
14997,2.6107067404201483
14998,2.972271880307192
14999,2.22395904714961
15000,23.824292612330456
15001,10.224410594901652
15002,4.615795442937367
15003,0.7657777189807417
15004,4.548343553459197
15005,1.9019811067897687
15006,2.227524573365523
15007,1.7000067390455447
15008,25.425976296840762
15009,11.497828493821048
15010,5.078846549728028
15011,0.8432841489319177
15012,4.97235972850336
15013,2.0140235460220293
15014,2.3617466807034373
15015,1.889806489719692
15016,16.36199046715543
15017,7.071829826383606
15018,3.2381464560064726
15019,0.6162355263599305
15020,3.1629122513489
15021,1.3027861841887765
15022,1.5602079078892435
15023,1.1687598714456442
15024,38.33383153344768
15025,17.406077658598203
15026,7.94045990834686
15027,1.2098023719002025
15028,7.702771140637003
15029,3.18269090622809
15030,3.470135399309418
15031,2.8498469033630447
15032,15.170288033399363
15033,6.774966109322995
15034,3.0706183716419693
15035,0.5829913804870502
15036,2.9605535788351354
15037,1.271503912654946
15038,1.4378035263899973
15039,1.140165266966034
15040,16.836319009852264
15041,7.4758002273641635
15042,3.4455883726904406
15043,0.616007671019949
15044,3.508304847711246
15045,1.4765877919523789
15046,1.6567081755496356
15047,1.249098216916305
15048,25.453692307419306
15049,10.914475606018437
15050,4.829400877740636
15051,0.8845590260165025
15052,4.943588252120625
15053,2.0653039698959033
15054,2.3465987573380542
15055,1.7967584040092432
15056,28.514939193865274
15057,12.73865534353824
15058,5.699886674168986
15059,0.873477869772905
15060,5.689359828203205
15061,2.393664839454532
15062,2.8259544399737515
15063,2.1998693962007727
15064,18.98682105370254
15065,8.600216366769315
15066,3.904518133473688
15067,0.62396489422706
15068,3.9084618613534023
15069,1.589826087164276
15070,1.8485335144775454
15071,1.371677742981047
15072,21.491284297306603
15073,9.48030067248532
15074,4.349782047803296
15075,0.6826820765001909
15076,4.067211341479661
15077,1.8283486128313604
15078,1.911059558505848
15079,1.5254807373760564
15080,59.55791656165881
15081,27.55638540371422
15082,12.76860175918355
15083,1.8340655536550101
15084,11.969143095769267
15085,5.334361142111414
15086,5.918787509872089
15087,4.716351284960235
15088,16.889288170759862
15089,7.4590737557998725
15090,3.4335523969473476
15091,0.6228243998254724
15092,3.4308945167663722
15093,1.4493798533619842
15094,1.6840840081753798
15095,1.2628148063004512
15096,17.39329125630782
15097,7.789635280113992
15098,5.0513861460101985
15099,0.12382074660037644
15100,5.582155125138892
15101,2.086127789523424
15102,2.566980722868797
15103,1.6874783772434159
15104,20.747526407676457
15105,9.382333595242144
15106,5.946341461398999
15107,0.14813477377843448
15108,6.808914900044822
15109,2.5861061172438826
15110,3.065184780279193
15111,1.9775665981984931
15112,19.305119807663864
15113,8.665562135136279
15114,5.418322339111284
15115,0.11920413337487887
15116,5.917627887013068
15117,2.3195423927555696
15118,2.80021649067938
15119,1.8108898746036441
15120,17.698284998390605
15121,7.465499865357894
15122,5.095035632700727
15123,0.12317475498066485
15124,5.224912898394825
15125,2.011900256039798
15126,2.556542903193712
15127,1.5826240623413255
15128,14.938259160248482
15129,6.667022739702828
15130,4.712996333925624
15131,0.10330727393034489
15132,4.935509317834979
15133,1.8151004294179314
15134,2.2580596304572373
15135,1.4930458510174018
15136,17.307073101899647
15137,7.573950302709016
15138,5.1877141360556704
15139,0.10576940191226579
15140,5.311683215299485
15141,1.8544812514737428
15142,2.4691037836307617
15143,1.5427833569952831
15144,17.376313310132584
15145,7.9750909207853224
15146,5.061740700572922
15147,0.10808273357258265
15148,5.528725707731718
15149,2.0410858136684307
15150,2.5538292651637047
15151,1.667677794773935
15152,25.34534224735197
15153,10.947969470327829
15154,7.04866070468433
15155,0.17785651237212147
15156,7.619477752297476
15157,2.8044427895112127
15158,3.470427270599171
15159,2.287891053621123
15160,29.526522986611287
15161,13.002295533142423
15162,7.7640666773782385
15163,0.1864559672148931
15164,8.553463284846492
15165,3.223232896612757
15166,4.2494492368780135
15167,2.6371234913291013
15168,14.858273300624809
15169,6.905697796341904
15170,4.318658044719498
15171,0.09914080945328693
15172,4.639545125703461
15173,1.7998263134782222
15174,2.1205874313258692
15175,1.4143700388976659
15176,21.23670813540624
15177,9.269101008042195
15178,5.939611166508365
15179,0.14599067630613427
15180,6.428224544159706
15181,2.3812935339365646
15182,2.9805321437470735
15183,2.0037068874707895
15184,12.89695011702135
15185,5.3207324802263605
15186,3.630651853502989
15187,0.10778665177130674
15188,3.517436281173383
15189,1.3960942492412967
15190,1.7278195961120113
15191,1.1662043469722272
15192,15.224443555818663
15193,6.645195111338489
15194,4.6645618263553
15195,0.08823381943552165
15196,4.983285612878895
15197,1.8764001546698144
15198,2.2406088306029526
15199,1.4807909797190966
15200,17.234709155707783
15201,7.767919419734339
15202,5.092752448069365
15203,0.11450248469691851
15204,5.13917900693492
15205,1.9871418814081396
15206,2.4943058896796004
15207,1.708658450232845
15208,19.78300835339023
15209,8.522906012094806
15210,5.79589202768833
15211,0.1216603209602342
15212,5.800691301737618
15213,2.204685360837388
15214,2.8250689284872403
15215,1.848719764517467
15216,27.379615290849944
15217,12.156998717504866
15218,7.738820045323571
15219,0.18526805030529456
15220,8.155309285137323
15221,3.1573198137663714
15222,3.9796513123125217
15223,2.5214243472395017
15224,14.940469037410036
15225,6.959170272451285
15226,4.653198018231348
15227,0.09951282940763514
15228,4.906910651970713
15229,1.8654638407942532
15230,2.2972475735074873
15231,1.534851748608409
15232,41.29422264975064
15233,18.333135422850777
15234,11.187561036922958
15235,0.283645719766469
15236,12.55735324665378
15237,4.8116488499787415
15238,5.938964545383027
15239,3.7056112479919667
15240,20.13398752604397
15241,8.580742528791895
15242,5.406522227577227
15243,0.11581872622587533
15244,5.868728369562745
15245,2.1955999097276804
15246,2.7048222900664265
15247,1.835418933434555
15248,24.791373501595107
15249,11.637371855735033
15250,6.996554078982806
15251,0.16060542144205273
15252,7.707660302840271
15253,2.7612287295650586
15254,3.6540072429780954
15255,2.2984308173666195
15256,38.71974722550214
15257,16.97118446280811
15258,10.452588065606179
15259,0.28257949046158765
15260,11.308690090345925
15261,4.505662785792322
15262,5.271264849191598
15263,3.438087699902144
15264,33.764776734181794
15265,14.308274120021315
15266,9.60599663199346
15267,0.1939461563047089
15268,9.542940304837815
15269,3.708347130861185
15270,4.525005897972881
15271,2.776990627976797
15272,21.055655194324956
15273,9.030440124118124
15274,5.890956214286023
15275,0.14784133451884685
15276,6.193307486680297
15277,2.354573740900396
15278,2.958937329570318
15279,1.9498749988106752
15280,14.91798333003742
15281,6.557579415164862
15282,4.194165909588669
15283,0.09628815254029106
15284,4.564125556116288
15285,1.8077616755203676
15286,2.148619713098275
15287,1.3452203842305213
15288,27.438174902647997
15289,11.944679239544046
15290,7.247012644037974
15291,0.18324403888078084
15292,8.020862175819401
15293,3.081797227517203
15294,3.976239146446451
15295,2.542970997141702
15296,21.690121318125158
15297,9.599804109983706
15298,6.198416933007202
15299,0.15060237188176293
15300,6.413767786662593
15301,2.5165535912361587
15302,2.9897209964191185
15303,2.020996033047726
15304,15.228678107090111
15305,6.817852749392903
15306,4.5543531173293
15307,0.0838207271211637
15308,4.718059467014647
15309,1.8288147836042832
15310,2.20241181168463
15311,1.4049390754506312
15312,21.49438915220644
15313,10.042566615463432
15314,6.135031774727036
15315,0.14449621330237933
15316,6.385025857490576
15317,2.3869933693199954
15318,2.959000666790823
15319,1.9873907378548452
15320,14.328885732519945
15321,6.233250261059923
15322,3.9483407411650724
15323,0.07317638106084995
15324,4.434134793092388
15325,1.6446237865160833
15326,1.9939706773473438
15327,1.28410456651861
15328,14.65363057577394
15329,6.694714510950412
15330,4.277281469949915
15331,0.10029166477966521
15332,4.631670699122775
15333,1.7827131647992494
15334,2.100538337443953
15335,1.3506842046366914
15336,31.0933943558972
15337,13.644061573625104
15338,8.694519609794613
15339,0.19608603629238702
15340,9.042564557358812
15341,3.5162522674752785
15342,4.3864759339148325
15343,2.7345546184209377
15344,16.07288929862564
15345,6.963317295793357
15346,4.573969800419149
15347,0.1061298314666292
15348,5.017848733313424
15349,1.865999335385275
15350,2.283877963033897
15351,1.4262669938639292
15352,34.63659621655785
15353,14.060844872054643
15354,9.19843585471052
15355,0.2276453642264056
15356,9.600110548560979
15357,3.6172476741186603
15358,4.705707424199321
15359,3.029365333105379
15360,23.190045460279773
15361,10.30978735301928
15362,6.650753187022079
15363,0.14448367099315845
15364,7.132847570558636
15365,2.660681192962768
15366,3.224837413030593
15367,2.0926411535825085
15368,16.545152537239247
15369,7.438344633473882
15370,4.972503249028187
15371,0.1038442933603971
15372,5.213569757335055
15373,1.9180564488161675
15374,2.3594832957509464
15375,1.5349482350704522
15376,43.641829808933856
15377,19.508001382591946
15378,12.14919678094962
15379,0.2725150939826072
15380,13.30877774625927
15381,5.148607519076768
15382,6.392036612401891
15383,4.058387855045837
15384,19.468890572407055
15385,8.86213588453305
15386,5.784190799110759
15387,0.12459296183123238
15388,5.984880129925548
15389,2.255663554869851
15390,2.6872482356463845
15391,1.8159131962797324
15392,23.962640997114725
15393,10.670467417051716
15394,6.644407930716626
15395,0.16537377490576396
15396,7.079194493009768
15397,2.7456269698207034
15398,3.470306367007585
15399,2.217092690376682
15400,29.147898221858235
15401,12.576339257874697
15402,8.207629355685418
15403,0.17138584787499095
15404,8.524257700393981
15405,3.2681760032051748
15406,4.0678331297624055
15407,2.6127717730606244
15408,21.773584073080738
15409,9.328211844572063
15410,5.955271728503094
15411,0.14677839794461445
15412,6.648081539062882
15413,2.4412891934097143
15414,3.0095065525153064
15415,1.9973173106425852
15416,23.36275478548999
15417,10.526141943638441
15418,6.589143594487988
15419,0.1569331630680039
15420,6.874146526197604
15421,2.6174718903607848
15422,3.3167580875087714
15423,2.2109478052771196
15424,14.823981197545395
15425,6.659852194992463
15426,4.304756763315021
15427,0.09234421298432045
15428,4.63717182471823
15429,1.628340373501369
15430,2.1349632319272467
15431,1.345375518201044
15432,36.473642206434796
15433,16.40246342985762
15434,9.657382262203303
15435,0.21615797582321486
15436,10.624751439877835
15437,4.029613988266227
15438,4.83091913628109
15439,3.3625828326368383
15440,13.926699922284257
15441,6.079280870567471
15442,3.9873362913684773
15443,0.09455870815831827
15444,4.2980097400284265
15445,1.5731318002086907
15446,1.9954985924209514
15447,1.2910761295324997
15448,14.894905291923118
15449,6.6460543273482156
15450,4.587593376688989
15451,0.09380125654625568
15452,4.8633761887064875
15453,1.8645597192758143
15454,2.2288212986684446
15455,1.477456255725128
15456,23.926723652539877
15457,10.564934688302637
15458,6.2360895757109684
15459,0.14904080621760774
15460,6.969846203536642
15461,2.664914938475524
15462,3.2352967091944373
15463,2.2122178315879286
15464,26.098464778153925
15465,11.689929692692806
15466,7.242330876236551
15467,0.17266346918664044
15468,7.792592972912095
15469,3.088974181788329
15470,3.8321032549005727
15471,2.5746711155833646
15472,17.30589939010007
15473,7.67463069391825
15474,4.860223823470416
15475,0.10619127640893
15476,5.256238663980655
15477,1.9851916689142808
15478,2.5579384686652107
15479,1.6515820700884305
15480,19.476597485356866
15481,8.548198215532896
15482,5.5762737435882235
15483,0.1229960411133935
15484,5.758174964423754
15485,2.2732650951578055
15486,2.6895036218154047
15487,1.7858553808948168
15488,54.14163457404984
15489,26.23873792224586
15490,15.894651055953716
15491,0.44043176569309506
15492,16.70015022871413
15493,6.715528791610795
15494,8.04323475903912
15495,5.389475052857547
15496,15.28531156839677
15497,6.654390173549555
15498,4.635373362859874
15499,0.08575013827393484
15500,4.75429909705099
15501,1.8582652285156158
15502,2.3140397203987217
15503,1.3980543093533997
15504,18.92818512123702
15505,9.017869499547587
15506,4.166245575704095
15507,0.4163806395527404
15508,4.410116794374921
15509,1.7785178711373781
15510,1.9808831778603826
15511,1.5014509496076016
15512,22.75611239676263
15513,10.321173515517206
15514,4.95463290734384
15515,0.4704806372125217
15516,5.548754403707293
15517,2.217675642286509
15518,2.4032074686122677
15519,1.7748551128626733
15520,20.95087638526452
15521,9.596594053157844
15522,4.528155248153523
15523,0.4186795749685156
15524,4.80701191611922
15525,1.9992677720555463
15526,2.228834097693155
15527,1.635418452068108
15528,19.625195325198746
15529,8.696648131857941
15530,4.297214846807001
15531,0.3874545714317914
15532,4.381535355086401
15533,1.7206239618116905
15534,2.0535395980654707
15535,1.4117860071354378
15536,16.559058417966167
15537,7.713471751812878
15538,3.8690450155279286
15539,0.3509364897787191
15540,3.96171932707786
15541,1.5517265052801317
15542,1.783704769922272
15543,1.324276342550464
15544,19.138080865677292
15545,8.66570061822755
15546,4.290702982237842
15547,0.3626942571726069
15548,4.3897570242149975
15549,1.6245889138569032
15550,1.9940442243687566
15551,1.4061359823358397
15552,18.689571668068357
15553,8.961300534032382
15554,4.137099041987249
15555,0.3711160625076956
15556,4.461771491746659
15557,1.7529303443634727
15558,1.9962924584138146
15559,1.4984017120141404
15560,27.282496508554154
15561,12.075887374732554
15562,5.795245254452992
15563,0.5612872536758565
15564,6.284470561208623
15565,2.44314023689006
15566,2.767470568527198
15567,2.0709666370189526
15568,30.8158055204865
15569,13.925590616319106
15570,6.473535780106518
15571,0.5938395258167103
15572,6.93818875828119
15573,2.7357249397144225
15574,3.266305360257718
15575,2.342302518980656
15576,16.154513077711368
15577,7.7803435552215365
15578,3.503961559255302
15579,0.33479607268419603
15580,3.7998964046552173
15581,1.5476275946785918
15582,1.6776717305590185
15583,1.2767807015577068
15584,23.080144618447278
15585,10.2499859976356
15586,4.9753080609094065
15587,0.4709278977462788
15588,5.256274361679093
15589,2.049944809790366
15590,2.361178965096235
15591,1.8029888547918662
15592,13.846496686376328
15593,6.108431543969948
15594,2.9934531882323854
15595,0.33442381877413446
15596,2.948193547570166
15597,1.2365363545335224
15598,1.3689614266268022
15599,1.0767936268064635
15600,16.663528125656544
15601,7.57754120103876
15602,3.8574621944412204
15603,0.35625524626428157
15604,3.9158359844239885
15605,1.5855007490606774
15606,1.7513869332327578
15607,1.3160548900895095
15608,19.13362708493761
15609,8.91024793156082
15610,4.202183726144534
15611,0.39496446997170925
15612,4.104494394120938
15613,1.7061999465750817
15614,1.9566476511295736
15615,1.5228319567581814
15616,21.397249208618177
15617,9.585913936256352
15618,4.810599161216878
15619,0.41281672963559596
15620,4.749599187610059
15621,1.8835898366758852
15622,2.2011081325651722
15623,1.6586910203425305
15624,28.870158125549978
15625,12.969410099248666
15626,6.439697173015515
15627,0.5987180434816638
15628,6.517202647266076
15629,2.6986497694431364
15630,3.0867050517704375
15631,2.2400457646422183
15632,16.339445059239086
15633,7.888982006288546
15634,3.7873450999638596
15635,0.36910896975864327
15636,3.872712766514976
15637,1.5700348245487146
15638,1.7901645881624495
15639,1.358026879186378
15640,44.051727650366075
15641,19.70849527902709
15642,9.352609842122407
15643,0.8852877898999888
15644,10.03822070449487
15645,4.068620406091327
15646,4.585573660289962
15647,3.311690495580871
15648,21.92843685511992
15649,9.626585635690505
15650,4.451364658144334
15651,0.41976140705514225
15652,4.769948380614009
15653,1.89207686154645
15654,2.1210982905275833
15655,1.6530066627929643
15656,26.481269427116395
15657,12.552791241208244
15658,5.79826683150385
15659,0.535433001069798
15660,6.2084532708245534
15661,2.365583199141023
15662,2.845572199890299
15663,2.06876595954839
15664,40.16571292430309
15665,18.197117049868954
15666,8.554775020990828
15667,0.8585201801552426
15668,9.106561781784245
15669,3.850830731160291
15670,4.111882559081631
15671,3.1261422097574605
15672,36.32024425614308
15673,15.471736009893949
15674,7.862876742456067
15675,0.7049104529817433
15676,7.745688181579777
15677,3.200683946942874
15678,3.536979831892799
15679,2.519440372241286
15680,22.950984986042453
15681,10.06859609443595
15682,4.9114182859760085
15683,0.46755699633750386
15684,5.115550234302189
15685,2.014464349902713
15686,2.31199321433153
15687,1.741960183001604
15688,16.317403106537657
15689,7.456036302623912
15690,3.403752512467807
15691,0.36213608063831154
15692,3.6899480500514255
15693,1.5491596583083596
15694,1.7040881047134395
15695,1.2271078466595287
15696,29.141344590668435
15697,12.856313391475403
15698,6.090192184737887
15699,0.5832771981806614
15700,6.501017905962559
15701,2.64248134987727
15702,3.119053276704209
15703,2.27914062001922
15704,23.596141555978576
15705,10.52161952427719
15706,5.134081321567251
15707,0.4683368137797503
15708,5.183038170055906
15709,2.153476112229545
15710,2.3387292065367786
15711,1.805573694710013
15712,16.943370639569448
15713,7.740690767878199
15714,3.7105853736896637
15715,0.34842876533196265
15716,3.8477753890605713
15717,1.563324431417676
15718,1.7478281972471439
15719,1.2678114089926609
15720,23.234929864337715
15721,11.069433957377052
15722,5.048863235044721
15723,0.46480350534529846
15724,5.219913933010363
15725,2.042988255854233
15726,2.3300607922170617
15727,1.7704115083646457
15728,15.646683569657515
15729,7.216592473795086
15730,3.2006914337221724
15731,0.350929083629617
15732,3.4819329407403496
15733,1.3939987077876481
15734,1.5574968786988646
15735,1.1545399573392225
15736,16.112358238156595
15737,7.436227164852174
15738,3.5104079531758123
15739,0.353700790216109
15740,3.710466051136726
15741,1.5156889607803563
15742,1.6455881152688023
15743,1.2257526721867729
15744,33.97639232167181
15745,14.845828953318533
15746,7.1773641838256514
15747,0.6791199567968629
15748,7.453983250819243
15749,3.034571655036739
15750,3.3936984301680853
15751,2.4865663892459486
15752,17.535361750778705
15753,7.843407611893919
15754,3.7119762097644857
15755,0.36371456035458366
15756,3.977216389621975
15757,1.584867635016714
15758,1.7910068296370387
15759,1.2757871922048634
15760,38.33676700400005
15761,15.471458765515237
15762,8.012306290347338
15763,0.7223707401070865
15764,7.913560077079102
15765,3.1197178596419444
15766,3.7088180924576104
15767,2.7073420979239216
15768,25.241930773272056
15769,11.590885269882929
15770,5.647652612934068
15771,0.4997236382883653
15772,5.858145988421043
15773,2.317541470246086
15774,2.5670392083970732
15775,1.888938879100678
15776,18.082716776772358
15777,8.424967950366494
15778,4.121464419074283
15779,0.36716117686115557
15780,4.178747344197184
15781,1.6372644482422603
15782,1.8690537032842136
15783,1.3680692728502943
15784,48.22571356262789
15785,21.300268162305258
15786,10.29452716348055
15787,0.875723770840421
15788,10.731134975849741
15789,4.435145230449655
15790,4.998849567195545
15791,3.6023468055406838
15792,21.0946914740922
15793,9.845827292402664
15794,4.813710074537436
15795,0.39886685982760617
15796,4.860775824291976
15797,1.9162532715498992
15798,2.095731278698472
15799,1.6268542927820455
15800,26.45958850422166
15801,11.922823925315376
15802,5.545080592200873
15803,0.5554700914699615
15804,5.904661735501058
15805,2.4057651089218264
15806,2.788470497047462
15807,2.031977946942098
15808,30.57727485883701
15809,13.586256876289115
15810,6.939508997449462
15811,0.5883052920355376
15812,6.992395994786671
15813,2.828443966400654
15814,3.19706242604598
15815,2.374633582726549
15816,23.54650380973117
15817,10.26381990247324
15818,4.904503904069222
15819,0.45373972329704004
15820,5.3703045986501
15821,2.0799516985269886
15822,2.3543474096970343
15823,1.7768868640872124
15824,25.47306420237376
15825,11.705733318727264
15826,5.5555743757825375
15827,0.5046205429595432
15828,5.716219471288173
15829,2.2490353545059185
15830,2.6048567539468808
15831,1.9860890753635372
15832,16.146812471260887
15833,7.467128363263319
15834,3.5727001087278047
15835,0.37883649449130913
15836,3.7200182281024956
15837,1.4129046843463764
15838,1.6993639462157344
15839,1.2453238317692363
15840,39.198440675350525
15841,17.762933916377467
15842,8.225931522668008
15843,0.7545762966121468
15844,8.52006630338669
15845,3.459239651624128
15846,3.727647446374809
15847,3.035951209837399
15848,15.172190172995037
15849,6.86463808110768
15850,3.2602252675992216
15851,0.3291509462455732
15852,3.460553731030005
15853,1.349324367773534
15854,1.5650059347438343
15855,1.1790270559387745
15856,16.78623232151926
15857,7.7293272876893
15858,3.7293936579197022
15859,0.36017224414319127
15860,3.870596467829872
15861,1.5929618565694512
15862,1.764285522315774
15863,1.3228250102650312
15864,25.108113501192
15865,11.57211798029477
15866,5.191084997175255
15867,0.4969816016002944
15868,5.682002230521763
15869,2.297203831211809
15870,2.55204848348311
15871,1.9880237718989264
15872,27.93867590193452
15873,12.673809997490299
15874,6.046593725312097
15875,0.559817575545531
15876,6.323193582423545
15877,2.657151135608589
15878,3.030904786929829
15879,2.306252428126549
15880,19.218271136415623
15881,8.889099486756209
15882,4.044308881797408
15883,0.36257972580895675
15884,4.286165938284185
15885,1.7208840619987873
15886,2.015587245050132
15887,1.498008556419963
15888,21.30303443615388
15889,9.610483117187036
15890,4.695190510885809
15891,0.4260485808169549
15892,4.6805081307207725
15893,1.9512070260343575
15894,2.104592584966048
15895,1.6101917532829806
15896,58.60523429405342
15897,27.94597120869021
15898,13.471047469177426
15899,1.1019437443269455
15900,13.586552782932223
15901,5.838736334632213
15902,6.393157302063864
15903,4.834593331868841
15904,17.33018905292677
15905,7.743848665297109
15906,3.7957044387931766
15907,0.3665786312219745
15908,3.7971520349287116
15909,1.5996457260218209
15910,1.825165004298012
15911,1.2613367771662976
15912,18.879093904725387
15913,8.762878884661786
15914,3.9555808806951593
15915,0.4512688170949287
15916,4.104618954753495
15917,1.721327934989929
15918,1.946479783015703
15919,1.4618812029735215
15920,21.94140071046635
15921,9.748298837997233
15922,4.845212225112416
15923,0.49196885701978643
15924,5.13420036474835
15925,2.0225198864848304
15926,2.161280433489083
15927,1.6419380964666146
15928,19.662036159718802
15929,9.188202066260423
15930,4.237404071927885
15931,0.4384626563500674
15932,4.4498195258338535
15933,1.7736191575045124
15934,2.0889848299410696
15935,1.4770766771768211
15936,18.869785988698432
15937,8.174761143247451
15938,4.107023812711731
15939,0.4265901904737866
15940,4.056841231234362
15941,1.6262520787387493
15942,1.9168928737381534
15943,1.3974855649776894
15944,16.398023853388587
15945,7.345788827576792
15946,3.568808120438838
15947,0.39839543326031557
15948,3.7994958743407143
15949,1.5005392843117584
15950,1.7167550601225459
15951,1.2649389579558226
15952,18.97812539819127
15953,8.353655571000537
15954,4.015443557034562
15955,0.40951817355302933
15956,4.0888652100232585
15957,1.5383603839829458
15958,1.912259797492074
15959,1.3488150373931156
15960,18.199586029302285
15961,8.730263063849286
15962,3.9412003620936735
15963,0.4429934499221921
15964,4.217304859643621
15965,1.6570324612320313
15966,1.89490079329073
15967,1.448522844418661
15968,27.10451732766214
15969,12.198599046466887
15970,5.576561158593277
15971,0.5783615995747176
15972,5.918495594225182
15973,2.3367553424152696
15974,2.6213526960823077
15975,1.979026925834731
15976,30.062020702254046
15977,13.542432077233643
15978,6.251930618913994
15979,0.6348180784199374
15980,6.812379629654849
15981,2.637555228422245
15982,3.1022957906968447
15983,2.2481318769272973
15984,15.645842276104462
15985,7.280717092142021
15986,3.3052129007141184
15987,0.3743384883123169
15988,3.7092811429923773
15989,1.448261287350506
15990,1.6081971607130985
15991,1.2041464424148245
15992,22.03659800286543
15993,9.960283041187077
15994,4.60984570827135
15995,0.4982385904481645
15996,4.87650494940395
15997,1.9678983198309452
15998,2.1793455017313583
15999,1.6623675780565705
16000,13.744941419505906
16001,5.943949564682846
16002,2.908327847615693
16003,0.35492199937517493
16004,2.9435680610037935
16005,1.1707677723199221
16006,1.31968917656085
16007,1.0263463503398316
16008,16.095813500957824
16009,7.154989423849362
16010,3.525300174886022
16011,0.3997995175694786
16012,3.6304264609386965
16013,1.4748130622245386
16014,1.6943815218758387
16015,1.2758212960483264
16016,18.4066549909022
16017,8.440807996992035
16018,3.921555162443681
16019,0.42412393650844926
16020,3.9582552157342823
16021,1.646687092454443
16022,1.8443187646417383
16023,1.428621764481307
16024,20.77169627684721
16025,9.304156399688734
16026,4.505832531349586
16027,0.45978090817840866
16028,4.533637175012726
16029,1.784848723852135
16030,2.063384977991419
16031,1.604548612329681
16032,27.507206837509898
16033,12.77110298662342
16034,5.790478155835922
16035,0.6247230888414486
16036,6.2709126913701425
16037,2.574909627762936
16038,2.863783722668239
16039,2.1400961871581377
16040,15.780888456420854
16041,7.365689041304718
16042,3.516785970728429
16043,0.39007957150690376
16044,3.7448616758800193
16045,1.4968668814283845
16046,1.6613643431360052
16047,1.3155125424245933
16048,42.968090941439556
16049,19.35426210167662
16050,9.225274306689165
16051,1.056029339312528
16052,9.75001739406771
16053,3.8566995103696056
16054,4.432560537276436
16055,3.2364293598863676
16056,20.468494017137356
16057,9.164499370047627
16058,4.2312777100391985
16059,0.4440962485127273
16060,4.52735676743963
16061,1.7647902901282275
16062,2.0120898062857653
16063,1.5329817532521643
16064,25.50478654047361
16065,12.28313621900248
16066,5.613503890038512
16067,0.5585326696712288
16068,5.81478307550097
16069,2.29041309559679
16070,2.645788929465251
16071,1.9738950247830875
16072,39.430154328254076
16073,17.626801622198126
16074,8.311725281233603
16075,0.913486291241444
16076,8.502750903644458
16077,3.5085157522225807
16078,3.808113031602044
16079,2.96002359956279
16080,35.54878165875048
16081,14.996596521727612
16082,7.315536685574838
16083,0.7924228793411503
16084,7.545990904885744
16085,2.9621938325304202
16086,3.3409937256408533
16087,2.4535046987663813
16088,22.336852780791016
16089,9.726263330191696
16090,4.877475659276716
16091,0.5002899386097079
16092,4.7264844659036545
16093,1.863779280964068
16094,2.184251907295949
16095,1.6355085187647738
16096,15.758069343917661
16097,7.075232208793331
16098,3.2710081346529125
16099,0.3961356642087978
16100,3.5048891074302646
16101,1.4795373180882985
16102,1.6134237149095425
16103,1.1928291523097247
16104,28.812341339311015
16105,12.814634655053403
16106,5.89219292751683
16107,0.5995112909627084
16108,6.365943943439398
16109,2.4500439387813437
16110,3.0226834092497894
16111,2.0713105030596197
16112,22.811924836980882
16113,10.200683126732876
16114,4.747729171549575
16115,0.4866840315503045
16116,4.8421292938449865
16117,1.9732113139266687
16118,2.2024314235428637
16119,1.6353624521778065
16120,16.880321891889206
16121,7.391883380251164
16122,3.5207594470383743
16123,0.3913074548017553
16124,3.6971680115386834
16125,1.5393202824191299
16126,1.6684444847889162
16127,1.22985738123073
16128,22.37508447207172
16129,10.221390658737164
16130,4.748954077981182
16131,0.5021115478539714
16132,4.701657900821379
16133,1.9098598737235293
16134,2.1774030878844335
16135,1.6930451873222685
16136,15.159351381107543
16137,6.715878697658261
16138,3.0786420722392283
16139,0.3947616679481792
16140,3.4537646127728046
16141,1.3174209572376903
16142,1.5077397368023762
16143,1.1645770284172194
16144,15.743345793494402
16145,6.990397580046821
16146,3.30464675605081
16147,0.39474856439563744
16148,3.6742396086871314
16149,1.3451843064213789
16150,1.5855404854760207
16151,1.1845474609881672
16152,31.73746744642013
16153,14.025558068103546
16154,6.692465984724541
16155,0.7204652458840932
16156,7.163696715041827
16157,2.827127098193645
16158,3.2054445865591155
16159,2.4004418457690226
16160,16.747423523894973
16161,7.5105538968769
16162,3.708881525537585
16163,0.401530672769858
16164,3.7897727705854676
16165,1.4786208585328244
16166,1.7272249424086956
16167,1.28256549658088
16168,35.68996112259973
16169,15.481758273114929
16170,7.70851348853779
16171,0.7947768234785773
16172,7.644185306712048
16173,3.0374072935078624
16174,3.552538879676681
16175,2.644865333793222
16176,24.135415099123602
16177,10.70885172429046
16178,5.1922682745828554
16179,0.5249694877217215
16180,5.412675342713811
16181,2.15123083114249
16182,2.4522230988303053
16183,1.8027969887966357
16184,17.95225043452943
16185,7.844685511604066
16186,3.8379453203235347
16187,0.42110989615528555
16188,3.9674820798858317
16189,1.6301308131937933
16190,1.75117268496017
16191,1.317917990783422
16192,46.66584376683473
16193,20.7919799709555
16194,10.03362311886731
16195,1.0362150002328487
16196,10.204998462028978
16197,4.092643750252527
16198,4.818858486882332
16199,3.4040977108025645
16200,19.856753744833956
16201,9.554291986469114
16202,4.452750635161525
16203,0.45463019374142083
16204,4.575086189354045
16205,1.8016539828827705
16206,2.0340793511132462
16207,1.4709639420590428
16208,25.875173145452827
16209,10.981859221218357
16210,5.306731030656957
16211,0.5230290504416465
16212,5.711294821110812
16213,2.271394068503531
16214,2.548427432035921
16215,1.8537476741742644
16216,30.37152426628382
16217,12.866686922326494
16218,6.498200673902987
16219,0.6463145866738171
16220,6.793272503814165
16221,2.616879001180285
16222,3.1169197127075576
16223,2.1684666884503447
16224,22.595306962900334
16225,9.865994684548525
16226,4.835816411689796
16227,0.5002751537535902
16228,4.876117215148582
16229,1.9805691247916088
16230,2.2142049723277197
16231,1.6888241925670076
16232,24.133682553891607
16233,10.73582508106476
16234,5.109638378179775
16235,0.5239616513055175
16236,5.369708760661678
16237,2.0530840854269496
16238,2.4406870982153417
16239,1.9221022713325886
16240,15.679389055765647
16241,7.054768606807855
16242,3.391961778488414
16243,0.4015483341252532
16244,3.5642900811762064
16245,1.3451754182257376
16246,1.615025393003727
16247,1.201967939470464
16248,35.6670662748148
16249,16.783324276960045
16250,8.03830613369457
16251,0.8894752849354127
16252,7.993316556552403
16253,3.209593037794149
16254,3.5503208503276467
16255,2.881333871014367
16256,14.778504725060774
16257,6.6491798034929905
16258,3.036202316388911
16259,0.36813138382545246
16260,3.2053539179449313
16261,1.2419741169115626
16262,1.4394981766775268
16263,1.1553914241899168
16264,16.21222681843065
16265,7.251427651453661
16266,3.651895876571438
16267,0.4136625545773778
16268,3.6443066682702927
16269,1.518706444968613
16270,1.7221478136790083
16271,1.2469311117606416
16272,24.627662284368494
16273,11.070277314971204
16274,4.983389128711231
16275,0.5263981946211007
16276,5.354673555392419
16277,2.1064917560942713
16278,2.391018056234798
16279,1.812785120573913
16280,27.091532001243685
16281,12.693470913470945
16282,5.774506992104634
16283,0.5804351501727354
16284,5.978813657860895
16285,2.544386659129089
16286,2.82860775965303
16287,2.1636301855460625
16288,19.059355214506517
16289,8.526028584348452
16290,3.863439714968614
16291,0.3761155873903104
16292,4.225731598329022
16293,1.567854415133025
16294,1.914593438993857
16295,1.3725466795276793
16296,20.261666812945098
16297,9.4305550467776
16298,4.417857614318088
16299,0.46600455136685265
16300,4.4885684377995245
16301,1.7537298702211035
16302,1.9915540993989462
16303,1.49889388560042
16304,59.137874468208246
16305,27.337781462202297
16306,12.95130421254932
16307,1.243102071865346
16308,12.941324728650121
16309,5.310936265873342
16310,5.934990632473334
16311,4.648155638503078
16312,16.309484351573065
16313,7.357125106926875
16314,3.609025190456856
16315,0.41176811561899385
16316,3.644990771180459
16317,1.507172666102984
16318,1.731938981161205
16319,1.2971787010416087
16320,18.297314752833927
16321,8.483801128887983
16322,4.628477805475573
16323,0.1210507961005793
16324,5.180024129602718
16325,1.990335653163542
16326,2.3879804115725403
16327,1.6154400138223024
16328,22.17213527042086
16329,9.726993579052865
16330,5.661331708284272
16331,0.15115888835860905
16332,6.49092650032011
16333,2.3737655897903225
16334,2.678348117772659
16335,1.8795545164670573
16336,19.875970609948457
16337,9.309654539148843
16338,5.020743881551871
16339,0.13745887522718675
16340,5.671805678475038
16341,2.0898421369907965
16342,2.597908377923227
16343,1.6941268537909122
16344,18.73006399038059
16345,8.142192756331482
16346,4.777416410270293
16347,0.11539745026087979
16348,5.0616713049107105
16349,1.9049273709211119
16350,2.3313283948219015
16351,1.5663711999428407
16352,16.232591668446545
16353,7.437048517145332
16354,4.227750503015317
16355,0.10373160292479769
16356,4.726051255877399
16357,1.748835154425854
16358,2.1226588776312165
16359,1.4330466456094866
16360,18.91716304183081
16361,8.379565617684078
16362,4.735066181343989
16363,0.11496125710666172
16364,5.083963097897954
16365,1.7804304755175715
16366,2.3276320322175477
16367,1.5147713191386951
16368,18.19482005136917
16369,8.726147124874316
16370,4.618450953527892
16371,0.12720293503984184
16372,5.308559733234053
16373,1.9507627547179884
16374,2.328855944020714
16375,1.6392228649489768
16376,26.725047646102947
16377,12.022706678783022
16378,6.43306126737775
16379,0.17973871177320147
16380,7.262169466852719
16381,2.6754751508237207
16382,3.149747601868488
16383,2.1861464970530315
16384,30.083122161400667
16385,13.619092551059019
16386,7.225662214180477
16387,0.22059535327462912
16388,8.386576594901928
16389,3.067628607622593
16390,3.857035637658981
16391,2.5530349830433012
16392,15.658582743580466
16393,7.434086300776474
16394,3.9616518149683158
16395,0.10643478734818536
16396,4.567685425923299
16397,1.6838336058581236
16398,1.9693466851949297
16399,1.3413474756007981
16400,22.174079932444606
16401,9.815731397555584
16402,5.34404785817946
16403,0.16113491148013082
16404,6.1571235428029825
16405,2.2922204695501485
16406,2.6860575044140136
16407,1.8978104893749805
16408,13.748750383776216
16409,6.052980426728559
16410,3.3876296776929884
16411,0.10692006093459336
16412,3.337641957859795
16413,1.336913880210293
16414,1.592408725940106
16415,1.1171136852218717
16416,16.11902546002818
16417,7.305811998845069
16418,4.190414182087876
16419,0.09668010130398468
16420,4.582775952482908
16421,1.7020061221550618
16422,2.0697567595220456
16423,1.4006488825329517
16424,18.167125840304838
16425,8.377788357082578
16426,4.584117652420323
16427,0.11846861697247252
16428,4.9456918467074376
16429,1.9349773281085982
16430,2.26417557450669
16431,1.6127716629312707
16432,20.72243435190808
16433,9.254858980015168
16434,5.219631754105085
16435,0.13734034800834768
16436,5.719890907079964
16437,2.063987099657547
16438,2.507539683832634
16439,1.8059041453929916
16440,27.340607470432627
16441,12.726461259222116
16442,6.707448853980742
16443,0.20300345675375286
16444,7.754848076468084
16445,2.9696256209619047
16446,3.5002992573325935
16447,2.410865349500885
16448,15.920600528150647
16449,7.490671164749333
16450,4.21113994676434
16451,0.08935625756172956
16452,4.673817921052127
16453,1.7249850360690164
16454,2.034860635037018
16455,1.4747966289561696
16456,43.11132037379933
16457,19.475782407014098
16458,10.339235042031882
16459,0.2904543006582621
16460,12.102090506894822
16461,4.537870240632808
16462,5.500540372430393
16463,3.660881506587948
16464,20.828475338359304
16465,9.328347407232824
16466,5.062410700993005
16467,0.12864390739686044
16468,5.8085167596948235
16469,2.0696020463961027
16470,2.4862237045527946
16471,1.731536261770662
16472,25.828323516077024
16473,12.310805934185241
16474,6.408411699052874
16475,0.168703717730713
16476,7.210073604237792
16477,2.631799202256186
16478,3.1898409532545187
16479,2.1872160557151648
16480,39.34035092793886
16481,17.674378718769717
16482,9.623870300025503
16483,0.31864117709392864
16484,10.679433198919575
16485,4.132451436491672
16486,4.754773195110508
16487,3.3577784089388047
16488,35.20336441448316
16489,14.769871673696573
16490,8.748527950428777
16491,0.23282520774678603
16492,9.6659760208413
16493,3.409222373142135
16494,4.106174290768418
16495,2.7249685136525224
16496,22.39097083476279
16497,9.640287623230133
16498,5.681661277803556
16499,0.1636287237367034
16500,5.9182317684849055
16501,2.1690128325410862
16502,2.689564863776865
16503,1.8523014761343637
16504,15.699439261496192
16505,7.1639982553156845
16506,3.9225736852911703
16507,0.10254729286508421
16508,4.361084216841419
16509,1.6936863987871393
16510,1.9669253226320003
16511,1.2930447568450205
16512,28.72746493267817
16513,12.820507025291192
16514,6.7437805904275105
16515,0.19319147604615758
16516,7.883325862948719
16517,2.8369738784151473
16518,3.6535987604659317
16519,2.3251033079199686
16520,22.95566194777806
16521,10.16969491319914
16522,5.6208706471593475
16523,0.14610501027274939
16524,6.102220081887311
16525,2.319932780841701
16526,2.710031685927413
16527,1.8746271392212002
16528,16.562874728024735
16529,7.43046134827687
16530,4.183701020810081
16531,0.09557597662651217
16532,4.5817309186618465
16533,1.7733156506995722
16534,2.004895274075868
16535,1.3154314623146215
16536,22.241633814002512
16537,10.044065327835796
16538,5.487871076250138
16539,0.15244425110641593
16540,5.876460263279627
16541,2.1977153498726465
16542,2.659311643536368
16543,1.8947688564819651
16544,14.93318568138967
16545,6.71658274625344
16546,3.650939145591233
16547,0.09747750234746726
16548,4.3115302439109
16549,1.5338963909006298
16550,1.831268416865208
16551,1.283942332501921
16552,15.545961760722488
16553,7.070348966201433
16554,3.949201358917582
16555,0.10067443529567774
16556,4.554341309910249
16557,1.5560844632399073
16558,1.9349052203720851
16559,1.276418433777184
16560,32.638492434963034
16561,14.28477760499553
16562,7.94298510925321
16563,0.2162476828934236
16564,8.960823868373197
16565,3.2605008945252774
16566,3.9279593941954705
16567,2.6627667583946524
16568,16.69223379096005
16569,7.6431050488790255
16570,4.403586189085187
16571,0.09107739647203461
16572,4.7603676536888635
16573,1.6898944459786507
16574,2.101079191839974
16575,1.416809382156123
16576,36.31582383399663
16577,15.532405882309158
16578,8.6838134102987
16579,0.26871755567475464
16580,9.773780154893693
16581,3.5295706124645494
16582,4.400378801502237
16583,3.007983482959245
16584,24.17663584013806
16585,10.619137302530389
16586,5.98269441171187
16587,0.1585774014694585
16588,6.729694476561964
16589,2.5039485967657056
16590,2.9855837988891065
16591,2.0314383311196593
16592,17.692737249786195
16593,7.883097329669064
16594,4.485606512536074
16595,0.10496758502130467
16596,4.936400944984134
16597,1.9078285975356633
16598,2.1233042338842236
16599,1.4717271975799582
16600,46.028444344518206
16601,20.814097335365094
16602,11.20267753190629
16603,0.28276202123149685
16604,12.66960832428567
16605,4.793827957737519
16606,5.860503601681121
16607,3.8397649990271367
16608,19.8115393940084
16609,9.530247994155934
16610,5.206882205947877
16611,0.14121147828704192
16612,5.761330976398349
16613,2.1053611950359743
16614,2.51836281067299
16615,1.666795776789664
16616,25.64553918852557
16617,10.889992233076391
16618,6.2583034667933095
16619,0.1666286148385458
16620,7.058683794254938
16621,2.6401280559594245
16622,3.1045420099324916
16623,2.0828060135988897
16624,30.126156506813867
16625,12.912237596002116
16626,7.5196055950606935
16627,0.21251124841604038
16628,8.41238216231353
16629,2.9985704528582398
16630,3.75374694469046
16631,2.412044149543502
16632,22.464355604795724
16633,9.82590690463979
16634,5.649233060341769
16635,0.15797326521506613
16636,6.1005046714425015
16637,2.2935331820772706
16638,2.704223682582216
16639,1.9017681079332618
16640,24.50691990847517
16641,10.82193238216446
16642,5.984902362116307
16643,0.1730291310352272
16644,6.764990828986726
16645,2.4012220975580196
16646,3.0152684622298374
16647,2.187928615135985
16648,15.369265456738674
16649,7.082861043035894
16650,4.059350428941065
16651,0.10410548299251753
16652,4.4522274646882645
16653,1.541065341882582
16654,1.9396518833919243
16655,1.2879453884790222
16656,36.564646853896605
16657,16.95949668292718
16658,9.258643519815193
16659,0.2717600017680979
16660,10.124973893147502
16661,3.7688030696326638
16662,4.418280435100834
16663,3.2539034785354044
16664,14.812197517200145
16665,6.820865853375861
16666,3.6509241615726236
16667,0.09368214989032536
16668,3.951181557040426
16669,1.4164324253319918
16670,1.7536289535872418
16671,1.262350616959058
16672,16.31323757326359
16673,7.403132108033416
16674,4.3486951679451895
16675,0.11063948283144068
16676,4.5905722728045895
16677,1.750545502119568
16678,2.1118184211818014
16679,1.361176386780598
16680,24.466575264861962
16681,11.01106055499231
16682,5.810645530634809
16683,0.1558677489562464
16684,6.710499313342937
16685,2.4514572937958836
16686,2.940112832424623
16687,2.044583150128093
16688,27.608407579173225
16689,12.699422719359063
16690,6.671557861970199
16691,0.1798826616808393
16692,7.4779803435786905
16693,2.9220856246703706
16694,3.4122465208942234
16695,2.4346007562491274
16696,18.945362683542925
16697,8.556250699115896
16698,4.549198972485939
16699,0.1083576146634209
16700,5.240567947920011
16701,1.8498977382103665
16702,2.3421495804512507
16703,1.5703193746858584
16704,20.53335975513781
16705,9.306685369493096
16706,5.108068854997747
16707,0.13519732496562742
16708,5.663575397987426
16709,2.0353464577248035
16710,2.416061272420242
16711,1.6930080292303558
16712,58.564857142265545
16713,27.702493011601085
16714,14.394880965750653
16715,0.44492763809372726
16716,16.00772784995556
16717,6.044879791932761
16718,7.149208901567706
16719,5.2919869443474665
16720,16.230875536152674
16721,7.450017921072269
16722,4.294645663152235
16723,0.10333495761186824
16724,4.53283422272584
16725,1.726842539940028
16726,2.1157473555457167
16727,1.446342742741776
16728,19.618539152530587
16729,9.111257749405047
16730,3.969527292139615
16731,1.000625267324252
16732,3.568634350265341
16733,1.7231908428704859
16734,1.8239647780153876
16735,1.5117997222073791
16736,22.66770702213195
16737,10.406752313847779
16738,4.688255842426469
16739,1.1142552720746512
16740,4.377053021360833
16741,2.110643167946996
16742,2.1817266531838575
16743,1.7547074254122004
16744,21.22953083263341
16745,9.654825148749579
16746,4.285443751663197
16747,1.0424931484520032
16748,3.820799509227996
16749,1.9090271688363567
16750,2.04904764716572
16751,1.6153510328372889
16752,20.016208402033048
16753,8.769899071812343
16754,4.080462357518488
16755,0.971814277426282
16756,3.564347675447839
16757,1.6861329014360027
16758,1.886030880641796
16759,1.4779394743699106
16760,17.226810613679955
16761,7.953423693473532
16762,3.7437908902315318
16763,0.9396019095362068
16764,3.2742254693104957
16765,1.5160747383272444
16766,1.6757919684878206
16767,1.4062370393657213
16768,19.44824872990908
16769,8.76182185668478
16770,3.9978552304818336
16771,0.9307211316853244
16772,3.6131733481787363
16773,1.5621278619291479
16774,1.8417597115089097
16775,1.474560219280571
16776,19.232623808913186
16777,9.159345473918187
16778,3.9297403096234724
16779,0.9676336578431257
16780,3.616730783414009
16781,1.687679508712412
16782,1.8309634371808532
16783,1.5034184185112942
16784,28.22728374571834
16785,12.47724972292256
16786,5.468209843456565
16787,1.357143866315261
16788,5.129334098867804
16789,2.391288026743896
16790,2.5601684723834683
16791,2.1342949927461494
16792,32.03792970121885
16793,14.338039820690673
16794,6.152265582424091
16795,1.4289030901826527
16796,5.729245334738597
16797,2.651857375629952
16798,2.9784635896202816
16799,2.4069516179055177
16800,16.38715252596601
16801,7.803417186422312
16802,3.267708013344512
16803,0.8388650601425264
16804,3.098558729626226
16805,1.4731952296760797
16806,1.54161824879816
16807,1.3243115852424865
16808,23.177411195317575
16809,10.392510731505139
16810,4.720072926325343
16811,1.1111850310595899
16812,4.151308819020554
16813,1.9607961944918355
16814,2.163333205460355
16815,1.7865820676326263
16816,14.394008603211422
16817,6.021490647691253
16818,2.83137243065701
16819,0.7976263376797701
16820,2.546775020719743
16821,1.2744633781654144
16822,1.3426115331625055
16823,1.1791231714152668
16824,17.011187366335847
16825,7.51798867325332
16826,3.6574187315501026
16827,0.8461316397332316
16828,3.210147200701893
16829,1.505936634981356
16830,1.6010887129551374
16831,1.3516085863924991
16832,19.236149732726062
16833,8.979378112545318
16834,3.9417481696403027
16835,0.9535721331481427
16836,3.330125310982771
16837,1.6305644318587762
16838,1.7905504310268168
16839,1.5086371310311582
16840,21.77680923661274
16841,9.686606803232628
16842,4.610225695268744
16843,1.0707462602720006
16844,3.880211902448286
16845,1.8352231222406892
16846,2.0345851619209525
16847,1.677268127408456
16848,29.066109741235543
16849,13.29378800691634
16850,6.048976908631757
16851,1.4012894374856666
16852,5.36339554125334
16853,2.6034266851960814
16854,2.810195545556249
16855,2.275657242337004
16856,16.537613412393192
16857,7.8413200302682835
16858,3.5473128857839393
16859,0.865256502999798
16860,3.1258798274872395
16861,1.523140867726338
16862,1.6244992254649109
16863,1.366438493333986
16864,44.904411437940276
16865,20.302571850910812
16866,8.991992299337795
16867,1.9346939876416078
16868,8.399662138836526
16869,3.895047850674598
16870,4.214094450543154
16871,3.315228314719965
16872,21.979856717091803
16873,9.7659151886215
16874,4.217880943720786
16875,1.0701735737312996
16876,3.839273601297107
16877,1.8382820327693008
16878,1.9477610754188712
16879,1.6739179833680833
16880,26.607534299675347
16881,12.819431089518293
16882,5.430758399460157
16883,1.2778064358416192
16884,5.114963918294478
16885,2.3205938860168804
16886,2.6425205675064154
16887,2.1235652113077297
16888,40.4426347373398
16889,18.604776789834563
16890,8.108896851209547
16891,1.9044586521739235
16892,7.455789098508841
16893,3.6300611498422883
16894,3.752907308203971
16895,3.108648413015225
16896,36.16847721380751
16897,15.687058546964334
16898,7.289675525616996
16899,1.6660604349942765
16900,6.346220828354874
16901,3.022311043613516
16902,3.214933430243271
16903,2.5509345890120856
16904,23.31421278430187
16905,10.238437566716115
16906,4.6431139423881485
16907,1.134539313946294
16908,4.095384886761192
16909,1.9322709557543678
16910,2.097470025605085
16911,1.7220913687801978
16912,16.55021201487266
16913,7.426490810270714
16914,3.145432924658451
16915,0.8618769595215242
16916,2.9504485948502888
16917,1.4580151596166537
16918,1.5444843223549811
16919,1.274561769752613
16920,29.503024629687275
16921,13.050120277837909
16922,5.730503411033723
16923,1.3766112811202629
16924,5.291040243832016
16925,2.523343287164283
16926,2.8556471658772793
16927,2.303664976701059
16928,23.925673170628045
16929,10.723316428809593
16930,4.849854226104751
16931,1.1497627132537007
16932,4.132571289766312
16933,2.069417965635901
16934,2.141752928401011
16935,1.8029485996843875
16936,17.223928601628504
16937,7.813273947020019
16938,3.471715617479925
16939,0.8480522950646359
16940,3.103791315212559
16941,1.498323685189266
16942,1.5899323726912875
16943,1.3223024089345368
16944,23.619522189713948
16945,11.37448477040887
16946,4.787325965177518
16947,1.1318157443418644
16948,4.11036795183622
16949,1.956762171414729
16950,2.143370988658569
16951,1.7701020042670241
16952,15.777300080593827
16953,7.093728672978316
16954,2.998964703299614
16955,0.8091054898329627
16956,2.8362898983675375
16957,1.363203608223386
16958,1.4441780225098895
16959,1.236823783865481
16960,16.008721720425633
16961,7.420541658152492
16962,3.2548320763046092
16963,0.8165551706608397
16964,2.998100256926303
16965,1.43123381604984
16966,1.4854128170815912
16967,1.266510649957271
16968,33.78206395736591
16969,14.953516304165797
16970,6.718489738868687
16971,1.478652320395505
16972,6.277282900493773
16973,2.9053151817188128
16974,3.081249034576698
16975,2.5407024765174744
16976,18.11329103904318
16977,7.992074121429322
16978,3.5333772014506675
16979,0.9295350130750849
16980,3.2348334854784366
16981,1.525638062749737
16982,1.6438641360853319
16983,1.364426297593411
16984,38.51286880766567
16985,16.161705778891616
16986,7.826266108201318
16987,1.7979196343008679
16988,6.454199263088546
16989,3.0586550940892923
16990,3.401794121371804
16991,2.8395601693992645
16992,25.676482093022276
16993,12.012771209531005
16994,5.414351279949495
16995,1.1965913441896319
16996,4.813106029384715
16997,2.2500126038153465
16998,2.3673222060483257
16999,1.9321009089010532
17000,18.337182739770686
17001,8.696590535107761
17002,3.9837124322143724
17003,0.9536615086127371
17004,3.440770734160267
17005,1.58701423013377
17006,1.7332054730842315
17007,1.4357567432274305
17008,48.66471614461942
17009,21.69758933803403
17010,9.791148264304933
17011,2.0313543004311305
17012,8.862481634247974
17013,4.278795976888209
17014,4.574585680611918
17015,3.677600750042085
17016,20.9458707181142
17017,9.869495862751025
17018,4.513693819945765
17019,1.003656493493186
17020,3.871002777654394
17021,1.840404267263436
17022,1.9001725944224797
17023,1.6124409994121567
17024,27.08237948601434
17025,12.331119925723623
17026,5.249228369876187
17027,1.297162430429158
17028,4.864353043726084
17029,2.338209428133462
17030,2.5653317249293237
17031,2.071971396372672
17032,31.72255362004161
17033,13.869173489060275
17034,6.602901382100456
17035,1.4318407539649542
17036,5.836119168029535
17037,2.723982009349219
17038,2.933299123871885
17039,2.429461341629732
17040,23.894315965934563
17041,10.496259856610644
17042,4.671053466501706
17043,1.1343230446217858
17044,4.258881664471635
17045,2.0164808202057163
17046,2.1857529586542315
17047,1.7919135958598786
17048,25.5201537364175
17049,11.848826658730326
17050,5.1737983195672275
17051,1.1763282810841464
17052,4.597705239204111
17053,2.139031447087468
17054,2.339186531576531
17055,1.967495533758657
17056,16.399366263676505
17057,7.451837063275208
17058,3.3450094723870625
17059,0.8489996592180421
17060,2.993970239697921
17061,1.3833077714563897
17062,1.5305930438160529
17063,1.2681511633013047
17064,39.009467439225695
17065,18.04973246872779
17066,7.880124060173562
17067,1.7127784673778905
17068,7.183910820940003
17069,3.2986489999209647
17070,3.425110766105969
17071,3.044543234097756
17072,15.538996696174248
17073,6.944153348137908
17074,3.071697735087638
17075,0.8333748424751719
17076,2.7858254889347487
17077,1.3721661266490999
17078,1.4291728530727181
17079,1.2429162328549868
17080,17.071013920823244
17081,7.684352830492321
17082,3.5102687381933566
17083,0.8617350691466968
17084,3.1547747558862587
17085,1.507096414825577
17086,1.6068412303957769
17087,1.3650624589962919
17088,25.354554328284305
17089,11.83643752848162
17090,4.8944571513343895
17091,1.1809476791540259
17092,4.479382597670663
17093,2.189858689780759
17094,2.313637358281782
17095,1.9836485660905783
17096,28.38291035052738
17097,12.93442524402484
17098,5.692822201966342
17099,1.2914217585018002
17100,5.106545372281299
17101,2.5418206755517385
17102,2.764405062028753
17103,2.3207000408283616
17104,19.677638150056577
17105,8.995395758618232
17106,3.7617737106073963
17107,0.9347597235570644
17108,3.5295417410888037
17109,1.6707991719224844
17110,1.8540266134216146
17111,1.512364221030885
17112,21.091180690924954
17113,9.687086878218652
17114,4.424881019970576
17115,1.0337910900369183
17116,3.7634428659436874
17117,1.8558729390717552
17118,1.909991265960712
17119,1.5815159268337138
17120,61.158104117644676
17121,28.121193620137774
17122,13.074649372053825
17123,2.76026321157534
17124,11.357618265967977
17125,5.633664288163055
17126,5.784899548496994
17127,4.895527860008753
17128,17.623144269917816
17129,7.78036590370347
17130,3.5823232476776647
17131,0.8664367881692538
17132,3.1049958538214883
17133,1.5266109238012686
17134,1.6628827287540613
17135,1.336376877249438
17136,18.95537591981346
17137,9.026770371615088
17138,3.9187200487810276
17139,0.9657880792185513
17140,3.4133516387924834
17141,1.6805947857121037
17142,1.7809253682215989
17143,1.42130260029912
17144,21.70365715414375
17145,10.109498750899247
17146,4.56680373451622
17147,1.0720739948072204
17148,4.264103042657867
17149,1.9624151829290417
17150,1.9858977160055433
17151,1.7116034052424622
17152,20.252809589811722
17153,9.163133394259704
17154,4.224582478279872
17155,0.9946692824154525
17156,3.612043538511791
17157,1.8530835703579804
17158,1.9414129446849582
17159,1.5438097144873635
17160,18.851327421003184
17161,8.723625760775084
17162,3.9238747011337693
17163,0.9710850683587464
17164,3.3918817600549622
17165,1.6172014856843777
17166,1.7751961679300503
17167,1.4376268787245627
17168,16.710534408141314
17169,7.822571799680261
17170,3.3873066313828124
17171,0.9059432465100435
17172,3.0800535291301423
17173,1.4861268971547474
17174,1.5826577902458017
17175,1.3334898865742142
17176,18.757679488650705
17177,8.71016365328596
17178,3.738915824859347
17179,0.9607765471237855
17180,3.3118676982583377
17181,1.5818761443473186
17182,1.72754448786713
17183,1.3857833071588934
17184,18.049591929336454
17185,8.946520261945285
17186,3.788970930712389
17187,0.9732460338442551
17188,3.4254820349271795
17189,1.63300467460755
17190,1.77330194991966
17191,1.4789409067539419
17192,26.34836064391849
17193,11.952639689756179
17194,5.334465637090818
17195,1.296205226092968
17196,4.907282947822099
17197,2.374852490911139
17198,2.4475194220967538
17199,2.0567716523981256
17200,30.555817347314942
17201,13.488292317916171
17202,6.233220031934698
17203,1.5264285552187018
17204,5.4041970744680565
17205,2.600290181614792
17206,2.9143166755420986
17207,2.3767765695495537
17208,15.811037629859241
17209,7.724701590892362
17210,3.1709023242678565
17211,0.8429512344414385
17212,3.0162734760385543
17213,1.4224246160279514
17214,1.4312374982428255
17215,1.2408785693125648
17216,22.492126717163213
17217,10.430476791839883
17218,4.59246797328962
17219,1.0772222842177055
17220,3.9924909483812208
17221,1.9057276250108055
17222,2.0678234132514004
17223,1.7281593177933652
17224,13.789990339648362
17225,5.856102814641816
17226,2.6343589962632192
17227,0.8264099017032271
17228,2.4117891534125357
17229,1.1916298909305318
17230,1.2469162882103488
17231,1.114309026551095
17232,15.935967465637447
17233,7.2931887835436005
17234,3.442557319012273
17235,0.8667007006552565
17236,3.073510958275259
17237,1.4227267044694984
17238,1.522734998300149
17239,1.3109102134853696
17240,18.36270546409309
17241,8.7003199960583
17242,3.7425991981646196
17243,0.9363835035756339
17244,3.268323057916824
17245,1.6027489424986812
17246,1.7106815159679238
17247,1.4296504291704417
17248,20.811762329196156
17249,9.489437991725769
17250,4.513369362253264
17251,1.050764198842984
17252,3.697422195985456
17253,1.8484646893779522
17254,1.9723702386350392
17255,1.6215325291099596
17256,27.055468955273657
17257,12.566974478421743
17258,5.793498814142584
17259,1.4556389510179244
17260,4.902989791336601
17261,2.4833343170896387
17262,2.6826699517242236
17263,2.176234571835944
17264,15.711637015662978
17265,7.558819796674787
17266,3.4341967789335386
17267,0.8384873742683355
17268,3.0491711571713087
17269,1.4118143994123877
17270,1.528948220837578
17271,1.3192042401835444
17272,42.99154909747678
17273,19.531519080376537
17274,8.733551776839652
17275,2.098024470438166
17276,7.699122476412382
17277,3.9239931004632003
17278,4.105955958542067
17279,3.2577872132343293
17280,20.667061931952468
17281,9.641179259025181
17282,4.140307954186437
17283,1.0444826341003053
17284,3.624896504859021
17285,1.7717130642047754
17286,1.8883946092609776
17287,1.624869990669531
17288,26.063912463299598
17289,12.537781224474873
17290,5.365441583512327
17291,1.3480004147827034
17292,4.819263481803374
17293,2.268612675642758
17294,2.4252616832913234
17295,2.0013350650334867
17296,39.400373613025515
17297,18.290897346892468
17298,7.842690438094774
17299,1.983459044528087
17300,7.423550657608237
17301,3.4314145437252743
17302,3.5643038972365146
17303,3.106240830681589
17304,33.72531126713632
17305,15.626773435433662
17306,6.949545426135439
17307,1.7138640680097312
17308,6.142664384168112
17309,2.9482691031240513
17310,3.048143388846735
17311,2.516279798836167
17312,22.318221533182587
17313,10.263434458421157
17314,4.6490143596401605
17315,1.1387622803572999
17316,3.999638106306904
17317,1.9125631948496955
17318,2.028339189077148
17319,1.6807958137827634
17320,15.864394988213228
17321,7.162986028454167
17322,3.064692843691757
17323,0.8404985074023043
17324,2.866421087778799
17325,1.4038647721258584
17326,1.4657366688423845
17327,1.2233530399676087
17328,28.317230993844923
17329,13.151249499006516
17330,5.820030995769625
17331,1.3923627525797044
17332,4.987862981049738
17333,2.400062221308405
17334,2.7805194415843784
17335,2.1999398158558745
17336,22.836410598731796
17337,10.716916053194595
17338,4.648842114646282
17339,1.0947837149117081
17340,4.050308908830415
17341,1.9764911763631925
17342,2.042597206571075
17343,1.7060816056839065
17344,16.361908691460496
17345,7.667423884543975
17346,3.393394527419107
17347,0.851928452932001
17348,3.0213298158925412
17349,1.4445699936517562
17350,1.4920949005783335
17351,1.2846220396531467
17352,22.403509417789405
17353,10.35788620945569
17354,4.62895090484044
17355,1.107638871879642
17356,3.8521915676679654
17357,1.8595210375260025
17358,2.0456457515706
17359,1.7546688061269906
17360,15.054762757147488
17361,6.691316581469147
17362,2.9301155802157806
17363,0.8468849829274223
17364,2.7215185073865573
17365,1.3241208818960655
17366,1.3420644547163652
17367,1.1890496037764746
17368,15.769089149444657
17369,6.950106931988493
17370,3.1142274290834635
17371,0.8285642799789502
17372,2.932144014379852
17373,1.3455961251628656
17374,1.4436955059650303
17375,1.2040167998988431
17376,32.457133008884206
17377,14.347850953973037
17378,6.310982958280917
17379,1.5148371467838364
17380,5.789031915479743
17381,2.7012976373349433
17382,2.9529624328141915
17383,2.478977280652991
17384,17.4645690237435
17385,7.786534670988335
17386,3.5164118166760407
17387,0.8982210988052138
17388,3.0791703283462666
17389,1.4525566584681715
17390,1.6067661861883276
17391,1.33613268750278
17392,37.11932442453914
17393,15.756950538164803
17394,7.700541011205613
17395,1.7317023689673057
17396,6.359921445423813
17397,2.9671103055062815
17398,3.383166250378555
17399,2.653053347130801
17400,24.345713607724665
17401,11.033142191715175
17402,5.165726188898624
17403,1.1769224111434706
17404,4.366266246419933
17405,2.1597799876909627
17406,2.3112908502486924
17407,1.8548603238878154
17408,17.680476933312274
17409,8.222757539546437
17410,3.665324848843996
17411,0.9486345972033912
17412,3.3079931475852984
17413,1.5480138461874782
17414,1.6279314647007377
17415,1.3692687110122759
17416,45.12501833358606
17417,20.11726016009273
17418,9.00225041101439
17419,2.140746834956494
17420,8.320247736068245
17421,4.144794261991153
17422,4.2053392406449435
17423,3.546499540315951
17424,20.07255595938276
17425,9.706870676246124
17426,4.4214677837635445
17427,1.0246531244961394
17428,3.7102949892429717
17429,1.8376686006414686
17430,1.853919263335406
17431,1.525676897975515
17432,26.83876167512095
17433,11.768889479740794
17434,5.181445675230635
17435,1.3035983175953771
17436,4.512542401093704
17437,2.3186594018073032
17438,2.397486637354546
17439,1.9931382611092885
17440,29.614845346147515
17441,13.318941990840424
17442,6.327484812668252
17443,1.4521809254578477
17444,5.362819605400737
17445,2.65737402794166
17446,2.9409734785783463
17447,2.3577451306610993
17448,22.853398315364846
17449,10.249957673202218
17450,4.809760070011088
17451,1.1330395166054905
17452,4.114426249362884
17453,2.0345256582836826
17454,2.131911601122314
17455,1.7372205293558038
17456,23.69397763267628
17457,11.62090621374573
17458,5.1240851523214275
17459,1.158715636506973
17460,4.418153276988333
17461,2.104563669647953
17462,2.2752920590585375
17463,1.9293091816126764
17464,15.499033027796452
17465,6.942042021376662
17466,3.1900985407940845
17467,0.8410487067869683
17468,2.861117511074565
17469,1.3204063675587252
17470,1.4298231278770541
17471,1.2233188555704133
17472,37.92410442816135
17473,16.909037332709566
17474,7.529534359588363
17475,1.9159732232420617
17476,6.733339181893658
17477,3.2170024682231966
17478,3.2796768937491203
17479,2.848891539640938
17480,14.702075992182655
17481,6.918662837274123
17482,3.0208687241996133
17483,0.853628219860448
17484,2.713840587463009
17485,1.3354695019514065
17486,1.3472357438822795
17487,1.2010653363693258
17488,16.398792242127996
17489,7.402482362562168
17490,3.4086738335108486
17491,0.8687594748176457
17492,3.0084507961266516
17493,1.4748649326684102
17494,1.493653263064551
17495,1.3166788566545335
17496,24.41164559552298
17497,10.965921075651652
17498,4.620084320982062
17499,1.177559724851728
17500,4.408593759777252
17501,2.1690005055913293
17502,2.221809814948307
17503,1.9277956546148496
17504,26.87134334330513
17505,12.292552470940896
17506,5.545600289353788
17507,1.3380986854278392
17508,4.715799485219752
17509,2.392597497480908
17510,2.6968533198044113
17511,2.231438063868621
17512,18.63835824296532
17513,8.807300548950955
17514,3.7930217599619698
17515,0.9504080337742904
17516,3.3673577479720858
17517,1.6342991391892776
17518,1.7515896235971666
17519,1.432886801542585
17520,20.526629633434535
17521,9.352315776528453
17522,4.348475139292964
17523,1.034957474253148
17524,3.6992036016608916
17525,1.8404522083442187
17526,1.8044881156666301
17527,1.596492449623621
17528,57.551653543297505
17529,27.615825963445612
17530,11.994852051749067
17531,2.9021306359550203
17532,10.708035547048958
17533,5.453894796647527
17534,5.541492123065173
17535,4.843400049771997
17536,16.430847094703907
17537,7.416819256156212
17538,3.434493752317761
17539,0.8984036333434451
17540,3.0240685790868618
17541,1.41747537486681
17542,1.6139099881211172
17543,1.2853048972217385
17544,15.009674271616673
17545,7.19418338034151
17546,2.8773532840175333
17547,1.7008880549925613
17548,1.5416083781807262
17549,1.3603450256690335
17550,1.261404679261348
17551,1.2561702132319146
17552,17.428022964358487
17553,7.954220451252791
17554,3.470902527434107
17555,2.0817208980734794
17556,2.008705180250062
17557,1.595322054392105
17558,1.4736039817863276
17559,1.48462072048829
17560,16.57117948670582
17561,7.199083736362501
17562,3.207768287735285
17563,1.8762473138881148
17564,1.7230725068371804
17565,1.5133910693148929
17566,1.4266984248601364
17567,1.3765014172150059
17568,15.432489730549866
17569,6.888387363393686
17570,2.9806152348056885
17571,1.8077683216637728
17572,1.6751447310554677
17573,1.3467462876990246
17574,1.3200153230717873
17575,1.2780285399148543
17576,13.42796519745491
17577,6.150863790735244
17578,2.5826161289173344
17579,1.604999607808296
17580,1.4789008637841097
17581,1.2469304361767641
17582,1.175605942455262
17583,1.1852620400120566
17584,15.277691674768786
17585,7.027387928227707
17586,2.7536118818982724
17587,1.654659087294602
17588,1.644372709246729
17589,1.2938321654187668
17590,1.2639387972973843
17591,1.226225726303303
17592,14.545742898857654
17593,6.955033840666635
17594,2.868481349247351
17595,1.7464628419208141
17596,1.58192728265683
17597,1.3459961892949701
17598,1.2766286200053854
17599,1.2812826078278827
17600,21.182381698823193
17601,9.534456568863929
17602,3.8522008809288057
17603,2.459306688545427
17604,2.30255144274878
17605,1.9178130372747815
17606,1.737596398257761
17607,1.7645954063847993
17608,24.36492753147048
17609,11.036697999034963
17610,4.80886588102533
17611,2.7581075979297522
17612,2.4972561843075933
17613,2.093785155961717
17614,1.9503597304033498
17615,1.9989049041599856
17616,12.455639588081967
17617,6.049861727945599
17618,2.381200519804468
17619,1.441476784001215
17620,1.4393156012041148
17621,1.2121107604595245
17622,1.1004013451794064
17623,1.1322009415784284
17624,18.063631313057698
17625,8.070822024037843
17626,3.4529796764157923
17627,2.0556370196142137
17628,1.8495584924013593
17629,1.568421436329051
17630,1.4974110898133053
17631,1.4937082430881583
17632,10.80650775817038
17633,4.4596552622042935
17634,2.0015907015600662
17635,1.281456937748208
17636,1.1696433658318062
17637,1.012122200437664
17638,0.9140583794004579
17639,0.9637518626974284
17640,12.973607447419942
17641,5.779724893124154
17642,2.598721903752426
17643,1.5501790693329123
17644,1.4378886382558145
17645,1.200947724298615
17646,1.1174961712548037
17647,1.1602091965550307
17648,14.63286776899087
17649,6.9394138721132785
17650,2.8030623637670065
17651,1.7088243419756115
17652,1.5335147273880132
17653,1.32011450695327
17654,1.2488705620464344
17655,1.2647435576562243
17656,16.623296453008322
17657,7.428867909756587
17658,3.3902900437257535
17659,1.8835908032848288
17660,1.7447601994542534
17661,1.4738207656026845
17662,1.3982725619341783
17663,1.378582939400518
17664,21.832805204063877
17665,10.32319846480181
17666,4.620888283390457
17667,2.6634114179479584
17668,2.4532268189702595
17669,2.0917831347036238
17670,1.9316480357477726
17671,1.9044877863810554
17672,12.666689219227564
17673,5.9386274192634225
17674,2.6061651807535364
17675,1.4945200110635584
17676,1.4087154757056923
17677,1.2008379799424371
17678,1.1180093556661372
17679,1.1692702383821185
17680,36.927514746471466
17681,16.5386149290872
17682,6.921743173797482
17683,4.156850842061981
17684,3.7813482919996897
17685,3.2059055342480836
17686,2.8311925128865822
17687,2.839091466917533
17688,16.515183347603415
17689,7.671704660368517
17690,3.074905144152779
17691,1.9003875378516168
17692,1.7279138263052514
17693,1.4604929744167858
17694,1.3607631343917963
17695,1.409819143724224
17696,20.87076524985873
17697,10.362719010327194
17698,4.13513812426388
17699,2.571743365426348
17700,2.350747243908509
17701,1.827517828109331
17702,1.774491829692347
17703,1.7385464128671273
17704,32.12136364661512
17705,14.687469972432336
17706,5.735076093452889
17707,3.5585717368382026
17708,3.5048738335344813
17709,2.744739779726055
17710,2.5224030252519625
17711,2.654203765786937
17712,27.66210726858097
17713,12.868646485444536
17714,4.992812547861635
17715,3.264026582766337
17716,2.9160638702108828
17717,2.3679595809066045
17718,2.1364168268893082
17719,2.2035372067014647
17720,18.25899908656774
17721,8.287660397544027
17722,3.5547840334693626
17723,2.0791134760448218
17724,1.9873679685519765
17725,1.5876541638376223
17726,1.4985795121820684
17727,1.471561546757795
17728,12.887135348406845
17729,5.707543886754757
17730,2.3067107151358828
17731,1.4975119170645117
17732,1.3805939766056718
17733,1.193351793986694
17734,1.084541993048948
17735,1.1038067758194245
17736,22.793299085865424
17737,10.859880652201042
17738,4.529779889233008
17739,2.642357006995643
17740,2.3658351239940965
17741,1.9429380342280613
17742,1.9191340679872633
17743,1.8986502363465594
17744,18.555007862436106
17745,8.514307443194994
17746,3.46626751686202
17747,2.0871263341924124
17748,1.952011775576239
17749,1.6285742878432505
17750,1.5187538733098027
17751,1.5008341566525418
17752,13.028694995627102
17753,6.086575473696198
17754,2.5513099193190634
17755,1.5000847932035504
17756,1.403186787128501
17757,1.2081060476039545
17758,1.102697538349065
17759,1.1555866334633687
17760,18.344748793539633
17761,8.455975259006484
17762,3.5305987101095972
17763,2.120096023908988
17764,1.872487907444813
17765,1.5545886109439813
17766,1.5277308533176441
17767,1.5331278990064716
17768,12.148801381617599
17769,5.345989416354725
17770,2.183946936064175
17771,1.4233914641319476
17772,1.2595958566826344
17773,1.1005693282242044
17774,1.0142147816463971
17775,1.0630691230366187
17776,12.72547704552282
17777,5.614839681557623
17778,2.3571036003919117
17779,1.4172265672108306
17780,1.3537196195282297
17781,1.1467241142542348
17782,1.0754376904196647
17783,1.0970007202676717
17784,26.428392830612108
17785,11.792636571159262
17786,4.5838263730721565
17787,3.006726703014559
17788,2.8348290741063797
17789,2.1763559984088308
17790,2.076408578488517
17791,2.180942182111524
17792,13.938728919183484
17793,5.959915662402092
17794,2.611767146471809
17795,1.5639363013173604
17796,1.4207796442257787
17797,1.2151285883506922
17798,1.162763140869053
17799,1.1792902296241692
17800,29.468975636811283
17801,12.625079346626983
17802,5.901877781213317
17803,3.047920028960863
17804,2.813326381557551
17805,2.3863514340142884
17806,2.2838660757568308
17807,2.2714325722643944
17808,19.363788252693112
17809,8.583830001989456
17810,3.9429787401350636
17811,2.1814760283972348
17812,2.103840839191484
17813,1.7551634902580777
17814,1.6067690760028233
17815,1.5797092463209852
17816,14.165320754862732
17817,6.566723050410908
17818,2.7389957885008247
17819,1.64773520242327
17820,1.565575904286252
17821,1.264311729621633
17822,1.1889508818834762
17823,1.211324640925808
17824,39.74182318283018
17825,16.74252981967923
17826,6.922397196965951
17827,4.219112968933467
17828,4.092974179239211
17829,3.3680277540275925
17830,2.923139014120184
17831,3.0707014875450693
17832,16.068841453933562
17833,7.68045534461638
17834,3.2914805166012626
17835,1.881480879747356
17836,1.7498109169145326
17837,1.4741381112080136
17838,1.3549615507961206
17839,1.3613676226932319
17840,21.185969566684495
17841,9.267127754441793
17842,3.8642394202101973
17843,2.3968942006752254
17844,2.2116578064445584
17845,1.845982084372778
17846,1.6564222141968923
17847,1.6896977209999053
17848,23.934082769135202
17849,10.875879905603654
17850,4.94859219262114
17851,2.7787585277485025
17852,2.6159172089353215
17853,2.1989936067010083
17854,2.1086115093593047
17855,2.014994854999508
17856,18.210857207210577
17857,7.797731786365735
17858,3.6420277870336437
17859,2.0963946464095495
17860,1.9496144245939893
17861,1.6408122913204548
17862,1.544562080535637
17863,1.4879553350507448
17864,19.52325065959929
17865,9.419864604270892
17866,3.925850431908622
17867,2.2170649174998434
17868,2.1425327903375475
17869,1.7101783961600072
17870,1.6115494298505144
17871,1.64595587216891
17872,12.636167187015648
17873,5.624991619092286
17874,2.4033090285445846
17875,1.43864987513361
17876,1.3298712290447945
17877,1.1318230405331458
17878,1.0657796449096324
17879,1.104536012303183
17880,31.445116616744734
17881,13.925552631704763
17882,5.845379153448736
17883,3.655071027703558
17884,3.159275555468843
17885,2.6126247709665553
17886,2.237875777306406
17887,2.4861086062144784
17888,11.695644387874804
17889,5.297139929794142
17890,2.2474198511928076
17891,1.3931975833734118
17892,1.2946616036824836
17893,1.1049415565051406
17894,1.0029874436528767
17895,1.0625051804808456
17896,13.09971519433987
17897,5.966575080471823
17898,2.5592181143260286
17899,1.5445758816331638
17900,1.420476990654841
17901,1.235435960674739
17902,1.1038891229788164
17903,1.1660135468046204
17904,19.625301004853373
17905,8.710984944232766
17906,3.463113384723226
17907,2.213708382027392
17908,2.116746477476007
17909,1.7619344755774569
17910,1.6217389924539198
17911,1.6387135450111951
17912,20.9910880145492
17913,9.737138626295566
17914,4.2860914888595545
17915,2.4825710123427545
17916,2.1799171542264717
17917,1.9464387829704546
17918,1.9814339839401758
17919,1.8817861244548189
17920,14.89406366277981
17921,7.085250339956972
17922,2.891305252721547
17923,1.7508228955663379
17924,1.6723745551404292
17925,1.3693522082258853
17926,1.324757072715954
17927,1.2950826274382872
17928,16.460623464360282
17929,7.35299180915892
17930,3.2759223074431385
17931,1.9355071882716546
17932,1.7524571646229306
17933,1.4933657231862385
17934,1.3445799233035887
17935,1.3917447941234877
17936,49.74333874682918
17937,23.21062983328933
17938,9.67123417900028
17939,4.735106416328869
17940,5.49488946732629
17941,4.335095980477496
17942,3.7510488764236927
17943,3.914311558475747
17944,13.150877335126221
17945,5.860591653411907
17946,2.5587908267002004
17947,1.5832713525044109
17948,1.410046606854938
17949,1.195977252580005
17950,1.1534428135157933
17951,1.1454268962334524
17952,13.74847238354599
17953,6.370527114030673
17954,2.6491198122989137
17955,1.8371515394384286
17956,1.1159188433137448
17957,1.2895492138047497
17958,1.1184251994927472
17959,1.2236451168123474
17960,16.165895593646052
17961,7.492853983763254
17962,3.2089351761285445
17963,2.2067199181921806
17964,1.4309757935751568
17965,1.5626142141522668
17966,1.378783495852647
17967,1.4353827946746296
17968,14.896750351785032
17969,6.808518676593281
17970,2.9716602420022546
17971,2.0460469895292945
17972,1.282064289211036
17973,1.3677276582806532
17974,1.280893553304079
17975,1.3153824785792065
17976,14.103471690356347
17977,6.362154648964709
17978,2.722609160757539
17979,1.88054737669466
17980,1.1836986295690288
17981,1.2941803784429404
17982,1.1731400831413352
17983,1.2340557873993998
17984,12.66690542316439
17985,5.697863080685748
17986,2.36746395920606
17987,1.7068123628417935
17988,1.1156007324125468
17989,1.1517198802409192
17990,1.0521430020287805
17991,1.1368260397262386
17992,14.345308592330975
17993,6.345154685832697
17994,2.629990642613514
17995,1.8386118347919407
17996,1.226264764323463
17997,1.2536228454338474
17998,1.174552910180578
17999,1.2171579089972642
18000,13.792426567975129
18001,6.243592784145295
18002,2.7271731077813524
18003,1.8732321733353725
18004,1.1511433451626503
18005,1.2769450300225371
18006,1.1340769261688073
18007,1.218159570118006
18008,19.82122589014707
18009,9.079237237170618
18010,3.799171065120666
18011,2.665171380517114
18012,1.7275056311161436
18013,1.8093646135614927
18014,1.603247175360893
18015,1.7241157487530547
18016,22.08904713261147
18017,10.41801958914363
18018,4.248788031059871
18019,2.88540622390794
18020,1.896876913777611
18021,2.0295104495269274
18022,1.7289618767825286
18023,1.9165175445860139
18024,11.91521331657435
18025,5.835507781266307
18026,2.2067554680841535
18027,1.5776507105408395
18028,1.0767987052297792
18029,1.1252422381640974
18030,1.00218542930318
18031,1.1095799797877652
18032,16.374138855938554
18033,7.902137314827389
18034,3.2407848408721613
18035,2.2078228622757545
18036,1.4613096548953368
18037,1.5487032945037698
18038,1.3987012606037184
18039,1.4466212531553198
18040,9.927691765950824
18041,4.266692291383422
18042,1.8651398548221056
18043,1.3479937994848885
18044,0.9263172720808754
18045,0.9633053605601689
18046,0.8686437046341126
18047,0.9331621300683736
18048,11.527533768050935
18049,5.526720448548778
18050,2.35980605154082
18051,1.643897819015428
18052,1.073282980468226
18053,1.1235248911445395
18054,0.9976176338147692
18055,1.1090132579124756
18056,13.408522188917281
18057,6.515858660260342
18058,2.588435622336154
18059,1.840981746780868
18060,1.130020167616373
18061,1.2358172310851911
18062,1.1376919486855215
18063,1.2196910872663789
18064,15.478187738961433
18065,7.046956821034674
18066,3.0002081944097907
18067,2.034352194886113
18068,1.3018206904945935
18069,1.3660884752905182
18070,1.2589194229163345
18071,1.34925978345633
18072,19.537671097244036
18073,9.86396849651331
18074,4.096850785251994
18075,2.7973482699539494
18076,1.8638964351686926
18077,1.9392180461238493
18078,1.66027984881062
18079,1.8265061387114723
18080,11.70325363773433
18081,5.623960748118611
18082,2.2892256918900036
18083,1.6245052406594462
18084,1.0283624914218055
18085,1.128797265048988
18086,0.9931202917874392
18087,1.1206890882149168
18088,33.24977094714899
18089,14.929463442655637
18090,6.548173442610032
18091,4.11194626770254
18092,2.926472847836887
18093,2.8286262391529595
18094,2.465080227206819
18095,2.6302816145149728
18096,15.409924074239754
18097,7.2641617142674315
18098,2.8654254217546464
18099,2.059569200513948
18100,1.2612566842735895
18101,1.3893596639048422
18102,1.21922330989585
18103,1.3422017661922703
18104,19.245884842085356
18105,9.051139510534655
18106,3.868571155635015
18107,2.632975875275398
18108,1.6271621483224954
18109,1.8212922831469818
18110,1.6387248456178896
18111,1.6709055347955162
18112,29.64428250745683
18113,13.50953331033866
18114,5.200341344808731
18115,3.6710392618400363
18116,2.5509588395610794
18117,2.6111840393595473
18118,2.2753960730409934
18119,2.4778925729073604
18120,25.017026081769053
18121,11.407960070097216
18122,4.709602533340277
18123,3.350146885121144
18124,2.104259820255809
18125,2.209851446834019
18126,1.918805893559321
18127,2.1425649603475287
18128,16.335366896627093
18129,7.695391366937335
18130,3.2238497070282746
18131,2.1984900416064543
18132,1.4215201690130872
18133,1.4670022464912305
18134,1.3393198554839696
18135,1.3976853271527225
18136,12.214794683046788
18137,5.362776784684293
18138,2.190384837830334
18139,1.5476148119675053
18140,1.0383288894749372
18141,1.1408982591304522
18142,1.004236863138641
18143,1.0809459415668512
18144,21.104019131480165
18145,9.510248963303754
18146,4.140465406302755
18147,2.7445116225214536
18148,1.8187452243996236
18149,1.9377065966194549
18150,1.7639822045612976
18151,1.8040822549515492
18152,16.775045512432815
18153,7.647225588129111
18154,3.0977082765803563
18155,2.2079719878715136
18156,1.3902837613347216
18157,1.5726549915522454
18158,1.3668074766989673
18159,1.466372208564251
18160,12.291121747438847
18161,5.7865324950310715
18162,2.4641738432220475
18163,1.6250152459146134
18164,1.0807814081335694
18165,1.1498593418302288
18166,1.018114322601881
18167,1.12811284857707
18168,16.253281917352094
18169,7.879779626615879
18170,3.2086553152134902
18171,2.221423980782921
18172,1.3211268595678474
18173,1.4611486060927024
18174,1.3413153406320069
18175,1.4415654259815585
18176,11.064874878968444
18177,4.781329979208558
18178,2.0852573867105657
18179,1.5437639287392484
18180,0.9391189864796099
18181,1.0375265512193244
18182,0.9342021159809425
18183,1.0329082544426944
18184,11.427769218451797
18185,5.189577078401754
18186,2.231131839147416
18187,1.5037912521159695
18188,1.0059046825128806
18189,1.0724251715215523
18190,0.9742973992502522
18191,1.0692600615494443
18192,23.597298212037952
18193,10.30857452945654
18194,4.228862588930078
18195,3.261639357977869
18196,2.130702270228691
18197,2.1165343475549085
18198,1.8860204176530997
18199,2.071577085917001
18200,12.532650275146013
18201,5.804170795662177
18202,2.4218844119784504
18203,1.654749665308242
18204,1.0604299137360298
18205,1.15988013774751
18206,1.0508912502986034
18207,1.1413234722843675
18208,26.057533424065205
18209,11.459681759621734
18210,5.233335760888652
18211,3.2769148514151896
18212,2.1517174290890475
18213,2.200409173657344
18214,2.056209027361324
18215,2.2225632746827086
18216,17.517138183342354
18217,8.197212078282488
18218,3.6033107923676795
18219,2.2838544930143505
18220,1.4745487528865648
18221,1.6683796122891732
18222,1.4319016886983238
18223,1.5115181571070815
18224,13.602701507476068
18225,6.37295636888131
18226,2.5766130685203175
18227,1.7542240108109577
18228,1.1439722563688641
18229,1.2162190989372619
18230,1.0756856134015524
18231,1.1738139117408306
18232,36.43869934822747
18233,15.402895446105987
18234,6.655574688773172
18235,4.195469268881635
18236,3.0122107348114224
18237,3.064819277873356
18238,2.747913144114868
18239,2.8187261525801017
18240,14.732779586171818
18241,7.157670850013413
18242,2.9314870643083397
18243,2.048900312498545
18244,1.2859658852786227
18245,1.3870627737565568
18246,1.2195572542106539
18247,1.319682951108681
18248,19.106600311390924
18249,8.883854100588081
18250,3.491057237429724
18251,2.53644484873415
18252,1.6515960621248365
18253,1.7832658871725457
18254,1.5376898842531361
18255,1.6460846169591121
18256,21.941750106187204
18257,9.929057570555958
18258,4.379248019975795
18259,2.8371779602715477
18260,1.865900442386683
18261,2.022303704523386
18262,1.8272758330817664
18263,1.8862974734757383
18264,16.698212301679117
18265,7.674418988645628
18266,3.13317747731753
18267,2.216239843256029
18268,1.4533058933722454
18269,1.5124021720497163
18270,1.37291151838518
18271,1.4553236321378238
18272,17.69549202527381
18273,8.563847742910196
18274,3.6714079364155503
18275,2.3135471283720657
18276,1.5870604873366254
18277,1.6161209976077011
18278,1.4675672856631539
18279,1.5694335282172633
18280,11.608521065015683
18281,5.304446128125369
18282,2.2421091220277494
18283,1.4966457192645763
18284,1.0138124908463497
18285,1.060297134859589
18286,0.9751848972336244
18287,1.0525004440133643
18288,27.470917606218677
18289,12.966066501300286
18290,5.675184022730952
18291,3.769957205951231
18292,2.29510247148058
18293,2.4781699612818353
18294,2.11112945156402
18295,2.374659643955767
18296,11.111926254728118
18297,4.989219507863383
18298,2.145393422902852
18299,1.5677761498787786
18300,0.973564468065704
18301,1.07526320606154
18302,0.9844370587152608
18303,1.0473393604800165
18304,12.198901020630728
18305,5.578146676975995
18306,2.436202612294304
18307,1.6460906429645474
18308,1.049676280151086
18309,1.133123321478936
18310,1.027372858724485
18311,1.1359885234140317
18312,18.026491134217284
18313,8.32444825443152
18314,3.3162130642542564
18315,2.35467073608255
18316,1.5462040366447094
18317,1.6637739388214499
18318,1.4761895760248533
18319,1.5794545034285057
18320,20.021908339107014
18321,9.542087905150074
18322,4.071151180704854
18323,2.6471391901647086
18324,1.7261666201977661
18325,1.9202082939798972
18326,1.7246832650540542
18327,1.8739066861260878
18328,13.912835208761665
18329,6.788822507136203
18330,2.5175357416560518
18331,1.9129954858974185
18332,1.169474107303231
18333,1.3102747861775834
18334,1.1616778354137725
18335,1.3005545324341525
18336,14.75409151582949
18337,7.124699392862648
18338,3.007540063992803
18339,2.036152096802597
18340,1.2271943896440565
18341,1.367519649233719
18342,1.2241044484859582
18343,1.3448858133717343
18344,42.68571841275577
18345,19.39470993256424
18346,8.821705146799966
18347,5.19225006693247
18348,4.162238777203614
18349,3.8288538898439977
18350,3.358733544451823
18351,3.592767145057894
18352,12.481755473825602
18353,5.658783249106962
18354,2.423650475493981
18355,1.6606746630005684
18356,1.0589972182580336
18357,1.1300836293814527
18358,1.0326046375502236
18359,1.109900538382478
18360,16.52628158275514
18361,7.463037323564598
18362,4.8390135140042965
18363,0.09336356006897784
18364,5.180472171534614
18365,2.0245581629667573
18366,2.4563815028350926
18367,1.584579196509883
18368,19.30910971902668
18369,8.50727263843399
18370,5.724408153448428
18371,0.10964903412093377
18372,6.400285838506078
18373,2.3669405902710263
18374,2.920955905950799
18375,1.8841346145428006
18376,17.440535353249007
18377,8.190401057166614
18378,5.136351961103099
18379,0.09892663882732702
18380,5.608192363868924
18381,2.075144697285449
18382,2.6244564564183914
18383,1.7207951082787707
18384,16.208800295379707
18385,7.245366508159968
18386,4.901142098004003
18387,0.09178710877721499
18388,4.9183029794477875
18389,1.9225602826166026
18390,2.3637384095952667
18391,1.5613750525189374
18392,14.488576630788922
18393,6.4236406789761915
18394,4.331213643875078
18395,0.08669964129471286
18396,4.638620981553086
18397,1.763313467134105
18398,2.1733870850701127
18399,1.4139651276221215
18400,16.381785033101448
18401,7.250423135285884
18402,4.793721207246161
18403,0.08301935671324419
18404,5.181618270199769
18405,1.8387875702801333
18406,2.39126464085919
18407,1.4644660651905617
18408,16.14856803164287
18409,7.530013783068475
18410,4.74753435968853
18411,0.09815833459591668
18412,5.241870580143213
18413,1.935652037936496
18414,2.4035622667960923
18415,1.5809585826565007
18416,23.392484909656243
18417,10.583710703350068
18418,6.939826409097507
18419,0.13910906747180954
18420,7.427983548207052
18421,2.718108069578355
18422,3.329361032577053
18423,2.2329589303406974
18424,26.944761752964503
18425,11.93915575000635
18426,7.338703272840901
18427,0.16243170945016788
18428,8.180628507446054
18429,3.1068200524322127
18430,3.938834053270045
18431,2.535892070411701
18432,13.86309550987656
18433,6.509994904435077
18434,4.052841938535303
18435,0.08108461472124354
18436,4.444692112333506
18437,1.6796741687279908
18438,1.9458278593395122
18439,1.3317823567714389
18440,19.148449366013235
18441,8.83491889240065
18442,5.664463057005136
18443,0.1102043971097066
18444,6.169739697781128
18445,2.314638182685807
18446,2.8055159820513533
18447,1.8792197235539256
18448,12.406923241674118
18449,5.432008874014931
18450,3.4824399309207217
18451,0.06813288928203122
18452,3.3481681287284477
18453,1.3637970915750957
18454,1.5993961688387006
18455,1.074429039552552
18456,13.64714325474252
18457,6.373159876896834
18458,4.285981851157882
18459,0.08463391668606635
18460,4.74303375289708
18461,1.7385821181228716
18462,2.1278290003255225
18463,1.448820657264916
18464,15.869870591037744
18465,7.40958667987851
18466,4.717179894302761
18467,0.09904379275708039
18468,4.798470258759322
18469,1.9010042794343394
18470,2.3633436811568522
18471,1.590089576056116
18472,18.193749076040028
18473,8.113599719035427
18474,5.193546722523849
18475,0.10075904273478346
18476,5.639370360852086
18477,2.078926508566233
18478,2.628249352090031
18479,1.7525116533657723
18480,24.198183743610922
18481,11.403752035787964
18482,7.129297825228952
18483,0.1424475895267237
18484,7.594740764580699
18485,2.9546521504059666
18486,3.7970082994262047
18487,2.417491812711954
18488,13.977915982326172
18489,6.521276537320068
18490,4.2667551734136575
18491,0.08117655420220883
18492,4.521911095043941
18493,1.7703356531723722
18494,2.1222555439084503
18495,1.4804256615282618
18496,38.21160370519982
18497,17.037274133266614
18498,10.606763171832599
18499,0.23340878803125306
18500,11.673819761377523
18501,4.44615088728642
18502,5.8163171269363865
18503,3.4993805034920027
18504,18.323499554219786
18505,8.139171172395828
18506,5.141623126677324
18507,0.09762584865051249
18508,5.5454559064113065
18509,2.080558291087074
18510,2.610534377065388
18511,1.7229362571735152
18512,23.352424738385128
18513,10.599469054089633
18514,6.436512098032843
18515,0.11978297112538422
18516,7.117816192673075
18517,2.662313792729151
18518,3.438648380650913
18519,2.109364756082251
18520,35.17293970984264
18521,15.84400494013502
18522,9.860185765491945
18523,0.20008265268220807
18524,10.587374720876005
18525,4.185386238073088
18526,4.917082768447789
18527,3.2884411077693705
18528,29.69041653070115
18529,13.20747558534278
18530,8.702918993800099
18531,0.15818324171792447
18532,8.948348267441155
18533,3.4279936672491385
18534,4.284881963997062
18535,2.7285195030409746
18536,19.635150313030636
18537,8.722071742855757
18538,5.537453368680687
18539,0.12516150455655886
18540,6.028833491318035
18541,2.2197420152102416
18542,2.871478217381442
18543,1.8454181452514342
18544,13.80823622598419
18545,6.226049980285563
18546,4.003610087121502
18547,0.09333426936769332
18548,4.504656020388231
18549,1.7114846876998355
18550,2.0973850686871316
18551,1.3232466106885448
18552,25.554923798828955
18553,11.054190591536301
18554,6.869394179400831
18555,0.15866461677703422
18556,7.681390880395218
18557,2.994590068748303
18558,3.7651651455612307
18559,2.3462208968743585
18560,19.908339342610756
18561,8.737125597625305
18562,5.879290551878711
18563,0.10890637135252713
18564,6.04471321257967
18565,2.366545169624756
18566,2.7804355568411374
18567,1.9211160931483169
18568,14.096860478719176
18569,6.481114215255716
18570,4.272034548727684
18571,0.08044096866475275
18572,4.595546699123411
18573,1.759792719235734
18574,2.128502462058749
18575,1.392096221641289
18576,19.51295697877637
18577,9.034402415469938
18578,5.681204522554964
18579,0.11180668133871195
18580,5.843198538051635
18581,2.1927512588828435
18582,2.850304987060596
18583,1.8965348346448865
18584,13.067287683053012
18585,5.688334686345066
18586,3.810638418121321
18587,0.08494012681324255
18588,4.162553545453716
18589,1.6398778053380372
18590,1.7932829171414288
18591,1.238253257881966
18592,13.675968566552978
18593,6.057759140645299
18594,3.996947871340093
18595,0.08593418795432699
18596,4.441239566051159
18597,1.565348913093816
18598,2.0181331927113026
18599,1.2730420192241079
18600,28.76348647706015
18601,12.45976468856255
18602,8.195565162028318
18603,0.16862313746675286
18604,8.942758896191155
18605,3.203744404936609
18606,4.162517457900152
18607,2.611857959113625
18608,14.198073593562663
18609,6.620354515845619
18610,4.327907259596465
18611,0.08422484466530687
18612,4.568447584217336
18613,1.7234333765939354
18614,2.18352773728254
18615,1.3961684816601403
18616,31.59861113938469
18617,13.410831867690927
18618,8.732579520809109
18619,0.17499555199094183
18620,9.267765749494044
18621,3.4037709111234093
18622,4.52141986433156
18623,2.9865760232937775
18624,21.33016531050557
18625,9.659833973897086
18626,6.1765909483493955
18627,0.11950382249712459
18628,6.605612411331119
18629,2.5710857851440045
18630,3.1966988744695732
18631,1.9966598214079263
18632,15.734230655018909
18633,7.235339116910081
18634,4.566132824614546
18635,0.0927157275247193
18636,4.891826886948598
18637,1.8627360656553449
18638,2.214072844343799
18639,1.5030762871710137
18640,40.75533909621623
18641,18.491495540406497
18642,11.537601759024064
18643,0.24409853406181437
18644,12.577484072004454
18645,4.877878373854537
18646,5.913519415893736
18647,3.9122925806585704
18648,17.658909299475074
18649,8.237256189131294
18650,5.200098847659404
18651,0.0976575913716921
18652,5.609305093485315
18653,2.1451603438654234
18654,2.5867743574569593
18655,1.6939478096604863
18656,23.358377586078536
18657,10.383099834394667
18658,6.482153125762697
18659,0.1247106188926252
18660,7.102451194512172
18661,2.707721922925707
18662,3.212454972050874
18663,2.1671825636911777
18664,26.57203870420711
18665,11.781593501938909
18666,7.491521796808124
18667,0.14935825430013824
18668,7.969789826868174
18669,3.0200665798192268
18670,3.9335967977294306
18671,2.4523539875159837
18672,20.445537317497244
18673,8.973334998248081
18674,5.6226295999323135
18675,0.1167024822938039
18676,6.158312913998103
18677,2.3182245244642967
18678,2.818269247876724
18679,1.9638022552322478
18680,21.083840453891042
18681,9.57006442951418
18682,6.11590086384276
18683,0.11099725460527202
18684,6.705535852547139
18685,2.4265285419781786
18686,3.155167432881942
18687,2.056584211645653
18688,13.516939789273025
18689,6.239751263672362
18690,4.062441920174327
18691,0.08287020484510746
18692,4.534860649593297
18693,1.5798278681449587
18694,2.0713420334416237
18695,1.313926645840425
18696,32.83773758218373
18697,14.988642411538345
18698,9.484963772989689
18699,0.18933644088309226
18700,9.81077452743752
18701,3.7919536306305313
18702,4.749541682596667
18703,3.041122743256067
18704,12.999361469653413
18705,5.7754557370659745
18706,3.7125752969203663
18707,0.06786613658150625
18708,3.9892861042330154
18709,1.5025578075292667
18710,1.8548907178682312
18711,1.2647728813268022
18712,14.122105034648351
18713,6.370310543312842
18714,4.318683075855186
18715,0.07910770727032468
18716,4.397276874535591
18717,1.7268332917890976
18718,2.1652985480448557
18719,1.4177161528237083
18720,21.67868239499489
18721,9.534961315453126
18722,5.836228232169487
18723,0.111350524656167
18724,6.634664224180206
18725,2.5020476710524093
18726,3.1557063523136626
18727,2.097573288007405
18728,24.786783937702115
18729,11.230849648899229
18730,6.815676085384524
18731,0.13171048212150144
18732,7.619398773426975
18733,2.9136586157526803
18734,3.601536024151538
18735,2.5149948828987467
18736,16.371180592818913
18737,7.694812082576699
18738,4.638387468971204
18739,0.09053304984592332
18740,5.134829077595639
18741,1.9420168600671626
18742,2.4352364275937823
18743,1.6079765644612651
18744,17.779482917519736
18745,8.131749313517917
18746,5.237312256194784
18747,0.10310119475288095
18748,5.442977326248198
18749,2.086082352815816
18750,2.559424540374778
18751,1.7390444324986
18752,49.84233922637731
18753,24.097548016039163
18754,14.650215881607062
18755,0.3851829193542568
18756,15.641983854918301
18757,5.9417746006702865
18758,7.485982562667321
18759,4.96323071624394
18760,14.441655381476751
18761,6.443528085224206
18762,4.3663953756746094
18763,0.08209974569456821
18764,4.59015570452578
18765,1.7395832093606969
18766,2.2692890754646746
18767,1.369973266645567
18768,13.786542937087301
18769,6.659920451046115
18770,2.690694548427167
18771,1.6830956121694391
18772,1.2061535172169564
18773,1.3263231795527224
18774,1.154583199587625
18775,1.2196594797423168
18776,16.416972973389456
18777,7.404416111067316
18778,3.3449270674137934
18779,2.144549869091775
18780,1.5883812576083667
18781,1.5278022666986295
18782,1.376073271815684
18783,1.4219759771224059
18784,15.276333933967626
18785,6.61588729617649
18786,3.087473680343257
18787,2.0182639233324577
18788,1.2574740224421768
18789,1.480299180206487
18790,1.3183696191087801
18791,1.3431727798049264
18792,14.165371231869958
18793,6.42361280038535
18794,2.7229967045885335
18795,1.8166241760864603
18796,1.2148821958747142
18797,1.2706869156713945
18798,1.196420617775638
18799,1.2274115215661232
18800,12.52349620372266
18801,5.7021809309080576
18802,2.439251402700943
18803,1.6349474603868839
18804,1.164021221035917
18805,1.1608793642098996
18806,1.0497632703669046
18807,1.1719559093562713
18808,14.315962873952978
18809,6.505339113280639
18810,2.5492598195016702
18811,1.817662252160437
18812,1.252224125326001
18813,1.224531792414469
18814,1.2281679813807422
18815,1.2405311868502116
18816,13.808517955151947
18817,6.527935574686474
18818,2.7918300943844754
18819,1.7912157414939234
18820,1.1904651663694783
18821,1.2811359991800204
18822,1.1682226737742971
18823,1.2267453804178972
18824,20.101865308732858
18825,8.992993141761724
18826,3.5204576806295362
18827,2.721276860209481
18828,1.7836888110394
18829,1.8139149561157828
18830,1.6061160258548277
18831,1.6996743919839803
18832,22.86960439820776
18833,10.280726441633242
18834,4.305228149788522
18835,2.9114932694439615
18836,1.970788011594158
18837,2.0744123439943083
18838,1.8786636265998735
18839,2.0592581612798817
18840,11.703501022634596
18841,5.690019766209769
18842,2.164084216380707
18843,1.498275786472069
18844,1.1603625790500938
18845,1.122670197462837
18846,0.9966882073554142
18847,1.1137737715692329
18848,16.75008405751145
18849,7.648992213334272
18850,3.409282191843585
18851,2.1855216732512033
18852,1.5051156604322116
18853,1.5634165311949997
18854,1.3966222480096393
18855,1.4587571208570136
18856,9.782050661804817
18857,4.413711302920069
18858,1.9129035220894373
18859,1.338192405097995
18860,0.9978544185784802
18861,0.9851579907183775
18862,0.8763015674970519
18863,0.9424108337028947
18864,12.15312408324549
18865,5.54646732835957
18866,2.37842392488331
18867,1.5929243523736487
18868,1.1335178907512162
18869,1.1396944029728615
18870,1.028039676334324
18871,1.1341756777437526
18872,13.52657414195165
18873,6.599266628905757
18874,2.6417777584241775
18875,1.7498450363111815
18876,1.1406570891572037
18877,1.2369750254221752
18878,1.1208064297393823
18879,1.2367594751926263
18880,15.59819062064982
18881,6.9366136825611795
18882,3.1443397005256077
18883,1.9614593890014138
18884,1.341088678587469
18885,1.397203630552876
18886,1.3087166060905744
18887,1.3705550001749314
18888,20.662848430788888
18889,10.04367332247733
18890,4.1713915624071625
18891,2.8682558373225455
18892,1.8724695465104764
18893,1.9860965947177136
18894,1.767509039141646
18895,1.8683420896434935
18896,11.965380718071403
18897,5.527242081441507
18898,2.37029093046202
18899,1.5798158562405742
18900,1.1108062766238218
18901,1.1343238850205395
18902,1.0421099506034006
18903,1.1901370800700435
18904,33.80207151599216
18905,15.18782309106503
18906,6.287649008586504
18907,4.303192871664521
18908,3.0085094797890712
18909,2.9150042621248216
18910,2.5779549713963763
18911,2.7873468952383194
18912,15.760740421241485
18913,7.236221195554487
18914,2.9204985793595384
18915,1.932489657850564
18916,1.2882797443434404
18917,1.3889268691520007
18918,1.2349602718679604
18919,1.3327908470712704
18920,19.95554857950109
18921,9.31397296685523
18922,3.807821803411295
18923,2.6302282982146212
18924,1.774664365519401
18925,1.776615673666133
18926,1.6616945039163993
18927,1.7389055309509955
18928,29.30202782648206
18929,14.028365751482129
18930,5.276571316545294
18931,3.61975723811725
18932,2.7824481852124276
18933,2.6038464298657105
18934,2.226214258511634
18935,2.5332659047297583
18936,25.960168900801605
18937,11.731462090140901
18938,4.501080254589974
18939,3.405392569374205
18940,2.0716998254331824
18941,2.2241303445542924
18942,2.020791904588119
18943,2.129356452550359
18944,17.266967115893983
18945,7.64161647270926
18946,3.376440391555062
18947,2.1989755394083303
18948,1.5421586599798471
18949,1.5256500517423384
18950,1.366511656822294
18951,1.446076192696013
18952,11.790246159321443
18953,5.385323613021498
18954,2.183497871537012
18955,1.5339521937143796
18956,1.0865952044316272
18957,1.1311833677347685
18958,0.9927109240224189
18959,1.027690739556999
18960,21.25064527277879
18961,9.75162543574451
18962,4.368136292927571
18963,2.855843186759638
18964,1.8198832222490333
18965,1.9014537151780517
18966,1.751476409090037
18967,1.8971793659496126
18968,17.54542834021137
18969,7.695794589916818
18970,3.120099721989451
18971,2.221265314139491
18972,1.5350087517609794
18973,1.5813677910559774
18974,1.4221517389777416
18975,1.5178247853408433
18976,12.584770682547932
18977,5.771161184586545
18978,2.3190712449351216
18979,1.5979579374580721
18980,1.1253586202615613
18981,1.1054862760701523
18982,1.0215547706293802
18983,1.1267629837622914
18984,16.971995879310356
18985,7.969624623342331
18986,3.41811737255811
18987,2.1963375196969976
18988,1.447558213655648
18989,1.4666232539183393
18990,1.4137506535733366
18991,1.4858702307432867
18992,11.010164469977049
18993,4.987201312697012
18994,2.105225640908075
18995,1.4334879859614125
18996,1.0323954729633398
18997,1.0475432264294733
18998,0.925968592474065
18999,1.00912605394157
19000,11.631036524141418
19001,5.53351617194503
19002,2.2025766359246473
19003,1.4465705509972715
19004,1.065053760526416
19005,1.1049870654903098
19006,0.9693321089368686
19007,1.0319063949631142
19008,24.608476275853015
19009,10.740285620875245
19010,4.187513341706328
19011,3.2462190010336074
19012,2.0876407000982478
19013,2.0925832261119313
19014,2.0146978322779305
19015,2.134954191356932
19016,12.603809932666447
19017,5.660496575216154
19018,2.4481659917749936
19019,1.585959979533906
19020,1.1045008136383132
19021,1.1481257495392425
19022,1.072372925933914
19023,1.1563681917157358
19024,27.671994271391952
19025,11.8899653960957
19026,5.301208939473373
19027,3.244541346113407
19028,2.399615003844161
19029,2.252064450333028
19030,2.012595588091697
19031,2.2678510766074838
19032,18.172550098505276
19033,7.83295827197658
19034,3.5515444743396225
19035,2.33484462042614
19036,1.647180373945653
19037,1.693164193302757
19038,1.4693760721283513
19039,1.5226125231268657
19040,13.56967229767331
19041,6.380514987889579
19042,2.603995814225032
19043,1.6359225029458775
19044,1.1738693076587634
19045,1.2163635901791505
19046,1.0939217691769874
19047,1.1712734268433052
19048,35.77677534759776
19049,15.720858967650724
19050,6.328416803224637
19051,4.3844718848971596
19052,3.1428520210486233
19053,3.1430646560841
19054,2.6564037197827512
19055,2.9862353716864494
19056,14.990306130551405
19057,7.071964194787638
19058,3.0246707036533365
19059,1.9425684023442567
19060,1.3428190670706466
19061,1.4520816453179446
19062,1.2516560695265677
19063,1.2916228965122951
19064,19.4956320399079
19065,8.775278622012634
19066,3.857880505374202
19067,2.5531299147317417
19068,1.7759396536484438
19069,1.8033822112616944
19070,1.6021468619477262
19071,1.6298035713298518
19072,22.638039871505477
19073,10.654747290132299
19074,4.675068848405601
19075,2.9656947829501266
19076,1.9232050106225367
19077,2.0947197193285776
19078,1.8899898479855504
19079,1.9730952600272023
19080,17.31304852367568
19081,7.240150041906237
19082,3.1142877554202277
19083,2.176723450253779
19084,1.4617347881441947
19085,1.5174030208106695
19086,1.4197772348051314
19087,1.4823440320185526
19088,18.69845237592815
19089,8.460305584219906
19090,3.55181957141182
19091,2.2981610691582977
19092,1.694819322375905
19093,1.5740692771074793
19094,1.440342333447147
19095,1.5961264041739935
19096,12.21462785586034
19097,5.460580232361781
19098,2.248862810464937
19099,1.5173605589617807
19100,1.0756249166616725
19101,1.1040145619191752
19102,0.986693803217775
19103,1.0359217719850549
19104,28.361410036649886
19105,13.266077096147233
19106,5.432622856282029
19107,3.700175376892827
19108,2.4951391560630687
19109,2.457017420023001
19110,1.9458763465899174
19111,2.4638416454142584
19112,11.26707351679985
19113,5.121853964698774
19114,2.175030619998741
19115,1.494162286942879
19116,1.0828514108631622
19117,1.105731959098949
19118,0.9315811546961674
19119,1.028954737090634
19120,12.201724798484667
19121,5.695452948548997
19122,2.334876797295493
19123,1.5697195541350157
19124,1.0995581577579467
19125,1.1228273424625397
19126,1.0425915696942396
19127,1.1357519913344585
19128,18.540785941721712
19129,7.963317092274384
19130,3.223564796944157
19131,2.4379267533610096
19132,1.6062313284341072
19133,1.6445973511745775
19134,1.4880636518459043
19135,1.561825192884867
19136,19.969928419853318
19137,9.288393477898355
19138,4.030442596389955
19139,2.6701297733567286
19140,1.7705670901370343
19141,1.907360035585877
19142,1.8316468729711077
19143,1.9006769825053063
19144,13.919868501231267
19145,6.74937444385549
19146,2.7320662014733172
19147,1.8647463701978462
19148,1.2317408115964705
19149,1.298439777694163
19150,1.19321680845367
19151,1.2639561531144792
19152,15.650641203951595
19153,7.091908116841107
19154,3.043656281876123
19155,1.9498316256422727
19156,1.3438886004926285
19157,1.463048009354917
19158,1.245381316777379
19159,1.3275981593713222
19160,44.30094267468847
19161,20.648485443598897
19162,8.96317218560641
19163,5.3421388937325665
19164,4.158216587430825
19165,3.9599130069109836
19166,3.355684695051476
19167,3.8423385171891495
19168,12.56148816629292
19169,5.735733999514448
19170,2.3374770244107492
19171,1.5990433303117435
19172,1.1303879102473002
19173,1.1326408842828641
19174,1.0583585952111065
19175,1.145892990630301
19176,20.348049417572923
19177,9.647045363428346
19178,4.185770951398381
19179,0.9856155506443833
19180,3.712836724746707
19181,1.8059167999889072
19182,1.9262278951091996
19183,1.5567951227918055
19184,23.49205049666861
19185,10.671557204329844
19186,4.8434393209190105
19187,1.0825520295373652
19188,4.669227101650465
19189,2.09339565491383
19190,2.129250049763078
19191,1.8240029857013011
19192,22.120635553917193
19193,9.830269240814658
19194,4.541344206198491
19195,0.9791180095061739
19196,3.956808223971341
19197,2.006400808447949
19198,2.104108311431283
19199,1.6701846262813935
19200,20.352039860463385
19201,9.239028302976187
19202,4.2433631023584
19203,0.9588610634294644
19204,3.711214758698018
19205,1.7387728188682678
19206,1.914173060899472
19207,1.5514260376427587
19208,18.18188070899148
19209,8.383597874061895
19210,3.682834980777511
19211,0.925932988579942
19212,3.3573042960822117
19213,1.5951959358507612
19214,1.7266903446572144
19215,1.414480643949365
19216,20.56733703892744
19217,9.395338131106476
19218,4.081954482511456
19219,0.9438432940885814
19220,3.673293372220535
19221,1.69965428225532
19222,1.8772453262274809
19223,1.4870687633852306
19224,19.881498565017043
19225,9.677927609656226
19226,4.167007948917249
19227,0.9630483354056291
19228,3.8252605570876836
19229,1.773554550932528
19230,1.9456908131084558
19231,1.5898579920611815
19232,28.359493920320563
19233,12.871750010762643
19234,5.784329361669759
19235,1.3016297537391348
19236,5.376644203639598
19237,2.538183973992292
19238,2.6350585838053586
19239,2.2015003395496624
19240,33.684724313840356
19241,14.758336326701487
19242,6.752700845115811
19243,1.4871778838780485
19244,5.95338342908766
19245,2.794743792648725
19246,3.128642569746448
19247,2.538364178852276
19248,16.91574976238195
19249,8.139305231482254
19250,3.3700865945198175
19251,0.8397558729564101
19252,3.231683165468709
19253,1.516188818797985
19254,1.5467211021245795
19255,1.3210946781267143
19256,24.211014649496747
19257,11.041075349576479
19258,4.881276001029073
19259,1.089684642689422
19260,4.35656968652074
19261,2.0417725616606583
19262,2.2279577046087247
19263,1.8445493442246317
19264,15.06364342901538
19265,6.3191877767938855
19266,2.850683354334392
19267,0.8255264775830731
19268,2.596091322463156
19269,1.2851239765706333
19270,1.369414278137997
19271,1.1756125940562734
19272,17.72314362275442
19273,7.867754855786171
19274,3.7467710913616017
19275,0.8676109781834715
19276,3.3944466383976564
19277,1.5493823753086877
19278,1.667720833414532
19279,1.4152891294393046
19280,19.93328822966806
19281,9.306156084263497
19282,4.0291248596010245
19283,0.9370996493174555
19284,3.5304561995269794
19285,1.7107901834743764
19286,1.8439226287118304
19287,1.5268011444258316
19288,22.932203701585202
19289,10.226266642867667
19290,4.848533787877576
19291,1.0390640492318857
19292,4.034209479929469
19293,1.9909088742640606
19294,2.1243538913046356
19295,1.736026519331763
19296,29.630355391761405
19297,13.58506829521379
19298,6.302050199099657
19299,1.4331354031865575
19300,5.493820822667144
19301,2.692491346580517
19302,2.9203277083318997
19303,2.3335937575612786
19304,17.361964848222406
19305,8.143434859517303
19306,3.715447468464044
19307,0.8263839188491554
19308,3.336020707960085
19309,1.5279894617741772
19310,1.662266444499913
19311,1.4224386104357392
19312,47.412766679690854
19313,21.349067925143466
19314,9.56646527586655
19315,1.978119587619782
19316,8.656504744967043
19317,4.268308927273932
19318,4.521879283714866
19319,3.4816425560384574
19320,22.489446129557106
19321,10.287727135856024
19322,4.483154936919237
19323,1.0386542683594244
19324,4.007118003193592
19325,1.9205882370235172
19326,2.0667773078722225
19327,1.7563774828945735
19328,28.235539790013593
19329,13.388866737884355
19330,5.748801253208558
19331,1.2681493806534092
19332,5.3228477384325155
19333,2.4058425913133688
19334,2.584733590623393
19335,2.110126591840935
19336,44.048345470007455
19337,19.999304253401707
19338,8.603998931212042
19339,1.9305714007301664
19340,8.085684270601897
19341,3.708026969821073
19342,3.9097016219596603
19343,3.2962418008614303
19344,36.911114667822666
19345,16.758433192645903
19346,7.507683472289046
19347,1.692295636046477
19348,6.786359912412076
19349,3.1721671364101023
19350,3.3073116739284862
19351,2.6859623779527415
19352,24.25475671037788
19353,10.966577291354556
19354,4.935912422428052
19355,1.140618199269399
19356,4.320612346442167
19357,2.041889455804772
19358,2.173540449115353
19359,1.7843684752322595
19360,17.350346050039274
19361,7.702794127403036
19362,3.3346801652405587
19363,0.8249973147122711
19364,3.169695517134728
19365,1.523875176820669
19366,1.608356998965116
19367,1.2974305863936058
19368,31.457341491164783
19369,14.24642016976915
19370,6.318123837065044
19371,1.3594932253340481
19372,5.573750427956929
19373,2.5870360088581057
19374,3.0091168174061806
19375,2.357303355709579
19376,24.802906954965007
19377,11.361971508124055
19378,4.969927472551515
19379,1.1034949112734769
19380,4.416972936935082
19381,2.1258653994413956
19382,2.1982252869212946
19383,1.8272890916711058
19384,17.772846061093382
19385,8.187774621190258
19386,3.6547833745370255
19387,0.8303488143668701
19388,3.2924292154281747
19389,1.5533315285344906
19390,1.6177421995728434
19391,1.364689377117102
19392,24.84013452321102
19393,11.14899930855609
19394,4.959575160877266
19395,1.1402966662514369
19396,4.2534424931069905
19397,2.0095715150399482
19398,2.2088623223401718
19399,1.895765041748939
19400,16.723674363273183
19401,7.2056236124660575
19402,3.1757306841177626
19403,0.8321099208427916
19404,3.0066982812820418
19405,1.4254805756874642
19406,1.466449298900165
19407,1.2716719171438298
19408,17.48754658429312
19409,7.477131858692799
19410,3.403818389365074
19411,0.8257668463984577
19412,3.2436787341337694
19413,1.4759275057794
19414,1.596430022275517
19415,1.3049304856439146
19416,36.004274184276284
19417,15.57974428634841
19418,6.898611046210002
19419,1.4580067882874215
19420,6.472514010832805
19421,2.926267129504644
19422,3.219953574319715
19423,2.6612044320192862
19424,19.00036874131151
19425,8.408868231164952
19426,3.7896145904654386
19427,0.9082966078067403
19428,3.3419727301273894
19429,1.5629617903610593
19430,1.745216350765914
19431,1.439566310912313
19432,40.35454528228792
19433,16.760446802930385
19434,8.170137702977287
19435,1.70404590403405
19436,6.87925567025306
19437,3.1724254127989147
19438,3.6524730229318907
19439,2.840199020959192
19440,26.66036822675312
19441,11.782742622468065
19442,5.559300846454529
19443,1.153700621555413
19444,4.839136927478439
19445,2.3269948542632855
19446,2.50425058086221
19447,1.9878910026535868
19448,19.251075550972104
19449,8.807603062907914
19450,3.9762870021818686
19451,0.9732446586748534
19452,3.580699919051169
19453,1.6765121013418356
19454,1.7750855882016134
19455,1.4863952067066146
19456,50.64679888746668
19457,22.1029516830826
19458,9.806958135754302
19459,2.0014610417757965
19460,9.238896022606282
19461,4.471157896260887
19462,4.569025324895058
19463,3.7599255141955275
19464,22.048547816558408
19465,10.542764489054298
19466,4.806985223581451
19467,1.0226476425448041
19468,4.12614175023892
19469,1.994832608737091
19470,2.0265348237082
19471,1.6572653943601703
19472,28.89711253504856
19473,12.526455244900449
19474,5.516372619696133
19475,1.2817484179681848
19476,4.97046059343914
19477,2.4638237840428423
19478,2.567230704471602
19479,2.111950062765724
19480,32.54416666148684
19481,14.473272071482407
19482,6.878634149301951
19483,1.402015432934061
19484,5.924701690729387
19485,2.8815446513608265
19486,3.187240303905895
19487,2.5308427962139093
19488,24.91687913761471
19489,11.096030595126651
19490,5.132482992655649
19491,1.137065577035645
19492,4.4916551946860945
19493,2.16955550266554
19494,2.2898131511202027
19495,1.8505375295424766
19496,25.83810056186099
19497,12.309522950882377
19498,5.483153647530531
19499,1.1704194023508978
19500,4.827497519844441
19501,2.253989494836616
19502,2.4493195652733126
19503,2.05753105862273
19504,17.276970610521218
19505,7.498556945412231
19506,3.4429187096871896
19507,0.8430008119129994
19508,3.1501240043887333
19509,1.4468154213694038
19510,1.5647967011175299
19511,1.3276505744101121
19512,41.735883219345155
19513,18.07602484770655
19514,8.090797093259328
19515,1.8286889433183557
19516,7.390304241929331
19517,3.4449089440323255
19518,3.56028724857934
19519,3.0661326249060337
19520,16.101141737009602
19521,7.45107563865535
19522,3.265241298994697
19523,0.837783545097404
19524,2.962345340772739
19525,1.4411992748683613
19526,1.4689179028692558
19527,1.285353303133147
19528,17.807480787572
19529,7.87398503544023
19530,3.6803112647737604
19531,0.8615520509080583
19532,3.3055959025222137
19533,1.5912044503126705
19534,1.6283537540834874
19535,1.405943560516365
19536,26.9193839558825
19537,11.778692953932168
19538,4.951703480028581
19539,1.1521415791893277
19540,4.859190880504095
19541,2.32596432703178
19542,2.3862430023277996
19543,2.0560149655658937
19544,29.37090335057615
19545,13.328868942766427
19546,6.017684996202913
19547,1.3063024102798166
19548,5.315059615552348
19549,2.6054624900721883
19550,2.9479625634211986
19551,2.403615128221967
19552,19.957980472634897
19553,9.479083224291962
19554,4.099819261991505
19555,0.9197613766592193
19556,3.6898746907795026
19557,1.7397760639817754
19558,1.889049329334034
19559,1.5292772432890727
19560,22.687271994266553
19561,10.040406147821113
19562,4.694872032866556
19563,1.039123896279899
19564,4.069441681842188
19565,1.9896127601362046
19566,1.9576187173498378
19567,1.713092318000083
19568,61.63399088000376
19569,30.62255512959766
19570,12.807378373287081
19571,2.8251873844079127
19572,11.725045396973831
19573,5.726007551667694
19574,5.925728060624693
19575,4.971450812503587
19576,17.997599376211213
19577,7.916975974325395
19578,3.7093377482444163
19579,0.8957062881512676
19580,3.3214702167476946
19581,1.5309156896768676
19582,1.75495901805209
19583,1.3885679341590311
19584,14.700396136139172
19585,6.83872401211165
19586,2.84692719817858
19587,1.7474332156928518
19588,1.4794935527619795
19589,1.3426575253311648
19590,1.2033827147536753
19591,1.2712126033385178
19592,17.378681520847042
19593,7.894916783375088
19594,3.4592849875111114
19595,2.094418692593778
19596,1.9139882278079103
19597,1.6238449467966003
19598,1.4903060033523532
19599,1.4873475526563014
19600,16.106669356272242
19601,7.396047947470776
19602,3.2215775463737635
19603,1.9244924691076548
19604,1.7253279569256719
19605,1.4387302871224892
19606,1.3890604666771962
19607,1.3631907096122022
19608,15.147652983648776
19609,6.827915217048862
19610,2.937662820115928
19611,1.7700738973459158
19612,1.5557035910613621
19613,1.3559846681377001
19614,1.273320994818155
19615,1.282935900748134
19616,13.494121400279994
19617,6.111632806720782
19618,2.544239741006172
19619,1.6319260582608959
19620,1.430847821026736
19621,1.2167612456103067
19622,1.1504988130197962
19623,1.1756607132809767
19624,15.585767302352489
19625,6.798285046427084
19626,2.8801843476746267
19627,1.7195342697591616
19628,1.651413000818278
19629,1.3108171292751016
19630,1.281885984062129
19631,1.2559389285764235
19632,15.041135923598661
19633,6.771072871538216
19634,2.9205009151034673
19635,1.7712120542182264
19636,1.5518637543082465
19637,1.3363555358807842
19638,1.230856153934393
19639,1.2717680617772156
19640,21.396369513108123
19641,9.66806223802219
19642,4.1317362724256705
19643,2.555186331323108
19644,2.310400167156464
19645,1.8897428287739249
19646,1.7393261504626665
19647,1.770624886455126
19648,24.581543002590394
19649,11.171499754282706
19650,4.647900746897856
19651,2.7841222949919593
19652,2.5893787854388584
19653,2.1368639921291708
19654,1.91543688300926
19655,1.9972100457004658
19656,12.701379774526766
19657,6.173470865948376
19658,2.3567337340553234
19659,1.4927270133763484
19660,1.4162789309843882
19661,1.1907782701991847
19662,1.1048490696959832
19663,1.1453285809271188
19664,17.455602051527574
19665,8.321170257426756
19666,3.4879700481278646
19667,2.106019838736026
19668,1.9256041494156806
19669,1.6123753849243685
19670,1.502720909859793
19671,1.498129739907457
19672,10.621578833787535
19673,4.562500891675471
19674,1.9879376710151362
19675,1.291347633747904
19676,1.1629944036744497
19677,1.003842940229262
19678,0.942158831649038
19679,0.9658260816344294
19680,12.566749545005676
19681,5.986145212332367
19682,2.559502531006424
19683,1.586304666989127
19684,1.4132945711956137
19685,1.187161595704073
19686,1.0958671469996966
19687,1.15756720080907
19688,14.32029954693075
19689,6.929734447762404
19690,2.7754990850916115
19691,1.7512794592225627
19692,1.4435778623989635
19693,1.2927252350812986
19694,1.2243785274143528
19695,1.2688747104192546
19696,16.88581129086432
19697,7.619628579856785
19698,3.238074274546577
19699,1.9641862185435202
19700,1.7595925366933791
19701,1.4393227433217557
19702,1.3830098053351434
19703,1.4127700716808653
19704,21.755147668372835
19705,10.579885339648648
19706,4.469655885998963
19707,2.7140723567049734
19708,2.4989384498267317
19709,2.039632559263033
19710,1.854941902763784
19711,1.8820518158791009
19712,12.570732389861766
19713,6.029730591002716
19714,2.487480372472731
19715,1.5650029709569633
19716,1.339039349258977
19717,1.193129224251221
19718,1.0911128261385492
19719,1.1758331711361607
19720,35.68807350337307
19721,16.037033888397787
19722,7.068410779887263
19723,3.8533642306100155
19724,3.8008088163783635
19725,3.003332585194065
19726,2.7549455261245233
19727,2.7205813061484316
19728,16.737739967213987
19729,7.682062571526904
19730,3.1058897851282343
19731,1.9461312209971078
19732,1.673489189199944
19733,1.453364128320914
19734,1.3136770836455114
19735,1.3969102914612523
19736,20.960056087925615
19737,9.66235353833281
19738,4.178968947149614
19739,2.49451558048345
19740,2.228885984881274
19741,1.8984939007390418
19742,1.7763808269307249
19743,1.7129179121237395
19744,32.6429263369039
19745,14.534601186711004
19746,5.740372276197901
19747,3.6099273727360766
19748,3.290758340729317
19749,2.7886549834756984
19750,2.5030977798554463
19751,2.551923158725529
19752,27.019572513734655
19753,12.136697337086053
19754,5.180673426097402
19755,3.1961337326008064
19756,2.785353621218615
19757,2.2878762528482115
19758,2.086340006637695
19759,2.1731109523988605
19760,17.571940335219306
19761,8.208651681693926
19762,3.454204431101447
19763,2.1049062651444674
19764,1.8670930952103797
19765,1.5360483792369244
19766,1.4446419180987993
19767,1.4571592066989207
19768,12.8834244879984
19769,5.677977996570369
19770,2.32943842617581
19771,1.4713596009430174
19772,1.3263493519397767
19773,1.1979570590734843
19774,1.086072217437126
19775,1.1088998127176952
19776,22.81185595580039
19777,10.06699755949927
19778,4.4426080237428485
19779,2.6288586616359697
19780,2.4140103918498133
19781,2.0362715075079696
19782,1.9244505596986305
19783,1.8603914996366506
19784,17.98148509220392
19785,8.138915378067633
19786,3.350745977433543
19787,2.0909597375527262
19788,1.85302790002683
19789,1.635892188520585
19790,1.4742759136079524
19791,1.5222126139157224
19792,12.99389139980066
19793,6.1060245393215125
19794,2.6150257902106038
19795,1.5433697547917
19796,1.3776112091781434
19797,1.1959225093684258
19798,1.0903454587903318
19799,1.148571485072347
19800,17.893554744712134
19801,8.443248915251024
19802,3.480296087327546
19803,2.1177251409318596
19804,1.7633550644178855
19805,1.51492982167845
19806,1.4585527624748635
19807,1.4849107471668033
19808,11.911471858083056
19809,5.148314516777082
19810,2.241764478232798
19811,1.4900550764274276
19812,1.2331365783203154
19813,1.1043538241008868
19814,1.020272979554405
19815,1.073242324880148
19816,12.19590559593743
19817,5.572743191258509
19818,2.39824651464972
19819,1.4395067636283085
19820,1.324361888271039
19821,1.1327926666646686
19822,1.0716724860959743
19823,1.1019061242269077
19824,25.781134985958634
19825,11.062297986809964
19826,4.628552778919408
19827,3.0729132914636357
19828,2.826223122424681
19829,2.1949573552191213
19830,2.059846377273569
19831,2.1073318993731034
19832,13.359651262133543
19833,6.2263760449929
19834,2.625003558989999
19835,1.5954466419993822
19836,1.397552696352141
19837,1.219094665681768
19838,1.1474097716490044
19839,1.1741808952736748
19840,28.367913022152152
19841,12.242277489289366
19842,5.67699055695644
19843,3.1824174768158375
19844,2.8001351614859584
19845,2.3425309242950516
19846,2.271215687915026
19847,2.3366186646176326
19848,19.41641965792061
19849,8.877956191089128
19850,3.967858265347143
19851,2.216117717538563
19852,2.0455271173173206
19853,1.7847041065206284
19854,1.6075708470462051
19855,1.6043103721677947
19856,14.555195171903124
19857,6.780081713990873
19858,2.754390072311223
19859,1.677332710312593
19860,1.4885948816376091
19861,1.2716313573321105
19862,1.1615232780335618
19863,1.2232126883865153
19864,39.14489600471993
19865,17.15301332641782
19866,7.346811848272865
19867,3.8748241498169684
19868,3.9471507086924387
19869,3.3122597101590894
19870,3.070787971944694
19871,2.9793865662428325
19872,16.088837497678764
19873,7.688693749508462
19874,3.1956821216153752
19875,1.9220631182069388
19876,1.7218637551758158
19877,1.460420266003672
19878,1.335898884760473
19879,1.3678346091605609
19880,20.58877723596318
19881,9.364374220298611
19882,3.8180689955701275
19883,2.3715157711436747
19884,2.2094428119188847
19885,1.8428396579308925
19886,1.6420934189935399
19887,1.687723046301204
19888,24.023185311432414
19889,10.67420128965181
19890,4.739818460518834
19891,2.732898459320592
19892,2.4763957889155774
19893,2.1333152920469787
19894,1.994037467622757
19895,1.9593760885281057
19896,18.002971777085538
19897,8.126115965397563
19898,3.406351811539578
19899,2.1106950295136553
19900,1.9283732710116757
19901,1.5897074417414536
19902,1.4891370739882814
19903,1.522322592672335
19904,18.99067311083286
19905,8.977621605290363
19906,3.9016470020490845
19907,2.1988392169033526
19908,2.0935067897958275
19909,1.663996355077279
19910,1.5700779695230773
19911,1.6076835895827344
19912,12.60114249240336
19913,5.724104094577682
19914,2.427820778184826
19915,1.452137792077934
19916,1.3336746337382537
19917,1.1274204839458957
19918,1.073405133462419
19919,1.101565513525765
19920,29.69889514038504
19921,13.870643395534644
19922,6.165792525378233
19923,3.6135754480830364
19924,3.0738900465617096
19925,2.5977995089726993
19926,2.342978898386224
19927,2.4233951234147186
19928,11.587525446489542
19929,5.209056104841343
19930,2.2509374448293102
19931,1.4825715212129567
19932,1.2317057031815195
19933,1.1110364506301664
19934,1.039516077666749
19935,1.060747297224742
19936,13.059369859110806
19937,5.909115703728277
19938,2.6168246002754483
19939,1.5685949834328945
19940,1.345145953603198
19941,1.1885598588994992
19942,1.1127950193064584
19943,1.1726237834131965
19944,19.63723016712408
19945,8.923924704229478
19946,3.6535772715827313
19947,2.2879570455835054
19948,2.1294326213636707
19949,1.7652238558054043
19950,1.6338348328097902
19951,1.6572062905857121
19952,22.004677206830582
19953,10.216014818773115
19954,4.39075261478191
19955,2.4803477743089943
19956,2.3293284122638327
19957,1.9932163431125782
19958,1.8404908189848572
19959,1.9306493980259456
19960,15.303302950531304
19961,7.315431422162073
19962,2.776901431079055
19963,1.7739108768799585
19964,1.6170933394330853
19965,1.3530694095024203
19966,1.2741884343219956
19967,1.3208385942393313
19968,15.797783992003144
19969,7.598094391490904
19970,3.211130731286941
19971,1.9320701797336794
19972,1.6228779812522116
19973,1.4295249866571154
19974,1.3201140996765313
19975,1.3990756908192954
19976,47.87785346408922
19977,22.186031876291274
19978,9.969965600275104
19979,5.179547240640927
19980,5.381172792916759
19981,4.160440879905188
19982,3.803514724115899
19983,3.8948300998202603
19984,13.260712235858119
19985,6.01510023942763
19986,2.6040088484731254
19987,1.5934293002846873
19988,1.3650604950663792
19989,1.193665737747249
19990,1.1203684154080604
19991,1.16436377185966
19992,13.904790047069213
19993,6.4897623033123635
19994,2.710206095652102
19995,1.8070646104985275
19996,1.1687506047626623
19997,1.3135906651659595
19998,1.1334142631432418
19999,1.2430198257500245
20000,16.280552922640823
20001,7.598600296481894
20002,3.2534171841497113
20003,2.1668238623307308
20004,1.4903094991929584
20005,1.5867095070792276
20006,1.390272236597177
20007,1.4541830923020593
20008,15.364399896445333
20009,7.037144376683328
20010,3.056537262993834
20011,2.012859995346626
20012,1.345151666642133
20013,1.4033090339564849
20014,1.3116413096019097
20015,1.339505556576778
20016,14.283786512487127
20017,6.477568599180223
20018,2.7830070941791583
20019,1.822122003071241
20020,1.2231278514500026
20021,1.302096997195062
20022,1.1864009052277027
20023,1.233372074422118
20024,12.747337777666411
20025,5.840868226884236
20026,2.4040089920759007
20027,1.6549793324495865
20028,1.1407360692721595
20029,1.1521329569841707
20030,1.0518144939523255
20031,1.1233872421493762
20032,14.734380322679264
20033,6.508655744157783
20034,2.687250161006149
20035,1.8075980478367994
20036,1.26321849485618
20037,1.2826038274524634
20038,1.1987594191010786
20039,1.2396142955703224
20040,14.212127727663056
20041,6.385023284609645
20042,2.776939720003839
20043,1.8253205193949955
20044,1.196900838370574
20045,1.2898413347282534
20046,1.142696495597466
20047,1.226168718206488
20048,19.980458410564907
20049,9.240218292347585
20050,3.928897546420768
20051,2.6239310823080735
20052,1.790515848219374
20053,1.8432070988406888
20054,1.6242995772854796
20055,1.7449474705114731
20056,22.57486076389831
20057,10.713165638370977
20058,4.374824338677375
20059,2.8070140649780693
20060,1.999562520324466
20061,2.0703151960611237
20062,1.7680228631425385
20063,1.9424838225109682
20064,11.940010402111945
20065,5.8894205527423535
20066,2.2010214487303594
20067,1.5302793221269828
20068,1.0992793012819344
20069,1.1167787151032453
20070,0.9907577414960317
20071,1.0934496991341192
20072,16.43768987388602
20073,8.018768607523308
20074,3.2947586940762674
20075,2.1686131122068315
20076,1.5128930992067602
20077,1.5731326202513263
20078,1.401793143082297
20079,1.4615946527273442
20080,10.247106889765204
20081,4.394279977958715
20082,1.9221842933503053
20083,1.3722162262859787
20084,0.9976618384638714
20085,1.009554474890989
20086,0.9180455505216083
20087,0.9845706823773065
20088,11.928570244237788
20089,5.731708636299179
20090,2.4337180387087276
20091,1.6406413956556138
20092,1.1313227931953158
20093,1.1559568322327927
20094,1.0248186470350267
20095,1.133903570226511
20096,13.373236504392786
20097,6.562703045468532
20098,2.6242891277473293
20099,1.7820871846144402
20100,1.1563100302591742
20101,1.2354630486301308
20102,1.130660402297231
20103,1.2140659997013554
20104,15.770078617899081
20105,7.171918479974468
20106,3.0341482502373425
20107,1.9827413841973462
20108,1.3428670537687144
20109,1.3792251507681352
20110,1.2650226960296795
20111,1.3539119418501926
20112,19.974531372825933
20113,10.123464810500595
20114,4.285610061500127
20115,2.7892385391961043
20116,1.934043041775097
20117,1.9913902002662183
20118,1.716796792676668
20119,1.8572104079982168
20120,11.954710688238434
20121,5.772132058398842
20122,2.3627028766047498
20123,1.6118809260873874
20124,1.0878192419592456
20125,1.1603897635778693
20126,1.0223858962755947
20127,1.1461696259669
20128,32.31363808121425
20129,15.076279642955825
20130,6.681742746820453
20131,3.8954762356758947
20132,2.934766496865542
20133,2.9092446804884062
20134,2.5362354421045294
20135,2.6834640426358565
20136,15.515782677972242
20137,7.3209965292133985
20138,2.9050198340358517
20139,1.9918949246861883
20140,1.3101176890561224
20141,1.3877516211907703
20142,1.214701952020412
20143,1.3322934957201098
20144,19.440024510507662
20145,9.303026254237645
20146,3.9881897801002726
20147,2.579489936172495
20148,1.6695732131803682
20149,1.8532532966389803
20150,1.6567363889715156
20151,1.6927503589587942
20152,29.667527014662355
20153,13.892362079384661
20154,5.323482269745491
20155,3.5854514030812807
20156,2.5962310781019444
20157,2.680718152610211
20158,2.3501173112433036
20159,2.507964206838976
20160,25.242966932987652
20161,11.730536295730499
20162,4.8720586454656925
20163,3.2872491797830703
20164,2.1656776306302956
20165,2.2514271274064077
20166,1.9487982800921007
20167,2.16422568040409
20168,16.53177914814412
20169,7.888307806127817
20170,3.29100297165248
20171,2.173111636241454
20172,1.474699888497769
20173,1.5031653590420913
20174,1.3627438874303164
20175,1.4224941437819347
20176,12.359764594958097
20177,5.479252703340199
20178,2.2296005077745273
20179,1.5084288186438308
20180,1.069343129566598
20181,1.1554663385837753
20182,1.0184928344445454
20183,1.0825444155899355
20184,21.38445678482401
20185,9.755322567114193
20186,4.289904206023418
20187,2.7267427452164874
20188,1.8913309151448048
20189,1.984688468612746
20190,1.810743403682533
20191,1.8313651337776566
20192,16.7568444496939
20193,7.794482076098677
20194,3.124987958583622
20195,2.1596635293778514
20196,1.4410794269509142
20197,1.5978668436498842
20198,1.3838645121947377
20199,1.4835978332562025
20200,12.353304447195093
20201,5.856920010445758
20202,2.4890541315499486
20203,1.5772946855802559
20204,1.1029465455839043
20205,1.1568276055800057
20206,1.0129715717993106
20207,1.1215464067999195
20208,16.492311455956557
20209,8.050774465208184
20210,3.2886188795346007
20211,2.1903679288854967
20212,1.3752630338929361
20213,1.4873649152959976
20214,1.3573794094024503
20215,1.4607613363795315
20216,11.428858323564311
20217,4.962058850048058
20218,2.158459537157901
20219,1.535083594276789
20220,1.005329331519578
20221,1.0702849955487563
20222,0.9637296111042188
20223,1.0520816788773666
20224,11.703589876702683
20225,5.368331514707214
20226,2.308948227658514
20227,1.4875690144627296
20228,1.0738060509359963
20229,1.1045041469760106
20230,1.0021224931438055
20231,1.0825480996018428
20232,23.349177308249097
20233,10.606956689929845
20234,4.371194011842022
20235,3.138922659353945
20236,2.1826364044327438
20237,2.134438234521469
20238,1.8981035785819798
20239,2.0687704951563677
20240,12.578824200594989
20241,5.897910089417646
20242,2.4581947666535364
20243,1.6156830922680503
20244,1.091351154550827
20245,1.158921309552955
20246,1.0459219431476081
20247,1.1305586505659813
20248,25.81570403622655
20249,11.649622015117282
20250,5.31594469925356
20251,3.2059390834688335
20252,2.194485114116283
20253,2.209548119123014
20254,2.0735696672023907
20255,2.2255378559511625
20256,18.577039410072114
20257,8.588368882197122
20258,3.8154448833888157
20259,2.3174549669662854
20260,1.6366874976096337
20261,1.7533805282421095
20262,1.5269119604061585
20263,1.5820139261298394
20264,13.740094555888337
20265,6.483802454934599
20266,2.616958713938162
20267,1.7039033904738656
20268,1.1682850060848682
20269,1.2199321912402903
20270,1.0727287328631347
20271,1.1738410316223835
20272,35.45982730101672
20273,15.515031719715596
20274,6.793266888543613
20275,4.062909469533078
20276,3.0506810282247923
20277,3.166066501938801
20278,2.818996648796721
20279,2.9028790719590343
20280,14.917422146035507
20281,7.330223373346965
20282,2.994430875977125
20283,2.0078218216080352
20284,1.3348721930520175
20285,1.41896390156179
20286,1.2423551429852366
20287,1.343728754962733
20288,19.598204526348635
20289,9.026706606802485
20290,3.536919359003756
20291,2.443820989029104
20292,1.7034023474806659
20293,1.7979406977641257
20294,1.5186542962056941
20295,1.663441256464191
20296,22.262144694134424
20297,10.207477994381094
20298,4.554270889414483
20299,2.800240332565697
20300,1.9373955950514632
20301,2.0813358483949864
20302,1.869880355528272
20303,1.9231306929338376
20304,16.798868586282037
20305,7.721311810352027
20306,3.1610059310894325
20307,2.1674717470662124
20308,1.4902237007613173
20309,1.5328647852352801
20310,1.37728862218576
20311,1.4690891769677128
20312,17.81926089380694
20313,8.670042751102791
20314,3.68919550810067
20315,2.248251819926541
20316,1.6224893081081473
20317,1.6135689043725012
20318,1.4610069814426834
20319,1.5667978464366388
20320,12.089647978650474
20321,5.511878237490189
20322,2.3361568797123105
20323,1.4915645974244074
20324,1.097809986771407
20325,1.0954783897963472
20326,1.0153001599566454
20327,1.0749302024838716
20328,27.0415306943961
20329,13.165005276665964
20330,5.872692921345854
20331,3.615269471145342
20332,2.3242098521505445
20333,2.540454178671177
20334,2.1716496567399113
20335,2.389916243132188
20336,11.26274352643209
20337,5.074852789383827
20338,2.1693497609930987
20339,1.5239947349931076
20340,1.0000323376099054
20341,1.0773869655817672
20342,0.97779874330858
20343,1.032245751256247
20344,12.446062364372601
20345,5.666376046139348
20346,2.4796930965017183
20347,1.6154634315345944
20348,1.0776792192687226
20349,1.1444441663036558
20350,1.0333640243384483
20351,1.1450291857515007
20352,18.324934065941363
20353,8.534822427508242
20354,3.4081265343296483
20355,2.3313310522947304
20356,1.620013318975689
20357,1.710966385257202
20358,1.5080987206199505
20359,1.6186875775494725
20360,20.722173068118526
20361,9.832320026364036
20362,4.1937376875396435
20363,2.5882117227230084
20364,1.8155050587514343
20365,1.9671843024017839
20366,1.745103677629965
20367,1.907583859608687
20368,14.211278732871307
20369,6.996344246709309
20370,2.6129796489311516
20371,1.8664031967225516
20372,1.235402445687855
20373,1.3273909660680798
20374,1.1806956295247901
20375,1.3015291760165069
20376,14.951694362428062
20377,7.261892575336306
20378,3.0732056509247023
20379,1.9943052478475125
20380,1.282503219061993
20381,1.394019596579363
20382,1.2392333036970236
20383,1.357550078504478
20384,41.99018244528318
20385,20.238207917980837
20386,9.200453282226741
20387,5.00544300609433
20388,4.295943736819938
20389,4.0124533189244085
20390,3.4821621193782923
20391,3.7844296354529128
20392,12.813668691600336
20393,5.818671149137553
20394,2.502897549847466
20395,1.6470846790329323
20396,1.1153781998402212
20397,1.1625807887760717
20398,1.0624406672403792
20399,1.1355748623079143
20400,15.048579548279085
20401,7.279867817469153
20402,2.9641473080782657
20403,1.4055926739699187
20404,1.8823738145827118
20405,1.4226706071743431
20406,1.3207504295128432
20407,1.2724952976559387
20408,17.686254994323
20409,8.109840828444586
20410,3.6228325087705504
20411,1.7034129700474132
20412,2.4637758408849275
20413,1.6356591457828082
20414,1.5235258703548655
20415,1.5066192460281207
20416,16.689605869563806
20417,7.271629444597006
20418,3.3040241903189
20419,1.6087786568883684
20420,2.027008823713316
20421,1.5564416760927555
20422,1.4643184883663327
20423,1.4043598225731975
20424,15.410410737712777
20425,6.973814311550988
20426,2.969902028503334
20427,1.434215085842245
20428,1.9161508548904156
20429,1.3520847057747367
20430,1.3500907654802223
20431,1.2747102468170255
20432,13.715070904315283
20433,6.267693760149532
20434,2.7011970593769448
20435,1.3320701708087017
20436,1.8134738137491029
20437,1.2677545382132838
20438,1.229095406843187
20439,1.1905396798336207
20440,15.378180014229653
20441,6.9932347496929
20442,2.743781412609634
20443,1.4492241777017112
20444,1.9506348991175613
20445,1.3270068819474115
20446,1.373660954660441
20447,1.3008910342161122
20448,15.0629074270589
20449,7.182688714075073
20450,3.041667476328032
20451,1.4319443083896028
20452,1.9439676587987582
20453,1.3711105833472732
20454,1.3425392387391584
20455,1.2814801258501183
20456,22.020152970980625
20457,9.854174343755034
20458,3.939950179982353
20459,2.2001741067801706
20460,2.7321032582190967
20461,1.9033467828752815
20462,1.768443289433471
20463,1.7486098147899511
20464,24.584910312030658
20465,11.142874215612713
20466,4.5932609237363575
20467,2.346563494733228
20468,2.943311698683589
20469,2.1422640105596766
20470,2.0576735208901695
20471,2.0657365313809444
20472,12.853437855957802
20473,6.122880480687264
20474,2.3429280826496575
20475,1.2096926745070735
20476,1.7790922640586462
20477,1.2351213512994812
20478,1.167404593868495
20479,1.151624680310655
20480,17.93060840818897
20481,8.200025339702687
20482,3.6917678814027144
20483,1.7201207862840542
20484,2.3254080887642576
20485,1.6393168659303232
20486,1.531083660540874
20487,1.4972846625722127
20488,10.563638758077728
20489,4.702360663934174
20490,2.0351986109719293
20491,1.137556970950351
20492,1.431259203578848
20493,1.0040865410941688
20494,0.9502653662318418
20495,0.9448405526063937
20496,13.178067351233944
20497,5.9531629248275975
20498,2.5743619735516
20499,1.3262178370047182
20500,1.7503302739866353
20501,1.2218796447554339
20502,1.188531147921897
20503,1.1469116516763533
20504,14.806512255571297
20505,7.263453116030248
20506,2.92454564610742
20507,1.4243764103854704
20508,1.812931232717995
20509,1.3463017412876421
20510,1.291028902031413
20511,1.2968534587184033
20512,16.725520430708798
20513,7.5586797747228935
20514,3.405982290239186
20515,1.5421582313694475
20516,2.1021958370825966
20517,1.4766235027610501
20518,1.4552578791367659
20519,1.3882882004585548
20520,22.4705656196473
20521,10.737350027168892
20522,4.43989992121251
20523,2.3002484334222206
20524,2.802240897343277
20525,2.031159272594617
20526,1.9345531288404456
20527,1.8624649475959383
20528,12.93711723444637
20529,5.948484764864135
20530,2.5699953500548807
20531,1.3116925494488891
20532,1.7248106998658304
20533,1.2270211890576859
20534,1.1891542209437809
20535,1.1768350764928175
20536,37.063373187675175
20537,16.322325048994767
20538,6.972068769695299
20539,3.274246898601308
20540,4.6060613177836105
20541,3.1650088561412204
20542,3.059178818672924
20543,2.877627404393431
20544,17.087061550767636
20545,7.822363817751185
20546,3.164312473490749
20547,1.5440061414375434
20548,2.0304025438334246
20549,1.4812611684525594
20550,1.3979301633774364
20551,1.373342596706061
20552,21.844523142662084
20553,9.997700692587694
20554,4.113513192766412
20555,2.0422692800835387
20556,2.750643164126021
20557,1.8608241838509332
20558,1.8103349057496805
20559,1.7569952089749732
20560,31.824895853575935
20561,15.241648809245005
20562,5.727376319908891
20563,3.040310029698481
20564,4.069977193758105
20565,2.782178922235576
20566,2.5172527004794465
20567,2.5993537618641325
20568,29.320521969748263
20569,13.082811213938712
20570,5.2893454703458
20571,2.6221637612325126
20572,3.401870037067264
20573,2.406801681129292
20574,2.326067220070295
20575,2.245128653513283
20576,18.695489070631446
20577,8.425625587500901
20578,3.684369069807166
20579,1.7255127087345867
20580,2.3975072324565954
20581,1.5872181903768918
20582,1.5064508595690118
20583,1.4732627408155035
20584,12.671497123814317
20585,5.724759184239738
20586,2.3723059393658206
20587,1.2852597183039842
20588,1.6513977662796517
20589,1.2127712204434284
20590,1.139613022739499
20591,1.0853251660258394
20592,23.193952508788154
20593,10.559202577117702
20594,4.638249456523701
20595,2.2645456845358205
20596,2.750890014179717
20597,1.9461404965434186
20598,1.904957611733238
20599,1.8879513388379492
20600,18.690893015747157
20601,8.335463919859407
20602,3.4533170226517163
20603,1.7549068399823293
20604,2.357656954661851
20605,1.6533944219430368
20606,1.5511022627115771
20607,1.5685372321376876
20608,13.65432486936072
20609,6.193788052935377
20610,2.536889589975133
20611,1.3672895747923006
20612,1.76327039632227
20613,1.2339855836112263
20614,1.1823540106249806
20615,1.165453876781704
20616,18.280770727751378
20617,8.609334829219849
20618,3.696517327411847
20619,1.7397636475762255
20620,2.2867484308479518
20621,1.5727704977350763
20622,1.541561096094906
20623,1.5450997590699929
20624,12.130942467797494
20625,5.388682617566667
20626,2.267942593000798
20627,1.2176099614493954
20628,1.562192668240807
20629,1.1302862187498934
20630,1.0677423840305114
20631,1.0380726646742962
20632,12.670871274931907
20633,5.914191776418999
20634,2.386886708262723
20635,1.2438411970389363
20636,1.6588150375541553
20637,1.1348193070857178
20638,1.1396468290865547
20639,1.0861041047879816
20640,27.374989660683784
20641,11.969516181141891
20642,4.894197355220727
20643,2.550789353545316
20644,3.3894592875617398
20645,2.2406545400749462
20646,2.258371633199703
20647,2.247921301297343
20648,13.531253580119985
20649,6.170397068376669
20650,2.6658990143973953
20651,1.3406772488055931
20652,1.693350073670744
20653,1.2411689957792869
20654,1.23094043908706
20655,1.1701812741900948
20656,29.603891473506046
20657,12.857194629895949
20658,5.8739032503604545
20659,2.670442374541958
20660,3.581489320083101
20661,2.369769741320938
20662,2.3785640614753536
20663,2.326017382693805
20664,19.9779149116767
20665,8.645390461988002
20666,3.87138162931818
20667,1.859048530889949
20668,2.5498113806215468
20669,1.7595360818357781
20670,1.6556133816698035
20671,1.5840186640682634
20672,14.58406527123899
20673,7.009876289702485
20674,2.8715502319951414
20675,1.3330118696015514
20676,1.8594327359537368
20677,1.3129748726532522
20678,1.253763788398789
20679,1.2065715546526303
20680,38.96837537632809
20681,17.1704066924893
20682,7.089724076307544
20683,3.3874864052412272
20684,4.82334508594335
20685,3.487516298409501
20686,3.1920343293157636
20687,3.1840257322315986
20688,16.22567302251999
20689,7.759473508791867
20690,3.2653152743044345
20691,1.5474888626630725
20692,2.0810270382754186
20693,1.5228237978668682
20694,1.3920062918122347
20695,1.3589654875754966
20696,20.730446797277438
20697,9.406242185653463
20698,4.144894440106448
20699,2.0234220470824598
20700,2.662879947478442
20701,1.843160993050461
20702,1.7388819848896098
20703,1.6563362021968933
20704,24.789296014233166
20705,11.600637518668018
20706,5.076228163605915
20707,2.3633816471041214
20708,2.9407710129260516
20709,2.172281604789021
20710,2.0951318263700593
20711,1.9872206577370362
20712,18.99545844827429
20713,8.052281450200311
20714,3.489749069343701
20715,1.710950667959002
20716,2.310069180961602
20717,1.6042369205565148
20718,1.5929785951542932
20719,1.5471448148224436
20720,20.049652909291208
20721,9.152142646780769
20722,3.872098485444735
20723,1.8202077471903253
20724,2.551734326299091
20725,1.654409442926136
20726,1.6236648593284981
20727,1.6489835283120395
20728,13.142376208047988
20729,5.811169277181978
20730,2.4386656120822856
20731,1.2712089472775818
20732,1.6165201921972931
20733,1.1352782023593606
20734,1.1532657176505803
20735,1.0959220681739734
20736,30.706577856549366
20737,14.32434909521139
20738,6.010206267232197
20739,3.0089275886911127
20740,3.885005436239572
20741,2.6456191761588963
20742,2.379923956828912
20743,2.546779802315803
20744,12.111658197989877
20745,5.430804183855623
20746,2.2860660114349294
20747,1.2510675395344124
20748,1.5752762546298196
20749,1.119563900140865
20750,1.0738807281250258
20751,1.0627472215639853
20752,13.24039501761591
20753,6.103194407614391
20754,2.556971547690129
20755,1.3404035459164636
20756,1.7275642086041476
20757,1.2346856574446474
20758,1.2013676805569735
20759,1.1609755921650415
20760,19.972292119197814
20761,8.772882964752096
20762,3.5937196301404035
20763,1.9735478643570081
20764,2.508238709917697
20765,1.7252552843225994
20766,1.6566994835822857
20767,1.6205409572207252
20768,22.172300354594892
20769,10.070755961114497
20770,4.313973435934957
20771,2.1444634707624632
20772,2.7600953158417103
20773,1.979476635039358
20774,1.9792818878276435
20775,1.927201162250229
20776,15.135783709336549
20777,7.15969540188222
20778,2.8894074223146036
20779,1.5000829492606345
20780,1.9298823223823443
20781,1.3986985844821214
20782,1.3401344654487226
20783,1.3232602624169423
20784,17.13683384146315
20785,7.782411889620508
20786,3.3174822361814496
20787,1.5634012183705808
20788,2.120267545232511
20789,1.561437829197765
20790,1.397495791999635
20791,1.3897130735212588
20792,50.97986030311253
20793,22.780190454290995
20794,9.940284400864979
20795,4.187763971572673
20796,6.175801238637422
20797,4.415911559169246
20798,4.053731380553061
20799,4.137799648962522
20800,13.575710301150703
20801,6.193446233122601
20802,2.5561844466617405
20803,1.3499145841254612
20804,1.741579028964651
20805,1.2500249267355508
20806,1.2247767666001417
20807,1.1634785887375207
20808,18.87999298046368
20809,9.134842159985856
20810,3.841520148440585
20811,1.3720114703419979
20812,2.891168582154917
20813,1.737694841194157
20814,1.7408836695889758
20815,1.524117970579302
20816,22.689657572314037
20817,10.534024981795339
20818,4.734510502046403
20819,1.6898141828430666
20820,3.8854286285578117
20821,2.0762795039703987
20822,2.0631028822187516
20823,1.8373062519944336
20824,21.032431750293874
20825,9.573070142871696
20826,4.419377650246509
20827,1.578895195928794
20828,3.2112890841902684
20829,1.9494828685276595
20830,1.9836386774544414
20831,1.6982243671611688
20832,19.626615573579485
20833,8.967513970400026
20834,3.945173804108217
20835,1.4581730861830386
20836,2.923646543270694
20837,1.6955812307565041
20838,1.8259269639251223
20839,1.5550406523550337
20840,17.397139771419162
20841,7.881157282528066
20842,3.4853519611249024
20843,1.317511862704366
20844,2.6957931634514365
20845,1.5380633208572558
20846,1.5961471261860407
20847,1.4030029777813668
20848,19.745510945631352
20849,8.990855296154418
20850,3.6665555001219228
20851,1.3543711669249765
20852,3.110820149014771
20853,1.6118790838575912
20854,1.8370110130242279
20855,1.5259000379056367
20856,19.045496027444297
20857,9.234525463630316
20858,4.023485207003223
20859,1.4666587023302322
20860,3.020858537165099
20861,1.7257461333990503
20862,1.8138449178163876
20863,1.5653777540009395
20864,27.062229859720357
20865,12.539759298934104
20866,5.157139975292011
20867,2.022214357173039
20868,4.258223140012346
20869,2.3661034558852196
20870,2.363493328132957
20871,2.0834757438163543
20872,31.637953672787553
20873,14.490773860994477
20874,6.193888058113897
20875,2.2219704919871752
20876,4.919859241313426
20877,2.789488902285547
20878,2.8442522779973087
20879,2.5939735408436984
20880,16.32147960830908
20881,7.840938760104606
20882,3.037040810238181
20883,1.2133827953474094
20884,2.623394799743613
20885,1.505559630745621
20886,1.5307041057913422
20887,1.3636777205319013
20888,23.19410055595784
20889,10.6971468535603
20890,4.865883954849309
20891,1.7480437413319307
20892,3.674185536844562
20893,2.092046650693244
20894,2.114880260278496
20895,1.8759038198856368
20896,13.700831385644307
20897,6.020149041105864
20898,2.706313203577165
20899,1.136542773597186
20900,2.1708055087880034
20901,1.249996740717901
20902,1.293033421085904
20903,1.1733274246416245
20904,16.768391274033224
20905,7.556882838636551
20906,3.3796417558583145
20907,1.26621193394973
20908,2.683552440914088
20909,1.5069623154569805
20910,1.5689115751932976
20911,1.3876927818150433
20912,18.715457506549
20913,9.070080039465306
20914,3.7687880087587056
20915,1.4074673671660283
20916,2.736163731934368
20917,1.6527927352331229
20918,1.7032122762264765
20919,1.549975929921562
20920,21.238540832119497
20921,9.817516639191188
20922,4.518038678964839
20923,1.5651892634843907
20924,3.2795339726990687
20925,1.8716176099146014
20926,1.9786173557285263
20927,1.7494161395630647
20928,29.16091885615531
20929,13.980470310174102
20930,5.9482212021115535
20931,2.183605670553549
20932,4.627639502347982
20933,2.6366505308117745
20934,2.6815931531424697
20935,2.3664587943726083
20936,16.889370662651128
20937,7.726991317137147
20938,3.444945776591859
20939,1.269117053319517
20940,2.6580716234173183
20941,1.5356655314271777
20942,1.6001290091052858
20943,1.4432690621068376
20944,42.8838258866707
20945,19.40410980324021
20946,8.671057581859124
20947,2.983343718715589
20948,6.828236463687004
20949,3.773907829712733
20950,3.8916931546167
20951,3.29993391152928
20952,21.657281212427044
20953,9.978948830770085
20954,4.117513649123301
20955,1.5649707267215724
20956,3.1472498604207293
20957,1.8495040447805373
20958,1.8863089807499733
20959,1.6884330226385127
20960,27.62257960944716
20961,12.884042095443379
20962,5.405040877205832
20963,1.9814930349170974
20964,4.354906804137397
20965,2.394379328889137
20966,2.4810346302950594
20967,2.1903314163176413
20968,39.847507136509016
20969,19.401938995667475
20970,7.7565247821559415
20971,2.8513298147613173
20972,6.666956023241325
20973,3.6164174496316885
20974,3.4443179664417247
20975,3.2572427252150713
20976,34.689611773999864
20977,15.8390229063165
20978,6.8081414203214035
20979,2.4382400973507337
20980,5.1665350818403395
20981,2.9231961870465475
20982,3.0150509359121056
20983,2.6178579311884893
20984,23.669661994365647
20985,10.730043582043661
20986,4.793187084306457
20987,1.715222573219511
20988,3.7152299407502647
20989,1.9700201599084188
20990,2.048503629517681
20991,1.7990749178025425
20992,16.185687041436385
20993,7.354030110181345
20994,3.1396345665283234
20995,1.2593150279636276
20996,2.490664496987027
20997,1.5170891023352084
20998,1.5358295453142825
20999,1.3178662930061174
21000,29.61220108326644
21001,13.828738636791073
21002,6.148554927668711
21003,2.152327967379752
21004,4.516166264389097
21005,2.5235318803490934
21006,2.645035312043891
21007,2.3796857041059245
21008,23.896130509153085
21009,10.776497685619328
21010,4.649452491016008
21011,1.7168293988749774
21012,3.6554592831701886
21013,2.077891257770337
21014,2.0952338497912035
21015,1.9014031563100524
21016,17.367817943103717
21017,7.911323364847173
21018,3.349330332707094
21019,1.2988655926166701
21020,2.7094651923344646
21021,1.539684590291949
21022,1.5764577014517447
21023,1.387942171575168
21024,23.433304975753696
21025,11.048382666010852
21026,4.86555553856594
21027,1.7466094156032788
21028,3.5911396214065645
21029,1.989924691138027
21030,2.0953724296596286
21031,1.9031824270135342
21032,15.38201724641794
21033,6.879209548351808
21034,2.9236755668780425
21035,1.1835607133702464
21036,2.335617968846898
21037,1.3909752483695683
21038,1.408779261980712
21039,1.2560925795690316
21040,16.126913240120977
21041,7.434036684797037
21042,3.0910739020947267
21043,1.1601878081894597
21044,2.500355708103419
21045,1.393825757231867
21046,1.4957799073074198
21047,1.2757943919472898
21048,33.94321846607447
21049,15.058313927231856
21050,6.442561470097388
21051,2.422958206794796
21052,5.235058719174056
21053,2.784647468443812
21054,2.9645811768587618
21055,2.6490704884762586
21056,17.391915207865026
21057,7.999388593392215
21058,3.491328555408334
21059,1.2991872258534924
21060,2.613826132296792
21061,1.5555668693669003
21062,1.6519048621909855
21063,1.429082162876607
21064,36.22015680458517
21065,16.044194456480795
21066,7.628784001141693
21067,2.585075109953791
21068,5.767145250856596
21069,2.994475199458245
21070,3.210041247272891
21071,2.8708984059579175
21072,25.76665506740569
21073,11.320750795689339
21074,5.108327174149361
21075,1.7884017112580626
21076,4.080972804073839
21077,2.2330051924455496
21078,2.2887218439338537
21079,1.9366486683834492
21080,18.316296326394728
21081,8.808517640333362
21082,3.7127246962581317
21083,1.3243754751008476
21084,2.79217068542215
21085,1.6309039368892648
21086,1.6480715075947245
21087,1.4493294258936842
21088,45.117525557591975
21089,20.85015927238227
21090,9.153412528690598
21091,3.305293508623897
21092,7.405506896795258
21093,4.228890120039316
21094,4.125407834940727
21095,3.76704974249268
21096,21.0077989894336
21097,10.2309379127758
21098,4.4197775023931705
21099,1.5557803777877974
21100,3.314760925828885
21101,1.9389824613101656
21102,1.9142954901691933
21103,1.6683104990211235
21104,26.71733118686982
21105,12.11138706929148
21106,5.474707183536136
21107,1.924397319891495
21108,4.229881509529821
21109,2.340989662167899
21110,2.4352179973731265
21111,2.035058246214494
21112,31.306725047731046
21113,14.59221578386096
21114,6.582234077295155
21115,2.169685290562679
21116,4.775010118407266
21117,2.7003728926270236
21118,2.7691088948089453
21119,2.4197745950897582
21120,24.098659198266013
21121,10.39206882875617
21122,4.636218365361352
21123,1.7199790088730431
21124,3.675845296472637
21125,2.0359927661762898
21126,2.1665182377572973
21127,1.8908604506082045
21128,25.506988556042657
21129,11.794503482993145
21130,5.095939341223742
21131,1.8496921663619854
21132,4.043829860526177
21133,2.137994526975796
21134,2.2657903990241626
21135,2.0844643213794747
21136,16.41359975491082
21137,7.26871516377585
21138,3.1325577330035275
21139,1.2058871647067588
21140,2.3978375848110476
21141,1.3789163284035282
21142,1.511373270529274
21143,1.2841150043205336
21144,37.94826422390015
21145,17.864195347958017
21146,7.7618221078982685
21147,2.8460581360614867
21148,6.091372724939999
21149,3.215151173985028
21150,3.1449803002483696
21151,3.0543712409870927
21152,15.539924092703625
21153,7.0510150654818045
21154,3.0284189512959103
21155,1.225051191876629
21156,2.430768304367121
21157,1.404288711222489
21158,1.4455217573224604
21159,1.3159600295918852
21160,16.902778640393525
21161,7.718812765217434
21162,3.3373722588341814
21163,1.2565700340697596
21164,2.6586656056238853
21165,1.523740540685301
21166,1.5898580030206593
21167,1.3853669502745856
21168,25.577263260321786
21169,11.132759663355236
21170,4.801588159056035
21171,1.9452053599545078
21172,3.9739094524574523
21173,2.186551948511084
21174,2.2471385546779126
21175,1.987326135443035
21176,28.697730272792235
21177,13.045013200969521
21178,5.678546571045397
21179,1.981099322939157
21180,4.500811218784346
21181,2.4957345692351596
21182,2.671621761413399
21183,2.3781117747750353
21184,19.35644942060431
21185,9.200272997239624
21186,3.8317844063614084
21187,1.4175180046671438
21188,3.104369774560553
21189,1.7041825959559929
21190,1.8086195930585445
21191,1.5519669737229325
21192,22.01763601740908
21193,9.899829157583834
21194,4.389633436201264
21195,1.5560951592459065
21196,3.3110361598179052
21197,1.9576657157879591
21198,1.8937265999592499
21199,1.7035894914655918
21200,55.98341617158852
21201,28.80269028708694
21202,12.988173198948969
21203,4.048682900858661
21204,9.487887555374252
21205,5.480131509181808
21206,5.475484666619125
21207,4.999909331187293
21208,17.25329580346493
21209,7.862777386621788
21210,3.4008983846056173
21211,1.2886553927265736
21212,2.6801030667567716
21213,1.5337156814590758
21214,1.622681397284252
21215,1.396156448338416
21216,18.587736976998833
21217,8.9373467129945
21218,3.757237177954218
21219,1.4175527955183218
21220,2.768675192973838
21221,1.7003930188966738
21222,1.7011606424673653
21223,1.5019929827357794
21224,22.355219202680132
21225,10.282692308133202
21226,4.6643422891227715
21227,1.7890036348560265
21228,3.71376814827667
21229,2.038241516949725
21230,2.035787923786781
21231,1.8150488325170542
21232,20.62207498640732
21233,9.149350033985842
21234,4.256237218426156
21235,1.6759862259777532
21236,3.014741825954037
21237,1.9187685777656267
21238,1.9376912724377449
21239,1.6803193444825124
21240,19.127540551144456
21241,8.665184457476753
21242,3.810911650625411
21243,1.5072751324268832
21244,2.782415313222125
21245,1.6296043305222507
21246,1.7647333833593741
21247,1.5032132260517845
21248,17.253630678700464
21249,7.76970146453749
21250,3.432261952516521
21251,1.3896958630480982
21252,2.63336260320302
21253,1.5374961848635673
21254,1.5887167614326005
21255,1.4195079799214698
21256,19.271831120101666
21257,8.734285311678018
21258,3.578713446184387
21259,1.474780473090722
21260,2.939592886661432
21261,1.5955498942049837
21262,1.8038517933515839
21263,1.5303689414136583
21264,18.54683655017804
21265,8.925838985383152
21266,3.889997207100394
21267,1.5231066245730547
21268,2.8493473355931935
21269,1.6788136297964986
21270,1.764047113681984
21271,1.5366152528533845
21272,26.862381873500894
21273,12.247562311833926
21274,5.018079389901276
21275,2.158708324765268
21276,4.026785975082402
21277,2.3181466625530676
21278,2.297095252842433
21279,2.0506598332641306
21280,30.411120007773118
21281,13.865983394217764
21282,5.866109431420146
21283,2.3459303766227135
21284,4.527094212634033
21285,2.6920426846618253
21286,2.7219583948556134
21287,2.5166846553975195
21288,16.147834013888332
21289,7.6462931423683775
21290,2.971996791091585
21291,1.2812582841821563
21292,2.5635811239565838
21293,1.5026383838013304
21294,1.5148174703458719
21295,1.3769876682657434
21296,22.735260398260998
21297,10.326048124615287
21298,4.660485177577384
21299,1.8244028221522322
21300,3.437817263766879
21301,2.0207033140393698
21302,2.041401577394378
21303,1.8151723556230888
21304,13.593487653960803
21305,6.1403599137241285
21306,2.666436388448408
21307,1.2016859006430125
21308,2.100779536947811
21309,1.2384335258978398
21310,1.281641249223629
21311,1.1585878412078874
21312,16.625545679783436
21313,7.456337264336721
21314,3.318655457367562
21315,1.3728575107728809
21316,2.6087138474849834
21317,1.5079164759323598
21318,1.5610991505781766
21319,1.4053806497910446
21320,18.51387750221877
21321,8.943064310902113
21322,3.6966248790513534
21323,1.4786926831768312
21324,2.663481121757837
21325,1.6328009589175827
21326,1.669040634310292
21327,1.5414251949681075
21328,20.699816253039966
21329,9.473348305428912
21330,4.322090464145316
21331,1.6509475807362428
21332,3.065150597976012
21333,1.8188903871892985
21334,1.9211659976310513
21335,1.7023025249511443
21336,28.421099070738713
21337,13.430634229875261
21338,5.67442422016437
21339,2.310592537169171
21340,4.301234132078681
21341,2.52633575604438
21342,2.5485343695586673
21343,2.284518684986171
21344,16.55865387468861
21345,7.542227188222812
21346,3.3467881252735188
21347,1.345934814357149
21348,2.547541403951576
21349,1.5106956694765343
21350,1.5653346952357265
21351,1.4310187742709934
21352,43.08220085873508
21353,19.61819719581685
21354,8.549217364221578
21355,3.4478992801192865
21356,6.690587017546698
21357,3.79239270792493
21358,3.9207396575710725
21359,3.3832659118765984
21360,21.307309944466805
21361,9.731694962289879
21362,4.0314672808456145
21363,1.6243878024086216
21364,2.9959004441969674
21365,1.8127249517455934
21366,1.8413532363856644
21367,1.6569562139069907
21368,27.20860644026371
21369,12.339741062964993
21370,5.171727630145498
21371,2.111168698847745
21372,4.085290034321877
21373,2.3135307841443877
21374,2.3761478472944644
21375,2.1367819631601
21376,38.717755268647785
21377,18.91574731380289
21378,7.400494072897548
21379,3.005705812662856
21380,6.1924975657769235
21381,3.4638705897169744
21382,3.326082893238672
21383,3.158046912526506
21384,34.80827590908182
21385,15.59146088222402
21386,6.564391063020437
21387,2.766000920665774
21388,4.849250712518298
21389,2.9360031466644245
21390,2.958737055973274
21391,2.6813884979655414
21392,23.18929219846401
21393,10.797497322303359
21394,4.647294710335848
21395,1.830611105071139
21396,3.524825844936979
21397,1.9432723624186867
21398,1.9949833320531152
21399,1.7800691364536483
21400,15.941365051144578
21401,7.1728632418643095
21402,3.0464330999903013
21403,1.3138487044302145
21404,2.404872546821395
21405,1.4784837524067695
21406,1.4948944556528603
21407,1.301930058639069
21408,29.42255303074205
21409,13.444522426702262
21410,5.925940685126771
21411,2.331230387313856
21412,4.201548064578061
21413,2.4812474151320534
21414,2.553087657222069
21415,2.3523119909799677
21416,23.533454493950625
21417,10.410706821676985
21418,4.448035510084732
21419,1.8083965472624068
21420,3.4608911056160254
21421,2.0257631079557443
21422,2.0360584772257218
21423,1.8581158407195548
21424,16.916995853988443
21425,7.6550348014627
21426,3.2323013558517975
21427,1.3694561334648319
21428,2.588642628485313
21429,1.5074528274245291
21430,1.527899063724795
21431,1.3769071093082348
21432,22.67819310530161
21433,10.722815916883443
21434,4.700874645568165
21435,1.829477692066836
21436,3.366120466617069
21437,1.9342335658086243
21438,2.0339761547188315
21439,1.858439705425182
21440,15.11134786426356
21441,6.800369176714669
21442,2.882867106451064
21443,1.217663414416239
21444,2.307174839385721
21445,1.380081825801213
21446,1.390220119915167
21447,1.248255675236847
21448,15.912932166231801
21449,7.319342952841589
21450,3.0256436860070677
21451,1.2433013393722945
21452,2.426689484472268
21453,1.3873448622846465
21454,1.4842857405194574
21455,1.2795878609360172
21456,33.43769811656995
21457,14.454716717283691
21458,6.0660443035049525
21459,2.648772380404536
21460,4.82941112232488
21461,2.726360708946593
21462,2.873907194378161
21463,2.649872063377674
21464,17.17766794536186
21465,7.84625788947886
21466,3.3979253241397247
21467,1.3455737945699624
21468,2.5387258535123762
21469,1.515610005994723
21470,1.6122684796299882
21471,1.4077643347765612
21472,35.30171435129682
21473,15.58351587634144
21474,7.32139969075437
21475,2.6683452966200045
21476,5.391805992117506
21477,2.8992255656320722
21478,3.1194187899413164
21479,2.7997713955916597
21480,25.296702850528398
21481,11.211013127041857
21482,4.9863677867693434
21483,1.9160769336626087
21484,3.831922007638042
21485,2.2026944229064576
21486,2.2517954685365877
21487,1.9445138256231203
21488,17.94146795855166
21489,8.5674942209836
21490,3.626815330925421
21491,1.3773706566663897
21492,2.689109498308288
21493,1.5995804918390601
21494,1.610869938516045
21495,1.439032551934175
21496,47.328277190084854
21497,20.76252931347193
21498,8.772811181845015
21499,3.454982944012912
21500,7.070441343444229
21501,4.221397082869683
21502,4.117017128094138
21503,3.7801382864735222
21504,20.48928329416181
21505,9.802289191899684
21506,4.253564405423869
21507,1.6458819670175735
21508,3.1306377514122588
21509,1.8948141606162254
21510,1.8622978671526116
21511,1.644042520814178
21512,25.584748775076847
21513,11.62994274604849
21514,5.2131006161058515
21515,2.020821542749746
21516,3.910114500196822
21517,2.277289008657397
21518,2.3243148744967534
21519,2.0151137499996894
21520,30.60143495759445
21521,14.23109536868897
21522,6.3110541257428645
21523,2.3388504688456435
21524,4.4246921529475385
21525,2.6405928185686465
21526,2.6942145467400906
21527,2.383169629863224
21528,23.362168112714198
21529,9.969389353736288
21530,4.439670323458752
21531,1.8101271321135335
21532,3.4321602926860737
21533,1.9682838207342523
21534,2.0906404824518834
21535,1.8407128935914638
21536,24.870564066526544
21537,11.528299457462333
21538,4.970241836042122
21539,1.947702425279975
21540,3.8125954776484683
21541,2.107151096475104
21542,2.2093424024193955
21543,2.0501551336055983
21544,16.110138896275235
21545,7.096959899931086
21546,3.0773957725787455
21547,1.2638208878836168
21548,2.331960442676198
21549,1.3592623356923008
21550,1.4875633613919792
21551,1.2795686709636318
21552,37.701546363628914
21553,17.49526897361214
21554,7.385039321521325
21555,3.1549143220150047
21556,5.683347693725465
21557,3.184868617648359
21558,3.036841457224804
21559,3.065896190139784
21560,15.318886560873835
21561,6.849745426808662
21562,2.9367447133809272
21563,1.281346088106525
21564,2.3524419081679833
21565,1.3841221728096755
21566,1.4158449769957182
21567,1.284290233804635
21568,16.82935003507905
21569,7.609181660019899
21570,3.289599183202256
21571,1.3557268906285604
21572,2.602707610454317
21573,1.5203418879072474
21574,1.5769854246031336
21575,1.405777167194292
21576,24.892617952443302
21577,10.814452398041668
21578,4.639313427980239
21579,2.0493263084330864
21580,3.726487632424781
21581,2.13749540770151
21582,2.192809905965757
21583,1.9565109087731598
21584,27.661851940565505
21585,12.627487765044183
21586,5.491127094591047
21587,2.127399092374163
21588,4.2129456536791015
21589,2.444758253866421
21590,2.5825058576052817
21591,2.3424891712112705
21592,18.87184002278847
21593,8.782584807001511
21594,3.657679852091397
21595,1.4926889115464268
21596,2.900079115623315
21597,1.668772232085675
21598,1.7440277166345872
21599,1.5383563180953832
21600,21.217652479258398
21601,9.584653940387108
21602,4.209207841073185
21603,1.631302561301111
21604,3.099089897386402
21605,1.9079227885380048
21606,1.8395998454569542
21607,1.6664468831847432
21608,55.89285984815405
21609,27.61242267017537
21610,12.221049041156888
21611,4.254551004670251
21612,8.734105355943404
21613,5.262181611442558
21614,5.233793238133047
21615,4.914150546207705
21616,16.808746419906008
21617,7.635924577031539
21618,3.289538573742995
21619,1.3571179318446318
21620,2.547500028032335
21621,1.498086004501457
21622,1.5704750212262448
21623,1.3764172390691836
21624,18.57783084238517
21625,8.772256402758586
21626,4.872819238831678
21627,0.12958585720346064
21628,5.365816970744958
21629,2.062411290200639
21630,2.4131601439533443
21631,1.5963150703941629
21632,22.586995289157784
21633,10.308925997503836
21634,5.86772228475002
21635,0.1441271324205162
21636,6.94852620586709
21637,2.481786474698589
21638,2.809391451998227
21639,1.9350838849923964
21640,20.77690336950103
21641,9.542666715652063
21642,5.422428369835938
21643,0.1362296735344922
21644,5.812061276523181
21645,2.284921448913062
21646,2.677106181134648
21647,1.7967654419097991
21648,19.15153279812396
21649,8.698797636797005
21650,4.988438581566371
21651,0.11051617061387216
21652,5.274484908954405
21653,1.9666868818959402
21654,2.4556497349801605
21655,1.636562029969086
21656,17.05567973282842
21657,7.746011614689277
21658,4.513350473253546
21659,0.11113505505171434
21660,4.858656408780714
21661,1.799296519731753
21662,2.1347610058357667
21663,1.4563179652326486
21664,19.194583297873102
21665,8.68234176369553
21666,4.815434869558274
21667,0.11063782076205247
21668,5.460015680662713
21669,1.8826951628639577
21670,2.4412005134719768
21671,1.6079700193477218
21672,18.667388857671767
21673,8.929110073381425
21674,5.058613451203957
21675,0.1203646235106864
21676,5.50229020812846
21677,2.0207093422693228
21678,2.4949197620007992
21679,1.6198580765813992
21680,26.49011518057648
21681,12.231749911219884
21682,6.630192646500966
21683,0.15546543365858914
21684,7.42574799524932
21685,2.7733359513348756
21686,3.2433713176176053
21687,2.1524205098499203
21688,31.12498764824399
21689,13.960604053847021
21690,7.313381179485951
21691,0.21836306458342852
21692,8.54508621343702
21693,3.286061631660278
21694,4.006224249360547
21695,2.721776560649055
21696,16.33814876711348
21697,7.518099320866061
21698,3.994970787290802
21699,0.0831904545967491
21700,4.704463591449593
21701,1.7735854185137703
21702,2.00409324020028
21703,1.3946732384002574
21704,22.94460333079727
21705,10.538670617244948
21706,5.789188166406324
21707,0.1604601675540095
21708,6.501724013960285
21709,2.421095517737234
21710,2.809258026497
21711,1.9576028880784986
21712,13.699984897788791
21713,6.212127671403625
21714,3.4284837784741544
21715,0.10985776472296772
21716,3.6253872754888423
21717,1.3739132977900483
21718,1.6155959526680266
21719,1.113683471316637
21720,16.86446517212631
21721,7.5685051350062125
21722,4.388940059239042
21723,0.09381552847923935
21724,4.963244988197444
21725,1.8184006324008286
21726,2.0806198605911783
21727,1.4638631105615714
21728,18.60157958705267
21729,8.84952534020094
21730,4.920249976288996
21731,0.11464651785126188
21732,5.128711350317586
21733,1.9808906707416807
21734,2.321312184745797
21735,1.6743786866949986
21736,20.861748863953824
21737,9.523534623320208
21738,5.432601133127891
21739,0.1323160854218814
21740,5.776022101113253
21741,2.16405018799134
21742,2.6436402400476813
21743,1.8499907279955143
21744,28.768996486820658
21745,13.318796318864193
21746,7.170399963871816
21747,0.17513261230650679
21748,8.055485831136918
21749,3.0360163665546174
21750,3.6830183790268167
21751,2.4344552706991567
21752,16.971624010859742
21753,7.7106201042570275
21754,4.476207055169489
21755,0.10334768414423488
21756,4.897452440679838
21757,1.7911718645675623
21758,2.131278787044111
21759,1.5103030630693322
21760,43.164444721056974
21761,18.909689150270044
21762,10.626819661646193
21763,0.2904129872881183
21764,12.226172696820425
21765,4.679626567233209
21766,5.672572570630041
21767,3.627396201848503
21768,21.226098054561465
21769,9.6222286644866
21770,5.229051166349326
21771,0.13364644807784315
21772,5.76206384797684
21773,2.1545676792417754
21774,2.5921179886786083
21775,1.769372247917358
21776,26.70495655976153
21777,12.134427254817455
21778,6.537896048718944
21779,0.17263334096830404
21780,7.518354050308248
21781,2.7925973886799036
21782,3.3604124888224844
21783,2.252907354662052
21784,40.20471971695716
21785,18.92447453499355
21786,9.788637132881448
21787,0.29690896187439003
21788,11.249019478630712
21789,4.4077784170419
21790,4.9351459260401995
21791,3.483700971431153
21792,35.390819295988855
21793,15.66537818292404
21794,9.169494064108623
21795,0.21024038202561296
21796,9.314833857892996
21797,3.592220780456095
21798,4.4057316553998955
21799,2.7508281004225785
21800,23.46410858033357
21801,10.52006659390814
21802,5.812716036641192
21803,0.15591067288485133
21804,6.5391438247724425
21805,2.2824521550996066
21806,2.788942442527909
21807,1.8910477836298631
21808,16.01435827048933
21809,7.254207553469967
21810,4.174275534841591
21811,0.09697580814632235
21812,4.534445086110817
21813,1.7641097263803678
21814,2.051197728917597
21815,1.346450804920951
21816,29.22400418663072
21817,13.370183269733065
21818,7.206298596802789
21819,0.21314372470601783
21820,7.962578947085867
21821,2.9852403625806794
21822,3.752857815625552
21823,2.495216769262106
21824,24.08366984310326
21825,10.744242959301332
21826,6.005196192524137
21827,0.14317493353467856
21828,6.525322358241907
21829,2.3870049092343186
21830,2.771240489250193
21831,1.9625598851020518
21832,17.187418829122063
21833,7.726977228229933
21834,4.412442514931968
21835,0.09973331937125897
21836,4.928259429489836
21837,1.7944463043516208
21838,2.093196350827602
21839,1.4609058359336438
21840,22.982245285127856
21841,10.752957629989837
21842,5.847252464606903
21843,0.14474336655901826
21844,6.357859311429854
21845,2.300037427585071
21846,2.7427107315210644
21847,1.9761396250746819
21848,15.351630155056245
21849,6.725115198275351
21850,3.79092707693866
21851,0.10453788288908744
21852,4.299395141672926
21853,1.577780564895053
21854,1.8164452368543988
21855,1.2948515818086257
21856,16.255988329530748
21857,7.338959243241928
21858,4.109786161970714
21859,0.09315469993106973
21860,4.681146100659211
21861,1.647421591037436
21862,1.9986899968971825
21863,1.3185185749212158
21864,33.83013821173432
21865,14.793043577007241
21866,8.550569338163928
21867,0.21921393715331008
21868,9.10316247053099
21869,3.3761804694648534
21870,4.219076776945683
21871,2.732998394589773
21872,16.919446959398535
21873,7.822637228144073
21874,4.4648413466738575
21875,0.10598211313974272
21876,4.753666764527701
21877,1.8399222149750802
21878,2.249750358512704
21879,1.4984201828475192
21880,37.19651416975743
21881,15.984555670424191
21882,9.147471742243221
21883,0.2583072511576106
21884,9.989142705555624
21885,3.5997621598861
21886,4.707298785423785
21887,3.069902635300669
21888,25.009442893920284
21889,11.140362530731199
21890,6.151870909902345
21891,0.17577578177717776
21892,7.022074087202813
21893,2.6050782989313013
21894,3.1447945813951117
21895,2.039474980916903
21896,17.987568336650657
21897,8.491854351327298
21898,4.761514117585206
21899,0.10894860517048582
21900,5.174531829738037
21901,1.9283076128507133
21902,2.2243181406951447
21903,1.4910590530770251
21904,46.08922277171188
21905,19.959492121727397
21906,11.490844378970483
21907,0.29814187550147486
21908,13.174587535288163
21909,5.041942445965539
21910,5.862601600637431
21911,3.982683596520044
21912,20.76249949880379
21913,9.793921923861964
21914,5.491093872708706
21915,0.12756895087178335
21916,5.953248963694627
21917,2.245418549933479
21918,2.5734326567762973
21919,1.7453063604694181
21920,25.41630441940837
21921,11.604955195461798
21922,6.649552133062378
21923,0.18679964424673617
21924,7.225186051022245
21925,2.7441729975421665
21926,3.247278080076334
21927,2.145397147583061
21928,30.970096029033094
21929,14.178831114800902
21930,7.734414509493079
21931,0.2122579511798104
21932,8.3471560890389
21933,3.17946228901783
21934,3.8743254618652605
21935,2.5503662309826582
21936,23.899150385465532
21937,10.44710595809859
21938,5.840318387474465
21939,0.1506444568342807
21940,6.4888843530219065
21941,2.3598831830892837
21942,2.9108124191714073
21943,2.0011913319011256
21944,25.24912414304789
21945,11.409934860200538
21946,6.240023137810868
21947,0.18623438369795178
21948,7.066888498370695
21949,2.5157991001319275
21950,3.1031878111162015
21951,2.215879530640056
21952,16.495929168293834
21953,7.169888541089958
21954,4.104514731848545
21955,0.12715863616767828
21956,4.415230319143057
21957,1.5971561586389418
21958,2.04835076035183
21959,1.3347999443675405
21960,37.76467127535466
21961,17.14754153411417
21962,9.442574330992432
21963,0.2962408670946904
21964,10.42915484750385
21965,3.896947824611383
21966,4.640609984035425
21967,3.2752946474269105
21968,15.222907873522544
21969,6.973999576351379
21970,3.8514579869256975
21971,0.09042341032398392
21972,4.161259577370303
21973,1.5538050795553693
21974,1.8448390856694474
21975,1.3164595831008579
21976,16.97992762880449
21977,7.644963751919403
21978,4.434143317980919
21979,0.108545162476421
21980,4.979713496956394
21981,1.842714295244816
21982,2.1672038912977896
21983,1.4633455437431753
21984,25.530254106697768
21985,11.015888128759604
21986,6.097510066020452
21987,0.17952626049251877
21988,7.009233462007789
21989,2.5804335484389824
21990,3.0935363873609347
21991,2.096642610069095
21992,28.00055469279631
21993,12.431263419500988
21994,6.685955370502153
21995,0.16791714342643493
21996,7.821981779793842
21997,2.92358327072799
21998,3.636427014006313
21999,2.5139326781485005
22000,18.875941310388267
22001,8.727388201334696
22002,4.8609002798277325
22003,0.11126100077309461
22004,5.435903566163442
22005,1.9451334512937855
22006,2.4022122785556395
22007,1.5745534550495657
22008,21.81766485684634
22009,9.662089165469713
22010,5.441073663205144
22011,0.12258703011226595
22012,5.824421275447089
22013,2.292065675665296
22014,2.5191074984847313
22015,1.7897234569379419
22016,56.012057855173104
22017,27.104394381078045
22018,15.252939717309188
22019,0.4398510757489747
22020,16.11658870204796
22021,6.441443627853436
22022,7.7665353824276995
22023,5.39525071694074
22024,16.923329379579513
22025,7.576626351625636
22026,4.446035967156298
22027,0.09808090125821303
22028,4.901015912232255
22029,1.8155033525035207
22030,2.2288195191453606
22031,1.489518885865556
22032,12.184117984410962
22033,5.897846708384311
22034,2.356819599202539
22035,1.636412639182433
22036,0.9066596027756804
22037,1.1654671968399337
22038,0.9940150571774453
22039,1.0798009231918024
22040,14.28289420213355
22041,6.577899728009299
22042,2.9729114362861613
22043,2.1028171274859044
22044,1.2319799447900772
22045,1.3357885523282194
22046,1.2067901198197497
22047,1.28076962281322
22048,13.492509570606709
22049,5.869711139807211
22050,2.711628015047642
22051,1.9841038008217402
22052,0.9436992492077767
22053,1.3058527471686894
22054,1.1482189171556674
22055,1.2106977372297598
22056,12.478226189089128
22057,5.683294039695748
22058,2.3850449911019918
22059,1.7651062455246451
22060,0.9309513335251368
22061,1.1272871253807153
22062,1.0399020939317896
22063,1.1005290107390209
22064,11.20617454509821
22065,5.140091137068926
22066,2.1381172406135067
22067,1.6113542076513026
22068,0.9047727477743174
22069,1.036620319004938
22070,0.9334266138295019
22071,1.082377050261611
22072,12.661259976958407
22073,5.78357075955642
22074,2.2374860316275154
22075,1.8019652051888149
22076,0.9465431767214736
22077,1.1250644998912047
22078,1.08897420084448
22079,1.1541668741122382
22080,12.184783515595784
22081,5.819005850389437
22082,2.4624763890000185
22083,1.7482820307087918
22084,0.8910006393471874
22085,1.136634089766407
22086,1.0218918773300973
22087,1.1043164416817814
22088,18.00446206138918
22089,8.028881399204117
22090,3.1088016135437067
22091,2.710731885548727
22092,1.4052382554610243
22093,1.6167694819883032
22094,1.4401051011794168
22095,1.5287663580019866
22096,20.032214306686335
22097,9.084381310592883
22098,3.761190196992802
22099,2.878262276350527
22100,1.521555562352581
22101,1.81533744106687
22102,1.6316437094216543
22103,1.8199809586923268
22104,10.239040383165431
22105,5.012799649127464
22106,1.8912654138734937
22107,1.471295333603936
22108,0.8992856736571813
22109,0.9918350569536727
22110,0.8704772417034746
22111,1.024402831640918
22112,14.651395139313255
22113,6.768887581819345
22114,3.0017114286336835
22115,2.1317363141129575
22116,1.1592975854406036
22117,1.3752659908718254
22118,1.2246956492298855
22119,1.3107612598360503
22120,8.391430553050878
22121,3.825364780930575
22122,1.6353033329473983
22123,1.2549312631999512
22124,0.7673145389469072
22125,0.8552574456549608
22126,0.7455573583723164
22127,0.8193792545363708
22128,10.737729287084113
22129,4.982723800708349
22130,2.09680076743405
22131,1.58538498612257
22132,0.8877435210674116
22133,1.0258197475319475
22134,0.9098724058063511
22135,1.0494711228197406
22136,11.983465974251246
22137,5.88391469047018
22138,2.320705973461447
22139,1.7286085898182386
22140,0.8921667157657698
22141,1.1027806463481609
22142,0.9874955688007881
22143,1.1255570022051344
22144,13.55661926947303
22145,6.150904247116517
22146,2.779314831800047
22147,1.9103573053225944
22148,1.0165917914013178
22149,1.2278645877030123
22150,1.1392305903758395
22151,1.221462135657574
22152,18.12920801569749
22153,8.877120328731854
22154,3.6647305626781703
22155,2.8421494942629777
22156,1.441342163346507
22157,1.7410505621850145
22158,1.550583492318678
22159,1.6735479496811088
22160,10.454932107826284
22161,4.8995871775729105
22162,2.056942272287638
22163,1.5470154582743334
22164,0.8505471140830999
22165,0.9848539163339846
22166,0.8936407304625129
22167,1.063199482394014
22168,30.09489806882639
22169,13.372105027421068
22170,5.527904791105589
22171,4.166659285368808
22172,2.451613472724413
22173,2.569781528512165
22174,2.2143243337200422
22175,2.4885664571474293
22176,13.737223350600484
22177,6.386586333017246
22178,2.5480736727331914
22179,1.9075953810474946
22180,0.9717338244054616
22181,1.2267739315294088
22182,1.0841618926748788
22183,1.1964515980016162
22184,17.716013394935484
22185,8.30999083828359
22186,3.3579772698563493
22187,2.6270791206370383
22188,1.3760009383194005
22189,1.592408378322096
22190,1.4790808445178167
22191,1.5749646387649954
22192,26.346476100488882
22193,12.596843416573885
22194,4.6180118351315
22195,3.6300905675956514
22196,2.2099576580465974
22197,2.261582510229048
22198,1.9179013063480759
22199,2.282215960350026
22200,23.407045229581193
22201,10.679061691829816
22202,3.9199198040742
22203,3.3918231227984896
22204,1.6341902705045375
22205,2.003958446257328
22206,1.7479199980510884
22207,1.92979595225974
22208,15.246507189844708
22209,6.878444372655212
22210,3.005665455294865
22211,2.1388319059807555
22212,1.2046705692424686
22213,1.3480487544018294
22214,1.1914969244395206
22215,1.2972655846399463
22216,10.375098993861073
22217,4.783865239143511
22218,1.9313579081191232
22219,1.5164955239146427
22220,0.85210767260546
22221,1.0030581826483282
22222,0.8658031534521285
22223,0.9720021843893191
22224,19.060996257007535
22225,8.756531042107813
22226,3.8405928976112857
22227,2.8195830976136884
22228,1.4046649924252241
22229,1.6556312307815364
22230,1.5308585081863904
22231,1.6821453122424364
22232,15.1072044375228
22233,6.702553805613974
22234,2.6707402890930387
22235,2.144853802577145
22236,1.1590767110303215
22237,1.3778462994961522
22238,1.2296780418714155
22239,1.345970207491493
22240,11.138737306855385
22241,5.162656759945496
22242,2.036373165124263
22243,1.5934425515683872
22244,0.8857085133508029
22245,0.9931259174950549
22246,0.9000449827530207
22247,1.0472178715134262
22248,14.803719889594097
22249,7.0588531043050935
22250,3.0055307721483833
22251,2.163006561333552
22252,1.1021128690243145
22253,1.2937237866530007
22254,1.2365396200910292
22255,1.3454824401350087
22256,9.695913684867103
22257,4.421591309178648
22258,1.859482170180031
22259,1.399503535104806
22260,0.800173992237902
22261,0.9235152635559409
22262,0.8066484720155245
22263,0.9295855819008116
22264,10.210987787067893
22265,4.932027522746922
22266,1.9265154462765375
22267,1.4531164872352924
22268,0.8215471338081966
22269,0.990642176695469
22270,0.8494124700981002
22271,0.9810676022071457
22272,21.998277754705
22273,9.65343094608588
22274,3.6872429679412555
22275,3.23532836434992
22276,1.675501706142443
22277,1.897869211698449
22278,1.796594640068934
22279,1.960083962680678
22280,10.915196872499633
22281,4.973951858307331
22282,2.117244168690205
22283,1.5545458145473707
22284,0.838580798446962
22285,1.0052801286569917
22286,0.9215147467041712
22287,1.0442507456580377
22288,24.185383522784015
22289,10.59255122181117
22290,4.68124092238635
22291,3.1464473794607093
22292,1.8917998614035287
22293,2.013949166523856
22294,1.738719584737338
22295,2.0488757481815734
22296,16.183285878000902
22297,7.035046636616761
22298,3.144988507550304
22299,2.3267926435095685
22300,1.2813895583173565
22301,1.5129282491633722
22302,1.304241216116112
22303,1.3913732014950642
22304,11.89604636215669
22305,5.6889440232119055
22306,2.2959285864294317
22307,1.619311814024548
22308,0.9057040275564449
22309,1.0806390793379146
22310,0.9642354588537354
22311,1.0889176123795083
22312,32.4091463991335
22313,13.99761018253654
22314,5.624918313421572
22315,4.2351049235654425
22316,2.6233514958111672
22317,2.7967571849921202
22318,2.330296886029673
22319,2.692825259509701
22320,12.976794215196755
22321,6.261296073533905
22322,2.649578047050194
22323,1.909690540287234
22324,1.00821658960357
22325,1.280394751478782
22326,1.0890416858066687
22327,1.1696616153957926
22328,16.87596608028618
22329,7.701273343785101
22330,3.397663398078396
22331,2.538997147855296
22332,1.379925000008465
22333,1.6111080248854754
22334,1.4192720986874474
22335,1.4597430247758991
22336,20.118500302118022
22337,9.487413226622499
22338,4.164521876768682
22339,2.9348093454059248
22340,1.50538599846048
22341,1.8670547914773263
22342,1.6930775178200206
22343,1.7852210577194916
22344,15.143044268280427
22345,6.489166186862826
22346,2.7817818934999923
22347,2.1312713462795934
22348,1.1289863393386959
22349,1.364415214815407
22350,1.267177851937667
22351,1.3561260299028628
22352,16.17935420494971
22353,7.474168693310267
22354,3.1282393146938783
22355,2.2584277249332754
22356,1.3038217766749856
22357,1.387663791642784
22358,1.2605856290752575
22359,1.43101769144927
22360,10.698035987318187
22361,4.840079297758595
22362,1.9919278579726862
22363,1.4899897005027418
22364,0.8221443501785182
22365,0.9831728427615495
22366,0.8597774535193649
22367,0.9712953909025376
22368,25.12241715578531
22369,11.833521799897719
22370,4.794300541879852
22371,3.6503375961767643
22372,1.9987047326865586
22373,2.1726408627771003
22374,1.6643121471601185
22375,2.2113213485188865
22376,9.79207808686014
22377,4.49007776393687
22378,1.859118503880615
22379,1.460364658503921
22380,0.8256207980964815
22381,0.970737751502646
22382,0.8177998629413933
22383,0.951243431910632
22384,10.751456393971527
22385,5.073096229618232
22386,2.0504025074242316
22387,1.5570155215230146
22388,0.8669602066741658
22389,1.0025389023924771
22390,0.9174767565492008
22391,1.0502109918941043
22392,16.122614018005777
22393,7.06406151454132
22394,2.8152247027670243
22395,2.393918438460015
22396,1.2217193493359992
22397,1.4561499510273777
22398,1.2993417380638241
22399,1.4076858517117923
22400,17.973744503467476
22401,8.283054660470093
22402,3.508869708323271
22403,2.6350294394882874
22404,1.3851062347090668
22405,1.6884100488323064
22406,1.6146421116947185
22407,1.7006923278207056
22408,12.301673251084267
22409,6.005271120812161
22410,2.387102747855301
22411,1.8483205187957696
22412,0.9243423455628759
22413,1.17614886507798
22414,1.051034682184157
22415,1.1611584958451509
22416,13.947632306911816
22417,6.394723093272485
22418,2.669935466324318
22419,1.9048343614684489
22420,1.0302921779435077
22421,1.2966365075275188
22422,1.0908416254809652
22423,1.194670429563136
22424,42.239731170994425
22425,18.50780828154313
22426,8.043326760028227
22427,4.845877918529392
22428,3.65269075285331
22429,3.569042157879991
22430,2.999215598229093
22431,3.4710045803863716
22432,11.068964901469222
22433,5.130121530158554
22434,2.045194053138572
22435,1.5756837587084407
22436,0.8818755681435442
22437,0.9968296738492739
22438,0.9170870492530518
22439,1.0404580988104026
22440,18.657244561361193
22441,8.783452299415055
22442,4.726900924615387
22443,0.12522229876988095
22444,5.284256098150521
22445,1.9934941512442776
22446,2.3346633956705807
22447,1.561579389713347
22448,22.19955284428055
22449,9.969307397210066
22450,5.6182934180230015
22451,0.13283828239934276
22452,6.754883602714857
22453,2.388063500389009
22454,2.6983483530532784
22455,1.9637744432183748
22456,20.40000307945276
22457,9.244670402291524
22458,5.201874489555205
22459,0.11161855881720088
22460,5.690921361307389
22461,2.229009310210805
22462,2.583104412096936
22463,1.7668567985664674
22464,18.73203520191339
22465,8.397691978761053
22466,4.885397572265797
22467,0.105118182096289
22468,5.264801659646093
22469,1.9474252188202656
22470,2.3574182253867892
22471,1.6396106412322338
22472,16.531708678268686
22473,7.691426712543727
22474,4.308420545186205
22475,0.10133341633355498
22476,4.677791266132919
22477,1.7579465993166625
22478,2.107351307592602
22479,1.3995593654990433
22480,18.796452125910104
22481,8.50988337812767
22482,4.795356892377606
22483,0.1104751021636006
22484,5.175488222120957
22485,1.8830626700213733
22486,2.2921676204689496
22487,1.5320425473080228
22488,17.88903369280646
22489,8.611554795930363
22490,4.740948850351559
22491,0.0848130740811443
22492,5.433447520212681
22493,1.9510186698474514
22494,2.3636914035645455
22495,1.6342419778048762
22496,26.332333516897762
22497,11.91934782484495
22498,6.849887661510387
22499,0.17111000503283583
22500,7.667012147745446
22501,2.7978110081593637
22502,3.2739309073756444
22503,2.2696109241723508
22504,31.371813284883704
22505,13.61886372077159
22506,7.42883764093906
22507,0.21807763094928115
22508,8.419640893742498
22509,3.0662761288891005
22510,4.016884069645611
22511,2.620965946100161
22512,15.873936708112177
22513,7.573080676723544
22514,4.1010366434178795
22515,0.09404085906547191
22516,4.71319820106291
22517,1.7285212388856743
22518,1.9330746514772532
22519,1.355058203868155
22520,22.8034660434203
22521,10.224563422522477
22522,5.593364885320862
22523,0.13423076817163904
22524,6.292551635386956
22525,2.304082681422702
22526,2.7858202185320136
22527,1.976677240375585
22528,13.907037218296633
22529,6.1163103835702
22530,3.385827911306337
22531,0.09853270884285852
22532,3.5938387711966517
22533,1.3191197093211486
22534,1.584190882249258
22535,1.1368236908474507
22536,16.4379321500901
22537,7.434480282182988
22538,4.376686042593579
22539,0.11550785028239285
22540,4.88986227758062
22541,1.7311079248679857
22542,2.0904212515815104
22543,1.4996352888582232
22544,18.630063839428267
22545,8.549837819929015
22546,4.767022009239467
22547,0.12261231045624811
22548,5.13787919922201
22549,1.955859177542666
22550,2.3135173022896587
22551,1.6298139548041863
22552,20.68994028201831
22553,9.143947995127105
22554,5.412876582113502
22555,0.10835818675419465
22556,5.668921860175971
22557,2.2005893592500345
22558,2.586570079797057
22559,1.8086703300282716
22560,28.049471577610415
22561,12.72127455152074
22562,7.1444842607922086
22563,0.17759617273596778
22564,7.859783187960015
22565,2.986327707606481
22566,3.7019276970869357
22567,2.446270772037665
22568,16.175797377209882
22569,7.6619443933810985
22570,4.294323596687389
22571,0.09846858640580862
22572,4.79906711016424
22573,1.6898209467126835
22574,2.0981365671276064
22575,1.5099640440738658
22576,44.162832962920604
22577,20.136098626467376
22578,10.696932208004386
22579,0.269865896348319
22580,12.200627914890864
22581,4.695629770500634
22582,5.6862898579334935
22583,3.6497476952845482
22584,20.636240501800426
22585,9.326976899375294
22586,5.222126448371544
22587,0.10408420579976681
22588,5.63241824591168
22589,2.114233553414019
22590,2.53241391470879
22591,1.8285728391768283
22592,26.29608697696884
22593,12.489053571000452
22594,6.534735039723809
22595,0.17049411623143723
22596,7.544877117094471
22597,2.687865040409836
22598,3.226206343411943
22599,2.2115834993698495
22600,39.97074833063476
22601,18.4866331093657
22602,9.87584712636969
22603,0.303010383386725
22604,11.261904693344874
22605,4.203191061000125
22606,4.980359533646693
22607,3.505393380771633
22608,34.750041512071995
22609,15.687279055412816
22610,8.989151866992751
22611,0.22052982212424488
22612,9.416349743468547
22613,3.5391200854631863
22614,4.201353300075333
22615,2.7278232523672963
22616,22.471750283354652
22617,9.97768140910826
22618,5.650660202084491
22619,0.1434123004859928
22620,6.157357452932838
22621,2.275629460822616
22622,2.7054415364209943
22623,1.8670196364464433
22624,16.009410062562047
22625,7.1769797271726405
22626,3.9553671582698664
22627,0.09514707283063183
22628,4.473576469816894
22629,1.6846353155062215
22630,2.0105732087652637
22631,1.293911159343146
22632,29.088622722852833
22633,13.177084149158453
22634,7.095524559572251
22635,0.1793014840196365
22636,7.962658279163779
22637,2.8860926896068553
22638,3.8687599242001873
22639,2.459816105791296
22640,23.256471055345035
22641,10.47403452955913
22642,5.868996630790217
22643,0.1291190917928217
22644,6.27926997731351
22645,2.376487769060245
22646,2.7125700790036595
22647,1.927950322208796
22648,16.507981320295258
22649,7.6401554974522625
22650,4.294648097395253
22651,0.10283911899153685
22652,4.737783932564326
22653,1.7217150580676719
22654,2.0374613040404257
22655,1.3915861481825205
22656,23.14115733560377
22657,10.153074544191778
22658,5.591669449133157
22659,0.14531663069966202
22660,6.095450715869401
22661,2.2383464114267824
22662,2.7461761670618756
22663,2.0158261491649867
22664,15.595463964544315
22665,6.969544271406616
22666,3.794349229960937
22667,0.11426855510770063
22668,4.162547342781004
22669,1.5712866468075706
22670,1.7491708037579532
22671,1.2381872452843234
22672,16.361054505079952
22673,7.131642171424214
22674,3.9929961413568256
22675,0.11740154803520395
22676,4.696238815270087
22677,1.6329024442618374
22678,2.008774525990064
22679,1.3072959202015815
22680,33.7105240976035
22681,14.86731123704281
22682,8.209936055303272
22683,0.19099954347340117
22684,8.889572762336337
22685,3.2588850003004377
22686,4.103813782064477
22687,2.705688508820653
22688,17.214597872133197
22689,7.65272928440566
22690,4.405230458271628
22691,0.09406455704615416
22692,4.742658838712743
22693,1.7063061984534593
22694,2.1210459884404225
22695,1.4532937614798616
22696,37.8413925841969
22697,15.681814019157452
22698,9.012068846742812
22699,0.21421531461474314
22700,9.662192008879664
22701,3.524033591744643
22702,4.6509534274681155
22703,2.850793618363179
22704,24.24164126793923
22705,10.854601694283414
22706,6.199981403074656
22707,0.1505298176563119
22708,6.815882873928768
22709,2.572963965130693
22710,3.1148785819124534
22711,2.082373135264642
22712,17.447011874246
22713,7.950401077822473
22714,4.544990366259915
22715,0.11483484016229488
22716,5.119546014720513
22717,1.8422156219779713
22718,2.1616280912881494
22719,1.514269577112819
22720,46.220154583526735
22721,20.62547625664556
22722,11.497855852907382
22723,0.2617729187660971
22724,12.856373823202256
22725,4.875138236749121
22726,5.7455961597237275
22727,3.9959814793130057
22728,20.520833910849404
22729,9.68346879717446
22730,5.466653931681892
22731,0.12252939569382507
22732,5.888937093549336
22733,2.215825038275486
22734,2.509635232776159
22735,1.7426947683643574
22736,26.806790650257636
22737,11.548141606246926
22738,6.366398640417785
22739,0.17916275229305526
22740,7.076183706436715
22741,2.754491345382819
22742,3.2013866319788544
22743,2.2225768943194226
22744,29.52579511888954
22745,13.216982099683936
22746,7.532966073049295
22747,0.17784367820105318
22748,8.211570499933913
22749,3.1065794333630907
22750,3.9354798629352135
22751,2.5410066984922026
22752,22.977825715430832
22753,10.096732777573777
22754,5.7638315806921945
22755,0.14693652045893515
22756,6.376982711201327
22757,2.4217065148417602
22758,2.800316448780194
22759,1.9585103264441035
22760,24.10154681037648
22761,11.281175006108146
22762,6.253237305883529
22763,0.1483030210521982
22764,6.921954137450461
22765,2.5479046798154363
22766,3.1144604812222205
22767,2.205888631776845
22768,16.167939067129616
22769,7.123128451998356
22770,4.058185076564623
22771,0.11121585414418425
22772,4.49924262741363
22773,1.5925436665120531
22774,1.9775496759922477
22775,1.3121422329601098
22776,39.423285874082424
22777,17.111388057811695
22778,9.220393996449246
22779,0.2663081010357046
22780,10.07010765419989
22781,3.8820876029244995
22782,4.600825474365149
22783,3.182062586673134
22784,14.908495505733883
22785,6.924016386697743
22786,3.833894422111715
22787,0.10561440884412272
22788,3.903326958055694
22789,1.5550539887369474
22790,1.8181004687518232
22791,1.2848338485817719
22792,16.56746572202345
22793,7.432215043716682
22794,4.368652409982255
22795,0.11767166542522188
22796,4.633495505716775
22797,1.7933384708044717
22798,2.0474591400388227
22799,1.4997671659972387
22800,25.271002570464418
22801,10.724730086593869
22802,5.751754013237021
22803,0.15107124171276604
22804,6.9610122031425465
22805,2.583136741852166
22806,2.96072072609003
22807,2.1509268685043277
22808,27.32185198760848
22809,12.43148826022575
22810,6.665620506162591
22811,0.16420945801977552
22812,7.500361013809266
22813,2.848314848127995
22814,3.609817755195436
22815,2.4860081223466426
22816,18.728867805235126
22817,8.773873642533307
22818,4.736788426925997
22819,0.09963196376026236
22820,5.2720694070194725
22821,1.9557101272467294
22822,2.3646872996237756
22823,1.6296134188933569
22824,20.816994667443723
22825,9.081155160089658
22826,5.234368684685025
22827,0.11610059393064781
22828,5.762636858281696
22829,2.217262172924336
22830,2.443991096360735
22831,1.7947786352684851
22832,59.44451965251634
22833,28.98049087336323
22834,14.751924592058135
22835,0.4618239392043962
22836,16.885572937250316
22837,6.203469160422449
22838,7.537232700845223
22839,5.099729368184614
22840,16.49331768936673
22841,7.358184292634712
22842,4.368707182389577
22843,0.12002908715492198
22844,4.680219084531201
22845,1.6993744838553884
22846,2.1727947258216647
22847,1.4044757235473648
22848,18.497427983750143
22849,8.912177741621175
22850,3.756750614036619
22851,1.118865972312512
22852,3.0935248348465447
22853,1.6768915860552294
22854,1.700853626342299
22855,1.4616555735779855
22856,21.717466397012
22857,9.994949232207235
22858,4.519655020940683
22859,1.3614868732474579
22860,3.840478057225503
22861,1.9507677662073113
22862,1.962967294070093
22863,1.7039072635375179
22864,20.164046392632105
22865,9.079394176972233
22866,4.133632989731279
22867,1.2234231420139827
22868,3.223109190493582
22869,1.801169587543703
22870,1.8823250359800647
22871,1.5599732429496487
22872,18.9190827862763
22873,8.572192372956287
22874,3.8137938498670065
22875,1.203109433753119
22876,3.0266948991307494
22877,1.5960290277566584
22878,1.7579344408848285
22879,1.4630602773058774
22880,16.97752056439583
22881,7.70232319170218
22882,3.4285745139159123
22883,1.102030865104343
22884,2.836614493854975
22885,1.4820737770841668
22886,1.5564052411085336
22887,1.349741029527679
22888,18.81070633284695
22889,8.57127672973501
22890,3.55007142034625
22891,1.1238289395535648
22892,3.1715410829341284
22893,1.541051423514008
22894,1.764667661036006
22895,1.458920558538148
22896,18.272330908948117
22897,8.815738373478595
22898,3.8551900547527604
22899,1.2141302025236063
22900,3.0840668734525667
22901,1.6268141524825215
22902,1.73813791906962
22903,1.482288921889957
22904,26.681846776485205
22905,12.240069878285503
22906,5.120772922000548
22907,1.6821608666817036
22908,4.398260152870624
22909,2.305692629932091
22910,2.3475916623666984
22911,2.008581925667395
22912,30.403199914475138
22913,13.833987297366575
22914,5.94759546879431
22915,1.7137464530746984
22916,4.960970339522848
22917,2.637946571690229
22918,2.7367284168179027
22919,2.4023668868167163
22920,15.899985639336231
22921,7.570037082426912
22922,2.9578527391655434
22923,1.0130719155473091
22924,2.7323140350143147
22925,1.4610760918187984
22926,1.4895036463084266
22927,1.3218501548735107
22928,21.96583942174717
22929,10.04704063281667
22930,4.517097197441145
22931,1.4144673857954635
22932,3.5918019542483575
22933,1.9217368852481396
22934,1.971576050089762
22935,1.7057306869179227
22936,13.479100883047286
22937,5.936198802685
22938,2.6383861616556743
22939,0.9508202111854966
22940,2.229359892913557
22941,1.198511267064544
22942,1.2388548673836566
22943,1.1179373334732452
22944,16.17478954602022
22945,7.204050080529937
22946,3.2237579970247205
22947,1.0090878172494278
22948,2.7768565743435487
22949,1.4170255271989285
22950,1.502902018372471
22951,1.302224995027943
22952,17.923663975391822
22953,8.708565106931633
22954,3.6134013056104988
22955,1.1281534742955233
22956,2.8066534155589027
22957,1.5577143963837643
22958,1.6197682744009025
22959,1.4461475699044986
22960,20.1781336339253
22961,9.299312083183983
22962,4.255518849307272
22963,1.3010023911313262
22964,3.2645586205581916
22965,1.7476008758275536
22966,1.8753247749397264
22967,1.6290205207887012
22968,27.663576452276203
22969,13.230717988439261
22970,5.650006099250961
22971,1.7166427678060792
22972,4.5993709492652135
22973,2.454603125340295
22974,2.5642796492683644
22975,2.178480932997649
22976,15.966819636080142
22977,7.317573016609776
22978,3.258867592621358
22979,1.0006897841859048
22980,2.7150640928657594
22981,1.427465129571821
22982,1.5082238241677304
22983,1.3279728394017467
22984,42.91151086964021
22985,19.19885751886301
22986,8.526523065973564
22987,2.5743081698960895
22988,7.075106845345965
22989,3.71671774276355
22990,3.9415241161832046
22991,3.243023182238654
22992,20.87032286563463
22993,9.60948421859673
22994,3.9950222295629065
22995,1.3052487519882354
22996,3.2246102782740333
22997,1.7786297359416807
22998,1.8408308615394482
22999,1.6133364561350314
23000,26.734015887498
23001,12.30708793397703
23002,5.2293446199899
23003,1.6352573645564765
23004,4.407209830089359
23005,2.284802552107616
23006,2.413236382859754
23007,2.071324638568308
23008,38.99359229845821
23009,18.986332194250803
23010,7.43517391440916
23011,2.338397910332614
23012,6.723173609287989
23013,3.46789504132202
23014,3.3644126680673283
23015,3.0586205175269074
23016,34.19593358588985
23017,15.336505454629375
23018,6.609617784333534
23019,1.9724291321292113
23020,5.2117607735229425
23021,2.8238654817312305
23022,2.921544836833597
23023,2.48718668347612
23024,22.590592502981554
23025,10.22167792185641
23026,4.530299166361844
23027,1.4570189685425485
23028,3.6820504351945376
23029,1.8631735408807786
23030,1.9608295316418582
23031,1.6975037149755778
23032,15.466403861811738
23033,6.989762952716927
23034,2.9964852677881453
23035,0.9823997724953765
23036,2.520645271126937
23037,1.3978985146549492
23038,1.445678815211624
23039,1.2278722209805846
23040,28.366124580126126
23041,13.127071204667713
23042,5.820235608395543
23043,1.7047298644910747
23044,4.494540304739581
23045,2.3941769931350496
23046,2.531488516197525
23047,2.2040506378072706
23048,22.988532590552683
23049,10.263162510184294
23050,4.400335721996105
23051,1.4343635162627597
23052,3.6289796430996915
23053,1.9521221833352165
23054,1.99316493182624
23055,1.764393540416728
23056,16.628919936861355
23057,7.549350789625832
23058,3.2011980960991844
23059,1.0318444797935693
23060,2.767524993136363
23061,1.4486283489149054
23062,1.4957865081454889
23063,1.298093211792573
23064,22.29900421518387
23065,10.464983372941267
23066,4.579850897766257
23067,1.4226333309701995
23068,3.5548155086769357
23069,1.8456279884234168
23070,1.9588592259539304
23071,1.7424418885298423
23072,14.749701250825897
23073,6.601104342270007
23074,2.8182004574986887
23075,0.969408568467353
23076,2.383084717914698
23077,1.3148873819548683
23078,1.3363067489809088
23079,1.1890705819227274
23080,15.450708843165806
23081,7.0906512920047495
23082,2.9638584244201605
23083,0.9425836576597699
23084,2.5796501943701213
23085,1.317632159941645
23086,1.4305364649767027
23087,1.2228333242457048
23088,32.92129693970597
23089,14.484685185600778
23090,6.228809368069974
23091,1.9643757996130364
23092,5.236555900208982
23093,2.7051779702704866
23094,2.911419146640736
23095,2.540351636290286
23096,16.78062767221882
23097,7.667789613974759
23098,3.3401000448995273
23099,1.056132479340623
23100,2.7015422673811877
23101,1.4566804397670938
23102,1.5771806989872204
23103,1.3391571345125495
23104,35.264837636687034
23105,15.4663590122803
23106,7.33484665921094
23107,2.2225293934891934
23108,5.793559974947157
23109,2.8666437709364523
23110,3.150113273022576
23111,2.7293169357347074
23112,24.729262815755153
23113,10.914165200659957
23114,4.935750790486942
23115,1.4608791808208625
23116,4.135720318677243
23117,2.1109405263910483
23118,2.2452052967075735
23119,1.828455811914477
23120,17.64231192528346
23121,8.434847709690525
23122,3.5767313272685697
23123,1.0957546854303637
23124,2.881478747570299
23125,1.5423184816209055
23126,1.5821438197183624
23127,1.378145778548975
23128,45.39517272797511
23129,20.01684892227905
23130,8.633496347748938
23131,2.7835278303982243
23132,7.436724799235586
23133,4.108728801655676
23134,4.057168326467017
23135,3.615255177278952
23136,20.089631350929995
23137,9.62372532435414
23138,4.167303117592763
23139,1.2158813352412638
23140,3.3629404089622454
23141,1.7931951464134075
23142,1.8164228476739785
23143,1.5418598268505481
23144,25.40687688872536
23145,11.647329463779492
23146,5.245470972474692
23147,1.5294909912007013
23148,4.2010097050689605
23149,2.2241005373599183
23150,2.3628582312148296
23151,1.9284958848893337
23152,30.21030769880516
23153,14.147081817838696
23154,6.395748943145483
23155,1.8002421716752572
23156,4.856120137219852
23157,2.621474328749809
23158,2.7417281188265408
23159,2.323317232160193
23160,22.94127437101022
23161,9.806415174946922
23162,4.348572270484286
23163,1.4369597531251659
23164,3.6137735120211136
23165,1.907489141755223
23166,2.0728923493707367
23167,1.761332174856594
23168,24.26469220768183
23169,11.177128968009482
23170,4.783371699936787
23171,1.4818935057449674
23172,3.9188387048502933
23173,1.9812646499371935
23174,2.1408441746761357
23175,1.9070700149241133
23176,15.755704549743596
23177,6.939414139868741
23178,3.0173410878355313
23179,0.9520688893927083
23180,2.4860250874917758
23181,1.2927012991494693
23182,1.4382990280322234
23183,1.2229672413686545
23184,37.428647278844444
23185,17.341401633048243
23186,7.529546709324177
23187,2.400586872713053
23188,6.127369635342697
23189,3.167795295426803
23190,3.163599372757558
23191,2.987268861839224
23192,15.043797000060144
23193,6.813194054861042
23194,2.919863966457913
23195,1.0086163796551098
23196,2.5021024555010674
23197,1.336883761285424
23198,1.3950019251009038
23199,1.2560667542418054
23200,16.228930873917037
23201,7.348450455180216
23202,3.2036345062137856
23203,1.0118874051229492
23204,2.747558558674557
23205,1.441732535387874
23206,1.5184108836595083
23207,1.3010866843101063
23208,24.574772445750757
23209,10.682531266230017
23210,4.55831328355874
23211,1.5475363315784902
23212,4.007069985574584
23213,2.0645440099492194
23214,2.1689204767003707
23215,1.8516874632183251
23216,27.32423116044091
23217,12.393864664316187
23218,5.430858572605174
23219,1.5584011691865611
23220,4.5319667654970335
23221,2.374360895476161
23222,2.587755336139926
23223,2.243316361498132
23224,18.676459064363794
23225,8.70832068098566
23226,3.745762057190052
23227,1.1464177531246023
23228,3.2086391044025255
23229,1.6345591624334361
23230,1.7482277405891844
23231,1.492433287125825
23232,20.666768802359634
23233,9.313918742904747
23234,4.088524084655628
23235,1.2440250879594805
23236,3.2469949061947028
23237,1.80063136912468
23238,1.759708242357297
23239,1.5571773850564912
23240,57.22322041374259
23241,27.19925030236331
23242,12.180752077360962
23243,3.3569321412909483
23244,9.61760676586223
23245,5.306996050602076
23246,5.4094686996254175
23247,4.858675659623252
23248,16.495442231506587
23249,7.502678799864642
23250,3.2449263422117403
23251,1.0245063174071418
23252,2.7491348773188924
23253,1.4352871742276523
23254,1.536034046446652
23255,1.3079003246238246
23256,19.61419746404381
23257,9.126200468838306
23258,3.9072679825747887
23259,1.2070033699595335
23260,3.1539059742502187
23261,1.701940634856585
23262,1.7613938322557952
23263,1.4869928861768293
23264,22.685834800947564
23265,10.277022566005233
23266,4.6112195237461995
23267,1.3853862514217108
23268,4.018554157005741
23269,1.9842536726732065
23270,1.9830896891346865
23271,1.7785524078166743
23272,20.51354757409441
23273,9.252279879420088
23274,4.187356959361986
23275,1.2438896015303813
23276,3.337366962517698
23277,1.821701029879488
23278,1.8860813748006549
23279,1.5618330734388068
23280,19.453603125899143
23281,8.847740062797792
23282,3.9676099229459987
23283,1.2253881809550888
23284,3.1994848191503826
23285,1.646520401590567
23286,1.7552440550062607
23287,1.5049535285040558
23288,17.33237124916858
23289,7.926162732701763
23290,3.400297666236723
23291,1.119231336513548
23292,2.886674413140887
23293,1.5280691528156833
23294,1.5927917396752782
23295,1.3830942737802396
23296,19.484476451934864
23297,8.900797599339551
23298,3.747033422797572
23299,1.1520069794132854
23300,3.173253067597806
23301,1.5941048697894002
23302,1.7082551676526294
23303,1.4241107195386074
23304,18.993853292535086
23305,9.222394152814358
23306,3.896162622667452
23307,1.2323630527515619
23308,3.252282738170662
23309,1.675813615404336
23310,1.7810122573158729
23311,1.531415229641294
23312,27.022981888954433
23313,12.384099474919742
23314,5.393950967320911
23315,1.6318282160972422
23316,4.612633001450948
23317,2.396405681934789
23318,2.400848199724814
23319,2.096636759527333
23320,31.750267559902685
23321,14.093446004556348
23322,6.31076833182058
23323,1.8776482395608611
23324,5.097841004957311
23325,2.6188633231663845
23326,2.838744462662427
23327,2.4022155208406173
23328,16.397280654908037
23329,7.823571938854523
23330,3.1783593570090156
23331,1.0183845418072077
23332,2.8347956221244592
23333,1.4684633798579059
23334,1.4542387768227623
23335,1.3038745581168518
23336,23.467754185399606
23337,10.641907283365002
23338,4.647526696302044
23339,1.3864892295898277
23340,3.7604141116492182
23341,1.9217460198932943
23342,2.054619140467009
23343,1.7888991829642789
23344,14.350478305955447
23345,5.993066307870647
23346,2.664363201322787
23347,0.9762370427490039
23348,2.3578680040634192
23349,1.2102629110006433
23350,1.2435690222224831
23351,1.14011453695922
23352,16.86231617542564
23353,7.463600299255681
23354,3.50828193971598
23355,1.0498631153230473
23356,2.9347741058025987
23357,1.4759327097636166
23358,1.5380498300104664
23359,1.3704307137281828
23360,18.8620023653886
23361,8.712468592949358
23362,3.7070249148973247
23363,1.1396459361812454
23364,3.013433187172326
23365,1.6067357968897718
23366,1.6789497420608674
23367,1.4728322909640132
23368,21.604297419664178
23369,9.690413227227396
23370,4.54232472757935
23371,1.3119410268678484
23372,3.484161865219874
23373,1.83907473768893
23374,1.9377390547564404
23375,1.6636199965967475
23376,28.26859182384416
23377,13.138733249311002
23378,5.969745059030997
23379,1.7764865932157177
23380,4.753641698809015
23381,2.528904608210668
23382,2.645918216679291
23383,2.221738479599921
23384,16.59339734053757
23385,7.78287699986119
23386,3.496251843888003
23387,1.0255366358680293
23388,2.9072278753895873
23389,1.4731580160619249
23390,1.5555470273537475
23391,1.3973601456116322
23392,43.92748334124285
23393,20.299251628155254
23394,8.983604420322324
23395,2.4321275408281036
23396,7.410121120294125
23397,3.969963942229853
23398,4.084344949992745
23399,3.320324799268304
23400,21.555442254686366
23401,9.85930106304871
23402,4.16775944951886
23403,1.3394640548326526
23404,3.4227545674722375
23405,1.8139758476101728
23406,1.8876614129468374
23407,1.692658649279041
23408,27.092388936325968
23409,13.04455593665896
23410,5.502182330062846
23411,1.728624380116148
23412,4.585839043144298
23413,2.312793487418652
23414,2.4259971318218416
23415,2.074417331743513
23416,41.56300925259414
23417,19.018996496909548
23418,8.010514361240753
23419,2.409331104830118
23420,6.970315055354697
23421,3.4955579544436914
23422,3.5991996018772805
23423,3.1640236793866667
23424,34.58113211455057
23425,15.749759395174719
23426,6.939381963528215
23427,2.110137230868825
23428,5.759916313103119
23429,2.9459259483141396
23430,2.971726567453278
23431,2.5434269207613376
23432,22.9276339832441
23433,10.372954526372459
23434,4.647967480105757
23435,1.460389512701816
23436,3.7452560455623933
23437,1.8995393577786785
23438,1.9914340031287576
23439,1.7168306295395137
23440,16.548941331804887
23441,7.336040927336232
23442,3.0851046437240845
23443,1.0207938444383071
23444,2.7217408189030423
23445,1.4500094877550214
23446,1.483064678134531
23447,1.2697492519459477
23448,29.523920931422236
23449,13.590811271853667
23450,5.9520887253112305
23451,1.7064742075391754
23452,4.779684086147879
23453,2.4269523494096537
23454,2.7368149436593585
23455,2.2362366038093238
23456,23.78029805338416
23457,10.912431713508191
23458,4.660395879170663
23459,1.4197383228065559
23460,3.8792532854299693
23461,2.0041896015589
23462,2.036052644022538
23463,1.7678139875316032
23464,17.093255375987344
23465,7.769597640580555
23466,3.412540512230592
23467,1.0279116106945658
23468,2.8495317695021067
23469,1.4831865794751056
23470,1.4933838507339343
23471,1.3376941574994878
23472,23.5078594636444
23473,10.581736148480635
23474,4.676520395755571
23475,1.4501334206901995
23476,3.6755493949164464
23477,1.8844908169633339
23478,2.043521486110661
23479,1.8333640288291595
23480,15.741778394203578
23481,6.832702849447351
23482,2.9187799961142358
23483,1.0120281863345328
23484,2.522745411432706
23485,1.3306896986485162
23486,1.3413586161877853
23487,1.2043033757920951
23488,16.519770277540346
23489,7.053413190015454
23490,3.1171425458437065
23491,0.9833082475058055
23492,2.7409266788423787
23493,1.3853537744621307
23494,1.4461844167094098
23495,1.2441692795000714
23496,33.92208884549902
23497,14.868475755305798
23498,6.411136351066445
23499,1.8842373714717582
23500,5.505384905563283
23501,2.7615267339628735
23502,2.911788006029971
23503,2.5543866820731917
23504,17.958908694872736
23505,7.873475205512716
23506,3.509986857335849
23507,1.1014454073295885
23508,2.864887549408542
23509,1.4747680722709717
23510,1.6009049149829022
23511,1.381213096338722
23512,37.84225142123571
23513,16.025590527907017
23514,7.714711487734584
23515,2.0894081009771694
23516,5.865443640816637
23517,2.956231251355432
23518,3.2822200011024103
23519,2.6847498844497912
23520,25.078070562476885
23521,11.428105981511491
23522,5.204479576825452
23523,1.4856568519366042
23524,4.167119409708246
23525,2.1673809839177123
23526,2.2592291971083966
23527,1.9175060646197755
23528,18.218911777142516
23529,8.335264311896058
23530,3.6535670811772203
23531,1.158969460934546
23532,3.0804784813036594
23533,1.5517141172870887
23534,1.6200691997447454
23535,1.41212927376579
23536,47.16172939942227
23537,21.20558781099494
23538,9.260180326504486
23539,2.619940256233911
23540,8.023489937660855
23541,4.227314655998204
23542,4.2399874166726965
23543,3.6529583722783587
23544,20.695000582162045
23545,9.928785234036555
23546,4.382994542608015
23547,1.290774308870008
23548,3.466917311759833
23549,1.8270682040255997
23550,1.8249552324825165
23551,1.583603369835767
23552,27.572900839740793
23553,12.145426191339562
23554,5.201578422775125
23555,1.6645490744237392
23556,4.328824402811019
23557,2.3411446606981903
23558,2.3672266282158696
23559,2.0489260712010764
23560,30.56163634100777
23561,13.757990109930615
23562,6.459516683411746
23563,1.8156286659308003
23564,5.071166795758227
23565,2.7003805701603514
23566,2.9065249876634387
23567,2.4178155629842935
23568,23.591160053362994
23569,10.502104733039905
23570,4.836700279966914
23571,1.4886543101124194
23572,3.8965912661394757
23573,2.051468442385512
23574,2.128205328258349
23575,1.8090986141684988
23576,24.85688323254929
23577,11.93745706021087
23578,5.175830161331046
23579,1.487422175915876
23580,4.188593859818956
23581,2.129589975189045
23582,2.2349000818347355
23583,1.9720144580894874
23584,16.3990646136469
23585,7.132080253005397
23586,3.211109750860892
23587,0.9989504581943031
23588,2.674856704325897
23589,1.3609169191951238
23590,1.432712035778118
23591,1.2626042284587145
23592,38.99564929499285
23593,17.40497145865803
23594,7.642719846163367
23595,2.3187200845212157
23596,6.329733914672881
23597,3.245573002407026
23598,3.256807153577556
23599,2.9429813341157915
23600,15.30610800117652
23601,7.098809723511291
23602,3.0420236967302325
23603,0.9926080653110161
23604,2.57630961364204
23605,1.368522621339111
23606,1.3669484490123083
23607,1.2433677134322572
23608,17.06176532003508
23609,7.517636213464231
23610,3.4146259201157183
23611,1.0453159428979661
23612,2.833090537778043
23613,1.5172088733845706
23614,1.4888029316281612
23615,1.369982286055293
23616,25.056971532162873
23617,11.129882398993288
23618,4.613585420620007
23619,1.499588139976142
23620,4.1567750586167875
23621,2.1810735016935956
23622,2.1932926493563105
23623,1.9492139341312908
23624,28.06359103622863
23625,12.94037995608292
23626,5.664694175082633
23627,1.6352851438706697
23628,4.484462150548564
23629,2.4292185760014493
23630,2.6668312809805976
23631,2.2743399776401456
23632,19.229591747715972
23633,9.018684599697606
23634,3.830740792575545
23635,1.1962296674203696
23636,3.191807976447186
23637,1.6591864797358942
23638,1.7448909581043655
23639,1.497499194646606
23640,21.38380862709138
23641,9.47242232484792
23642,4.381709449289002
23643,1.3061750596816606
23644,3.507159655349394
23645,1.8454061247664961
23646,1.7901971760790518
23647,1.6381836138824857
23648,55.20425585083176
23649,28.46383318870855
23650,12.15960194621069
23651,3.3381055133892072
23652,10.181607432614042
23653,5.44374594221023
23654,5.352373528522095
23655,4.744902555426003
23656,17.04031688434396
23657,7.4958695299187905
23658,3.4514800029380432
23659,1.0844563877068782
23660,2.8483134615612227
23661,1.4590644500988357
23662,1.6208985118497714
23663,1.3440797556688673
23664,17.419339028155804
23665,8.138713272146976
23666,4.856908534566681
23667,0.08543577455209532
23668,5.2608723082275075
23669,1.9993162123271295
23670,2.4086456663902704
23671,1.5358547353924183
23672,20.821658391915797
23673,9.503591656535113
23674,5.6925266776886785
23675,0.09828478985175065
23676,6.65366379120254
23677,2.3656196539619034
23678,2.7467997837765035
23679,1.83365328509853
23680,18.860373863311057
23681,8.538172827511072
23682,5.22422982538569
23683,0.09819962411850762
23684,5.569577985777499
23685,2.1619051468003487
23686,2.6135531229137685
23687,1.6864762401423279
23688,17.427500629095185
23689,7.919262425375279
23690,4.83671350419326
23691,0.0849638838253322
23692,5.103722397522909
23693,1.8954878194839693
23694,2.4194340076409553
23695,1.5652574419473966
23696,15.771500565504535
23697,7.058312298817687
23698,4.371866764195624
23699,0.08280583643551633
23700,4.710173793310154
23701,1.7318154688867744
23702,2.0913163990820145
23703,1.405288907013388
23704,17.63269740544083
23705,7.911949926769629
23706,4.683716907146433
23707,0.08515935241943333
23708,5.27012391945628
23709,1.7974374013681462
23710,2.3882169772122896
23711,1.524818206477033
23712,16.9679959230991
23713,8.032343532155101
23714,4.8170517049264445
23715,0.07910134428158944
23716,5.272248176860267
23717,1.9110479293499116
23718,2.4240244514090974
23719,1.5180468680500394
23720,24.606043357557013
23721,11.32728940061724
23722,6.495280995265313
23723,0.1069556373632708
23724,7.167137381977434
23725,2.667946949931344
23726,3.2006334811982295
23727,2.047688681458996
23728,28.39515227509888
23729,12.726661314584012
23730,7.0453735363113195
23731,0.1451815354557791
23732,8.17644580088169
23733,3.0974790454099037
23734,3.8790524916976925
23735,2.544518087591934
23736,14.932006558475216
23737,6.896757037044242
23738,3.8761216463028902
23739,0.06487083693698774
23740,4.548076767576386
23741,1.6771925780031351
23742,1.9403752470681177
23743,1.3101096557563494
23744,21.01366148173475
23745,9.374841612899367
23746,5.560540948359606
23747,0.11327792706259157
23748,6.213889555022688
23749,2.2924107256177035
23750,2.7349637294863847
23751,1.8447799258933097
23752,12.822229295867205
23753,5.794436149966951
23754,3.372284312644613
23755,0.06133308932713321
23756,3.632538841391541
23757,1.3269828473555572
23758,1.589348369813367
23759,1.0844794000816025
23760,15.556036352442094
23761,6.941093024406545
23762,4.254441608686508
23763,0.06654279038860486
23764,4.84551057272981
23765,1.739439082446199
23766,2.039956692476844
23767,1.3877518567105809
23768,17.189750593702446
23769,8.103867596110462
23770,4.775445532094745
23771,0.08447898901090768
23772,4.9766569892328825
23773,1.908319414361006
23774,2.2915250177579383
23775,1.5936722934319574
23776,19.087778960176088
23777,8.718915024990661
23778,5.246550083511265
23779,0.09300998356070321
23780,5.541770520745522
23781,2.0647607706267124
23782,2.596657178961284
23783,1.7531125843541793
23784,26.632428605482204
23785,12.30567802707476
23786,7.012493800283132
23787,0.11604108241701298
23788,7.770783556860314
23789,2.9012664337043663
23790,3.617474921290022
23791,2.307189933906902
23792,15.549095154747459
23793,7.047045915442312
23794,4.326517510814226
23795,0.0713594808419917
23796,4.764312240010627
23797,1.7014531140121594
23798,2.0841756959546727
23799,1.4243720494343663
23800,40.12103620902213
23801,17.57385796328114
23802,10.546622009914916
23803,0.21913215660545718
23804,12.034929111742208
23805,4.489626931768301
23806,5.560271942297038
23807,3.4547979044498027
23808,19.827164861674234
23809,8.98291106096449
23810,5.057875721477794
23811,0.10691390611505978
23812,5.599241063120723
23813,2.0818888059160954
23814,2.5723869500844616
23815,1.7013318507414315
23816,25.176378501937467
23817,11.315896242213466
23818,6.434474131745112
23819,0.12441702339542172
23820,7.261734477852083
23821,2.6660411592403217
23822,3.2974193199291015
23823,2.09834133563937
23824,37.019478864334054
23825,17.439396587615114
23826,9.567323173837453
23827,0.22512868005740647
23828,11.009641109115439
23829,4.19035605367009
23830,4.770402496327004
23831,3.2727575576792334
23832,32.619869027936595
23833,14.472051057347855
23834,8.974863290642979
23835,0.14698710483540514
23836,9.059343364777645
23837,3.4416634893175266
23838,4.288639926670348
23839,2.61026818135316
23840,21.296808010640937
23841,9.484151006464312
23842,5.664795120962991
23843,0.11624363763350697
23844,6.317681277793202
23845,2.1827340457304456
23846,2.766607161717414
23847,1.7998356584589883
23848,14.802081900783445
23849,6.678426789418035
23850,4.0656005760528355
23851,0.0699241006382731
23852,4.40314725989091
23853,1.6816628687476727
23854,2.009071463562262
23855,1.2885454807931367
23856,26.79359177142632
23857,12.135817997218163
23858,6.949531770364359
23859,0.15018838072188695
23860,7.584544449752768
23861,2.8245686922212014
23862,3.640341622185598
23863,2.3500958189777688
23864,21.959930007320413
23865,9.751856146576083
23866,5.85360395515004
23867,0.10890142123177857
23868,6.339910329425191
23869,2.314501716873599
23870,2.755594915734916
23871,1.8849939037288463
23872,15.868297920332585
23873,7.115532279432996
23874,4.27971101397692
23875,0.06777664005622862
23876,4.7880493719524475
23877,1.7138471370764248
23878,2.05110461766902
23879,1.379636960250202
23880,20.778900957550015
23881,9.56038309526184
23882,5.578350077202206
23883,0.08899116176630147
23884,6.0147717402392145
23885,2.1585759260161432
23886,2.6449458653576485
23887,1.8319823941417523
23888,14.05916389268903
23889,6.292533109607205
23890,3.6959342936941306
23891,0.056004056437353206
23892,4.2285661209598455
23893,1.5143337816579954
23894,1.7845103380578207
23895,1.2528731713681927
23896,15.00740753013921
23897,6.688031109792014
23898,3.9826928129306376
23899,0.06736203792944426
23900,4.542393121376052
23901,1.5648322068292684
23902,1.9523119463103882
23903,1.2574775999102656
23904,31.34115440105311
23905,13.748026779505468
23906,8.389614587132868
23907,0.16034190782578087
23908,8.806882988863451
23909,3.237117273188806
23910,4.135774727150608
23911,2.590684969779474
23912,15.639202617937494
23913,7.206359193667123
23914,4.338536846710538
23915,0.07521019128335514
23916,4.6048512276660345
23917,1.7537644121133098
23918,2.1952107593016748
23919,1.4103918852790052
23920,34.055425593858565
23921,14.525010272987757
23922,8.850426898314186
23923,0.18495257595447365
23924,9.70956358403196
23925,3.4180843766844897
23926,4.559172617837514
23927,2.879958304881712
23928,22.893702590845034
23929,10.081692381151163
23930,5.91175438962446
23931,0.13346839543107236
23932,6.727188428225527
23933,2.4730901846155833
23934,3.071916240025271
23935,1.926879586094118
23936,16.435820773207077
23937,7.69041065815776
23938,4.577958642726332
23939,0.07062887600455325
23940,4.992890107115658
23941,1.814343565946516
23942,2.154531482923633
23943,1.385103686226626
23944,43.053382789867854
23945,18.42144008143442
23946,11.307353074717701
23947,0.23323778245815133
23948,12.774350222843795
23949,4.846166031529727
23950,5.739144167782254
23951,3.8053403024424766
23952,18.99508743374956
23953,8.994442613026937
23954,5.316699802137614
23955,0.0966208785955658
23956,5.692048712556814
23957,2.143311885455586
23958,2.5222917933059334
23959,1.6565189499373643
23960,23.949363361974125
23961,10.82483114236218
23962,6.509620510229627
23963,0.1348898491698952
23964,6.955859582723679
23965,2.6438637263768494
23966,3.2118208580177408
23967,2.0619347225165225
23968,28.40411718587636
23969,13.072134762261548
23970,7.524526689688199
23971,0.16461340321328505
23972,8.020848485489191
23973,3.0429043719256477
23974,3.791915488347963
23975,2.427625677737134
23976,21.773832014067455
23977,9.475202421326593
23978,5.648187541476004
23979,0.11129629002152154
23980,6.23752784147534
23981,2.257463289129771
23982,2.8486110937987843
23983,1.9056154471728148
23984,23.1284543369231
23985,10.457747288925848
23986,6.045854672323355
23987,0.1291557809031765
23988,6.769319044022203
23989,2.3987385236476437
23990,3.034035213206464
23991,2.0919318677130847
23992,15.014677600775768
23993,6.668176331591974
23994,3.96357933645979
23995,0.06995289970610036
23996,4.322507207545368
23997,1.5189764124032128
23998,2.0148083864077906
23999,1.2767647132742483
24000,34.63683836078969
24001,15.694218369174164
24002,9.254479976195018
24003,0.19890755681106712
24004,10.075374133886063
24005,3.6922259754649374
24006,4.48899708725772
24007,3.065714208130921
24008,14.054317008907875
24009,6.269141611829738
24010,3.6959352666675924
24011,0.06325165559920143
24012,4.0307466131251575
24013,1.4703917560010815
24014,1.782025351621597
24015,1.2395190459943053
24016,15.633776855961916
24017,7.001544237278719
24018,4.285722475813135
24019,0.0748712166539057
24020,4.8639262963972625
24021,1.7529161435982417
24022,2.119216987966048
24023,1.378039351169693
24024,23.309987064987116
24025,9.941470107707916
24026,5.870899059700343
24027,0.11193945984594393
24028,6.686919293486218
24029,2.4355476767717246
24030,3.011302431074741
24031,1.960679471360251
24032,26.01508424369721
24033,11.747109006553076
24034,6.644214247069392
24035,0.11937336913257009
24036,7.5962345240381755
24037,2.8166940591203415
24038,3.5766163119458536
24039,2.414406632666197
24040,17.358258179191427
24041,7.953343313957111
24042,4.746735137209266
24043,0.08698384750090282
24044,5.24840914308842
24045,1.8711689506202953
24046,2.376303172024734
24047,1.507368584339039
24048,19.998220443216937
24049,8.81738976919546
24050,5.271951931462173
24051,0.08480872186090237
24052,5.594726561409054
24053,2.193684366127875
24054,2.4779503127606364
24055,1.6995631569791978
24056,53.18855836404977
24057,24.693823984427745
24058,14.832368976824444
24059,0.3393568369750933
24060,15.536086427191108
24061,6.059451173647227
24062,7.5318799079058625
24063,4.9492111623910215
24064,15.730027912363234
24065,7.067234939791556
24066,4.353440713022721
24067,0.07032542144955693
24068,4.78515374205444
24069,1.7400176697404675
24070,2.1936312481584146
24071,1.4115921527545914
24072,18.867580195138334
24073,8.632615585401352
24074,4.467499773396977
24075,0.1523598605670358
24076,5.135189381000079
24077,1.860109369287612
24078,2.1521612018845917
24079,1.5411307170293114
24080,21.88425873698368
24081,9.914735381108084
24082,5.200747710308719
24083,0.1871068882450788
24084,6.172933101915602
24085,2.294942801252035
24086,2.569729605217376
24087,1.8001615481873245
24088,20.052027850716208
24089,9.17351067980483
24090,4.714322386811547
24091,0.15963046271589393
24092,5.335371654946175
24093,2.0587484019821183
24094,2.360701058687814
24095,1.656861542306338
24096,18.960383591667583
24097,8.357782008817955
24098,4.534751785090503
24099,0.16731293360544378
24100,4.834454571683266
24101,1.8081554568037692
24102,2.168906580141654
24103,1.4643535926185034
24104,16.272926319287954
24105,7.516505608381305
24106,4.1654368509817035
24107,0.1297665950120187
24108,4.548193679173262
24109,1.6263819816485428
24110,1.9195901274825835
24111,1.3629075228640541
24112,18.791785329614875
24113,8.4192696039176
24114,4.582155249399733
24115,0.150777778547698
24116,4.873047831827192
24117,1.6748318225873144
24118,2.0977460345103767
24119,1.4203374048581312
24120,18.250026060712496
24121,8.586714664982022
24122,4.430231566074939
24123,0.14234874971565817
24124,5.033910993872933
24125,1.8106069910181082
24126,2.1344429594187027
24127,1.527954457682579
24128,26.98799068043973
24129,11.883671528152066
24130,6.202025872219181
24131,0.23525303574805964
24132,7.063269338677818
24133,2.5321572373843426
24134,2.9611620841682944
24135,2.0947943788257484
24136,30.194610036141547
24137,13.640110846204188
24138,6.79617666415714
24139,0.24178259920989917
24140,7.789265720324572
24141,2.851051009537973
24142,3.5720061693154785
24143,2.405060654517747
24144,16.061359058205184
24145,7.5427654049588595
24146,3.8039839941159563
24147,0.123935692135593
24148,4.316114984222787
24149,1.6192355137487138
24150,1.8056530055899973
24151,1.292238835598133
24152,22.293533642075857
24153,9.877223686009172
24154,5.235828288733807
24155,0.19065909298031242
24156,5.873190407612076
24157,2.1236304982563143
24158,2.5180727616765277
24159,1.8424302048282795
24160,13.777035295159143
24161,5.947910331533534
24162,3.2061182303095417
24163,0.10635909718171545
24164,3.2320780403554217
24165,1.2469457945746703
24166,1.4558959997478906
24167,1.0714670506606043
24168,16.1241882351865
24169,7.313379960403121
24170,4.107323383651216
24171,0.10772990987593038
24172,4.50393702563623
24173,1.6470003104521451
24174,1.8698049808706136
24175,1.3317807087767524
24176,18.494106149604214
24177,8.532370227020053
24178,4.438549296471785
24179,0.14243616302041584
24180,4.6516979660745505
24181,1.7652606840726015
24182,2.0798266728714068
24183,1.5535715694973027
24184,20.581978603421227
24185,9.101542289984101
24186,5.0325419824622015
24187,0.1527643137121564
24188,5.252404099488402
24189,1.9521014268458432
24190,2.3534220042954725
24191,1.6838539890771969
24192,27.805877956741895
24193,12.584901022758185
24194,6.704764166243338
24195,0.242788790151831
24196,7.2374557656795595
24197,2.7785877815758178
24198,3.318558412494768
24199,2.265757003198842
24200,15.91849665707043
24201,7.615527892636798
24202,4.070328448981995
24203,0.1251596713237542
24204,4.463112236082676
24205,1.6425470274405536
24206,1.9231025788667802
24207,1.3914226183723213
24208,42.219981635379476
24209,19.692617261153394
24210,9.950235858807092
24211,0.3707708608341023
24212,11.520491782806243
24213,4.280100249883974
24214,5.037715829070728
24215,3.3977643505914013
24216,21.18285803980285
24217,9.167753867231342
24218,4.734979466591663
24219,0.15945016298409423
24220,5.370404693959073
24221,1.9596013120531757
24222,2.278177540182658
24223,1.687157886285035
24224,26.107314679106473
24225,12.310429424956839
24226,6.130617511589201
24227,0.2130421478145594
24228,6.967627807783855
24229,2.45043694020003
24230,3.0570656458081085
24231,2.064254455021225
24232,39.18663984522198
24233,18.006736096015107
24234,9.178645296581198
24235,0.3584448500300644
24236,10.267965302711529
24237,4.014342984096254
24238,4.475354451180816
24239,3.150814802811822
24240,35.60338894181744
24241,15.081743156948608
24242,8.36471495708636
24243,0.29490790751707635
24244,8.652029930477743
24245,3.314436374139772
24246,3.8476862428514553
24247,2.5584012862358003
24248,22.450621288787953
24249,9.701642166697745
24250,5.133763444236985
24251,0.17744334771902368
24252,5.572769922002977
24253,2.0584458352577606
24254,2.4505839403293406
24255,1.7492820299570233
24256,15.723065622731202
24257,7.105114211223807
24258,3.6512607678158426
24259,0.1208505769751034
24260,4.1876563140834575
24261,1.603901373429674
24262,1.817705946418401
24263,1.2254576872725644
24264,28.426082439669138
24265,12.499132090559083
24266,6.317083992631504
24267,0.2306954669707245
24268,7.190238774934891
24269,2.7221055803107284
24270,3.3474541670648077
24271,2.3051669459792086
24272,22.781576916069152
24273,10.131788792700778
24274,5.4224282931048
24275,0.18505992297932522
24276,5.779464399684878
24277,2.221623864759833
24278,2.4923997082134606
24279,1.8345557347485029
24280,16.589098231480644
24281,7.62814885536706
24282,4.00658377127048
24283,0.11645305529674602
24284,4.361488074277353
24285,1.632394836130147
24286,1.8667666321142755
24287,1.2877705869583445
24288,22.454446596909573
24289,10.64173706189472
24290,5.337292003780286
24291,0.18090326476766871
24292,5.791610579816599
24293,2.0989653517063664
24294,2.4714093742822985
24295,1.794603622463972
24296,15.111865376614515
24297,6.916599148311029
24298,3.4465786944892036
24299,0.1175805181571816
24300,4.015522224483119
24301,1.454341454318236
24302,1.6725086080539944
24303,1.1841353684252796
24304,15.623771656652188
24305,7.261681110440189
24306,3.762395236689462
24307,0.12213052447502558
24308,4.269567162532442
24309,1.5777590378105453
24310,1.761193334399035
24311,1.235532464016803
24312,33.610983208771195
24313,14.549149963583554
24314,7.681025384590973
24315,0.29020920366519126
24316,8.374609550265957
24317,3.1614212943088824
24318,3.737130071361496
24319,2.534843894570147
24320,17.026069562512156
24321,7.614007349616647
24322,3.9283656512189076
24323,0.10927006438092195
24324,4.49743044330378
24325,1.6206677957545141
24326,1.8798861474078934
24327,1.2588929367531139
24328,36.359640373387464
24329,14.98318007039755
24330,8.280276518753935
24331,0.30176462820113087
24332,8.80073543360336
24333,3.2348164074061327
24334,4.000061922201162
24335,2.773316170156382
24336,24.51358758485774
24337,11.173572428229203
24338,5.910232012427642
24339,0.20745651037376328
24340,6.55299478828533
24341,2.40869028711524
24342,2.7380904964815542
24343,1.9429422080631098
24344,17.328558246501622
24345,8.116106947817617
24346,4.379445476063659
24347,0.1302054928691856
24348,4.752223992710232
24349,1.7024759162719778
24350,1.9854075650169885
24351,1.3957468813213711
24352,45.089855277020376
24353,20.97966446603938
24354,10.8722195674515
24355,0.359295139616341
24356,12.302890748749354
24357,4.598958747266453
24358,5.413155394452965
24359,3.707127210440223
24360,20.319880294394363
24361,9.389772493796
24362,5.055785687493167
24363,0.1531068876987149
24364,5.407119010518952
24365,1.982473729631671
24366,2.2280931914812494
24367,1.647795687134898
24368,26.1228907166804
24369,11.798472516477585
24370,5.968454123857613
24371,0.2314827205911855
24372,6.606757714576167
24373,2.5028868820838506
24374,3.0077293138729564
24375,2.0701664604013836
24376,29.95534049489216
24377,13.22923001064468
24378,7.224605943570493
24379,0.2361926581334022
24380,7.79538988749956
24381,2.9182883193082043
24382,3.4396080635679365
24383,2.4123992780579075
24384,23.11530658388874
24385,9.96183948030665
24386,5.200659231812592
24387,0.1777996467872078
24388,5.987779504641258
24389,2.1410573438939218
24390,2.5073489193194813
24391,1.801889755410259
24392,24.35059768605316
24393,11.207883652487622
24394,5.777795954469902
24395,0.20946902291701824
24396,6.252462095271728
24397,2.2985156629779198
24398,2.7621649630249046
24399,1.9990160086991113
24400,15.627491788776688
24401,7.091871887505205
24402,3.780710048226598
24403,0.13429793673490562
24404,4.1967089952457135
24405,1.4364467652789679
24406,1.785941985206178
24407,1.2330460653427635
24408,37.190861423949265
24409,17.091773524239716
24410,8.46935227940795
24411,0.310095493687669
24412,9.524410569284308
24413,3.601296864654595
24414,4.082869148333482
24415,3.092451060564319
24416,14.810894320926458
24417,6.7253989690515645
24418,3.501545984746546
24419,0.11262849781501073
24420,3.9280834300400547
24421,1.3969917800310307
24422,1.6771445764998891
24423,1.187399048915022
24424,16.586249512268445
24425,7.54186048767584
24426,4.0479026328123435
24427,0.12437313262744025
24428,4.491531037765568
24429,1.6687609705132143
24430,1.891147739517189
24431,1.3453599744838978
24432,24.48299632583777
24433,11.127853231241563
24434,5.441572331483547
24435,0.18770672679194125
24436,6.273645570379294
24437,2.3672569613054524
24438,2.720662619271559
24439,2.0071179758728093
24440,28.01277530468284
24441,12.506810764865637
24442,6.376909342089256
24443,0.22901150333035397
24444,7.1564259879986345
24445,2.7665634985194476
24446,3.2502444071347014
24447,2.360357481001384
24448,18.43026686154534
24449,8.562045595225733
24450,4.290442076862651
24451,0.15419189940003095
24452,4.841669324127307
24453,1.7826636703788756
24454,2.1618772246770614
24455,1.5275654734631114
24456,20.8652980601161
24457,9.201007113497809
24458,4.9380947586783845
24459,0.17009529165866802
24460,5.2506190663778884
24461,2.027165066539931
24462,2.257337157225406
24463,1.6458528936265837
24464,58.34787474898623
24465,28.001005113610557
24466,14.146512441642711
24467,0.5109341994930345
24468,15.722943617883425
24469,6.026651881211953
24470,6.920878623419288
24471,4.953821378857459
24472,16.694539086237434
24473,7.429794001497949
24474,4.099936287687075
24475,0.12021263869999496
24476,4.356385855297332
24477,1.6695207066491002
24478,1.966619749910426
24479,1.2838455397005994
24480,14.023752347868319
24481,6.680470674597211
24482,2.646382971672442
24483,1.7426577097210492
24484,1.2915647309337568
24485,1.3009584728422485
24486,1.1929713278659921
24487,1.252243747346312
24488,16.763366568363836
24489,7.767158414776943
24490,3.2311119018174708
24491,2.185001164999069
24492,1.6786717593971199
24493,1.5944540068105035
24494,1.4121479856361836
24495,1.4591208405840432
24496,15.966573931513825
24497,7.253661762669896
24498,2.9411145523858284
24499,2.0099181183440713
24500,1.3902625000839262
24501,1.4605147992779461
24502,1.341023068183465
24503,1.3484655991085492
24504,14.854855754316354
24505,6.473765204217538
24506,2.808278624290974
24507,1.780055763125406
24508,1.36840385037209
24509,1.309678513954875
24510,1.2536273329497356
24511,1.23599269930991
24512,12.414426471464596
24513,5.811710101956483
24514,2.567739578189334
24515,1.596300065774278
24516,1.2246355563514963
24517,1.1622788843521479
24518,1.0738143519977361
24519,1.1172246016461824
24520,14.887816783695612
24521,6.63384682922782
24522,2.5829511403217613
24523,1.7554383339047428
24524,1.3696725319354621
24525,1.2636767268126947
24526,1.2527579028810858
24527,1.2380542659262492
24528,14.187262099854966
24529,6.7425514533890585
24530,2.5911093013668505
24531,1.7699507660935452
24532,1.2791217286960528
24533,1.2800222666741434
24534,1.1765285048109964
24535,1.2212370753415545
24536,20.189663255250945
24537,9.11631002211694
24538,3.525139753761991
24539,2.6713244646499406
24540,1.8481026540426795
24541,1.821411524350351
24542,1.6289898270108407
24543,1.7312137716400506
24544,22.77572693506405
24545,10.666674029502225
24546,4.4412141744576905
24547,2.795338213077271
24548,2.1754156184774485
24549,1.9869524219724328
24550,1.7902206783888162
24551,1.9531528181763416
24552,12.24565517510786
24553,5.845435513932699
24554,2.2248802711345874
24555,1.4989523128316382
24556,1.1745432704183842
24557,1.1383554123284316
24558,1.0311773499979076
24559,1.0995967098154287
24560,17.130837161366973
24561,7.9224600747248015
24562,3.256404654008216
24563,2.1389834223261395
24564,1.5183564747146694
24565,1.5269135905196567
24566,1.4411607881583555
24567,1.4847677778042239
24568,10.440858766595365
24569,4.37054028095528
24570,1.8998505230739196
24571,1.3314501058775716
24572,1.0561903766338352
24573,0.9923933736396661
24574,0.8858994507146565
24575,0.9382992583165214
24576,12.573708127408379
24577,5.855700363505376
24578,2.594812455914856
24579,1.548063602770694
24580,1.2225780001520152
24581,1.190627735232557
24582,1.0659975581970125
24583,1.1148429758637948
24584,14.29375634514388
24585,6.845287318057133
24586,2.6753756103912476
24587,1.7250752956513546
24588,1.279849833079431
24589,1.2675056424182267
24590,1.2015834494711506
24591,1.2705211521959523
24592,15.930282470386693
24593,7.181231325206071
24594,3.169040670712525
24595,1.990041874604326
24596,1.4660806039843526
24597,1.4292134927950642
24598,1.3392873362955204
24599,1.393712430801641
24600,21.3247113496913
24601,10.00806210940494
24602,4.366785993559215
24603,2.765742763921801
24604,2.032350910482218
24605,2.005307261703147
24606,1.7639472682723494
24607,1.8803803898807987
24608,11.714874531479632
24609,5.988413872415179
24610,2.425821851963344
24611,1.5020082141122253
24612,1.174006491334356
24613,1.148695459332868
24614,1.0522389291394092
24615,1.1379906767832826
24616,33.147707035253
24617,15.613438172168042
24618,6.409947019034495
24619,4.031562872942528
24620,3.38928485684954
24621,2.913477528998738
24622,2.5253253813995897
24623,2.7776446919140065
24624,15.801299494821647
24625,7.416732217465766
24626,2.756847503534589
24627,1.972062965710226
24628,1.41356114638756
24629,1.4036986737356763
24630,1.2379898773114966
24631,1.3756277315087222
24632,19.90539025689529
24633,9.607587320926717
24634,3.9178145296685005
24635,2.5513582791672302
24636,1.9123131050899547
24637,1.7652887966021655
24638,1.687898091239426
24639,1.7375716836892356
24640,29.811990667681442
24641,14.127009153743396
24642,5.414848448407593
24643,3.603998184179577
24644,2.982706205086007
24645,2.703557867699711
24646,2.3517210879082584
24647,2.5555503414220175
24648,26.940086593118906
24649,11.979990227985864
24650,4.887080193397141
24651,3.4179392504011554
24652,2.4325153658220984
24653,2.290497272937926
24654,2.024611952181657
24655,2.1336447407571524
24656,17.723841796033078
24657,7.888301070451141
24658,3.173335887374931
24659,2.1269693506660334
24660,1.615752602952653
24661,1.528496082235268
24662,1.3946034324100736
24663,1.4476135162739459
24664,12.411366053158176
24665,5.667618826032827
24666,2.1560970985585253
24667,1.5368720426326141
24668,1.1367071222937803
24669,1.1643916948694488
24670,1.075928815231498
24671,1.0885481720510815
24672,21.737395935185646
24673,9.766216401469988
24674,4.129751271474462
24675,2.741812377373403
24676,1.9615654654890828
24677,1.914339640979891
24678,1.7905436056718385
24679,1.8778632544428402
24680,17.196077020024784
24681,7.942171695772364
24682,3.1679871784945473
24683,2.1961443186939356
24684,1.535988187912102
24685,1.551840847629474
24686,1.415851160040808
24687,1.4813914166613131
24688,12.89074518545281
24689,6.082666753218463
24690,2.41031572248377
24691,1.5491681171181035
24692,1.2186375835401597
24693,1.1470288078917552
24694,1.0715732963510467
24695,1.1627372461014254
24696,17.415959543905455
24697,8.695763978952947
24698,3.2106587766912806
24699,2.184342350789612
24700,1.5173367150132575
24701,1.5150683055769247
24702,1.4566435178196178
24703,1.490818436263167
24704,11.79143196045802
24705,5.502583909440326
24706,2.1115837871824863
24707,1.4775022234888726
24708,1.0723829249638959
24709,1.0673477448055402
24710,0.9839036175857928
24711,1.024849230063164
24712,11.864046052275084
24713,5.835622589454273
24714,2.2811547688076415
24715,1.428103461761443
24716,1.127010565151564
24717,1.136439403549475
24718,1.0075373492428292
24719,1.0604207759908664
24720,24.583417240001808
24721,11.084370147760987
24722,4.490576714938457
24723,3.138885160176786
24724,2.403010146568504
24725,2.225713747790986
24726,1.9064290718536845
24727,2.1238277205992686
24728,13.234069028583031
24729,5.823508714655713
24730,2.4230213344071148
24731,1.6213998084008208
24732,1.2132902285423042
24733,1.192511543299367
24734,1.0796227835747325
24735,1.1757754191097376
24736,27.2928068746878
24737,11.769475834053189
24738,5.357827118317456
24739,3.1769993319837257
24740,2.4631646514235035
24741,2.2981546789677036
24742,2.0485133479746565
24743,2.259746850888796
24744,18.79090338295677
24745,8.783057759684352
24746,3.833644485224567
24747,2.3446530002754242
24748,1.8323116047915822
24749,1.7211532717832625
24750,1.501828967650399
24751,1.5837947449351915
24752,14.103284336305263
24753,6.530316599516347
24754,2.760326390341804
24755,1.649881375551765
24756,1.314093447421166
24757,1.230114223775544
24758,1.1572820407296176
24759,1.1681341903276328
24760,34.96039657645365
24761,15.968639355376256
24762,6.96178976638133
24763,4.019897380411718
24764,3.481438083906708
24765,3.1548598239912886
24766,2.770932783124948
24767,2.957131326234344
24768,15.61180457067922
24769,7.228828919748125
24770,2.969917297787806
24771,1.9441443477177391
24772,1.4578458886898018
24773,1.40022525000782
24774,1.2676803253558215
24775,1.3423578815134805
24776,19.89979728545095
24777,9.10318655425229
24778,3.4662402663925533
24779,2.5211772837881035
24780,1.913787079953249
24781,1.757443114872642
24782,1.59778525115552
24783,1.6832030861981155
24784,23.029208054482773
24785,10.147036609610645
24786,4.842817018209928
24787,2.8713907058443193
24788,2.255187260423123
24789,2.107411548652023
24790,1.948290841901934
24791,1.9719109406467799
24792,17.761857424545784
24793,7.860611328826374
24794,3.20829808533699
24795,2.160741899231727
24796,1.6199658187523973
24797,1.5595316593243456
24798,1.4749734195508644
24799,1.4837143538302806
24800,18.611767856920842
24801,8.916847377188711
24802,3.5620417621083424
24803,2.293107932886926
24804,1.8095867997665016
24805,1.6311678159032972
24806,1.5026991069180957
24807,1.61965261045268
24808,12.280530408885769
24809,5.882501530195545
24810,2.350632850670138
24811,1.5057524487372342
24812,1.1322541362121012
24813,1.1410574964273668
24814,1.047188386187829
24815,1.0763630472469363
24816,28.134523616102165
24817,13.671721692136208
24818,5.749724076028632
24819,3.6415447288778213
24820,2.7403998807108834
24821,2.5119006243133364
24822,2.0607500427481464
24823,2.474600386186081
24824,11.579238014980284
24825,5.272365987929739
24826,2.151697356916935
24827,1.4264820422992197
24828,1.075849901798315
24829,1.0946235702291096
24830,0.976924315120096
24831,1.0237627155314108
24832,12.520502608984721
24833,5.864313005519949
24834,2.3775141302138474
24835,1.5625366578209872
24836,1.1695942437154074
24837,1.1507499110297517
24838,1.059531009063849
24839,1.1371369061285281
24840,19.080695277252108
24841,9.02679612118243
24842,3.411714294679227
24843,2.309964203957268
24844,1.6969663506783097
24845,1.6888500509021878
24846,1.5085623216495472
24847,1.6480120344839257
24848,21.02556505677574
24849,9.469525545605022
24850,4.1833453565295695
24851,2.6479096578111125
24852,1.9033216063638558
24853,1.9637962993191982
24854,1.8813555887131221
24855,1.9058248858706888
24856,14.67978606692674
24857,6.926665602027098
24858,2.6397180699465315
24859,1.797379290956777
24860,1.33874581308023
24861,1.310650225123515
24862,1.2215436875115864
24863,1.2766565350385617
24864,15.816786519881644
24865,7.318223546593375
24866,3.133191412146261
24867,2.0131116101712947
24868,1.4609819752743256
24869,1.4512693209290588
24870,1.2938604890442333
24871,1.360471116403575
24872,44.406212665283284
24873,20.726014407847224
24874,9.334288973322055
24875,4.85581462326581
24876,4.746647717273399
24877,4.121560343255108
24878,3.5050963516085663
24879,3.776689955249199
24880,12.982647759314936
24881,5.99734082769448
24882,2.4551412313175227
24883,1.5593631734935172
24884,1.1716208480265677
24885,1.197577922791347
24886,1.0932063997943573
24887,1.1157938948606392
24888,18.45231914708288
24889,8.521039219953675
24890,4.793009911451677
24891,0.09281399261295092
24892,5.259904835353727
24893,1.9989539056347367
24894,2.4496847469601724
24895,1.6143265131612348
24896,21.519521376082192
24897,9.443104295569551
24898,5.779763389982178
24899,0.11707193963413447
24900,6.525567686820297
24901,2.364875404533913
24902,2.7424504334127198
24903,1.8402840859737277
24904,19.583512093172317
24905,9.14944505747067
24906,5.140349800064094
24907,0.10406311866572107
24908,5.700115382988329
24909,2.0897441727203723
24910,2.640875334662593
24911,1.6658963134614457
24912,18.65527404307933
24913,7.992813708300061
24914,4.923594404805504
24915,0.08781127019751139
24916,5.102907830077296
24917,1.9054604237621624
24918,2.376095334294573
24919,1.5554745800886933
24920,15.791797716573065
24921,7.2326128156633125
24922,4.325707638437312
24923,0.07485491106966544
24924,4.728626844310113
24925,1.7360752449917691
24926,2.161608084512043
24927,1.401378151469229
24928,18.6141403570523
24929,8.219847688468315
24930,4.8444697107040655
24931,0.0769312288738417
24932,5.082458582387356
24933,1.758439752324958
24934,2.365772981232858
24935,1.4839150380468784
24936,17.76679713778755
24937,8.508203817528655
24938,4.713711052205983
24939,0.09414257451427177
24940,5.354341478333643
24941,1.9442910455131863
24942,2.3687773194190567
24943,1.6140027023109043
24944,26.484773931832457
24945,11.844908574198033
24946,6.578388072091488
24947,0.13572530487103907
24948,7.309724388152044
24949,2.6911609656129873
24950,3.2161477726543404
24951,2.1730120096073904
24952,29.839943174009512
24953,13.370503518270052
24954,7.367927217470576
24955,0.17916356917579068
24956,8.475538953727323
24957,3.0603273563509066
24958,3.917530836060131
24959,2.5275377136115584
24960,15.37219849403036
24961,7.187213933421211
24962,4.0535440764229795
24963,0.07989237297952011
24964,4.5866778464273406
24965,1.6776080711688732
24966,2.001314094300269
24967,1.3234017839492953
24968,21.828732138081556
24969,9.554723109606375
24970,5.460478991695064
24971,0.12511759040030426
24972,6.151426847121759
24973,2.2917083905733717
24974,2.7384143781277777
24975,1.8696885720569631
24976,13.431964211051048
24977,5.897397659011522
24978,3.403029514654307
24979,0.07118549700694214
24980,3.3806754109105044
24981,1.3317309975439737
24982,1.6146533974591644
24983,1.1083733086594463
24984,16.01732220345492
24985,7.166569486152698
24986,4.29758189514333
24987,0.07019668733241284
24988,4.616570894142185
24989,1.6994046092323478
24990,2.114644876861825
24991,1.3860721696608043
24992,17.585576086208267
24993,8.179332292484757
24994,4.68243989418339
24995,0.0916764035721233
24996,4.997942552260349
24997,1.917416095937434
24998,2.301649013654939
24999,1.588725439882277
25000,20.441938983794415
25001,9.093904823406216
25002,5.362606746989857
25003,0.10233907017110419
25004,5.733939819595148
25005,2.0635134902261782
25006,2.576549002524593
25007,1.782547691543553
25008,27.523479074200537
25009,12.493988482160297
25010,6.852923105916023
25011,0.15762696569752285
25012,7.881385833846587
25013,2.969465700134041
25014,3.559430024797672
25015,2.388643816658942
25016,15.402369193127402
25017,7.193867806329603
25018,4.302329846175275
25019,0.0645099638925444
25020,4.690628185494708
25021,1.7244997342495474
25022,2.073036552377172
25023,1.4575109778867936
25024,41.72142271081871
25025,19.02239360432971
25026,10.54988086673141
25027,0.25354103696060565
25028,12.216629882365378
25029,4.562351835760721
25030,5.58975722278257
25031,3.647636180991616
25032,20.417447642881694
25033,9.079197052118124
25034,5.190020793887082
25035,0.0931704964038836
25036,5.833072383925275
25037,2.0628868263258857
25038,2.538310230732288
25039,1.7039869662473306
25040,25.293464643802
25041,12.132659446798627
25042,6.565222956052042
25043,0.13291045718243433
25044,7.305760971155512
25045,2.650470255549795
25046,3.2667808012264987
25047,2.171490613636987
25048,38.98989931757502
25049,17.342175697321746
25050,9.836085410191757
25051,0.2675571748389482
25052,10.67586743668744
25053,4.152641004447331
25054,4.843136724094034
25055,3.326834256260354
25056,34.967906087788435
25057,14.690025619198064
25058,8.940190384759294
25059,0.1866357976175855
25060,9.68351525714441
25061,3.4239721135774888
25062,4.199439419321709
25063,2.7256594386595463
25064,21.870854817040293
25065,9.422845741790526
25066,5.823307373817885
25067,0.12902381691266301
25068,5.968714070610054
25069,2.1809797586372577
25070,2.747226686060372
25071,1.8336871802948533
25072,15.477748322657282
25073,7.037492890690697
25074,4.0300358962835405
25075,0.07673058771016114
25076,4.394429571768751
25077,1.6887330059866619
25078,1.99988353197057
25079,1.275248226325496
25080,28.584052908514543
25081,12.52503457947659
25082,6.855077773072916
25083,0.14625440586389724
25084,7.93961060222929
25085,2.840865145565287
25086,3.7057738701400136
25087,2.3017306206898693
25088,22.445938529320475
25089,9.83535012358177
25090,5.743577957362414
25091,0.1093509719763087
25092,6.120157761740132
25093,2.3242208789565315
25094,2.7661983058089556
25095,1.8438208678666783
25096,16.393124806505586
25097,7.28050813608986
25098,4.282847585480329
25099,0.07001103792323203
25100,4.617763440073974
25101,1.7652669048604608
25102,2.0313834786179465
25103,1.3000755779551854
25104,21.988191624856377
25105,9.930928050011058
25106,5.679196758514838
25107,0.1253582752685178
25108,5.939528271465623
25109,2.2309822183319916
25110,2.7447416228730503
25111,1.8958825406949074
25112,14.646229106963615
25113,6.645156376856598
25114,3.731498005365707
25115,0.06744409622920396
25116,4.373405751803769
25117,1.5286409773088585
25118,1.845044949882635
25119,1.2624148039638896
25120,15.48219209687735
25121,6.932448675520385
25122,4.049808598102391
25123,0.0766621471434698
25124,4.598671175001479
25125,1.5528399044533914
25126,1.9712641176016987
25127,1.2615792970465842
25128,32.15682338617513
25129,14.047877785868359
25130,8.242567194029782
25131,0.18698940225074764
25132,9.17663051030082
25133,3.278998923606946
25134,4.006498631649714
25135,2.664368589679453
25136,16.296393262272986
25137,7.379879751912995
25138,4.514747300520849
25139,0.06598558838930664
25140,4.769393335279036
25141,1.6908999277171068
25142,2.147578479668216
25143,1.400165319329182
25144,36.13057461140953
25145,15.161743532108247
25146,8.836458600612794
25147,0.22232122874818833
25148,9.76057783374814
25149,3.5228064093731684
25150,4.463711920984517
25151,2.9658810232921597
25152,24.027438992995755
25153,10.409448214210492
25154,6.099133897499578
25155,0.1148004086178368
25156,6.76373659126494
25157,2.4972222061719984
25158,3.0332350743076057
25159,1.9826440979025666
25160,17.677431531421576
25161,7.695187778387269
25162,4.602508678594704
25163,0.07738339355646
25164,4.958362735755638
25165,1.8984366578374419
25166,2.1453424325384494
25167,1.4499827536340937
25168,43.90941985060252
25169,20.427625371212823
25170,11.430364626025403
25171,0.2540655117237277
25172,12.812574246615272
25173,4.782173907633954
25174,5.974960285531817
25175,3.7808658255772207
25176,19.500698142566737
25177,9.33418822226405
25178,5.348715657824544
25179,0.11136988835841226
25180,5.805164514069004
25181,2.100443787866726
25182,2.5697034252469795
25183,1.6483488459560232
25184,25.57936284338297
25185,10.753376556019498
25186,6.413891486051877
25187,0.13371775023457216
25188,7.172211893988378
25189,2.663194587237822
25190,3.1850536138924297
25191,2.086546420143171
25192,30.09234872225986
25193,12.613092909740352
25194,7.677434648315683
25195,0.17053726157359717
25196,8.52486427214607
25197,3.0130926712583825
25198,3.836366031822449
25199,2.4083478942415386
25200,22.267250421143117
25201,9.559507731011983
25202,5.759854715557344
25203,0.1194557077798979
25204,6.120203440869425
25205,2.292162948103735
25206,2.7438491506155116
25207,1.8720702360375079
25208,24.12943278061929
25209,10.460513866498166
25210,6.071847163888412
25211,0.13062634134249587
25212,6.773875741123699
25213,2.3839806934251646
25214,3.045976820944733
25215,2.148520503693365
25216,15.394712908537697
25217,6.957928642835731
25218,4.121541371743125
25219,0.0818783847528271
25220,4.502808128364298
25221,1.539791005806063
25222,1.9738384379854912
25223,1.2886423812107126
25224,35.113866439206284
25225,16.478318337734667
25226,9.413105895616912
25227,0.23046512191698146
25228,10.113436650786545
25229,3.7650345856244813
25230,4.488593588865987
25231,3.2124575657808694
25232,14.747008539178164
25233,6.7361351141499854
25234,3.7094951596162375
25235,0.07054839475014237
25236,4.005345295386894
25237,1.414185254528315
25238,1.7748280691178302
25239,1.2494697147704605
25240,16.098559809364236
25241,7.227991829143538
25242,4.45395099809295
25243,0.07990221385895346
25244,4.61836970529712
25245,1.74612988799648
25246,2.1500346460549933
25247,1.3437004222771158
25248,24.497340097236595
25249,10.70960502780306
25250,5.886069356574097
25251,0.11680672247524089
25252,6.734122893665922
25253,2.445185466771
25254,2.970793348531624
25255,2.015577078222335
25256,27.013709167321156
25257,12.37470832270754
25258,6.765506329214237
25259,0.13500093102108948
25260,7.525856233380234
25261,2.9120259861941458
25262,3.458333385964675
25263,2.3956129654891276
25264,18.76878397699262
25265,8.36788738800242
25266,4.61526708662617
25267,0.07341066133752058
25268,5.239277181328908
25269,1.8135206589822783
25270,2.3663799526228364
25271,1.525755392596342
25272,20.16358955821664
25273,9.115197473201235
25274,5.22862662104877
25275,0.10050159068456893
25276,5.660616687319991
25277,2.028958817360722
25278,2.4804542391776825
25279,1.664621284620939
25280,58.253703464757564
25281,27.480836893279847
25282,14.852525538469566
25283,0.3853578033366628
25284,16.420925175304767
25285,6.162792720201337
25286,7.392993060870789
25287,5.310038090337722
25288,15.961615724443694
25289,7.26811226307905
25290,4.393517476357193
25291,0.07460915001604951
25292,4.544884537503781
25293,1.7213109013030223
25294,2.148288134633737
25295,1.4271023665248157
25296,17.8211760886282
25297,8.08744839175094
25298,5.079472367121187
25299,0.1169372297745808
25300,5.486678761938027
25301,2.128343671371637
25302,2.5576115234828936
25303,1.6661353394547376
25304,21.32822100718281
25305,9.273981079275343
25306,5.98127048734836
25307,0.12440843519421807
25308,6.77292951302561
25309,2.4655092968653824
25310,3.031524573693885
25311,1.964456841317982
25312,19.156788706942464
25313,8.851788134543431
25314,5.3991823258941904
25315,0.11124132293233918
25316,5.940553478261239
25317,2.1643315642519148
25318,2.7302434007062266
25319,1.7921509183585345
25320,17.90733422819685
25321,7.983594120066412
25322,5.137627292012437
25323,0.1048447125216471
25324,5.213625426897962
25325,2.020064666796157
25326,2.4702043467078787
25327,1.6442849381751043
25328,15.837463583419522
25329,7.062800198937116
25330,4.5373749069575595
25331,0.09519576313802126
25332,4.907163375388407
25333,1.827267846578399
25334,2.2498176869689015
25335,1.4645041960098042
25336,17.90792023789256
25337,7.792534109796973
25338,5.063007850235464
25339,0.09539406382855423
25340,5.465164194190901
25341,1.9227797079541027
25342,2.4888102375572543
25343,1.5403910182503873
25344,17.571783860125333
25345,8.135140169403332
25346,4.989012689003145
25347,0.11099974010826541
25348,5.520300295735555
25349,2.0231828805024095
25350,2.492999646645597
25351,1.65371923322323
25352,25.23067623712933
25353,11.450266797984677
25354,7.152990975292594
25355,0.14662281576858463
25356,7.766135644429934
25357,2.810515647269116
25358,3.424240380916805
25359,2.3202439369746184
25360,29.14906095929203
25361,12.819688151418983
25362,7.594877144241111
25363,0.17948143413749054
25364,8.609123717882849
25365,3.2268057574995535
25366,4.077357922017316
25367,2.6356662051158146
25368,14.846914170206954
25369,6.983561432175875
25370,4.213119915166601
25371,0.0925286844805094
25372,4.665939034523759
25373,1.7607914707420116
25374,2.040980033975302
25375,1.3772205869834448
25376,21.234969567509633
25377,9.69413496049263
25378,5.976122442077042
25379,0.12893894907627343
25380,6.5157744489182345
25381,2.4243869654916397
25382,2.9226418167850277
25383,1.9675598304181852
25384,13.27430292321861
25385,5.807334814827191
25386,3.56014620435285
25387,0.08884281849200695
25388,3.554637101789017
25389,1.4063416507626862
25390,1.6432540848387143
25391,1.1227600786662282
25392,15.11760588842212
25393,6.994692973832202
25394,4.500249191404813
25395,0.0964489041932545
25396,5.022037807219136
25397,1.8273824671938093
25398,2.2296165881442858
25399,1.5162476223079002
25400,17.187497499836503
25401,7.979270264923748
25402,4.922530110938005
25403,0.10196665270588581
25404,5.049954793607394
25405,1.9599352802831478
25406,2.4304860223888087
25407,1.6383981799326623
25408,19.948873912854566
25409,8.7852286306081
25410,5.396711507209781
25411,0.11073963471205331
25412,5.9148993643956445
25413,2.152743319970648
25414,2.7183327775525896
25415,1.8170140562876105
25416,26.019868851885498
25417,12.14774668439604
25418,7.396890281695885
25419,0.16102669303337652
25420,7.9425388770656244
25421,3.067785103234935
25422,3.931919412888227
25423,2.509828181711082
25424,15.324227669447117
25425,7.150229547600286
25426,4.466353048529295
25427,0.0908500601695065
25428,4.795994483006654
25429,1.8577377719549135
25430,2.214284752723624
25431,1.5532164117203753
25432,42.054598017563826
25433,18.553679631586355
25434,11.11166032916182
25435,0.24925238064163588
25436,12.47289131808241
25437,4.6761156438995775
25438,6.069224064389428
25439,3.6905165398318713
25440,19.376839839531158
25441,8.731346158438027
25442,5.32441954517225
25443,0.1177803787966432
25444,5.8850718475648796
25445,2.174256974418081
25446,2.732094614529139
25447,1.7981735232676075
25448,25.05358748482539
25449,11.384025951779348
25450,6.734234077694473
25451,0.1375408292187314
25452,7.4750603197107806
25453,2.788793593413809
25454,3.577128052934115
25455,2.2157457579303466
25456,38.79931027470397
25457,17.240935493679018
25458,10.343604110911379
25459,0.23626423141683864
25460,11.210055006689458
25461,4.372586987159808
25462,5.137791376959202
25463,3.4422412544428043
25464,31.93895020318177
25465,14.108747967661946
25466,8.9924781636055
25467,0.17581695068791844
25468,9.418354968707316
25469,3.5766547687394756
25470,4.432422626287604
25471,2.8389991227446925
25472,21.145721541029747
25473,9.334068094771508
25474,5.729677251851097
25475,0.13019073855852265
25476,6.292786541115888
25477,2.2808849498251593
25478,2.9458430902059387
25479,1.9101885167694257
25480,15.21826845181765
25481,6.734464137608628
25482,4.151751114308321
25483,0.09709269352272558
25484,4.688952864436429
25485,1.7705077662189495
25486,2.170012028713668
25487,1.364028531676094
25488,27.91243544473986
25489,11.9005058555693
25490,7.124571127272417
25491,0.174534121637901
25492,8.194917818082184
25493,3.113483545619524
25494,3.8833201888859117
25495,2.4417403833022786
25496,21.846809205154653
25497,9.553598412533285
25498,6.1794377193642225
25499,0.12522783521407396
25500,6.400898020211411
25501,2.4713258168491117
25502,2.890143779116363
25503,2.0075214481278914
25504,15.4347245103047
25505,7.154167308816268
25506,4.499937859396224
25507,0.09097844501094642
25508,4.851798670699878
25509,1.8489306062543356
25510,2.223961641911831
25511,1.4584307894564763
25512,21.132276334108077
25513,9.676025994645046
25514,5.909885958173251
25515,0.12167926013835063
25516,6.209515620713039
25517,2.2777893580179724
25518,2.928250898602365
25519,1.9610414452854363
25520,14.362021304887287
25521,6.187392821284961
25522,3.91763226526273
25523,0.08259463897708642
25524,4.324722223899006
25525,1.669034319134101
25526,1.831780636098956
25527,1.2641347950790875
25528,15.109184651733548
25529,6.6634766689730025
25530,4.19773752784329
25531,0.1010749293279866
25532,4.668328689529552
25533,1.6534664461481325
25534,2.116915736637938
25535,1.338088300171293
25536,30.709782433145318
25537,13.220860979768029
25538,8.46185005279016
25539,0.18157520093514287
25540,9.425894965822135
25541,3.307762762527919
25542,4.305880148723802
25543,2.696723621680303
25544,15.513496744364131
25545,7.211468921482271
25546,4.496573701939488
25547,0.08705868966436697
25548,4.7834013613433335
25549,1.7974498254986528
25550,2.2658528334321346
25551,1.4519516572324325
25552,34.94184454834685
25553,14.689711789063198
25554,9.341685396975555
25555,0.20597398259181635
25556,10.080110718536549
25557,3.5808742651567544
25558,4.751141097327895
25559,3.1480500451812583
25560,23.25836534556949
25561,10.468989112563722
25562,6.422184342872264
25563,0.13228993798928718
25564,7.008013359788584
25565,2.6641423925281646
25566,3.303201715381698
25567,2.0790422833602493
25568,17.180018313873692
25569,7.78714236500773
25570,4.789279881068151
25571,0.0938883209691335
25572,5.1373237645325345
25573,1.9375688502846424
25574,2.293653107766214
25575,1.5575984659961495
25576,45.38706884059214
25577,19.94458368871152
25578,11.919073161799545
25579,0.2515808112098427
25580,13.2257659617708
25581,5.070498863209338
25582,6.079940062320605
25583,4.061935978615655
25584,19.458897362405594
25585,8.9282215471304
25586,5.475393237775355
25587,0.11355997268631711
25588,5.964690953576336
25589,2.2468963717644224
25590,2.6942764557338634
25591,1.7711950054967516
25592,24.908133193412194
25593,11.14189780750236
25594,6.756839226835818
25595,0.1455989285321058
25596,7.438821736375218
25597,2.8028753777208606
25598,3.3298252522476948
25599,2.2540453076783327
25600,28.860138926881675
25601,12.668928728057345
25602,7.815844497385441
25603,0.17591892592733152
25604,8.396164234968799
25605,3.1959718927395944
25606,4.12482279644463
25607,2.592657302690491
25608,22.05179158699456
25609,9.596961532385325
25610,5.874917822087186
25611,0.12544905752104313
25612,6.474828679517897
25613,2.4088639639738587
25614,2.9075879439233896
25615,2.037468200628517
25616,23.03739220663443
25617,10.447501204896495
25618,6.395712952318434
25619,0.13202102724460454
25620,7.090140764526713
25621,2.527232880174893
25622,3.2846586797216033
25623,2.150526742976588
25624,14.991101642781434
25625,6.772703976723792
25626,4.262243648411806
25627,0.09654159570999137
25628,4.772191175556158
25629,1.650254728830526
25630,2.1540035051871724
25631,1.3660100461140074
25632,35.50617950131406
25633,16.143909257582123
25634,9.84012072553502
25635,0.2126995018885795
25636,10.35747538333608
25637,3.974966056937755
25638,4.91832015742571
25639,3.190599832124814
25640,14.113083221034042
25641,6.368304007797789
25642,3.904866939531999
25643,0.07925167451539515
25644,4.212308687794854
25645,1.5781303384307055
25646,1.942165695695559
25647,1.3181100782586819
25648,15.506135638257687
25649,6.936523868938578
25650,4.499214784052413
25651,0.08522556768447526
25652,4.632593994270211
25653,1.7944505435942548
25654,2.2450442296677084
25655,1.4689038925343372
25656,23.235246932228083
25657,10.159693410366133
25658,6.105972505640936
25659,0.134497525216103
25660,7.0015897300699
25661,2.651941993297086
25662,3.347504365423665
25663,2.2204615343481344
25664,26.839131794338872
25665,12.061135885935212
25666,7.042246751524044
25667,0.1460565537328702
25668,7.9074576560368035
25669,3.0234174566718974
25670,3.7188310097728947
25671,2.6082398911019
25672,17.86576741868759
25673,8.312949273050965
25674,4.850235428833157
25675,0.10174603092145727
25676,5.4157847451343075
25677,2.01986144053399
25678,2.5107161703863716
25679,1.684069094989343
25680,19.42775879974207
25681,8.831238608516337
25682,5.490920255675869
25683,0.11632513854640027
25684,5.704482734876277
25685,2.180710129364397
25686,2.660873322809071
25687,1.8192265598025381
25688,52.44825925002955
25689,25.266236369916168
25690,15.12861372040536
25691,0.38598756612799046
25692,16.517243891550365
25693,6.284037836946713
25694,7.713202682133639
25695,5.145532793687239
25696,15.763453226337434
25697,6.991191087250139
25698,4.553233554566684
25699,0.0887635257853631
25700,4.860986639649288
25701,1.8132884039358215
25702,2.353867276564871
25703,1.4256481045473484
25704,20.256617676812322
25705,9.371279216765346
25706,4.279072391368456
25707,0.8361802568182393
25708,3.9323058915456457
25709,1.858876289379353
25710,1.96543245580807
25711,1.5559628068513212
25712,23.70560759214197
25713,10.830396676745629
25714,5.007473611987098
25715,0.9443455487696271
25716,4.9142601237418555
25717,2.1582320582969126
25718,2.335979670094986
25719,1.82852547730087
25720,21.973509261060205
25721,10.12791803248295
25722,4.62132287366876
25723,0.8639429812468583
25724,4.355105790316717
25725,1.89962370719223
25726,2.133134689193358
25727,1.6464838243865685
25728,20.45307834376022
25729,9.184149091878435
25730,4.311230910995097
25731,0.7839794430553509
25732,3.826119503568984
25733,1.770967417862807
25734,1.948221573866704
25735,1.5161739832917667
25736,18.35855634558083
25737,8.217026305517292
25738,3.794888152901775
25739,0.7650898983826075
25740,3.62787111684698
25741,1.6037045651201225
25742,1.8042213123644986
25743,1.400430870726447
25744,20.78135419044965
25745,9.048944514873007
25746,4.184092397797456
25747,0.7639969395281335
25748,4.0329683878411995
25749,1.6969532751092176
25750,1.9770687099586985
25751,1.4839179920146268
25752,20.404311625316474
25753,9.29104197618839
25754,4.261890493793496
25755,0.8223370697264719
25756,4.013900498615925
25757,1.7960951580247169
25758,1.95137632474953
25759,1.5518150101894932
25760,28.67982117298285
25761,13.202344819859647
25762,5.984099319575837
25763,1.071672385027765
25764,5.846423171655409
25765,2.475185565462508
25766,2.6745872722676456
25767,2.1637299551097726
25768,33.6005389898493
25769,14.992825708658058
25770,6.484416112385694
25771,1.2548926673218217
25772,6.429467250349929
25773,2.8687738140875134
25774,3.1405645650263465
25775,2.483096396194517
25776,17.220994520051175
25777,8.243878877151893
25778,3.488451270683566
25779,0.7016372532194134
25780,3.3974142668198692
25781,1.5288752744840088
25782,1.6160269026402057
25783,1.3182790222325527
25784,23.7846910803001
25785,11.311412874507997
25786,5.0093870952156365
25787,0.9355236297020612
25788,4.7909398254861415
25789,2.12578720051167
25790,2.290875698612268
25791,1.8323614178566277
25792,14.95598449814156
25793,6.402133550122015
25794,2.9913315760058854
25795,0.6932934972605461
25796,2.721039217949272
25797,1.2933014424952156
25798,1.352679388641152
25799,1.122752134797027
25800,17.299236974177216
25801,8.052168720280182
25802,3.7946279496788273
25803,0.7322435086458087
25804,3.6807554441122234
25805,1.572646637875009
25806,1.7362962230097905
25807,1.3907024463397346
25808,19.488681711122087
25809,9.264377900254296
25810,4.114148798183539
25811,0.8049651370979131
25812,3.699160901554231
25813,1.7261480057841723
25814,1.9120677692273014
25815,1.5129506475540164
25816,22.75341796301689
25817,10.262499271056054
25818,4.659160955268554
25819,0.9021176682733685
25820,4.391804817237842
25821,1.91882143774129
25822,2.1169766015898013
25823,1.7018677558456303
25824,29.598421089694224
25825,14.212312906021234
25826,6.241834035113109
25827,1.1659981759368763
25828,6.1108062090646085
25829,2.707154494473457
25830,3.004001018875213
25831,2.324724311498247
25832,17.35694813789983
25833,8.169476899220314
25834,3.738367361801919
25835,0.7197794854076284
25836,3.4709418610235856
25837,1.5896716840495446
25838,1.7161991058371917
25839,1.4209819859459596
25840,46.941370450116295
25841,21.211925469429076
25842,9.722880615610402
25843,1.6482803828163357
25844,9.108682066514733
25845,4.056110207725096
25846,4.654333845297228
25847,3.4075806394012917
25848,22.89942272414049
25849,10.458687670274186
25850,4.495794757655767
25851,0.9034151096890357
25852,4.252073034254796
25853,1.925666558322197
25854,2.0572277916805497
25855,1.6802984973755386
25856,28.534417160938848
25857,13.101259400407091
25858,5.807072608207618
25859,1.0213927825773166
25860,5.545758764651507
25861,2.4423800236381528
25862,2.7655668628466956
25863,2.0861436588936786
25864,43.720184119749334
25865,19.689753778535707
25866,8.593632902721723
25867,1.5334746886279393
25868,8.200148969170941
25869,3.7978802750349634
25870,3.9845855978245432
25871,3.2414680887280016
25872,37.118400545464446
25873,16.275558011972713
25874,7.581642802612418
25875,1.33942904085939
25876,7.008261287551763
25877,3.1244673393058138
25878,3.39116518102752
25879,2.672653448640552
25880,24.30759304765305
25881,11.153017138051663
25882,4.938786905487245
25883,0.9877966192615567
25884,4.672804738353604
25885,2.0374144009425192
25886,2.3005733462224494
25887,1.8027250439560307
25888,17.61669953030372
25889,7.6588119325338235
25890,3.486557601344099
25891,0.7021796715826812
25892,3.4299615831587453
25893,1.556862138069789
25894,1.7033057835001066
25895,1.2969908652256992
25896,31.533438079722913
25897,13.69478073842853
25898,6.152463048396586
25899,1.1313713021579506
25900,6.122121046551603
25901,2.726770726919289
25902,3.0093518263687113
25903,2.2633823272065916
25904,24.66640205947539
25905,11.064366708848365
25906,5.052121936598655
25907,0.9501845503440937
25908,4.6870523392490355
25909,2.1619209112245104
25910,2.264034614547642
25911,1.8740582906848458
25912,17.78594840869067
25913,8.208215368180005
25914,3.8244866957031234
25915,0.6970498499854006
25916,3.526332687743411
25917,1.5883027367993199
25918,1.7207942027409702
25919,1.3632740271979988
25920,23.989990431924156
25921,11.359429397506583
25922,4.988319218732173
25923,0.9591320246203248
25924,4.509934214431484
25925,2.0189614606131023
25926,2.2843522014834408
25927,1.836327640757851
25928,16.502418653949057
25929,7.035539407310094
25930,3.3002911664850423
25931,0.7084506441337083
25932,3.207704306574344
25933,1.459480848022835
25934,1.4777054761330926
25935,1.2202729748681163
25936,16.910632030997824
25937,7.558295686401242
25938,3.5358321418268006
25939,0.6883172762338348
25940,3.4127192791542735
25941,1.4705916634244183
25942,1.664008560186018
25943,1.2822729164595614
25944,35.15691587631377
25945,15.202199338513687
25946,6.972660027747022
25947,1.291640168824027
25948,6.956860275328809
25949,2.9460067442350986
25950,3.3089254930432332
25951,2.561571657505398
25952,18.037361015539254
25953,8.457626305055006
25954,3.8439003911665943
25955,0.7418599018949409
25956,3.520891306455013
25957,1.6083258309769235
25958,1.8062411476986016
25959,1.409782234545289
25960,39.25937366980216
25961,16.745257078067507
25962,8.07912082453898
25963,1.518432696033107
25964,7.285121675659281
25965,3.1710405644557316
25966,3.6099361899400604
25967,2.9535683834157256
25968,26.677795597262264
25969,12.087485509550675
25970,5.524850061365887
25971,1.0079309212721217
25972,5.195419937263895
25973,2.351902989635904
25974,2.5422528408189815
25975,1.9557890219939087
25976,19.83338159221246
25977,9.160952938554148
25978,4.082937244578352
25979,0.7938872779650129
25980,3.774159960381386
25981,1.718078524296869
25982,1.8500666256058684
25983,1.5046656177104767
25984,52.421625679285086
25985,22.874026200282188
25986,10.260251768214454
25987,1.6870142368712533
25988,9.644663434650425
25989,4.501243213570373
25990,4.7583004699833
25991,3.760382216139224
25992,22.070333685040826
25993,10.263014374078773
25994,4.583000772733549
25995,0.8571052888047812
25996,4.332892654305732
25997,1.9455105460473925
25998,2.056666764248656
25999,1.620177876590423
26000,27.920348452140654
26001,12.514806568704792
26002,5.49933812136207
26003,1.0255846235662103
26004,5.316030111187381
26005,2.3961848169171396
26006,2.5498970279590614
26007,2.061317355179643
26008,32.97205244487394
26009,14.659894080903404
26010,6.638364292910192
26011,1.2049151577237294
26012,6.303878836019815
26013,2.8453997948714034
26014,3.182910402133574
26015,2.4327867719187557
26016,25.16039870219983
26017,11.266014634755859
26018,4.954772404931998
26019,0.9754235827046422
26020,4.787437883222619
26021,2.1377897381325583
26022,2.309824855145158
26023,1.9127132254119805
26024,26.140866663042743
26025,12.155270744664739
26026,5.495585508638186
26027,0.9996427115885567
26028,5.247882911634103
26029,2.199883943820697
26030,2.5100375824691685
26031,1.9997383383433378
26032,17.106048161023242
26033,7.748638609937712
26034,3.6222629309653325
26035,0.7104393775849752
26036,3.467560690984833
26037,1.4463340607518524
26038,1.6833506867320456
26039,1.286705201214151
26040,40.01796428954187
26041,18.28430268932444
26042,8.440628506812226
26043,1.514814337880129
26044,7.537259329680259
26045,3.468644609974548
26046,3.7980588313308834
26047,2.9704222935258393
26048,16.149445682314337
26049,7.182997861310647
26050,3.3470216096618124
26051,0.6828799340452882
26052,3.171789597551542
26053,1.432496375636495
26054,1.5640390971368303
26055,1.2651508986572693
26056,17.728178672572525
26057,7.856074494900012
26058,3.787126915746996
26059,0.7038391207833234
26060,3.480891314562141
26061,1.545268537688433
26062,1.7392232025150385
26063,1.3728479533552786
26064,26.63047328191241
26065,11.98324389341133
26066,5.140472250982839
26067,0.9931342631460971
26068,5.178695100006261
26069,2.3032806924043876
26070,2.5287546554564355
26071,2.0384723060053984
26072,30.52432284215886
26073,14.029483549442643
26074,6.075195081915649
26075,1.070280764847772
26076,5.907877940958191
26077,2.6620979504718623
26078,2.892022094585946
26079,2.402225082479656
26080,20.249638308275134
26081,9.524623264770083
26082,4.018042794299511
26083,0.783730450156107
26084,3.9594153163845305
26085,1.7804905330507175
26086,1.9623087304896645
26087,1.5703740783729698
26088,21.948336220332468
26089,10.265440406295072
26090,4.695615726725371
26091,0.8852779226407954
26092,4.172189774777529
26093,1.9232425739103394
26094,2.0660404251663262
26095,1.6867348076173787
26096,62.50535240019328
26097,29.9295417167421
26098,13.608974642123123
26099,2.239644254874029
26100,12.615223116124874
26101,5.670223761785717
26102,6.098677335113186
26103,4.894931343009465
26104,18.171122866755983
26105,8.05233914614341
26106,3.844242147822345
26107,0.7244448385938959
26108,3.5400198067422917
26109,1.568670662171526
26110,1.8197942002263352
26111,1.3443354474797313
26112,19.265461683235262
26113,8.743346275591579
26114,4.024679534101981
26115,0.6147003318933212
26116,3.886840806484804
26117,1.7265371063752977
26118,1.86071495324488
26119,1.4355631255606318
26120,22.727734225181454
26121,10.082377210747968
26122,4.7045527659256186
26123,0.7079105348628052
26124,4.910478106031948
26125,2.014777255917517
26126,2.217299515417185
26127,1.6929905787086994
26128,20.568707381596994
26129,9.370779466628814
26130,4.316244143365327
26131,0.6267312941096596
26132,4.295287375321345
26133,1.75185616819654
26134,2.010807379333373
26135,1.5185253828619663
26136,19.313336562849052
26137,8.490984689380038
26138,4.050105786401766
26139,0.594175203731536
26140,3.7778587604139107
26141,1.6614417156454468
26142,1.851177121045466
26143,1.4178276728238999
26144,17.008726971763075
26145,7.483819755618898
26146,3.5160682257994225
26147,0.5409391502131705
26148,3.54020853886465
26149,1.4804500042662048
26150,1.6735781644170737
26151,1.2644284619724477
26152,19.46129981293255
26153,8.368016659793037
26154,3.9368876916424407
26155,0.5470653157938096
26156,3.990637751726424
26157,1.5714018694041072
26158,1.8501234998810294
26159,1.3459566424118272
26160,19.186115270791863
26161,8.623684922981278
26162,3.976427959479515
26163,0.6046158131117892
26164,3.953758196607175
26165,1.6511918620670232
26166,1.8324015841470478
26167,1.423417808141551
26168,27.142255064567383
26169,12.519889487795098
26170,5.653298649700425
26171,0.8364067175348628
26172,5.7752348547380565
26173,2.3232363865900854
26174,2.5433981053541874
26175,2.0141452505556736
26176,31.401474411334927
26177,14.071162297255405
26178,6.132679098326303
26179,0.9369292067874233
26180,6.441401665245283
26181,2.68157316088054
26182,2.9907658817829956
26183,2.2831901577554627
26184,16.34992336939945
26185,7.635219394141818
26186,3.2666187248838034
26187,0.5122663562592953
26188,3.3693459492957394
26189,1.4364599687284252
26190,1.530481429044436
26191,1.2085685187452497
26192,22.680636336198923
26193,10.395050782353996
26194,4.659977152089509
26195,0.6920644312571341
26196,4.748254781169783
26197,1.974442193889225
26198,2.1605187231661507
26199,1.6907851941046486
26200,14.025653750497055
26201,6.027696331029829
26202,2.8405185797649946
26203,0.4790068506095592
26204,2.7362365676267797
26205,1.1693658617315021
26206,1.236772881157715
26207,0.9940805511931231
26208,16.129951999667345
26209,7.469771344959468
26210,3.55427961666359
26211,0.5371590850740551
26212,3.6068436983764305
26213,1.4561833828402064
26214,1.631517928429878
26215,1.2585703205687346
26216,18.685956025823156
26217,8.720062915659103
26218,3.8625959793381863
26219,0.5875848924791823
26220,3.663711617497296
26221,1.6149226936476857
26222,1.8013457262761956
26223,1.4063969144966122
26224,21.285549172681193
26225,9.426441275142462
26226,4.349232842959127
26227,0.6364633167543141
26228,4.3293970604258725
26229,1.7621654965734743
26230,1.97543377374055
26231,1.55618747921758
26232,27.609821440432608
26233,13.281360415848248
26234,5.900985882860308
26235,0.8864307293865527
26236,5.994902751863678
26237,2.5034861881387833
26238,2.8269251249833003
26239,2.128789693583135
26240,16.54506980015167
26241,7.583831521651268
26242,3.52196537821719
26243,0.5295134704050354
26244,3.4357272611414214
26245,1.4926799153407833
26246,1.6219040215850504
26247,1.2992278479494452
26248,45.856953779243646
26249,20.122292869575116
26250,9.336224279108778
26251,1.327197375070884
26252,9.123083567605159
26253,3.8008618207497076
26254,4.4011611749242086
26255,3.158651039004763
26256,21.546312763272493
26257,9.59523342948686
26258,4.1851536358049275
26259,0.6511891116281366
26260,4.193336450181671
26261,1.7529002121617665
26262,1.94838041654666
26263,1.5174264921468392
26264,26.860108047324616
26265,12.31595278228966
26266,5.476036183964114
26267,0.7869038897022196
26268,5.508401255356725
26269,2.278827917597952
26270,2.6125512789488465
26271,1.9193727050312888
26272,41.44038591063236
26273,18.50150667233522
26274,8.274583110813497
26275,1.1871862868889234
26276,8.263023107963818
26277,3.5502907882564863
26278,3.7674845435548687
26279,2.9777064393222985
26280,35.211199608886204
26281,15.435262315346938
26282,7.320654296530257
26283,1.0253989397287773
26284,7.06530458617549
26285,2.94851037164914
26286,3.2506822816859198
26287,2.4686819331603918
26288,23.091776233458624
26289,10.341882316963405
26290,4.668709756120489
26291,0.7124102290356201
26292,4.693337893982202
26293,1.8974617449595554
26294,2.1732697890205386
26295,1.6638965614558459
26296,16.487311615127044
26297,7.1038606880153115
26298,3.261034244615002
26299,0.523502450003059
26300,3.3824291244673206
26301,1.4453637873024843
26302,1.607853524618192
26303,1.1728843789267402
26304,29.571000750345974
26305,12.894078157067266
26306,5.837078129504074
26307,0.8757532715947199
26308,6.055821656870002
26309,2.5597735293102555
26310,2.86662776914276
26311,2.1002257231707344
26312,23.24485349244736
26313,10.347109750452743
26314,4.73979672639032
26315,0.695568388797288
26316,4.6561040276109225
26317,2.021861735646143
26318,2.137723422689683
26319,1.7249497561861378
26320,16.694639295846446
26321,7.6627870733536545
26322,3.5949604519322707
26323,0.5291379136114631
26324,3.4862200470373987
26325,1.504773975541059
26326,1.6429088099800286
26327,1.253415687236335
26328,23.03701702481888
26329,10.704153983441786
26330,4.728915286045535
26331,0.7071680536053365
26332,4.51900876075697
26333,1.8867601821297726
26334,2.164476913491594
26335,1.70527629656276
26336,15.407345281160383
26337,6.578768296941717
26338,3.133044817456076
26339,0.5054293747097576
26340,3.199499054627826
26341,1.3691868372155107
26342,1.4087019101834108
26343,1.1210963849938662
26344,15.972465824421562
26345,7.021225210590807
26346,3.3184631398268998
26347,0.5189450200750446
26348,3.380362967847214
26349,1.3570308918468157
26350,1.5837358689962604
26351,1.1655715181834139
26352,32.85232984518976
26353,14.27398017480811
26354,6.707325938150327
26355,0.9996042637061543
26356,6.916912854845053
26357,2.7439195417918962
26358,3.1414980927570406
26359,2.349732296606949
26360,16.975930277263284
26361,7.822456442196377
26362,3.584353101898897
26363,0.5298962692116651
26364,3.4618891349098964
26365,1.4936273550275847
26366,1.696140254818923
26367,1.2773315328892003
26368,37.05897199495555
26369,15.675037326819867
26370,7.657747361395105
26371,1.1473182923447338
26372,7.245414381284291
26373,2.9614818267303646
26374,3.4194768465592644
26375,2.6898823327573824
26376,25.14157045113425
26377,11.369661242222334
26378,5.266646744362104
26379,0.7317122712078545
26380,5.1615315489712525
26381,2.1936971644270904
26382,2.396311171426508
26383,1.801092264252093
26384,18.56533374353234
26385,8.418703880226836
26386,3.781198871900581
26387,0.5577611425993823
26388,3.692033126008203
26389,1.568555742820289
26390,1.70462466154291
26391,1.3387396839858925
26392,49.40018943415143
26393,21.61062393815127
26394,9.888762627742011
26395,1.325888404408896
26396,9.651222659588377
26397,4.215902433083898
26398,4.505586103821793
26399,3.4848675138470355
26400,20.697500219979435
26401,9.636418911586698
26402,4.35571767944617
26403,0.6388798131363927
26404,4.358256034845392
26405,1.8519393894133371
26406,1.9757058536260357
26407,1.5340521379529521
26408,26.539165372575685
26409,11.9672764911755
26410,5.280343496013489
26411,0.7657078356909923
26412,5.483187513597145
26413,2.264229917073043
26414,2.4141860863157656
26415,1.9204676713095055
26416,30.562573004232455
26417,13.469957558620203
26418,6.1751151772058845
26419,0.8907765709004909
26420,6.1849671284582515
26421,2.5970392888081433
26422,2.9638052256649705
26423,2.192595539031797
26424,23.514581415869497
26425,10.307842182400783
26426,4.650598605913118
26427,0.6953181759520302
26428,4.766116047624855
26429,1.964772340021144
26430,2.1548934961305566
26431,1.7412014402050324
26432,24.38710203967296
26433,11.256575755856954
26434,5.166655113244615
26435,0.7309803081742958
26436,5.218657265769225
26437,2.0600251484357868
26438,2.383135526785053
26439,1.8490871272908926
26440,16.11398619803241
26441,7.207060273975499
26442,3.4139834598003738
26443,0.5205126186857012
26444,3.438812559528395
26445,1.3397622874837347
26446,1.606391699074727
26447,1.1741770297354024
26448,37.96686251988537
26449,17.309797992769028
26450,8.040802373491184
26451,1.1633841401132219
26452,7.499257942409135
26453,3.225551070672944
26454,3.585487222343267
26455,2.7118881278853406
26456,15.217970786240656
26457,6.675721321395111
26458,3.122061875837583
26459,0.49942491771970066
26460,3.1101869250942973
26461,1.3134277149145435
26462,1.4638395072377868
26463,1.1438467709570304
26464,16.777239248473165
26465,7.3694572605647775
26466,3.5652032479445475
26467,0.5241368909642637
26468,3.437085320233499
26469,1.45381191382162
26470,1.6485157219050797
26471,1.2568577269596595
26472,25.147796480689642
26473,11.102880836300562
26474,4.844406356779709
26475,0.7255016445009701
26476,5.185474201557489
26477,2.14982182738909
26478,2.383312015002231
26479,1.8879189392535305
26480,28.52271614839151
26481,13.16879105127311
26482,5.753989062128853
26483,0.7975045638825738
26484,5.87618430961288
26485,2.4747599761546533
26486,2.7312348114102702
26487,2.2244044806304264
26488,18.916530184023078
26489,8.884462450489538
26490,3.77411065703896
26491,0.5730023192954096
26492,3.9050597786341847
26493,1.6491028765756746
26494,1.8441195690486707
26495,1.4439855681418337
26496,20.80153682299597
26497,9.598004637766186
26498,4.407880294677996
26499,0.6577899212678523
26500,4.1421218026961775
26501,1.7958006764581118
26502,1.970617409583117
26503,1.5696164327206779
26504,60.090761190152186
26505,27.61676349803771
26506,13.195428616191222
26507,1.6609100712123472
26508,12.584001400950836
26509,5.357874684291074
26510,5.86410277860313
26511,4.527262587043549
26512,17.136243212962306
26513,7.481948312721881
26514,3.603409551925105
26515,0.5386101303447192
26516,3.4837707398333246
26517,1.4735833474480378
26518,1.7247977228539026
26519,1.2393926574940781
26520,18.01631812375892
26521,8.312391400934402
26522,4.6875670735728665
26523,0.08788285017811256
26524,5.133109281926288
26525,1.9730449871356577
26526,2.414101099782007
26527,1.5972317633039053
26528,21.013847091751344
26529,9.266460898386484
26530,5.6861076794704
26531,0.1102329220280831
26532,6.337869588981054
26533,2.3365738958190314
26534,2.6964508647607124
26535,1.8212051306497115
26536,18.81797521121416
26537,8.823763013893048
26538,4.99800613055243
26539,0.09055764098965063
26540,5.416053301107237
26541,2.037908338162302
26542,2.5749206498561
26543,1.6287381499068256
26544,18.044323158154427
26545,7.788727958799622
26546,4.834536486052668
26547,0.07843869906490664
26548,4.980213626370482
26549,1.8698284433577266
26550,2.3310535119081788
26551,1.53064373152071
26552,15.42224645869276
26553,7.06325893813756
26554,4.2480130200580835
26555,0.07036497825552882
26556,4.633262070416804
26557,1.7050920569942007
26558,2.1139161715028654
26559,1.388541838965176
26560,18.052095377995556
26561,8.03326120264465
26562,4.777556592198431
26563,0.08270413449686263
26564,4.992795209092015
26565,1.7549495881812454
26566,2.337772784924495
26567,1.4830499919646019
26568,17.232620168633236
26569,8.257942218291857
26570,4.6368638462400344
26571,0.082232259228821
26572,5.102213632758424
26573,1.9044201229164597
26574,2.320159842990408
26575,1.581425767846521
26576,25.92582908314994
26577,11.66237743089272
26578,6.488656284273011
26579,0.13340028103853782
26580,7.177729859512901
26581,2.669061564483725
26582,3.1814819680429616
26583,2.14763034276177
26584,28.901478016136938
26585,12.883713630611329
26586,7.18709681266495
26587,0.1655624066122013
26588,8.287005096536374
26589,3.0043790569538595
26590,3.837994562092438
26591,2.4786072879167422
26592,14.95419801870995
26593,7.028356705679778
26594,4.004802500755639
26595,0.07939692710111408
26596,4.499019354188781
26597,1.654437597477736
26598,1.971381785509944
26599,1.3106827126069156
26600,21.3271137249356
26601,9.474679564760315
26602,5.419722487552751
26603,0.11528299739383187
26604,6.032257537722343
26605,2.2493111965696397
26606,2.700250357717691
26607,1.8443228217293144
26608,13.127888196914947
26609,5.865079455343031
26610,3.417867334782981
26611,0.04866700954860331
26612,3.3734260102228104
26613,1.3119186648487375
26614,1.5819802165878172
26615,1.102577176163542
26616,15.519855397772703
26617,6.990305412766533
26618,4.225176138980459
26619,0.06892905942963168
26620,4.5309335379371305
26621,1.6787629210279207
26622,2.0791123975170027
26623,1.3734751503753404
26624,17.4534768513477
26625,8.019105249052272
26626,4.61129373404277
26627,0.08788108468194042
26628,4.873283626028024
26629,1.9147839501924295
26630,2.289401729885343
26631,1.5863001143560254
26632,19.81911400074302
26633,8.825384783453712
26634,5.280306126504147
26635,0.0909514646302409
26636,5.513521306081033
26637,2.0205690749842518
26638,2.5219850253058302
26639,1.7480913670393528
26640,26.787050179246826
26641,12.209972439825254
26642,6.7205831472402675
26643,0.14379187556901826
26644,7.625452488875337
26645,2.9305163596473487
26646,3.5022022832118487
26647,2.3478858304984187
26648,15.157826872030013
26649,7.134627090207951
26650,4.25109154223257
26651,0.06172126443973327
26652,4.612907700631905
26653,1.6984614353225034
26654,2.0466740205032523
26655,1.44210285832955
26656,40.36796484616852
26657,18.602422751353775
26658,10.364452184981262
26659,0.23523262395203562
26660,11.720470712279626
26661,4.461962773602195
26662,5.486732273360905
26663,3.5909009113994133
26664,19.692383757566482
26665,8.793470705079349
26666,5.055135840197801
26667,0.08201666505873219
26668,5.544359067550736
26669,2.023488975315827
26670,2.4920124887207176
26671,1.6697914038598565
26672,24.738301171406917
26673,11.748761558012657
26674,6.402302305524803
26675,0.11527820993442371
26676,7.022629154378237
26677,2.602708826775628
26678,3.203855563882261
26679,2.130214987422008
26680,37.73113910993133
26681,16.943064084575013
26682,9.687588867440663
26683,0.22938778280322217
26684,10.416683927134466
26685,4.021384347246908
26686,4.716156250020177
26687,3.2419859015084866
26688,33.78160759030549
26689,14.258481255957419
26690,8.651956569844309
26691,0.16456655242717735
26692,9.251590134664935
26693,3.346130189193753
26694,4.103793586840518
26695,2.6461050778432935
26696,21.49386887779131
26697,9.207259857651442
26698,5.722372935204865
26699,0.11707353400293885
26700,5.807839638315373
26701,2.1303398684900943
26702,2.7049380791589663
26703,1.7949932063318417
26704,14.958962075560722
26705,6.813903041552113
26706,3.944384801048364
26707,0.07429389346901884
26708,4.294931796445962
26709,1.668605475006007
26710,1.963420576197938
26711,1.2636727609837304
26712,27.789017285691628
26713,12.318318288116783
26714,6.75721786690244
26715,0.13981289724658294
26716,7.765624110238057
26717,2.8133918018732533
26718,3.669158753656841
26719,2.27354543845496
26720,22.146001556765487
26721,9.717122675192732
26722,5.650389859338873
26723,0.09319350061379127
26724,5.9904698377079635
26725,2.274707043883231
26726,2.714180884307107
26727,1.808294195002717
26728,15.944820509070398
26729,7.102935155015214
26730,4.231411823511703
26731,0.06734168932438028
26732,4.528611023571982
26733,1.7429675240396385
26734,2.0026556036608696
26735,1.2864033548516467
26736,21.22563028670711
26737,9.618426683985794
26738,5.485537854350938
26739,0.1050084627279596
26740,5.712558934017108
26741,2.1587734625567614
26742,2.643007360338313
26743,1.842860083458265
26744,14.353418828831558
26745,6.502662331676164
26746,3.6895763824376338
26747,0.06381947542599072
26748,4.299513657655683
26749,1.5160634959582215
26750,1.8279792335367788
26751,1.2455919839295617
26752,14.910390869510065
26753,6.74952749323002
26754,3.964253981007499
26755,0.07766466428099131
26756,4.501201112609872
26757,1.5236509201619288
26758,1.9360297758471543
26759,1.2451006242205793
26760,31.494964744421306
26761,13.592043037986281
26762,7.962453540368935
26763,0.16491852848974436
26764,8.78133053220761
26765,3.196942798931927
26766,3.934534727378375
26767,2.582990384751935
26768,15.940095446301282
26769,7.243388789143521
26770,4.411352584174852
26771,0.06854393619734575
26772,4.674903831339433
26773,1.6737301611814959
26774,2.1206569298945017
26775,1.396997620083465
26776,34.43620643185547
26777,14.70996383518123
26778,8.648149064620657
26779,0.19778516789321723
26780,9.32466525231628
26781,3.4405957704296206
26782,4.375718411151789
26783,2.9086331828001795
26784,23.17018895091825
26785,10.195481838758681
26786,6.010496300199793
26787,0.12273893681704395
26788,6.6059567393960785
26789,2.4851484049602526
26790,3.0151374869555445
26791,2.000228035856632
26792,17.071959193661254
26793,7.556241681090365
26794,4.523541563880286
26795,0.07891883034023787
26796,4.884256209719745
26797,1.8900023073638965
26798,2.144268104317169
26799,1.4546266124489622
26800,43.13695362178
26801,19.732555595665644
26802,11.279710316228883
26803,0.22155480998750957
26804,12.26885117367605
26805,4.73870488539733
26806,5.842188369086729
26807,3.742452990687155
26808,18.886102496539223
26809,9.079772124743089
26810,5.235687949918103
26811,0.10122085739903361
26812,5.578853980460034
26813,2.06712622072934
26814,2.511607853934386
26815,1.6174687291219871
26816,24.816704493690416
26817,10.522838957341557
26818,6.304222705561009
26819,0.12507292810755066
26820,6.977004275159114
26821,2.633318867529786
26822,3.1443204125913016
26823,2.0531877802636327
26824,29.301153539739115
26825,12.485306417590207
26826,7.569560523340859
26827,0.15264567637763501
26828,8.233205066192642
26829,2.959371899890513
26830,3.760998295578928
26831,2.3538811019298005
26832,21.41088780241838
26833,9.346731224640248
26834,5.680457619497411
26835,0.11535482582351093
26836,5.945836245176591
26837,2.261304968812497
26838,2.7108341582522804
26839,1.8535660346158964
26840,23.396922163434336
26841,10.308590553979482
26842,5.986381747428593
26843,0.12100743639875598
26844,6.624255134954205
26845,2.359082716551941
26846,3.0301158800334944
26847,2.1274534659398965
26848,14.872600403393525
26849,6.78866392846504
26850,4.08150426646762
26851,0.07835888805891911
26852,4.398439480917657
26853,1.525580751518575
26854,1.9523071161216932
26855,1.269781840559659
26856,34.71785312949024
26857,16.10748230877253
26858,9.279052906824274
26859,0.20605372112877146
26860,9.808025966255485
26861,3.6897530349545393
26862,4.402078337725991
26863,3.136770671565259
26864,14.201863387793082
26865,6.542705783069383
26866,3.6501630243123246
26867,0.0706315143692814
26868,3.915820151792609
26869,1.3927028667807322
26870,1.749733728000402
26871,1.2367254530625624
26872,15.617449118126261
26873,7.075183010289727
26874,4.3558071722600005
26875,0.08100379498335958
26876,4.536607939016195
26877,1.7326771400663852
26878,2.1320756035277255
26879,1.3378688673191013
26880,23.858482850983094
26881,10.578411980475549
26882,5.811098607598805
26883,0.10348919504350779
26884,6.570297284879325
26885,2.400688031179831
26886,2.913089108252989
26887,1.9800729429705148
26888,26.389143140313866
26889,12.190944435136165
26890,6.6190288380236435
26891,0.12158545329861922
26892,7.346222132625051
26893,2.8837602308847523
26894,3.3897879144683745
26895,2.3676104064487924
26896,17.936382097047353
26897,8.100943310247597
26898,4.504967885619278
26899,0.07553080557235445
26900,5.117961240530165
26901,1.8101497931036266
26902,2.319901740663675
26903,1.5214993772187988
26904,19.672476173470876
26905,8.881424758249619
26906,5.1463637478862925
26907,0.0925004252755945
26908,5.438909984840132
26909,1.9894234166989382
26910,2.4339041573756863
26911,1.6318836175221407
26912,53.456302306370866
26913,25.652414414486067
26914,14.051040470610689
26915,0.3389212191126401
26916,15.29391817575304
26917,5.866638204960355
26918,6.985658071864818
26919,5.070701109619486
26920,15.505011244276654
26921,7.131526395645975
26922,4.338569180190089
26923,0.0763383673141315
26924,4.4753788553686755
26925,1.7101689695550322
26926,2.1363150725847513
26927,1.423261716743907
26928,14.300889637988977
26929,6.870490144256426
26930,2.723972551510153
26931,1.684929866749831
26932,1.389793779130419
26933,1.330587205130048
26934,1.2221765032694776
26935,1.2581256570862411
26936,17.22431876945209
26937,8.008016366195688
26938,3.3194836738147493
26939,2.1321144604810844
26940,1.8111341840518664
26941,1.6094958009043179
26942,1.4547129599629491
26943,1.4697825993869236
26944,16.449788300119938
26945,7.459520936628617
26946,3.024588777032828
26947,1.9531941869924265
26948,1.50975525242168
26949,1.474580155463924
26950,1.3906694227025806
26951,1.3568034365482258
26952,15.207916720655108
26953,6.617200455211093
26954,2.8698374143055587
26955,1.7341788953479105
26956,1.4753273683555523
26957,1.3186862975134048
26958,1.285399322895197
26959,1.2401883669545766
26960,12.767292484668928
26961,5.981259504264167
26962,2.606142954053619
26963,1.5606608629033447
26964,1.3139646573672628
26965,1.1705548275073137
26966,1.103730135069281
26967,1.124875246754376
26968,15.326030617286282
26969,6.833067823706852
26970,2.6917223359790845
26971,1.7104096463055465
26972,1.4919983125409257
26973,1.2773083843180437
26974,1.2963331663318338
26975,1.2403482160372392
26976,14.670952419355055
26977,7.018280322257292
26978,2.709522228705424
26979,1.7390338292310696
26980,1.3985474339395993
26981,1.31666267265292
26982,1.2204923395870104
26983,1.2327472284659193
26984,20.812259654292472
26985,9.282226477529548
26986,3.6022644472106355
26987,2.6158898333050162
26988,1.9890067041513155
26989,1.8355933529303612
26990,1.664165155044849
26991,1.7362651113971492
26992,23.65508778013515
26993,10.974481283143952
26994,4.590363052240931
26995,2.739030896701676
26996,2.3624635288619555
26997,2.017649742679948
26998,1.868145018032086
26999,1.9692802383968417
27000,12.47865065623533
27001,5.937376259315369
27002,2.2608746109040716
27003,1.476674078414616
27004,1.274916290832869
27005,1.1544737021450402
27006,1.0621982693365246
27007,1.1177976808753904
27008,17.429228822813425
27009,8.08860959337427
27010,3.323287505634256
27011,2.0854396155452743
27012,1.6395914354877996
27013,1.533342660313584
27014,1.4761177582674834
27015,1.488436878414229
27016,10.559648119570841
27017,4.432622813904825
27018,1.9182118773681296
27019,1.2925905409263583
27020,1.1271668180441523
27021,1.001617439812602
27022,0.9169867631259166
27023,0.9450859148207422
27024,12.758691584035658
27025,5.928925286757713
27026,2.6268786193262414
27027,1.5044189322896042
27028,1.3147423658548567
27029,1.194120794555372
27030,1.096700224918342
27031,1.1238045427053274
27032,14.698462939011176
27033,6.99773626665493
27034,2.741733975595594
27035,1.680355078167212
27036,1.3850551480150208
27037,1.279842152978938
27038,1.2404743401585976
27039,1.2721554583279435
27040,16.25522082013526
27041,7.3531541223208965
27042,3.2313411448944955
27043,1.9339419037233148
27044,1.5777923940856118
27045,1.4250444621232516
27046,1.364695652399387
27047,1.3906285385121546
27048,21.64287420387378
27049,10.225874027340202
27050,4.463124602964943
27051,2.713843272531472
27052,2.2079174571800997
27053,2.025942267786609
27054,1.8290275399328755
27055,1.8805708100889669
27056,11.991700864683073
27057,6.063063185860888
27058,2.471195596191002
27059,1.4841636238348797
27060,1.2774078867189038
27061,1.1689365821170319
27062,1.0955487977270306
27063,1.1611582102364157
27064,34.163622890069895
27065,16.13788902546273
27066,6.659495320453382
27067,4.015581390765694
27068,3.664917593518027
27069,2.94419845348555
27070,2.6291547549052305
27071,2.7696365945770536
27072,17.163955564652742
27073,7.582049441128996
27074,2.851130070418373
27075,1.943719205069546
27076,1.5344679511906918
27077,1.4281302160854228
27078,1.2880669578952135
27079,1.3955145893969358
27080,20.398232788840964
27081,9.84050480264482
27082,3.9974636657712375
27083,2.5008968377471636
27084,2.054576270257588
27085,1.7778867354656815
27086,1.7322040945818935
27087,1.7402911777468586
27088,30.396093424743967
27089,14.519112200462663
27090,5.631022641707481
27091,3.623544580492557
27092,3.2749468956148235
27093,2.7203121429209993
27094,2.443127426371287
27095,2.560730877711075
27096,27.722108811913426
27097,12.265122053363307
27098,5.047178242398717
27099,3.3671620005695537
27100,2.6332531825109537
27101,2.319441735991494
27102,2.100610987805767
27103,2.150899452082645
27104,18.056480666750414
27105,8.075679051870766
27106,3.2418338186579194
27107,2.0859626533718636
27108,1.7426629890475398
27109,1.544318254099215
27110,1.435468232427044
27111,1.460581321752707
27112,12.731698532027913
27113,5.851435790219769
27114,2.235947409578663
27115,1.4966422145157536
27116,1.2297540770631328
27117,1.1884597761105424
27118,1.1107909616772662
27119,1.0911645838831008
27120,22.208026694013153
27121,9.984071727775211
27122,4.2162491867135445
27123,2.7170706612184916
27124,2.1170616510161966
27125,1.9398032684930022
27126,1.8637192577289525
27127,1.8917029874832898
27128,17.814540800403158
27129,8.313127415033348
27130,3.3422073477910526
27131,2.163361156130017
27132,1.685933712902014
27133,1.6002937539061604
27134,1.4866682850585256
27135,1.5250784654486886
27136,12.9512861003921
27137,6.0970611180089245
27138,2.411195803653114
27139,1.5094051549238514
27140,1.3095526624830551
27141,1.1525994819967194
27142,1.0964898083655663
27143,1.1524015684293252
27144,17.73009566797929
27145,8.885768257488843
27146,3.282260784195488
27147,2.129440413764948
27148,1.6445185829406204
27149,1.5198109315573831
27150,1.4917065673688992
27151,1.487292634298513
27152,12.00563519515762
27153,5.684216816876442
27154,2.186059620231683
27155,1.4422852244672602
27156,1.1605729940061855
27157,1.0789805577806981
27158,1.016571986248103
27159,1.0321360149217378
27160,12.05255007968321
27161,5.9292789654459
27162,2.3241515964335235
27163,1.3953118824690076
27164,1.2336319575133756
27165,1.1466574034168395
27166,1.0453013856394706
27167,1.06680437971236
27168,25.0151679636847
27169,11.311331778277468
27170,4.61128934192828
27171,3.063703614793784
27172,2.6108993778740754
27173,2.2356878054496216
27174,1.9683730979115144
27175,2.1152664630504345
27176,13.601282473387817
27177,6.014913081541282
27178,2.468086618260828
27179,1.5810589459802304
27180,1.3107729147678222
27181,1.1947354291058818
27182,1.1044192404660265
27183,1.1739816249497292
27184,28.4463127284962
27185,12.075143469646257
27186,5.493460259568816
27187,3.1473039515174386
27188,2.695763644654109
27189,2.3330802807924447
27190,2.1374811115106427
27191,2.282125855589796
27192,19.250575760019274
27193,9.032154648680429
27194,3.919694698715678
27195,2.283806839299177
27196,1.9686496603017651
27197,1.7414892453658766
27198,1.5392546507650353
27199,1.5926592923441723
27200,14.39859291239581
27201,6.652211746475015
27202,2.8057332701932935
27203,1.6100569522877617
27204,1.4071710841144007
27205,1.234283752196562
27206,1.180270154831277
27207,1.1761623823623995
27208,36.95504599104225
27209,16.719520979817027
27210,7.2479278372889935
27211,4.0087894821043815
27212,3.8483381154569853
27213,3.2205272327695362
27214,2.902074324437239
27215,2.9775127061209097
27216,16.147176427663748
27217,7.584800476897903
27218,3.116043533487254
27219,1.9001703457467047
27220,1.599307667560537
27221,1.427665267082183
27222,1.3413764003957638
27223,1.37900631386019
27224,20.252420282788172
27225,9.34259588760436
27226,3.5745303095708945
27227,2.444288265190907
27228,2.0647157245216445
27229,1.7811126903254133
27230,1.6394121033270985
27231,1.6994504955941998
27232,23.502346621251558
27233,10.363141513492078
27234,4.958097293287752
27235,2.8257329937378475
27236,2.424956368114444
27237,2.139564231414294
27238,2.007952504089338
27239,1.9881847112787778
27240,18.24368613834574
27241,8.051366616262872
27242,3.2872204516493766
27243,2.1191678849083804
27244,1.750749010684469
27245,1.5778543509406433
27246,1.5215021877007155
27247,1.4990120281213968
27248,19.229242840594996
27249,9.151812627281592
27250,3.672094547938502
27251,2.231379761271878
27252,1.9654101651136666
27253,1.654967209799742
27254,1.562216932835451
27255,1.6399580452167715
27256,12.41802230166123
27257,5.955362745828081
27258,2.374524707614458
27259,1.4461579592662055
27260,1.2067834503473789
27261,1.133375630061386
27262,1.063031780332574
27263,1.0668534669232188
27264,29.371981844606587
27265,14.08512185865215
27266,5.937566990608706
27267,3.560118811486638
27268,3.017774640260833
27269,2.531407162162736
27270,2.1462198818676335
27271,2.4833925046115435
27272,11.733392659976468
27273,5.310976995550948
27274,2.1972388584569003
27275,1.4151865007514564
27276,1.1758173211486334
27277,1.1149885730710416
27278,1.0196345358446708
27279,1.03914603039752
27280,12.666550238411832
27281,5.905666479384252
27282,2.3809449867150936
27283,1.51548907936937
27284,1.2527099750810968
27285,1.1477896743204767
27286,1.0781244576848552
27287,1.136011924442106
27288,19.272525989495758
27289,9.204966761332571
27290,3.5088882786247706
27291,2.244283050991195
27292,1.8373190315520032
27293,1.705064136794788
27294,1.561758995357535
27295,1.6489966849541424
27296,21.06702198708737
27297,9.752087433736342
27298,4.217004944843878
27299,2.5375750515909252
27300,2.0153214408225626
27301,1.9548738970079624
27302,1.9100520785969646
27303,1.8874168040352222
27304,15.141426762489536
27305,7.075176151223115
27306,2.697594825530988
27307,1.7440411257986683
27308,1.444573817582945
27309,1.3200314051026267
27310,1.2580530707108237
27311,1.2809851913598975
27312,16.18409126918303
27313,7.516750756087249
27314,3.178107720991001
27315,1.9483154633472515
27316,1.5657095886093126
27317,1.4485165045326314
27318,1.3167453466157069
27319,1.3578289600715254
27320,43.72256833683592
27321,21.451690358545722
27322,9.663832259686844
27323,4.8746175603979385
27324,5.150094861296158
27325,4.1781105072709
27326,3.640588473525184
27327,3.7893178206921414
27328,13.192981362500737
27329,6.101964075040082
27330,2.503010896621536
27331,1.5212938143856867
27332,1.2652234013679629
27333,1.2092429180434316
27334,1.1255540615867232
27335,1.1256908243423087
27336,14.614743738230462
27337,6.810137420330721
27338,2.7117114191878207
27339,1.6184754079554329
27340,1.5487243082690547
27341,1.3043731890075538
27342,1.2272572118012524
27343,1.2294432146324117
27344,17.134341018725067
27345,7.762829583044456
27346,3.2356160367841538
27347,2.021470521901038
27348,1.9819118692047293
27349,1.5750930408549702
27350,1.434312243092095
27351,1.4305313367769923
27352,16.31827144234193
27353,7.262322245402267
27354,2.9398175923243235
27355,1.876282422528868
27356,1.6942635566227742
27357,1.4412104113776127
27358,1.3720964207559585
27359,1.3265854976471887
27360,15.101169154396592
27361,6.472457590569447
27362,2.781610444017334
27363,1.64488598044129
27364,1.6163787717459963
27365,1.2951274697423034
27366,1.2755873760846885
27367,1.205669175580683
27368,12.749985146684523
27369,5.882031687400838
27370,2.5826287557961116
27371,1.5149273222372652
27372,1.4712069371390315
27373,1.1727102376888539
27374,1.1421135875926205
27375,1.1262457177706369
27376,15.22849392884066
27377,6.640672190412456
27378,2.6547823500054073
27379,1.6324047213312451
27380,1.6636363709199673
27381,1.2548353016483647
27382,1.2841721537140132
27383,1.2099696055111386
27384,14.337559278346124
27385,6.90956718978422
27386,2.663249193705837
27387,1.658737313511917
27388,1.5631598570617395
27389,1.2983807933763667
27390,1.2328297883829566
27391,1.2141402393494325
27392,21.202611132528535
27393,9.264827549375603
27394,3.6442755583553286
27395,2.4683293170987524
27396,2.268887891736978
27397,1.8106864972710912
27398,1.6913753058128647
27399,1.6898789354431956
27400,23.80976032047028
27401,10.800615686067152
27402,4.495359895635737
27403,2.6318933322755322
27404,2.5986060888047273
27405,1.9854207793702834
27406,1.8993395265359723
27407,1.919158343923163
27408,12.661456522515675
27409,5.880021956022307
27410,2.2412670746274186
27411,1.4074129779622944
27412,1.421000565931557
27413,1.1543681752466122
27414,1.0941701761644576
27415,1.1052205943072646
27416,17.43473029646134
27417,7.936296812858687
27418,3.2858612876308433
27419,1.9987566808776411
27420,1.8320035740904095
27421,1.5050290466228846
27422,1.4711742369638072
27423,1.452918897286245
27424,10.438362338251432
27425,4.247902247279822
27426,1.8712687637437218
27427,1.2474100556280647
27428,1.151379499326484
27429,0.9844893769680079
27430,0.9012267356549326
27431,0.9435381416609816
27432,12.551502089396216
27433,5.702562068460984
27434,2.5344904789850866
27435,1.4684504481737073
27436,1.4319968152642095
27437,1.1694797154000365
27438,1.1023411196121768
27439,1.108877690136017
27440,14.654051264993099
27441,6.853996666153387
27442,2.663666280216877
27443,1.6013701870092543
27444,1.4869784681461822
27445,1.250798512660262
27446,1.2110991415641
27447,1.2249473229028827
27448,16.289433251295705
27449,7.226628989011264
27450,3.165891918433821
27451,1.8444932786769357
27452,1.7484557186860679
27453,1.3900771163413839
27454,1.3519991984393054
27455,1.3456054009825582
27456,22.264349399236593
27457,10.103675390021625
27458,4.405409255270685
27459,2.6074963604180303
27460,2.4679897950529432
27461,2.0056493824925985
27462,1.8556257903578317
27463,1.8343913235801403
27464,11.808602827633047
27465,5.896534566925856
27466,2.4150037543888394
27467,1.441714182517548
27468,1.3978538609343325
27469,1.1724513816120683
27470,1.102921657664694
27471,1.1316540168698743
27472,34.38056548561094
27473,15.727771599122958
27474,6.444700712541949
27475,3.7533952888282736
27476,3.976117405726401
27477,2.924334995070646
27478,2.6904188759279304
27479,2.6684845225282383
27480,16.590555488495344
27481,7.470184586009005
27482,2.7968980910524843
27483,1.8515933542462473
27484,1.7214541149462848
27485,1.3986912184770979
27486,1.303983719853714
27487,1.353438738789796
27488,20.468392105150567
27489,9.740568763060857
27490,3.900348179425586
27491,2.35651700248011
27492,2.266715584917079
27493,1.7294123060249253
27494,1.7070177910247317
27495,1.6777262881335615
27496,31.081526337665448
27497,14.378925677670019
27498,5.63803703890915
27499,3.4841311508343322
27500,3.571521278346413
27501,2.6811278125758347
27502,2.451449249832011
27503,2.4803575470210926
27504,27.94211666226759
27505,11.965565446820676
27506,5.02068065231203
27507,3.185118189549026
27508,2.870011263679877
27509,2.294477293546682
27510,2.1147396118488415
27511,2.097000011913714
27512,17.79153866064434
27513,7.841213544516678
27514,3.1471795285117437
27515,1.9699908717494168
27516,1.8758584206374134
27517,1.4878915495403502
27518,1.4090097867431612
27519,1.401402200408419
27520,12.206277081361085
27521,5.613692406781277
27522,2.1705077745965182
27523,1.4417770897342994
27524,1.3355520427340297
27525,1.1452844863139986
27526,1.0937866178897495
27527,1.0856704682161382
27528,22.37578092584
27529,9.86370806643184
27530,4.153168752572736
27531,2.584122820742857
27532,2.365272755844676
27533,1.9121757236928945
27534,1.882482227865978
27535,1.83247305012722
27536,17.90183295721614
27537,8.151670270784306
27538,3.2834937555215964
27539,2.065459690855287
27540,1.8679711404700259
27541,1.566776293712856
27542,1.4819709070966138
27543,1.4756282762578459
27544,12.84199835340575
27545,5.9237059899073365
27546,2.3891808052502785
27547,1.4582631632132694
27548,1.428722935230342
27549,1.1412959355877426
27550,1.094927346859686
27551,1.1222295567642793
27552,17.944412268603145
27553,8.85569926991914
27554,3.245030404984316
27555,2.0350596226368634
27556,1.8528490055327815
27557,1.5152127398764532
27558,1.4896724485110262
27559,1.4632404125040164
27560,11.873875347717465
27561,5.297546829519728
27562,2.0952639579026777
27563,1.4074218409152828
27564,1.2549237256001486
27565,1.074014049908144
27566,1.0168419157156887
27567,1.043133915535234
27568,11.993058052922159
27569,5.649589823613149
27570,2.2732935076323355
27571,1.3661249477290545
27572,1.37527174817783
27573,1.122603913355946
27574,1.0518079555067241
27575,1.083009021108045
27576,25.29539724307889
27577,11.121858101280232
27578,4.516619516323602
27579,2.8304337652668936
27580,2.7971213890010396
27581,2.173463433490349
27582,1.9508685925397478
27583,2.035283431168591
27584,13.408658228937906
27585,5.912457162857014
27586,2.4262829443268275
27587,1.5165775978611737
27588,1.437297774403296
27589,1.1798438742351176
27590,1.1212293592306144
27591,1.1446721653365863
27592,28.094689851943205
27593,11.92495712395539
27594,5.3984736176897155
27595,3.0287725122834357
27596,2.90607792640926
27597,2.282654353426636
27598,2.1237843515439665
27599,2.2100763542690385
27600,19.428238245693482
27601,8.848286409611388
27602,3.7671935986684373
27603,2.1562341520361143
27604,2.148393867261594
27605,1.6866664928421653
27606,1.520485865409696
27607,1.534719677206858
27608,14.07440518917824
27609,6.473894289100489
27610,2.7416341085972813
27611,1.5505190538633766
27612,1.5503007168231286
27613,1.2206370967744367
27614,1.1798827138594852
27615,1.1618534422189606
27616,36.67713607546504
27617,16.708088113127566
27618,7.0423504950415
27619,3.844596133652144
27620,4.172660498727693
27621,3.1551710566631206
27622,2.926940885673557
27623,2.889315512346652
27624,15.80044499246839
27625,7.376099160715079
27626,3.009091753235755
27627,1.8027797969810837
27628,1.7417685173463342
27629,1.3914841101535393
27630,1.2979117527349484
27631,1.3227644637856137
27632,20.444162952321545
27633,9.217510897969513
27634,3.5166979709593367
27635,2.329107617996367
27636,2.274658764553954
27637,1.7471600095775937
27638,1.6508609624179083
27639,1.6445722825123583
27640,23.7354527005679
27641,10.252853683006405
27642,4.822049810209119
27643,2.681910581288476
27644,2.6537354728627065
27645,2.087562516756245
27646,1.9789840273283688
27647,1.9196901263488082
27648,18.086434753726664
27649,7.857191571921257
27650,3.214549403025997
27651,1.9947292913615657
27652,1.9263218018959365
27653,1.5243810258032928
27654,1.4897798051114648
27655,1.4384978108783883
27656,19.154760105503787
27657,8.977246041992624
27658,3.6163816673118356
27659,2.122938968001217
27660,2.1450387142899605
27661,1.614559634111652
27662,1.5471962302895668
27663,1.5796645789774066
27664,12.13768935718551
27665,5.701262116454731
27666,2.307484685895715
27667,1.4124948276300546
27668,1.2923187830857465
27669,1.0994701498765092
27670,1.0636014938523661
27671,1.0657140939537215
27672,30.104129630945444
27673,13.826710210214067
27674,5.7548535026012555
27675,3.367131528231706
27676,3.2837060513509497
27677,2.477807780785347
27678,2.1803622092936807
27679,2.410995443822053
27680,11.488994445150373
27681,5.125925650125055
27682,2.13279564893091
27683,1.3484298679303395
27684,1.282383760845658
27685,1.0868329380338537
27686,1.0217324945099742
27687,1.0320666861536296
27688,12.756840596490932
27689,5.822067411156093
27690,2.3945583086659776
27691,1.4926202331237102
27692,1.3976619802705565
27693,1.163683308380112
27694,1.1123278711048674
27695,1.1310363015284333
27696,19.436031638955622
27697,9.021287655707628
27698,3.4137167899451515
27699,2.1490991305790548
27700,2.022669508226779
27701,1.6629097893072777
27702,1.5394280649041427
27703,1.5925015947422498
27704,21.46368910580465
27705,9.555107678376327
27706,4.124503000371789
27707,2.448592064962011
27708,2.25772671251946
27709,1.9452607807735816
27710,1.9085740939994584
27711,1.8462243132166458
27712,15.064126284149529
27713,6.89006282112913
27714,2.6339756597705772
27715,1.6659931104954122
27716,1.6189400274904642
27717,1.3101001263873397
27718,1.273706075120627
27719,1.246820672220039
27720,16.250749213638066
27721,7.358639475728699
27722,3.0930816368354748
27723,1.8550165980600284
27724,1.711854616725263
27725,1.4081362158169428
27726,1.3146625449697278
27727,1.3037094972533463
27728,46.46556004681005
27729,21.544313761861474
27730,9.436133396766893
27731,4.483053369866501
27732,5.5585831489561555
27733,4.095049945507216
27734,3.6597267477241013
27735,3.6649231757621874
27736,13.076861404541372
27737,5.8568971358663875
27738,2.4456420900472255
27739,1.4931601609470677
27740,1.3905200451668531
27741,1.1826459331025077
27742,1.1395429473687038
27743,1.1211740048610865
27744,12.678568193103745
27745,5.8767464382477925
27746,2.429370121267347
27747,1.7954649514842942
27748,0.8615364903507725
27749,1.173611047418514
27750,0.9949932774876805
27751,1.1380569856221914
27752,14.982169976755246
27753,6.858123235340376
27754,2.894465873669598
27755,2.1701994385057715
27756,1.1310985092514099
27757,1.4307529330022528
27758,1.2400966961641102
27759,1.3450607133883392
27760,13.819818414672527
27761,6.262730443141976
27762,2.680913193484809
27763,2.0066865886809966
27764,0.9927726701158279
27765,1.2555814798686102
27766,1.155626762450138
27767,1.249324902612467
27768,12.851702669190082
27769,5.76965872298439
27770,2.3901403205051936
27771,1.7907677396634345
27772,0.9031868669382376
27773,1.158618472354438
27774,1.0266894574868843
27775,1.1354091939858755
27776,11.594574592756596
27777,5.272922315180322
27778,2.162317202449732
27779,1.6734146500545397
27780,0.9082745419595808
27781,1.0505766421014813
27782,0.9403739199409249
27783,1.0632585898432665
27784,13.401339713324653
27785,5.832844140968257
27786,2.385302062720864
27787,1.832952800002361
27788,0.9688703919038243
27789,1.1883901248879267
27790,1.068180647379026
27791,1.1869252505791617
27792,12.91158660045559
27793,5.773865866387414
27794,2.5062407568832406
27795,1.8326967367095537
27796,0.9085532206076913
27797,1.1687178528525959
27798,1.0131071311774953
27799,1.1340248212782542
27800,18.496221672896567
27801,8.33386390756963
27802,3.4538164376565477
27803,2.7524849826995466
27804,1.341704739492979
27805,1.712716825447015
27806,1.4938569250393767
27807,1.6626629954283851
27808,20.494365641476872
27809,9.692695442464194
27810,3.879924962690576
27811,2.8278987405354794
27812,1.5551358895899592
27813,1.8632462780131505
27814,1.567771399232029
27815,1.8032118582033985
27816,11.019040520013801
27817,5.441088395793491
27818,2.0270921428685167
27819,1.551122027886249
27820,0.8835645661678123
27821,1.0237636173267077
27822,0.9030035397736121
27823,1.0348023776280437
27824,15.176488228144423
27825,7.3035616441780515
27826,2.962438021863949
27827,2.1522152973438056
27828,1.171928765581022
27829,1.424410991316656
27830,1.2606404767973234
27831,1.3474749175486433
27832,9.21681641608169
27833,3.983928301650738
27834,1.731088751867133
27835,1.3169342014197398
27836,0.7663429211120176
27837,0.882275163333199
27838,0.7688428188975867
27839,0.8740758469379085
27840,10.629106001487072
27841,5.126553616054309
27842,2.1797086162837394
27843,1.6304490361734325
27844,0.8444673124628482
27845,1.02602937677847
27846,0.8968017410026317
27847,1.0392010281890114
27848,12.288814077508903
27849,6.002251303281943
27850,2.364780599315343
27851,1.7898628170784225
27852,0.8841410685610323
27853,1.119757017031695
27854,1.0147135798078184
27855,1.1225635947317467
27856,14.286154393612195
27857,6.504147416649561
27858,2.7392495167969684
27859,1.9773482458909917
27860,1.0342184944506503
27861,1.249100916385109
27862,1.1352888892312445
27863,1.2607710099922396
27864,18.03563704538216
27865,9.09676172010854
27866,3.7607549882648987
27867,2.828404590365971
27868,1.4737828104704829
27869,1.8223080509766292
27870,1.535584160136036
27871,1.7424390153209193
27872,10.832605590791385
27873,5.21443411492399
27874,2.130765953013146
27875,1.6133256247885568
27876,0.8385562807963635
27877,1.0370974197253144
27878,0.8987378874614358
27879,1.0571679090249437
27880,29.74993847141666
27881,13.7798837193741
27882,6.058550311178894
27883,4.225621804990317
27884,2.377006098385484
27885,2.550778912605263
27886,2.1899606810319794
27887,2.4838153827383205
27888,14.302061389098004
27889,6.621458143933366
27890,2.5960086374335924
27891,1.988725057947375
27892,0.9870039641209672
27893,1.2610672405230396
27894,1.0792466416452715
27895,1.23722418927172
27896,18.012569914636735
27897,8.361529609603231
27898,3.538359072818243
27899,2.6590004652415082
27900,1.3083970843434893
27901,1.7302500541027723
27902,1.504492344764586
27903,1.6111651725385217
27904,26.882138767651657
27905,12.53692823166561
27906,4.767687005400982
27907,3.8168640017815774
27908,2.026336398627283
27909,2.4017036310787834
27910,2.0451313508699984
27911,2.364056609490036
27912,23.28797512716636
27913,10.63644593190308
27914,4.275999685799018
27915,3.332049717167502
27916,1.6773654788693833
27917,2.023432074445542
27918,1.71853341688469
27919,2.0236264548037286
27920,15.079960097207572
27921,7.108143207067501
27922,2.941918015290767
27923,2.1935745205981405
27924,1.1299967466765286
27925,1.3710746402958696
27926,1.2263874038559854
27927,1.3357061651005426
27928,11.206443484708343
27929,4.953530248249542
27930,2.0208926425773215
27931,1.5151935126594798
27932,0.8456578000694454
27933,1.0499512342687902
27934,0.9080088848219724
27935,1.0150027707555411
27936,19.446547861558614
27937,8.803141412954691
27938,3.794717557166282
27939,2.7679911558781134
27940,1.4221789538271368
27941,1.808886682746109
27942,1.6210594780309344
27943,1.7153952049817578
27944,15.386152308832148
27945,7.020055778195883
27946,2.786144917700132
27947,2.1868289731303387
27948,1.093161196746578
27949,1.4483639750908
27950,1.2344771712171225
27951,1.3793881483953203
27952,11.215417480440783
27953,5.34003185853753
27954,2.2654147006193885
27955,1.6052887366500994
27956,0.8725567804820837
27957,1.0468095824839616
27958,0.9143173354119744
27959,1.04974785170974
27960,15.165870246940864
27961,7.277629984295307
27962,2.914531329393774
27963,2.2044977287176866
27964,1.0292866383895394
27965,1.3313395789185118
27966,1.2215807308129025
27967,1.3610149994019454
27968,10.151690039144833
27969,4.478997404418508
27970,1.9443996847679634
27971,1.5412837458106767
27972,0.7734662683253857
27973,0.9541001812544923
27974,0.8365573374658951
27975,0.9706649731427668
27976,10.417458756697748
27977,4.782866630259091
27978,2.0586942846387104
27979,1.4679625456555103
27980,0.826682937920888
27981,0.9675384390051889
27982,0.8568972518843998
27983,0.9875122886064931
27984,21.669910835854203
27985,9.521107236157686
27986,3.8389640273145544
27987,3.285536695912527
27988,1.7242505221101225
27989,1.9553724394091199
27990,1.702805414261359
27991,1.9784379627054047
27992,11.411887353536093
27993,5.322075516579115
27994,2.2153372580972897
27995,1.6148858009570368
27996,0.8499820359171744
27997,1.051223686810642
27998,0.9351942145747543
27999,1.0573892830979783
28000,24.37441743593765
28001,10.727071121640638
28002,4.84302727413158
28003,3.223144546466977
28004,1.7818720920865525
28005,2.0251683019521196
28006,1.8613567166964082
28007,2.0882198008994863
28008,16.5072767850563
28009,7.6434710299839175
28010,3.332111119445926
28011,2.3005330980403245
28012,1.2105285827396242
28013,1.5818784225249642
28014,1.3393347563566516
28015,1.450402642714397
28016,12.490616383579413
28017,5.858482507300209
28018,2.3522413956244845
28019,1.7134092023639989
28020,0.9020682594338034
28021,1.1013399678917322
28022,0.957438797359363
28023,1.085359481115694
28024,33.00554760159451
28025,14.260695077119212
28026,6.204311790454511
28027,4.245663175572735
28028,2.505230502584993
28029,2.798940150515336
28030,2.4967499539240876
28031,2.64936109014067
28032,13.525206710100603
28033,6.531633484256577
28034,2.6392694069046208
28035,2.0146194700247606
28036,0.9899186223119374
28037,1.267443199157991
28038,1.099851693493645
28039,1.2552369182697727
28040,17.895092543960832
28041,8.238145438655948
28042,3.19346773421669
28043,2.508377878174343
28044,1.3479588650647885
28045,1.6513397853948901
28046,1.395739101373852
28047,1.5408442318776592
28048,20.550899889700474
28049,9.174633115920692
28050,4.000309295795049
28051,2.8982048274060164
28052,1.5024363196055437
28053,1.9166671729543097
28054,1.677519884280911
28055,1.817782250129712
28056,15.396405840854218
28057,7.060795976704813
28058,2.8386426546356844
28059,2.206974188481921
28060,1.1462711216246533
28061,1.4039700024478012
28062,1.256710565013968
28063,1.3779200117469028
28064,16.329520803267087
28065,7.8567166131557435
28066,3.3254062267772677
28067,2.2333260249985902
28068,1.2745352900770106
28069,1.4654380194615533
28070,1.3047098779063888
28071,1.4349456359572126
28072,10.73341570014927
28073,4.961599639689223
28074,2.088694636372015
28075,1.4803671065784452
28076,0.843109419319204
28077,0.9744039758921254
28078,0.8773873859814824
28079,0.9808176630273614
28080,25.337160952321543
28081,12.041180960175446
28082,5.276964789956751
28083,3.7991996196571503
28084,1.8544422027211196
28085,2.2839508599343215
28086,1.902718024907967
28087,2.2407659207885144
28088,10.250061718565826
28089,4.585321196085298
28090,1.9647947488758482
28091,1.5298964349097528
28092,0.787957170282766
28093,0.971462738890516
28094,0.8729514549227216
28095,0.9692346724282649
28096,11.215760804098112
28097,5.126937270619682
28098,2.2449375978965764
28099,1.6184866159875153
28100,0.8471754478284891
28101,1.03124922447364
28102,0.917498525836685
28103,1.0562424248546063
28104,16.656055404267608
28105,7.734073157478439
28106,3.0242248715139124
28107,2.3350926520994704
28108,1.2261369090791594
28109,1.5464135170138595
28110,1.3445853630439155
28111,1.4897992674766236
28112,18.446435511941807
28113,8.825724854866884
28114,3.721545704757838
28115,2.6280075931701488
28116,1.3695153785190464
28117,1.7776519431138078
28118,1.5748033610410068
28119,1.7699630876148182
28120,12.905474693552913
28121,6.306707991239561
28122,2.3215465788991647
28123,1.8710164994756764
28124,0.9355147583324579
28125,1.2198459406955264
28126,1.0559796506832482
28127,1.2424504286485445
28128,13.548788176459645
28129,6.59391584066146
28130,2.723230945022609
28131,2.0240982478094685
28132,0.9797901932793214
28133,1.2549447837466272
28134,1.1049652467495183
28135,1.274038695827817
28136,39.54426709291334
28137,18.210508303931885
28138,8.257640059221805
28139,5.13710441985708
28140,3.6219070682326766
28141,3.5941190551224897
28142,3.0801929782048263
28143,3.402996263072822
28144,11.552362642991975
28145,5.236415503805521
28146,2.2402081697307055
28147,1.6558680710421951
28148,0.8646967818347469
28149,1.0359531020437085
28150,0.9306245763974111
28151,1.0403087341652912
28152,17.193782914173866
28153,7.908842072683733
28154,4.8090106771353485
28155,0.09308073437722102
28156,5.339948168258276
28157,1.9915669577626716
28158,2.4272726067081494
28159,1.5274814252724485
28160,19.994968192019133
28161,8.968527584703178
28162,5.582873362909756
28163,0.1106940941044134
28164,6.565662831876689
28165,2.3196080437939
28166,2.7047620951110045
28167,1.8623350009195467
28168,18.348830113537414
28169,8.358780744936194
28170,5.168670142033138
28171,0.08856992663808802
28172,5.567030351721137
28173,2.1736017597224864
28174,2.597971247348477
28175,1.6751476541778638
28176,16.993312752407334
28177,7.711660724646586
28178,4.868046834452001
28179,0.08997561951520737
28180,5.171820582627264
28181,1.9119683634937403
28182,2.391339255105884
28183,1.5720821512014673
28184,15.185033297734966
28185,6.906257826174103
28186,4.378082567998189
28187,0.09056501943149654
28188,4.6579180030907885
28189,1.7531820918874081
28190,2.170165230217541
28191,1.3542480436893962
28192,17.048866221509627
28193,7.724497043940611
28194,4.794883023274735
28195,0.09840790412344903
28196,5.080797815039852
28197,1.8404882311602349
28198,2.3027765693047764
28199,1.4543130013599928
28200,16.298512432491922
28201,7.860811461712946
28202,4.748491990430431
28203,0.07649633408692842
28204,5.3618389051100115
28205,1.9158705121085602
28206,2.3970329548256255
28207,1.5726020946904276
28208,23.794296443338695
28209,10.778924767136475
28210,6.726037765896418
28211,0.13658893788770854
28212,7.421416423131615
28213,2.7146197228111055
28214,3.273375808461814
28215,2.1095838776256715
28216,28.201737265249207
28217,12.371216551972495
28218,7.361251877860551
28219,0.17450267526099741
28220,8.198252671993046
28221,2.9846785462773884
28222,4.017797142750249
28223,2.487809884725618
28224,14.357114620027858
28225,6.803768860239706
28226,4.0792836556579255
28227,0.08992406125614064
28228,4.643516785176091
28229,1.6950643094629931
28230,1.9529959014205658
28231,1.2898560523070395
28232,20.606301875638326
28233,9.227587895626847
28234,5.497877119135085
28235,0.10705481523167132
28236,6.099058310836983
28237,2.2276639779438527
28238,2.7813590762937914
28239,1.8671180320047642
28240,12.68479582039468
28241,5.485254680157963
28242,3.4311043531223766
28243,0.06735672652331597
28244,3.5716763057562186
28245,1.3182903543935933
28246,1.6292721271643817
28247,1.1113801026377845
28248,14.816240580709756
28249,6.655502831058103
28250,4.3880306204418815
28251,0.07953614199941844
28252,4.851728719806815
28253,1.7167076276961903
28254,2.135459148777809
28255,1.4303316356947353
28256,16.88506339982039
28257,7.694321555797713
28258,4.729764073383792
28259,0.09930830803902935
28260,5.048173881386713
28261,1.9124586393919905
28262,2.3347946160698645
28263,1.5636861723729445
28264,18.915898105857263
28265,8.354035797845897
28266,5.372344871605304
28267,0.08993587680515121
28268,5.537045420788792
28269,2.144598718136758
28270,2.6192951066058283
28271,1.7159627426500788
28272,24.976029574788388
28273,11.43811183220298
28274,6.998928488856306
28275,0.14830650323596353
28276,7.587649227604208
28277,2.880961409079895
28278,3.663080338085143
28279,2.309512904037907
28280,14.567695918207093
28281,6.869217322007117
28282,4.349609033627296
28283,0.0717283717775075
28284,4.804061806264528
28285,1.6797786065817792
28286,2.1541958307789666
28287,1.453592928418106
28288,40.72475755384221
28289,18.46259248742506
28290,10.716210022700404
28291,0.20878976966612472
28292,12.055726792223878
28293,4.619799463929436
28294,5.702532403342619
28295,3.5206687444246394
28296,18.90297611428987
28297,8.541928943806255
28298,5.247309578755152
28299,0.09256425327339428
28300,5.564696920432343
28301,2.0812147928216747
28302,2.584714909352502
28303,1.7508068730653894
28304,23.921972297222375
28305,11.524626177869896
28306,6.548801519845844
28307,0.14217860832571658
28308,7.406101856579019
28309,2.6453453272502174
28310,3.255135896034516
28311,2.0684865872011113
28312,36.31533497600643
28313,16.75819741579686
28314,9.93575924348289
28315,0.22502582915395924
28316,11.11343994604416
28317,4.069022200808393
28318,4.89421953071676
28319,3.3081184083566026
28320,31.297201707259735
28321,14.308026378625772
28322,9.037363781424126
28323,0.1673582670043192
28324,9.148842795514804
28325,3.4659499586659255
28326,4.219423392283726
28327,2.6161973455940344
28328,20.54625234767541
28329,9.15444602283035
28330,5.72511466647527
28331,0.1345189724033863
28332,6.093153664539853
28333,2.2546172669555
28334,2.767558993498145
28335,1.8099873969976328
28336,14.453326446157687
28337,6.436684327145809
28338,3.9872726981546487
28339,0.06701793438597473
28340,4.4412663792269695
28341,1.6680854327836476
28342,2.0465344721405794
28343,1.2452368480508067
28344,26.223052836959344
28345,11.943962305108682
28346,7.0276673028267815
28347,0.1462714336504369
28348,7.676703544458885
28349,2.8112974458072535
28350,3.855757523600122
28351,2.3326779110846547
28352,20.83873100500961
28353,9.429780843182725
28354,5.815902780655495
28355,0.107755730959693
28356,6.132114277886015
28357,2.31813171467958
28358,2.7319682314184526
28359,1.8370865268013727
28360,14.865462070971247
28361,6.8633819539265515
28362,4.315028873969209
28363,0.07706523638186955
28364,4.746830688761186
28365,1.7113010088530825
28366,2.082967287409504
28367,1.3370259260997182
28368,20.693291423958506
28369,9.132790923522276
28370,5.503739534125395
28371,0.11600266638405067
28372,5.8778730821111855
28373,2.1572829180863966
28374,2.7311831353509457
28375,1.9105246153223658
28376,13.673121636627926
28377,5.994472944391679
28378,3.798242692972419
28379,0.07285750463756113
28380,4.091895562666061
28381,1.567932921780865
28382,1.7908658299331575
28383,1.2000238712671918
28384,14.5430363590019
28385,6.236765001206062
28386,3.9835697150901144
28387,0.08532657115573773
28388,4.663596868253153
28389,1.6024724024566952
28390,2.035376591513921
28391,1.24660377365828
28392,30.14959281133559
28393,13.528857241973435
28394,8.205492236893297
28395,0.15006493944944535
28396,8.648653336588005
28397,3.187956335522992
28398,4.10397736435386
28399,2.5918418915800716
28400,15.74195164893079
28401,7.016569604171816
28402,4.455657985640615
28403,0.07969134485262747
28404,4.7038140936189805
28405,1.6948680751074536
28406,2.168743069377187
28407,1.3960589944082846
28408,33.668645794632454
28409,13.924269362682958
28410,8.790500172920877
28411,0.16053438176785384
28412,9.294882772502076
28413,3.393430487432323
28414,4.623677167964479
28415,2.681591416209086
28416,22.139812073714445
28417,9.89958989591484
28418,6.227215941494159
28419,0.1259429209060879
28420,6.682832076348296
28421,2.528990363532312
28422,3.167654812623505
28423,1.9719830132784728
28424,15.749506276866237
28425,7.18991297921608
28426,4.543033124804558
28427,0.09591325239669449
28428,5.05639741996277
28429,1.8186094571557472
28430,2.2029284390665853
28431,1.4578302269629853
28432,43.17611425610756
28433,18.948417379311284
28434,11.640713408676959
28435,0.20037127966809642
28436,12.80852530077078
28437,4.799023694818598
28438,5.78901801149744
28439,3.8546085317879655
28440,18.32933429759774
28441,8.740046602880357
28442,5.417517240641631
28443,0.09509529487499685
28444,5.736239393578397
28445,2.1562427122616747
28446,2.522290595580207
28447,1.6494026322321413
28448,24.665423112519743
28449,10.672290322730792
28450,6.383736296058294
28451,0.152454193894586
28452,6.937427475867293
28453,2.71709194556165
28454,3.2395883214095256
28455,2.092642250136579
28456,27.102020414177094
28457,12.152579671134202
28458,7.57451505736425
28459,0.15082440858009102
28460,8.01285756239255
28461,3.0673373787535705
28462,3.9829052496636237
28463,2.4502809123027864
28464,20.667341592132562
28465,9.165915760611934
28466,5.771885056398907
28467,0.12458216325172392
28468,6.226862514099831
28469,2.3698468833896387
28470,2.8283713805919657
28471,1.8686612017551196
28472,21.68491812522183
28473,10.175775135313161
28474,6.141656103409153
28475,0.11515186803875704
28476,6.6893015673582354
28477,2.4620207477185723
28478,3.1013901880178527
28479,2.0815586509149036
28480,14.302889616892275
28481,6.307151979285046
28482,4.06662132481456
28483,0.08034953036726432
28484,4.478005455414029
28485,1.583101323797088
28486,2.0264295260041205
28487,1.2694631366928304
28488,35.383945641191936
28489,15.328294948916712
28490,9.08949093093478
28491,0.20053909053568938
28492,9.767325460330364
28493,3.744349193411827
28494,4.545551903182883
28495,2.9996737953534627
28496,13.494572926899544
28497,6.207847072394814
28498,3.8975333304243773
28499,0.07845076860558042
28500,3.9215353300210984
28501,1.5440409944297715
28502,1.8664927069800297
28503,1.2518577767269057
28504,15.09612874314675
28505,6.658420537866406
28506,4.380122772436059
28507,0.0869570544030823
28508,4.611362055454235
28509,1.7769763559628877
28510,2.0904799312091846
28511,1.4371787275176273
28512,22.537834432476753
28513,9.717354208267437
28514,5.668050585823357
28515,0.11281248306717902
28516,6.703548472362454
28517,2.511665846087388
28518,2.947282052199333
28519,2.0604588350578306
28520,24.733457242031747
28521,11.294025306262776
28522,6.676052202364176
28523,0.15027126720122821
28524,7.37179361097895
28525,2.7901049293202496
28526,3.6468115926659954
28527,2.382538484464781
28528,16.997234141892612
28529,7.918987691877741
28530,4.732814662911238
28531,0.08464579932931719
28532,5.161746865457423
28533,1.8528807055418652
28534,2.345629447511944
28535,1.5065769582218662
28536,18.923836519768543
28537,8.269346591339698
28538,5.213273312067922
28539,0.0955405908905197
28540,5.626901198866147
28541,2.1618282939332496
28542,2.4615473728027526
28543,1.7162064962261663
28544,54.620746845511015
28545,26.060691862184132
28546,14.708694308088283
28547,0.4252736411388209
28548,16.460683894796635
28549,6.084229131973979
28550,7.591561564885392
28551,4.91204920130941
28552,14.783526824526936
28553,6.563777843392093
28554,4.394396448228041
28555,0.08663154105315639
28556,4.653002925724074
28557,1.6822025658980753
28558,2.2180545401885405
28559,1.3458907029409335
28560,19.856799383306132
28561,9.200477739819714
28562,3.95605977225674
28563,0.9704213678713397
28564,3.5708464073765236
28565,1.7667416851973612
28566,1.8824620705540285
28567,1.5886930650648197
28568,23.39048702457022
28569,10.578457175943523
28570,4.851038692905392
28571,1.0817054135580855
28572,4.542387253572814
28573,2.0747522054958956
28574,2.092726575840679
28575,1.7709997237045398
28576,21.382012979599708
28577,9.973612065444925
28578,4.321824400312441
28579,0.9993595351248801
28580,3.957104076729071
28581,1.8819615343667393
28582,2.053127058585163
28583,1.6310353366535453
28584,20.39619882882371
28585,8.843082014936918
28586,4.099021836816672
28587,0.9196263556862605
28588,3.5892861511231096
28589,1.7069964867634586
28590,1.8682006017304489
28591,1.5380451581326835
28592,17.707358491309297
28593,7.9910404515906
28594,3.6138017170733563
28595,0.8828852992594284
28596,3.337169813583547
28597,1.5998443975957815
28598,1.7212681063645165
28599,1.4073370054044592
28600,20.569998647765203
28601,9.106997464559907
28602,3.9914971695437775
28603,0.9349495244085726
28604,3.599675027510993
28605,1.639608951101964
28606,1.8774456635005141
28607,1.4988842169856809
28608,19.927016339244783
28609,9.47313650944051
28610,4.019358370887669
28611,0.9775693482350528
28612,3.8239210094187297
28613,1.776332450621294
28614,1.8786888108846143
28615,1.6089964435063095
28616,28.528688864417106
28617,13.15521789960458
28618,5.57968455906382
28619,1.2890411300231859
28620,5.293984550596356
28621,2.456700117875892
28622,2.5659494001759264
28623,2.157237693647353
28624,32.23045550733434
28625,14.892850776896326
28626,6.410666200679766
28627,1.3792028733541897
28628,6.046383954079287
28629,2.800560307011316
28630,3.080730599358162
28631,2.475975180705777
28632,16.771406162053516
28633,7.811230454932104
28634,3.243558308456282
28635,0.7895971726454936
28636,3.2426703876190106
28637,1.4938380564947684
28638,1.578616573551342
28639,1.2859181397417057
28640,24.01441298024814
28641,11.044208947308226
28642,4.717941826694043
28643,1.0893532414118725
28644,4.331432088173118
28645,2.049008146190143
28646,2.1487646900524173
28647,1.822101168455947
28648,14.453898515070668
28649,6.179984589536634
28650,2.854800036155006
28651,0.7815267937435054
28652,2.5134234532465496
28653,1.242954194461895
28654,1.318307967346687
28655,1.1350285641375286
28656,17.39378438458042
28657,7.640793962251454
28658,3.542625394098523
28659,0.8592245782681991
28660,3.159120716610504
28661,1.545787560600422
28662,1.6230997947897587
28663,1.3893079961039059
28664,19.390480959057303
28665,8.891327745705878
28666,3.8840302258156627
28667,0.9122245384387124
28668,3.4377610941104852
28669,1.7018337684833131
28670,1.8086669234793724
28671,1.5258311258379866
28672,22.393382633831283
28673,9.968749743775517
28674,4.537897331624392
28675,1.0121104782310963
28676,3.9951882792404314
28677,1.868024618107675
28678,2.002011940936581
28679,1.7296916856179356
28680,28.907147234392347
28681,13.820693245232524
28682,5.866301603578479
28683,1.3361392413522346
28684,5.543094705513943
28685,2.687639168824491
28686,2.786547666774269
28687,2.302247139343079
28688,17.085988131351456
28689,7.78383995736444
28690,3.527431648486074
28691,0.842916828545934
28692,3.215559016246299
28693,1.5620177245259534
28694,1.597237159160456
28695,1.4513244564504613
28696,45.42750630762421
28697,20.850166066818208
28698,9.4310804282376
28699,1.9452581207161428
28700,8.693710816023623
28701,3.988958908612238
28702,4.317182623266408
28703,3.4700747268258114
28704,22.263896088653663
28705,10.149874118873603
28706,4.311206804372431
28707,0.9834673374184116
28708,4.035024768670559
28709,1.874386571410086
28710,1.9545277727479264
28711,1.6902975486186607
28712,27.308483822807037
28713,13.516668192290936
28714,5.626356767471978
28715,1.231045471984652
28716,5.149775941123467
28717,2.391295529946411
28718,2.599632663909506
28719,2.1444483492713586
28720,41.4004178926441
28721,19.232424168670335
28722,8.507723965106969
28723,1.8865708821254612
28724,7.543591000563716
28725,3.655142014980232
28726,3.739449080484844
28727,3.164998250538187
28728,37.76163702435156
28729,16.20802903861225
28730,7.370987950039768
28731,1.6449858541697544
28732,6.746354211090189
28733,3.06420924844225
28734,3.225050077775415
28735,2.6743314616375407
28736,24.079265169611368
28737,10.697705367162085
28738,4.952988396981926
28739,1.1128321961544643
28740,4.173027650069083
28741,1.980283297945158
28742,2.15779649392623
28743,1.7860835681852747
28744,17.03318507998766
28745,7.519488833864293
28746,3.2336176700311166
28747,0.8361450192197275
28748,3.0389031004714924
28749,1.537265543386805
28750,1.5954240869242478
28751,1.284364930542047
28752,30.93447796315425
28753,14.014562212917292
28754,5.990591311976759
28755,1.3204448829220992
28756,5.642243800977719
28757,2.572654190848496
28758,2.9228035212356835
28759,2.2430878111387593
28760,24.547836157399324
28761,11.20754277872559
28762,4.814320099100111
28763,1.0874586005676596
28764,4.319196553279462
28765,2.088920500737427
28766,2.1927830849521177
28767,1.8214986167672813
28768,17.744740022712993
28769,7.792158181939664
28770,3.442810811084325
28771,0.8308933368048924
28772,3.1561769619604365
28773,1.5648969126606924
28774,1.5873583970923213
28775,1.319382291571388
28776,23.986891569186923
28777,11.347997456635026
28778,4.837585072548645
28779,1.1168878657004084
28780,4.144814317911929
28781,1.9812856671849897
28782,2.1354151062087023
28783,1.8292251171984795
28784,15.705852675453345
28785,6.931028872527055
28786,2.988531529482096
28787,0.8385219608280444
28788,2.9257383601192037
28789,1.379749096295829
28790,1.4832194319330985
28791,1.241263512211792
28792,16.70866657837107
28793,7.328656831801871
28794,3.2446870037351068
28795,0.8136517519649704
28796,3.1269410865619816
28797,1.4243989508402586
28798,1.5503403176159731
28799,1.2786560116867194
28800,34.60262462945129
28801,15.226014042110991
28802,6.817726180537557
28803,1.4536080372001299
28804,6.485008816684739
28805,2.9476727857685967
28806,3.137189656311534
28807,2.6246566204096022
28808,18.198213217857344
28809,8.03095279490277
28810,3.7417138597221027
28811,0.8707215243427828
28812,3.3165848620735163
28813,1.560307151981585
28814,1.6761218703092544
28815,1.4256324368566553
28816,38.77976077594822
28817,16.664902995491033
28818,7.993771334768834
28819,1.7571714714020068
28820,6.79220058364832
28821,3.1978829438737475
28822,3.538266971801572
28823,2.9083033906027818
28824,25.979011065053292
28825,11.728397139379421
28826,5.2883479944342975
28827,1.2201591289349618
28828,4.757601037582513
28829,2.2569935179801397
28830,2.4090694186117774
28831,1.9900629622517798
28832,19.39387641422509
28833,8.386678433155415
28834,3.8333727828681563
28835,0.9162869723543225
28836,3.475643150247362
28837,1.7030816451881508
28838,1.738168543476704
28839,1.4656100053278467
28840,48.93138800850762
28841,22.009547210081962
28842,9.962750819862691
28843,1.9976662743722173
28844,9.015357175444066
28845,4.302791871172535
28846,4.654030709783196
28847,3.6804141955076863
28848,21.286210143078705
28849,10.318328745118217
28850,4.453658944849261
28851,0.9993677524236575
28852,4.049621019785034
28853,1.8535834154516517
28854,1.9818114059663807
28855,1.601835044084677
28856,27.571106627683903
28857,12.018289919889197
28858,5.350846125379547
28859,1.2171796890791984
28860,5.069206503329396
28861,2.413669458262994
28862,2.5283895126075606
28863,2.040105184918121
28864,32.322472503988905
28865,14.163555614547374
28866,6.614098439202622
28867,1.4192223299728821
28868,6.0600398274277385
28869,2.7298538535386863
28870,3.0007785133127394
28871,2.34472645868347
28872,24.55396605896898
28873,10.727718553412762
28874,4.870371351066274
28875,1.0914171578263232
28876,4.286457091625728
28877,2.0543806233389104
28878,2.1708452030520493
28879,1.8172966065246168
28880,26.3068738255407
28881,11.810182103327389
28882,5.218986070573487
28883,1.191237162455935
28884,4.699738374200067
28885,2.139863630837261
28886,2.3800545326202323
28887,2.078104236666975
28888,16.823561217064977
28889,7.387915277038871
28890,3.347153310385345
28891,0.8245310542173351
28892,3.075526195471773
28893,1.406333815151251
28894,1.5614942490305201
28895,1.285629857854043
28896,38.861548340924415
28897,18.206859053484727
28898,8.139836156044874
28899,1.7359099235102229
28900,7.219541102133076
28901,3.3365522243741563
28902,3.469856545150043
28903,3.0928076717684836
28904,15.995642216134044
28905,7.102204708020706
28906,3.0621912104426428
28907,0.8085441877856043
28908,2.839819025482015
28909,1.3423694195342133
28910,1.4493641533225308
28911,1.2636615844037056
28912,17.41710023371858
28913,7.733628295132334
28914,3.656607909769504
28915,0.8811367431140512
28916,3.1617833126634234
28917,1.5823663989636867
28918,1.654439494628679
28919,1.3663269565930671
28920,26.595560056753765
28921,12.046699395965003
28922,5.005795361393884
28923,1.1572316618334642
28924,4.6700342129366
28925,2.185661073600812
28926,2.35348107280176
28927,1.972869795594606
28928,29.002428930242107
28929,13.886627570670354
28930,5.889896559975101
28931,1.2923757140583787
28932,5.273300692110444
28933,2.6439387242125933
28934,2.7804095524540484
28935,2.3144741203576666
28936,20.489826742499652
28937,9.275757761995967
28938,3.8782269261562323
28939,0.886741018967655
28940,3.7504646831458865
28941,1.7063307600981978
28942,1.8788671876413225
28943,1.5601711661749487
28944,21.83428602040122
28945,10.09499908727106
28946,4.427431561162216
28947,0.9977243153941063
28948,3.944799830391123
28949,1.8389252655156945
28950,1.9229881687694017
28951,1.649406823089715
28952,60.067651869375155
28953,29.58131228650165
28954,13.176759290268384
28955,2.6198631348233907
28956,11.534534193303164
28957,5.553407972835224
28958,5.729724288449011
28959,5.088317298317978
28960,17.236837812642783
28961,7.762200788111861
28962,3.5527546871979276
28963,0.871897542902921
28964,3.1269792719115865
28965,1.5606433105369073
28966,1.6550290453129837
28967,1.4108824741826296
28968,16.942672927815288
28969,7.885757562105427
28970,4.721559742848381
28971,0.08580669777271013
28972,5.231369570272519
28973,1.948859614847635
28974,2.3654995935421854
28975,1.5075575704489979
28976,19.8115754927848
28977,8.886707800529335
28978,5.548858803448929
28979,0.11133296361888581
28980,6.483202875422068
28981,2.292119499333668
28982,2.67636944619738
28983,1.8537131671010587
28984,18.191393929988504
28985,8.222296684121236
28986,5.12018743574049
28987,0.0915731265322164
28988,5.499182723798343
28989,2.1405260863888533
28990,2.5604864252074506
28991,1.6724041220334531
28992,16.880913784706028
28993,7.635242298869148
28994,4.806620630022382
28995,0.08780805796062632
28996,5.111338695555958
28997,1.8788728055813186
28998,2.353765911015936
28999,1.5561883510150731
29000,14.96890397402771
29001,6.8528764149267
29002,4.3104353585180535
29003,0.09323963199416391
29004,4.5957281391341125
29005,1.7197379137664657
29006,2.1342806184947087
29007,1.3547473570088526
29008,16.905716176770866
29009,7.672028836000026
29010,4.747034233659215
29011,0.10029683388474236
29012,5.041627117408831
29013,1.8276477491974095
29014,2.2911843820695115
29015,1.459200143968898
29016,16.27862044048141
29017,7.847862633452763
29018,4.716510440787791
29019,0.08052170826723526
29020,5.315392668945077
29021,1.8978202176225032
29022,2.378633926113815
29023,1.571307258375298
29024,23.786118758195816
29025,10.805465946902652
29026,6.721256435170017
29027,0.1477724353147677
29028,7.391296621244171
29029,2.696589174699534
29030,3.2436429424799136
29031,2.120281250759854
29032,28.03121417447501
29033,12.269751671001606
29034,7.379721377957683
29035,0.1774488052049842
29036,8.122128181877843
29037,2.96500329738793
29038,3.9848277955149807
29039,2.4848740346592377
29040,14.340595987946449
29041,6.711299766410165
29042,4.040759620032781
29043,0.09324140418741778
29044,4.5970117993542665
29045,1.6699446757853185
29046,1.9240132401054177
29047,1.293514824188332
29048,20.45457571877957
29049,9.205021960935358
29050,5.495759752881737
29051,0.11298975682045091
29052,6.084175269244483
29053,2.208428490982932
29054,2.7546146908502003
29055,1.865116979693426
29056,12.698352328297478
29057,5.450368379977986
29058,3.400594793701153
29059,0.07395091851595348
29060,3.5457864696204306
29061,1.3045044816132851
29062,1.6089484055840153
29063,1.1082356794517116
29064,14.54612025245883
29065,6.510931359656418
29066,4.293712636564174
29067,0.07999561156117393
29068,4.755618860084103
29069,1.685054935740845
29070,2.090493572382605
29071,1.4239255427426292
29072,16.6080585043653
29073,7.610502372930447
29074,4.6510916098071045
29075,0.09651502583303669
29076,4.946512379570172
29077,1.8820179346446868
29078,2.3028667411350923
29079,1.5613037024706442
29080,18.685919991012486
29081,8.335313120932373
29082,5.3147353591247946
29083,0.09219581198199313
29084,5.452880838160822
29085,2.104237431484733
29086,2.5671354901473227
29087,1.7155449411464998
29088,25.0980499533719
29089,11.456016977669005
29090,6.977757805622137
29091,0.15039124892595293
29092,7.533786059204124
29093,2.8552891863688963
29094,3.6411646934968345
29095,2.3069577990847776
29096,14.373176674240003
29097,6.7866933357335455
29098,4.275759179496323
29099,0.07329259144844605
29100,4.726204874878369
29101,1.6449450092341957
29102,2.103048033124705
29103,1.4361837157142454
29104,40.01621909974873
29105,18.033793705417285
29106,10.489218946481738
29107,0.21610798780989643
29108,11.693196094846343
29109,4.526260172574461
29110,5.61942399768662
29111,3.488655447771546
29112,18.639412342153868
29113,8.42791078581357
29114,5.178759805059619
29115,0.09115679576691987
29116,5.49432841760209
29117,2.046626318638923
29118,2.5441860196991755
29119,1.7372827911612196
29120,23.575892981587735
29121,11.26635366896823
29122,6.444617215501989
29123,0.14315525567585388
29124,7.241487377073979
29125,2.6063343234020917
29126,3.20407401750332
29127,2.0560642416410735
29128,36.52073331120587
29129,16.598158933367074
29130,9.789102208910725
29131,0.22729338691298448
29132,10.902603148451105
29133,4.020066376812301
29134,4.837297400948834
29135,3.278118801179644
29136,31.15492529728541
29137,14.173287144356419
29138,8.95375187425219
29139,0.17373408751510291
29140,9.060323472793367
29141,3.437149745795295
29142,4.1795518007916215
29143,2.600489890238121
29144,20.424914875240336
29145,9.112892834402384
29146,5.70150852067165
29147,0.13961807553332392
29148,6.063828023926936
29149,2.241460333071068
29150,2.745026570397604
29151,1.8133644643987994
29152,14.351991253665162
29153,6.408415199434407
29154,3.966158535655978
29155,0.0739051473642898
29156,4.400995309867712
29157,1.6611418509475222
29158,2.035978617194099
29159,1.2559860160572325
29160,26.15663469426401
29161,11.88304095207205
29162,6.947226618951472
29163,0.14404329449771675
29164,7.569800995264678
29165,2.7561150390804867
29166,3.773836646822792
29167,2.3135238865169883
29168,20.500367427823825
29169,9.271363146910275
29170,5.735794267907128
29171,0.10530709906255772
29172,6.049566874510992
29173,2.26312619863027
29174,2.672109086860837
29175,1.8053486697341161
29176,14.773740815483489
29177,6.80185014993448
29178,4.2710189333790405
29179,0.07967565125064792
29180,4.673289783164374
29181,1.6914603632874086
29182,2.0545085579096454
29183,1.3350497639685726
29184,20.69496785960569
29185,9.13794275981825
29186,5.506742220493391
29187,0.12232826754402405
29188,5.8871560069844815
29189,2.150364013185128
29190,2.72457570811034
29191,1.9043074744620916
29192,13.770349162669719
29193,5.966722708825266
29194,3.7708376686159926
29195,0.07964741285784653
29196,4.073156408374065
29197,1.5400136634324662
29198,1.7696627438254013
29199,1.1861386903101079
29200,14.372732877377256
29201,6.179087116553578
29202,3.9276023580882202
29203,0.08709536586403623
29204,4.584313043397123
29205,1.579800176558524
29206,2.006177232003768
29207,1.24894416430736
29208,29.822416280395615
29209,13.300203345089624
29210,8.0732696144596
29211,0.15590675991798122
29212,8.484977541274958
29213,3.1526191066456066
29214,4.052674163385575
29215,2.5696893906786324
29216,15.687759734431921
29217,6.963840459126304
29218,4.400425049819874
29219,0.08637589977996885
29220,4.669888573415613
29221,1.6702259954033616
29222,2.1317773640469637
29223,1.3976947477047055
29224,33.319028804630854
29225,13.91384905834176
29226,8.725796166314339
29227,0.17081282920157473
29228,9.117609674132746
29229,3.36160447764041
29230,4.5895707002999835
29231,2.6838732424978393
29232,21.722749279036368
29233,9.736862876035456
29234,6.108606438001619
29235,0.1277740465046614
29236,6.5719180429321025
29237,2.4742341925495337
29238,3.096863261243134
29239,1.97391109382733
29240,15.692758058418992
29241,7.145662527029531
29242,4.497375865001441
29243,0.10079873567953382
29244,5.034650316649926
29245,1.7968779885294053
29246,2.1718424198508726
29247,1.4560362266301685
29248,43.22119014860379
29249,18.992269461407112
29250,11.611179522676105
29251,0.20822735232668882
29252,12.772351696746657
29253,4.730557929793819
29254,5.740740385726206
29255,3.8116240235102734
29256,18.191641264772777
29257,8.65724327704169
29258,5.376688886434814
29259,0.09998043006597845
29260,5.672144395497069
29261,2.135294660961702
29262,2.495727782439564
29263,1.652952141947324
29264,24.313591625691785
29265,10.515246919538631
29266,6.32241052925019
29267,0.15244829617808223
29268,6.832870031196109
29269,2.6863928315077095
29270,3.2078937443409687
29271,2.115871740721888
29272,27.04116466863549
29273,12.082656127374928
29274,7.488429096189963
29275,0.15276667762758048
29276,7.9652102038535455
29277,3.021227745592379
29278,3.8910408737431315
29279,2.430518947188858
29280,20.721486745274337
29281,9.13769467713557
29282,5.73216430297224
29283,0.13205585993180263
29284,6.202576357226468
29285,2.3312391337817737
29286,2.776425788177708
29287,1.858879484040018
29288,21.71127325385909
29289,10.246246782933607
29290,6.148622583579684
29291,0.11990922242363508
29292,6.701409711350079
29293,2.460282445252531
29294,3.0981820544789733
29295,2.077362171920977
29296,14.249681729431938
29297,6.194452425458054
29298,3.9950663754975455
29299,0.08343557664580957
29300,4.379971746026784
29301,1.5611733868367512
29302,1.9918677986195243
29303,1.2626903444665387
29304,35.061065175201946
29305,15.27082715709854
29306,9.07413327768972
29307,0.2125766508268195
29308,9.774387134885114
29309,3.6909954473173303
29310,4.532983012934794
29311,2.9729991139990983
29312,13.42416392446227
29313,6.149679795838446
29314,3.8347433427282183
29315,0.07710448238267853
29316,3.8574561548250066
29317,1.5162792194979882
29318,1.8381270255094824
29319,1.2399152765059283
29320,14.925818822474499
29321,6.572794174778305
29322,4.317903089454306
29323,0.08425407071235697
29324,4.533115987649799
29325,1.7459732461313886
29326,2.046898245049233
29327,1.4234310825725471
29328,22.60168955998713
29329,9.718938996597933
29330,5.713968325923898
29331,0.1261212579293937
29332,6.744053495225218
29333,2.4955524125345065
29334,2.942580043679743
29335,2.0501185133036626
29336,24.38131204411569
29337,11.116042215567328
29338,6.60808112790409
29339,0.14158480732889328
29340,7.190085118344137
29341,2.760655080729116
29342,3.6075080378007205
29343,2.369025105051877
29344,16.766079401997743
29345,7.887456724489613
29346,4.687965004104849
29347,0.08770757509899337
29348,5.108300992340623
29349,1.8722226016207077
29350,2.3709423157960696
29351,1.5498176867293176
29352,18.792690562324548
29353,8.226975843273184
29354,5.1849019549047
29355,0.10096991489726906
29356,5.599166740150536
29357,2.148509935526625
29358,2.451744168831244
29359,1.7183609202096162
29360,52.44400047945334
29361,25.453839257231277
29362,14.361254262443401
29363,0.4030795564731346
29364,15.989312848700829
29365,5.915013556503807
29366,7.367895665040762
29367,4.807583499020334
29368,14.93203969539857
29369,6.532860720226023
29370,4.369084499578304
29371,0.0904528026797988
29372,4.63450660905872
29373,1.6735930318456695
29374,2.2005397803957285
29375,1.3554528453047407
29376,16.689570058254215
29377,7.7307133307153375
29378,3.1214435350923257
29379,1.502670212025292
29380,2.078685483778126
29381,1.5097855741145871
29382,1.4229376838755063
29383,1.411625623819141
29384,19.55054349593427
29385,8.836954148064246
29386,3.8827992834855367
29387,1.8383869412262
29388,2.5598727994506576
29389,1.7709919273174197
29390,1.6221985281272113
29391,1.6284062993441963
29392,18.254949307530087
29393,8.176987393941276
29394,3.5102829201365537
29395,1.689634372022915
29396,2.2860184076396126
29397,1.6163870799086615
29398,1.6088565772121026
29399,1.527189863926635
29400,17.251669073953273
29401,7.475365013523095
29402,3.2512301037254225
29403,1.528902659500528
29404,2.111833103340462
29405,1.4867062453612343
29406,1.4765467160318029
29407,1.421932947337036
29408,14.73074235393941
29409,6.6842591231343205
29410,2.8681664984967044
29411,1.3644359499582528
29412,1.9441377831580788
29413,1.3538899323921882
29414,1.3225303264904678
29415,1.248877410212519
29416,17.400675271307467
29417,7.630962965546838
29418,3.118076396656801
29419,1.542061437825286
29420,2.0981291083583127
29421,1.4520508235805702
29422,1.462611060944858
29423,1.38102981578878
29424,16.512266286752038
29425,7.735404941844254
29426,3.221819532037415
29427,1.5553058391861012
29428,2.1413747857207213
29429,1.4961293689994342
29430,1.4379511095192392
29431,1.4322611871527455
29432,23.962958657530038
29433,10.641562732794183
29434,4.412363223356753
29435,2.1909576567938154
29436,2.995361595645215
29437,2.0662449414811968
29438,1.9337013904340388
29439,1.945481391245287
29440,26.61524308429054
29441,12.244654715863746
29442,4.953183414040747
29443,2.3702566706189705
29444,3.3202025881228963
29445,2.277259429947661
29446,2.1482945821522144
29447,2.151487296809142
29448,14.016664384179029
29449,6.74479355738607
29450,2.5752531534244096
29451,1.2619885569806333
29452,1.9005173761003893
29453,1.3189785690295526
29454,1.2850581428886878
29455,1.1996542460288857
29456,20.127567693607737
29457,9.192483596481267
29458,3.828080008095344
29459,1.8601507793397338
29460,2.5352974833801696
29461,1.7618606907164287
29462,1.6923783494299236
29463,1.6534018632704315
29464,11.833201739729233
29465,5.133832945832937
29466,2.222016001873064
29467,1.1162057937684573
29468,1.5385237221383172
29469,1.0357747897112373
29470,1.003332011063536
29471,0.9988039107105583
29472,14.548147696135828
29473,6.538354512180374
29474,2.921168884946432
29475,1.362299401779326
29476,1.8762867142876336
29477,1.33760192230945
29478,1.2982945324933346
29479,1.2534536165838608
29480,16.14040892882838
29481,7.492291853357183
29482,3.067142774077573
29483,1.475683936350023
29484,2.0089080065910085
29485,1.4570977411417854
29486,1.4017887439326528
29487,1.3951984893689502
29488,18.414407557991478
29489,8.373303822181372
29490,3.6830175296668175
29491,1.6639879755381062
29492,2.330777375987659
29493,1.6079971033142841
29494,1.5575191288761756
29495,1.5566100896325032
29496,24.24423268176709
29497,11.442726514575714
29498,4.70644031110417
29499,2.3276946124510354
29500,3.153798409412771
29501,2.293235623128927
29502,2.101338684613699
29503,2.084671689673745
29504,14.359624443531823
29505,6.6310263627916735
29506,2.8565813755026093
29507,1.3255452083031853
29508,1.9058737703010051
29509,1.3407339522552644
29510,1.2977550337774453
29511,1.285764448627845
29512,39.72033914212245
29513,18.101133733903186
29514,7.698546686803875
29515,3.5047525980001546
29516,5.090735043629644
29517,3.436837477415101
29518,3.1925434629361087
29519,3.1337431277012464
29520,18.7177505029963
29521,8.589156843608718
29522,3.434410230707087
29523,1.5984911784710152
29524,2.3570466611772285
29525,1.6074349769013896
29526,1.4863520994669197
29527,1.550978311523052
29528,22.95897242469468
29529,11.303922067660325
29530,4.707678085945365
29531,2.0944417591394138
29532,3.036134044561652
29533,2.048502235012103
29534,2.019420384174573
29535,1.9659781709193536
29536,35.273534609375446
29537,16.167254772220463
29538,6.33896230336899
29539,3.250265052700889
29540,4.2207249644566405
29541,3.12818206646263
29542,2.843812436111957
29543,2.8479245247702853
29544,32.27859191445459
29545,13.686603547189584
29546,5.566324140144165
29547,2.924673723345671
29548,3.7682003923105634
29549,2.59092914116025
29550,2.461868726559862
29551,2.4077344855820253
29552,20.254255632919296
29553,9.010765936322802
29554,3.93543085842636
29555,1.8636925414682208
29556,2.464989936662978
29557,1.7089931446664168
29558,1.6601649303295363
29559,1.6313066374543665
29560,14.33002214315606
29561,6.467645663888016
29562,2.61504077665186
29563,1.2598159596035146
29564,1.7983886070896846
29565,1.3270602255121207
29566,1.285654673183204
29567,1.1522555008237951
29568,25.656313353293687
29569,11.636833116478282
29570,4.824102362707105
29571,2.299963563075125
29572,3.14123553093259
29573,2.178920550179469
29574,2.235843842427286
29575,2.0424325752547983
29576,20.29181550943823
29577,9.203919232634323
29578,3.7708599764179853
29579,1.824059299723956
29580,2.4888214561965962
29581,1.7670994923821732
29582,1.676633933642282
29583,1.6503227185722507
29584,14.951767655467163
29585,6.666882401470085
29586,2.827458855800623
29587,1.3266266457128657
29588,1.881303486662732
29589,1.3604293899418634
29590,1.292618034815505
29591,1.2123451387357105
29592,19.89593698396203
29593,9.375076115329483
29594,3.9070675771358294
29595,1.894691656347085
29596,2.4198794787516826
29597,1.6958996311994243
29598,1.675646320269856
29599,1.6716224425250397
29600,13.219852320697026
29601,6.0120093706320885
29602,2.4327867372259524
29603,1.2332356453703275
29604,1.7012613517713047
29605,1.1959451334775864
29606,1.1825209684555047
29607,1.1134791638701784
29608,14.148869907763723
29609,6.289035110094394
29610,2.6251317509531527
29611,1.2389442246979327
29612,1.8504647042007973
29613,1.2532328349525974
29614,1.2516339037380524
29615,1.14716732272186
29616,29.014434318197086
29617,12.733583038475967
29618,5.268283910198273
29619,2.557556150086601
29620,3.7756079603888018
29621,2.5126252514752454
29622,2.44636838062183
29623,2.4099083882609387
29624,15.254164574547985
29625,6.750538366683624
29626,3.0000437157260165
29627,1.3424878236190485
29628,1.9693073781297572
29629,1.335728222967454
29630,1.3295407074067125
29631,1.268895129462339
29632,32.22308351446869
29633,13.852046274104374
29634,6.251524995576687
29635,2.8909581637182042
29636,3.7855945849496564
29637,2.6323474243748826
29638,2.5762961540385665
29639,2.492719009222406
29640,21.619305379702663
29641,9.523185316072343
29642,4.207740214192406
29643,2.009817196149322
29644,2.7341328771181135
29645,1.9287561649290954
29646,1.8219406530532152
29647,1.767937695674989
29648,16.095781866187163
29649,7.045130624346006
29650,3.0844822533040808
29651,1.4442089056606162
29652,2.039708333688461
29653,1.4482503902307031
29654,1.3737209605279543
29655,1.321508962989803
29656,42.15644272962536
29657,18.484611688408766
29658,7.947786703855514
29659,3.639871923195843
29660,5.404506291219208
29661,3.755539252778056
29662,3.491704487699264
29663,3.334828661435896
29664,17.841692755025257
29665,8.60125312157935
29666,3.5375343802063823
29667,1.6647384742615554
29668,2.3506391801038835
29669,1.6014857622236498
29670,1.5508679266757799
29671,1.5019477974850344
29672,22.777395352886703
29673,9.801076082416571
29674,4.043572116478829
29675,2.0981860875791254
29676,2.896760506509656
29677,1.9982795130911675
29678,1.8900941346851223
29679,1.812783632863573
29680,27.231701132279657
29681,11.828578088397336
29682,5.3119325001286155
29683,2.3774682382933676
29684,3.4541022129876926
29685,2.367486893549652
29686,2.354982917166976
29687,2.1266358093981252
29688,20.43669286398041
29689,8.797968425190517
29690,3.8778031987930834
29691,1.8672237357648953
29692,2.5076839815761534
29693,1.7427950296355454
29694,1.6894974686256536
29695,1.6578468894226384
29696,21.70189078020347
29697,9.857460388563036
29698,4.174226744723222
29699,2.0070429872452737
29700,2.7832026690484573
29701,1.8264117831198423
29702,1.819942162969985
29703,1.8652873970893893
29704,14.03019022177673
29705,6.332288104004132
29706,2.702338203604391
29707,1.2579314756990638
29708,1.781505264552668
29709,1.238542045931805
29710,1.2442137561597892
29711,1.1494419856894507
29712,33.39443516785339
29713,15.557749916010197
29714,6.594356762110281
29715,3.000692416706683
29716,4.080378854854143
29717,2.9226836031126577
29718,2.645027478333163
29719,2.797073121338914
29720,13.53469169158691
29721,6.046398772569266
29722,2.5178188564865587
29723,1.2110816241673459
29724,1.7047548248158888
29725,1.1811730750235825
29726,1.1733771396766697
29727,1.1241147660409052
29728,14.65578982502671
29729,6.710137472128867
29730,2.98373572908248
29731,1.401235230587741
29732,1.8810692658538521
29733,1.3671827028003645
29734,1.3308100546459463
29735,1.2391584923762702
29736,21.62559663582197
29737,10.00052314218942
29738,3.987884705687665
29739,1.9632146191003979
29740,2.657190014785804
29741,1.8830167082691494
29742,1.8033075141246573
29743,1.7856267803608643
29744,24.164670440999654
29745,11.34546680649316
29746,4.6873274797835185
29747,2.196425523943156
29748,2.88985495950073
29749,2.239423979508432
29750,2.1677054709955312
29751,2.0911295652895845
29752,17.069448702395015
29753,7.725109875539852
29754,3.0842106461798973
29755,1.5169910412655163
29756,2.1734191594762344
29757,1.4847141523485243
29758,1.4587100572316316
29759,1.443917329895699
29760,18.262490050093486
29761,8.375504230290753
29762,3.5537082383513927
29763,1.6607924284757685
29764,2.3003637155725807
29765,1.5796295809149792
29766,1.4971816987119306
29767,1.5241518042650921
29768,54.12776250892635
29769,24.40850524404884
29770,10.747307554908042
29771,4.293573723179437
29772,7.116634035948177
29773,4.693393546568867
29774,4.282727448226794
29775,4.516825902890419
29776,14.294004219869864
29777,6.608268463564453
29778,2.779508919910479
29779,1.3546165513549377
29780,1.8186992944728273
29781,1.3220233750473036
29782,1.2919915840110954
29783,1.2528801259458608
29784,19.81537947048956
29785,9.24189438788393
29786,4.374045191943937
29787,0.3614967442659321
29788,4.586110056918862
29789,1.8523474212201336
29790,2.0868012055850325
29791,1.4940332889400407
29792,23.26574356681507
29793,10.521696988685921
29794,5.140006300197889
29795,0.4335342691224312
29796,5.768234503631827
29797,2.1905114454432097
29798,2.36117894521517
29799,1.8302997248221418
29800,21.223375435102504
29801,9.508634810831662
29802,4.726694090451168
29803,0.37118260774716144
29804,4.818862087930697
29805,2.038849622804766
29806,2.2977651516131843
29807,1.6424946598555639
29808,19.548978882669637
29809,8.920388382020668
29810,4.465069481064625
29811,0.3625812234784343
29812,4.513687511413976
29813,1.7692216943479597
29814,2.102064448891923
29815,1.511017495947098
29816,17.29864791057458
29817,8.01786733017724
29818,3.8278232761145476
29819,0.3282672962572022
29820,4.0202441063439425
29821,1.6008531380386917
29822,1.8490326940904387
29823,1.3767754093955535
29824,19.589807319002464
29825,8.89457067779637
29826,4.226502042598049
29827,0.32969224475281667
29828,4.406687287748554
29829,1.7142542486480716
29830,2.017723255430977
29831,1.4214150677313793
29832,19.000934546159588
29833,9.233001241515199
29834,4.297555569460371
29835,0.3490386957267759
29836,4.625568481083871
29837,1.789982061731299
29838,2.0991086569693245
29839,1.5263125692673591
29840,27.462953898485793
29841,12.511549541350597
29842,6.155562121497219
29843,0.4471967733994511
29844,6.7303811169882914
29845,2.5606733382478315
29846,2.8492360530346694
29847,2.100998957028446
29848,32.80750370247859
29849,14.379174642523463
29850,6.975948166628265
29851,0.6045429324369516
29852,7.405794010572509
29853,2.857965888586393
29854,3.5281383683715952
29855,2.484521170882451
29856,16.46534534517131
29857,8.014793155744401
29858,3.6504399119139084
29859,0.31188247200466623
29860,4.028335509554665
29861,1.5639857633445966
29862,1.6878575265452136
29863,1.3109063727099746
29864,23.65352751719427
29865,10.78422431354403
29866,5.132834351112208
29867,0.4283602917345977
29868,5.339697817657686
29869,2.1087649346960995
29870,2.440871867579472
29871,1.8352932621522364
29872,14.552972103607635
29873,6.348171608792129
29874,3.0954499904356334
29875,0.26060948628951297
29876,3.1601762374908002
29877,1.261823448777265
29878,1.4313718710911423
29879,1.1054762524062143
29880,17.24067686118978
29881,7.891820427057518
29882,4.006060076436725
29883,0.32493325429645054
29884,4.220600302879742
29885,1.5957426244227964
29886,1.863711757438243
29887,1.4218795778193274
29888,19.29389607794348
29889,9.007145076137009
29890,4.241691215809736
29891,0.3632890693560168
29892,4.3314441169907445
29893,1.7770574330118136
29894,2.027404917897684
29895,1.5109034486304902
29896,21.929220166635012
29897,9.829442148528551
29898,5.040035924472394
29899,0.3965871846990473
29900,4.886322796838734
29901,2.023456594256996
29902,2.3019201482004203
29903,1.701176033333759
29904,29.234024139910495
29905,13.447970847621043
29906,6.645404396477491
29907,0.5244128269613558
29908,6.901831561782801
29909,2.7866988124841585
29910,3.2483148398890176
29911,2.312078119687127
29912,16.940062499839744
29913,8.093269601636276
29914,3.968947938612478
29915,0.3038780370331013
29916,4.166505822602269
29917,1.5543459459335243
29918,1.8582407851675589
29919,1.4332189695405633
29920,46.230572166510946
29921,20.77980279236929
29922,9.8985404044682
29923,0.7936767211675514
29924,10.67743374524839
29925,4.415022073348923
29926,5.000987212272398
29927,3.5101196556035505
29928,21.2959169240731
29929,9.82275271508903
29930,4.6380822604271374
29931,0.38492952529306046
29932,4.76404263673418
29933,1.9176908889519586
29934,2.1928684745122085
29935,1.694847882403034
29936,27.642097272172293
29937,13.01354182155486
29938,6.013616171975667
29939,0.44493604360254335
29940,6.536872334954984
29941,2.4594233442478677
29942,2.8310575271658336
29943,2.0551941399829605
29944,42.45748991410185
29945,19.31663195521768
29946,9.12325074299806
29947,0.7498671392005013
29948,9.945109357276063
29949,3.9083732599207663
29950,4.38003566630969
29951,3.3079568433277005
29952,35.69312327839953
29953,16.225018706633815
29954,8.13489097345288
29955,0.595702273798914
29956,8.2369863336791
29957,3.2759852714223037
29958,3.6608360958155273
29959,2.6225236325365753
29960,23.525491543047398
29961,10.545713577137418
29962,5.141055742482909
29963,0.4431150190238281
29964,5.294731293638041
29965,2.0798617437246603
29966,2.3525987028509503
29967,1.744622952484281
29968,16.837665495289098
29969,7.640713604034832
29970,3.579279225721666
29971,0.2997616088006575
29972,3.884973111315686
29973,1.565079216855221
29974,1.7951695801278469
29975,1.2842738610394964
29976,30.447229953485323
29977,13.841879584008145
29978,6.602694647332877
29979,0.46659246884487393
29980,6.94712220260584
29981,2.6426771206329716
29982,3.3629273281628302
29983,2.3028564486590484
29984,24.212305489162684
29985,11.01258363774657
29986,5.193138933725481
29987,0.4228705368221911
29988,5.354791221873891
29989,2.1650809914708664
29990,2.3734780709445764
29991,1.804474289703443
29992,17.269973539425642
29993,8.052884651439173
29994,3.865966381391709
29995,0.3008967967752679
29996,4.061607627808901
29997,1.567692278091799
29998,1.7921614039696987
29999,1.3491729045486756
30000,24.383146419844508
30001,10.83512273652258
30002,5.125359909731341
30003,0.44492695656505005
30004,5.2054033274296545
30005,2.0500153735601314
30006,2.4210891231347333
30007,1.868801913390957
30008,16.26962003716711
30009,7.210509786560656
30010,3.4540317818589195
30011,0.30100904837173575
30012,3.580809773397271
30013,1.4478631827723736
30014,1.543904412293463
30015,1.2032060263009476
30016,17.02883842203569
30017,7.387354637882469
30018,3.625369453263075
30019,0.30793213611306997
30020,4.049763472854922
30021,1.5102137707719647
30022,1.7749829011797256
30023,1.289304481223266
30024,35.06317953727127
30025,15.402793860941985
30026,7.46167871522211
30027,0.560598242845885
30028,7.774185178962334
30029,3.033091425932811
30030,3.6241394066542747
30031,2.6187492324548964
30032,18.123506157804062
30033,8.079647944232176
30034,3.9771695053269482
30035,0.3228442884405498
30036,4.069058768897772
30037,1.5772847303815711
30038,1.896330280130513
30039,1.3982648220547103
30040,38.61534365000865
30041,16.048668589647523
30042,8.35506556797416
30043,0.6687434586456357
30044,8.215476401515074
30045,3.285444251896534
30046,4.080537860214127
30047,2.766854401002945
30048,25.153103041969484
30049,11.253254884496194
30050,5.662621177212808
30051,0.43350412225750307
30052,5.855706054374372
30053,2.3468185869584746
30054,2.729266694904801
30055,1.918312058344809
30056,18.55002491333025
30057,8.491952255403872
30058,4.136574749566275
30059,0.3555971293885744
30060,4.374158951129656
30061,1.6929930494044791
30062,1.921851052983442
30063,1.430982580582193
30064,49.42998757437879
30065,21.448367637547346
30066,10.431186028462745
30067,0.8020141429079644
30068,11.288508543302498
30069,4.5992620310674175
30070,5.064496889320976
30071,3.8140095510283225
30072,21.456751484848493
30073,10.154115654231584
30074,4.9543745798266166
30075,0.40304958854534345
30076,5.025608328744233
30077,2.032130776296816
30078,2.2124781828196807
30079,1.626363940009149
30080,28.082140400149203
30081,12.09981752816418
30082,5.742892649794955
30083,0.4847124348542553
30084,6.149118328793605
30085,2.520135810608422
30086,2.820978471752853
30087,2.0641170753521187
30088,31.392227381074264
30089,14.02031343389635
30090,7.109843198242815
30091,0.499689640992944
30092,7.260327924019347
30093,2.931397009797037
30094,3.5090623025896295
30095,2.4467042144152233
30096,23.93710349076143
30097,10.608362374768717
30098,5.2742183079539755
30099,0.44288060204812213
30100,5.459082444813889
30101,2.2139061656497225
30102,2.4831560095835545
30103,1.8178263482971928
30104,25.211113724109257
30105,11.984503396950192
30106,5.723864914592082
30107,0.45786880824920156
30108,5.957284562138578
30109,2.3227074244114796
30110,2.707558650183858
30111,2.042294883605187
30112,16.687787093223722
30113,7.479017535589731
30114,3.7210135887013758
30115,0.3064068350089195
30116,3.880345551264585
30117,1.479308967198415
30118,1.7574875651828987
30119,1.2978105472956938
30120,41.31524173298556
30121,17.818704252947114
30122,8.550761277218593
30123,0.7243936688435779
30124,8.989054127481765
30125,3.614442321009503
30126,4.026223733072812
30127,3.027280069626234
30128,15.440171778702602
30129,7.245234593643252
30130,3.468263569939827
30131,0.29414187339274733
30132,3.463318461491957
30133,1.4363194583410674
30134,1.5865041420921238
30135,1.2434600991455855
30136,17.19647424534894
30137,7.8198462184220245
30138,3.9148905104051996
30139,0.3232244993778202
30140,4.015172928212775
30141,1.634575067880247
30142,1.8015722594517476
30143,1.4053344219008737
30144,26.483040327831272
30145,11.319121805186361
30146,5.191429888086173
30147,0.4531139501964912
30148,5.930863211804832
30149,2.3808854156554604
30150,2.610376128457612
30151,2.0155934264934503
30152,28.465923140757283
30153,12.933534090080977
30154,6.1662157765482455
30155,0.4769205808921175
30156,6.408489316409582
30157,2.588883075038205
30158,3.199546726138628
30159,2.300587438200767
30160,19.380490420549325
30161,9.128946815362582
30162,4.262135297852285
30163,0.3299188796771575
30164,4.48261951531319
30165,1.7822577552068097
30166,2.0580480132323924
30167,1.5087725472936921
30168,21.816613963850855
30169,9.71960387987943
30170,4.859741285294922
30171,0.4042222773768076
30172,4.9443482813481605
30173,2.0308296618799453
30174,2.131368775193452
30175,1.6820020889068392
30176,59.9899161939407
30177,29.255949845620705
30178,13.23063152725643
30179,1.0885825736037458
30180,14.273295815799896
30181,5.810327874937969
30182,6.544988941038603
30183,4.8316406069324
30184,17.34285674546554
30185,7.783137534891034
30186,3.9608953119820645
30187,0.33325715074739226
30188,4.067289310965185
30189,1.5609916912802728
30190,1.9334406986178287
30191,1.3385269445691816
30192,18.854855813590657
30193,8.73815603463803
30194,3.8554677180640646
30195,1.0238855203001618
30196,3.3052562376380803
30197,1.7002864691019364
30198,1.7280648924299342
30199,1.458677774274034
30200,22.08439937204508
30201,9.924218272550513
30202,4.519094837793989
30203,1.1476266576722518
30204,4.140520225568829
30205,1.9940871869503018
30206,2.072429068077576
30207,1.712875424130834
30208,20.25628849720109
30209,9.389382920807371
30210,4.16786948958817
30211,1.0580065648430317
30212,3.6580838106316884
30213,1.7459839560526114
30214,1.898070426559789
30215,1.5434493625739214
30216,18.99862012704706
30217,8.441407651781091
30218,3.87871799797345
30219,0.9560091388646178
30220,3.229603623989751
30221,1.6435686992217862
30222,1.7370064827593172
30223,1.4375578368729949
30224,17.127711605056223
30225,7.658963985769478
30226,3.4327966398631613
30227,0.8967659689401005
30228,3.104998999463059
30229,1.4778582443466222
30230,1.5900493248446848
30231,1.3333282654624492
30232,19.305219164726065
30233,8.435845905246207
30234,3.8235850128555406
30235,0.9364122766116071
30236,3.44044003210996
30237,1.5798530329277019
30238,1.7713789800837472
30239,1.4063841065911762
30240,18.877188353410247
30241,8.642411859997969
30242,3.850905903930498
30243,0.9962417852949692
30244,3.4186271481480404
30245,1.6425067432314522
30246,1.7239868678233652
30247,1.4465327055246895
30248,26.936523734504316
30249,12.379996337363455
30250,5.434704624569911
30251,1.3731692220879663
30252,4.923852948320129
30253,2.2916973820917814
30254,2.3961006754607244
30255,2.050673240739616
30256,30.88792418006087
30257,14.042954239902278
30258,5.9325984889947865
30259,1.5682175348016276
30260,5.45459996370361
30261,2.6238176631322663
30262,2.7972642722671224
30263,2.3244532170572287
30264,16.231810938917523
30265,7.750237549370156
30266,3.1796008667000497
30267,0.8417627979121797
30268,2.930744576731116
30269,1.4163683572200088
30270,1.4233188868041198
30271,1.2640539737561196
30272,22.141936641132993
30273,10.405863332339155
30274,4.569111682742307
30275,1.1634506176228794
30276,4.07594310104701
30277,1.967654734189339
30278,2.0422987802464916
30279,1.7251486767039463
30280,13.96424213579163
30281,5.973394214556611
30282,2.725363353867534
30283,0.8603925141208962
30284,2.3072910926333705
30285,1.208715625983234
30286,1.2227452542662025
30287,1.1011153053517777
30288,15.750900961441225
30289,7.408055382480671
30290,3.435971177876675
30291,0.866960842604112
30292,3.1116990308243553
30293,1.4351737753240386
30294,1.5197169506648363
30295,1.2977316503032323
30296,18.245273741084965
30297,8.750034470565781
30298,3.7324776024030673
30299,0.9473531227881288
30300,3.173742837584491
30301,1.596202676607512
30302,1.6903834562041475
30303,1.4238126234769357
30304,21.181325306434335
30305,9.5300668967321
30306,4.206586833573277
30307,1.076348919819288
30308,3.7067668208725673
30309,1.751538554420645
30310,1.8666844605849748
30311,1.5805347474458742
30312,27.246204351230386
30313,13.214129154686997
30314,5.613137529584816
30315,1.4974163416153141
30316,5.057254516951877
30317,2.4582276724938517
30318,2.6495089940627503
30319,2.1824061913618418
30320,16.117469727426847
30321,7.59870384808207
30322,3.4184475604237816
30323,0.8585404186628817
30324,2.9769981885313634
30325,1.4579954670874378
30326,1.5121906813711077
30327,1.3294097757735865
30328,43.97024756733446
30329,19.856113848582638
30330,8.959871515613747
30331,2.1085876910396655
30332,7.83124557314375
30333,3.7428834648954297
30334,4.112152418324568
30335,3.2199676526677914
30336,21.18836741590028
30337,9.768611649969134
30338,4.121555082666312
30339,1.0941171002737242
30340,3.6571290000397716
30341,1.7864615957039667
30342,1.8659860740567769
30343,1.5812045188692716
30344,26.6332322845859
30345,12.228747310934374
30346,5.325037984909573
30347,1.3328907576643059
30348,4.687155244824447
30349,2.3246946196098057
30350,2.5067216204483
30351,2.0229115562836912
30352,40.95619202679395
30353,18.63154732546631
30354,8.002068056993288
30355,2.0720599165921065
30356,7.09093704423747
30357,3.5071287616986586
30358,3.5679676187439586
30359,3.054336594308211
30360,34.1363866562148
30361,15.178750663447303
30362,6.871558103001507
30363,1.7365359719744953
30364,5.927468324376966
30365,2.88596312259867
30366,3.00943181401031
30367,2.535740148366614
30368,22.621215302862005
30369,10.30715857068708
30370,4.550185029014795
30371,1.2020115411182868
30372,4.033225627795998
30373,1.903649242730944
30374,2.0635410018780003
30375,1.7100282552057327
30376,16.19870746287855
30377,7.127668031050872
30378,3.1582084631325253
30379,0.8295235476758129
30380,2.9392208712497934
30381,1.430308333804894
30382,1.5035461730347743
30383,1.2409018469712854
30384,28.918050489363274
30385,12.741513811036032
30386,5.596519939789591
30387,1.447331599569067
30388,5.110849523095486
30389,2.5119384335123334
30390,2.678924227097932
30391,2.146486956248252
30392,22.937223848712406
30393,10.254421808807372
30394,4.598956429918101
30395,1.1766449071488359
30396,3.9776995412415572
30397,2.0112943968558263
30398,2.0222094276635003
30399,1.7586480328869165
30400,16.431563202394916
30401,7.647223598621312
30402,3.4799606107894823
30403,0.829420379395511
30404,3.0087836241454164
30405,1.460875794959439
30406,1.5225291865952943
30407,1.3003814447633282
30408,22.434609097056097
30409,10.573406954232041
30410,4.538549285724041
30411,1.2048656796276478
30412,3.821111285887625
30413,1.8832433873128374
30414,2.0379851227508907
30415,1.7354882972596732
30416,15.030369392532817
30417,6.502306103530683
30418,2.97591397872691
30419,0.8674585582262714
30420,2.7009412400386354
30421,1.3544576154986807
30422,1.3148508286543168
30423,1.1654432660763363
30424,15.67038602319817
30425,6.998535339132832
30426,3.1978244398715963
30427,0.8345138464027718
30428,2.9153332553188083
30429,1.368160311405867
30430,1.4561209777793878
30431,1.2293757064450916
30432,32.57851182500077
30433,14.218798439719517
30434,6.376891654786982
30435,1.697753554361149
30436,5.9505955725712
30437,2.73552884460675
30438,2.954325586130092
30439,2.4551008662335994
30440,16.863922860407026
30441,7.828497471094234
30442,3.485469695874257
30443,0.8735211485906056
30444,3.018350919449939
30445,1.4717318312054972
30446,1.591503057816743
30447,1.3304429840880645
30448,36.607440214569834
30449,15.578744247819724
30450,7.3994699581137295
30451,1.872229653034397
30452,6.229469626039253
30453,2.924743432069901
30454,3.215878714099389
30455,2.7736643726764947
30456,24.85719123091656
30457,11.204660054238925
30458,5.04183177142467
30459,1.2359096622557166
30460,4.348780951430418
30461,2.1811911194113653
30462,2.2769823017409694
30463,1.8397692913807522
30464,18.295084302984563
30465,8.519506521669916
30466,3.694973745295684
30467,0.9369361239241508
30468,3.2318911013952416
30469,1.5788702347436718
30470,1.6340832568208743
30471,1.4025019626639805
30472,48.04230989196292
30473,21.307234502651657
30474,9.3534529257566
30475,2.271816795244425
30476,8.280206270223077
30477,4.1851200834659785
30478,4.2846942934884975
30479,3.5842453035807704
30480,20.387036695979145
30481,9.584914873465557
30482,4.152546113439443
30483,1.0622131589905552
30484,3.657773052643219
30485,1.8053900728057466
30486,1.8420085346315913
30487,1.531774562247417
30488,25.924486778121228
30489,11.755616530837658
30490,5.030700809655131
30491,1.3008551441156988
30492,4.572196316738471
30493,2.2556402985517447
30494,2.313600986725289
30495,1.9843077637205502
30496,30.59613064890884
30497,13.70041553062808
30498,6.078752382430583
30499,1.5152463588912721
30500,5.3662120917385625
30501,2.611928033761342
30502,2.8444475930507505
30503,2.3107862147755878
30504,23.427246484904405
30505,10.29358792570194
30506,4.488097533428534
30507,1.217062722079663
30508,4.071739856652721
30509,1.9763842380980907
30510,2.0561792059059254
30511,1.7945197334443461
30512,24.036986990889073
30513,11.185298313566857
30514,4.973152114196363
30515,1.2111374619439363
30516,4.396790681003478
30517,2.034343049819332
30518,2.224488484598467
30519,1.8785927426155964
30520,15.758618793233977
30521,7.128413635350531
30522,3.242237858255238
30523,0.8688158113956359
30524,2.906313256710526
30525,1.3184782121549383
30526,1.4688325255240777
30527,1.2151569472856723
30528,37.28500723813839
30529,17.29876274758737
30530,7.778959888575603
30531,2.0055117050220104
30532,6.482499954888116
30533,3.191276536797061
30534,3.359786054100083
30535,2.8333969464994566
30536,15.112500241864984
30537,6.7062484438897405
30538,3.043558349772826
30539,0.8104666770936342
30540,2.7239067363711515
30541,1.3356517653493183
30542,1.3791434919128187
30543,1.2072568414509783
30544,16.323594053208048
30545,7.301293544312606
30546,3.4373668333912475
30547,0.8302770900500498
30548,2.971100451998269
30549,1.420380944890839
30550,1.5317126139168555
30551,1.2991878424480665
30552,24.435394297966578
30553,10.935472152635354
30554,4.628688495963319
30555,1.244634313050298
30556,4.337812822892697
30557,2.118075707261562
30558,2.245554211733562
30559,1.9131538240066162
30560,28.185750007261547
30561,13.111815170596595
30562,5.529940001548421
30563,1.3194645719939082
30564,4.9802066406867835
30565,2.442633491623056
30566,2.5764545939059
30567,2.263808999951134
30568,19.108297479541317
30569,9.080148978573327
30570,3.6647990803858392
30571,0.9726532831526299
30572,3.3834676385723257
30573,1.6670177091638343
30574,1.7557951233887426
30575,1.5135102785005372
30576,20.40233879510995
30577,9.54677699269539
30578,4.244995311772508
30579,1.0625860891396213
30580,3.4975147045335495
30581,1.7608247218785016
30582,1.842176320179854
30583,1.5692736653892512
30584,59.92355125094435
30585,27.510832339703228
30586,12.305466950288535
30587,3.0979261311132134
30588,10.64397945917718
30589,5.212684623955963
30590,5.351992928231491
30591,4.711004854380227
30592,16.91520131817616
30593,7.491295459364143
30594,3.5172089633676653
30595,0.8815136261013072
30596,3.034131228003556
30597,1.4485501776773613
30598,1.6128972276522557
30599,1.2847043083770446
30600,17.38272761465361
30601,7.752763228433777
30602,4.982632898698969
30603,0.10037472218207288
30604,5.469483126643399
30605,2.010863916393505
30606,2.4803746291947695
30607,1.6155389267739801
30608,20.675536175767462
30609,9.050549879804775
30610,5.800737054778728
30611,0.11248084412273432
30612,6.638127327884852
30613,2.4791684124122724
30614,2.9601719746415185
30615,1.888647015282943
30616,18.758305968237003
30617,8.363550457546975
30618,5.288146438694359
30619,0.09141080474629378
30620,5.79384058787466
30621,2.2354472564972188
30622,2.724206437517254
30623,1.7371520501976414
30624,17.58698955614067
30625,7.493901949910246
30626,5.063839002869004
30627,0.10727698451084527
30628,5.2017147205438174
30629,1.9620992206881667
30630,2.505898985169694
30631,1.5411387378529877
30632,14.887025581759223
30633,6.6145296982695925
30634,4.675425343942699
30635,0.08524305671652473
30636,4.883741883070586
30637,1.7623357233050012
30638,2.2079437626301313
30639,1.4477464725465878
30640,17.136027167215257
30641,7.437897254924107
30642,5.122421023840172
30643,0.0934373604656923
30644,5.25033100103392
30645,1.8181171735367718
30646,2.430432407822866
30647,1.5136471259833906
30648,16.59774801976723
30649,7.642052178836801
30650,4.941492233029391
30651,0.08111210830165884
30652,5.422424402994227
30653,1.9669361768302143
30654,2.4734748679466234
30655,1.6031357249060496
30656,24.78615501247962
30657,10.79465709948519
30658,6.983095781829817
30659,0.15492799418357014
30660,7.5966167404033165
30661,2.7564835436722457
30662,3.4480298549844073
30663,2.2236507557354868
30664,28.518059948422863
30665,12.384643429524813
30666,7.471764138593221
30667,0.1499240020907634
30668,8.30821608890743
30669,3.0903261718699797
30670,4.116009839495765
30671,2.508404862365261
30672,14.893956828819503
30673,6.814382730128361
30674,4.282478841218323
30675,0.08105040472043779
30676,4.608270185496557
30677,1.7519611843928848
30678,2.077544322113379
30679,1.3758806521797073
30680,20.785125234175528
30681,8.917712977137713
30682,5.750443283445974
30683,0.10542172515760755
30684,6.243075878066097
30685,2.2796508137451834
30686,2.8638002096450146
30687,1.916563185373371
30688,12.722475483754197
30689,5.311641446852653
30690,3.547191822846078
30691,0.08469678383258732
30692,3.4695075091227787
30693,1.3615609473291495
30694,1.676865495713803
30695,1.147113740372975
30696,14.855954711238235
30697,6.537781316807023
30698,4.539796738818393
30699,0.0648834144699943
30700,4.876059668300733
30701,1.798088027032034
30702,2.1521440744673157
30703,1.4167819012727283
30704,16.93853123165096
30705,7.741961348647254
30706,5.027529333702135
30707,0.09665365074849036
30708,5.069454712984873
30709,1.9316098969920785
30710,2.4365397397086492
30711,1.6539792198737477
30712,19.40332739642074
30713,8.300051005094893
30714,5.674181747564241
30715,0.09758454618364841
30716,5.7001181354075845
30717,2.129423258007757
30718,2.7453656687459844
30719,1.781720862659613
30720,26.39616304098054
30721,11.723093972687717
30722,7.515688300153235
30723,0.15053905409846272
30724,7.8756755492354635
30725,3.0321302621088546
30726,3.8416140567340813
30727,2.4046775043219037
30728,14.553854235977555
30729,6.770317385037067
30730,4.575261326664443
30731,0.07834609781526522
30732,4.8369023510161515
30733,1.7938624450165994
30734,2.2242796830687173
30735,1.489329007276267
30736,40.142280685716656
30737,18.179677428041998
30738,10.912201525673204
30739,0.24562056242487987
30740,12.325237646100716
30741,4.650226173442517
30742,5.783929166467908
30743,3.5616366217846194
30744,19.565718073265828
30745,8.277792948951719
30746,5.301507289434744
30747,0.08907711012537584
30748,5.768065489658498
30749,2.125314503981608
30750,2.6331261425975727
30751,1.769175480100247
30752,23.976317972954824
30753,11.183372938748779
30754,6.753381602339168
30755,0.12564668769280626
30756,7.456470115449559
30757,2.6401377306867695
30758,3.5099805260126264
30759,2.1876108132910708
30760,36.90413148011026
30761,16.555645923954792
30762,10.145732083302429
30763,0.23822725542002404
30764,10.97504602912137
30765,4.350964567075667
30766,5.14521213813189
30767,3.3032626278020496
30768,32.74347762914053
30769,13.901224324224156
30770,9.340923300222919
30771,0.16393165341735078
30772,9.278654890847548
30773,3.589945226994744
30774,4.408245421024227
30775,2.6800154806736254
30776,20.456903637529663
30777,8.74091414683977
30778,5.757321858391036
30779,0.12113938162032377
30780,6.036968250991254
30781,2.2674718626760733
30782,2.870665081626681
30783,1.8747934056678721
30784,14.5689439934895
30785,6.460169202882992
30786,4.098127718249179
30787,0.07900187383464488
30788,4.472545746248373
30789,1.7431943044968061
30790,2.0787836595444946
30791,1.2968615883620749
30792,26.51025678354912
30793,11.579053482894551
30794,7.033435659417633
30795,0.14808889939206107
30796,7.7842559195138525
30797,2.959840688942328
30798,3.833964233346569
30799,2.4271241481688643
30800,21.212051209538284
30801,9.249327159591248
30802,6.0118329339795595
30803,0.1131478235562301
30804,6.224086844166083
30805,2.4072352877330827
30806,2.8805776256040057
30807,1.9280170226653421
30808,15.123923083043083
30809,6.7209076825586935
30810,4.4699608000290425
30811,0.06660138065004018
30812,4.620988620527157
30813,1.765109530695285
30814,2.131401960780514
30815,1.3545988755327159
30816,21.10101395161112
30817,9.73471612832102
30818,5.978308755567703
30819,0.1153598071542733
30820,6.255909327509073
30821,2.282380296490218
30822,2.8648131440599784
30823,1.8938613579603012
30824,13.801382779439919
30825,6.162955885955848
30826,3.8118176777280937
30827,0.050754372904704345
30828,4.285524826984622
30829,1.5720746767626845
30830,1.9061689366846297
30831,1.241273588803182
30832,14.33521050998669
30833,6.469011085076125
30834,4.185807883518092
30835,0.07758509068353979
30836,4.539919298266952
30837,1.7116981109072003
30838,2.0267321933304023
30839,1.301020573986146
30840,30.596684554560564
30841,13.168743650299913
30842,8.471511249088676
30843,0.16334931480329892
30844,8.817789843699169
30845,3.4020388083948885
30846,4.255416973747907
30847,2.630367932955892
30848,15.546022044167836
30849,6.797718770355895
30850,4.478914401834041
30851,0.08432946073198172
30852,4.944510414953966
30853,1.7706865792029196
30854,2.2271229349598425
30855,1.3441235619347889
30856,34.011051490553335
30857,13.846137617501938
30858,9.108848147299513
30859,0.1929843601921077
30860,9.62196764283655
30861,3.5243744898244325
30862,4.647002384989973
30863,2.9392507267378343
30864,22.82177539910192
30865,10.01545293634873
30866,6.518153399818999
30867,0.12495728189685057
30868,6.991062188500357
30869,2.5989301225579884
30870,3.1546074694007658
30871,2.042639417256608
30872,16.025549024876934
30873,7.200725892221149
30874,4.8393248649036265
30875,0.07601727978085568
30876,5.088130456835556
30877,1.8371147493531887
30878,2.2685090311595086
30879,1.462432807913571
30880,42.35524205158006
30881,19.077713575779132
30882,11.785147143032052
30883,0.2365929457532359
30884,12.976021323246874
30885,4.951490035357315
30886,6.182849571106161
30887,3.8911483723439586
30888,18.95908410985255
30889,8.628975523441424
30890,5.6510853434527535
30891,0.09642239318114813
30892,5.830247463226624
30893,2.1576245423389606
30894,2.5998817704497865
30895,1.733346974997366
30896,23.913114935800518
30897,10.514456600717663
30898,6.58000681842438
30899,0.13872953603197657
30900,7.010147380696569
30901,2.688191169420056
30902,3.431904115972257
30903,2.166559155902316
30904,27.480666340836414
30905,12.048898894674833
30906,7.952478603393142
30907,0.13906011390151662
30908,8.29541029794048
30909,3.137395822287344
30910,3.9309356742094925
30911,2.501536426432051
30912,21.439028044036473
30913,8.983930624484362
30914,5.792541478018744
30915,0.11488694493082376
30916,6.4492403785337356
30917,2.342307407454919
30918,2.90738820406167
30919,1.91474913062538
30920,23.007265379270834
30921,10.191734344080592
30922,6.430059815377677
30923,0.12601569847730193
30924,6.723969877599972
30925,2.5187356737174573
30926,3.2135971409536226
30927,2.126741296252553
30928,14.260606842166371
30929,6.488816307543981
30930,4.195760890329561
30931,0.07067325924427809
30932,4.493550394251432
30933,1.5609061430551208
30934,2.0563161292051606
30935,1.3039896535963267
30936,35.29792721741156
30937,15.979542782098797
30938,9.396831900227252
30939,0.17979196072944828
30940,10.469271552163463
30941,3.9041078977230197
30942,4.710521706757095
30943,3.238700880117436
30944,13.555557699258571
30945,6.052242492300225
30946,3.8949680697483138
30947,0.07367768850581348
30948,4.173325277701623
30949,1.5134189091627865
30950,1.914728218644537
30951,1.2709289557059322
30952,15.019448806787768
30953,6.608470153254786
30954,4.486023254773052
30955,0.0763712220810344
30956,4.782512408201882
30957,1.8061844817529882
30958,2.1621649245186156
30959,1.4292512118503482
30960,22.83106579999883
30961,10.24291374029548
30962,6.097072268525288
30963,0.1210616434395957
30964,6.800374986523673
30965,2.5747973005064524
30966,3.158591291379968
30967,2.129301218857712
30968,25.333631543560386
30969,11.254741546990086
30970,6.943469514791105
30971,0.13184740672346315
30972,7.528384643810791
30973,2.9535062766388265
30974,3.6709249592671713
30975,2.457363246823561
30976,17.51258658228533
30977,7.778291376869739
30978,4.84379888065321
30979,0.09784661306400178
30980,5.240829399999449
30981,1.9558025134676353
30982,2.5328772890856226
30983,1.626584905927032
30984,19.00941075696011
30985,8.290454433187614
30986,5.443605998403216
30987,0.09590221642933822
30988,5.61292050978979
30989,2.1860894800149193
30990,2.6012327888007625
30991,1.7111840516737373
30992,52.215445146764175
30993,25.069930635159757
30994,15.264703613791399
30995,0.37539537830313147
30996,16.131521702713506
30997,6.474333969688033
30998,7.790731067762531
30999,5.183122399710607
31000,15.35877920303293
31001,6.612761846686318
31002,4.569147201361353
31003,0.06968197489458595
31004,4.672482845909197
31005,1.8057149390474645
31006,2.2560960515895623
31007,1.360969549710318
31008,14.716101660309553
31009,6.7280456137643405
31010,2.643667083661769
31011,1.6203544820362519
31012,1.5562162635946508
31013,1.3041299029645868
31014,1.2228246150449
31015,1.231927282749935
31016,17.038888470848615
31017,7.50973261162504
31018,3.2299490620149465
31019,1.8925833220806179
31020,1.8782076690308296
31021,1.492451101721074
31022,1.3386646182405435
31023,1.3672983739513416
31024,15.8539833375655
31025,7.075314337273358
31026,2.9260782716548617
31027,1.767015169458009
31028,1.6987440061083732
31029,1.3721603243460938
31030,1.3455036870002177
31031,1.2937942756835799
31032,14.872802032172386
31033,6.4615262233960715
31034,2.713870010024639
31035,1.611945183114647
31036,1.5481018265820947
31037,1.2708131208203208
31038,1.2444303306905395
31039,1.2198531211601389
31040,12.653394534652595
31041,5.788149816581383
31042,2.3965121801867997
31043,1.4603145640522113
31044,1.4389922728072155
31045,1.1610233671728891
31046,1.1154823960366387
31047,1.0819259058570665
31048,15.119042059520636
31049,6.661394972123652
31050,2.605849001910608
31051,1.6290057570579635
31052,1.5486013327539898
31053,1.229664269672215
31054,1.237127284607722
31055,1.1734993636548008
31056,14.52327816046595
31057,6.752564913588408
31058,2.7058920131552164
31059,1.6343706717568793
31060,1.5776130701511566
31061,1.2699209541606544
31062,1.2070553072153791
31063,1.2152636430542523
31064,21.063416613387215
31065,9.225094287306877
31066,3.8309821431384155
31067,2.363103665148603
31068,2.2580435613397176
31069,1.8125130933906763
31070,1.6557806460531372
31071,1.703170259307702
31072,23.26398282002245
31073,10.496459911442452
31074,4.228492060080738
31075,2.5556616160547483
31076,2.512429453710536
31077,1.985264799966081
31078,1.8302639604351125
31079,1.92072508003129
31080,12.16750984410641
31081,5.841608978023566
31082,2.167923753058123
31083,1.3463918426970483
31084,1.4313308183182751
31085,1.1211401735716386
31086,1.0728885501044871
31087,1.06840868662666
31088,17.417257459483032
31089,7.736741695733903
31090,3.1694043707267285
31091,1.9321225243701798
31092,1.8371231484832111
31093,1.4978272314794712
31094,1.3952079175446388
31095,1.4201712080782087
31096,10.262551369396952
31097,4.393499561872024
31098,1.8891778044729273
31099,1.2100772423245947
31100,1.1642335495176512
31101,0.9229945254831989
31102,0.8378163527072211
31103,0.9006841483961305
31104,12.44744598532031
31105,5.621499583293516
31106,2.4208637114522182
31107,1.4436479069600994
31108,1.4004449008479862
31109,1.132508751504641
31110,1.0858099988194274
31111,1.0781364719688213
31112,14.051992189459293
31113,6.530200466846543
31114,2.578263331778113
31115,1.5638801882774527
31116,1.4896463266290096
31117,1.2525654259803929
31118,1.1889257878281263
31119,1.203945310093959
31120,16.00443096684231
31121,7.132466506531072
31122,3.0790109245071586
31123,1.7385677712000902
31124,1.7085565340574886
31125,1.3621326423651592
31126,1.2950407049497634
31127,1.3254958597677173
31128,20.980819591895877
31129,9.920556012231833
31130,4.041833482641947
31131,2.4516693719782494
31132,2.3900609459131767
31133,1.9997901053918041
31134,1.788249305813874
31135,1.8303379197982936
31136,12.40920555812689
31137,5.741698761921603
31138,2.370522329370165
31139,1.4220793040641824
31140,1.423512642076723
31141,1.1385904522725339
31142,1.0880886103634657
31143,1.1083611092618184
31144,34.15916214330153
31145,15.515697162844377
31146,6.471824418385128
31147,3.647924843657844
31148,3.732067165608316
31149,2.9364200695335207
31150,2.6052265063198576
31151,2.735622574758201
31152,16.2319018002131
31153,7.4354814661018604
31154,2.8824119889930113
31155,1.6900618556599485
31156,1.7461402368522474
31157,1.3721763712286392
31158,1.2431662399430163
31159,1.324048860991178
31160,19.52062541174668
31161,9.526196564414109
31162,3.9240330318104926
31163,2.2766762201815154
31164,2.1670947145258657
31165,1.708865654830078
31166,1.6530952697343964
31167,1.6594056812151672
31168,30.332970750464334
31169,13.813564069251893
31170,5.344664187809127
31171,3.315657475247115
31172,3.155337636060865
31173,2.647104703054688
31174,2.3633684461114717
31175,2.485590988685882
31176,27.570437178313078
31177,11.798663631596652
31178,4.577486803208188
31179,3.184501411850004
31180,2.7568535987889704
31181,2.244837652563656
31182,2.081135738263215
31183,2.114779522285645
31184,17.49087972970601
31185,7.709672261896574
31186,3.30772010432545
31187,1.9296988433217923
31188,1.8065684968346767
31189,1.4634353829969202
31190,1.4041295408605108
31191,1.3953164470629598
31192,12.451724357802787
31193,5.587021933782196
31194,2.1935801218117663
31195,1.3576824670765708
31196,1.3745786248597422
31197,1.1294137107872118
31198,1.0708389812774801
31199,1.0279314811987283
31200,22.116644236669572
31201,10.0278169508416
31202,4.168043794295112
31203,2.4373523849578804
31204,2.403905705530666
31205,1.8946144439976675
31206,1.9286325413427692
31207,1.7978482198731751
31208,17.928999952555408
31209,7.900438671635102
31210,3.1846181114601926
31211,1.9172140967642086
31212,1.8367008618050225
31213,1.5161116732697086
31214,1.4126218849087868
31215,1.4159628409493907
31216,13.051080281537875
31217,5.839178381484764
31218,2.393333129699433
31219,1.435615450055088
31220,1.433616008544945
31221,1.1697815867801056
31222,1.0980706052654903
31223,1.0977307957326328
31224,17.381260244012626
31225,8.099967916012536
31226,3.288556283497013
31227,1.9719665638192465
31228,1.7741433705415073
31229,1.4481282452496955
31230,1.402766314654788
31231,1.4301789439083041
31232,11.516553317706597
31233,5.130916950561307
31234,2.059194005918327
31235,1.32751276741571
31236,1.2979076661327267
31237,1.0265710828095584
31238,0.9858329756723843
31239,0.9933651191634199
31240,12.263248128987025
31241,5.487350351781671
31242,2.2278256754206094
31243,1.344915412585396
31244,1.3981217180504841
31245,1.0665614676510897
31246,1.0441733751412465
31247,1.0329992339149239
31248,24.723255820936025
31249,10.928290606091501
31250,4.404542171370713
31251,2.725995547071055
31252,2.7713841760572864
31253,2.1591064400266635
31254,2.069986301064123
31255,2.1098478681108674
31256,13.205209108086486
31257,5.83185839575097
31258,2.508412247060273
31259,1.438172911476281
31260,1.44962199761081
31261,1.1295522522440846
31262,1.1117898893759746
31263,1.0876419976763687
31264,28.215281953852216
31265,11.957821774750636
31266,5.309980613814178
31267,3.016700349053012
31268,2.8190715377057747
31269,2.305526767772102
31270,2.1619555249658946
31271,2.195084497906222
31272,18.607233538092135
31273,8.163987630821126
31274,3.591417829604498
31275,2.083500620829141
31276,2.0379512545262277
31277,1.6503992186904441
31278,1.5222186765959291
31279,1.5133297783744895
31280,14.073860647708738
31281,6.12622779797841
31282,2.5773838923065213
31283,1.528011002897659
31284,1.4919769004192478
31285,1.2248696298339772
31286,1.1589016161408976
31287,1.127625632760782
31288,35.58821239246046
31289,15.891669179870286
31290,6.735761853759353
31291,3.7477060697474274
31292,3.9319831917285253
31293,3.141786557301252
31294,2.8590688773798574
31295,2.82654726587645
31296,15.387211357607075
31297,7.366527791141369
31298,2.9452343960067435
31299,1.7348848077609795
31300,1.7224420214401528
31301,1.3488984707008282
31302,1.2745364719920138
31303,1.2619340646783326
31304,19.695343671945984
31305,8.442890028330563
31306,3.485185827145464
31307,2.2526297828018045
31308,2.166653080597426
31309,1.7436807754790449
31310,1.5966227019529124
31311,1.5884159050576019
31312,23.121726213702075
31313,10.052309907163277
31314,4.460241698603521
31315,2.6142240983200935
31316,2.5699710096109096
31317,2.042343281255867
31318,1.9853805303678191
31319,1.854998292221001
31320,17.59951429726621
31321,7.511900178511337
31322,3.2515369410824455
31323,1.9444415117803044
31324,1.8243744932559292
31325,1.4861589832417583
31326,1.4198507802163098
31327,1.4151066326729407
31328,18.882653555904323
31329,8.277017922861813
31330,3.4735691939089937
31331,2.0589021011655255
31332,2.0230410113107875
31333,1.5368157712287387
31334,1.4945423400357365
31335,1.5847435710288218
31336,12.180531913751128
31337,5.497687892190011
31338,2.262176757979984
31339,1.3545801028460966
31340,1.3471716704202186
31341,1.051030887645346
31342,1.0352494505821415
31343,1.0380428103821584
31344,28.567912183683635
31345,13.323237944481145
31346,5.55302987677496
31347,3.127009023043251
31348,3.0433995751375074
31349,2.523095625812628
31350,2.1946112072243174
31351,2.4383160068200844
31352,11.73436833707564
31353,5.175031957812116
31354,2.1359203221753056
31355,1.307473662010754
31356,1.2929952951982189
31357,1.045652065012883
31358,0.9736775015464426
31359,1.0031179228087894
31360,12.344210009125682
31361,5.74566969766641
31362,2.4431154165527587
31363,1.4654833815801172
31364,1.3804781181482833
31365,1.138207528289272
31366,1.09889476355413
31367,1.0929491601438577
31368,18.778718151494182
31369,8.65198093489853
31370,3.3831230079319004
31371,2.069904974743865
31372,1.9954661112932175
31373,1.6294303551815161
31374,1.5290204623269812
31375,1.5514421794063906
31376,20.755987383792082
31377,9.794198995353902
31378,4.0131007707431365
31379,2.402958987268482
31380,2.1707908799362134
31381,1.9360496132321527
31382,1.8437107320809731
31383,1.8390281719582806
31384,14.745732164489882
31385,6.683066644924066
31386,2.58510854643672
31387,1.624684300123975
31388,1.5981082701075655
31389,1.2669612474701943
31390,1.235660884828324
31391,1.2424566305302025
31392,15.74057869969176
31393,7.312512534206065
31394,2.9892669478451483
31395,1.7372754605500509
31396,1.6937074633468656
31397,1.3561248360422982
31398,1.2556222994071022
31399,1.30322712559027
31400,47.65316991117387
31401,21.631406349657052
31402,9.29237077834757
31403,4.292664154015045
31404,5.4406215527975315
31405,3.987789105881279
31406,3.5724525277246886
31407,3.84926305913795
31408,12.582192088103612
31409,5.836743059397886
31410,2.364685404161608
31411,1.4758018448134944
31412,1.4094212837897657
31413,1.1550246277658898
31414,1.1125305053505594
31415,1.1031896051732222
