row_index,oof_pred
0,
1,
2,
3,
4,
5,
6,
7,
8,
9,
10,
11,
12,
13,
14,
15,
16,
17,
18,
19,
20,
21,
22,
23,
24,
25,
26,
27,
28,
29,
30,
31,
32,
33,
34,
35,
36,
37,
38,
39,
40,
41,
42,
43,
44,
45,
46,
47,
48,
49,
50,
51,
52,
53,
54,
55,
56,
57,
58,
59,
60,
61,
62,
63,
64,
65,
66,
67,
68,
69,
70,
71,
72,
73,
74,
75,
76,
77,
78,
79,
80,
81,
82,
83,
84,
85,
86,
87,
88,
89,
90,
91,
92,
93,
94,
95,
96,
97,
98,
99,
100,
101,
102,
103,
104,
105,
106,
107,
108,
109,
110,
111,
112,
113,
114,
115,
116,
117,
118,
119,
120,
121,
122,
123,
124,
125,
126,
127,
128,
129,
130,
131,
132,
133,
134,
135,
136,
137,
138,
139,
140,
141,
142,
143,
144,
145,
146,
147,
148,
149,
150,
151,
152,
153,
154,
155,
156,
157,
158,
159,
160,
161,
162,
163,
164,
165,
166,
167,
168,
169,
170,
171,
172,
173,
174,
175,
176,
177,
178,
179,
180,
181,
182,
183,
184,
185,
186,
187,
188,
189,
190,
191,
192,
193,
194,
195,
196,
197,
198,
199,
200,
201,
202,
203,
204,
205,
206,
207,
208,
209,
210,
211,
212,
213,
214,
215,
216,
217,
218,
219,
220,
221,
222,
223,
224,
225,
226,
227,
228,
229,
230,
231,
232,
233,
234,
235,
236,
237,
238,
239,
240,
241,
242,
243,
244,
245,
246,
247,
248,
249,
250,
251,
252,
253,
254,
255,
256,
257,
258,
259,
260,
261,
262,
263,
264,
265,
266,
267,
268,
269,
270,
271,
272,
273,
274,
275,
276,
277,
278,
279,
280,
281,
282,
283,
284,
285,
286,
287,
288,
289,
290,
291,
292,
293,
294,
295,
296,
297,
298,
299,
300,
301,9.749876697155786
302,4.309580503323092
303,2.252383571408757
304,1.464783702939351
305,3.6432201087947336
306,25.157489650787625
307,72.78538502519302
308,181.0139044729757
309,113.26589241233815
310,51.8492897980845
311,55.37111549096905
312,69.82414066157192
313,68.43646200365191
314,63.050307221891224
315,73.97821669881101
316,91.98120679624864
317,169.02552766326718
318,144.6672371949437
319,96.73337797852172
320,59.357192683800065
321,47.019390165128186
322,36.20162755918568
323,31.03144375664771
324,30.34015894785336
325,20.072435172718365
326,12.329443411468663
327,6.975949349060892
328,3.1369743363965137
329,2.0553974311969583
330,2.4114771455825235
331,9.649969247041662
332,20.83985030797768
333,40.865551324812124
334,62.38421649380267
335,69.58836013380291
336,104.6286675084381
337,116.19867321187631
338,115.80099012529814
339,119.8652166775174
340,124.88287822894308
341,100.59197333175374
342,83.78431698574948
343,59.063691727979645
344,55.264666677856106
345,51.98756320955064
346,45.5755125037132
347,35.64768945616374
348,33.30400782702841
349,28.905322760938915
350,19.874259826157445
351,9.048339866425112
352,3.918730150138045
353,1.9865824201873614
354,1.389107194702813
355,5.1168831252123335
356,17.928214852639247
357,32.035550783519305
358,58.54378577062051
359,74.0113537161101
360,95.93237806035481
361,102.63821447387404
362,107.17642028637161
363,101.71656690742655
364,93.31593840700481
365,69.40572729794795
366,59.06324741087273
367,39.215432619554996
368,37.34492667333138
369,30.37362882145201
370,24.00778942041871
371,15.304418493995058
372,19.922755510848837
373,14.577931127698427
374,8.868795618671305
375,4.089836665414234
376,2.4565502998873483
377,1.9981282291611084
378,2.9414339612274363
379,8.011521376149195
380,17.80602367891667
381,31.081743008278956
382,46.08281056373711
383,51.95337782654325
384,81.20709167994038
385,73.2022512346403
386,71.28838447788513
387,73.88846741387157
388,82.75282918101072
389,81.94415478699518
390,77.42707386856004
391,49.44116185726098
392,37.10555578884724
393,29.893077060616115
394,22.419402905990278
395,13.170595937123073
396,45.30815266748075
397,48.00811016904607
398,50.88264918192594
399,52.8567140109354
400,66.07268174313694
401,156.7019125941314
402,154.99764865934716
403,104.68033133638647
404,59.639520845142876
405,48.466255077432145
406,34.18420934469316
407,22.50302162115207
408,8.141119729972736
409,2.9173991262383274
410,1.986237733327707
411,1.237810541363506
412,5.16847309217689
413,29.72069119475511
414,91.07263863115881
415,201.57716361575484
416,113.79708194598003
417,50.791240620686544
418,53.98328112708285
419,69.7777477133609
420,69.1892625274292
421,63.07735915883437
422,69.10720858156124
423,86.8212164225865
424,184.3219212313653
425,168.28825291466708
426,106.34076443091244
427,74.55513564923743
428,64.34292977782982
429,46.51918256724887
430,24.742963551023855
431,
432,
433,
434,
435,
436,
437,
438,
439,
440,
441,
442,
443,
444,
445,
446,
447,
448,
449,
450,
451,
452,
453,
454,
455,
456,
457,
458,
459,
460,
461,
462,
463,
464,
465,
466,
467,
468,
469,
470,
471,
472,
473,
474,
475,
476,
477,
478,
479,
480,
481,
482,
483,
484,
485,
486,
487,
488,
489,
490,
491,
492,
493,
494,
495,
496,
497,
498,
499,
500,
501,
502,
503,
504,
505,
506,
507,
508,
509,
510,
511,
512,
513,
514,
515,
516,
517,
518,
519,
520,
521,
522,
523,
524,
525,
526,
527,
528,
529,
530,
531,
532,
533,
534,
535,
536,
537,
538,
539,
540,
541,
542,
543,
544,
545,
546,
547,
548,
549,
550,
551,
552,
553,
554,
555,
556,
557,
558,
559,
560,
561,
562,
563,
564,
565,
566,
567,
568,
569,
570,
571,
572,
573,
574,
575,
576,
577,
578,
579,
580,
581,
582,
583,
584,
585,
586,
587,
588,
589,
590,
591,
592,
593,
594,
595,
596,
597,
598,
599,
600,
601,
602,
603,
604,
605,
606,
607,
608,
609,
610,
611,
612,
613,
614,
615,
616,
617,
618,
619,
620,
621,
622,
623,
624,
625,
626,
627,
628,
629,
630,
631,
632,
633,
634,
635,
636,
637,
638,
639,
640,
641,
642,
643,
644,
645,
646,
647,
648,
649,
650,
651,
652,
653,
654,
655,
656,
657,
658,
659,
660,
661,
662,
663,
664,
665,
666,
667,
668,
669,
670,
671,
672,
673,
674,
675,
676,
677,
678,
679,
680,
681,
682,
683,
684,
685,
686,
687,
688,
689,
690,
691,
692,
693,
694,
695,
696,
697,
698,
699,
700,
701,
702,
703,
704,
705,
706,
707,
708,
709,
710,
711,
712,
713,
714,
715,
716,
717,
718,
719,
720,
721,
722,
723,
724,
725,
726,
727,
728,
729,
730,
731,
732,
733,
734,
735,13.912287700650479
736,6.136046798583474
737,3.067903804893865
738,2.0668975130471887
739,2.0871156409170273
740,7.571483398302416
741,39.60521290085059
742,101.80655216307149
743,211.40642293918907
744,124.86459280590883
745,70.16486446187481
746,95.53503029792583
747,115.66460735074432
748,115.02113131199805
749,101.35507580802566
750,102.0250470589757
751,148.90115369465244
752,269.11580140319944
753,196.64636051415656
754,141.415392862689
755,87.67818793630798
756,76.51305867569464
757,40.48566899344252
758,22.788844027470244
759,11.14950710881223
760,3.2227167475330334
761,1.4478943973412255
762,1.2128425837164278
763,4.992770737179778
764,33.61960837829454
765,94.26548628966283
766,204.69541728022702
767,125.50876185965866
768,50.037124913798465
769,58.04430165229132
770,72.08767980571491
771,81.55279920056883
772,70.74678294134938
773,75.87125990484995
774,95.00193804897334
775,194.9278937252583
776,187.60001672483588
777,122.56533877213909
778,76.7393338697
779,67.4985968050656
780,47.86404791619702
781,23.920600072740523
782,10.439453177212215
783,4.172709346766203
784,1.365342021668512
785,1.2088938005429382
786,5.740233344903525
787,36.046535128151106
788,94.42682203390777
789,210.55041220356233
790,135.58116685789656
791,54.121601368978915
792,66.25264541250425
793,79.6006915583089
794,84.23351125453306
795,89.88621199522785
796,97.29475267398325
797,131.98119330201942
798,252.37121684489568
799,200.9619443330879
800,136.59538536010314
801,100.29284500452269
802,83.9698770193174
803,58.56236610475279
804,33.796631619017205
805,15.02532417488417
806,6.859733434662276
807,4.020137223585979
808,3.39951308390378
809,2.056663602182426
810,9.307642586518453
811,43.00253947849785
812,112.30143687440271
813,236.01568841251466
814,140.71368371083983
815,67.08353571810576
816,80.06542289310403
817,121.96080712832868
818,130.5465490684445
819,115.41661540682713
820,119.74810913398281
821,173.24728129892333
822,320.6678196741052
823,292.2765252449934
824,197.97526602301258
825,136.00842258746454
826,111.30823597556356
827,82.16113056044246
828,56.716914329585414
829,29.405969783588084
830,15.785398255310627
831,7.250916825361653
832,3.736434172342145
833,2.3743483200729347
834,8.516335822167095
835,40.279013981962045
836,112.9194077902829
837,241.74741274797174
838,147.94924374142812
839,81.70997650861275
840,101.05369773775824
841,153.34627947312183
842,171.56343790093047
843,152.49998329226744
844,162.93071343321137
845,201.58641812904392
846,333.42226997149487
847,273.34187026592093
848,214.71455310571667
849,145.02724804864332
850,114.72016424884129
851,95.31133601060596
852,75.98007369749382
853,45.39252905182292
854,37.61407206522839
855,22.80513758311969
856,11.058611838765506
857,4.248457929724599
858,4.106883571400938
859,5.650348375807308
860,18.21538352164999
861,29.865600467450385
862,50.60995910191751
863,107.50962859113248
864,122.08139323326203
865,147.82504228693492
866,144.70582993500466
867,175.70001223391694
868,144.38818048535308
869,143.75001377569362
870,120.51540219667385
871,99.61273397620792
872,68.06845364763034
873,59.48341538835753
874,55.95923709716932
875,43.36390664904746
876,32.77430978939061
877,
878,
879,
880,
881,
882,
883,
884,
885,
886,
887,
888,
889,
890,
891,
892,
893,
894,
895,
896,
897,
898,
899,
900,
901,
902,
903,
904,
905,
906,
907,
908,
909,
910,
911,
912,
913,
914,
915,
916,
917,
918,
919,
920,
921,
922,
923,
924,
925,
926,
927,
928,
929,
930,
931,
932,
933,
934,
935,
936,
937,
938,
939,
940,
941,
942,
943,
944,
945,
946,
947,
948,
949,
950,
951,
952,
953,
954,
955,
956,
957,
958,
959,
960,
961,
962,
963,
964,
965,
966,
967,
968,
969,
970,
971,
972,
973,
974,
975,
976,
977,
978,
979,
980,
981,
982,
983,
984,
985,
986,
987,
988,
989,
990,
991,
992,
993,
994,
995,
996,
997,
998,
999,
1000,
1001,
1002,
1003,
1004,
1005,
1006,
1007,
1008,
1009,
1010,
1011,
1012,
1013,
1014,
1015,
1016,
1017,
1018,
1019,
1020,
1021,
1022,
1023,
1024,
1025,
1026,
1027,
1028,
1029,
1030,
1031,
1032,
1033,
1034,
1035,
1036,
1037,
1038,
1039,
1040,
1041,
1042,
1043,
1044,
1045,
1046,
1047,
1048,
1049,
1050,
1051,
1052,
1053,
1054,
1055,
1056,
1057,
1058,
1059,
1060,
1061,
1062,
1063,
1064,
1065,
1066,
1067,
1068,
1069,
1070,
1071,
1072,
1073,
1074,
1075,
1076,
1077,
1078,
1079,
1080,
1081,
1082,
1083,
1084,
1085,
1086,
1087,
1088,
1089,
1090,
1091,
1092,
1093,
1094,
1095,
1096,
1097,
1098,
1099,
1100,
1101,
1102,
1103,
1104,
1105,
1106,
1107,
1108,
1109,
1110,
1111,
1112,
1113,
1114,
1115,
1116,
1117,
1118,
1119,
1120,
1121,
1122,
1123,
1124,
1125,
1126,
1127,
1128,
1129,
1130,
1131,
1132,
1133,
1134,
1135,
1136,
1137,
1138,
1139,
1140,
1141,
1142,
1143,
1144,
1145,
1146,
1147,
1148,
1149,
1150,
1151,
1152,
1153,
1154,
1155,
1156,
1157,
1158,
1159,
1160,
1161,
1162,
1163,
1164,
1165,
1166,
1167,
1168,
1169,
1170,
1171,
1172,
1173,
1174,
1175,
1176,
1177,
1178,
1179,
1180,
1181,
1182,
1183,10.886266808573307
1184,6.1042462408622065
1185,3.5076792664916314
1186,2.544100070169582
1187,8.632245250148825
1188,41.7676331234359
1189,110.36159449514565
1190,224.41171736535017
1191,140.95846174789074
1192,78.00748577359279
1193,78.33723591277875
1194,95.86961925108434
1195,90.70287045758144
1196,83.65768190777504
1197,90.99436402786039
1198,126.111378253955
1199,243.03127791929603
1200,223.54501520861194
1201,149.63851185900867
1202,102.4409056210845
1203,80.71170208855904
1204,53.099869926283404
1205,32.54521000806102
1206,12.530761201349428
1207,6.751562468525022
1208,3.5077151063138197
1209,2.7697509127716127
1210,8.20491050964459
1211,40.198953832076135
1212,116.17875889206032
1213,258.89019692547384
1214,136.58515786599236
1215,65.52321513652595
1216,71.84678663453255
1217,86.48362177160406
1218,79.44482364374858
1219,73.74213417423422
1220,85.67861238424989
1221,110.22266788981302
1222,238.4516166458598
1223,219.29380492112617
1224,131.76312275444982
1225,99.87393124663475
1226,54.113920055969366
1227,58.58737872485278
1228,36.69095083530319
1229,4.784514235958282
1230,3.0545442886944945
1231,1.934339086111117
1232,2.0385764809506055
1233,8.44136231227816
1234,43.860143589955356
1235,100.99679496473858
1236,226.50500979737012
1237,116.97846293276062
1238,67.72814101428575
1239,70.19617161529727
1240,92.04827216636843
1241,87.59656625927559
1242,77.53845441100893
1243,80.40285012474445
1244,114.66618785502709
1245,227.33604133513558
1246,232.2226869767432
1247,146.529225900052
1248,119.2333317057523
1249,87.69137505852567
1250,58.56442039280382
1251,41.440060995065274
1252,15.78620929565947
1253,8.339241991758055
1254,3.2475649178643162
1255,3.5089913222249978
1256,2.5967771725728372
1257,10.850534872333956
1258,47.142322982564636
1259,120.45035748938315
1260,253.91033095426866
1261,140.69247368522022
1262,90.25675695889883
1263,95.6573793640117
1264,138.2180367702012
1265,147.89250201227043
1266,123.31312937674122
1267,136.71052005694304
1268,170.01054783414253
1269,324.1248673886612
1270,271.20387027513345
1271,164.5183897107008
1272,125.77748802033696
1273,100.2478110849248
1274,63.80953198631094
1275,52.43797609591173
1276,24.258946513664892
1277,13.180532564456762
1278,8.120558596999167
1279,4.643708221778717
1280,9.076464976875366
1281,40.50126062637156
1282,100.51216497804428
1283,260.07438734643983
1284,167.48738185070587
1285,134.5134311151814
1286,148.10087455126987
1287,174.67189153374565
1288,192.47136042652573
1289,174.79626852666323
1290,185.89773234785517
1291,229.64155079451086
1292,334.25262160800236
1293,295.78155666577294
1294,223.88702966199438
1295,167.21434335923374
1296,127.24202341913107
1297,110.81240558563778
1298,92.28962384604411
1299,58.92695756843612
1300,40.88736729215817
1301,27.76607612253764
1302,15.251150848887134
1303,5.582149787848501
1304,5.506725637784089
1305,11.965403977551246
1306,29.293362883563482
1307,64.67918043804107
1308,101.49217209054754
1309,152.0802639868848
1310,204.79975033498195
1311,239.411163786457
1312,269.5617021740811
1313,268.1887425457053
1314,276.31587300685857
1315,267.1393537812977
1316,221.10185352332766
1317,179.2175141677658
1318,103.65668932771959
1319,87.08281131936371
1320,64.75509643138902
1321,51.93731370134039
1322,45.41972458792167
1323,
1324,
1325,
1326,
1327,
1328,
1329,
1330,
1331,
1332,
1333,
1334,
1335,
1336,
1337,
1338,
1339,
1340,
1341,
1342,
1343,
1344,
1345,
1346,
1347,
1348,
1349,
1350,
1351,
1352,
1353,
1354,
1355,
1356,
1357,
1358,
1359,
1360,
1361,
1362,
1363,
1364,
1365,
1366,
1367,
1368,
1369,
1370,
1371,
1372,
1373,
1374,
1375,
1376,
1377,
1378,
1379,
1380,
1381,
1382,
1383,
1384,
1385,
1386,
1387,
1388,
1389,
1390,
1391,
1392,
1393,
1394,
1395,
1396,
1397,
1398,
1399,
1400,
1401,
1402,
1403,
1404,
1405,
1406,
1407,
1408,
1409,
1410,
1411,
1412,
1413,
1414,
1415,
1416,
1417,
1418,
1419,
1420,
1421,
1422,
1423,
1424,
1425,
1426,
1427,
1428,
1429,
1430,
1431,
1432,
1433,
1434,
1435,
1436,
1437,
1438,
1439,
1440,
1441,
1442,
1443,
1444,
1445,
1446,
1447,
1448,
1449,
1450,
1451,
1452,
1453,
1454,
1455,
1456,
1457,
1458,
1459,
1460,
1461,
1462,
1463,
1464,
1465,
1466,
1467,
1468,
1469,
1470,
1471,
1472,
1473,
1474,
1475,
1476,
1477,
1478,
1479,
1480,
1481,
1482,
1483,
1484,
1485,
1486,
1487,
1488,
1489,
1490,
1491,
1492,
1493,
1494,
1495,
1496,
1497,
1498,
1499,
1500,
1501,
1502,
1503,
1504,
1505,
1506,
1507,
1508,
1509,
1510,
1511,
1512,
1513,
1514,
1515,
1516,
1517,
1518,
1519,
1520,
1521,
1522,
1523,
1524,
1525,
1526,
1527,
1528,
1529,
1530,
1531,
1532,
1533,
1534,
1535,
1536,
1537,
1538,
1539,
1540,
1541,
1542,
1543,
1544,
1545,
1546,
1547,
1548,
1549,
1550,
1551,
1552,
1553,
1554,
1555,
1556,
1557,
1558,
1559,
1560,
1561,
1562,
1563,
1564,
1565,
1566,
1567,
1568,
1569,
1570,
1571,
1572,
1573,
1574,
1575,
1576,
1577,
1578,
1579,
1580,
1581,
1582,
1583,
1584,
1585,
1586,
1587,
1588,
1589,
1590,
1591,
1592,
1593,
1594,
1595,
1596,
1597,
1598,
1599,
1600,
1601,
1602,
1603,
1604,
1605,
1606,
1607,
1608,
1609,
1610,
1611,
1612,
1613,
1614,
1615,
1616,
1617,
1618,
1619,
1620,
1621,
1622,
1623,
1624,
1625,
1626,
1627,
1628,
1629,
1630,
1631,
1632,
1633,
1634,26.34464083230593
1635,12.276325330929964
1636,6.9727509722536665
1637,4.143402169175811
1638,3.3097175937282777
1639,13.74452782319738
1640,62.0546414410794
1641,154.86997097306363
1642,296.2554037331106
1643,158.6391654056738
1644,108.39018385659654
1645,124.90877601080798
1646,161.24150104204554
1647,159.0364135500363
1648,143.20955949521078
1649,154.2235239592443
1650,224.10067231898594
1651,398.5089481250508
1652,387.5532388464903
1653,279.07425536859694
1654,178.19980264198261
1655,136.15827102423722
1656,117.49625247921709
1657,91.72037605827968
1658,72.45445959359465
1659,62.36645014126523
1660,41.31145100421322
1661,17.110677798804716
1662,7.631129830574146
1663,9.123413435899744
1664,19.31961804554436
1665,45.6202701381983
1666,103.24465392101676
1667,164.15736451353288
1668,203.1639984139539
1669,243.73773015887488
1670,280.06665813405647
1671,283.4712469747047
1672,279.1870814844029
1673,272.1780410589217
1674,284.09552055575284
1675,266.14837579752765
1676,215.1331122424912
1677,137.32992781289366
1678,99.19099818447232
1679,93.26719639455219
1680,79.07656259104373
1681,72.33694232364354
1682,58.11820287725029
1683,45.47788859325701
1684,37.89687506168085
1685,17.14936004383225
1686,6.517334191287205
1687,6.288383841667485
1688,11.401241625833695
1689,29.610087538350218
1690,61.58380504493063
1691,51.25157426225323
1692,59.40916003844145
1693,74.5659069359302
1694,220.65930312567312
1695,120.45761922178636
1696,208.71504965818025
1697,220.41783965393927
1698,174.26958577007127
1699,176.18375795214934
1700,131.34999671996408
1701,129.03310651569834
1702,69.70848100164554
1703,90.21684045903764
1704,58.64393946955061
1705,70.91567707835688
1706,65.06755162006843
1707,60.030081193358775
1708,42.598090216790354
1709,21.14461329070391
1710,7.612584638177211
1711,7.948246442190631
1712,15.41110138146229
1713,30.376492522531432
1714,64.92474611570023
1715,106.88994301029703
1716,162.60506569854846
1717,234.15490738308242
1718,270.1096196128662
1719,292.47823923621394
1720,288.27328529000016
1721,289.21774992713597
1722,278.69478205484916
1723,276.76181510017113
1724,235.2357920902706
1725,208.33925796538662
1726,148.2841138133025
1727,104.06945977573504
1728,81.779169767814
1729,52.64596421351582
1730,26.845481912526573
1731,12.456728770905324
1732,6.743354139555284
1733,4.410588934177533
1734,3.6361036846280204
1735,13.076152600356533
1736,57.10712951738898
1737,198.5620355996065
1738,300.83830380074374
1739,148.44547283716605
1740,104.40181915717015
1741,115.04795745924159
1742,147.35210349768357
1743,139.01993139604144
1744,131.7856804814486
1745,146.25376973366406
1746,217.3432583536962
1747,407.15757029045466
1748,398.98386393305344
1749,296.041612024028
1750,195.28809179351413
1751,125.82506051556955
1752,88.07432926415666
1753,56.359941297058086
1754,25.012184626439627
1755,11.134751747842
1756,5.142383579335782
1757,3.311804067304414
1758,3.933386795251128
1759,13.17367854753485
1760,60.93448813398004
1761,217.09240988474673
1762,315.02289112550096
1763,128.4370870153579
1764,89.68067203779239
1765,112.68770045524558
1766,136.36644864066014
1767,123.47219847912548
1768,112.29777968596358
1769,123.35664366429863
1770,193.142631212843
1771,410.60263455976036
1772,408.4066707580175
1773,241.50559871939973
1774,181.07422203854424
1775,129.88325762354216
1776,110.24888253616494
1777,70.01752299298316
1778,
1779,
1780,
1781,
1782,
1783,
1784,
1785,
1786,
1787,
1788,
1789,
1790,
1791,
1792,
1793,
1794,
1795,
1796,
1797,
1798,
1799,
1800,
1801,
1802,
1803,
1804,
1805,
1806,
1807,
1808,
1809,
1810,
1811,
1812,
1813,
1814,
1815,
1816,
1817,
1818,
1819,
1820,
1821,
1822,
1823,
1824,
1825,
1826,
1827,
1828,
1829,
1830,
1831,
1832,
1833,
1834,
1835,
1836,
1837,
1838,
1839,
1840,
1841,
1842,
1843,
1844,
1845,
1846,
1847,
1848,
1849,
1850,
1851,
1852,
1853,
1854,
1855,
1856,
1857,
1858,
1859,
1860,
1861,
1862,
1863,
1864,
1865,
1866,
1867,
1868,
1869,
1870,
1871,
1872,
1873,
1874,
1875,
1876,
1877,
1878,
1879,
1880,
1881,
1882,
1883,
1884,
1885,
1886,
1887,
1888,
1889,
1890,
1891,
1892,
1893,
1894,
1895,
1896,
1897,
1898,
1899,
1900,
1901,
1902,
1903,
1904,
1905,
1906,
1907,
1908,
1909,
1910,
1911,
1912,
1913,
1914,
1915,
1916,
1917,
1918,
1919,
1920,
1921,
1922,
1923,
1924,
1925,
1926,
1927,
1928,
1929,
1930,
1931,
1932,
1933,
1934,
1935,
1936,
1937,
1938,
1939,
1940,
1941,
1942,
1943,
1944,
1945,
1946,
1947,
1948,
1949,
1950,
1951,
1952,
1953,
1954,
1955,
1956,
1957,
1958,
1959,
1960,
1961,
1962,
1963,
1964,
1965,
1966,
1967,
1968,
1969,
1970,
1971,
1972,
1973,
1974,
1975,
1976,
1977,
1978,
1979,
1980,
1981,
1982,
1983,
1984,
1985,
1986,
1987,
1988,
1989,
1990,
1991,
1992,
1993,
1994,
1995,
1996,
1997,
1998,
1999,
2000,
2001,
2002,
2003,
2004,
2005,
2006,
2007,
2008,
2009,
2010,
2011,
2012,
2013,
2014,
2015,
2016,
2017,
2018,
2019,
2020,
2021,
2022,
2023,
2024,
2025,
2026,
2027,
2028,
2029,
2030,
2031,
2032,
2033,
2034,
2035,
2036,
2037,
2038,
2039,
2040,
2041,
2042,
2043,
2044,
2045,
2046,
2047,
2048,
2049,
2050,
2051,
2052,
2053,
2054,
2055,
2056,
2057,
2058,
2059,
2060,
2061,
2062,
2063,
2064,
2065,
2066,
2067,
2068,
2069,
2070,
2071,
2072,
2073,
2074,
2075,
2076,
2077,
2078,
2079,
2080,
2081,
2082,
2083,
2084,
2085,
2086,
2087,
2088,
2089,
2090,91.63316701752949
2091,73.42553148329128
2092,54.80190793012137
2093,23.46969027434066
2094,8.122296801771578
2095,8.341026230802681
2096,20.101523883989202
2097,26.653536824580716
2098,70.27299838944403
2099,143.72691432148383
2100,168.31320151368547
2101,194.0632320705672
2102,174.0502863265738
2103,174.05287807446692
2104,214.40989113669008
2105,214.57804715966586
2106,199.61406698436386
2107,253.55732213637674
2108,237.53531592932325
2109,173.96770178495004
2110,131.32405306198234
2111,100.89876462266942
2112,100.98380709929793
2113,95.32184637266545
2114,82.80025527154866
2115,68.95128214782294
2116,55.3632730380118
2117,24.0082799361086
2118,8.18311646358915
2119,7.38318485188453
2120,10.894752413057557
2121,25.002611757252808
2122,75.42479012796119
2123,165.63425637246905
2124,221.33990294927239
2125,253.34217962788787
2126,292.4263911807526
2127,301.674609674033
2128,296.6727545429684
2129,361.5563556957698
2130,357.3999144131811
2131,236.02395255797165
2132,242.92455375006944
2133,211.12694698942002
2134,165.30139575054852
2135,146.72090557971921
2136,134.91155440650562
2137,91.12463106200359
2138,30.581400011694598
2139,14.063636484267112
2140,7.17359953013458
2141,4.549118795363702
2142,4.44882587017354
2143,21.177376678791028
2144,105.20200942104991
2145,274.2747127277007
2146,424.27095856939286
2147,205.12740419793343
2148,124.7094413173516
2149,148.01745114987767
2150,200.28611099779502
2151,200.56670376980767
2152,181.30446880963768
2153,179.12123842729977
2154,199.09479117038995
2155,382.93910414564175
2156,369.07311858745743
2157,332.32205720361605
2158,239.98195331161966
2159,200.11490144893668
2160,146.2741593676368
2161,88.05974373752893
2162,26.818797515746542
2163,10.475946163034614
2164,5.782117084483951
2165,3.5943577270828206
2166,4.504107229217868
2167,16.99489414085325
2168,72.79512253095106
2169,212.75980766801183
2170,351.99111810069667
2171,193.229896384287
2172,75.41785591799854
2173,100.65311363429726
2174,86.1881451016608
2175,109.88422395290962
2176,142.26107588979175
2177,153.14986477102562
2178,285.7336438101503
2179,535.3242824273041
2180,522.6637455546675
2181,383.290873748748
2182,204.19229711292184
2183,193.02113891000891
2184,122.61842506278305
2185,74.15764093530584
2186,28.488735533541792
2187,11.14180666905981
2188,5.306060781105864
2189,2.406516116293595
2190,2.973161202263373
2191,21.042038369369017
2192,92.43838633509115
2193,286.0217176770443
2194,388.35632729124103
2195,148.85874064204546
2196,74.91227048124973
2197,85.78527816426771
2198,104.01422696166263
2199,125.45221230796554
2200,142.03514164099977
2201,151.59188900948703
2202,267.20796042426184
2203,509.62257375783616
2204,517.9982184140615
2205,228.6539323486731
2206,103.99649410977617
2207,198.2854119863022
2208,162.1344614919174
2209,93.4790868955452
2210,30.698324599734143
2211,15.40772301119242
2212,7.457227417435064
2213,4.096566087167827
2214,4.861654798770653
2215,25.697008256944066
2216,102.67653561717918
2217,217.15240894027056
2218,419.0897477831598
2219,214.2610539935887
2220,108.68326689917711
2221,95.83086182669093
2222,184.36534675138154
2223,147.2837207265785
2224,123.91914024860573
2225,167.8566385341061
2226,292.05358455608257
2227,544.8612786948818
2228,523.941963701594
2229,392.36629526082515
2230,247.9014161059339
2231,200.70851948403876
2232,86.91366057838607
2233,107.11570870940714
2234,
2235,
2236,
2237,
2238,
2239,
2240,
2241,
2242,
2243,
2244,
2245,
2246,
2247,
2248,
2249,
2250,
2251,
2252,
2253,
2254,
2255,
2256,
2257,
2258,
2259,
2260,
2261,
2262,
2263,
2264,
2265,
2266,
2267,
2268,
2269,
2270,
2271,
2272,
2273,
2274,
2275,
2276,
2277,
2278,
2279,
2280,
2281,
2282,
2283,
2284,
2285,
2286,
2287,
2288,
2289,
2290,
2291,
2292,
2293,
2294,
2295,
2296,
2297,
2298,
2299,
2300,
2301,
2302,
2303,
2304,
2305,
2306,
2307,
2308,
2309,
2310,
2311,
2312,
2313,
2314,
2315,
2316,
2317,
2318,
2319,
2320,
2321,
2322,
2323,
2324,
2325,
2326,
2327,
2328,
2329,
2330,
2331,
2332,
2333,
2334,
2335,
2336,
2337,
2338,
2339,
2340,
2341,
2342,
2343,
2344,
2345,
2346,
2347,
2348,
2349,
2350,
2351,
2352,
2353,
2354,
2355,
2356,
2357,
2358,
2359,
2360,
2361,
2362,
2363,
2364,
2365,
2366,
2367,
2368,
2369,
2370,
2371,
2372,
2373,
2374,
2375,
2376,
2377,
2378,
2379,
2380,
2381,
2382,
2383,
2384,
2385,
2386,
2387,
2388,
2389,
2390,
2391,
2392,
2393,
2394,
2395,
2396,
2397,
2398,
2399,
2400,
2401,
2402,
2403,
2404,
2405,
2406,
2407,
2408,
2409,
2410,
2411,
2412,
2413,
2414,
2415,
2416,
2417,
2418,
2419,
2420,
2421,
2422,
2423,
2424,
2425,
2426,
2427,
2428,
2429,
2430,
2431,
2432,
2433,
2434,
2435,
2436,
2437,
2438,
2439,
2440,
2441,
2442,
2443,
2444,
2445,
2446,
2447,
2448,
2449,
2450,
2451,
2452,
2453,
2454,
2455,
2456,
2457,
2458,
2459,
2460,
2461,
2462,
2463,
2464,
2465,
2466,
2467,
2468,
2469,
2470,
2471,
2472,
2473,
2474,
2475,
2476,
2477,
2478,
2479,
2480,
2481,
2482,
2483,
2484,
2485,
2486,
2487,
2488,
2489,
2490,
2491,
2492,
2493,
2494,
2495,
2496,
2497,
2498,
2499,
2500,
2501,
2502,
2503,
2504,
2505,
2506,
2507,
2508,
2509,
2510,
2511,
2512,
2513,
2514,
2515,
2516,
2517,
2518,
2519,
2520,
2521,
2522,
2523,
2524,
2525,
2526,
2527,
2528,
2529,
2530,
2531,
2532,
2533,
2534,
2535,
2536,
2537,
2538,
2539,
2540,
2541,
2542,
2543,
2544,
2545,
2546,35.363282491255895
2547,17.100223425037456
2548,8.350590840582585
2549,6.581067609649716
2550,5.950208597998967
2551,28.643915035261276
2552,121.75234868430866
2553,328.23256316610417
2554,458.43935136425335
2555,208.95047401919481
2556,126.15638794525435
2557,149.44342667651068
2558,204.35344401274634
2559,199.880575890489
2560,182.11403749327732
2561,180.31305518651436
2562,319.88604611394607
2563,502.27719293436115
2564,555.1378316358172
2565,405.62509089743696
2566,318.68811945655943
2567,219.23572863182267
2568,149.66430894769738
2569,78.39162879822206
2570,34.50570820750211
2571,14.908575016353254
2572,7.655210201099896
2573,4.522876520832014
2574,4.973039577816404
2575,26.15151258917757
2576,119.43653408678811
2577,319.42705110145795
2578,454.1255606440008
2579,201.69411206334038
2580,119.75325217737179
2581,156.47804489346555
2582,211.76133856504765
2583,200.96197322757095
2584,180.86129246049802
2585,179.9905612907366
2586,293.1627811660578
2587,550.9515418084183
2588,539.0887798093551
2589,409.73972695472696
2590,319.38302051050755
2591,225.7698209238431
2592,162.28378531898971
2593,100.95487249893357
2594,40.7529561918945
2595,18.042856777973533
2596,9.523444277770524
2597,4.812342032123879
2598,5.2709848432748725
2599,28.59293436619203
2600,88.6761393644245
2601,220.27561767048914
2602,466.58267314041456
2603,220.57491802488468
2604,144.23680985018487
2605,160.4668120947914
2606,210.1039484315939
2607,210.16702432292342
2608,199.3419159446595
2609,199.34688381030855
2610,257.8022329512907
2611,521.9998955347703
2612,414.407448148349
2613,296.8772401899129
2614,200.49686491820333
2615,92.2094057363711
2616,94.43557945654533
2617,81.07719863461725
2618,51.86817650546349
2619,20.174926978062103
2620,11.060219070776052
2621,6.063797932891234
2622,5.547519862811102
2623,21.179074079367936
2624,94.39827950277166
2625,282.9534536249239
2626,439.76626609685394
2627,237.16514478465191
2628,158.34014385666873
2629,184.15349519004482
2630,243.2584509760515
2631,239.88322137159398
2632,213.29333317699613
2633,226.60364014163272
2634,341.14202009156054
2635,523.2206533302128
2636,470.9096496478076
2637,221.92045617419626
2638,234.81407024135513
2639,200.55525198558635
2640,168.9950219514872
2641,147.6068232883365
2642,104.38520280843643
2643,86.05843234974937
2644,59.126160699527254
2645,25.111714353245592
2646,10.442554837386702
2647,12.526016170315007
2648,26.471557920269625
2649,58.332432985130055
2650,125.4403935649488
2651,227.4336159938594
2652,291.99256826652766
2653,348.0328366863752
2654,359.6500215682684
2655,383.0745834093143
2656,380.89663659798924
2657,387.05125582982214
2658,384.08862832629785
2659,367.0012437943775
2660,339.5957614584845
2661,289.0491347657455
2662,244.65901460877086
2663,195.50558434896232
2664,183.0518176116526
2665,147.47721468066774
2666,112.02550939964003
2667,84.83059666032753
2668,70.64740606016157
2669,32.10231774364729
2670,10.356664724961377
2671,8.885585973252647
2672,18.32680767649513
2673,38.93714588685008
2674,105.64043579003028
2675,187.15091449717843
2676,290.3799486103469
2677,329.63981870395025
2678,416.64071813949283
2679,427.89361134782155
2680,360.8805663135476
2681,405.1247414532064
2682,418.9950898527482
2683,384.405207375641
2684,334.47552662012004
2685,302.0741746264029
2686,255.4770641316682
2687,183.2864495495855
2688,147.8936067330177
2689,102.43520319991133
2690,
2691,
2692,
2693,
2694,
2695,
2696,
2697,
2698,
2699,
2700,
2701,
2702,
2703,
2704,
2705,
2706,
2707,
2708,
2709,
2710,
2711,
2712,
2713,
2714,
2715,
2716,
2717,
2718,
2719,
2720,
2721,
2722,
2723,
2724,
2725,
2726,
2727,
2728,
2729,
2730,
2731,
2732,
2733,
2734,
2735,
2736,
2737,
2738,
2739,
2740,
2741,
2742,
2743,
2744,
2745,
2746,
2747,
2748,
2749,
2750,
2751,
2752,
2753,
2754,
2755,
2756,
2757,
2758,
2759,
2760,
2761,
2762,
2763,
2764,
2765,
2766,
2767,
2768,
2769,
2770,
2771,
2772,
2773,
2774,
2775,
2776,
2777,
2778,
2779,
2780,
2781,
2782,
2783,
2784,
2785,
2786,
2787,
2788,
2789,
2790,
2791,
2792,
2793,
2794,
2795,
2796,
2797,
2798,
2799,
2800,
2801,
2802,
2803,
2804,
2805,
2806,
2807,
2808,
2809,
2810,
2811,
2812,
2813,
2814,
2815,
2816,
2817,
2818,
2819,
2820,
2821,
2822,
2823,
2824,
2825,
2826,
2827,
2828,
2829,
2830,
2831,
2832,
2833,
2834,
2835,
2836,
2837,
2838,
2839,
2840,
2841,
2842,
2843,
2844,
2845,
2846,
2847,
2848,
2849,
2850,
2851,
2852,
2853,
2854,
2855,
2856,
2857,
2858,
2859,
2860,
2861,
2862,
2863,
2864,
2865,
2866,
2867,
2868,
2869,
2870,
2871,
2872,
2873,
2874,
2875,
2876,
2877,
2878,
2879,
2880,
2881,
2882,
2883,
2884,
2885,
2886,
2887,
2888,
2889,
2890,
2891,
2892,
2893,
2894,
2895,
2896,
2897,
2898,
2899,
2900,
2901,
2902,
2903,
2904,
2905,
2906,
2907,
2908,
2909,
2910,
2911,
2912,
2913,
2914,
2915,
2916,
2917,
2918,
2919,
2920,
2921,
2922,
2923,
2924,
2925,
2926,
2927,
2928,
2929,
2930,
2931,
2932,
2933,
2934,
2935,
2936,
2937,
2938,
2939,
2940,
2941,
2942,
2943,
2944,
2945,
2946,
2947,
2948,
2949,
2950,
2951,
2952,
2953,
2954,
2955,
2956,
2957,
2958,
2959,
2960,
2961,
2962,
2963,
2964,
2965,
2966,
2967,
2968,
2969,
2970,
2971,
2972,
2973,
2974,
2975,
2976,
2977,
2978,
2979,
2980,
2981,
2982,
2983,
2984,
2985,
2986,
2987,
2988,
2989,
2990,
2991,
2992,
2993,
2994,
2995,
2996,
2997,
2998,
2999,
3000,
3001,
3002,40.10632511406151
3003,20.079397672628406
3004,9.681264565365714
3005,6.744460571746618
3006,7.603856282562248
3007,27.307513052684175
3008,116.49281262322478
3009,316.25262613513144
3010,436.5304714110758
3011,207.625837185569
3012,129.81260930649356
3013,162.32576303293837
3014,212.2440667837353
3015,195.73434027588928
3016,175.80508428850572
3017,189.85475558956242
3018,305.68004383967985
3019,552.2368700311708
3020,539.9944164214695
3021,405.61542365245725
3022,318.55673434293794
3023,235.75703259231125
3024,184.81567858240598
3025,120.30648175490013
3026,58.145333232177364
3027,24.358893600718215
3028,13.186107943282797
3029,9.25913957045754
3030,6.76816865350201
3031,25.5315942602286
3032,94.09782236166228
3033,272.7571631414394
3034,437.6089199723158
3035,233.97532352717948
3036,181.29286201529877
3037,193.3904061922371
3038,245.81033041566516
3039,247.34876734871344
3040,233.82496286089878
3041,259.7288041062214
3042,330.3995972235275
3043,552.8214911426015
3044,490.7727259666472
3045,357.66343295778637
3046,287.7347928565449
3047,224.241122145293
3048,196.31569784184438
3049,157.81468064528804
3050,107.30072511140702
3051,86.5475458252413
3052,61.92028017003433
3053,28.055035537281423
3054,10.54943459400515
3055,14.072467332839498
3056,26.71680577275872
3057,58.513024815762236
3058,130.7125475908408
3059,219.0244685521291
3060,295.8103382398713
3061,343.4932662324793
3062,381.1378004830507
3063,370.90856451801943
3064,370.25243244704626
3065,376.8029802012401
3066,389.05022198907625
3067,379.35928699306646
3068,345.69399373745387
3069,307.8256164827793
3070,283.2278736599549
3071,240.48663555594746
3072,179.58026199777075
3073,149.57000943798562
3074,111.4163063852608
3075,91.12526790695553
3076,66.63975540508426
3077,30.074868094289876
3078,10.429176231283092
3079,11.07067416525314
3080,19.70831972888374
3081,44.53292276839047
3082,103.0122615867804
3083,187.60276866870154
3084,279.511582120313
3085,319.98438532161515
3086,357.08162775600516
3087,359.5801266581836
3088,353.13021353049027
3089,361.71408684485243
3090,372.5495777253105
3091,350.0736513834521
3092,335.2346256548987
3093,292.798314752353
3094,269.8036408997917
3095,221.88115848352797
3096,149.08538028862313
3097,90.41162330590295
3098,34.53300520738872
3099,14.058367400922979
3100,6.843825319064466
3101,5.655259665625001
3102,5.8944653127238436
3103,25.729929362291855
3104,106.06024243986457
3105,301.00215843549745
3106,418.94866547492177
3107,190.85345798384543
3108,120.45866971604393
3109,137.9960081534549
3110,172.78458268797672
3111,151.5830768436459
3112,140.72913406764349
3113,146.877556306694
3114,250.798181844711
3115,510.48931005787955
3116,507.4769068766392
3117,397.13171316688374
3118,302.7847294196392
3119,212.4987774716432
3120,149.97352441243044
3121,74.93285460480004
3122,33.45132380390174
3123,14.798775528500434
3124,8.017565676871223
3125,5.846308587623646
3126,6.101473027791832
3127,27.614553094405593
3128,114.43789056032672
3129,316.75173831750243
3130,432.0303235809897
3131,183.76843775128125
3132,126.12600147924334
3133,127.49131578654364
3134,154.40634190659432
3135,143.10734488363613
3136,129.25889771841082
3137,131.5183789481222
3138,223.5100475886736
3139,490.57711583181845
3140,493.3765290202277
3141,389.53857023337406
3142,307.5252825313344
3143,234.81864162760354
3144,168.33997243214466
3145,100.89945849477951
3146,
3147,
3148,
3149,
3150,
3151,
3152,
3153,
3154,
3155,
3156,
3157,
3158,
3159,
3160,
3161,
3162,
3163,
3164,
3165,
3166,
3167,
3168,
3169,
3170,
3171,
3172,
3173,
3174,
3175,
3176,
3177,
3178,
3179,
3180,
3181,
3182,
3183,
3184,
3185,
3186,
3187,
3188,
3189,
3190,
3191,
3192,
3193,
3194,
3195,
3196,
3197,
3198,
3199,
3200,
3201,
3202,
3203,
3204,
3205,
3206,
3207,
3208,
3209,
3210,
3211,
3212,
3213,
3214,
3215,
3216,
3217,
3218,
3219,
3220,
3221,
3222,
3223,
3224,
3225,
3226,
3227,
3228,
3229,
3230,
3231,
3232,
3233,
3234,
3235,
3236,
3237,
3238,
3239,
3240,
3241,
3242,
3243,
3244,
3245,
3246,
3247,
3248,
3249,
3250,
3251,
3252,
3253,
3254,
3255,
3256,
3257,
3258,
3259,
3260,
3261,
3262,
3263,
3264,
3265,
3266,
3267,
3268,
3269,
3270,
3271,
3272,
3273,
3274,
3275,
3276,
3277,
3278,
3279,
3280,
3281,
3282,
3283,
3284,
3285,
3286,
3287,
3288,
3289,
3290,
3291,
3292,
3293,
3294,
3295,
3296,
3297,
3298,
3299,
3300,
3301,
3302,
3303,
3304,
3305,
3306,
3307,
3308,
3309,
3310,
3311,
3312,
3313,
3314,
3315,
3316,
3317,
3318,
3319,
3320,
3321,
3322,
3323,
3324,
3325,
3326,
3327,
3328,
3329,
3330,
3331,
3332,
3333,
3334,
3335,
3336,
3337,
3338,
3339,
3340,
3341,
3342,
3343,
3344,
3345,
3346,
3347,
3348,
3349,
3350,
3351,
3352,
3353,
3354,
3355,
3356,
3357,
3358,
3359,
3360,
3361,
3362,
3363,
3364,
3365,
3366,
3367,
3368,
3369,
3370,
3371,
3372,
3373,
3374,
3375,
3376,
3377,
3378,
3379,
3380,
3381,
3382,
3383,
3384,
3385,
3386,
3387,
3388,
3389,
3390,
3391,
3392,
3393,
3394,
3395,
3396,
3397,
3398,
3399,
3400,
3401,
3402,
3403,
3404,
3405,
3406,
3407,
3408,
3409,
3410,
3411,
3412,
3413,
3414,
3415,
3416,
3417,
3418,
3419,
3420,
3421,
3422,
3423,
3424,
3425,
3426,
3427,
3428,
3429,
3430,
3431,
3432,
3433,
3434,
3435,
3436,
3437,
3438,
3439,
3440,
3441,
3442,
3443,
3444,
3445,
3446,
3447,
3448,
3449,
3450,
3451,
3452,
3453,
3454,
3455,
3456,
3457,
3458,81.15641880453842
3459,65.77550815295668
3460,55.382159794336694
3461,22.502683853281354
3462,5.464365153345199
3463,7.741755242817497
3464,11.954613700207375
3465,33.14976473391025
3466,92.26923175944955
3467,156.78184317073342
3468,230.97687995329375
3469,247.32462015279447
3470,294.49750997825265
3471,245.94182508101125
3472,303.54608164301766
3473,339.24731181573105
3474,350.8747826922687
3475,356.3989640258619
3476,328.4987610643356
3477,252.9654989335026
3478,196.349078229677
3479,89.24646412251208
3480,74.06734775268576
3481,83.98566170757198
3482,19.01652225893103
3483,9.535144463481775
3484,5.0528252664093465
3485,4.73418830136491
3486,5.473402842425977
3487,21.7698325508441
3488,94.59196107254591
3489,254.42561136467148
3490,387.14053042241403
3491,185.5425493431248
3492,125.82102602389854
3493,143.4613542059434
3494,180.19771593043262
3495,171.45328109546605
3496,164.97918042043491
3497,172.92975594224367
3498,291.2787197552016
3499,549.9810691819005
3500,532.2570288456545
3501,390.9911524469632
3502,283.3911401182063
3503,207.58661900150204
3504,145.81799953357415
3505,77.24628057566068
3506,30.145303821431956
3507,14.120087722929139
3508,7.341606207764829
3509,5.478135048646749
3510,5.459277844915671
3511,25.584808283064113
3512,106.77792533055597
3513,306.89419817300205
3514,422.4781809813765
3515,195.9216500514319
3516,125.10519242309913
3517,149.02685879078297
3518,191.72932895804342
3519,178.27202505840904
3520,165.34878297998702
3521,172.2004143906306
3522,297.4600065550619
3523,548.1519961849342
3524,552.3076292787906
3525,406.43570143237537
3526,314.73021858478324
3527,224.43180477590784
3528,166.89359333137952
3529,93.56370671698738
3530,35.654082899735236
3531,14.957471253860737
3532,8.780367410378636
3533,5.153444397850823
3534,6.092932172406035
3535,28.11931003321326
3536,112.11997252919463
3537,310.6687927948516
3538,429.3199523502141
3539,185.90829528048084
3540,118.50523896854168
3541,142.39381642514627
3542,191.92888887285875
3543,182.06598897680738
3544,166.9313291895516
3545,175.31381047321543
3546,280.6238584044106
3547,549.7421820567945
3548,549.3047301216471
3549,422.3836252549838
3550,318.23866730381764
3551,234.1699394750884
3552,166.50554121244073
3553,94.2114388471016
3554,39.850137148066125
3555,17.939142723009937
3556,10.168423879882136
3557,6.722142234969853
3558,6.179607042271671
3559,26.790260175369742
3560,106.79018176670559
3561,303.09993869797495
3562,438.2321999852618
3563,197.84704880037697
3564,117.01738112473186
3565,148.96898541642187
3566,188.80445352790684
3567,179.48458454925773
3568,153.0572507042457
3569,173.64475574516015
3570,288.7536673113061
3571,490.04370906582267
3572,458.98010251965553
3573,326.1315221799274
3574,250.03157823128092
3575,181.6904649782276
3576,176.31105144283833
3577,120.22628516730173
3578,50.71956994097056
3579,18.62165380597092
3580,14.628620430595278
3581,7.521478649918005
3582,5.1165753011288135
3583,22.937272394817523
3584,90.6679221457231
3585,268.8863702274553
3586,415.4633362155041
3587,222.09463081918886
3588,152.05960864856672
3589,186.0246295109199
3590,246.25674987756338
3591,221.71995032290485
3592,203.06455541650902
3593,224.50158702170742
3594,304.4972750453345
3595,524.3289045630127
3596,464.65349358047166
3597,260.63308783114246
3598,137.92728313267853
3599,191.7120356953998
3600,167.72432784019793
3601,114.29898448417731
3602,
3603,
3604,
3605,
3606,
3607,
3608,
3609,
3610,
3611,
3612,
3613,
3614,
3615,
3616,
3617,
3618,
3619,
3620,
3621,
3622,
3623,
3624,
3625,
3626,
3627,
3628,
3629,
3630,
3631,
3632,
3633,
3634,
3635,
3636,
3637,
3638,
3639,
3640,
3641,
3642,
3643,
3644,
3645,
3646,
3647,
3648,
3649,
3650,
3651,
3652,
3653,
3654,
3655,
3656,
3657,
3658,
3659,
3660,
3661,
3662,
3663,
3664,
3665,
3666,
3667,
3668,
3669,
3670,
3671,
3672,
3673,
3674,
3675,
3676,
3677,
3678,
3679,
3680,
3681,
3682,
3683,
3684,
3685,
3686,
3687,
3688,
3689,
3690,
3691,
3692,
3693,
3694,
3695,
3696,
3697,
3698,
3699,
3700,
3701,
3702,
3703,
3704,
3705,
3706,
3707,
3708,
3709,
3710,
3711,
3712,
3713,
3714,
3715,
3716,
3717,
3718,
3719,
3720,
3721,
3722,
3723,
3724,
3725,
3726,
3727,
3728,
3729,
3730,
3731,
3732,
3733,
3734,
3735,
3736,
3737,
3738,
3739,
3740,
3741,
3742,
3743,
3744,
3745,
3746,
3747,
3748,
3749,
3750,
3751,
3752,
3753,
3754,
3755,
3756,
3757,
3758,
3759,
3760,
3761,
3762,
3763,
3764,
3765,
3766,
3767,
3768,
3769,
3770,
3771,
3772,
3773,
3774,
3775,
3776,
3777,
3778,
3779,
3780,
3781,
3782,
3783,
3784,
3785,
3786,
3787,
3788,
3789,
3790,
3791,
3792,
3793,
3794,
3795,
3796,
3797,
3798,
3799,
3800,
3801,
3802,
3803,
3804,
3805,
3806,
3807,
3808,
3809,
3810,
3811,
3812,
3813,
3814,
3815,
3816,
3817,
3818,
3819,
3820,
3821,
3822,
3823,
3824,
3825,
3826,
3827,
3828,
3829,
3830,
3831,
3832,
3833,
3834,
3835,
3836,
3837,
3838,
3839,
3840,
3841,
3842,
3843,
3844,
3845,
3846,
3847,
3848,
3849,
3850,
3851,
3852,
3853,
3854,
3855,
3856,
3857,
3858,
3859,
3860,
3861,
3862,
3863,
3864,
3865,
3866,
3867,
3868,
3869,
3870,
3871,
3872,
3873,
3874,
3875,
3876,
3877,
3878,
3879,
3880,
3881,
3882,
3883,
3884,
3885,
3886,
3887,
3888,
3889,
3890,
3891,
3892,
3893,
3894,
3895,
3896,
3897,
3898,
3899,
3900,
3901,
3902,
3903,
3904,
3905,
3906,
3907,
3908,
3909,
3910,
3911,28.988410065639442
3912,11.677691703466698
3913,4.419885947272327
3914,4.732574265732644
3915,5.211584535406303
3916,28.850790847913785
3917,118.00572912701804
3918,319.21354886032225
3919,459.9749150120696
3920,207.56822423744927
3921,128.26357037817712
3922,148.83599164891143
3923,188.12044444388445
3924,176.57446571628802
3925,163.18732705040733
3926,175.09714767430432
3927,287.2976614260949
3928,552.2847556098365
3929,552.7212200932657
3930,373.3580102788257
3931,273.61624380238186
3932,188.7977788795487
3933,156.64642202716254
3934,83.0824477950252
3935,35.192006967663296
3936,15.124917988964262
3937,8.206482008690669
3938,6.3733437815676295
3939,5.51428968377363
3940,27.473108614529394
3941,109.84471472650756
3942,298.5133259406145
3943,456.4157471897815
3944,195.1089792584082
3945,139.963165797036
3946,157.73894401999803
3947,189.36354138209535
3948,176.653930311236
3949,170.77507290193108
3950,176.4159416554206
3951,197.71718879508526
3952,302.7835384173453
3953,344.6736695228429
3954,293.67084540454005
3955,224.84796061598533
3956,175.3297077036979
3957,123.48958101437992
3958,87.88194246956364
3959,46.98895506783931
3960,21.059670237209158
3961,11.315495235309474
3962,7.048990525720079
3963,5.191447135204303
3964,21.65837143723981
3965,89.25352810756664
3966,222.83583171091834
3967,430.2712155199218
3968,221.4791264210806
3969,155.1645272139893
3970,179.3511101988091
3971,243.74752855848322
3972,247.34368349387154
3973,242.28117326146653
3974,257.73885966064404
3975,301.80600675574516
3976,536.2655295443033
3977,492.9750549478697
3978,303.55484499768977
3979,203.13305246473848
3980,161.8167223922019
3981,158.1829144676802
3982,124.02115327595473
3983,89.49804334250732
3984,75.51413663294463
3985,55.34324909124749
3986,27.74806905750972
3987,9.256136333881624
3988,12.679044716009827
3989,17.480948935912785
3990,33.84338616441801
3991,98.90215289484462
3992,203.2528933216873
3993,260.9990573256233
3994,306.1040981815985
3995,367.3667469973406
3996,354.0837921458091
3997,298.6050570729777
3998,305.6957130223159
3999,359.4801253323424
4000,302.50871817556475
4001,262.0941818102812
4002,273.6586952318383
4003,222.04308505457794
4004,148.72560196049454
4005,141.30102640675278
4006,116.95315528845013
4007,89.57555282262406
4008,76.31890924967423
4009,57.42934251712086
4010,29.227730220371203
4011,10.0655852911977
4012,14.501165999362172
4013,17.894882300172366
4014,39.11553966262156
4015,86.24107965385632
4016,180.01694782230734
4017,256.6852716546509
4018,328.28130523944054
4019,381.9087863450333
4020,379.1666743402223
4021,391.549483624646
4022,393.50203382652217
4023,366.4527523118089
4024,342.88633917971606
4025,332.6630619506936
4026,265.15029757437674
4027,178.369007618005
4028,137.89151105582576
4029,118.35043219263737
4030,70.5433274502659
4031,26.45182048904019
4032,11.225580991191318
4033,5.8867546446809165
4034,4.41251940904408
4035,4.19621424486708
4036,22.44261020479578
4037,102.15461142085971
4038,260.1391357921335
4039,414.70512582588685
4040,193.85034239235617
4041,129.81837751425087
4042,143.64241138445556
4043,189.6045963069865
4044,181.5447767264417
4045,173.97522426307464
4046,184.12948715684985
4047,287.3184732963376
4048,554.3426696035975
4049,547.9257381755357
4050,377.10362955357897
4051,247.95986742211176
4052,176.59779462161023
4053,134.01250001686114
4054,59.19478357162722
4055,
4056,
4057,
4058,
4059,
4060,
4061,
4062,
4063,
4064,
4065,
4066,
4067,
4068,
4069,
4070,
4071,
4072,
4073,
4074,
4075,
4076,
4077,
4078,
4079,
4080,
4081,
4082,
4083,
4084,
4085,
4086,
4087,
4088,
4089,
4090,
4091,
4092,
4093,
4094,
4095,
4096,
4097,
4098,
4099,
4100,
4101,
4102,
4103,
4104,
4105,
4106,
4107,
4108,
4109,
4110,
4111,
4112,
4113,
4114,
4115,
4116,
4117,
4118,
4119,
4120,
4121,
4122,
4123,
4124,
4125,
4126,
4127,
4128,
4129,
4130,
4131,
4132,
4133,
4134,
4135,
4136,
4137,
4138,
4139,
4140,
4141,
4142,
4143,
4144,
4145,
4146,
4147,
4148,
4149,
4150,
4151,
4152,
4153,
4154,
4155,
4156,
4157,
4158,
4159,
4160,
4161,
4162,
4163,
4164,
4165,
4166,
4167,
4168,
4169,
4170,
4171,
4172,
4173,
4174,
4175,
4176,
4177,
4178,
4179,
4180,
4181,
4182,
4183,
4184,
4185,
4186,
4187,
4188,
4189,
4190,
4191,
4192,
4193,
4194,
4195,
4196,
4197,
4198,
4199,
4200,
4201,
4202,
4203,
4204,
4205,
4206,
4207,
4208,
4209,
4210,
4211,
4212,
4213,
4214,
4215,
4216,
4217,
4218,
4219,
4220,
4221,
4222,
4223,
4224,
4225,
4226,
4227,
4228,
4229,
4230,
4231,
4232,
4233,
4234,
4235,
4236,
4237,
4238,
4239,
4240,
4241,
4242,
4243,
4244,
4245,
4246,
4247,
4248,
4249,
4250,
4251,
4252,
4253,
4254,
4255,
4256,
4257,
4258,
4259,
4260,
4261,
4262,
4263,
4264,
4265,
4266,
4267,
4268,
4269,
4270,
4271,
4272,
4273,
4274,
4275,
4276,
4277,
4278,
4279,
4280,
4281,
4282,
4283,
4284,
4285,
4286,
4287,
4288,
4289,
4290,
4291,
4292,
4293,
4294,
4295,
4296,
4297,
4298,
4299,
4300,
4301,
4302,
4303,
4304,
4305,
4306,
4307,
4308,
4309,
4310,
4311,
4312,
4313,
4314,
4315,
4316,
4317,
4318,
4319,
4320,
4321,
4322,
4323,
4324,
4325,
4326,
4327,
4328,
4329,
4330,
4331,
4332,
4333,
4334,
4335,
4336,
4337,
4338,
4339,
4340,
4341,
4342,
4343,
4344,
4345,
4346,
4347,
4348,
4349,
4350,
4351,
4352,
4353,
4354,
4355,
4356,
4357,
4358,
4359,
4360,
4361,
4362,
4363,
4364,
4365,
4366,
4367,49.52314170443087
4368,18.329409022300233
4369,9.045826604768807
4370,6.701026382466779
4371,4.949825241811498
4372,19.47807608781875
4373,59.90744044358419
4374,139.23175100335385
4375,389.2928621470245
4376,173.90958613796968
4377,112.52887613514258
4378,122.83414162332726
4379,137.26714178766613
4380,212.25984547974625
4381,252.90218035019495
4382,269.43482893232834
4383,367.39032616859464
4384,574.549883362565
4385,471.9634532019932
4386,303.4154938432971
4387,215.64790019157275
4388,165.36564595336077
4389,135.99525521499567
4390,107.34543431903029
4391,100.96233148903896
4392,77.9645079357808
4393,53.21025469493175
4394,22.941738674514756
4395,9.19074054165758
4396,10.1860674331086
4397,22.331550665830758
4398,56.96092022820627
4399,115.45176031802504
4400,213.24522732637595
4401,314.2932931378439
4402,360.9027688564713
4403,404.30258789036276
4404,424.27789167653424
4405,422.671370735685
4406,418.60438924477376
4407,414.8120762297505
4408,382.5338156946897
4409,315.99997892921283
4410,236.95754789185656
4411,192.71666800683536
4412,173.80490574807592
4413,144.59011427662747
4414,115.21958653252874
4415,97.62854257930908
4416,82.02196123726715
4417,57.23578161997269
4418,26.16504766733828
4419,9.570600875926582
4420,9.714619470398418
4421,17.952200747020388
4422,45.14830931619226
4423,93.83576904209826
4424,181.68706936503236
4425,307.237931406995
4426,360.459878986258
4427,403.4741399454275
4428,424.4695761822378
4429,426.43323700946615
4430,401.1748513547294
4431,403.46795269579553
4432,383.16853774652407
4433,317.9433348040935
4434,235.91284254978396
4435,186.51894880760028
4436,146.59545599801928
4437,114.62200552346229
4438,69.93097478830283
4439,29.78862027333422
4440,12.712439812979413
4441,6.051705583004999
4442,3.9994894998417836
4443,5.689327058252219
4444,22.941889326782306
4445,107.20005354315794
4446,288.49463020777364
4447,437.01247257828965
4448,191.26089553137803
4449,126.55186185038269
4450,145.40030010405047
4451,193.88955396827794
4452,189.70185919715567
4453,178.1227472109721
4454,174.3097853620794
4455,296.5824949198666
4456,572.3229157712235
4457,511.86319143152167
4458,348.75879635494897
4459,220.65202152966302
4460,175.48534822477066
4461,119.7217666229727
4462,63.418233867077404
4463,25.05007031767016
4464,8.306938969092444
4465,4.488064482543468
4466,4.740272506645617
4467,5.8640282204629965
4468,25.29659757118245
4469,118.22954679325386
4470,301.4738003311841
4471,441.18867738173054
4472,206.32481694629445
4473,131.59472783847326
4474,148.50250349445162
4475,207.7635442031252
4476,202.15463647642054
4477,190.7187266382259
4478,190.47636451957544
4479,308.19936069894777
4480,579.8010378083811
4481,518.6580454404102
4482,362.6217010814773
4483,252.55301291936416
4484,163.4311221871351
4485,127.79579917624856
4486,59.17426930806328
4487,27.021694075305234
4488,10.040736328277578
4489,5.4368991123249195
4490,2.9358344730592325
4491,10.626688663183957
4492,75.60268834110533
4493,181.76561918768238
4494,342.41463707099086
4495,144.7368787758969
4496,85.33631548343251
4497,84.24775270470835
4498,77.32853840477458
4499,104.57761150766301
4500,74.59677190674415
4501,59.84387649856163
4502,98.29700825936361
4503,251.33083888012277
4504,188.98752785838005
4505,225.4370734594583
4506,88.21682401996864
4507,105.47741259911379
4508,70.29108267472185
4509,37.08471792107767
4510,
4511,
4512,
4513,
4514,
4515,
4516,
4517,
4518,
4519,
4520,
4521,
4522,
4523,
4524,
4525,
4526,
4527,
4528,
4529,
4530,
4531,
4532,
4533,
4534,
4535,
4536,
4537,
4538,
4539,
4540,
4541,
4542,
4543,
4544,
4545,
4546,
4547,
4548,
4549,
4550,
4551,
4552,
4553,
4554,
4555,
4556,
4557,
4558,
4559,
4560,
4561,
4562,
4563,
4564,
4565,
4566,
4567,
4568,
4569,
4570,
4571,
4572,
4573,
4574,
4575,
4576,
4577,
4578,
4579,
4580,
4581,
4582,
4583,
4584,
4585,
4586,
4587,
4588,
4589,
4590,
4591,
4592,
4593,
4594,
4595,
4596,
4597,
4598,
4599,
4600,
4601,
4602,
4603,
4604,
4605,
4606,
4607,
4608,
4609,
4610,
4611,
4612,
4613,
4614,
4615,
4616,
4617,
4618,
4619,
4620,
4621,
4622,
4623,
4624,
4625,
4626,
4627,
4628,
4629,
4630,
4631,
4632,
4633,
4634,
4635,
4636,
4637,
4638,
4639,
4640,
4641,
4642,
4643,
4644,
4645,
4646,
4647,
4648,
4649,
4650,
4651,
4652,
4653,
4654,
4655,
4656,
4657,
4658,
4659,
4660,
4661,
4662,
4663,
4664,
4665,
4666,
4667,
4668,
4669,
4670,
4671,
4672,
4673,
4674,
4675,
4676,
4677,
4678,
4679,
4680,
4681,
4682,
4683,
4684,
4685,
4686,
4687,
4688,
4689,
4690,
4691,
4692,
4693,
4694,
4695,
4696,
4697,
4698,
4699,
4700,
4701,
4702,
4703,
4704,
4705,
4706,
4707,
4708,
4709,
4710,
4711,
4712,
4713,
4714,
4715,
4716,
4717,
4718,
4719,
4720,
4721,
4722,
4723,
4724,
4725,
4726,
4727,
4728,
4729,
4730,
4731,
4732,
4733,
4734,
4735,
4736,
4737,
4738,
4739,
4740,
4741,
4742,
4743,
4744,
4745,
4746,
4747,
4748,
4749,
4750,
4751,
4752,
4753,
4754,
4755,
4756,
4757,
4758,
4759,
4760,
4761,
4762,
4763,
4764,
4765,
4766,
4767,
4768,
4769,
4770,
4771,
4772,
4773,
4774,
4775,
4776,
4777,
4778,
4779,
4780,
4781,
4782,
4783,
4784,
4785,
4786,
4787,
4788,
4789,
4790,
4791,
4792,
4793,
4794,
4795,
4796,
4797,
4798,
4799,
4800,
4801,
4802,
4803,
4804,
4805,
4806,
4807,
4808,
4809,
4810,
4811,
4812,
4813,
4814,
4815,
4816,
4817,
4818,
4819,
4820,
4821,
4822,27.431961904974244
4823,11.146917043438673
4824,4.413513898199534
4825,3.5456795229012625
4826,4.875074058543204
4827,21.08694570470062
4828,98.10829787644487
4829,279.7253878937569
4830,422.02456440826097
4831,187.18530361947762
4832,121.413182911776
4833,136.71046116118865
4834,186.42932504293364
4835,180.9072309561659
4836,170.88441164879
4837,171.44863334416834
4838,286.1432205543644
4839,541.5165984763908
4840,505.8503755664621
4841,361.8003684848289
4842,259.1130129581937
4843,187.7849368162819
4844,116.76210192949641
4845,57.82793760716227
4846,26.155394839677275
4847,11.799933879848188
4848,5.255788809127886
4849,3.8034166610225117
4850,4.4868664241277205
4851,23.128115897638335
4852,111.52809831151856
4853,290.3702788437139
4854,427.69621071434034
4855,201.8760574471401
4856,129.52119965017812
4857,137.93061156363783
4858,184.17834090351639
4859,144.43538711509862
4860,161.90015060163415
4861,169.69937230580447
4862,228.85063160026925
4863,501.0618246467926
4864,467.0490700069441
4865,282.8398819550612
4866,182.92016570321854
4867,160.50447470964167
4868,118.61969073856513
4869,61.80934342570585
4870,23.520463488490634
4871,7.207039523938556
4872,4.95674113687108
4873,5.043893760662594
4874,5.014538305500381
4875,12.647717267865609
4876,103.58579043840174
4877,99.51698200736439
4878,175.14551816789069
4879,84.21939103049623
4880,48.97214293086608
4881,71.56109771069943
4882,47.476522722294604
4883,75.55983925940038
4884,96.09350122617879
4885,53.61614363566649
4886,77.81182075050941
4887,293.1246011878255
4888,135.58480147439244
4889,96.63432331911189
4890,52.99507947169441
4891,57.697528130567584
4892,52.05499195364546
4893,36.93333000971414
4894,23.70390804612325
4895,10.25907013299378
4896,5.992860389740377
4897,5.2999080004076005
4898,5.825688834729312
4899,10.632930019782382
4900,69.57095558160411
4901,151.03411432238673
4902,273.64311057861283
4903,205.37820779812444
4904,107.89337629995404
4905,78.74765411961481
4906,141.7395272744949
4907,134.21992302007035
4908,122.36284494813698
4909,129.25424448239994
4910,213.06754467456955
4911,383.5177412258283
4912,346.23669253321196
4913,239.25049963485483
4914,166.12997012152016
4915,124.8445341239576
4916,89.24390961245865
4917,67.38568748167604
4918,29.789439155423427
4919,10.567931429218271
4920,6.624455169196813
4921,2.811292728527489
4922,4.384940392130782
4923,18.980868646459122
4924,79.78857449078352
4925,237.84216619117188
4926,435.0513894037285
4927,227.36881627314742
4928,127.93238350098584
4929,150.16848357132685
4930,196.96744442951731
4931,187.89540652384903
4932,182.0936511680136
4933,187.1400861916557
4934,245.74215130070678
4935,389.80521017080554
4936,334.13106035141874
4937,232.34949735131707
4938,146.91225897257837
4939,111.64236122011332
4940,93.15094322724713
4941,77.24602270362227
4942,70.90435877101706
4943,57.6176910001354
4944,41.868905607197156
4945,11.875260878644843
4946,7.1180833662074035
4947,5.226790103279062
4948,14.450845232565968
4949,32.64439446698221
4950,86.73067271130991
4951,153.96206587781194
4952,217.7568983140359
4953,287.3240107270345
4954,338.2591610293046
4955,337.8229704974081
4956,332.2294822368739
4957,332.0353715421079
4958,312.43944390011427
4959,268.5904064216164
4960,215.42706696998013
4961,156.16753760314944
4962,115.61815062595423
4963,93.14705518021806
4964,112.727600856713
4965,94.86891969829017
4966,
4967,
4968,
4969,
4970,
4971,
4972,
4973,
4974,
4975,
4976,
4977,
4978,
4979,
4980,
4981,
4982,
4983,
4984,
4985,
4986,
4987,
4988,
4989,
4990,
4991,
4992,
4993,
4994,
4995,
4996,
4997,
4998,
4999,
5000,
5001,
5002,
5003,
5004,
5005,
5006,
5007,
5008,
5009,
5010,
5011,
5012,
5013,
5014,
5015,
5016,
5017,
5018,
5019,
5020,
5021,
5022,
5023,
5024,
5025,
5026,
5027,
5028,
5029,
5030,
5031,
5032,
5033,
5034,
5035,
5036,
5037,
5038,
5039,
5040,
5041,
5042,
5043,
5044,
5045,
5046,
5047,
5048,
5049,
5050,
5051,
5052,
5053,
5054,
5055,
5056,
5057,
5058,
5059,
5060,
5061,
5062,
5063,
5064,
5065,
5066,
5067,
5068,
5069,
5070,
5071,
5072,
5073,
5074,
5075,
5076,
5077,
5078,
5079,
5080,
5081,
5082,
5083,
5084,
5085,
5086,
5087,
5088,
5089,
5090,
5091,
5092,
5093,
5094,
5095,
5096,
5097,
5098,
5099,
5100,
5101,
5102,
5103,
5104,
5105,
5106,
5107,
5108,
5109,
5110,
5111,
5112,
5113,
5114,
5115,
5116,
5117,
5118,
5119,
5120,
5121,
5122,
5123,
5124,
5125,
5126,
5127,
5128,
5129,
5130,
5131,
5132,
5133,
5134,
5135,
5136,
5137,
5138,
5139,
5140,
5141,
5142,
5143,
5144,
5145,
5146,
5147,
5148,
5149,
5150,
5151,
5152,
5153,
5154,
5155,
5156,
5157,
5158,
5159,
5160,
5161,
5162,
5163,
5164,
5165,
5166,
5167,
5168,
5169,
5170,
5171,
5172,
5173,
5174,
5175,
5176,
5177,
5178,
5179,
5180,
5181,
5182,
5183,
5184,
5185,
5186,
5187,
5188,
5189,
5190,
5191,
5192,
5193,
5194,
5195,
5196,
5197,
5198,
5199,
5200,
5201,
5202,
5203,
5204,
5205,
5206,
5207,
5208,
5209,
5210,
5211,
5212,
5213,
5214,
5215,
5216,
5217,
5218,
5219,
5220,
5221,
5222,
5223,
5224,
5225,
5226,
5227,
5228,
5229,
5230,
5231,
5232,
5233,
5234,
5235,
5236,
5237,
5238,
5239,
5240,
5241,
5242,
5243,
5244,
5245,
5246,
5247,
5248,
5249,
5250,
5251,
5252,
5253,
5254,
5255,
5256,
5257,
5258,
5259,
5260,
5261,
5262,
5263,
5264,
5265,
5266,
5267,
5268,
5269,
5270,
5271,
5272,
5273,
5274,
5275,
5276,
5277,
5278,20.4503602313636
5279,9.352554455945942
5280,4.027950349296501
5281,3.79651512035645
5282,2.564243107234617
5283,17.834904552604275
5284,79.24821469638546
5285,254.19842115810377
5286,394.4083813607254
5287,192.26259138672074
5288,101.33153863113796
5289,109.95957248270976
5290,151.8330771654478
5291,143.11133081678705
5292,130.87487407760892
5293,133.9285242060704
5294,178.34782802889288
5295,360.0255644459853
5296,352.1058282651365
5297,239.25679159697196
5298,151.74054302860003
5299,108.48166857578987
5300,96.97337614616546
5301,56.24747794668314
5302,21.97964402425232
5303,10.024615697961874
5304,6.866272472822416
5305,5.129778084930851
5306,3.913669780749068
5307,17.742345508966185
5308,86.86799255697994
5309,249.27378572596086
5310,409.3915100543762
5311,207.93399734272398
5312,111.06384600990476
5313,116.1545477133089
5314,162.04259558523597
5315,157.12604158958675
5316,157.82744509106104
5317,135.76109079536934
5318,157.7174770031098
5319,486.98698781714296
5320,458.248224779873
5321,304.8320457637139
5322,226.58914714911205
5323,165.3401451506758
5324,126.2856785474744
5325,86.63229168496741
5326,48.39930822278592
5327,21.70721954830167
5328,11.089019560669348
5329,6.758140041983699
5330,4.912743020263409
5331,23.836251845837204
5332,81.3302970318848
5333,240.58980948673678
5334,438.7341416189276
5335,220.98116154653445
5336,132.84664153782276
5337,136.97057499739805
5338,170.760867665883
5339,166.89437547043784
5340,168.88354841064057
5341,167.7722543643037
5342,215.59731200345658
5343,378.9506435184254
5344,337.02756015529985
5345,224.90650244424026
5346,132.48816040855522
5347,99.34043342538884
5348,95.9898783770223
5349,77.17477786533277
5350,73.60997603247272
5351,64.556715089768
5352,50.29962017420484
5353,15.929986421945518
5354,4.965974111916724
5355,4.560792038408515
5356,10.213109538935493
5357,24.33216734342767
5358,75.13613899274445
5359,136.9001686202295
5360,184.11965446653272
5361,219.13785317647765
5362,272.2542637505331
5363,258.9597520466492
5364,262.3216460020203
5365,259.4970521525655
5366,242.67826286437236
5367,191.3361703161841
5368,154.92416126337565
5369,80.66297660508441
5370,96.89874892076692
5371,79.63641679028105
5372,72.53300254093168
5373,74.83851663382063
5374,66.39965179214167
5375,68.05543926548859
5376,48.92953424653734
5377,16.647317696316268
5378,5.32093738762071
5379,4.5390160951524425
5380,8.791761949079334
5381,21.895199895562342
5382,61.531714275038134
5383,117.14468224335383
5384,176.85989083096848
5385,192.19475620507973
5386,237.50213851406426
5387,246.52202490584344
5388,249.45515367179348
5389,261.64771668915836
5390,217.9638012940991
5391,190.10965223436813
5392,151.1942015541655
5393,110.97798004448161
5394,83.27865846045837
5395,61.968710905628626
5396,51.63543505507702
5397,41.57696196195049
5398,17.557182821108952
5399,7.120523751337532
5400,3.45352183179887
5401,2.990685866694962
5402,3.1117833074071
5403,16.329238557954948
5404,72.2528142029869
5405,236.45307518194153
5406,401.93800235048684
5407,203.61858822346287
5408,101.68098193020455
5409,110.44066855684528
5410,144.38992688068564
5411,143.2488758938878
5412,145.8168440544982
5413,153.00207551312204
5414,213.8974911368202
5415,417.14998811484924
5416,377.6180770841665
5417,265.3651958523291
5418,186.66895622538684
5419,120.07219766585143
5420,94.464032661851
5421,53.21066028157426
5422,
5423,
5424,
5425,
5426,
5427,
5428,
5429,
5430,
5431,
5432,
5433,
5434,
5435,
5436,
5437,
5438,
5439,
5440,
5441,
5442,
5443,
5444,
5445,
5446,
5447,
5448,
5449,
5450,
5451,
5452,
5453,
5454,
5455,
5456,
5457,
5458,
5459,
5460,
5461,
5462,
5463,
5464,
5465,
5466,
5467,
5468,
5469,
5470,
5471,
5472,
5473,
5474,
5475,
5476,
5477,
5478,
5479,
5480,
5481,
5482,
5483,
5484,
5485,
5486,
5487,
5488,
5489,
5490,
5491,
5492,
5493,
5494,
5495,
5496,
5497,
5498,
5499,
5500,
5501,
5502,
5503,
5504,
5505,
5506,
5507,
5508,
5509,
5510,
5511,
5512,
5513,
5514,
5515,
5516,
5517,
5518,
5519,
5520,
5521,
5522,
5523,
5524,
5525,
5526,
5527,
5528,
5529,
5530,
5531,
5532,
5533,
5534,
5535,
5536,
5537,
5538,
5539,
5540,
5541,
5542,
5543,
5544,
5545,
5546,
5547,
5548,
5549,
5550,
5551,
5552,
5553,
5554,
5555,
5556,
5557,
5558,
5559,
5560,
5561,
5562,
5563,
5564,
5565,
5566,
5567,
5568,
5569,
5570,
5571,
5572,
5573,
5574,
5575,
5576,
5577,
5578,
5579,
5580,
5581,
5582,
5583,
5584,
5585,
5586,
5587,
5588,
5589,
5590,
5591,
5592,
5593,
5594,
5595,
5596,
5597,
5598,
5599,
5600,
5601,
5602,
5603,
5604,
5605,
5606,
5607,
5608,
5609,
5610,
5611,
5612,
5613,
5614,
5615,
5616,
5617,
5618,
5619,
5620,
5621,
5622,
5623,
5624,
5625,
5626,
5627,
5628,
5629,
5630,
5631,
5632,
5633,
5634,
5635,
5636,
5637,
5638,
5639,
5640,
5641,
5642,
5643,
5644,
5645,
5646,
5647,
5648,
5649,
5650,
5651,
5652,
5653,
5654,
5655,
5656,
5657,
5658,
5659,
5660,
5661,
5662,
5663,
5664,
5665,
5666,
5667,
5668,
5669,
5670,
5671,
5672,
5673,
5674,
5675,
5676,
5677,
5678,
5679,
5680,
5681,
5682,
5683,
5684,
5685,
5686,
5687,
5688,
5689,
5690,
5691,
5692,
5693,
5694,
5695,
5696,
5697,
5698,
5699,
5700,
5701,
5702,
5703,
5704,
5705,
5706,
5707,
5708,
5709,
5710,
5711,
5712,
5713,
5714,
5715,
5716,
5717,
5718,
5719,
5720,
5721,
5722,
5723,
5724,
5725,
5726,
5727,
5728,
5729,
5730,
5731,
5732,51.910307471518834
5733,42.98206191591076
5734,29.28387582527557
5735,13.638525588509701
5736,3.951540715161406
5737,3.449815338851626
5738,5.498178048919365
5739,20.31654611432478
5740,45.918256930553504
5741,97.55952206170828
5742,148.14901464952388
5743,162.04397067521262
5744,196.7309537326788
5745,188.38599556431495
5746,192.64371082271757
5747,188.25125821184852
5748,170.6909629177209
5749,151.76957501587802
5750,129.73593653124678
5751,92.13694757053439
5752,78.83226843647473
5753,67.750738130849
5754,50.32264422330695
5755,46.242650779570916
5756,47.8428917436766
5757,39.32649484870383
5758,32.624112995538006
5759,13.339633965375233
5760,3.2426577035366275
5761,2.547818952708699
5762,2.438870802321167
5763,13.901701492688023
5764,31.182161001896176
5765,60.90919495182105
5766,101.3758454879872
5767,122.10748537454822
5768,178.46542954442785
5769,171.955784951404
5770,164.55988109389162
5771,169.17173525767032
5772,144.31790151588356
5773,121.00082682610673
5774,112.12410380920736
5775,78.1205271785445
5776,65.89998724738305
5777,57.35894817603446
5778,55.25076234637635
5779,32.13940439204652
5780,27.763368349286146
5781,20.95811277506321
5782,14.946314607403021
5783,6.405136647974999
5784,2.55428940317372
5785,3.110701446124197
5786,4.4983877338960525
5787,18.387469876691178
5788,41.84324320839485
5789,70.48433636911484
5790,92.02871621324935
5791,108.942437533779
5792,150.08249009784564
5793,141.73475733039865
5794,137.12809888556345
5795,152.41877507509406
5796,156.54618803063235
5797,159.15647050151273
5798,155.95032882445415
5799,118.57861276088047
5800,105.09980431062945
5801,88.21584580265721
5802,69.92259018101011
5803,27.443914564415326
5804,16.53241044323737
5805,6.734818431824074
5806,2.0538041273682395
5807,2.0746408977591835
5808,13.121129101983055
5809,63.79667268234925
5810,173.84983620361544
5811,338.0963016038546
5812,141.01932901321626
5813,57.56207445109206
5814,107.56329021646916
5815,112.75862159562469
5816,128.35115740123138
5817,140.58472586601582
5818,150.81968364802702
5819,262.1891236831932
5820,491.9727589254036
5821,443.2340765499816
5822,300.49409761984873
5823,235.73976807210855
5824,176.95317266700212
5825,113.74220161513476
5826,53.83597420976231
5827,24.31926533571399
5828,8.85108990197645
5829,5.933039869619251
5830,3.9150127579769793
5831,3.535259776328716
5832,19.003580042463625
5833,94.0376398327406
5834,232.24525399249862
5835,440.4093988068086
5836,232.33495311541364
5837,103.99035645771872
5838,107.0880963743898
5839,134.0565149296974
5840,126.69587572425813
5841,116.89714050077033
5842,125.31679240838788
5843,194.69984061370806
5844,301.15480734353486
5845,293.90217039399903
5846,202.69023289471986
5847,144.68820565204177
5848,105.12876164389449
5849,69.15203041955395
5850,29.872142719106677
5851,14.43258451074462
5852,5.471738430288286
5853,3.0303090086081523
5854,2.016038208886955
5855,1.7783047014886932
5856,13.617879019231921
5857,72.21883224085619
5858,204.82708424337625
5859,386.35334679575584
5860,226.99559923181434
5861,82.88225692885433
5862,91.17721773234538
5863,117.56480073595931
5864,113.21153313319004
5865,105.59706628128194
5866,116.27710242564787
5867,180.82864650700992
5868,306.59108758211823
5869,322.051816035402
5870,216.67296639168677
5871,158.90773127762085
5872,122.02420993548243
5873,82.37311447293985
5874,55.72215845797485
5875,
5876,
5877,
5878,
5879,
5880,
5881,
5882,
5883,
5884,
5885,
5886,
5887,
5888,
5889,
5890,
5891,
5892,
5893,
5894,
5895,
5896,
5897,
5898,
5899,
5900,
5901,
5902,
5903,
5904,
5905,
5906,
5907,
5908,
5909,
5910,
5911,
5912,
5913,
5914,
5915,
5916,
5917,
5918,
5919,
5920,
5921,
5922,
5923,
5924,
5925,
5926,
5927,
5928,
5929,
5930,
5931,
5932,
5933,
5934,
5935,
5936,
5937,
5938,
5939,
5940,
5941,
5942,
5943,
5944,
5945,
5946,
5947,
5948,
5949,
5950,
5951,
5952,
5953,
5954,
5955,
5956,
5957,
5958,
5959,
5960,
5961,
5962,
5963,
5964,
5965,
5966,
5967,
5968,
5969,
5970,
5971,
5972,
5973,
5974,
5975,
5976,
5977,
5978,
5979,
5980,
5981,
5982,
5983,
5984,
5985,
5986,
5987,
5988,
5989,
5990,
5991,
5992,
5993,
5994,
5995,
5996,
5997,
5998,
5999,
6000,
6001,
6002,
6003,
6004,
6005,
6006,
6007,
6008,
6009,
6010,
6011,
6012,
6013,
6014,
6015,
6016,
6017,
6018,
6019,
6020,
6021,
6022,
6023,
6024,
6025,
6026,
6027,
6028,
6029,
6030,
6031,
6032,
6033,
6034,
6035,
6036,
6037,
6038,
6039,
6040,
6041,
6042,
6043,
6044,
6045,
6046,
6047,
6048,
6049,
6050,
6051,
6052,
6053,
6054,
6055,
6056,
6057,
6058,
6059,
6060,
6061,
6062,
6063,
6064,
6065,
6066,
6067,
6068,
6069,
6070,
6071,
6072,
6073,
6074,
6075,
6076,
6077,
6078,
6079,
6080,
6081,
6082,
6083,
6084,
6085,
6086,
6087,
6088,
6089,
6090,
6091,
6092,
6093,
6094,
6095,
6096,
6097,
6098,
6099,
6100,
6101,
6102,
6103,
6104,
6105,
6106,
6107,
6108,
6109,
6110,
6111,
6112,
6113,
6114,
6115,
6116,
6117,
6118,
6119,
6120,
6121,
6122,
6123,
6124,
6125,
6126,
6127,
6128,
6129,
6130,
6131,
6132,
6133,
6134,
6135,
6136,
6137,
6138,
6139,
6140,
6141,
6142,
6143,
6144,
6145,
6146,
6147,
6148,
6149,
6150,
6151,
6152,
6153,
6154,
6155,
6156,
6157,
6158,
6159,
6160,
6161,
6162,
6163,
6164,
6165,
6166,
6167,
6168,
6169,
6170,
6171,
6172,
6173,
6174,
6175,
6176,
6177,
6178,
6179,
6180,
6181,
6182,
6183,
6184,
6185,
6186,19.292256374711233
6187,7.350030421746345
6188,5.454425818578722
6189,3.3286886060115775
6190,3.8165280755506337
6191,19.800376418738395
6192,91.54556760089505
6193,263.48005967514865
6194,480.60519243287644
6195,245.01424904394088
6196,104.12678704382998
6197,117.34099836698641
6198,134.31472929396153
6199,145.393211200985
6200,136.20510657044292
6201,147.3060523673069
6202,240.64702535139494
6203,470.18622194470765
6204,437.63062832695454
6205,294.9718883529362
6206,191.78035349476232
6207,137.96777536468102
6208,106.39742815836593
6209,52.25365819717835
6210,22.25406989812438
6211,9.803643039043832
6212,4.549329449710682
6213,3.8920497961547356
6214,3.695870834832319
6215,21.962565923739977
6216,98.73371407410245
6217,247.53545017529837
6218,484.1949112497421
6219,258.0854281955128
6220,107.39146385215757
6221,126.46000700655381
6222,158.6251439759963
6223,151.07946482790337
6224,141.70936818746085
6225,157.84158502022592
6226,239.90243572577415
6227,476.9655520081512
6228,438.9400938944871
6229,297.83368774639234
6230,206.44508601773126
6231,165.21389654990713
6232,107.95563517258294
6233,60.60395935470744
6234,21.540383156541733
6235,9.339943274552118
6236,5.941767719635792
6237,4.50141013094028
6238,3.2137204088454148
6239,21.676253102443937
6240,95.62051396400723
6241,262.4471116748276
6242,491.2727467004078
6243,257.4843949389801
6244,88.27346151563664
6245,103.43642366878949
6246,121.81044157699569
6247,97.5542763957875
6248,77.37468191565426
6249,96.52179959414822
6250,107.58291371197892
6251,214.73094201813686
6252,222.29957631849376
6253,204.6218581725346
6254,156.43857941690163
6255,130.27567470692463
6256,103.89075840714455
6257,76.18109867205696
6258,35.15544159099464
6259,12.2176212476226
6260,8.661626891078065
6261,5.581282865111636
6262,3.4265513479369747
6263,17.501236870710123
6264,84.0470521596798
6265,232.15053313219386
6266,459.01427350573397
6267,235.21219159035527
6268,126.73602889933332
6269,154.4955226681945
6270,193.3507530795921
6271,198.62837657369795
6272,171.15217372211484
6273,201.9008144850776
6274,286.2758483329773
6275,455.28199464828924
6276,409.79108433849484
6277,268.1464146651986
6278,166.6833681598002
6279,146.00946650360703
6280,112.02456337846233
6281,80.35578496916008
6282,70.49993656764798
6283,53.84965424994086
6284,36.06166103484015
6285,20.086099107139525
6286,6.443058080796426
6287,6.157339896501477
6288,9.572009588219101
6289,29.125313706095607
6290,77.10492691276283
6291,129.01206267490258
6292,184.10560269718945
6293,274.8101526692323
6294,334.34967510149255
6295,350.2055327891547
6296,352.2749170743237
6297,359.9768426003303
6298,356.8191524586862
6299,347.9734168977538
6300,256.67456273359096
6301,192.58618690803743
6302,159.4378388342179
6303,135.93123917713947
6304,107.9900742274889
6305,68.69037599211478
6306,58.85700601021799
6307,53.4880237036517
6308,44.34711500570719
6309,22.3643282394899
6310,6.40364100661064
6311,3.212783563386452
6312,4.932344031261485
6313,13.209747203963515
6314,46.95796581113971
6315,84.30364407907207
6316,145.45144952660834
6317,167.70539459357224
6318,234.25423005488457
6319,248.80905439892774
6320,271.3574937403372
6321,221.64227316265539
6322,228.8326864129911
6323,157.49557315239167
6324,146.96739548889732
6325,103.81519976155644
6326,82.85348865755705
6327,63.33541028651347
6328,57.963797521947185
6329,37.26681412634223
6330,
6331,
6332,
6333,
6334,
6335,
6336,
6337,
6338,
6339,
6340,
6341,
6342,
6343,
6344,
6345,
6346,
6347,
6348,
6349,
6350,
6351,
6352,
6353,
6354,
6355,
6356,
6357,
6358,
6359,
6360,
6361,
6362,
6363,
6364,
6365,
6366,
6367,
6368,
6369,
6370,
6371,
6372,
6373,
6374,
6375,
6376,
6377,
6378,
6379,
6380,
6381,
6382,
6383,
6384,
6385,
6386,
6387,
6388,
6389,
6390,
6391,
6392,
6393,
6394,
6395,
6396,
6397,
6398,
6399,
6400,
6401,
6402,
6403,
6404,
6405,
6406,
6407,
6408,
6409,
6410,
6411,
6412,
6413,
6414,
6415,
6416,
6417,
6418,
6419,
6420,
6421,
6422,
6423,
6424,
6425,
6426,
6427,
6428,
6429,
6430,
6431,
6432,
6433,
6434,
6435,
6436,
6437,
6438,
6439,
6440,
6441,
6442,
6443,
6444,
6445,
6446,
6447,
6448,
6449,
6450,
6451,
6452,
6453,
6454,
6455,
6456,
6457,
6458,
6459,
6460,
6461,
6462,
6463,
6464,
6465,
6466,
6467,
6468,
6469,
6470,
6471,
6472,
6473,
6474,
6475,
6476,
6477,
6478,
6479,
6480,
6481,
6482,
6483,
6484,
6485,
6486,
6487,
6488,
6489,
6490,
6491,
6492,
6493,
6494,
6495,
6496,
6497,
6498,
6499,
6500,
6501,
6502,
6503,
6504,
6505,
6506,
6507,
6508,
6509,
6510,
6511,
6512,
6513,
6514,
6515,
6516,
6517,
6518,
6519,
6520,
6521,
6522,
6523,
6524,
6525,
6526,
6527,
6528,
6529,
6530,
6531,
6532,
6533,
6534,
6535,
6536,
6537,
6538,
6539,
6540,
6541,
6542,
6543,
6544,
6545,
6546,
6547,
6548,
6549,
6550,
6551,
6552,
6553,
6554,
6555,
6556,
6557,
6558,
6559,
6560,
6561,
6562,
6563,
6564,
6565,
6566,
6567,
6568,
6569,
6570,
6571,
6572,
6573,
6574,
6575,
6576,
6577,
6578,
6579,
6580,
6581,
6582,
6583,
6584,
6585,
6586,
6587,
6588,
6589,
6590,
6591,
6592,
6593,
6594,
6595,
6596,
6597,
6598,
6599,
6600,
6601,
6602,
6603,
6604,
6605,
6606,
6607,
6608,
6609,
6610,
6611,
6612,
6613,
6614,
6615,
6616,
6617,
6618,
6619,
6620,
6621,
6622,
6623,
6624,
6625,
6626,
6627,
6628,
6629,
6630,
6631,
6632,
6633,
6634,
6635,
6636,
6637,
6638,
6639,
6640,
6641,30.775317511608584
6642,12.90387388492657
6643,5.490424249459299
6644,4.941824734112588
6645,3.9357891964482032
6646,27.840051222404856
6647,126.75246517173133
6648,385.0241221630247
6649,668.0596587664176
6650,313.0716353587267
6651,178.83578631170587
6652,207.91599219956422
6653,276.120157893881
6654,262.7540280483133
6655,224.81544297188316
6656,268.38189706614816
6657,373.7095533385291
6658,703.4696357161953
6659,676.4246485178095
6660,487.7301117985958
6661,338.0850672454197
6662,256.128456892558
6663,172.88769416621443
6664,109.48168588327404
6665,35.04965216617686
6666,15.980978437102781
6667,7.546760131800241
6668,5.2840850624802975
6669,4.746598958115647
6670,24.62929485073122
6671,121.1731610456726
6672,381.9288142584356
6673,661.3027033432351
6674,331.47144174605216
6675,186.17413829725734
6676,225.58720317177068
6677,274.9607895968187
6678,272.6056839157641
6679,254.46459965452283
6680,262.6290469122967
6681,375.2868200361653
6682,725.5858619473648
6683,676.6785334140427
6684,469.479896755882
6685,285.4643863544156
6686,249.58356404887093
6687,182.9369665542607
6688,125.20968272991446
6689,55.8159314998783
6690,17.009550995288965
6691,12.436144654553654
6692,5.493276909803124
6693,3.4557691665317924
6694,20.0592342000021
6695,90.96839904383295
6696,305.8886681809603
6697,577.892728167256
6698,340.83320392643134
6699,163.8036366013762
6700,210.42127715625722
6701,277.4443197749874
6702,281.91324770371494
6703,269.3030085361961
6704,167.09263274763848
6705,247.75563134349107
6706,473.50649605472523
6707,449.5869214164484
6708,350.73348603575454
6709,283.5004660934653
6710,183.20061283712187
6711,152.38273905994097
6712,111.90503450856748
6713,62.32994252085127
6714,57.593677363070285
6715,50.76366850344376
6716,26.76304017871424
6717,10.659131201376809
6718,8.517026645923957
6719,14.982272553033338
6720,49.65532393140434
6721,130.687963957163
6722,198.1405047426706
6723,314.7271444911916
6724,410.05190838814167
6725,528.0738105897656
6726,544.440808645246
6727,565.1027426551658
6728,566.9701496696165
6729,547.9269914428583
6730,487.24618211121543
6731,402.49752845112215
6732,337.92393877779705
6733,290.21046167943183
6734,249.1741670151188
6735,197.86376334273018
6736,143.2099201814429
6737,77.83394096867642
6738,76.54632008348119
6739,63.29395940459531
6740,34.7242857418832
6741,10.732155746096149
6742,8.31472362967066
6743,12.590040473316844
6744,36.0878676954334
6745,105.71742882191633
6746,164.51095946871516
6747,239.53467458677443
6748,322.8445967117739
6749,396.502461540252
6750,436.770904244479
6751,432.3366143820129
6752,487.9533791385062
6753,457.5694814792939
6754,455.9888162398125
6755,383.19965317764456
6756,317.7922658111131
6757,255.23438071034067
6758,208.91061022104864
6759,140.22366821481046
6760,93.36073850165667
6761,24.971013766839256
6762,10.467536419710003
6763,4.940703191954455
6764,4.162866154032112
6765,4.105253790831498
6766,23.912642251446936
6767,109.24278431428539
6768,374.0787603932566
6769,638.3454761475217
6770,310.7406517733118
6771,176.76544899039428
6772,209.33812911540184
6773,244.3787336870887
6774,241.66734957679162
6775,224.6525970519629
6776,237.94795069415352
6777,371.0142305903902
6778,711.9778718170622
6779,666.9019224055842
6780,486.1443502912106
6781,340.11547161327036
6782,245.85162945316435
6783,142.85379499316778
6784,74.85712876132493
6785,
6786,
6787,
6788,
6789,
6790,
6791,
6792,
6793,
6794,
6795,
6796,
6797,
6798,
6799,
6800,
6801,
6802,
6803,
6804,
6805,
6806,
6807,
6808,
6809,
6810,
6811,
6812,
6813,
6814,
6815,
6816,
6817,
6818,
6819,
6820,
6821,
6822,
6823,
6824,
6825,
6826,
6827,
6828,
6829,
6830,
6831,
6832,
6833,
6834,
6835,
6836,
6837,
6838,
6839,
6840,
6841,
6842,
6843,
6844,
6845,
6846,
6847,
6848,
6849,
6850,
6851,
6852,
6853,
6854,
6855,
6856,
6857,
6858,
6859,
6860,
6861,
6862,
6863,
6864,
6865,
6866,
6867,
6868,
6869,
6870,
6871,
6872,
6873,
6874,
6875,
6876,
6877,
6878,
6879,
6880,
6881,
6882,
6883,
6884,
6885,
6886,
6887,
6888,
6889,
6890,
6891,
6892,
6893,
6894,
6895,
6896,
6897,
6898,
6899,
6900,
6901,
6902,
6903,
6904,
6905,
6906,
6907,
6908,
6909,
6910,
6911,
6912,
6913,
6914,
6915,
6916,
6917,
6918,
6919,
6920,
6921,
6922,
6923,
6924,
6925,
6926,
6927,
6928,
6929,
6930,
6931,
6932,
6933,
6934,
6935,
6936,
6937,
6938,
6939,
6940,
6941,
6942,
6943,
6944,
6945,
6946,
6947,
6948,
6949,
6950,
6951,
6952,
6953,
6954,
6955,
6956,
6957,
6958,
6959,
6960,
6961,
6962,
6963,
6964,
6965,
6966,
6967,
6968,
6969,
6970,
6971,
6972,
6973,
6974,
6975,
6976,
6977,
6978,
6979,
6980,
6981,
6982,
6983,
6984,
6985,
6986,
6987,
6988,
6989,
6990,
6991,
6992,
6993,
6994,
6995,
6996,
6997,
6998,
6999,
7000,
7001,
7002,
7003,
7004,
7005,
7006,
7007,
7008,
7009,
7010,
7011,
7012,
7013,
7014,
7015,
7016,
7017,
7018,
7019,
7020,
7021,
7022,
7023,
7024,
7025,
7026,
7027,
7028,
7029,
7030,
7031,
7032,
7033,
7034,
7035,
7036,
7037,
7038,
7039,
7040,
7041,
7042,
7043,
7044,
7045,
7046,
7047,
7048,
7049,
7050,
7051,
7052,
7053,
7054,
7055,
7056,
7057,
7058,
7059,
7060,
7061,
7062,
7063,
7064,
7065,
7066,
7067,
7068,
7069,
7070,
7071,
7072,
7073,
7074,
7075,
7076,
7077,
7078,
7079,
7080,
7081,
7082,
7083,
7084,
7085,
7086,
7087,
7088,
7089,
7090,
7091,
7092,
7093,
7094,
7095,90.04574701671072
7096,75.0979214979471
7097,47.155925984803694
7098,23.93041522908895
7099,9.27582694861619
7100,10.735455539500585
7101,24.81253522664804
7102,65.64628304658635
7103,153.03468422940892
7104,277.8011285554905
7105,377.5420047349793
7106,501.97240971445683
7107,557.0224315888452
7108,579.674021107207
7109,555.7201040849351
7110,545.8975197211919
7111,535.7928901839174
7112,526.1718065352915
7113,450.56598173302467
7114,372.0667913541394
7115,232.9870583172012
7116,186.7948020176331
7117,176.33442798865465
7118,137.1149671810678
7119,94.11111446283098
7120,78.95544168078364
7121,58.68679721485491
7122,26.337028949459253
7123,8.462878062256312
7124,9.106528193090407
7125,20.31014668169477
7126,47.92752980630274
7127,124.54007410396393
7128,225.6212193563349
7129,346.78698826470645
7130,446.64661845435654
7131,524.2739754155643
7132,530.7176276752245
7133,535.9219765536606
7134,516.9756994835988
7135,513.5154811897387
7136,491.2045057658242
7137,430.86002824744156
7138,363.40247720329654
7139,261.1701032586513
7140,195.05185416438516
7141,144.68897120302825
7142,91.19530121606026
7143,84.10065271703975
7144,55.961921604415934
7145,34.29301974293572
7146,15.544380190321027
7147,6.27985342539641
7148,9.30065622122081
7149,28.510636479676805
7150,76.81201101134761
7151,184.82321023608003
7152,267.15297527750266
7153,339.4718567219815
7154,423.9288777858732
7155,480.8712977717127
7156,484.8780032794484
7157,472.7582826713914
7158,463.43233731997776
7159,486.3512200647967
7160,505.85790728427355
7161,464.20548351944535
7162,412.12346110063714
7163,337.9282889666117
7164,278.0502590738799
7165,205.0627066402945
7166,118.22718824037844
7167,31.200316736934397
7168,12.285558599499645
7169,5.071414559589145
7170,3.9578763264323817
7171,4.029450313687148
7172,24.62026003344426
7173,110.36733299905671
7174,397.27567562331967
7175,611.8360337716335
7176,299.3778904186734
7177,169.43237250466277
7178,207.52690891883705
7179,253.7791076706193
7180,259.2643808032779
7181,226.67280951721338
7182,241.95633586119595
7183,371.6613793062916
7184,744.6641055931699
7185,737.9830927705029
7186,542.7315723744298
7187,342.7054165861999
7188,244.38915759996505
7189,166.50114695716482
7190,83.89864965542752
7191,33.59347545407153
7192,12.9370484246871
7193,6.74316780059524
7194,3.8624379213661992
7195,2.996864106434541
7196,19.54512735192074
7197,100.7518650791301
7198,358.3440911007171
7199,477.6461684964968
7200,212.13433978034908
7201,137.7745965953899
7202,156.87792525746275
7203,205.2078957833923
7204,173.85382191118413
7205,161.43979053161
7206,154.31603033095917
7207,276.7694078507869
7208,580.7018484976135
7209,558.0336486960315
7210,377.6125460510379
7211,245.20381695542451
7212,167.21384520324534
7213,157.80262582157815
7214,93.61148504883049
7215,24.30095023691783
7216,12.312393393568172
7217,7.34096072342898
7218,4.561613882664562
7219,4.404256414311659
7220,26.026144515385244
7221,107.59492975076637
7222,370.5470419469412
7223,670.7095498916123
7224,336.5988621164211
7225,174.6208292757463
7226,222.1675178706153
7227,280.2556012543441
7228,269.01693400524204
7229,243.57441992534086
7230,265.3826263040281
7231,388.01701977406503
7232,727.4761410622683
7233,729.0784704560768
7234,494.76161376543337
7235,345.24954363212
7236,243.72803554805813
7237,186.98198452804112
7238,143.32930717455318
7239,
7240,
7241,
7242,
7243,
7244,
7245,
7246,
7247,
7248,
7249,
7250,
7251,
7252,
7253,
7254,
7255,
7256,
7257,
7258,
7259,
7260,
7261,
7262,
7263,
7264,
7265,
7266,
7267,
7268,
7269,
7270,
7271,
7272,
7273,
7274,
7275,
7276,
7277,
7278,
7279,
7280,
7281,
7282,
7283,
7284,
7285,
7286,
7287,
7288,
7289,
7290,
7291,
7292,
7293,
7294,
7295,
7296,
7297,
7298,
7299,
7300,
7301,
7302,
7303,
7304,
7305,
7306,
7307,
7308,
7309,
7310,
7311,
7312,
7313,
7314,
7315,
7316,
7317,
7318,
7319,
7320,
7321,
7322,
7323,
7324,
7325,
7326,
7327,
7328,
7329,
7330,
7331,
7332,
7333,
7334,
7335,
7336,
7337,
7338,
7339,
7340,
7341,
7342,
7343,
7344,
7345,
7346,
7347,
7348,
7349,
7350,
7351,
7352,
7353,
7354,
7355,
7356,
7357,
7358,
7359,
7360,
7361,
7362,
7363,
7364,
7365,
7366,
7367,
7368,
7369,
7370,
7371,
7372,
7373,
7374,
7375,
7376,
7377,
7378,
7379,
7380,
7381,
7382,
7383,
7384,
7385,
7386,
7387,
7388,
7389,
7390,
7391,
7392,
7393,
7394,
7395,
7396,
7397,
7398,
7399,
7400,
7401,
7402,
7403,
7404,
7405,
7406,
7407,
7408,
7409,
7410,
7411,
7412,
7413,
7414,
7415,
7416,
7417,
7418,
7419,
7420,
7421,
7422,
7423,
7424,
7425,
7426,
7427,
7428,
7429,
7430,
7431,
7432,
7433,
7434,
7435,
7436,
7437,
7438,
7439,
7440,
7441,
7442,
7443,
7444,
7445,
7446,
7447,
7448,
7449,
7450,
7451,
7452,
7453,
7454,
7455,
7456,
7457,
7458,
7459,
7460,
7461,
7462,
7463,
7464,
7465,
7466,
7467,
7468,
7469,
7470,
7471,
7472,
7473,
7474,
7475,
7476,
7477,
7478,
7479,
7480,
7481,
7482,
7483,
7484,
7485,
7486,
7487,
7488,
7489,
7490,
7491,
7492,
7493,
7494,
7495,
7496,
7497,
7498,
7499,
7500,
7501,
7502,
7503,
7504,
7505,
7506,
7507,
7508,
7509,
7510,
7511,
7512,
7513,
7514,
7515,
7516,
7517,
7518,
7519,
7520,
7521,
7522,
7523,
7524,
7525,
7526,
7527,
7528,
7529,
7530,
7531,
7532,
7533,
7534,
7535,
7536,
7537,
7538,
7539,
7540,
7541,
7542,
7543,
7544,
7545,
7546,
7547,
7548,
7549,
7550,
7551,37.10853998678484
7552,14.789586665300607
7553,8.786243915993804
7554,4.358658818079732
7555,4.740035541312534
7556,30.11010548430429
7557,102.43942391380207
7558,267.98096070285044
7559,400.415609688189
7560,188.4877992653708
7561,116.83998267929601
7562,180.3994504423234
7563,204.0138641662845
7564,252.81855353231768
7565,231.84292020578206
7566,262.9561170484653
7567,334.9448122142663
7568,493.1730687238412
7569,607.574855410572
7570,335.0288490985295
7571,216.4754827626191
7572,197.93164847310135
7573,161.4251619146386
7574,88.16321653710352
7575,25.43128098394696
7576,9.657404334127916
7577,5.146976159870557
7578,3.4477199376481154
7579,4.681130844594576
7580,28.488243529733843
7581,120.63092611811909
7582,288.3709669783528
7583,626.3519888884581
7584,308.86817532671245
7585,175.84987772344047
7586,190.4873306664966
7587,257.79513089716556
7588,182.4946155106361
7589,226.42705776511076
7590,272.63198946529
7591,402.27751991514424
7592,724.8849256139231
7593,724.8212730302571
7594,527.5590622219848
7595,238.91525001044465
7596,178.82967303522096
7597,186.57642412117085
7598,74.68053441738257
7599,34.47684552487952
7600,10.656692462538395
7601,6.717077690466504
7602,4.951934700633206
7603,5.296531802069663
7604,34.58235646363451
7605,161.11960788036703
7606,476.9796981270691
7607,656.5129425207507
7608,330.36956780116896
7609,189.3992788293502
7610,227.83399733263823
7611,284.4288531457909
7612,288.93257443601976
7613,256.3551707631131
7614,269.53389261742586
7615,380.3734920853594
7616,708.7114436539399
7617,699.0891233079301
7618,526.8553355173698
7619,390.9878520340837
7620,291.8958799305773
7621,231.41919098569414
7622,135.93389663457387
7623,47.78481466973426
7624,18.324240888994353
7625,9.506361219146347
7626,7.113509433485286
7627,5.8407133362439385
7628,30.914971052338217
7629,154.6431122282163
7630,460.57495819961116
7631,647.2762142173134
7632,313.08611898079727
7633,188.69843803333674
7634,232.75937181322712
7635,295.2308363664756
7636,291.6868544468473
7637,263.7575671664573
7638,294.50538946448023
7639,429.2594421215563
7640,769.6349115519815
7641,765.8281636640305
7642,552.7132233558217
7643,397.91238165811245
7644,281.5938941138124
7645,228.5875157316097
7646,153.62897098693207
7647,72.61387409512
7648,31.175256817818326
7649,14.879650670652326
7650,7.818874704607005
7651,5.222504330041109
7652,28.436065166733886
7653,132.9026822125136
7654,398.553931498628
7655,630.3535584746156
7656,327.4975304098243
7657,220.33955480210315
7658,272.29558607876623
7659,360.42768443227305
7660,372.6993960772227
7661,355.6776688525152
7662,392.8227102692293
7663,487.08344817461295
7664,726.3753887878431
7665,665.1941604367024
7666,470.1603748733166
7667,344.9253302843648
7668,275.253789117978
7669,220.1599577398514
7670,172.46189183154732
7671,130.59379775776057
7672,100.83907733955401
7673,66.80234219607051
7674,26.234837211168365
7675,10.942822703860486
7676,12.306047962224588
7677,33.49853075716277
7678,66.23230672538507
7679,185.64158804014875
7680,314.00119149677823
7681,422.7072947210084
7682,538.7100169472369
7683,626.7580417238078
7684,632.8177871685806
7685,607.4996312030189
7686,605.7266026985155
7687,593.8703357815232
7688,558.2953513746298
7689,493.83138305589216
7690,427.6110687721319
7691,316.2748954791561
7692,261.05354789415514
7693,240.0625909561844
7694,183.55156303029437
7695,
7696,
7697,
7698,
7699,
7700,
7701,
7702,
7703,
7704,
7705,
7706,
7707,
7708,
7709,
7710,
7711,
7712,
7713,
7714,
7715,
7716,
7717,
7718,
7719,
7720,
7721,
7722,
7723,
7724,
7725,
7726,
7727,
7728,
7729,
7730,
7731,
7732,
7733,
7734,
7735,
7736,
7737,
7738,
7739,
7740,
7741,
7742,
7743,
7744,
7745,
7746,
7747,
7748,
7749,
7750,
7751,
7752,
7753,
7754,
7755,
7756,
7757,
7758,
7759,
7760,
7761,
7762,
7763,
7764,
7765,
7766,
7767,
7768,
7769,
7770,
7771,
7772,
7773,
7774,
7775,
7776,
7777,
7778,
7779,
7780,
7781,
7782,
7783,
7784,
7785,
7786,
7787,
7788,
7789,
7790,
7791,
7792,
7793,
7794,
7795,
7796,
7797,
7798,
7799,
7800,
7801,
7802,
7803,
7804,
7805,
7806,
7807,
7808,
7809,
7810,
7811,
7812,
7813,
7814,
7815,
7816,
7817,
7818,
7819,
7820,
7821,
7822,
7823,
7824,
7825,
7826,
7827,
7828,
7829,
7830,
7831,
7832,
7833,
7834,
7835,
7836,
7837,
7838,
7839,
7840,
7841,
7842,
7843,
7844,
7845,
7846,
7847,
7848,
7849,
7850,
7851,
7852,
7853,
7854,
7855,
7856,
7857,
7858,
7859,
7860,
7861,
7862,
7863,
7864,
7865,
7866,
7867,
7868,
7869,
7870,
7871,
7872,
7873,
7874,
7875,
7876,
7877,
7878,
7879,
7880,
7881,
7882,
7883,
7884,
7885,
7886,
7887,
7888,
7889,
7890,
7891,
7892,
7893,
7894,
7895,
7896,
7897,
7898,
7899,
7900,
7901,
7902,
7903,
7904,
7905,
7906,
7907,
7908,
7909,
7910,
7911,
7912,
7913,
7914,
7915,
7916,
7917,
7918,
7919,
7920,
7921,
7922,
7923,
7924,
7925,
7926,
7927,
7928,
7929,
7930,
7931,
7932,
7933,
7934,
7935,
7936,
7937,
7938,
7939,
7940,
7941,
7942,
7943,
7944,
7945,
7946,
7947,
7948,
7949,
7950,
7951,
7952,
7953,
7954,
7955,
7956,
7957,
7958,
7959,
7960,
7961,
7962,
7963,
7964,
7965,
7966,
7967,
7968,
7969,
7970,
7971,
7972,
7973,
7974,
7975,
7976,
7977,
7978,
7979,
7980,
7981,
7982,
7983,
7984,
7985,
7986,
7987,
7988,
7989,
7990,
7991,
7992,
7993,
7994,
7995,
7996,
7997,
7998,
7999,
8000,
8001,
8002,
8003,
8004,
8005,
8006,
8007,61.81701321926898
8008,24.75068317927214
8009,14.024149523570793
8010,9.573413678927846
8011,8.79369854938689
8012,39.61707797182334
8013,174.85880718760933
8014,506.49126757493354
8015,695.4181637236113
8016,332.1666687766316
8017,198.84882692200154
8018,239.3924038069171
8019,300.0636377569553
8020,289.1893443164664
8021,266.21912861333493
8022,295.42213888347857
8023,440.8627060778216
8024,813.1268487752321
8025,799.673088293064
8026,612.869344477204
8027,447.77914192099246
8028,324.2295605313911
8029,226.41040551418055
8030,168.82817595925314
8031,81.90502681658369
8032,33.39878142636278
8033,14.952029132903917
8034,8.731084314079292
8035,7.5993146193287
8036,34.2060552154016
8037,144.83480667096833
8038,437.97620323000393
8039,678.5608955457609
8040,343.0148585963628
8041,229.8050819778361
8042,278.7194293092337
8043,366.2423557304391
8044,379.8036769762181
8045,370.0081560807807
8046,402.2146687372062
8047,505.888915215378
8048,776.3426665535197
8049,718.0376129422256
8050,547.3735730615367
8051,408.69214160693696
8052,316.5834359996976
8053,271.852171344003
8054,208.4280664283619
8055,147.86269143899213
8056,117.02297187338102
8057,78.46187476399707
8058,33.630268079090825
8059,15.82898795921622
8060,19.24875431263577
8061,42.5956030552452
8062,87.69208384501525
8063,208.1090040427928
8064,329.2369730432033
8065,438.1542366661448
8066,558.8432060120741
8067,624.137587378199
8068,639.0765265447509
8069,625.8589623970196
8070,619.4445332210116
8071,598.0732143281766
8072,569.0195657518523
8073,485.3815793799278
8074,423.2108315311984
8075,294.35660124662763
8076,249.95786294009756
8077,257.98613293392737
8078,210.1789668441338
8079,138.90270990819542
8080,117.0045877452735
8081,80.30768652512685
8082,34.308061110764655
8083,13.437487216545211
8084,15.37746187644478
8085,31.86969814266348
8086,65.40584400120301
8087,149.16181255691697
8088,255.13308771365018
8089,369.08759051219414
8090,483.4195253974351
8091,568.3607769488449
8092,565.5226055289454
8093,563.0210034884132
8094,551.322184960421
8095,535.9759898799614
8096,496.66600400464836
8097,443.4764039237764
8098,387.0537177591452
8099,303.0605039224381
8100,229.3982115304146
8101,165.43800963655235
8102,104.75937133949961
8103,39.090499590090495
8104,16.923038064137316
8105,8.861962540977318
8106,5.03070331855495
8107,6.88816037209372
8108,33.53428885648674
8109,115.46786875538747
8110,275.7261787467993
8111,626.6996667277106
8112,305.1824194765387
8113,111.69760734173738
8114,187.20143708836542
8115,161.79660891396932
8116,259.01733584853014
8117,242.3825861397545
8118,263.3443350697919
8119,403.0727983541354
8120,791.1079932844663
8121,766.1104781136864
8122,541.9791883808035
8123,316.35083270598744
8124,240.5254186438196
8125,159.15341440088588
8126,80.44886798023637
8127,31.098047075353094
8128,12.642326851698938
8129,7.423026993127957
8130,5.516011496745414
8131,6.722818562799187
8132,36.87866918315145
8133,161.97064948575527
8134,471.9704284744296
8135,682.1230153668822
8136,327.8430161594592
8137,197.22873223659604
8138,229.06633114164615
8139,277.25432132603703
8140,269.95039146901945
8141,248.24343757085762
8142,262.75237679680856
8143,411.16469573763305
8144,777.239201621866
8145,763.031226493248
8146,574.428781636605
8147,432.4198272613241
8148,300.96000645049367
8149,213.47294745202797
8150,114.87793985721589
8151,
8152,
8153,
8154,
8155,
8156,
8157,
8158,
8159,
8160,
8161,
8162,
8163,
8164,
8165,
8166,
8167,
8168,
8169,
8170,
8171,
8172,
8173,
8174,
8175,
8176,
8177,
8178,
8179,
8180,
8181,
8182,
8183,
8184,
8185,
8186,
8187,
8188,
8189,
8190,
8191,
8192,
8193,
8194,
8195,
8196,
8197,
8198,
8199,
8200,
8201,
8202,
8203,
8204,
8205,
8206,
8207,
8208,
8209,
8210,
8211,
8212,
8213,
8214,
8215,
8216,
8217,
8218,
8219,
8220,
8221,
8222,
8223,
8224,
8225,
8226,
8227,
8228,
8229,
8230,
8231,
8232,
8233,
8234,
8235,
8236,
8237,
8238,
8239,
8240,
8241,
8242,
8243,
8244,
8245,
8246,
8247,
8248,
8249,
8250,
8251,
8252,
8253,
8254,
8255,
8256,
8257,
8258,
8259,
8260,
8261,
8262,
8263,
8264,
8265,
8266,
8267,
8268,
8269,
8270,
8271,
8272,
8273,
8274,
8275,
8276,
8277,
8278,
8279,
8280,
8281,
8282,
8283,
8284,
8285,
8286,
8287,
8288,
8289,
8290,
8291,
8292,
8293,
8294,
8295,
8296,
8297,
8298,
8299,
8300,
8301,
8302,
8303,
8304,
8305,
8306,
8307,
8308,
8309,
8310,
8311,
8312,
8313,
8314,
8315,
8316,
8317,
8318,
8319,
8320,
8321,
8322,
8323,
8324,
8325,
8326,
8327,
8328,
8329,
8330,
8331,
8332,
8333,
8334,
8335,
8336,
8337,
8338,
8339,
8340,
8341,
8342,
8343,
8344,
8345,
8346,
8347,
8348,
8349,
8350,
8351,
8352,
8353,
8354,
8355,
8356,
8357,
8358,
8359,
8360,
8361,
8362,
8363,
8364,
8365,
8366,
8367,
8368,
8369,
8370,
8371,
8372,
8373,
8374,
8375,
8376,
8377,
8378,
8379,
8380,
8381,
8382,
8383,
8384,
8385,
8386,
8387,
8388,
8389,
8390,
8391,
8392,
8393,
8394,
8395,
8396,
8397,
8398,
8399,
8400,
8401,
8402,
8403,
8404,
8405,
8406,
8407,
8408,
8409,
8410,
8411,
8412,
8413,
8414,
8415,
8416,
8417,
8418,
8419,
8420,
8421,
8422,
8423,
8424,
8425,
8426,
8427,
8428,
8429,
8430,
8431,
8432,
8433,
8434,
8435,
8436,
8437,
8438,
8439,
8440,
8441,
8442,
8443,
8444,
8445,
8446,
8447,
8448,
8449,
8450,
8451,
8452,
8453,
8454,
8455,
8456,
8457,
8458,
8459,
8460,
8461,
8462,
8463,153.42868644287844
8464,114.25196458739366
8465,81.56036279110138
8466,37.42160587626842
8467,13.440591004576897
8468,16.37257496613142
8469,29.89633240066223
8470,73.15664417932433
8471,196.78646570042937
8472,316.14837751797666
8473,376.26886613979786
8474,462.2764527286978
8475,551.168631753273
8476,527.9984108241865
8477,497.04406652887326
8478,491.6768629848742
8479,383.4320392941849
8480,290.58822663598045
8481,348.24033982991926
8482,288.04798374958574
8483,265.185413017382
8484,259.1818727792461
8485,245.16454109052373
8486,181.533874740049
8487,136.7045416680924
8488,95.54098329501514
8489,72.48240864480923
8490,34.725429007512346
8491,13.28485938247406
8492,16.23037075157659
8493,26.622806002273
8494,55.30467498829912
8495,127.21722912441035
8496,249.87286690014048
8497,343.9120083339621
8498,437.72703431042095
8499,491.1734488685535
8500,470.0498508851887
8501,397.12516288346717
8502,409.3661022723317
8503,422.81148389371896
8504,387.1907928184317
8505,188.634699978607
8506,240.91773836681864
8507,245.17666447976023
8508,210.9783747054068
8509,163.58925278588546
8510,105.87089681099786
8511,32.23980334810633
8512,17.755079381454753
8513,11.115734499839641
8514,6.809586813053171
8515,6.75603732210204
8516,37.75197428835389
8517,151.08031067958368
8518,455.1024967670665
8519,628.3719518339371
8520,304.27775238967564
8521,181.5540599326225
8522,223.33344839825253
8523,262.47722204431255
8524,250.1770034752513
8525,233.02684493576712
8526,251.8381123063747
8527,395.70204995612943
8528,750.2616004283473
8529,722.9530865246323
8530,568.4970088239342
8531,431.9587731190812
8532,307.6742472609886
8533,218.67650025710304
8534,106.36022539415292
8535,39.24565529245339
8536,17.432970310274865
8537,11.964255044824018
8538,6.798624954973736
8539,6.961201511146932
8540,40.6413279546925
8541,179.51098561617735
8542,474.2441623409176
8543,662.6882068035328
8544,331.4251626860778
8545,200.6059667898946
8546,233.47939180307833
8547,291.8501128458758
8548,263.7744691280316
8549,238.1657944997273
8550,262.1944031847276
8551,381.68883685106704
8552,718.860810184645
8553,724.12949424699
8554,541.973934618532
8555,444.4531953911788
8556,345.5580897263479
8557,245.54035098068366
8558,123.26608399308007
8559,56.63899549245645
8560,23.635477285207177
8561,11.325464517142738
8562,8.418872458228027
8563,8.92920719375123
8564,43.1191016408394
8565,183.2968631240414
8566,500.2675680739445
8567,670.1320998724066
8568,294.38186841753566
8569,195.69797431772864
8570,232.93259642937315
8571,277.226607902488
8572,272.6810860229647
8573,245.28239458993332
8574,232.30981092128644
8575,428.3862916994634
8576,791.3977199056003
8577,803.7141316225143
8578,609.3664866822891
8579,496.34960578755164
8580,359.4874551741124
8581,279.7645479527417
8582,158.48247304003635
8583,60.97138889729329
8584,23.95539754081804
8585,12.68709878237514
8586,9.056593947159532
8587,8.826554051432328
8588,42.92865208663875
8589,176.33429620229077
8590,482.08455956176556
8591,661.6023133409469
8592,345.79468527486483
8593,198.82267377597603
8594,229.58770891763672
8595,266.30968038494865
8596,268.1152137987063
8597,238.24718650813455
8598,273.7348947728384
8599,402.37659582646927
8600,707.6234084458459
8601,702.2784919889797
8602,567.7163316383072
8603,456.5238849409394
8604,124.85682784102923
8605,120.67044761108944
8606,116.90418124958856
8607,
8608,
8609,
8610,
8611,
8612,
8613,
8614,
8615,
8616,
8617,
8618,
8619,
8620,
8621,
8622,
8623,
8624,
8625,
8626,
8627,
8628,
8629,
8630,
8631,
8632,
8633,
8634,
8635,
8636,
8637,
8638,
8639,
8640,
8641,
8642,
8643,
8644,
8645,
8646,
8647,
8648,
8649,
8650,
8651,
8652,
8653,
8654,
8655,
8656,
8657,
8658,
8659,
8660,
8661,
8662,
8663,
8664,
8665,
8666,
8667,
8668,
8669,
8670,
8671,
8672,
8673,
8674,
8675,
8676,
8677,
8678,
8679,
8680,
8681,
8682,
8683,
8684,
8685,
8686,
8687,
8688,
8689,
8690,
8691,
8692,
8693,
8694,
8695,
8696,
8697,
8698,
8699,
8700,
8701,
8702,
8703,
8704,
8705,
8706,
8707,
8708,
8709,
8710,
8711,
8712,
8713,
8714,
8715,
8716,
8717,
8718,
8719,
8720,
8721,
8722,
8723,
8724,
8725,
8726,
8727,
8728,
8729,
8730,
8731,
8732,
8733,
8734,
8735,
8736,
8737,
8738,
8739,
8740,
8741,
8742,
8743,
8744,
8745,
8746,
8747,
8748,
8749,
8750,
8751,
8752,
8753,
8754,
8755,
8756,
8757,
8758,
8759,
8760,
8761,
8762,
8763,
8764,
8765,
8766,
8767,
8768,
8769,
8770,
8771,
8772,
8773,
8774,
8775,
8776,
8777,
8778,
8779,
8780,
8781,
8782,
8783,
8784,
8785,
8786,
8787,
8788,
8789,
8790,
8791,
8792,
8793,
8794,
8795,
8796,
8797,
8798,
8799,
8800,
8801,
8802,
8803,
8804,
8805,
8806,
8807,
8808,
8809,
8810,
8811,
8812,
8813,
8814,
8815,
8816,
8817,
8818,
8819,
8820,
8821,
8822,
8823,
8824,
8825,
8826,
8827,
8828,
8829,
8830,
8831,
8832,
8833,
8834,
8835,
8836,
8837,
8838,
8839,
8840,
8841,
8842,
8843,
8844,
8845,
8846,
8847,
8848,
8849,
8850,
8851,
8852,
8853,
8854,
8855,
8856,
8857,
8858,
8859,
8860,
8861,
8862,
8863,
8864,
8865,
8866,
8867,
8868,
8869,
8870,
8871,
8872,
8873,
8874,
8875,
8876,
8877,
8878,
8879,
8880,
8881,
8882,
8883,
8884,
8885,
8886,
8887,
8888,
8889,
8890,
8891,
8892,
8893,
8894,
8895,
8896,
8897,
8898,
8899,
8900,
8901,
8902,
8903,
8904,
8905,
8906,
8907,
8908,
8909,
8910,
8911,
8912,
8913,
8914,
8915,
8916,
8917,
8918,
8919,40.76244158258952
8920,16.52632459571928
8921,8.227000099567492
8922,7.013750823947683
8923,7.028061908930307
8924,34.37383824749828
8925,117.86236186638757
8926,468.822781047708
8927,585.1895549293
8928,334.5272648303594
8929,171.67905672915242
8930,232.06150610816266
8931,282.7927490222055
8932,277.17318818611653
8933,246.66573668349162
8934,272.00652431314455
8935,431.6432533969013
8936,856.4205945778252
8937,829.29139242542
8938,610.7892183031333
8939,434.62956695161677
8940,313.13748598911303
8941,221.54754344707428
8942,113.97947246590988
8943,58.08861080745721
8944,23.18524213505627
8945,10.501208087880663
8946,8.160246416257138
8947,7.541379322966956
8948,41.49360031193047
8949,182.45555316302188
8950,477.82344607340497
8951,691.9293960080315
8952,332.5496267626443
8953,199.52912616374766
8954,223.0244867030558
8955,285.6618880378236
8956,270.3555617655745
8957,247.31797501278487
8958,276.0056983215458
8959,440.5092251726428
8960,851.4037117305481
8961,842.6457950743225
8962,630.0111630190459
8963,476.98441717401164
8964,337.9799943497736
8965,262.25631567604285
8966,159.74659473473145
8967,58.08195998670731
8968,23.689960816136455
8969,12.048172844640925
8970,8.895687292754316
8971,8.228923486312606
8972,39.92934576880438
8973,176.5681979451369
8974,499.7179034481055
8975,689.963233165389
8976,317.2875397918689
8977,203.12191881121043
8978,248.45544028192694
8979,284.3204974884151
8980,275.3456179008161
8981,246.11140096473045
8982,278.70591303915154
8983,439.0949198522079
8984,848.2450721035888
8985,833.6491108785333
8986,616.9169389722249
8987,450.5862877418148
8988,327.4686390264391
8989,265.60777350231507
8990,180.00667159074598
8991,73.87761608025632
8992,30.462008276640603
8993,17.074649969240134
8994,9.276281812291153
8995,6.9902147488476025
8996,32.57276509241351
8997,130.92790567221456
8998,395.51592626739927
8999,639.5963294193656
9000,332.37374572714936
9001,210.64465129976392
9002,244.98635726106536
9003,308.1678030912462
9004,305.6280596159462
9005,301.5405412941671
9006,335.707175915783
9007,412.72293155145434
9008,717.4262128743381
9009,664.1301603304911
9010,445.33367210450695
9011,288.1917242160988
9012,209.67082025947101
9013,116.3345552111988
9014,100.78611537643411
9015,130.10680948831086
9016,82.48730409876705
9017,64.86419009806633
9018,30.294244007953324
9019,14.20289643279599
9020,16.75522041198445
9021,29.184579316193997
9022,65.38944064565226
9023,182.89830271918981
9024,293.5878418404254
9025,400.98477376317425
9026,523.9440074433498
9027,581.697744641312
9028,602.9342544418579
9029,585.8034805680142
9030,596.8820552711662
9031,586.8209837148893
9032,563.9812923113502
9033,502.76604379827705
9034,397.8875439531117
9035,317.5237990858464
9036,276.9227686789689
9037,250.57902826154998
9038,194.8899112478812
9039,152.06441959508211
9040,109.14449635573907
9041,75.47278088654511
9042,34.39951326059741
9043,11.80334265326516
9044,13.655855526194678
9045,20.98176240215286
9046,47.04748549819777
9047,137.7945147037342
9048,251.58868254982195
9049,340.49824430083703
9050,294.58963962011086
9051,439.02308693426033
9052,332.5509539956606
9053,442.927340382668
9054,500.94609034058686
9055,480.8762242478193
9056,346.67525466777863
9057,303.59748144510024
9058,339.9581894640001
9059,231.1961030637364
9060,157.94746012243732
9061,139.37035616864475
9062,89.084515503907
9063,
9064,
9065,
9066,
9067,
9068,
9069,
9070,
9071,
9072,
9073,
9074,
9075,
9076,
9077,
9078,
9079,
9080,
9081,
9082,
9083,
9084,
9085,
9086,
9087,
9088,
9089,
9090,
9091,
9092,
9093,
9094,
9095,
9096,
9097,
9098,
9099,
9100,
9101,
9102,
9103,
9104,
9105,
9106,
9107,
9108,
9109,
9110,
9111,
9112,
9113,
9114,
9115,
9116,
9117,
9118,
9119,
9120,
9121,
9122,
9123,
9124,
9125,
9126,
9127,
9128,
9129,
9130,
9131,
9132,
9133,
9134,
9135,
9136,
9137,
9138,
9139,
9140,
9141,
9142,
9143,
9144,
9145,
9146,
9147,
9148,
9149,
9150,
9151,
9152,
9153,
9154,
9155,
9156,
9157,
9158,
9159,
9160,
9161,
9162,
9163,
9164,
9165,
9166,
9167,
9168,
9169,
9170,
9171,
9172,
9173,
9174,
9175,
9176,
9177,
9178,
9179,
9180,
9181,
9182,
9183,
9184,
9185,
9186,
9187,
9188,
9189,
9190,
9191,
9192,
9193,
9194,
9195,
9196,
9197,
9198,
9199,
9200,
9201,
9202,
9203,
9204,
9205,
9206,
9207,
9208,
9209,
9210,
9211,
9212,
9213,
9214,
9215,
9216,
9217,
9218,
9219,
9220,
9221,
9222,
9223,
9224,
9225,
9226,
9227,
9228,
9229,
9230,
9231,
9232,
9233,
9234,
9235,
9236,
9237,
9238,
9239,
9240,
9241,
9242,
9243,
9244,
9245,
9246,
9247,
9248,
9249,
9250,
9251,
9252,
9253,
9254,
9255,
9256,
9257,
9258,
9259,
9260,
9261,
9262,
9263,
9264,
9265,
9266,
9267,
9268,
9269,
9270,
9271,
9272,
9273,
9274,
9275,
9276,
9277,
9278,
9279,
9280,
9281,
9282,
9283,
9284,
9285,
9286,
9287,
9288,
9289,
9290,
9291,
9292,
9293,
9294,
9295,
9296,
9297,
9298,
9299,
9300,
9301,
9302,
9303,
9304,
9305,
9306,
9307,
9308,
9309,
9310,
9311,
9312,
9313,
9314,
9315,
9316,
9317,
9318,
9319,
9320,
9321,
9322,
9323,
9324,
9325,
9326,
9327,
9328,
9329,
9330,
9331,
9332,
9333,
9334,
9335,
9336,
9337,
9338,
9339,
9340,
9341,
9342,
9343,
9344,
9345,
9346,
9347,
9348,
9349,
9350,
9351,
9352,
9353,
9354,
9355,
9356,
9357,
9358,
9359,
9360,
9361,
9362,
9363,
9364,
9365,
9366,
9367,
9368,
9369,
9370,
9371,
9372,
9373,
9374,
9375,85.6740226303875
9376,36.52017660647907
9377,17.975288189834597
9378,11.582076872295733
9379,9.535140110709511
9380,43.0297639179107
9381,148.59781873210395
9382,399.44187238814914
9383,695.2147502039543
9384,368.52031073743217
9385,247.96384250774372
9386,283.6062989871233
9387,368.34201850911836
9388,372.46262405938285
9389,360.6837236500679
9390,392.2407504619783
9391,525.478803251547
9392,817.3355877174475
9393,766.3938198823981
9394,567.2706813261935
9395,430.079618068348
9396,316.4971263283747
9397,222.54899853014692
9398,196.6859909358336
9399,153.75726788825736
9400,117.95152896178195
9401,77.38566746764663
9402,37.94054855780916
9403,15.337430368132155
9404,24.173203582760134
9405,36.52320093263434
9406,86.8858225219833
9407,228.7662077969309
9408,350.1632936061882
9409,477.27678597409874
9410,615.4236351400693
9411,692.0953600508535
9412,685.8324676644537
9413,676.7001189094389
9414,652.6905695954391
9415,641.1377240083079
9416,619.1539209676249
9417,526.0715925854204
9418,456.0107558712861
9419,320.3660826275718
9420,255.17714367978954
9421,227.9224147247677
9422,177.92347969243866
9423,141.74506866031433
9424,115.8754696614305
9425,76.9360099272963
9426,35.24442489469718
9427,14.326329341839205
9428,21.767359581137363
9429,29.810760495313428
9430,65.58191125508819
9431,162.85023059939414
9432,285.4293314903219
9433,437.1960734671735
9434,567.2681157268959
9435,667.6048175038285
9436,656.9511515943047
9437,670.3631041851711
9438,665.6050965326929
9439,615.5792820480494
9440,614.7451080723823
9441,475.2271960973474
9442,417.63885578649337
9443,311.5929793627691
9444,230.4431761193465
9445,162.73513783220477
9446,102.57351691453948
9447,35.427871642381284
9448,16.917135375138226
9449,8.258342844554194
9450,6.516747353894161
9451,6.931893712667076
9452,42.295814179351794
9453,174.2707361706547
9454,505.9202063737811
9455,702.0770748276997
9456,323.0873261549316
9457,187.8832101269471
9458,216.9304026449025
9459,267.6073155895613
9460,276.3560121353224
9461,257.5022697431935
9462,289.9877684187363
9463,476.1646833547982
9464,880.0876564144329
9465,863.7077519224108
9466,580.6377383717106
9467,350.6868864725902
9468,162.23635859792398
9469,145.977176093185
9470,83.16856337067054
9471,24.221775331340194
9472,10.656711870012908
9473,6.824444555299437
9474,6.341966928908721
9475,4.487761639730972
9476,31.856111089900715
9477,154.12824362607768
9478,410.3988280378963
9479,648.2297966706769
9480,331.2192218892213
9481,145.78464221809537
9482,176.1564133794578
9483,137.51206998984696
9484,247.39835672000973
9485,101.95838233415765
9486,177.14381262065913
9487,268.64987655178794
9488,638.5193561659048
9489,707.0229499075813
9490,441.6717029464829
9491,250.5976417253979
9492,198.62021858229355
9493,121.87746119447017
9494,86.69100115295096
9495,46.218484009071794
9496,18.911311589699494
9497,11.613777925404444
9498,8.07041269347449
9499,8.251395078142519
9500,41.332637023412204
9501,200.99756928124404
9502,542.1470714719826
9503,748.1062759291104
9504,336.00602114477374
9505,210.129131427036
9506,253.82855163714427
9507,325.4530714419777
9508,307.67002850069093
9509,279.63714408727384
9510,330.72872633259834
9511,502.0665513472702
9512,906.0285623849178
9513,869.6494889807832
9514,618.7110219995897
9515,424.56670958313526
9516,273.9836469566636
9517,202.3604260639401
9518,125.65969267670093
9519,
9520,
9521,
9522,
9523,
9524,
9525,
9526,
9527,
9528,
9529,
9530,
9531,
9532,
9533,
9534,
9535,
9536,
9537,
9538,
9539,
9540,
9541,
9542,
9543,
9544,
9545,
9546,
9547,
9548,
9549,
9550,
9551,
9552,
9553,
9554,
9555,
9556,
9557,
9558,
9559,
9560,
9561,
9562,
9563,
9564,
9565,
9566,
9567,
9568,
9569,
9570,
9571,
9572,
9573,
9574,
9575,
9576,
9577,
9578,
9579,
9580,
9581,
9582,
9583,
9584,
9585,
9586,
9587,
9588,
9589,
9590,
9591,
9592,
9593,
9594,
9595,
9596,
9597,
9598,
9599,
9600,
9601,
9602,
9603,
9604,
9605,
9606,
9607,
9608,
9609,
9610,
9611,
9612,
9613,
9614,
9615,
9616,
9617,
9618,
9619,
9620,
9621,
9622,
9623,
9624,
9625,
9626,
9627,
9628,
9629,
9630,
9631,
9632,
9633,
9634,
9635,
9636,
9637,
9638,
9639,
9640,
9641,
9642,
9643,
9644,
9645,
9646,
9647,
9648,
9649,
9650,
9651,
9652,
9653,
9654,
9655,
9656,
9657,
9658,
9659,
9660,
9661,
9662,
9663,
9664,
9665,
9666,
9667,
9668,
9669,
9670,
9671,
9672,
9673,
9674,
9675,
9676,
9677,
9678,
9679,
9680,
9681,
9682,
9683,
9684,
9685,
9686,
9687,
9688,
9689,
9690,
9691,
9692,
9693,
9694,
9695,
9696,
9697,
9698,
9699,
9700,
9701,
9702,
9703,
9704,
9705,
9706,
9707,
9708,
9709,
9710,
9711,
9712,
9713,
9714,
9715,
9716,
9717,
9718,
9719,
9720,
9721,
9722,
9723,
9724,
9725,
9726,
9727,
9728,
9729,
9730,
9731,
9732,
9733,
9734,
9735,
9736,
9737,
9738,
9739,
9740,
9741,
9742,
9743,
9744,
9745,
9746,
9747,
9748,
9749,
9750,
9751,
9752,
9753,
9754,
9755,
9756,
9757,
9758,
9759,
9760,
9761,
9762,
9763,
9764,
9765,
9766,
9767,
9768,
9769,
9770,
9771,
9772,
9773,
9774,
9775,
9776,
9777,
9778,
9779,
9780,
9781,
9782,
9783,
9784,
9785,
9786,
9787,
9788,
9789,
9790,
9791,
9792,
9793,
9794,
9795,
9796,
9797,
9798,
9799,
9800,
9801,
9802,
9803,
9804,
9805,
9806,
9807,
9808,
9809,
9810,
9811,
9812,
9813,
9814,
9815,
9816,
9817,
9818,
9819,
9820,
9821,
9822,
9823,
9824,
9825,
9826,
9827,
9828,
9829,
9830,
9831,133.46664060129916
9832,110.6580429629277
9833,73.45402400598992
9834,31.474576340453247
9835,15.75241622821333
9836,13.528030822647183
9837,29.807736142974107
9838,83.62170742070107
9839,192.27813433037272
9840,237.6687520453928
9841,406.73792190020373
9842,538.2109010436585
9843,644.7119441925435
9844,651.5794627308712
9845,650.7994231014989
9846,656.3010000242961
9847,647.5395965279912
9848,572.3061854179148
9849,445.44253622904046
9850,346.72752658707907
9851,272.92165547238955
9852,193.78097123999797
9853,139.16276055009797
9854,86.25159345589734
9855,33.71430307116876
9856,17.06207751199433
9857,9.676686921332793
9858,7.1650437296785405
9859,9.483909570314571
9860,34.09543274991295
9861,167.63213938451094
9862,450.52260706843936
9863,745.8565821146967
9864,208.03887068321058
9865,186.44284475036625
9866,205.04279342338708
9867,189.77417963970578
9868,186.88714498083237
9869,208.91324204370156
9870,253.57823843200148
9871,471.8618711995133
9872,863.6729418043595
9873,635.0229377638046
9874,422.4896395884751
9875,343.3489774272839
9876,248.64340216061254
9877,160.52616648974157
9878,89.07276578064709
9879,42.9538928210301
9880,16.639129250102986
9881,8.625884288921021
9882,7.310757898224684
9883,8.48315483815986
9884,37.39697575964989
9885,173.98457309357957
9886,492.62750444925183
9887,758.4232451795195
9888,340.7832371963832
9889,203.4290340995247
9890,233.3730427732042
9891,286.82367036112663
9892,294.7660405401779
9893,286.2289421537574
9894,323.20839478350814
9895,489.1757490117918
9896,859.5001481680235
9897,771.2882747862349
9898,523.6420774086978
9899,384.7241084173437
9900,263.0818600266825
9901,160.30661668419305
9902,99.90253359484842
9903,53.42830167677596
9904,22.529904055700328
9905,8.557583727846044
9906,7.58399305918055
9907,8.299277756439606
9908,37.107621828099624
9909,169.68152682806468
9910,440.4853242056026
9911,728.0339470863473
9912,365.68862772851924
9913,175.98369281274077
9914,213.17817030720693
9915,296.105833078031
9916,289.90048489399993
9917,267.1145482244438
9918,312.1699219738019
9919,483.45021741516535
9920,854.739056719274
9921,777.5287020577317
9922,542.4840164561091
9923,397.3338483244903
9924,229.75539552233133
9925,174.16211162526648
9926,130.99447359809074
9927,51.229566755651604
9928,22.89169596047451
9929,8.906244886322126
9930,7.424596290629273
9931,8.21246038764933
9932,39.84657213440829
9933,158.22758299033342
9934,455.59829563585885
9935,753.7432859384069
9936,375.9477807774864
9937,200.08630003557366
9938,230.7274866730149
9939,307.3578818674932
9940,303.9496372327133
9941,274.61281849527006
9942,302.50789256298276
9943,502.459884738075
9944,870.51428907384
9945,806.2819657158817
9946,507.20474983653196
9947,339.2301003675904
9948,230.9952278379382
9949,165.7570654252361
9950,133.17542997533488
9951,79.05902825924784
9952,32.59655138992069
9953,14.384015490430077
9954,10.65471793781872
9955,9.638142939064913
9956,32.185545957257155
9957,72.6414608301208
9958,161.427945948151
9959,631.2270364980226
9960,324.98740296523727
9961,162.47179913551747
9962,232.60201993093622
9963,377.31415373650884
9964,351.7111125666362
9965,361.4007885398357
9966,401.8779383821928
9967,435.04225618558075
9968,757.339594475705
9969,606.6674394003137
9970,444.48437239955814
9971,331.5429863930541
9972,249.56039218024563
9973,205.30363320462408
9974,182.9516583342766
9975,
9976,
9977,
9978,
9979,
9980,
9981,
9982,
9983,
9984,
9985,
9986,
9987,
9988,
9989,
9990,
9991,
9992,
9993,
9994,
9995,
9996,
9997,
9998,
9999,
10000,
10001,
10002,
10003,
10004,
10005,
10006,
10007,
10008,
10009,
10010,
10011,
10012,
10013,
10014,
10015,
10016,
10017,
10018,
10019,
10020,
10021,
10022,
10023,
10024,
10025,
10026,
10027,
10028,
10029,
10030,
10031,
10032,
10033,
10034,
10035,
10036,
10037,
10038,
10039,
10040,
10041,
10042,
10043,
10044,
10045,
10046,
10047,
10048,
10049,
10050,
10051,
10052,
10053,
10054,
10055,
10056,
10057,
10058,
10059,
10060,
10061,
10062,
10063,
10064,
10065,
10066,
10067,
10068,
10069,
10070,
10071,
10072,
10073,
10074,
10075,
10076,
10077,
10078,
10079,
10080,
10081,
10082,
10083,
10084,
10085,
10086,
10087,
10088,
10089,
10090,
10091,
10092,
10093,
10094,
10095,
10096,
10097,
10098,
10099,
10100,
10101,
10102,
10103,
10104,
10105,
10106,
10107,
10108,
10109,
10110,
10111,
10112,
10113,
10114,
10115,
10116,
10117,
10118,
10119,
10120,
10121,
10122,
10123,
10124,
10125,
10126,
10127,
10128,
10129,
10130,
10131,
10132,
10133,
10134,
10135,
10136,
10137,
10138,
10139,
10140,
10141,
10142,
10143,
10144,
10145,
10146,
10147,
10148,
10149,
10150,
10151,
10152,
10153,
10154,
10155,
10156,
10157,
10158,
10159,
10160,
10161,
10162,
10163,
10164,
10165,
10166,
10167,
10168,
10169,
10170,
10171,
10172,
10173,
10174,
10175,
10176,
10177,
10178,
10179,
10180,
10181,
10182,
10183,
10184,
10185,
10186,
10187,
10188,
10189,
10190,
10191,
10192,
10193,
10194,
10195,
10196,
10197,
10198,
10199,
10200,
10201,
10202,
10203,
10204,
10205,
10206,
10207,
10208,
10209,
10210,
10211,
10212,
10213,
10214,
10215,
10216,
10217,
10218,
10219,
10220,
10221,
10222,
10223,
10224,
10225,
10226,
10227,
10228,
10229,
10230,
10231,
10232,
10233,
10234,
10235,
10236,
10237,
10238,
10239,
10240,
10241,
10242,
10243,
10244,
10245,
10246,
10247,
10248,
10249,
10250,
10251,
10252,
10253,
10254,
10255,
10256,
10257,
10258,
10259,
10260,
10261,
10262,
10263,
10264,
10265,
10266,
10267,
10268,
10269,
10270,
10271,
10272,
10273,
10274,
10275,
10276,
10277,
10278,
10279,
10280,
10281,
10282,
10283,
10284,
10285,
10286,41.99973875490302
10287,15.66776085372905
10288,8.811178057251274
10289,4.886179152619912
10290,5.424685867364706
10291,27.366950871600114
10292,124.09558398572696
10293,370.109290892823
10294,657.644735342373
10295,295.2915014978381
10296,146.21931152783569
10297,164.77767691585788
10298,237.3479011168642
10299,219.00369132422165
10300,209.64396524370517
10301,221.94760950476308
10302,351.35883678267555
10303,576.9976090597557
10304,534.5290158710955
10305,378.6582793124831
10306,263.3906239649832
10307,204.73865393964485
10308,147.0704142101452
10309,92.59508706052154
10310,42.100700057737946
10311,18.53867928985863
10312,9.045263871505604
10313,6.565735647245546
10314,6.516603082839337
10315,26.8320033258882
10316,116.3973427194289
10317,358.7481791876551
10318,617.7999161071922
10319,316.1226324687355
10320,162.69387124775105
10321,189.1948904796237
10322,239.52913250370955
10323,243.88948271868836
10324,215.38217463179595
10325,240.98945026632953
10326,323.02972301855664
10327,603.2362609582897
10328,560.3696540258161
10329,392.2101577164959
10330,285.39830656143
10331,189.3478473508736
10332,145.42019962863
10333,110.65597119560782
10334,66.98476035562591
10335,25.012588306277554
10336,11.142734774223586
10337,6.478221852493442
10338,6.008841302236626
10339,25.65166193736545
10340,114.04497742782698
10341,327.13632097538766
10342,618.8912086277127
10343,347.2879547107545
10344,190.28085328737586
10345,229.56353848893505
10346,284.7402316929524
10347,306.23725821661907
10348,305.426162246369
10349,334.36519642784015
10350,408.71061710710865
10351,600.0282075194741
10352,515.1074806350701
10353,371.9341385271647
10354,241.81496652951685
10355,188.54903492777512
10356,140.63670350030668
10357,115.3902532470534
10358,106.06741706688489
10359,82.62477326306245
10360,50.823642298018534
10361,17.389738895378468
10362,7.139703242615769
10363,8.023688741556635
10364,17.30045294437402
10365,57.09146375996283
10366,138.8262202947816
10367,246.27548830795132
10368,334.17188194654943
10369,444.09158902959183
10370,523.322192092964
10371,533.3738553104336
10372,526.1245941580937
10373,514.3067607841367
10374,475.9453502713345
10375,415.23105308957804
10376,330.7575942446438
10377,264.3627880317202
10378,212.09247577863118
10379,165.24836163070543
10380,147.81193891926887
10381,116.19487350397702
10382,102.23290526687737
10383,90.42564814295659
10384,64.18050052157007
10385,26.873998136274277
10386,8.52533701047953
10387,11.975209918248591
10388,21.69377906541787
10389,57.01395781120201
10390,118.3364091122763
10391,202.2465637340439
10392,285.29287076680015
10393,376.7931788724949
10394,423.34836113873445
10395,410.8004081248528
10396,410.37555480109086
10397,440.4417547493671
10398,368.42350679401744
10399,334.2274880546939
10400,279.4905414633319
10401,215.315387287012
10402,161.72067195542292
10403,122.84147415504626
10404,89.84058242803297
10405,70.43383638765029
10406,23.07259499658331
10407,8.916204094182165
10408,5.500666249378074
10409,4.464504145666172
10410,6.867779760830032
10411,28.94863107603441
10412,129.66907451301208
10413,362.0072375513941
10414,639.4366052009427
10415,306.3171529036917
10416,155.9102195017635
10417,175.23328780829854
10418,219.38166387210916
10419,230.56376733261956
10420,213.67106331979653
10421,243.46670954795164
10422,372.22285152732553
10423,655.0520851274863
10424,574.5774493656113
10425,422.4077712666588
10426,283.6942061861321
10427,201.81879935465344
10428,134.94087310371086
10429,81.46435316357942
10430,
10431,
10432,
10433,
10434,
10435,
10436,
10437,
10438,
10439,
10440,
10441,
10442,
10443,
10444,
10445,
10446,
10447,
10448,
10449,
10450,
10451,
10452,
10453,
10454,
10455,
10456,
10457,
10458,
10459,
10460,
10461,
10462,
10463,
10464,
10465,
10466,
10467,
10468,
10469,
10470,
10471,
10472,
10473,
10474,
10475,
10476,
10477,
10478,
10479,
10480,
10481,
10482,
10483,
10484,
10485,
10486,
10487,
10488,
10489,
10490,
10491,
10492,
10493,
10494,
10495,
10496,
10497,
10498,
10499,
10500,
10501,
10502,
10503,
10504,
10505,
10506,
10507,
10508,
10509,
10510,
10511,
10512,
10513,
10514,
10515,
10516,
10517,
10518,
10519,
10520,
10521,
10522,
10523,
10524,
10525,
10526,
10527,
10528,
10529,
10530,
10531,
10532,
10533,
10534,
10535,
10536,
10537,
10538,
10539,
10540,
10541,
10542,
10543,
10544,
10545,
10546,
10547,
10548,
10549,
10550,
10551,
10552,
10553,
10554,
10555,
10556,
10557,
10558,
10559,
10560,
10561,
10562,
10563,
10564,
10565,
10566,
10567,
10568,
10569,
10570,
10571,
10572,
10573,
10574,
10575,
10576,
10577,
10578,
10579,
10580,
10581,
10582,
10583,
10584,
10585,
10586,
10587,
10588,
10589,
10590,
10591,
10592,
10593,
10594,
10595,
10596,
10597,
10598,
10599,
10600,
10601,
10602,
10603,
10604,
10605,
10606,
10607,
10608,
10609,
10610,
10611,
10612,
10613,
10614,
10615,
10616,
10617,
10618,
10619,
10620,
10621,
10622,
10623,
10624,
10625,
10626,
10627,
10628,
10629,
10630,
10631,
10632,
10633,
10634,
10635,
10636,
10637,
10638,
10639,
10640,
10641,
10642,
10643,
10644,
10645,
10646,
10647,
10648,
10649,
10650,
10651,
10652,
10653,
10654,
10655,
10656,
10657,
10658,
10659,
10660,
10661,
10662,
10663,
10664,
10665,
10666,
10667,
10668,
10669,
10670,
10671,
10672,
10673,
10674,
10675,
10676,
10677,
10678,
10679,
10680,
10681,
10682,
10683,
10684,
10685,
10686,
10687,
10688,
10689,
10690,
10691,
10692,
10693,
10694,
10695,
10696,
10697,
10698,
10699,
10700,
10701,
10702,
10703,
10704,
10705,
10706,
10707,
10708,
10709,
10710,
10711,
10712,
10713,
10714,
10715,
10716,
10717,
10718,
10719,
10720,
10721,
10722,
10723,
10724,
10725,
10726,
10727,
10728,
10729,
10730,
10731,
10732,
10733,
10734,
10735,
10736,
10737,
10738,
10739,
10740,
10741,
10742,52.49762912716429
10743,21.23153463438011
10744,9.692129972113536
10745,5.838888134918732
10746,5.3137927611957565
10747,26.72498531537574
10748,104.68863542782103
10749,329.3564750881689
10750,622.3056066815615
10751,314.88893780030844
10752,158.93077053333985
10753,206.00436585393388
10754,285.78369231461494
10755,286.7374331004631
10756,290.9657461705756
10757,330.1278634068684
10758,402.66244212253577
10759,590.2969627707704
10760,520.1496343503289
10761,382.2798525076212
10762,249.24290084850628
10763,177.7371079827425
10764,137.77386041106718
10765,118.38572544444102
10766,114.58071197747788
10767,82.50363765044003
10768,52.32838857555396
10769,19.59375389556924
10770,8.997519775297256
10771,6.977951105320203
10772,14.543109286775762
10773,43.05259814242667
10774,115.39348190795758
10775,217.83033140980112
10776,315.31732317532226
10777,424.1934814306377
10778,522.4368999619476
10779,507.0714696347268
10780,513.5590499878739
10781,535.2374874562466
10782,489.9930273758683
10783,426.62070351586993
10784,351.21270985793655
10785,269.46014032803583
10786,213.49272146064558
10787,193.0540411255459
10788,162.8056088101022
10789,129.421572108533
10790,108.65103220297408
10791,78.34737124373042
10792,66.5493125928797
10793,28.184545236345148
10794,12.364648580001203
10795,10.954135976864848
10796,20.077533142887326
10797,51.70124213388033
10798,113.88835271943806
10799,175.62458651095696
10800,243.1529932250515
10801,309.4064266657396
10802,357.3206791279106
10803,380.87409588749296
10804,376.8133208905678
10805,364.62963620449295
10806,329.39756752739515
10807,268.35756429231367
10808,180.1345652490731
10809,174.3979077629376
10810,132.50051617097284
10811,115.34731995776139
10812,90.24539525535444
10813,71.47833346012966
10814,25.07031620539892
10815,9.710375935960412
10816,4.76704770351845
10817,5.5053985335200055
10818,4.742869943492391
10819,34.69856040523895
10820,135.05070512516278
10821,378.6556704038043
10822,641.486087590847
10823,314.2887449372991
10824,153.5165206214387
10825,191.45569688235506
10826,216.76147597529868
10827,236.89402376401165
10828,212.15319564926358
10829,237.7569875148089
10830,266.7904511747827
10831,538.0625474453673
10832,538.6634501186232
10833,423.65728542977973
10834,249.76392434808105
10835,211.5754542117356
10836,145.43371085983918
10837,74.70180965565757
10838,30.334637998644958
10839,11.931646028332107
10840,5.730635889911178
10841,5.833914670316927
10842,8.838256786016432
10843,37.77036619719905
10844,146.38142257627348
10845,416.3506339892676
10846,675.1534554012453
10847,331.9789776631374
10848,162.1879399878179
10849,217.4581998791159
10850,222.21606108635189
10851,260.37256146513874
10852,231.73054448246322
10853,269.61794260130665
10854,375.5111243106356
10855,613.9179383830926
10856,566.9183334565704
10857,409.328089151924
10858,278.86968857800866
10859,212.55309377669548
10860,145.64729859540614
10861,90.56709010571605
10862,41.87420041030798
10863,18.43500475647894
10864,8.38094348282867
10865,5.830981756602757
10866,5.921260327844819
10867,31.258536578543726
10868,124.5790921439562
10869,390.13716675621015
10870,646.2186983686064
10871,303.01548516926607
10872,161.7384815642745
10873,200.76539223369167
10874,240.58099758954808
10875,251.851032831106
10876,229.45707382395247
10877,251.84775275364845
10878,375.32248976595815
10879,601.417323562762
10880,547.3124338111165
10881,414.69903541952004
10882,295.69787878093206
10883,215.4971867583514
10884,162.6029459975335
10885,97.7719909765999
